time,seconds_elapsed,bearingAccuracy,speedAccuracy,verticalAccuracy,horizontalAccuracy,speed,bearing,altitude,longitude,latitude
1765982827897000000,0.292,45,1.5,0.6554051637649536,14.958000183105469,0,0,837.7999877929688,77.5521565,12.9965149
1765982834140000000,6.535,0,1.5,0.6745159029960632,13.822999954223633,0.09406300634145737,0,837.7999877929688,77.5521539,12.9965227
1765982843652000000,16.047,45,1.5,0.6710800528526306,12.97599983215332,0.15792569518089294,114.40052795410156,837.7999877929688,77.5521669,12.9965168
1765982853080000000,25.475,0,1.5,0.6701381802558899,14.036999702453613,0.05212260037660599,0,837.7999877929688,77.5521622,12.9965159
1765982864075293000,36.47029296875,0,0.12616954743862152,0.7104396224021912,23.301000595092773,0.0964440256357193,0,837.7999877929688,77.5521688,12.996526
1765982870418000000,42.81299975585937,0,1.5,0.6671854853630066,13.347000122070312,0.09612561762332916,0,837.7999877929688,77.5521582,12.9965164
1765982880046000000,52.441000244140625,0,1.5,0.6629945039749146,14.585000038146973,0.023518195375800133,0,837.7999877929688,77.5521579,12.9965143
1765982889559000000,61.954,45,1.5,0.6608518362045288,13.609999656677246,0.20179754495620728,37.186500549316406,837.7999877929688,77.5521688,12.9965283
1765982899111000000,71.506,0,1.5,0.6578046679496765,14.02400016784668,0.09658308327198029,0,837.7999877929688,77.5521609,12.9965243
1765982910486185000,82.88118505859374,180,0.17491629719734192,0.7020103931427002,25.084999084472656,0.17944960296154022,89.97175598144531,837.7999877929688,77.5521656,12.996543
1765982913059910100,85.45491015625,0,0.09529808908700943,0.6549711227416992,25.266000747680664,0.08582101762294769,0,837.7999877929688,77.5521626,12.9965398
1765982918004000000,90.399,0,1.5,0.6517841219902039,13.956999778747559,0.08578185737133026,0,837.7999877929688,77.5521663,12.9965225
1765982927478000000,99.87300024414063,45,1.5,0.649244487285614,14.194999694824219,0.28030139207839966,238.2259979248047,837.7999877929688,77.5521452,12.9965098
1765982936870000000,109.26500024414062,45,1.5,0.6472633481025696,13.20300006866455,0.16228248178958893,48.13216018676758,837.7999877929688,77.5521561,12.9965193
1765982941939595500,114.33459545898438,180,1.5,0.650492250919342,49.577999114990234,0.13280384242534637,353.66534423828125,837.7999877929688,77.5521552,12.9965253
1765982942156422400,114.55142236328125,180,0.34934884309768677,0.650492250919342,49.54600143432617,0.373402863740921,89.90695190429688,837.7999877929688,77.5521565,12.9965253
1765982942888891100,115.28389111328126,180,0.3616969883441925,0.6569884419441223,49.54499816894531,0.3783327639102936,89.9967269897461,837.7999877929688,77.5521577,12.9965257
1765982943940088800,116.3350888671875,180,0.2112598568201065,0.6634927988052368,47.42499923706055,0.18746942281723022,90.0000991821289,837.7999877929688,77.5521555,12.9965255
1765982948760276000,121.15527587890625,97.44735717773438,0.13230390846729279,0.694688081741333,40.108001708984375,0.1107134073972702,8.948740005493164,837.7999877929688,77.5521492,12.9965174
1765982949575285200,121.97028515625,0,0.12732377648353577,0.694688081741333,38.94599914550781,0.09690164029598236,0,837.7999877929688,77.55214,12.9965155
1765982949939367700,122.33436767578125,90.1771469116211,0.15564726293087006,0.7024922966957092,33.34400177001953,0.1436317265033722,42.666385650634766,837.7999877929688,77.5521421,12.9965125
1765982950838255600,123.23325561523437,84.29721069335938,0.15596391260623932,0.7089893221855164,30.50200080871582,0.13455206155776978,39.35948944091797,837.7999877929688,77.5521428,12.9965119
1765982951516325000,123.9113251953125,69.59966278076172,0.16534948348999023,0.6475985050201416,26.433000564575195,0.15396802127361298,57.162315368652344,837.7999877929688,77.55215,12.9965096
1765982951860317000,124.25531689453125,69.19664764404297,0.18698059022426605,0.6508481502532959,23.72100067138672,0.17922696471214294,52.47003936767578,837.7999877929688,77.5521516,12.9965092
1765982952217111300,124.612111328125,70.3995361328125,0.17312799394130707,0.6508481502532959,21.784000396728516,0.16755461692810059,46.55636978149414,837.7999877929688,77.5521518,12.9965088
1765982952882378200,125.27737817382813,69.76947021484375,0.1869509518146515,0.6573488116264343,20.33300018310547,0.1838373839855194,35.475791931152344,837.7999877929688,77.5521523,12.9965088
1765982952980003600,125.37500366210938,69.76947021484375,0.1869509518146515,0.6573488116264343,19.20599937438965,0.18385517597198486,35.46562194824219,837.7999877929688,77.5521522,12.9965087
1765982953904440000,126.29944018554687,68.45415496826172,0.20289376378059387,0.6638573408126831,16.013999938964844,0.20772483944892883,49.3145751953125,837.7999877929688,77.5521527,12.9965094
1765982954058806800,126.45380688476563,64.11998748779297,0.15498773753643036,0.6638573408126831,15.461000442504883,0.13001589477062225,48.15175247192383,837.7999877929688,77.5521527,12.9965089
1765982954926502000,127.321501953125,63.977664947509766,0.17600318789482117,0.6703483462333679,11.586999893188477,0.1566031575202942,37.663692474365234,837.7999877929688,77.5521532,12.996509
1765982955762209800,128.15720971679687,63.143001556396484,0.1532021164894104,0.6703483462333679,11.475000381469727,0.13208241760730743,45.87385559082031,837.7999877929688,77.5521532,12.9965086
1765982955835001300,128.23000146484375,62.637210845947266,0.1532021164894104,0.676847517490387,11.383999824523926,0.13207072019577026,49.33796310424805,837.7999877929688,77.5521532,12.9965082
1765982956737764000,129.13276416015626,61.609092712402344,0.16344469785690308,0.676847517490387,10.340999603271484,0.14894458651542664,82.68736267089844,837.7999877929688,77.5521536,12.9965081
1765982956857063200,129.25206323242188,72.77783203125,0.16344469785690308,0.6833546757698059,10.357999801635742,0.1489354819059372,62.9964485168457,837.7999877929688,77.5521537,12.9965079
1765982957201552100,129.59655224609375,0,0.12041795998811722,0.6833546757698059,10.354999542236328,0.07507533580064774,0,837.7999877929688,77.552153,12.9965071
1765982957722155300,130.1171552734375,69.56845092773438,0.13333868980407715,0.6833546757698059,10.37399959564209,0.10542919486761093,41.572086334228516,837.7999877929688,77.5521526,12.9965066
1765982957879124700,130.27412475585936,70.30170440673828,0.15258434414863586,0.6898481845855713,10.390999794006348,0.13665032386779785,36.85176086425781,837.7999877929688,77.5521524,12.9965064
1765982958939767600,131.334767578125,69.20063781738281,0.14475873112678528,0.6963521838188171,10.362000465393066,0.10492820292711258,14.32223892211914,837.7999877929688,77.5521529,12.9965072
1765982959255792400,131.65079248046874,0,0.13264474272727966,0.6963521838188171,10.310999870300293,0.09118547290563583,0,837.7999877929688,77.5521535,12.9965074
1765982959939670500,132.33467041015626,64.18067169189453,0.15036650002002716,0.7028585076332092,10.276000022888184,0.1212579682469368,357.1782531738281,837.7999877929688,77.5521537,12.996508
1765982960377497300,132.77249731445312,58.29035949707031,0.14248104393482208,0.6421095728874207,10.244000434875488,0.10248453170061111,354.01422119140625,837.7999877929688,77.5521528,12.9965093
1765982960831746800,133.22674682617188,61.66908645629883,0.16363200545310974,0.6453574895858765,10.197999954223633,0.13780897855758667,353.5673522949219,837.7999877929688,77.552153,12.99651
1765982961853809000,134.24880883789064,54.502227783203125,0.17626745998859406,0.6518579125404358,10.12399959564209,0.14633981883525848,342.413330078125,837.7999877929688,77.5521524,12.996511
1765982962875871200,135.2708713378906,0,0.12986871600151062,0.6583688855171204,9.982000350952148,0.09934558719396591,0,837.7999877929688,77.5521528,12.9965112
1765982963897933600,136.29293359375,0,0.10677245259284973,0.6648551821708679,9.944999694824219,0.07693185657262802,0,837.7999877929688,77.5521517,12.9965106
1765982964919995600,137.31499560546874,46.08256912231445,0.14158253371715546,0.6713570952415466,10.017000198364258,0.1065611019730568,336.7052001953125,837.7999877929688,77.5521512,12.99651
1765982965828495400,138.22349536132813,52.278228759765625,0.130288764834404,0.6778557896614075,10.163000106811523,0.10722799599170685,335.12884521484375,837.7999877929688,77.5521496,12.9965084
1765982966850557400,139.24555737304686,0,0.10116391628980637,0.6843562126159668,10.305999755859375,0.0699584037065506,0,837.7999877929688,77.5521478,12.9965099
1765982967872619500,140.26761962890626,0,0.09641049802303314,0.6908570528030396,10.366000175476074,0.06518453359603882,0,837.7999877929688,77.5521482,12.9965093
1765982968894681900,141.28968188476563,0,0.12486870586872101,0.6973598599433899,10.677000045776367,0.09793387353420258,0,837.7999877929688,77.5521493,12.9965096
1765982969916744700,142.31174462890624,48.50202178955078,0.12735064327716827,0.7038748860359192,10.77400016784668,0.10514411330223083,5.001533508300781,837.7999877929688,77.5521489,12.9965095
1765982970825245400,143.22024536132812,0,0.10474618524312973,0.6459357142448425,10.539999961853027,0.07520653307437897,0,837.7999877929688,77.5521527,12.996517
1765982971847309600,144.2423095703125,0,0.10894068330526352,0.6524378657341003,10.258999824523926,0.08731581270694733,0,837.7999877929688,77.5521534,12.9965193
1765982972869374700,145.26437475585936,48.22677993774414,0.12507957220077515,0.6589376926422119,10,0.10964234918355942,358.08673095703125,837.7999877929688,77.5521532,12.9965199
1765982973891440400,146.2864404296875,47.04254150390625,0.13941733539104462,0.6654388308525085,9.920999526977539,0.11957807838916779,344.1138000488281,837.7999877929688,77.5521538,12.9965205
1765982974913506600,147.30850659179688,46.91851043701172,0.13303160667419434,0.6719407439231873,9.70300006866455,0.12187273055315018,328.2257080078125,837.7999877929688,77.5521532,12.9965202
1765982975822010400,148.21701025390624,0,0.11062315851449966,0.6784386038780212,9.446000099182129,0.0784381851553917,0,837.7999877929688,77.552154,12.9965203
1765982976844077600,149.23907763671875,47.78242874145508,0.11689814180135727,0.6849396228790283,9.565999984741211,0.10402128845453262,335.4952392578125,837.7999877929688,77.5521543,12.9965206
1765982977939588900,150.3345888671875,45,5.440903663635254,0.6914402842521667,96.53700256347656,0.10401945561170578,335.4944763183594,837.7999877929688,77.5521539,12.9965214
1765982978939412200,151.334412109375,0,5.728729724884033,0.7033556699752808,104.23500061035156,0.09757167100906372,0,837.7999877929688,77.5521534,12.996522
1765982979939812400,152.33481225585936,45,1.5,0.6398396492004395,14.074999809265137,0.3056115508079529,183.33770751953125,837.7999877929688,77.5521537,12.9965133
1765982980940104200,153.3351042480469,45,1.5,0.6463415026664734,14.072999954223633,0.26710301637649536,181.21542358398438,837.7999877929688,77.5521537,12.9965113
1765982981939917600,154.33491748046876,45,1.5,0.652837336063385,14.072999954223633,0.15378277003765106,180.21719360351562,837.7999877929688,77.5521538,12.9965109
1765982982939756800,155.3347568359375,0,1.5,0.6620455980300903,14.072999954223633,0.06918653100728989,0,837.7999877929688,77.5521538,12.9965111
1765982983884999000,156.2799990234375,0,0.104017473757267,0.6685528755187988,15.565999984741211,0.07845506072044373,0,837.7999877929688,77.5521537,12.9965106
1765982984220621000,156.61562109375,180,0.6922876238822937,0.6685528755187988,17.34600067138672,0.7682279944419861,90.00019836425781,837.7999877929688,77.5521538,12.9965112
1765982984979950600,157.37495068359374,113.53253173828125,0.3233221173286438,0.6685528755187988,18.922000885009766,0.5440915822982788,286.5684814453125,837.7999877929688,77.5521562,12.9965109
1765982985640699100,158.03569921875,112.03914642333984,0.3397250771522522,0.6789555549621582,19.628000259399414,0.5539360642433167,280.795654296875,837.7999877929688,77.552152,12.9965113
1765982985940007700,158.33500756835937,110.8307876586914,0.33942586183547974,0.681542158126831,20.121000289916992,0.5525563955307007,272.4303283691406,837.7999877929688,77.5521503,12.9965111
1765982986416030500,158.81103051757813,108.30725860595703,0.28341200947761536,0.681542158126831,21.2810001373291,0.4952486455440521,240.2711639404297,837.7999877929688,77.5521476,12.9965103
1765982987380259600,159.77525952148437,105.89641571044922,0.31174802780151367,0.6906421780586243,22.524999618530273,0.517103374004364,165.8615264892578,837.7999877929688,77.5521448,12.9965078
1765982988137211400,160.53221142578124,106.08960723876953,0.2534750998020172,0.6906421780586243,23.69099998474121,0.4874413013458252,90.80911254882812,837.7999877929688,77.552147,12.9965047
1765982988876001000,161.2710009765625,106.39069366455078,0.28185412287712097,0.7003928422927856,23.62700080871582,0.4912208914756775,45.14151382446289,837.7999877929688,77.5521502,12.9965049
1765982988881787100,161.276787109375,106.39069366455078,0.28185412287712097,0.6362671256065369,23.576000213623047,0.49281254410743713,38.578556060791016,837.7999877929688,77.5521499,12.9965055
1765982990939452200,163.3344521484375,86.14447021484375,0.22263096272945404,0.6492656469345093,22.729999542236328,0.28779998421669006,339.1439208984375,837.7999877929688,77.5521529,12.9965067
1765982991834437600,164.22943774414063,88.78266906738281,0.2437063753604889,0.6584804654121399,21.684999465942383,0.2700153887271881,343.1290588378906,837.7999877929688,77.5521505,12.9965052
1765982992856510700,165.2515107421875,90.03250122070312,0.1703445315361023,0.6649802327156067,20.766000747680664,0.15646450221538544,354.85833740234375,837.7999877929688,77.5521495,12.9965065
1765982993878584600,166.27358447265624,0,0.11824977397918701,0.6714779734611511,19.333999633789062,0.08472473919391632,0,837.7999877929688,77.5521485,12.9965085
1765982994900659700,167.29565966796875,0,0.09608066827058792,0.6779755353927612,19.343000411987305,0.06824389845132828,0,837.7999877929688,77.5521465,12.9965083
1765982995922735600,168.3177355957031,90.28783416748047,0.1209908276796341,0.6844954490661621,19.5,0.10004425048828125,354.04058837890625,837.7999877929688,77.5521438,12.9965066
1765982996831248400,169.22624829101562,95.31089782714844,0.11799270659685135,0.6909759640693665,19.538999557495117,0.10737282782793045,11.516998291015625,837.7999877929688,77.5521408,12.9965073
1765982997853326600,170.24832666015624,94.0929946899414,0.13177667558193207,0.6974769830703735,19.743999481201172,0.10993801802396774,18.334989547729492,837.7999877929688,77.552138,12.9965079
1765982998421148200,170.81614819335937,0,0.10098262131214142,0.6384183764457703,19.7450008392334,0.07445727288722992,0,837.7999877929688,77.5521357,12.9965099
1765982998875405800,171.27040576171876,0,0.10098262131214142,0.6416769027709961,19.79599952697754,0.07445726543664932,0,837.7999877929688,77.552136,12.9965105
1765982999897486000,172.2924860839844,0,0.08883952349424362,0.6481661796569824,19.65399932861328,0.06350476294755936,0,837.7999877929688,77.5521333,12.9965103
1765983000801219000,173.19621899414062,92.81092834472656,0.12271103262901306,0.6481661796569824,19.375,0.11039729416370392,66.48807525634766,837.7999877929688,77.5521331,12.9965111
1765983000919567400,173.3145673828125,92.64270782470703,0.12271103262901306,0.6546676754951477,19.174999237060547,0.11041927337646484,68.18413543701172,837.7999877929688,77.552133,12.9965113
1765983001828084700,174.22308471679688,95.96908569335938,0.13277027010917664,0.6611775755882263,18.905000686645508,0.10715969651937485,44.829315185546875,837.7999877929688,77.5521366,12.9965119
1765983002850167000,175.2451669921875,0,0.10276802629232407,0.6676678657531738,18.59000015258789,0.07475930452346802,0,837.7999877929688,77.5521383,12.9965122
1765983003872249000,176.2672490234375,0,0.10247170925140381,0.6741669178009033,18.29400062561035,0.07444193214178085,0,837.7999877929688,77.5521403,12.9965114
1765983004894332000,177.28933178710938,107.05326843261719,0.13262206315994263,0.6806771755218506,18.097000122070312,0.1163540706038475,22.293004989624023,837.7999877929688,77.552141,12.9965117
1765983005916414700,178.3114147949219,102.60912322998047,0.13146965205669403,0.6871678233146667,18.114999771118164,0.11461738497018814,24.462947845458984,837.7999877929688,77.5521415,12.9965133
1765983006938497500,179.33349755859376,98.33116149902344,0.14120666682720184,0.6963757276535034,18.19700050354004,0.12383712828159332,24.66264533996582,837.7999877929688,77.5521413,12.9965151
1765983007847015700,180.242015625,0,0.11499505490064621,0.7028815150260925,18.309999465942383,0.08388911187648773,0,837.7999877929688,77.5521398,12.9965177
1765983007960580600,180.35558056640625,0,0.07055672258138657,0.6385921835899353,18.56100082397461,0.033793989568948746,0,837.7999877929688,77.5521356,12.9965227
1765983008939599000,181.33459912109376,0,1.5,0.6450845003128052,17.6200008392334,0.033809173852205276,0,837.7999877929688,77.5521566,12.9965198
1765983009939479300,182.33447924804688,45,1.5,0.6515857577323914,16.98200035095215,0.17771849036216736,98.24930572509766,837.7999877929688,77.5521589,12.9965193
1765983010939744500,183.33474462890624,45,1.5,0.6580958962440491,16.422000885009766,0.12079666554927826,97.48846435546875,837.7999877929688,77.5521596,12.9965193
1765983011939658500,184.33465844726564,0,1.5,0.6645853519439697,15.838000297546387,0.06769874691963196,0,837.7999877929688,77.5521598,12.9965193
1765983012939640800,185.33464086914063,0,1.5,0.6710854768753052,15.14900016784668,0.031294938176870346,0,837.7999877929688,77.5521597,12.9965194
1765983013939670800,186.3346708984375,45,4.0571088790893555,0.6775907278060913,15.612000465393066,0.2646913230419159,227.66842651367188,837.7999877929688,77.5521557,12.9965161
1765983014939188000,187.33418798828126,45,3.869406223297119,0.6840866208076477,16.047000885009766,0.29737597703933716,231.31675720214844,837.7999877929688,77.5521532,12.9965144
1765983015042755300,187.43775537109374,105.84962463378906,0.13724792003631592,0.6840866208076477,15.3100004196167,0.10992036014795303,60.181758880615234,837.7999877929688,77.5521569,12.9965187
1765983015910119000,188.30511889648437,107.51082611083984,0.1557249128818512,0.6905860900878906,14.552000045776367,0.1465398371219635,44.678279876708984,837.7999877929688,77.552158,12.99652
1765983016932202000,189.32720190429689,106.52064514160156,0.169916570186615,0.6970937252044678,13.86400032043457,0.15372978150844574,45.7082405090332,837.7999877929688,77.5521585,12.9965205
1765983017386461200,189.78146118164062,0,0.12806743383407593,0.6348984837532043,13.340999603271484,0.09257511049509048,0,837.7999877929688,77.5521576,12.99652
1765983017939523800,190.33452392578124,100.1075668334961,0.14994676411151886,0.6415048241615295,12.543999671936035,0.12094573676586151,39.43623352050781,837.7999877929688,77.552156,12.9965175
1765983018939416600,191.33441650390625,96.36238098144531,0.1324308216571808,0.6480045914649963,12.03600025177002,0.11101171374320984,35.6584358215332,837.7999877929688,77.5521549,12.9965174
1765983019939336200,192.33433618164062,96.56513214111328,0.12620492279529572,0.6545063257217407,8.875,0.10957786440849304,34.90375518798828,837.7999877929688,77.5521548,12.9965182
1765983020939197200,193.334197265625,0,0.08851989358663559,0.6610058546066284,8.505999565124512,0.06160539388656616,0,837.7999877929688,77.5521561,12.9965186
1765983021939925800,194.33492578125,0,0.11566191166639328,0.6675049662590027,7.77400016784668,0.0930822566151619,0,837.7999877929688,77.5521559,12.9965189
1765983022939897600,195.33489770507813,0,1.5,0.6740085482597351,8.545999526977539,0.09301207214593887,0,837.7999877929688,77.5521565,12.9965163
1765983023939760400,196.33476049804688,0,2.693959951400757,0.680505096912384,8.944999694824219,0.042789001017808914,0,837.7999877929688,77.5521561,12.9965143
1765983024939872500,197.33487255859376,0,2.6910288333892822,0.6870051026344299,9.640000343322754,0.06596963852643967,0,837.7999877929688,77.552156,12.9965135
1765983025939778000,198.3347780761719,0,2.7193589210510254,0.6935150027275085,10.86299991607666,0.04926363006234169,0,837.7999877929688,77.5521561,12.9965132
1765983026940050000,199.3350498046875,45,1.5,0.6360800266265869,11.824000358581543,0.33302587270736694,229.67874145507812,837.7999877929688,77.5521514,12.9965098
1765983027940101400,200.33510131835936,45,1.5,0.6425794959068298,11.501999855041504,0.16268907487392426,231.6774444580078,837.7999877929688,77.5521513,12.9965098
1765983028940086000,201.3350859375,0,1.5,0.6490905284881592,11.64900016784668,0.08635931462049484,0,837.7999877929688,77.5521511,12.9965098
1765983029939297500,202.3342976074219,0,1.5,0.6555786728858948,11.5649995803833,0.05166103318333626,0,837.7999877929688,77.552151,12.9965096
1765983030916352500,203.3113525390625,0,0.10323666781187057,0.6555786728858948,10.774999618530273,0.07521303743124008,0,837.7999877929688,77.5521501,12.9965174
1765983031922761200,204.31776123046876,87.38782501220703,0.14002591371536255,0.6685806512832642,9.593000411987305,0.11622169613838196,126.95684814453125,837.7999877929688,77.5521505,12.9965186
1765983032136584200,204.5315842285156,0,0.13640007376670837,0.6685806512832642,8.642000198364258,0.0939469188451767,0,837.7999877929688,77.5521504,12.9965191
1765983032920231000,205.31523095703125,83.6728286743164,0.15696115791797638,0.6685806512832642,8.335000038146973,0.1254081279039383,132.54161071777344,837.7999877929688,77.5521505,12.9965193
1765983033661263000,206.05626318359376,80.81260681152344,0.21983303129673004,0.6796314716339111,7.795000076293945,0.17021049559116364,111.96285247802734,837.7999877929688,77.5521508,12.9965184
1765983033853364200,206.2483642578125,79.08185577392578,0.22411039471626282,0.684289813041687,7.638999938964844,0.1998302936553955,105.34175872802734,837.7999877929688,77.5521509,12.9965185
1765983034875448000,207.27044799804688,75.30558013916016,0.2689526081085205,0.6908009648323059,6.535999774932861,0.30801576375961304,65.93038177490234,837.7999877929688,77.5521522,12.9965178
1765983035138390800,207.53339086914062,74.03703308105469,0.2556003928184509,0.6908009648323059,6.544000148773193,0.35636481642723083,49.50792694091797,837.7999877929688,77.5521525,12.9965181
1765983035897532200,208.2925322265625,74.6036376953125,0.2746911644935608,0.6972890496253967,6.552999973297119,0.3712960183620453,10.709511756896973,837.7999877929688,77.5521532,12.9965193
1765983036238227000,208.63322705078124,76.19725036621094,0.2729407846927643,0.6357917189598083,6.565000057220459,0.3647936284542084,13.911357879638672,837.7999877929688,77.552152,12.9965198
1765983036939868700,209.33486865234374,71.87335205078125,0.2697697579860687,0.6403442025184631,6.505000114440918,0.3364676535129547,15.10741138458252,837.7999877929688,77.5521489,12.9965192
1765983037939779000,210.33477905273438,72.0915298461914,0.20178921520709991,0.6468492150306702,6.459000110626221,0.1949598640203476,13.489654541015625,837.7999877929688,77.5521484,12.9965185
1765983038920136200,211.31513623046874,72.59449005126953,0.14905379712581635,0.6468492150306702,6.39900016784668,0.1222066879272461,16.020090103149414,837.7999877929688,77.5521487,12.9965198
1765983038939267600,211.334267578125,72.51587677001953,0.14321820437908173,0.6533412933349609,6.3460001945495605,0.11672136187553406,15.590363502502441,837.7999877929688,77.5521486,12.9965197
1765983039602484500,211.997484375,0,0.12104351073503494,0.6533412933349609,6.2729997634887695,0.09478786587715149,0,837.7999877929688,77.552148,12.99652
1765983039939291400,212.33429150390626,0,0.11699879914522171,0.6598508954048157,6.2220001220703125,0.09110791236162186,0,837.7999877929688,77.5521478,12.9965198
1765983040939216000,213.3342158203125,72.01272583007812,0.14417171478271484,0.6663476824760437,6.074999809265137,0.1204640194773674,49.697208404541016,837.7999877929688,77.5521478,12.9965191
1765983041939371000,214.33437109375,72.81785583496094,0.14091728627681732,0.672845184803009,5.948999881744385,0.11184062063694,47.44026565551758,837.7999877929688,77.5521474,12.9965183
1765983042939327000,215.3343269042969,71.37764739990234,0.13656166195869446,0.6793441772460938,5.900000095367432,0.12361425906419754,41.26548385620117,837.7999877929688,77.5521475,12.9965184
1765983043939321300,216.3343212890625,0,0.11470695585012436,0.6858478784561157,5.605999946594238,0.08815412223339081,0,837.7999877929688,77.5521486,12.9965163
1765983044939513300,217.33451342773438,70.8047103881836,0.13056781888008118,0.69234299659729,5.204999923706055,0.10529664158821106,31.3487491607666,837.7999877929688,77.5521492,12.9965151
1765983045664126200,218.05912622070312,0,0.092476986348629,0.6333432197570801,5.0289998054504395,0.06539609283208847,0,837.7999877929688,77.55215,12.9965155
1765983045939569700,218.33456958007812,0,0.10720223933458328,0.6346190571784973,4.60099983215332,0.09103843569755554,0,837.7999877929688,77.552149,12.9965137
1765983046939243800,219.33424389648437,0,0.11041576415300369,0.6411272883415222,4.408999919891357,0.09239677339792252,0,837.7999877929688,77.5521484,12.9965128
1765983047939357000,220.33435693359374,0,0.08534257858991623,0.6476181149482727,3.61299991607666,0.060365576297044754,0,837.7999877929688,77.5521487,12.9965125
1765983048939274000,221.33427392578125,0,0.10967426002025604,0.6541192531585693,3.510999917984009,0.08887626230716705,0,837.7999877929688,77.5521495,12.9965125
1765983049939798300,222.33479833984376,0,0.12384913116693497,0.660630464553833,3.0429999828338623,0.09779500961303711,0,837.7999877929688,77.5521503,12.9965123
1765983050939721700,223.3347216796875,70.93943786621094,0.1265358179807663,0.6671176552772522,3,0.10893311351537704,55.5256233215332,837.7999877929688,77.5521509,12.996512
1765983051939595300,224.33459521484374,0,0.10464537888765335,0.6736177802085876,3,0.07418467104434967,0,837.7999877929688,77.552151,12.9965117
1765983052932300500,225.32730053710938,69.69308471679688,0.12172093987464905,0.6801272630691528,3.0260000228881836,0.1045016348361969,78.4532470703125,837.7999877929688,77.5521511,12.9965116
1765983053840822300,226.235822265625,69.12242889404297,0.13994154334068298,0.6866196393966675,3.115000009536743,0.1144249215722084,132.07913208007812,837.7999877929688,77.5521502,12.996512
1765983054939607000,227.33460693359376,45,1.1189112663269043,0.6931250691413879,4.451000213623047,0.1144406646490097,132.0856170654297,837.7999877929688,77.552151,12.9965108
1765983055939536100,228.3345361328125,45,1.5,0.635791003704071,6.014999866485596,0.48879730701446533,216.65406799316406,837.7999877929688,77.5521436,12.9965034
1765983056939425500,229.33442553710938,45,1.5,0.6449937224388123,7.5929999351501465,0.5325624346733093,222.82911682128906,837.7999877929688,77.5521396,12.9964999
1765983057939568400,230.334568359375,45,1.5,0.6514919996261597,9.178000450134277,0.3277493119239807,225.03240966796875,837.7999877929688,77.5521386,12.9964992
1765983058939494000,231.3344938964844,45,1.5,0.6579981446266174,10.75100040435791,0.155300110578537,225.42129516601562,837.7999877929688,77.5521386,12.9964992
1765983059939782700,232.33478271484375,0,1.5,0.6644932627677917,12.512999534606934,0.05396126210689545,0,837.7999877929688,77.5521389,12.9964996
1765983060939757800,233.3347578125,45,0.6404517292976379,0.6709930896759033,12.303999900817871,0.7743656635284424,48.15199661254883,837.7999877929688,77.5521497,12.996509
1765983061939809300,234.33480932617186,45,0.24404318630695343,0.677498459815979,11.930999755859375,0.5187646150588989,38.129974365234375,837.7999877929688,77.5521505,12.9965118
1765983062939689200,235.33468920898437,45,0.32891198992729187,0.6839932203292847,11.531000137329102,0.25369369983673096,41.79950714111328,837.7999877929688,77.5521508,12.9965117
1765983063939898000,236.33489819335938,0,0.3692905306816101,0.6904957890510559,11.097999572753906,0.08739366382360458,0,837.7999877929688,77.5521507,12.9965111
1765983064939212800,237.334212890625,45,1.5,0.6321668028831482,11.118000030517578,1.0502605438232422,269.4494323730469,837.7999877929688,77.552132,12.9965105
1765983065940041000,238.335041015625,45,1.5,0.6386532187461853,10.795999526977539,0.8094691634178162,269.1579895019531,837.7999877929688,77.5521266,12.9965104
1765983066939901700,239.33490161132812,45,1.5,0.6451518535614014,10.927000045776367,0.42770272493362427,269.0461120605469,837.7999877929688,77.5521258,12.9965104
1765983067939358500,240.3343583984375,45,1.5,0.6516563296318054,10.982000350952148,0.17437343299388885,268.9511413574219,837.7999877929688,77.5521263,12.9965104
1765983068939916800,241.33491674804688,0,1.5,0.6581518650054932,11.241999626159668,0.04376264661550522,0,837.7999877929688,77.552127,12.9965104
1765983069939916300,242.33491625976563,0,1.5,0.6646503210067749,11.241000175476074,0.007405134383589029,0,837.7999877929688,77.5521273,12.9965105
1765983070939911200,243.3349111328125,45,0.14293478429317474,0.6711562275886536,11.02299976348877,0.9889495968818665,87.774658203125,837.7999877929688,77.5521447,12.9965111
1765983071939165400,244.33416552734374,180,0.1652345359325409,0.6776507496833801,10.550999641418457,0.12750893831253052,89.97081756591797,837.7999877929688,77.5521472,12.9965114
1765983072279529500,244.67452954101563,180,0.5236362218856812,0.6776507496833801,11.4350004196167,0.9295728206634521,90.00083923339844,837.7999877929688,77.5521478,12.9965109
1765983072940075800,245.33507568359374,180,0.34873950481414795,0.6841493248939514,11.15999984741211,0.5796512961387634,90.05911254882812,837.7999877929688,77.5521492,12.9965097
1765983073121442800,245.51644287109374,180,0.3076155185699463,0.6841493248939514,11.14799976348877,0.7333192825317383,90.05224609375,837.7999877929688,77.5521494,12.9965089
1765983073699026400,246.0940263671875,180,0.3335401117801666,0.6841493248939514,11.220999717712402,0.7382206916809082,90.03836059570312,837.7999877929688,77.552151,12.9965082
1765983073866180600,246.2611806640625,180,0.3335401117801666,0.6906519532203674,11.300000190734863,0.7382371425628662,90.02964782714844,837.7999877929688,77.5521509,12.9965079
1765983074206877400,246.60187744140626,180,0.27787402272224426,0.6281893253326416,11.385000228881836,0.7325820922851562,90,837.7999877929688,77.5521482,12.9965055
1765983074837006000,247.23200610351563,102.23090362548828,0.315865159034729,0.6281893253326416,11.142999649047852,0.7037717700004578,238.99111938476562,837.7999877929688,77.5521419,12.9964991
1765983074939253500,247.33425341796874,96.6323013305664,0.31177449226379395,0.6327393054962158,10.979000091552734,0.6592843532562256,241.22247314453125,837.7999877929688,77.5521398,12.9964989
1765983075910362600,248.30536254882813,94.38671875,0.32744261622428894,0.6392545104026794,11.03600025177002,0.6742241978645325,259.5776062011719,837.7999877929688,77.5521359,12.9964982
1765983076932454400,249.32745434570313,92.75736236572266,0.3042541444301605,0.6457421183586121,11.319999694824219,0.5562248826026917,233.84262084960938,837.7999877929688,77.5521342,12.996498
1765983077840981000,250.23598095703124,90.53948974609375,0.27744626998901367,0.6522392630577087,10.656000137329102,0.3715742528438568,231.82330322265625,837.7999877929688,77.5521356,12.9964982
1765983078863073300,251.2580732421875,89.70079803466797,0.21468326449394226,0.6587396264076233,10.284000396728516,0.20743243396282196,231.6336212158203,837.7999877929688,77.552137,12.9964993
1765983079885165600,252.28016552734374,90.9815902709961,0.16474062204360962,0.665239155292511,10.468000411987305,0.14338666200637817,216.23025512695312,837.7999877929688,77.5521391,12.9964995
1765983080907257900,253.3022578125,0,0.10781914740800858,0.6717426180839539,10.29800033569336,0.07773537933826447,0,837.7999877929688,77.55214,12.9964991
1765983081929350100,254.32435009765624,84.67496490478516,0.12349535524845123,0.6782384514808655,10.097999572753906,0.10632611811161041,213.7540740966797,837.7999877929688,77.55214,12.9964999
1765983082837876700,255.23287670898438,75.82645416259766,0.1236397847533226,0.6847445964813232,9.62399959564209,0.10135003179311752,212.71669006347656,837.7999877929688,77.552139,12.9964982
1765983083632838000,256.027837890625,0,0.08586493879556656,0.6250316500663757,9.54800033569336,0.05970920994877815,0,837.7999877929688,77.552142,12.9965001
1765983083859969500,256.25496948242187,80.94776916503906,0.12223610281944275,0.6268652677536011,9.315999984741211,0.10524730384349823,212.2837677001953,837.7999877929688,77.5521412,12.9964984
1765983084882062800,257.2770627441406,0,0.09561961889266968,0.6333648562431335,8.789999961853027,0.06490800529718399,0,837.7999877929688,77.5521409,12.996498
1765983085904156400,258.2991564941406,0,0.09110849350690842,0.6398731470108032,8.520999908447266,0.06212165951728821,0,837.7999877929688,77.5521404,12.9964987
1765983086926250500,259.32125048828124,75.2276611328125,0.12220629304647446,0.6463657021522522,8.446000099182129,0.1030067503452301,207.802734375,837.7999877929688,77.5521402,12.9964978
1765983087834778600,260.2297785644531,0,0.11303148418664932,0.6528638601303101,8.005000114440918,0.09296851605176926,0,837.7999877929688,77.5521398,12.9964971
1765983088856873000,261.251873046875,0,0.1243516355752945,0.659367561340332,8.043000221252441,0.0978442057967186,0,837.7999877929688,77.5521376,12.9964965
1765983089878967300,262.27396728515623,0,0.089665986597538,0.6658644676208496,8.069000244140625,0.06532744318246841,0,837.7999877929688,77.5521368,12.9964951
1765983090901061400,263.29606127929685,0,0.09121336042881012,0.6723655462265015,8.12600040435791,0.06165303662419319,0,837.7999877929688,77.5521368,12.9964952
1765983091940068000,264.3350681152344,0,0.5883616209030151,0.6788716316223145,9.057999610900879,0.06154796481132507,0,837.7999877929688,77.552142,12.996502
1765983092939154200,265.334154296875,45,0.5919293761253357,0.685366690158844,9.72700023651123,0.21875782310962677,38.03911209106445,837.7999877929688,77.5521456,12.9965066
1765983093939342800,266.3343427734375,45,1.5,0.6270427107810974,10.295000076293945,0.8073254227638245,299.9652099609375,837.7999877929688,77.5521314,12.9965123
1765983094939814000,267.33481396484376,45,1.5,0.6335551738739014,10.83899974822998,0.6439119577407837,295.610107421875,837.7999877929688,77.552127,12.9965138
1765983095939827000,268.33482690429685,45,1.5,0.6427496075630188,11.97599983215332,0.3425467312335968,293.3489990234375,837.7999877929688,77.5521263,12.9965139
1765983096940082200,269.3350822753906,45,1.5,0.6492505669593811,11.729999542236328,0.15155662596225739,291.8412780761719,837.7999877929688,77.5521265,12.9965137
1765983097939274200,270.33427416992185,0,1.5,0.6557542681694031,11.401000022888184,0.0411212332546711,0,837.7999877929688,77.552127,12.9965135
1765983098940089300,271.33508935546877,45,0.6363455057144165,0.6622541546821594,11.40999984741211,0.8927611708641052,101.39311218261719,837.7999877929688,77.5521428,12.9965103
1765983099939437600,272.3344375,45,0.6109656095504761,0.6687498688697815,11.42300033569336,0.6854712963104248,100.22752380371094,837.7999877929688,77.5521473,12.9965097
1765983100939838200,273.3348381347656,45,0.4607146978378296,0.6752574443817139,11.470999717712402,0.3543584644794464,102.05976104736328,837.7999877929688,77.5521478,12.9965094
1765983101939095300,274.3340952148437,45,0.49229156970977783,0.6817508935928345,11.748000144958496,0.1538553535938263,96.66925048828125,837.7999877929688,77.5521475,12.9965097
1765983102939197200,275.334197265625,45,1.5,0.6245496869087219,11.831999778747559,0.36378851532936096,228.65074157714844,837.7999877929688,77.5521412,12.9965056
1765983103939721200,276.33472119140623,45,1.5,0.6310582160949707,11.934000015258789,0.30637943744659424,232.5225067138672,837.7999877929688,77.5521392,12.9965044
1765983104940089600,277.3350895996094,45,1.5,0.6375457644462585,12.182999610900879,0.16945955157279968,236.30859375,837.7999877929688,77.5521387,12.9965043
1765983105939926500,278.33492651367186,0,1.5,0.6440473794937134,12.322999954223633,0.07905621826648712,0,837.7999877929688,77.5521388,12.9965044
1765983106939924000,279.3349240722656,0,1.5,0.6505554914474487,12.152999877929688,0.02843724936246872,0,837.7999877929688,77.5521389,12.9965045
1765983107940061700,280.3350617675781,0,1.5,0.6570447087287903,12.211999893188477,0.006691263988614082,0,837.7999877929688,77.552139,12.9965046
1765983108939458600,281.33445849609376,45,0.5257458686828613,0.663547933101654,12.383999824523926,0.4059728980064392,49.00120544433594,837.7999877929688,77.5521446,12.9965092
1765983109939585800,282.3345856933594,45,0.5476350784301758,0.6700539588928223,12.616999626159668,0.34050223231315613,48.51869201660156,837.7999877929688,77.5521465,12.9965109
1765983110939838000,283.334837890625,45,0.4151015281677246,0.6765469312667847,12.644000053405762,0.19059349596500397,49.16128158569336,837.7999877929688,77.5521468,12.9965111
1765983111939804000,284.33480395507814,0,0.5423637628555298,0.6830456852912903,12.692000389099121,0.08457478880882263,0,837.7999877929688,77.5521467,12.996511
1765983112939746600,285.33474658203124,45,1.5,0.6242567300796509,12.678000450134277,0.5935225486755371,214.9844512939453,837.7999877929688,77.55214,12.996502
1765983113939667000,286.3346669921875,45,1.5,0.6307175159454346,12.571999549865723,0.4902956485748291,215.2835235595703,837.7999877929688,77.5521378,12.9964991
1765983114939587000,287.33458715820314,45,1.5,0.6372177600860596,12.37600040435791,0.28529733419418335,215.2779083251953,837.7999877929688,77.5521374,12.9964985
1765983115939595500,288.3345954589844,45,1.5,0.6437268853187561,12.390000343322754,0.1270303577184677,215.27349853515625,837.7999877929688,77.5521375,12.9964986
1765983116939869700,289.33486962890623,0,1.5,0.6502178311347961,12.404000282287598,0.05602544546127319,0,837.7999877929688,77.5521375,12.9964987
1765983117939853000,290.33485302734374,45,0.4566948711872101,0.65672767162323,12.430999755859375,0.5981059074401855,35.521114349365234,837.7999877929688,77.5521441,12.9965077
1765983118940083500,291.3350834960938,45,0.516330361366272,0.6632282137870789,12.454000473022461,0.48240992426872253,35.561553955078125,837.7999877929688,77.5521461,12.9965104
1765983119939566600,292.3345666503906,45,0.4904197156429291,0.6697177886962891,12.42199993133545,0.25792768597602844,34.77557373046875,837.7999877929688,77.5521463,12.9965108
1765983120939922400,293.33492236328124,45,0.4728561043739319,0.676218569278717,12.359000205993652,0.10688894242048264,34.07219696044922,837.7999877929688,77.5521461,12.9965105
1765983121939921400,294.33492138671875,45,1.5,0.6188127994537354,12.255999565124512,0.43603503704071045,230.60536193847656,837.7999877929688,77.5521395,12.9965049
1765983122939736600,295.3347365722656,45,1.5,0.6253052353858948,12.236000061035156,0.36669665575027466,229.56881713867188,837.7999877929688,77.5521374,12.9965031
1765983123939813400,296.3348134765625,45,1.5,0.6318051218986511,12.20300006866455,0.20119059085845947,229.12554931640625,837.7999877929688,77.5521371,12.9965028
1765983124939648500,297.3346484375,0,1.5,0.6383102536201477,12.145999908447266,0.09193947911262512,0,837.7999877929688,77.5521372,12.9965029
1765983125939924700,298.3349248046875,0,1.5,0.644805371761322,12.168000221252441,0.03883354738354683,0,837.7999877929688,77.5521373,12.9965029
1765983126939904000,299.3349040527344,0,1.5,0.6513018608093262,12.208000183105469,0.01870967447757721,0,837.7999877929688,77.5521373,12.9965029
1765983127939308000,300.3343081054687,45,0.5592248439788818,0.6578077077865601,12.279999732971191,0.4528000056743622,49.50197982788086,837.7999877929688,77.5521436,12.9965082
1765983128939218000,301.3342180175781,45,0.5937342047691345,0.6643059253692627,12.46500015258789,0.3636382222175598,49.98300552368164,837.7999877929688,77.5521456,12.9965098
1765983129939186400,302.3341865234375,45,0.6390474438667297,0.6708047389984131,12.618000030517578,0.19898490607738495,50.22636032104492,837.7999877929688,77.5521459,12.99651
1765983130939215400,303.33421533203125,0,0.6746730208396912,0.6773121356964111,12.842000007629395,0.0869668647646904,0,837.7999877929688,77.5521458,12.9965099
1765983131939622400,304.3346223144531,45,1.5,0.6198715567588806,12.880000114440918,0.4732561409473419,202.51223754882812,837.7999877929688,77.5521418,12.9965015
1765983132939554300,305.33455419921876,45,1.5,0.6263729333877563,12.994999885559082,0.39393797516822815,204.0015411376953,837.7999877929688,77.5521405,12.9964989
1765983133939592400,306.33459252929686,45,1.5,0.6328801512718201,12.85099983215332,0.21287812292575836,205.18081665039062,837.7999877929688,77.5521403,12.9964987
1765983134939783700,307.33478369140624,0,1.5,0.6393719911575317,12.741999626159668,0.0894872322678566,0,837.7999877929688,77.5521404,12.9964989
1765983135939290600,308.33429052734374,0,1.5,0.6458730697631836,12.527000427246094,0.02193448320031166,0,837.7999877929688,77.5521406,12.9964992
1765983136940110800,309.33511083984376,45,0.2638675272464752,0.6523841023445129,12.128000259399414,0.5023621916770935,23.913408279418945,837.7999877929688,77.5521443,12.9965075
1765983137939138800,310.3341389160156,45,0.3013913035392761,0.6588725447654724,11.857999801635742,0.3615145683288574,23.906391143798828,837.7999877929688,77.5521452,12.9965094
1765983138939906600,311.3349064941406,45,0.35678356885910034,0.6653752326965332,11.309000015258789,0.17693375051021576,23.90302085876465,837.7999877929688,77.5521453,12.9965096
1765983139939920600,312.33492065429687,0,0.4044000804424286,0.6718811392784119,10.939000129699707,0.06774552911520004,0,837.7999877929688,77.5521452,12.9965094
1765983140940085800,313.33508569335936,45,1.5,0.6139344573020935,10.680000305175781,0.21527504920959473,260.69097900390625,837.7999877929688,77.5521413,12.9965083
1765983141939726600,314.3347265625,45,1.5,0.6204370856285095,10.76200008392334,0.1694958209991455,257.1478576660156,837.7999877929688,77.5521401,12.9965079
1765983142939913500,315.3349135742188,0,1.5,0.6269438862800598,10.949999809265137,0.08840322494506836,0,837.7999877929688,77.55214,12.9965078
1765983143939448000,316.33444799804687,0,1.5,0.6334348917007446,11.001999855041504,0.04022786393761635,0,837.7999877929688,77.55214,12.9965079
1765983144939885800,317.3348857421875,0,1.5,0.6399326324462891,11.145000457763672,0.02016107365489006,0,837.7999877929688,77.55214,12.9965078
1765983145939879200,318.33487915039063,0,1.5,0.6464518308639526,11.282999992370605,0.012212179601192474,0,837.7999877929688,77.55214,12.9965078
1765983146939370800,319.3343708496094,45,0.4701354503631592,0.652935266494751,11.454000473022461,0.2161274254322052,76.91476440429688,837.7999877929688,77.5521438,12.9965087
1765983147939441000,320.3344409179688,45,0.5478610396385193,0.6594505310058594,11.628999710083008,0.1734783947467804,76.80509185791016,837.7999877929688,77.552145,12.9965089
1765983148939648300,321.3346481933594,0,0.5682662129402161,0.6659321784973145,12.03600025177002,0.09521254897117615,0,837.7999877929688,77.5521452,12.996509
1765983149939342000,322.33434204101565,0,0.4394737780094147,0.6724348068237305,12.1850004196167,0.04027289152145386,0,837.7999877929688,77.5521451,12.996509
1765983150939276300,323.3342763671875,45,1.5,0.615155816078186,12.288999557495117,0.36955827474594116,238.2880859375,837.7999877929688,77.552139,12.9965054
1765983151939495400,324.33449536132815,45,1.5,0.6216433048248291,12.420999526977539,0.2989144027233124,238.44680786132812,837.7999877929688,77.5521371,12.9965043
1765983152939356000,325.3343559570313,45,1.5,0.6308515667915344,12.37600040435791,0.1649876832962036,239.3324432373047,837.7999877929688,77.5521368,12.9965042
1765983153939251700,326.33425170898437,0,1.5,0.637353777885437,12.378000259399414,0.07670547068119049,0,837.7999877929688,77.5521369,12.9965042
1765983154939189200,327.33418920898436,0,1.5,0.6438517570495605,12.293000221252441,0.033926915377378464,0,837.7999877929688,77.5521369,12.9965042
1765983155939219700,328.3342197265625,45,0.5368872880935669,0.6503527164459229,12.276000022888184,0.36132562160491943,59.09025955200195,837.7999877929688,77.5521428,12.9965076
1765983156939307800,329.3343078613281,45,0.5025243163108826,0.6568560600280762,12.487000465393066,0.300636351108551,59.0062141418457,837.7999877929688,77.5521447,12.9965088
1765983157939882000,330.3348820800781,45,0.5399063229560852,0.6633532643318176,12.96500015258789,0.17211905121803284,58.96864700317383,837.7999877929688,77.552145,12.996509
1765983158939484700,331.33448461914065,0,0.5497137904167175,0.6698538064956665,13.484000205993652,0.0782988965511322,0,837.7999877929688,77.5521449,12.9965089
1765983159939914500,332.33491455078126,45,1.5,0.6115347743034363,13.494000434875488,0.4130871593952179,226.9254150390625,837.7999877929688,77.5521385,12.9965033
1765983160939404000,333.3344040527344,45,1.5,0.6180249452590942,13.423999786376953,0.3407916724681854,227.37757873535156,837.7999877929688,77.5521367,12.9965017
1765983161939816000,334.33481591796874,45,1.5,0.6245226860046387,13.28499984741211,0.19331608712673187,227.47140502929688,837.7999877929688,77.5521363,12.9965013
1765983162940111000,335.3351110839844,0,1.5,0.6310321092605591,12.996000289916992,0.09108556061983109,0,837.7999877929688,77.5521363,12.9965014
1765983163939284500,336.33428442382814,0,1.5,0.6375235915184021,12.946000099182129,0.0332496277987957,0,837.7999877929688,77.5521365,12.9965015
1765983164939808500,337.33480859375,0,1.5,0.6440247297286987,12.60200023651123,0.014176595024764538,0,837.7999877929688,77.5521365,12.9965015
1765983165939223800,338.3342238769531,45,0.7995394468307495,0.6505370140075684,12.756999969482422,0.4317091107368469,48.34349060058594,837.7999877929688,77.5521425,12.9965067
1765983166938279200,339.3332790527344,45,0.8288871049880981,0.657023012638092,13.029999732971191,0.3596305251121521,49.77840042114258,837.7999877929688,77.5521446,12.9965083
1765983167938194700,340.3331945800781,45,0.8649738430976868,0.6635243892669678,13.375,0.20794039964675903,50.4659538269043,837.7999877929688,77.552145,12.9965086
1765983168938666200,341.3336662597656,0,0.5612577199935913,0.6700848340988159,13.817000389099121,0.09849223494529724,0,837.7999877929688,77.5521448,12.9965086
1765983169938908400,342.3339084472656,45,1.5,0.6128146052360535,13.597999572753906,0.426483154296875,251.89260864257812,837.7999877929688,77.5521363,12.9965055
1765983170938897400,343.3338974609375,45,1.5,0.6193131804466248,13.378999710083008,0.3321063816547394,250.1873321533203,837.7999877929688,77.5521342,12.9965046
1765983171938716700,344.33371655273436,45,1.5,0.6258186101913452,12.859999656677246,0.17685145139694214,249.9307403564453,837.7999877929688,77.5521339,12.9965045
1765983172938202600,345.33320263671874,0,1.5,0.6323146820068359,12.236000061035156,0.07728847116231918,0,837.7999877929688,77.552134,12.9965046
1765983173938202000,346.3332021484375,0,1.5,0.638813316822052,12.130999565124512,0.031961530447006226,0,837.7999877929688,77.5521341,12.9965045
1765983174939115500,347.3341154785156,45,0.4008573591709137,0.6453193426132202,11.756999969482422,0.42895954847335815,67.73613739013672,837.7999877929688,77.5521414,12.9965075
1765983175938128100,348.33312817382813,45,0.427416056394577,0.6518139243125916,12.008999824523926,0.35620957612991333,67.71475982666016,837.7999877929688,77.5521438,12.9965084
1765983176938246000,349.3332458496094,45,0.42742255330085754,0.6583153605461121,12.310999870300293,0.19951799511909485,67.70464324951172,837.7999877929688,77.5521442,12.9965086
1765983177938177300,350.3331772460937,0,0.46019673347473145,0.6648190021514893,12.604000091552734,0.0869450494647026,0,837.7999877929688,77.552144,12.9965085
1765983178938136300,351.33313623046877,45,1.5,0.6066799163818359,12.654999732971191,0.4186692535877228,232.98089599609375,837.7999877929688,77.5521372,12.9965037
1765983179938739700,352.3337397460937,45,1.5,0.613180935382843,12.708999633789062,0.34111881256103516,233.4876708984375,837.7999877929688,77.5521351,12.9965023
1765983180938600700,353.3336005859375,45,1.5,0.6196868419647217,12.46500015258789,0.19028843939304352,233.39096069335938,837.7999877929688,77.5521348,12.996502
1765983181938897400,354.3338974609375,0,1.5,0.6261804103851318,12.232999801635742,0.08545880764722824,0,837.7999877929688,77.5521348,12.9965021
1765983182938722300,355.33372241210935,0,1.5,0.6326795816421509,12.020000457763672,0.03588128462433815,0,837.7999877929688,77.5521349,12.9965022
1765983183938907000,356.33390698242187,0,1.5,0.6391909718513489,12.107000350952148,0.01762237213551998,0,837.7999877929688,77.5521349,12.9965022
1765983184938819300,357.3338193359375,45,0.31264322996139526,0.6456793546676636,12.4350004196167,0.4218313992023468,53.800174713134766,837.7999877929688,77.5521412,12.9965066
1765983185938793500,358.3337934570313,45,0.3749181032180786,0.6521793603897095,12.803999900817871,0.35922521352767944,53.7684211730957,837.7999877929688,77.5521434,12.9965082
1765983186938740700,359.3337407226563,45,0.4361286461353302,0.6586869955062866,13.029000282287598,0.20798328518867493,53.75392532348633,837.7999877929688,77.5521438,12.9965085
1765983187938662400,360.33366235351565,0,0.4549407362937927,0.6651803255081177,13.385000228881836,0.09401300549507141,0,837.7999877929688,77.5521436,12.9965084
1765983188938869000,361.3338688964844,45,1.5,0.6070737838745117,13.288999557495117,0.41344937682151794,212.0391845703125,837.7999877929688,77.5521388,12.9965015
1765983189938777300,362.33377734375,45,1.5,0.6135810017585754,13.180999755859375,0.3234853148460388,213.0830535888672,837.7999877929688,77.5521375,12.9964997
1765983190938616600,363.33361645507813,45,1.5,0.6200741529464722,12.86400032043457,0.17588666081428528,213.96063232421875,837.7999877929688,77.5521373,12.9964994
1765983191938492000,364.3334919433594,0,1.5,0.6265731453895569,12.512999534606934,0.08053594082593918,0,837.7999877929688,77.5521373,12.9964995
1765983192938375000,365.333375,0,1.5,0.6330757141113281,12.130000114440918,0.03645752742886543,0,837.7999877929688,77.5521374,12.9964995
1765983193938261500,366.3332614746094,45,0.38931214809417725,0.639573335647583,11.939000129699707,0.411560595035553,33.251686096191406,837.7999877929688,77.5521415,12.9965057
1765983194938220500,367.3332204589844,45,0.3883137106895447,0.6460738778114319,12.267999649047852,0.34861326217651367,33.13844680786133,837.7999877929688,77.552143,12.9965079
1765983195938663700,368.33366357421875,45,0.4116723835468292,0.6525799036026001,13.01099967956543,0.2042056769132614,33.089298248291016,837.7999877929688,77.5521433,12.9965083
1765983196938712300,369.33371240234374,0,0.39753258228302,0.6590725183486938,13.692999839782715,0.09376607090234756,0,837.7999877929688,77.5521432,12.9965082
1765983197938897200,370.33389721679686,45,1.5,0.600965142250061,13.642999649047852,0.34192007780075073,233.0644073486328,837.7999877929688,77.5521375,12.9965036
1765983198938446800,371.33344677734374,45,1.5,0.6074712872505188,13.336000442504883,0.26131635904312134,232.1288604736328,837.7999877929688,77.5521361,12.9965025
1765983199938873300,372.3338732910156,45,1.5,0.6139746308326721,12.939000129699707,0.14147289097309113,231.33897399902344,837.7999877929688,77.5521359,12.9965023
1765983200938802000,373.33380200195313,0,1.5,0.6204640865325928,12.317000389099121,0.05919010564684868,0,837.7999877929688,77.552136,12.9965024
1765983201938690000,374.33368994140625,0,1.5,0.6269778609275818,12.211999893188477,0.022421954199671745,0,837.7999877929688,77.5521361,12.9965025
1765983202938767400,375.3337673339844,0,1.5,0.6334666013717651,11.630999565124512,0.008994810283184052,0,837.7999877929688,77.5521361,12.9965025
1765983203938661000,376.3336611328125,45,0.38346776366233826,0.6399643421173096,11.79800033569336,0.3515305519104004,52.85930633544922,837.7999877929688,77.5521412,12.9965062
1765983204938571500,377.3335715332031,45,0.39563947916030884,0.6464707851409912,11.928000450134277,0.2822883725166321,52.77744674682617,837.7999877929688,77.5521428,12.9965074
1765983205938846500,378.3338464355469,45,0.3756020665168762,0.652964174747467,12.17199993133545,0.15308287739753723,52.73866653442383,837.7999877929688,77.552143,12.9965075
1765983206938895600,379.3338955078125,0,0.3709225654602051,0.6594643592834473,12.381999969482422,0.06516709178686142,0,837.7999877929688,77.5521428,12.9965074
1765983207938218800,380.33321875,45,1.5,0.6012900471687317,12.201000213623047,0.2095794379711151,270.49285888671875,837.7999877929688,77.5521386,12.9965071
1765983208938811400,381.33381127929687,45,1.5,0.6077858209609985,12.095000267028809,0.16498064994812012,268.100830078125,837.7999877929688,77.5521374,12.996507
1765983209938744800,382.3337448730469,0,1.5,0.6142850518226624,11.857000350952148,0.09082230925559998,0,837.7999877929688,77.5521372,12.996507
1765983210938416600,383.3334167480469,0,1.5,0.6207888722419739,11.78600025177002,0.03842092305421829,0,837.7999877929688,77.5521373,12.996507
1765983211938229500,384.3332294921875,0,1.5,0.6272833943367004,11.616000175476074,0.012378924526274204,0,837.7999877929688,77.5521374,12.996507
1765983212939048400,385.3340483398438,45,0.38208577036857605,0.633784294128418,11.527999877929688,0.21529234945774078,87.60696411132812,837.7999877929688,77.5521413,12.9965072
1765983213938908200,386.333908203125,45,0.3860514163970947,0.6402965188026428,11.722999572753906,0.1711847484111786,87.57672119140625,837.7999877929688,77.5521425,12.9965072
1765983214938719200,387.3337192382813,0,0.47316738963127136,0.6467856764793396,11.899999618530273,0.09315120428800583,0,837.7999877929688,77.5521427,12.9965072
1765983215938578700,388.33357861328125,0,0.38041797280311584,0.6532863974571228,12.300000190734863,0.03936859965324402,0,837.7999877929688,77.5521426,12.9965072
1765983216938486000,389.3334860839844,45,1.5,0.5954887866973877,12.27400016784668,0.4013180136680603,231.1230010986328,837.7999877929688,77.5521365,12.9965027
1765983217938565400,390.3335654296875,45,1.5,0.6019837856292725,12.133999824523926,0.311474084854126,231.7197723388672,837.7999877929688,77.5521348,12.9965015
1765983218938495000,391.3334948730469,45,1.5,0.6084829568862915,12.059000015258789,0.1686721295118332,231.69140625,837.7999877929688,77.5521345,12.9965013
1765983219938851300,392.3338513183594,0,1.5,0.6149892210960388,11.765000343322754,0.07410163432359695,0,837.7999877929688,77.5521346,12.9965014
1765983220938288400,393.3332883300781,0,1.5,0.6214829683303833,11.746999740600586,0.03156173229217529,0,837.7999877929688,77.5521347,12.9965014
1765983221938271700,394.3332717285156,0,1.5,0.6279833912849426,11.54699993133545,0.016688307747244835,0,837.7999877929688,77.5521346,12.9965014
1765983222938330600,395.33333056640623,45,0.33044150471687317,0.6344946622848511,11.82699966430664,0.39797481894493103,51.8652229309082,837.7999877929688,77.5521403,12.9965057
1765983223938723600,396.3337236328125,45,0.39846575260162354,0.6409832835197449,12.260000228881836,0.33214646577835083,51.84895324707031,837.7999877929688,77.5521423,12.9965072
1765983224938904800,397.3339047851563,45,0.4237997829914093,0.6474833488464355,12.682999610900879,0.18875254690647125,51.84159851074219,837.7999877929688,77.5521426,12.9965075
1765983225938801400,398.33380151367186,0,0.43304523825645447,0.6539987921714783,13.152000427246094,0.08418084681034088,0,837.7999877929688,77.5521425,12.9965073
1765983226938757400,399.33375732421877,45,1.5,0.5956283211708069,13.100000381469727,0.3115236163139343,217.16510009765625,837.7999877929688,77.5521383,12.9965024
1765983227938142200,400.33314208984376,45,1.5,0.6021274328231812,12.831999778747559,0.2451702058315277,218.002685546875,837.7999877929688,77.5521372,12.9965011
1765983228938246100,401.33324609375,45,1.5,0.6086353063583374,12.581000328063965,0.1348973512649536,218.66896057128906,837.7999877929688,77.552137,12.9965009
1765983229938705400,402.33370532226564,0,1.5,0.6151282787322998,12.303000450134277,0.0572022870182991,0,837.7999877929688,77.5521371,12.996501
1765983230938559200,403.3335593261719,0,1.5,0.621629536151886,11.97700023651123,0.02502153255045414,0,837.7999877929688,77.5521371,12.996501
1765983231938422300,404.3334223632813,45,0.35140082240104675,0.6281311511993408,11.741999626159668,0.317277193069458,38.54488754272461,837.7999877929688,77.5521408,12.9965054
1765983232938878500,405.3338784179688,45,0.3703419268131256,0.6346274614334106,12.175000190734863,0.2622441053390503,38.59436798095703,837.7999877929688,77.552142,12.9965069
1765983233938560300,406.3335603027344,45,0.4619627892971039,0.6411280035972595,12.717000007629395,0.15008769929409027,38.617088317871094,837.7999877929688,77.5521422,12.9965072
1765983234938343000,407.3333430175781,0,0.3734116554260254,0.6476352214813232,13.027999877929688,0.06725484877824783,0,837.7999877929688,77.5521421,12.9965071
1765983235938585600,408.3335856933594,45,1.5,0.5898333787918091,13.295000076293945,0.4694882929325104,233.8209228515625,837.7999877929688,77.5521346,12.9965015
1765983236938782500,409.3337824707031,45,1.5,0.596332848072052,13.126999855041504,0.372058242559433,233.61117553710938,837.7999877929688,77.5521325,12.9965
1765983237938657300,410.3336572265625,45,1.5,0.602840781211853,12.913999557495117,0.203225240111351,233.21913146972656,837.7999877929688,77.5521321,12.9964997
1765983238938530800,411.33353076171875,0,1.5,0.6093325018882751,12.675000190734863,0.0959925502538681,0,837.7999877929688,77.5521321,12.9964997
1765983239938314000,412.33331396484374,0,1.5,0.6158345341682434,12.295000076293945,0.03517623990774155,0,837.7999877929688,77.5521323,12.9964998
1765983240938140000,413.3331398925781,0,1.5,0.6223410964012146,11.871000289916992,0.015129665844142437,0,837.7999877929688,77.5521323,12.9964999
1765983241938324700,414.33332470703124,45,0.3054342269897461,0.6288313269615173,12.260000228881836,0.4662032127380371,53.527347564697266,837.7999877929688,77.5521391,12.9965048
1765983242938247700,415.33324755859377,45,0.32628291845321655,0.6353363394737244,12.680999755859375,0.4050188958644867,53.507198333740234,837.7999877929688,77.5521417,12.9965066
1765983243938249500,416.33324951171875,45,0.39778709411621094,0.6418765783309937,13.104000091552734,0.2378639578819275,53.498050689697266,837.7999877929688,77.5521422,12.996507
1765983244938336500,417.3333364257812,45,0.3904760479927063,0.6483309268951416,13.812999725341797,0.10892505198717117,53.4901123046875,837.7999877929688,77.552142,12.9965068
1765983245938874000,418.3338740234375,45,1.5,0.5910049080848694,13.829999923706055,0.42122530937194824,229.53762817382812,837.7999877929688,77.5521351,12.9965012
1765983246938745300,419.3337453613281,45,1.5,0.5975123047828674,13.461000442504883,0.3457563817501068,230.24359130859375,837.7999877929688,77.5521332,12.9964997
1765983247938634500,420.3336345214844,45,1.5,0.6040019392967224,13.041000366210938,0.190422922372818,229.48500061035156,837.7999877929688,77.5521329,12.9964994
1765983248938446300,421.3334462890625,0,1.5,0.610506534576416,12.607999801635742,0.08462342619895935,0,837.7999877929688,77.5521329,12.9964995
1765983249938336000,422.3333359375,0,1.5,0.6170111298561096,12.541999816894531,0.02534041740000248,0,837.7999877929688,77.5521332,12.9964996
1765983250938186200,423.33318627929685,45,0.4581792950630188,0.6235043406486511,12.097000122070312,0.46056345105171204,50.081634521484375,837.7999877929688,77.5521397,12.996505
1765983251938257400,424.3332573242188,45,0.6229097247123718,0.6327187418937683,11.972999572753906,0.3555068075656891,50.03355407714844,837.7999877929688,77.5521415,12.9965065
1765983252938325000,425.3333249511719,45,0.6340671181678772,0.6392314434051514,11.861000061035156,0.18488340079784393,50.01181411743164,837.7999877929688,77.5521417,12.9965066
1765983253939020000,426.33402001953124,0,0.6493558883666992,0.6457098722457886,11.668000221252441,0.0746302679181099,0,837.7999877929688,77.5521415,12.9965065
1765983254938474500,427.333474609375,45,1.5,0.5871726274490356,11.460000038146973,0.16590622067451477,254.84622192382812,837.7999877929688,77.5521382,12.9965053
1765983255938564400,428.333564453125,45,1.5,0.593674898147583,11.359000205993652,0.13610324263572693,252.49664306640625,837.7999877929688,77.5521373,12.996505
1765983256939108600,429.33410864257814,0,1.5,0.6001730561256409,11.324000358581543,0.07209072262048721,0,837.7999877929688,77.5521372,12.9965049
1765983257939069400,430.3340693359375,0,1.5,0.6066844463348389,11.27299976348877,0.02947007305920124,0,837.7999877929688,77.5521372,12.996505
1765983258939051300,431.33405126953124,0,1.5,0.6131767630577087,11.211000442504883,0.013530456461012363,0,837.7999877929688,77.5521372,12.996505
1765983259938350300,432.33335034179686,0,1.5,0.6196756958961487,11.227999687194824,0.0048798732459545135,0,837.7999877929688,77.5521373,12.996505
1765983260938570500,433.3335705566406,45,0.41076919436454773,0.6261826157569885,11.170999526977539,0.18554961681365967,73.31180572509766,837.7999877929688,77.5521404,12.9965059
1765983261938152000,434.33315185546877,45,0.43005886673927307,0.6326762437820435,11.173999786376953,0.13776129484176636,73.36833190917969,837.7999877929688,77.5521413,12.9965062
1765983262938749000,435.3337490234375,0,0.6787505745887756,0.6391759514808655,11.210000038146973,0.07007540017366409,0,837.7999877929688,77.5521414,12.9965062
1765983263938477000,436.33347705078126,0,0.4427911043167114,0.6456804871559143,11.395999908447266,0.028841307386755943,0,837.7999877929688,77.5521413,12.9965062
1765983264938927400,437.33392724609377,45,1.5,0.59043949842453,11.560999870300293,0.2883419096469879,211.20167541503906,837.7999877929688,77.5521384,12.9965018
1765983265938411800,438.3334118652344,45,1.5,0.5969383120536804,11.682999610900879,0.24125464260578156,212.7643585205078,837.7999877929688,77.5521373,12.9965003
1765983266938780700,439.33378076171874,45,1.5,0.6034461259841919,12.121000289916992,0.1458386480808258,214.3755340576172,837.7999877929688,77.552137,12.9964999
1765983267939123200,440.3341232910156,0,1.5,0.6072302460670471,12.32800006866455,0.06415797770023346,0,837.7999877929688,77.5521371,12.9965
1765983268939108400,441.3341083984375,0,1.5,0.6137301921844482,12.331000328063965,0.015347321517765522,0,837.7999877929688,77.5521373,12.9965002
1765983269938180000,442.33318017578125,45,0.3109617531299591,0.6202341914176941,12.343999862670898,0.29923534393310547,31.69807243347168,837.7999877929688,77.5521402,12.9965048
1765983270938736000,443.3337360839844,45,0.3276170492172241,0.6267318725585938,12.348999977111816,0.23936375975608826,31.59195327758789,837.7999877929688,77.552141,12.9965062
1765983271938341400,444.33334130859373,45,0.3202262818813324,0.6332315802574158,12.260000228881836,0.12763573229312897,31.544179916381836,837.7999877929688,77.5521411,12.9965064
1765983272938903300,445.3339033203125,0,0.3310261070728302,0.6397344470024109,12.140999794006348,0.05280027538537979,0,837.7999877929688,77.5521411,12.9965063
1765983273938291000,446.333291015625,45,1.5,0.581454336643219,11.942999839782715,0.15398022532463074,273.1982421875,837.7999877929688,77.5521381,12.996506
1765983274938530000,447.33353002929687,45,1.5,0.5879554152488708,11.63700008392334,0.12004561722278595,269.2450256347656,837.7999877929688,77.5521373,12.9965059
1765983275938927400,448.33392724609377,0,1.5,0.594462513923645,11.505000114440918,0.06245385482907295,0,837.7999877929688,77.5521372,12.9965059
1765983276938527000,449.33352685546873,0,1.5,0.6009541153907776,11.413000106811523,0.025186307728290558,0,837.7999877929688,77.5521373,12.9965059
1765983277938184700,450.33318481445315,0,1.5,0.6074532270431519,11.404000282287598,0.0075708068907260895,0,837.7999877929688,77.5521373,12.9965059
1765983278938709000,451.333708984375,0,1.5,0.6139567494392395,11.336000442504883,0.001105913775973022,0,837.7999877929688,77.5521374,12.9965059
1765983279939030300,452.3340302734375,45,0.36481350660324097,0.6204530596733093,11.267000198364258,0.16014310717582703,90.02745056152344,837.7999877929688,77.5521402,12.9965059
1765983280938355000,453.33335498046876,45,0.5578015446662903,0.626952052116394,11.222000122070312,0.11857636272907257,90.00118255615234,837.7999877929688,77.552141,12.9965059
1765983281938607400,454.333607421875,0,0.585220992565155,0.6334788799285889,11.147000312805176,0.05979764461517334,0,837.7999877929688,77.552141,12.9965059
1765983282938676700,455.3336767578125,0,0.5871479511260986,0.6399526000022888,11.130999565124512,0.02357593923807144,0,837.7999877929688,77.5521409,12.9965059
1765983283938923000,456.33392309570314,45,1.5,0.5819790959358215,11.163000106811523,0.32542774081230164,242.2802734375,837.7999877929688,77.5521357,12.9965033
1765983284938368300,457.3333681640625,45,1.5,0.5884905457496643,11.227999687194824,0.25680792331695557,243.21788024902344,837.7999877929688,77.5521341,12.9965026
1765983285938781200,458.33378125,45,1.5,0.5949773788452148,11.406999588012695,0.1373753845691681,241.88275146484375,837.7999877929688,77.5521339,12.9965024
1765983286938321700,459.33332177734377,0,1.5,0.6014733910560608,11.444999694824219,0.05682976171374321,0,837.7999877929688,77.552134,12.9965025
1765983287938465000,460.3334650878906,0,1.5,0.607982337474823,11.539999961853027,0.021658416837453842,0,837.7999877929688,77.5521341,12.9965025
1765983288939076400,461.33407641601565,45,0.3378882110118866,0.6144754886627197,11.446999549865723,0.3348557949066162,61.91139221191406,837.7999877929688,77.5521395,12.9965053
1765983289938670000,462.3336701660156,45,0.35171011090278625,0.6209754943847656,11.364999771118164,0.24908554553985596,61.96034622192383,837.7999877929688,77.5521409,12.9965061
1765983290938195200,463.3331953125,45,0.3562440276145935,0.6274973750114441,11.383999824523926,0.12497599422931671,63.90666198730469,837.7999877929688,77.552141,12.996506
1765983291938519300,464.33351928710937,0,0.6123613715171814,0.633976399898529,11.302000045776367,0.048375435173511505,0,837.7999877929688,77.5521409,12.9965059
1765983292939057400,465.3340573730469,45,1.5,0.5757464170455933,11.319000244140625,0.3022688925266266,245.32281494140625,837.7999877929688,77.5521356,12.9965036
1765983293938596600,466.3335966796875,45,1.5,0.5822490453720093,11.387999534606934,0.24273288249969482,245.34107971191406,837.7999877929688,77.5521341,12.9965029
1765983294938185200,467.33318530273436,45,1.5,0.5887441635131836,11.553000450134277,0.13361993432044983,246.16281127929688,837.7999877929688,77.5521338,12.9965028
1765983295938705200,468.333705078125,0,1.5,0.5952439904212952,11.704000473022461,0.05662880837917328,0,837.7999877929688,77.5521339,12.9965029
1765983296938240300,469.333240234375,0,1.5,0.6017460823059082,11.736000061035156,0.024305546656250954,0,837.7999877929688,77.552134,12.9965029
1765983297938449400,470.3334494628906,0,1.5,0.6082430481910706,11.812999725341797,0.007987068966031075,0,837.7999877929688,77.552134,12.9965029
1765983298938896600,471.33389672851564,45,0.30015963315963745,0.6147447228431702,11.687000274658203,0.3228710889816284,64.85984802246094,837.7999877929688,77.5521393,12.9965053
1765983299938550300,472.33355029296877,45,0.3771999180316925,0.6212570667266846,11.472999572753906,0.23895686864852905,64.80020904541016,837.7999877929688,77.5521407,12.9965059
1765983300939078400,473.3340783691406,45,0.6074771285057068,0.627746045589447,11.302000045776367,0.12035729736089706,64.77313995361328,837.7999877929688,77.5521408,12.996506
1765983301938568400,474.333568359375,45,1.5,0.571629524230957,11.230999946594238,0.21797534823417664,147.35618591308594,837.7999877929688,77.552142,12.9965025
1765983302938401300,475.3334013671875,45,1.5,0.5781390070915222,11.256999969482422,0.1613343507051468,154.63096618652344,837.7999877929688,77.5521422,12.9965015
1765983303939048000,476.3340478515625,0,1.5,0.584632933139801,11.199000358581543,0.08256211876869202,0,837.7999877929688,77.5521422,12.9965013
1765983304938285000,477.33328515625,0,1.5,0.5911319851875305,11.230999946594238,0.03286202251911163,0,837.7999877929688,77.5521421,12.9965014
1765983305938681900,478.3336818847656,0,1.5,0.597640872001648,11.342000007629395,0.009694348089396954,0,837.7999877929688,77.552142,12.9965015
1765983306938274600,479.33327465820315,0,1.5,0.6041314601898193,11.414999961853027,0.0014139143750071526,0,837.7999877929688,77.552142,12.9965016
1765983307938776300,480.3337763671875,45,0.4016752243041992,0.6106342673301697,11.142999649047852,0.21559132635593414,340.29931640625,837.7999877929688,77.5521407,12.9965051
1765983308938352600,481.3333525390625,45,0.341743141412735,0.6171367168426514,10.956000328063965,0.15176346898078918,340.3384094238281,837.7999877929688,77.5521404,12.9965059
1765983309938925300,482.33392529296873,0,0.12756672501564026,0.6236324906349182,10.581000328063965,0.06775997579097748,0,837.7999877929688,77.5521404,12.9965058
1765983310938510800,483.3335107421875,0,0.10076502710580826,0.6328404545783997,10.473999977111816,0.023644065484404564,0,837.7999877929688,77.5521405,12.9965057
1765983311939083000,484.3340830078125,45,1.5,0.5747493505477905,10.295000076293945,0.23168940842151642,241.85763549804688,837.7999877929688,77.552137,12.9965037
1765983312938675200,485.33367529296873,45,1.5,0.5812332034111023,10.480999946594238,0.178957998752594,240.37420654296875,837.7999877929688,77.552136,12.9965031
1765983313938338000,486.3333381347656,0,1.5,0.5877335071563721,10.6899995803833,0.09304532408714294,0,837.7999877929688,77.5521359,12.996503
1765983314938422000,487.3334221191406,0,1.5,0.5942426323890686,10.920999526977539,0.033552102744579315,0,837.7999877929688,77.5521361,12.9965031
1765983315938667000,488.3336669921875,0,1.5,0.6007331013679504,11.40999984741211,0.008387274108827114,0,837.7999877929688,77.5521362,12.9965031
1765983316938262000,489.3332619628906,45,0.08101565390825272,0.6072322130203247,11.163999557495117,0.2468021810054779,59.98867416381836,837.7999877929688,77.55214,12.9965053
1765983317938919000,490.3339189453125,45,0.08400635421276093,0.6137387156486511,10.819999694824219,0.1836123913526535,60.06185531616211,837.7999877929688,77.5521411,12.9965059
1765983318938565600,491.3335656738281,45,0.11443261802196503,0.6202333569526672,10.524999618530273,0.10101348161697388,60.394710540771484,837.7999877929688,77.5521413,12.996506
1765983319938197800,492.33319775390623,0,0.1380014717578888,0.6267422437667847,10.425999641418457,0.041973698884248734,0,837.7999877929688,77.5521413,12.996506
1765983320938770400,493.3337705078125,0,0.14389517903327942,0.6332635283470154,9.9350004196167,0.01795930415391922,0,837.7999877929688,77.5521413,12.9965059
1765983321938924500,494.33392456054685,45,1.5,0.5749928951263428,10.185999870300293,0.21180367469787598,356.86773681640625,837.7999877929688,77.5521383,12.9965037
1765983322938604300,495.33360424804687,45,1.5,0.5787839293479919,10.352999687194824,0.20439133048057556,356.74749755859375,837.7999877929688,77.5521378,12.9965034
1765983323939030500,496.3340305175781,45,0.11567491292953491,0.5852925777435303,10.437000274658203,0.5646991729736328,71.10781860351562,837.7999877929688,77.5521501,12.9965047
1765983324938563000,497.33356298828124,45,0.25657016038894653,0.5917872190475464,10.437000274658203,0.5234999656677246,85.95792388916016,837.7999877929688,77.5521548,12.9965039
1765983325800850000,498.1958498535156,108.30686950683594,0.16819624602794647,0.5917872190475464,10.522000312805176,0.13698150217533112,45.44577407836914,837.7999877929688,77.5521461,12.9965043
1765983325938286000,498.3332861328125,108.3848648071289,0.16192077100276947,0.5982860326766968,10.437999725341797,0.13194958865642548,45.07994842529297,837.7999877929688,77.5521445,12.9965039
1765983326636408300,499.031408203125,106.06524658203125,0.1996106058359146,0.5982860326766968,10.447999954223633,0.17480741441249847,33.71592330932617,837.7999877929688,77.552144,12.9965029
1765983326939099600,499.334099609375,105.77445220947266,0.18960615992546082,0.6047952175140381,10.175000190734863,0.16687971353530884,25.437257766723633,837.7999877929688,77.5521442,12.9965024
1765983327938760400,500.3337604980469,108.526123046875,0.19027723371982574,0.611283540725708,9.819000244140625,0.17178606986999512,25.32667350769043,837.7999877929688,77.5521452,12.9965028
1765983328938334000,501.333333984375,101.80575561523438,0.2057364284992218,0.6177853345870972,9.38700008392334,0.1883312612771988,29.094633102416992,837.7999877929688,77.5521486,12.996503
1765983329938929400,502.33392944335935,90.66618347167969,0.14568573236465454,0.6242873072624207,8.64799976348877,0.10034700483083725,41.350643157958984,837.7999877929688,77.5521502,12.9965044
1765983330400669200,502.7956691894531,0,0.13352878391742706,0.6242873072624207,8.222999572753906,0.09831267595291138,0,837.7999877929688,77.5521503,12.9965044
1765983330835307000,503.23030712890625,91.13607788085938,0.16140496730804443,0.5649960041046143,7.442999839782715,0.12976861000061035,60.794124603271484,837.7999877929688,77.5521486,12.9965039
1765983330938190000,503.33319018554687,91.34107971191406,0.1556856781244278,0.5662931203842163,7.132999897003174,0.1250716596841812,62.5678825378418,837.7999877929688,77.5521484,12.9965038
1765983331938770000,504.33377001953124,84.9296646118164,0.13560529053211212,0.572792649269104,6.11899995803833,0.1131647527217865,30.55760383605957,837.7999877929688,77.5521489,12.9965035
1765983332938453000,505.3334528808594,76.16786193847656,0.14686185121536255,0.5792937874794006,5.576000213623047,0.1171935647726059,25.22744369506836,837.7999877929688,77.5521501,12.9965045
1765983333835526100,506.2305261230469,69.52037048339844,0.1708436757326126,0.5792937874794006,5.116000175476074,0.14082323014736176,7.648843765258789,837.7999877929688,77.5521504,12.9965051
1765983333938354400,506.3333544921875,70.16716766357422,0.16547106206417084,0.5857940316200256,4.940000057220459,0.13562119007110596,3.9865431785583496,837.7999877929688,77.5521505,12.9965051
1765983334517196000,506.91219604492187,67.3792495727539,0.2509043514728546,0.5857940316200256,4.998000144958496,0.2658151090145111,340.0747985839844,837.7999877929688,77.55215,12.9965061
1765983334938920200,507.3339201660156,67.25859069824219,0.24737262725830078,0.5922958850860596,5.039999961853027,0.26927274465560913,318.4276123046875,837.7999877929688,77.5521501,12.9965069
1765983335199140900,507.59414086914063,65.54036712646484,0.29840710759162903,0.5922958850860596,5.15500020980835,0.601600170135498,311.65216064453125,837.7999877929688,77.5521487,12.9965088
1765983335775539000,508.1705390625,66.94145202636719,0.31558912992477417,0.5922958850860596,5.290999889373779,0.6117422580718994,291.4278564453125,837.7999877929688,77.5521463,12.9965108
1765983335938302200,508.33330224609375,63.813941955566406,0.30699318647384644,0.5987928509712219,5.550000190734863,0.6137599349021912,290.4591979980469,837.7999877929688,77.5521465,12.9965113
1765983336618907100,509.0139072265625,68.44428253173828,0.2322523444890976,0.5987928509712219,5.677000045776367,0.848666787147522,288.14276123046875,837.7999877929688,77.5521445,12.9965138
1765983336938640600,509.333640625,63.87129592895508,0.26152101159095764,0.6052959561347961,5.7729997634887695,0.8615486025810242,288.67620849609375,837.7999877929688,77.5521442,12.9965149
1765983337138674400,509.53367431640623,73.11285400390625,0.19324380159378052,0.6052959561347961,5.951000213623047,0.8728914856910706,297.68865966796875,837.7999877929688,77.5521449,12.9965155
1765983337938168800,510.3331689453125,79.16741943359375,0.26461121439933777,0.6117922067642212,5.992000102996826,0.8706785440444946,307.8333740234375,837.7999877929688,77.5521485,12.9965204
1765983338020415700,510.4154157714844,75.37435150146484,0.1927141696214676,0.6117922067642212,6.11899995803833,0.8573501110076904,322.0146179199219,837.7999877929688,77.552151,12.9965202
1765983338701475300,511.09647534179686,74.35808563232422,0.24746668338775635,0.6117922067642212,6.177999973297119,0.8408283591270447,302.0390930175781,837.7999877929688,77.5521508,12.9965223
1765983338938768400,511.3337683105469,69.22898864746094,0.24110065400600433,0.6182940602302551,6.394000053405762,0.801775336265564,306.7242431640625,837.7999877929688,77.5521539,12.9965235
1765983339804739800,512.1997397460938,69.5146255493164,0.29436594247817993,0.5619457960128784,6.416999816894531,0.7259876132011414,289.7728576660156,837.7999877929688,77.5521565,12.9965241
1765983339939128600,512.3341286621094,79.12641906738281,0.283846378326416,0.5625823736190796,6.559999942779541,0.6750981211662292,299.4259338378906,837.7999877929688,77.5521577,12.9965192
1765983340938763800,513.333763671875,73.20724487304688,0.2790631949901581,0.5690287947654724,6.513000011444092,0.46052882075309753,298.3742370605469,837.7999877929688,77.5521561,12.9965183
1765983341558343200,513.9533432617187,72.13898468017578,0.22606633603572845,0.5690287947654724,6.4720001220703125,0.3022870421409607,317.196044921875,837.7999877929688,77.5521559,12.996517
1765983341939097600,514.33409765625,77.87906646728516,0.24055247008800507,0.5754956007003784,6.373000144958496,0.305594265460968,326.1578674316406,837.7999877929688,77.5521563,12.9965167
1765983342476430300,514.8714304199219,76.46490478515625,0.2191382497549057,0.5754956007003784,6.322000026702881,0.2790571451187134,334.9208068847656,837.7999877929688,77.5521569,12.9965168
1765983342938907000,515.3339069824219,75.18961334228516,0.23119796812534332,0.5819922089576721,6.297999858856201,0.27436363697052,329.90826416015625,837.7999877929688,77.5521573,12.996517
1765983343082493200,515.4774931640625,63.682674407958984,0.19456413388252258,0.5819922089576721,6.26800012588501,0.2534211575984955,331.18597412109375,837.7999877929688,77.5521578,12.9965168
1765983343938733600,516.3337336425782,64.09524536132812,0.21455509960651398,0.5884674787521362,6.204999923706055,0.26705309748649597,359.8075256347656,837.7999877929688,77.5521582,12.9965175
1765983344019083300,516.4140832519531,60.90924835205078,0.17684154212474823,0.5884674787521362,6.186999797821045,0.22739608585834503,1.9245983362197876,837.7999877929688,77.5521586,12.9965169
1765983344938713300,517.3337133789063,61.33857727050781,0.2015421837568283,0.5949239730834961,6.206999778747559,0.2353696972131729,98.43744659423828,837.7999877929688,77.5521599,12.9965171
1765983345938694700,518.3336945800781,61.08766555786133,0.22611728310585022,0.6014159321784973,6.23199987411499,0.2543649971485138,140.75460815429688,837.7999877929688,77.5521609,12.9965161
1765983346938457300,519.3334572753906,66.70376586914062,0.2606966495513916,0.6079167127609253,6.300000190734863,0.29017525911331177,151.88653564453125,837.7999877929688,77.5521614,12.9965145
1765983347527529000,519.9225290527344,66.51763153076172,0.22670532763004303,0.5612727403640747,6.334000110626221,0.22280462086200714,151.8714599609375,837.7999877929688,77.5521606,12.9965144
1765983347939077600,520.3340776367188,66.95954895019531,0.23517680168151855,0.5638661980628967,6.354000091552734,0.22731487452983856,156.40591430664062,837.7999877929688,77.5521603,12.9965106
1765983348938509800,521.333509765625,66.70836639404297,0.17630501091480255,0.5703803896903992,6.298999786376953,0.17018762230873108,150.5912322998047,837.7999877929688,77.5521589,12.9965101
1765983349938226000,522.3332258300782,0,0.12945154309272766,0.576905369758606,6.276000022888184,0.09588422626256943,0,837.7999877929688,77.5521586,12.9965115
1765983350939062000,523.3340620117187,58.062843322753906,0.11983819305896759,0.5834143161773682,6.193999767303467,0.1015307754278183,153.75982666015625,837.7999877929688,77.5521587,12.9965113
1765983351938652200,524.3336520996094,51.48419189453125,0.12802372872829437,0.5899118781089783,6.13100004196167,0.10786664485931396,160.75807189941406,837.7999877929688,77.55216,12.9965096
1765983352938347500,525.3333474121093,49.1585693359375,0.12635912001132965,0.5968956351280212,6.136000156402588,0.10440676659345627,166.70663452148438,837.7999877929688,77.552162,12.9965077
1765983353938903800,526.3339038085937,0,0.12219221889972687,0.602914035320282,6.13100004196167,0.09441876411437988,0,837.7999877929688,77.5521643,12.9965055
1765983354938602800,527.3336027832031,0,0.08693815767765045,0.6094157099723816,6.120999813079834,0.06160706654191017,0,837.7999877929688,77.5521647,12.9965052
1765983355938374700,528.3333747558594,30.80985450744629,0.1187732145190239,0.6159164905548096,6.0289998054504395,0.10088588297367096,167.92538452148438,837.7999877929688,77.5521688,12.9965049
1765983356938161700,529.3331616210937,24.993370056152344,0.13068321347236633,0.6224151253700256,5.880000114440918,0.11338265240192413,164.81033325195312,837.7999877929688,77.552174,12.996505
1765983356953967000,529.3489670410156,0,0.05218633636832237,0.5592219233512878,5.7870001792907715,0.016025248914957047,0,837.7999877929688,77.5521745,12.9965058
1765983357938904300,530.333904296875,28.264482498168945,0.12897656857967377,0.565076470375061,5.579999923706055,0.10775522142648697,158.4942169189453,837.7999877929688,77.5521734,12.9965057
1765983358614410500,531.0094104003906,0,0.1166485995054245,0.565076470375061,5.47599983215332,0.08404665440320969,0,837.7999877929688,77.5521733,12.9965056
1765983358938760700,531.3337607421875,30.772308349609375,0.154390349984169,0.5715776085853577,5.39900016784668,0.128160297870636,109.95931243896484,837.7999877929688,77.5521738,12.9965054
1765983359115223800,531.5102238769531,0,0.123935267329216,0.5715776085853577,5.267000198364258,0.09985553473234177,0,837.7999877929688,77.5521742,12.9965058
1765983359796260900,532.1912607421875,31.657943725585938,0.13970819115638733,0.5715776085853577,5.260000228881836,0.12045544385910034,66.60179901123047,837.7999877929688,77.552175,12.996506
1765983359938760000,532.3337600097656,31.30203628540039,0.15360581874847412,0.5780747532844543,5.139999866485596,0.14554670453071594,64.05365753173828,837.7999877929688,77.5521757,12.9965061
1765983360240966700,532.6359665527344,33.424461364746094,0.15151184797286987,0.5780747532844543,5.1479997634887695,0.12143561989068985,62.9977912902832,837.7999877929688,77.5521757,12.9965067
1765983360938609400,533.333609375,32.9682731628418,0.18621093034744263,0.5845748782157898,5.109000205993652,0.18438678979873657,92.01571655273438,837.7999877929688,77.5521775,12.9965073
1765983361075741700,533.4707416992187,36.51710510253906,0.12872564792633057,0.5845748782157898,5.118000030517578,0.10026410222053528,97.24610137939453,837.7999877929688,77.5521772,12.996508
1765983361938555000,534.3335549316406,35.2292366027832,0.21725977957248688,0.5919690728187561,5.058000087738037,0.32750600576400757,176.0308380126953,837.7999877929688,77.552185,12.9965072
1765983362428305700,534.8233056640624,84.3493423461914,0.2565056383609772,0.5919690728187561,5.033999919891357,0.3125535547733307,134.8414306640625,837.7999877929688,77.5521859,12.9965064
1765983362975718700,535.37071875,88.47624206542969,0.2908121943473816,0.5975797176361084,5.0289998054504395,0.3341138958930969,130.82080078125,837.7999877929688,77.5521865,12.996506
1765983363392879000,535.7878791503906,81.04602813720703,0.3288227319717407,0.5975797176361084,4.984000205993652,0.6152856349945068,119.56224822998047,837.7999877929688,77.5521919,12.9965044
1765983363938543600,536.3335437011718,72.9409408569336,0.300981730222702,0.6040806770324707,4.939000129699707,0.8440625667572021,109.88788604736328,837.7999877929688,77.5521982,12.9965024
1765983364095047400,536.4900473632813,66.94945526123047,0.24019189178943634,0.5357703566551208,4.908999919891357,0.8158144354820251,100.46421813964844,837.7999877929688,77.5521997,12.9965041
1765983364632938800,537.0279387207031,66.59900665283203,0.2802838981151581,0.5357703566551208,4.9120001792907715,0.8109423518180847,101.29962921142578,837.7999877929688,77.5522029,12.9965047
1765983364938170400,537.3331704101563,43.46052932739258,0.23938222229480743,0.5416218638420105,4.9029998779296875,0.9323891401290894,92.79584503173828,837.7999877929688,77.5522081,12.996505
1765983365221000200,537.6160002441407,40.202274322509766,0.23617050051689148,0.5416218638420105,4.932000160217285,0.9589388966560364,92.45061492919922,837.7999877929688,77.5522111,12.996505
1765983365855189800,538.2501896972656,39.978790283203125,0.27721309661865234,0.5416218638420105,5.013000011444092,0.9539796113967896,94.09986114501953,837.7999877929688,77.5522158,12.9965047
1765983365938759200,538.3337592773438,24.653121948242188,0.23463644087314606,0.5481263399124146,5.0320000648498535,1.0245472192764282,87.43961334228516,837.7999877929688,77.5522204,12.9965063
1765983366629529900,539.0245297851562,22.26889991760254,0.24257835745811462,0.5481263399124146,5.103000164031982,1.0066187381744385,89.80107879638672,837.7999877929688,77.5522288,12.9965073
1765983366938530800,539.3335307617187,16.22289276123047,0.23709973692893982,0.5546317100524902,5.110000133514404,1.0378278493881226,87.02450561523438,837.7999877929688,77.5522367,12.9965092
1765983367074966800,539.469966796875,16.163217544555664,0.17849154770374298,0.5546317100524902,5.150000095367432,1.0402452945709229,87.18306732177734,837.7999877929688,77.5522397,12.9965095
1765983367869229800,540.2642297363282,15.88766860961914,0.2582210898399353,0.5546317100524902,5.229000091552734,1.039555311203003,89.4965591430664,837.7999877929688,77.5522487,12.9965099
1765983367972967000,540.367966796875,15.469752311706543,0.1826801747083664,0.5616690516471863,5.263000011444092,1.047587275505066,90.28700256347656,837.7999877929688,77.5522501,12.9965099
1765983368351488800,540.7464887695312,12.940006256103516,0.16268068552017212,0.5616690516471863,5.276000022888184,1.0712825059890747,90.50930786132812,837.7999877929688,77.5522575,12.9965105
1765983368938374700,541.3333747558594,12.970793724060059,0.22679758071899414,0.5676487684249878,5.310999870300293,1.1186338663101196,91.24507141113281,837.7999877929688,77.5522671,12.9965108
1765983369536639500,541.9316394042969,13.018200874328613,0.223643958568573,0.5676487684249878,5.438000202178955,1.079032063484192,90.40567016601562,837.7999877929688,77.5522744,12.9965103
1765983369938396400,542.333396484375,12.211491584777832,0.20048898458480835,0.574162483215332,5.447999954223633,1.1087069511413574,88.68659973144531,837.7999877929688,77.5522809,12.9965104
1765983370367883800,542.7628837890625,12.772322654724121,0.22039580345153809,0.574162483215332,5.425000190734863,1.0403388738632202,87.30829620361328,837.7999877929688,77.5522856,12.9965108
1765983370812935700,543.2079357910156,13.049760818481445,0.26358088850975037,0.574162483215332,5.422999858856201,1.0374130010604858,85.96419525146484,837.7999877929688,77.5522902,12.9965111
1765983370938822100,543.333822265625,12.262191772460938,0.22837217152118683,0.5835379362106323,5.321000099182129,1.07977294921875,86.16326904296875,837.7999877929688,77.5522932,12.9965109
1765983371938440200,544.3334401855469,12.072688102722168,0.22954653203487396,0.5936115980148315,5.234000205993652,1.0595561265945435,85.82556915283203,837.7999877929688,77.5523063,12.9965106
1765983372014595800,544.4095959472656,12.27745532989502,0.16412600874900818,0.5936115980148315,5.2230000495910645,1.0389485359191895,85.61077117919922,837.7999877929688,77.5523073,12.9965102
1765983372938960600,545.3339606933594,12.589507102966309,0.2376938760280609,0.5965467691421509,5.098999977111816,1.0637024641036987,84.6666488647461,837.7999877929688,77.5523191,12.9965108
1765983373671527700,546.0665275878906,12.285243034362793,0.22013713419437408,0.5965467691421509,5.098999977111816,1.0054786205291748,89.30082702636719,837.7999877929688,77.552327,12.9965109
1765983373938378000,546.3333779296875,12.243517875671387,0.23296009004116058,0.6059261560440063,5.089000225067139,1.04240083694458,105.94048309326172,837.7999877929688,77.5523314,12.99651
1765983373943864800,546.3388647460938,12.245505332946777,0.1978055238723755,0.6059261560440063,5.070000171661377,1.02522611618042,106.01016998291016,837.7999877929688,77.5523327,12.9965094
1765983374103631600,546.4986315917969,12.231931686401367,0.19787491858005524,0.5646047592163086,5.057000160217285,1.0241605043411255,125.53155517578125,837.7999877929688,77.5523341,12.9965086
1765983374938126600,547.3331267089844,12.161784172058105,0.21706971526145935,0.5694922208786011,4.997000217437744,1.0596033334732056,175.5711212158203,837.7999877929688,77.5523395,12.9965034
1765983374996378600,547.3913786621093,12.553861618041992,0.21453429758548737,0.5694922208786011,4.943999767303467,1.0563275814056396,175.08140563964844,837.7999877929688,77.5523389,12.9965037
1765983375715575600,548.1105754394531,52.24476623535156,0.25760212540626526,0.5694922208786011,4.880000114440918,1.0525031089782715,131.58180236816406,837.7999877929688,77.5523403,12.9964985
1765983375938817300,548.3338173828125,50.996578216552734,0.22781243920326233,0.573431670665741,4.7779998779296875,1.0821642875671387,128.98092651367188,837.7999877929688,77.5523431,12.9964973
1765983376368635000,548.763634765625,50.3729362487793,0.2248506247997284,0.573431670665741,4.744999885559082,1.0635350942611694,127.91412353515625,837.7999877929688,77.5523458,12.9964954
1765983376889265400,549.2842653808593,51.840187072753906,0.26294293999671936,0.573431670665741,4.776000022888184,1.0540860891342163,131.19615173339844,837.7999877929688,77.5523489,12.9964929
1765983376938229500,549.3332294921875,51.576595306396484,0.22794976830482483,0.5827986598014832,4.7789998054504395,1.0752968788146973,128.37142944335938,837.7999877929688,77.5523504,12.9964932
1765983377515528700,549.9105288085938,50.56907272338867,0.21499349176883698,0.5827986598014832,4.798999786376953,1.0699357986450195,128.57693481445312,837.7999877929688,77.552355,12.9964909
1765983377938728200,550.3337282714843,51.11719512939453,0.22360938787460327,0.5892994403839111,4.861000061035156,1.0916532278060913,124.61534881591797,837.7999877929688,77.55236,12.99649
1765983378055022800,550.4500229492188,48.63886642456055,0.16065983474254608,0.5892994403839111,4.910999774932861,1.1233724355697632,118.21768188476562,837.7999877929688,77.5523625,12.9964911
1765983378791942400,551.1869423828125,49.79190444946289,0.20718109607696533,0.5892994403839111,5.021999835968018,1.1135965585708618,112.45735168457031,837.7999877929688,77.5523699,12.9964894
1765983378938171100,551.3331711425782,21.998945236206055,0.22660143673419952,0.5958020687103271,5.089000225067139,1.1193424463272095,103.86693572998047,837.7999877929688,77.5523736,12.9964912
1765983379275724000,551.6707241210937,19.166318893432617,0.14640481770038605,0.5958020687103271,5.177000045776367,1.131614089012146,97.87821960449219,837.7999877929688,77.5523792,12.9964928
1765983379938751700,552.3337517089843,16.194475173950195,0.17927062511444092,0.6032686829566956,5.285999774932861,1.1424719095230103,93.14651489257812,837.7999877929688,77.5523899,12.9964951
1765983380031287600,552.4262875976563,15.137382507324219,0.1570984125137329,0.6032686829566956,5.382999897003174,1.141042709350586,90.91924285888672,837.7999877929688,77.5523927,12.9964969
1765983380496182800,552.8911828613282,15.386592864990234,0.2164916843175888,0.6032686829566956,5.434000015258789,1.130760908126831,91.341796875,837.7999877929688,77.5523988,12.996498
1765983380938779100,553.3337790527344,13.298299789428711,0.19591911137104034,0.6097506880760193,5.505000114440918,1.1429389715194702,88.74934387207031,837.7999877929688,77.552406,12.9964992
1765983381177402600,553.5724025878907,13.294739723205566,0.21155375242233276,0.6097506880760193,5.598999977111816,1.13283371925354,87.05451965332031,837.7999877929688,77.5524098,12.9964998
1765983381599711700,553.9947116699219,13.116636276245117,0.2603585422039032,0.5630163550376892,5.625,1.1301602125167847,84.7957992553711,837.4846696282743,77.5524167,12.9965009
1765983381735247600,554.1302475585937,12.887924194335938,0.25861456990242004,0.5630163550376892,5.677000045776367,1.1258922815322876,84.35200500488281,837.4846696282743,77.5524231,12.9965015
1765983381938791200,554.3337912597656,12.845754623413086,0.22314123809337616,0.5648722648620605,5.7210001945495605,1.1377413272857666,84.67939758300781,837.391791891943,77.5524233,12.9965011
1765983382312618000,554.7076179199219,12.832405090332031,0.2060113102197647,0.5648722648620605,5.685999870300293,1.1588644981384277,87.28779602050781,837.391791891943,77.5524266,12.9965008
1765983382852220700,555.247220703125,13.229728698730469,0.2524412274360657,0.5648722648620605,5.684999942779541,1.1597659587860107,88.87333679199219,837.391791891943,77.5524323,12.9965007
1765983382938817300,555.3338173828125,12.857596397399902,0.22080834209918976,0.5649023652076721,5.6620001792907715,1.1709541082382202,89.20575714111328,837.4795099726266,77.5524338,12.9965001
1765983383495324000,555.8903239746094,13.341193199157715,0.20349600911140442,0.5649023652076721,5.651000022888184,1.1495829820632935,87.66370391845703,837.4795099726266,77.5524406,12.996499
1765983383938815200,556.3338151855469,13.373700141906738,0.21374577283859253,0.5714053511619568,5.546999931335449,1.149065613746643,83.32579040527344,837.4525651545358,77.5524463,12.9964981
1765983384168021200,556.5630212402343,14.242505073547363,0.15007250010967255,0.5714053511619568,5.539000034332275,1.1394954919815063,81.5499038696289,837.4525651545358,77.5524492,12.9964976
1765983384716662800,557.1116628417968,14.586868286132812,0.20744648575782776,0.5714053511619568,5.514999866485596,1.1371192932128906,77.64630126953125,837.4525651545358,77.5524554,12.9964982
1765983384938174700,557.3331748046875,13.146191596984863,0.1881227344274521,0.5779111385345459,5.51200008392334,1.1447556018829346,77.32391357421875,837.3562524523992,77.5524583,12.9964979
1765983385312596200,557.7075961914062,14.62873363494873,0.16386981308460236,0.5779111385345459,5.486000061035156,1.1182259321212769,77.39372253417969,837.3562524523992,77.5524627,12.9964985
1765983385938725400,558.3337253417968,13.438468933105469,0.1884259134531021,0.584403932094574,5.447000026702881,1.1392236948013306,83.55810546875,837.2708331607732,77.5524701,12.9964985
1765983386031853000,558.4268530273438,14.0326509475708,0.20330512523651123,0.584403932094574,5.448999881744385,1.1265959739685059,84.1753158569336,837.2708331607732,77.5524714,12.9964983
1765983386515110000,558.9101098632813,13.97160530090332,0.20330512523651123,0.584403932094574,5.453000068664551,1.1247706413269043,90.49909973144531,837.2708331607732,77.552477,12.9964983
1765983386824319500,559.2193195800781,14.251708030700684,0.24397030472755432,0.584403932094574,5.486999988555908,1.1212908029556274,92.32425689697266,837.2708331607732,77.5524783,12.9964981
1765983386938818600,559.3338186035156,13.32496166229248,0.2155667543411255,0.5936647653579712,5.5329999923706055,1.129875659942627,95.13827514648438,837.7999877929688,77.5524869,12.9964963
1765983387168218000,559.5632180175782,13.376476287841797,0.2167908102273941,0.5936647653579712,5.557000160217285,1.1374740600585938,96.5068130493164,837.7999877929688,77.5524873,12.9964957
1765983387755281000,560.1502810058594,14.962491989135742,0.2615800201892853,0.5936647653579712,5.618000030517578,1.1369718313217163,96.93568420410156,837.7999877929688,77.5524927,12.9964948
1765983387938445600,560.3334455566406,14.707879066467285,0.2281261384487152,0.6001729965209961,5.639999866485596,1.1534582376480103,97.01942443847656,837.7999877929688,77.5524944,12.9964939
1765983388332611000,560.7276110839844,14.263792991638184,0.20929865539073944,0.6001729965209961,5.693999767303467,1.116736888885498,95.85186004638672,837.7999877929688,77.552499,12.9964936
1765983388871113700,561.2661137695312,14.65799331665039,0.25378549098968506,0.6001729965209961,5.748000144958496,1.1136548519134521,96.31414031982422,837.7999877929688,77.552505,12.9964931
1765983388938596600,561.3335966796875,11.73161506652832,0.20433206856250763,0.606661319732666,5.6539998054504395,1.1341813802719116,98.45569610595703,837.7999877929688,77.5525059,12.996491
1765983389496047000,561.8910471191406,11.9889554977417,0.21100111305713654,0.606661319732666,5.605000019073486,1.1395388841629028,99.83988952636719,837.7999877929688,77.5525122,12.9964889
1765983389938603500,562.333603515625,11.547738075256348,0.22455640137195587,0.6114256978034973,5.459000110626221,1.1540813446044922,99.27400207519531,837.7999877929688,77.5525177,12.9964887
1765983390035555600,562.4305556640625,10.218456268310547,0.15323781967163086,0.6114256978034973,5.327000141143799,1.129718542098999,99.04806518554688,837.7999877929688,77.552519,12.9964889
1765983390688708400,563.0837082519531,10.337265968322754,0.21049444377422333,0.6114256978034973,5.146999835968018,1.1256232261657715,98.4835205078125,837.7999877929688,77.5525265,12.9964882
1765983390938132500,563.3331325683594,9.82327938079834,0.18800778687000275,0.6179458498954773,5.004000186920166,1.133237600326538,97.7575912475586,837.7999877929688,77.5525297,12.9964889
1765983391275663000,563.6706630859375,10.160454750061035,0.1940450370311737,0.6179458498954773,4.793000221252441,1.1209604740142822,97.5580825805664,837.7999877929688,77.5525336,12.996489
1765983391909949700,564.3049497070313,10.045462608337402,0.23918239772319794,0.6179458498954773,4.626999855041504,1.1155914068222046,96.70306396484375,837.7999877929688,77.5525407,12.9964886
1765983391938631000,564.333630859375,9.821632385253906,0.21193507313728333,0.5540245771408081,4.534999847412109,1.1317670345306396,97.08441162109375,836.884440566729,77.5525415,12.9964882
1765983392515397000,564.9103972167969,9.933780670166016,0.21592970192432404,0.5540245771408081,4.281000137329102,1.1292189359664917,96.19988250732422,836.884440566729,77.5525486,12.9964868
1765983392938648300,565.3336484375,10.041259765625,0.21597738564014435,0.5633081793785095,3.9670000076293945,1.1340949535369873,93.76991271972656,836.8695357826258,77.5525536,12.9964861
1765983393188568600,565.5835686035156,9.884759902954102,0.14026209712028503,0.5633081793785095,3.943000078201294,1.126308560371399,91.55531311035156,836.8695357826258,77.5525568,12.9964857
1765983393776021800,566.1710217285156,11.57575511932373,0.1853976547718048,0.5633081793785095,3.7929999828338623,1.124049186706543,86.83232879638672,836.8695357826258,77.5525636,12.9964857
1765983393939002600,566.3340026855469,11.666658401489258,0.21023334562778473,0.5687867999076843,3.578000068664551,1.1374950408935547,86.230224609375,836.8546310243546,77.5525655,12.996486
1765983394531557600,566.9265576171875,12.055251121520996,0.19994206726551056,0.5687867999076843,3.555000066757202,1.121772289276123,89.56492614746094,836.8546310243546,77.552572,12.9964865
1765983394938794800,567.3337946777344,11.911237716674805,0.22004343569278717,0.5755615234375,3.6080000400543213,1.145188808441162,92.49258422851562,836.9314575114363,77.5525768,12.9964868
1765983394978537700,567.3735378417969,11.6192045211792,0.1516338586807251,0.5755615234375,3.6510000228881836,1.1266777515411377,92.5739517211914,836.9314575114363,77.5525775,12.9964868
1765983395648358100,568.0433581542969,12.057510375976562,0.20703913271427155,0.5755615234375,3.7230000495910645,1.1222035884857178,95.78099060058594,836.9314575114363,77.5525854,12.9964864
1765983395939087400,568.3340874023437,11.916889190673828,0.18838191032409668,0.5846272110939026,3.8299999237060547,1.1374061107635498,96.9301528930664,836.8185157556707,77.5525888,12.9964863
1765983396235226000,568.6302260742187,11.746270179748535,0.18986767530441284,0.5846272110939026,3.875999927520752,1.1396580934524536,97.7928237915039,836.8185157556707,77.5525924,12.996486
1765983396906879700,569.3018796386718,12.380990982055664,0.2389501929283142,0.5846272110939026,3.992000102996826,1.146224856376648,97.98199462890625,836.8185157556707,77.5526003,12.9964851
1765983396939055600,569.3340556640625,12.241543769836426,0.20872969925403595,0.5612979531288147,4.11899995803833,1.1632744073867798,97.95145416259766,836.8850232821299,77.5525998,12.9964854
1765983397456235800,569.8512358398438,12.125961303710938,0.20947161316871643,0.5612979531288147,4.142000198364258,1.159794569015503,96.26598358154297,836.8850232821299,77.5526046,12.9964847
1765983397938699000,570.3336989746093,12.028908729553223,0.22005008161067963,0.564678430557251,4.256999969482422,1.1660137176513672,95.4657974243164,836.7726553155995,77.5526097,12.9964846
1765983398196069400,570.5910693359375,12.017078399658203,0.1364971399307251,0.564678430557251,4.323999881744385,1.136907696723938,95.5989761352539,836.7726553155995,77.5526125,12.9964845
1765983398649273600,571.0442736816407,11.907721519470215,0.1984277218580246,0.564678430557251,4.353000164031982,1.1272368431091309,96.60533905029297,836.7726553155995,77.5526175,12.9964841
1765983398938817300,571.3338173828125,11.727771759033203,0.20809443295001984,0.5724760293960571,4.400000095367432,1.1199030876159668,97.7037124633789,836.8110736355251,77.5526205,12.996484
1765983399832515300,572.2275153808594,11.834101676940918,0.20555344223976135,0.5724760293960571,4.488999843597412,1.103467345237732,98.96797180175781,836.8110736355251,77.5526301,12.9964825
1765983399938831600,572.3338315429687,11.698573112487793,0.21915040910243988,0.5761652588844299,4.526000022888184,1.1087275743484497,98.83818817138672,836.7629207191076,77.5526311,12.9964824
1765983400637717800,573.0327177734375,11.863225936889648,0.2043074667453766,0.5761652588844299,4.589000225067139,1.1209441423416138,99.84060668945312,836.7629207191076,77.5526382,12.9964811
1765983400938571800,573.3335717773438,11.742892265319824,0.18296699225902557,0.5826459527015686,4.617000102996826,1.1289184093475342,100.25123596191406,836.7124750958499,77.5526415,12.9964808
1765983401176223500,573.5712233886719,11.871331214904785,0.19470907747745514,0.5826459527015686,4.664000034332275,1.1211967468261719,100.9360122680664,836.7124750958499,77.5526441,12.9964806
1765983401737353000,574.1323530273437,12.0203275680542,0.23688115179538727,0.5826459527015686,4.716000080108643,1.1259840726852417,102.62638092041016,836.7124750958499,77.5526501,12.9964795
1765983401938272500,574.3332724609375,11.686775207519531,0.2098451554775238,0.5890562534332275,4.723999977111816,1.1434165239334106,102.89374542236328,836.6029738137138,77.5526524,12.9964793
1765983402311893500,574.7068935546876,10.143532752990723,0.20765069127082825,0.5558884739875793,4.771999835968018,1.114043951034546,103.2777328491211,836.5754582099544,77.5526572,12.9964783
1765983402938722800,575.3337229003906,10.256455421447754,0.21804676949977875,0.5604395866394043,4.835999965667725,1.1250932216644287,103.59823608398438,836.4676896095451,77.5526649,12.9964772
1765983402959310300,575.3543103027343,10.256455421447754,0.21804676949977875,0.5604395866394043,4.839000225067139,1.1252654790878296,103.60263061523438,836.4676896095451,77.5526654,12.9964773
1765983403516105200,575.9111052246094,11.980500221252441,0.21145549416542053,0.5604395866394043,4.886000156402588,1.1197034120559692,102.09773254394531,836.4676896095451,77.5526719,12.9964762
1765983403938973000,576.3339729003907,12.023506164550781,0.21793444454669952,0.568662703037262,4.934000015258789,1.1239538192749023,100.41828155517578,836.3438720336536,77.5526768,12.9964758
1765983404176201700,576.5712016601562,12.116253852844238,0.14303970336914062,0.568662703037262,4.940999984741211,1.1203279495239258,100.14590454101562,836.3438720336536,77.5526796,12.9964754
1765983404716275700,577.1112756347657,12.31673526763916,0.20080241560935974,0.568662703037262,4.9629998207092285,1.1146259307861328,99.1793212890625,836.3438720336536,77.5526857,12.9964745
1765983404938994200,577.333994140625,12.086307525634766,0.21519868075847626,0.5752243995666504,5.002999782562256,1.1272647380828857,98.59784698486328,836.3163572588759,77.5526884,12.9964746
1765983405331328300,577.7263283691407,10.102285385131836,0.1449570655822754,0.5752243995666504,4.997000217437744,1.11181640625,98.48838806152344,836.3163572588759,77.5526927,12.9964744
1765983405927381000,578.3223811035157,11.916441917419434,0.19874317944049835,0.5752243995666504,5.005000114440918,1.1098767518997192,96.64778900146484,836.3163572588759,77.5526993,12.9964738
1765983405938220500,578.3332204589843,11.754429817199707,0.17916758358478546,0.5844525694847107,4.994999885559082,1.1208866834640503,96.17996978759766,836.2750852617664,77.5526997,12.9964743
1765983406590151200,578.9851511230469,12.225395202636719,0.2526656687259674,0.5844525694847107,5.013000011444092,1.1215299367904663,96.43505859375,836.2750852617664,77.552707,12.9964742
1765983406938356200,579.3333562011719,10.214330673217773,0.22183090448379517,0.5909518599510193,5.000999927520752,1.1570711135864258,96.73248291015625,836.2292277194992,77.5527114,12.9964748
1765983407148726500,579.5437265625,12.183968544006348,0.21621288359165192,0.5909518599510193,5.000999927520752,1.1176925897598267,96.4157485961914,836.2292277194992,77.5527137,12.9964749
1765983407609363700,580.0043637695312,12.066627502441406,0.21621288359165192,0.5299137234687805,5.010000228881836,1.116458773612976,96.62147521972656,836.1558561604794,77.5527153,12.9964748
1765983407792432600,580.1874326171875,11.864649772644043,0.2583858370780945,0.5299137234687805,5.000999927520752,1.1341447830200195,94.0032958984375,836.1558561604794,77.5527275,12.9964782
1765983407938190300,580.3331904296875,10.09988021850586,0.22271943092346191,0.5318269729614258,4.973999977111816,1.1608896255493164,93.92860412597656,836.1512704588258,77.5527303,12.9964794
1765983408350413000,580.7454130859375,10.178705215454102,0.2037445306777954,0.5318269729614258,4.966000080108643,1.1261337995529175,94.36603546142578,836.1512704588258,77.5527358,12.9964798
1765983408938337800,581.333337890625,10.400991439819336,0.21738700568675995,0.53682541847229,4.928999900817871,1.1157840490341187,96.19051361083984,836.2005841513937,77.5527428,12.9964798
1765983409014655000,581.4096550292969,10.214550971984863,0.1484607607126236,0.53682541847229,4.8979997634887695,1.098010778427124,96.66215515136719,836.2005841513937,77.5527441,12.9964798
1765983409571850000,581.9668500976562,11.661229133605957,0.2079378217458725,0.53682541847229,4.882999897003174,1.0998797416687012,99.11911010742188,836.2005841513937,77.5527508,12.9964791
1765983409938961000,582.3339609375,10.104411125183105,0.21808703243732452,0.5427893996238708,4.84499979019165,1.077245831489563,99.80769348144531,835.9861868277452,77.5527548,12.9964787
1765983410235425500,582.6304255371094,9.803452491760254,0.1458340436220169,0.5427893996238708,4.829999923706055,1.0591437816619873,99.48313903808594,835.9861868277452,77.5527579,12.9964786
1765983410775383600,583.1703835449218,11.94601821899414,0.19591468572616577,0.5427893996238708,4.835000038146973,1.050734519958496,98.67855072021484,835.9861868277452,77.5527635,12.996478
1765983410938183700,583.33318359375,11.84752082824707,0.17736509442329407,0.5493001341819763,4.809000015258789,1.0674095153808594,98.29531860351562,835.9196957048912,77.5527652,12.9964783
1765983411494531000,583.8895310058593,12.205005645751953,0.19295017421245575,0.5493001341819763,4.809999942779541,1.0659772157669067,97.62696838378906,835.9196957048912,77.5527711,12.9964781
1765983411938978800,584.3339787597656,12.182849884033203,0.20650425553321838,0.5561801195144653,4.7779998779296875,1.0779038667678833,95.43495178222656,835.8944750686313,77.5527758,12.996478
1765983411995432000,584.3904318847656,11.842122077941895,0.1485481709241867,0.5561801195144653,4.765999794006348,1.066401720046997,95.4617919921875,835.8944750686313,77.5527764,12.996478
1765983412716009200,585.1110092773438,11.90247631072998,0.25313693284988403,0.5561801195144653,4.730000019073486,1.0622775554656982,94.34535217285156,835.8944750686313,77.552784,12.9964773
1765983412939038200,585.3340380859376,10.073087692260742,0.2190866470336914,0.5626811385154724,4.729000091552734,1.0834829807281494,94.64130401611328,835.8692545063345,77.5527865,12.9964773
1765983413272345000,585.6673449707031,11.8483247756958,0.21145935356616974,0.5626811385154724,4.73799991607666,1.0576081275939941,95.5493392944336,835.8692545063345,77.55279,12.9964772
1765983413959789000,586.3547890625,11.923197746276855,0.24607202410697937,0.569194495677948,4.785999774932861,1.0680574178695679,98.00175476074219,835.8325701841175,77.5527973,12.9964765
1765983414635836200,587.0308361816407,11.622696876525879,0.20560705661773682,0.5730340480804443,4.828000068664551,1.0413416624069214,108.27710723876953,835.823399128012,77.5528043,12.9964747
1765983414764855800,587.1598557128906,11.591565132141113,0.20560705661773682,0.5389922857284546,4.8470001220703125,1.0412157773971558,114.84676361083984,835.8165208423525,77.5528058,12.9964737
1765983414938960600,587.3339606933594,10.140745162963867,0.21926067769527435,0.5413379073143005,4.839000225067139,1.0562145709991455,118.92943572998047,835.8165208423525,77.5528101,12.9964695
1765983415251745000,587.6467451171875,11.696890830993652,0.16626909375190735,0.5413379073143005,4.8460001945495605,1.0056166648864746,126.78021240234375,835.8165208423525,77.5528107,12.9964688
1765983415809264400,588.2042644042969,12.087080955505371,0.21135492622852325,0.5413379073143005,4.836999893188477,0.9943190813064575,133.90785217285156,835.8165208423525,77.5528141,12.9964657
1765983415938578400,588.3335783691406,11.760441780090332,0.18859447538852692,0.5478824973106384,4.824999809265137,0.9804310202598572,136.12387084960938,835.7913005086657,77.5528145,12.9964643
1765983416473996500,588.8689965820313,11.988625526428223,0.2070646733045578,0.5478824973106384,4.818999767303467,0.9618614912033081,130.85870361328125,835.7913005086657,77.5528181,12.9964604
1765983416938216400,589.3332165527344,12.470200538635254,0.22122269868850708,0.5544652938842773,4.801000118255615,0.9666470885276794,101.9343032836914,835.7821294965719,77.5528216,12.9964578
1765983417855196700,590.2501967773437,30.633581161499023,0.2899487316608429,0.5544652938842773,4.808000087738037,0.9417359828948975,107.0444107055664,835.7821294965719,77.5528305,12.996457
1765983417938789400,590.3337893066406,28.943769454956055,0.24499894678592682,0.5609652400016785,4.794000148773193,0.9848282933235168,108.89997100830078,835.7775439941921,77.5528315,12.9964568
1765983418172222500,590.5672224121093,28.565582275390625,0.1987590193748474,0.5433465242385864,4.785999774932861,0.986751914024353,114.16256713867188,835.7775439941921,77.5528339,12.9964565
1765983418430938400,590.8259384765626,28.948469161987305,0.24190467596054077,0.5433465242385864,4.77400016784668,0.9949677586555481,118.98307037353516,835.7775439941921,77.5528383,12.9964504
1765983418938163500,591.3331635742187,28.823591232299805,0.23841211199760437,0.5464825630187988,4.75600004196167,1.0295826196670532,119.5582275390625,835.7775439941921,77.552841,12.9964486
1765983419095434000,591.4904340820312,28.876840591430664,0.1736171692609787,0.5464825630187988,4.7210001945495605,1.0364781618118286,117.12482452392578,835.7775439941921,77.5528422,12.9964485
1765983419690276400,592.0852763671875,28.517333984375,0.22643503546714783,0.5464825630187988,4.7179999351501465,1.0293543338775635,112.59133911132812,835.7775439941921,77.5528477,12.9964465
1765983419938371600,592.3333715820313,27.671510696411133,0.23324422538280487,0.5535364151000977,4.7270002365112305,1.0303466320037842,110.503173828125,835.8727144814063,77.5528504,12.9964462
1765983420334945500,592.7299455566406,26.601499557495117,0.1630360633134842,0.5535364151000977,4.747000217437744,1.021699070930481,106.72081756591797,835.8727144814063,77.5528546,12.9964457
1765983420938828500,593.3338286132813,24.905179977416992,0.20527683198451996,0.5600036382675171,4.775000095367432,1.0383638143539429,106.18614959716797,835.8795927377271,77.5528614,12.9964452
1765983420976381400,593.3713813476562,25.370845794677734,0.2490590512752533,0.5600036382675171,4.800000190734863,1.0378820896148682,106.13788604736328,835.8795927377271,77.552862,12.9964454
1765983421629564000,594.0245639648438,24.758987426757812,0.22047878801822662,0.5600036382675171,4.855999946594238,1.0486476421356201,105.12055969238281,835.8795927377271,77.5528688,12.9964447
1765983421939023000,594.3340231933594,21.836143493652344,0.19922985136508942,0.5665023922920227,4.896999835968018,1.039290428161621,104.62123107910156,835.877299985009,77.5528726,12.9964453
1765983422169359600,594.5643596191406,18.912334442138672,0.20325776934623718,0.5665023922920227,4.920000076293945,1.0314067602157593,103.89012145996094,835.877299985009,77.5528752,12.9964456
1765983422955658000,595.3506579589844,20.68419075012207,0.23911060392856598,0.5730070471763611,5.000999927520752,1.0288559198379517,114.9466552734375,835.8658362305883,77.5528832,12.9964439
1765983423169688800,595.5646887207031,18.03579330444336,0.17366357147693634,0.556913435459137,5.014999866485596,1.00504732131958,120.38569641113281,835.772958494257,77.5528873,12.9964471
1765983423495703000,595.890703125,15.994715690612793,0.22379063069820404,0.556913435459137,5.051000118255615,0.9979358911514282,129.23455810546875,835.772958494257,77.5528924,12.9964422
1765983423938720800,596.333720703125,15.588889122009277,0.22377102077007294,0.5620471239089966,5.085000038146973,1.1891711950302124,148.0245361328125,835.7683729967663,77.5528949,12.9964402
1765983424938832600,597.3338325195313,15.48928451538086,0.2179216742515564,0.5685567259788513,5.122000217437744,0.8602028489112854,172.1464080810547,835.7569092637393,77.5528981,12.9964338
1765983425938971100,598.3339711914062,15.259732246398926,0.21020039916038513,0.5747551918029785,5.080999851226807,0.5677217841148376,176.3816375732422,835.7477382883197,77.5528987,12.9964312
1765983426938773500,599.3337734375,12.185859680175781,0.20432579517364502,0.5857356190681458,4.925000190734863,0.30689793825149536,178.14263916015625,835.6950053694463,77.5528996,12.9964311
1765983427938661000,600.3336611328125,15.632798194885254,0.15596166253089905,0.5895448327064514,4.704999923706055,0.16530771553516388,180.75247192382812,835.6193456593192,77.5529,12.9964323
1765983428938525200,601.3335251464844,18.551326751708984,0.13241611421108246,0.5960558652877808,4.329999923706055,0.11256294697523117,180.83816528320312,835.5459793033547,77.5529002,12.9964336
1765983429938388000,602.3333879394531,16.221445083618164,0.1249314546585083,0.6053964495658875,4.138999938964844,0.10246317833662033,187.54342651367188,835.518467081227,77.5529006,12.9964346
1765983430438710300,602.8337102050781,0,0.11067996174097061,0.5391168594360352,4.103000164031982,0.09283430129289627,0,835.5092963600766,77.5529007,12.9964352
1765983430943864800,603.3388647460938,0,0.08467816561460495,0.5417113900184631,3.990000009536743,0.05064794048666954,0,835.5092963600766,77.5528976,12.9964344
1765983431459084500,603.8540844726563,21.642696380615234,0.1241336241364479,0.5417113900184631,3.9030001163482666,0.10087406635284424,162.6990966796875,835.5092963600766,77.5528976,12.9964348
1765983431938131500,604.3331313476563,0,0.11138778924942017,0.5481895804405212,3.882999897003174,0.08847898244857788,0,835.4909549471151,77.5528981,12.9964351
1765983432939095000,605.3340949707032,65.85588836669922,0.12973634898662567,0.5549717545509338,3.8389999866485596,0.11499559134244919,132.91360473632812,835.4749062428609,77.5528993,12.9964361
1765983432989740000,605.3847399902344,0,0.08967719227075577,0.5549717545509338,3.8329999446868896,0.058663688600063324,0,835.4749062428609,77.5528994,12.9964364
1765983433938945500,606.3339455566406,63.78056716918945,0.14657092094421387,0.5634481906890869,3.8480000495910645,0.12389981746673584,203.06117248535156,835.477198913064,77.5528998,12.9964362
1765983434938766800,607.3337668457032,64.36725616455078,0.1437879353761673,0.5684346556663513,3.8980000019073486,0.12989351153373718,221.61029052734375,835.4955402966878,77.5528994,12.9964363
1765983435938249700,608.3332497558594,81.30591583251953,0.14774689078330994,0.5749325752258301,3.928999900817871,0.13512589037418365,179.5341796875,835.477198913064,77.5528991,12.9964364
1765983436231190000,608.6261899414062,0,0.08816064149141312,0.539249837398529,3.944000005722046,0.07747911661863327,0,835.4840769273378,77.552899,12.9964368
1765983436938608400,609.3336083984375,0,0.12097997218370438,0.5437799692153931,4.010000228881836,0.09549978375434875,0,835.4726135732687,77.5528969,12.9964371
1765983437938142000,610.3331418457032,84.24629974365234,0.14246128499507904,0.5530110001564026,4.045000076293945,0.12325940281152725,180.2946014404297,835.477198913064,77.5528965,12.9964374
1765983438938815200,611.3338151855469,84.87345886230469,0.13789981603622437,0.5566797852516174,4.151000022888184,0.12359356135129929,188.29539489746094,835.4726135732687,77.5528972,12.9964381
1765983439938822100,612.333822265625,88.03459930419922,0.13010869920253754,0.5651956796646118,4.263000011444092,0.10677644610404968,188.34967041015625,835.477198913064,77.5528967,12.9964392
1765983440938580700,613.3335808105469,86.65010833740234,0.12131118774414062,0.5717273950576782,4.4019999504089355,0.10265441983938217,186.46713256835938,835.4726135732687,77.5528957,12.9964397
1765983441938133800,614.3331337890625,0,0.08798115700483322,0.5782265663146973,4.4720001220703125,0.06673920899629593,0,835.4749062428609,77.5528951,12.9964405
1765983441943864800,614.3388647460938,0,0.04216158017516136,0.5385473370552063,4.535999774932861,0.013086654245853424,0,835.4749062428609,77.5528955,12.9964405
1765983442938703000,615.333703125,86.4576644897461,0.1276220679283142,0.5453450679779053,4.703000068664551,0.10372132807970047,173.3207550048828,835.4726135732687,77.5528905,12.9964415
1765983443938333200,616.3333332519531,80.81041717529297,0.13170863687992096,0.5518490672111511,4.749000072479248,0.1087958887219429,100.22344970703125,835.4542722385407,77.55289,12.996441
1765983444938223900,617.3332238769531,45,0.07070634514093399,0.5583158135414124,5.659999847412109,0.10894384980201721,100.10639953613281,835.4451015858451,77.5528967,12.9964452
1765983445938376400,618.3333764648437,45,0.0707063376903534,0.5667853951454163,6.570000171661377,0.24351614713668823,64.9468002319336,835.4359309429283,77.5529001,12.9964476
1765983446938820000,619.3338200683594,45,0.04743987321853638,0.5733039379119873,6.710999965667725,0.18225641548633575,57.27434158325195,835.4061264209889,77.552901,12.9964484
1765983447939057000,620.3340568847656,0,0.055673301219940186,0.5779317617416382,6.49399995803833,0.07459770888090134,0,835.3694440742423,77.552901,12.9964485
1765983448938747600,621.3337475585937,0,0.05675225704908371,0.5474376082420349,6.248000144958496,0.020920053124427795,0,835.387785228058,77.5529008,12.9964484
1765983449938292200,622.3332922363281,0,0.0707084983587265,0.5538508892059326,5.019000053405762,0.005901414435356855,0,835.387785228058,77.5529008,12.9964484
1765983450938822400,623.3338225097656,0,0.0707084983587265,0.5604856014251709,3.7899999618530273,0.005451281554996967,0,835.387785228058,77.5529007,12.9964484
1765983451938525700,624.3335256347656,0,0.056737132370471954,0.5527032017707825,3.7899999618530273,0.0028700975235551596,0,835.387785228058,77.5529007,12.9964484
1765983452938368300,625.3333681640624,0,0.0707082599401474,0.5591862797737122,3.7899999618530273,0.009637431241571903,0,835.4084190728555,77.5529006,12.9964485
1765983453939089700,626.3340895996093,0,0.0707082599401474,0.5638332366943359,3.7899999618530273,0.0046387044712901115,0,835.4428089241993,77.5529006,12.9964485
1765983454938160400,627.3331604003906,0,0.0707084983587265,0.5703219175338745,3.7899999618530273,0.0074598416686058044,0,835.4703209042888,77.5529005,12.9964485
1765983455938262300,628.3332622070312,0,0.0707084983587265,0.5767958760261536,3.7899999618530273,0.0034707144368439913,0,835.477198913064,77.5529005,12.9964485
1765983456938823400,629.3338234863281,0,0.0707084983587265,0.5841975212097168,3.7899999618530273,0.007375795394182205,0,835.4932476215952,77.5529004,12.9964485
1765983457938586600,630.3335866699218,0,0.0707034096121788,0.590688169002533,3.7899999618530273,0.007199493702501059,0,835.4955402966878,77.5529004,12.9964486
1765983458938499800,631.3334997558594,0,0.0707082599401474,0.5989832878112793,3.7899999618530273,0.0033748787827789783,0,835.4955402966878,77.5529004,12.9964486
1765983459938542300,632.3335422363281,0,0.0707034096121788,0.545263409614563,3.7899999618530273,0.006633165292441845,0,835.4978329723909,77.5529003,12.9964486
1765983460938239700,633.3332397460938,0,0.0707034096121788,0.5515142679214478,3.7899999618530273,0.007381035014986992,0,835.5001256487064,77.5529003,12.9964487
1765983461938215200,634.3332150878906,0,0.0707082599401474,0.5582505464553833,3.7899999618530273,0.0034443605691194534,0,835.4955402966878,77.5529003,12.9964487
1765983462938942000,635.3339418945312,0,0.0707034096121788,0.5496330857276917,3.7899999618530273,0.001253716298379004,0,835.4909549471151,77.5529003,12.9964487
1765983463938397700,636.3333977050781,0,0.0707084983587265,0.5561416745185852,3.7899999618530273,0.0062539540231227875,0,835.4909549471151,77.5529002,12.9964487
1765983464938376000,637.3333759765625,0,0.0707084983587265,0.5626515746116638,3.7899999618530273,0.00710459565743804,0,835.4840769273378,77.5529002,12.9964488
1765983465938361600,638.3333615722656,0,0.0707084983587265,0.5694716572761536,3.7899999618530273,0.0026361667551100254,0,835.479491583878,77.5529002,12.9964488
1765983466939073300,639.3340732421875,0,0.0707082599401474,0.5755622386932373,3.7899999618530273,0.004972135182470083,0,835.4749062428609,77.5529001,12.9964488
1765983467939057200,640.3340571289062,0,0.0707084983587265,0.5829192399978638,3.7899999618530273,0.006915817968547344,0,835.4749062428609,77.5529,12.9964488
1765983468938711800,641.3337119140625,0,0.0707084983587265,0.5895779728889465,3.7899999618530273,0.005685020703822374,0,835.477198913064,77.5529,12.9964488
1765983469938769000,642.3337687988281,0,0.0707084983587265,0.5410497784614563,3.7899999618530273,0.006838686764240265,0,835.4634429010152,77.5528999,12.9964489
1765983470938524400,643.3335244140625,0,0.0707084983587265,0.5471137166023254,3.7899999618530273,0.006012696772813797,0,835.4565649032419,77.5528999,12.9964489
1765983471938586000,644.3335861816406,0,0.0707084983587265,0.5555198788642883,3.7899999618530273,0.006439241115003824,0,835.4542722385407,77.5528998,12.9964489
1765983472938642000,645.3336418457031,0,0.7206228375434875,0.5620121359825134,3.7899999618530273,0.005659511778503656,0,835.4542722385407,77.5528998,12.9964489
1765983473938636000,646.3336359863281,0,0.0707084983587265,0.5671500563621521,3.7899999618530273,0.006595782469958067,0,835.4428089241993,77.5528997,12.996449
1765983474938364700,647.3333647460937,0,0.0707084983587265,0.5736526846885681,3.7899999618530273,0.00598904537037015,0,835.4542722385407,77.5528997,12.996449
1765983475939094000,648.3340939941406,0,0.0707084983587265,0.5428645014762878,3.7899999618530273,0.006325763650238514,0,835.4542722385407,77.5528996,12.996449
1765983476938597400,649.3335974121094,0,0.0707084983587265,0.549264132976532,3.7899999618530273,0.0073965382762253284,0,835.4473942481033,77.5528995,12.9964491
1765983477938521300,650.3335212402344,0,0.0707084983587265,0.5560624003410339,3.7899999618530273,0.006761494558304548,0,835.4451015858451,77.5528995,12.9964491
1765983478938595800,651.3335959472656,0,0.07070522755384445,0.562902569770813,3.7899999618530273,0.0069709885865449905,0,835.4405162631642,77.5528994,12.9964491
1765983479938621700,652.3336215820312,0,0.07070522755384445,0.5694983005523682,3.7899999618530273,0.007923215627670288,0,835.4405162631642,77.5528993,12.9964492
1765983480938403800,653.3334038085937,0,0.07070522755384445,0.5737787485122681,3.7899999618530273,0.007213741075247526,0,835.4451015858451,77.5528993,12.9964492
1765983481938450000,654.3334499511719,0,0.07070522755384445,0.5436589121818542,3.7899999618530273,0.007342545315623283,0,835.4565649032419,77.5528992,12.9964492
1765983482938523600,655.3335236816406,0,0.07070522755384445,0.5501911640167236,3.7899999618530273,0.00756155326962471,0,835.4565649032419,77.5528991,12.9964492
1765983483938644000,656.3336440429688,0,0.07070522755384445,0.5565095543861389,3.7899999618530273,0.011124289594590664,0,835.4565649032419,77.552899,12.9964493
1765983484938361300,657.333361328125,0,0.07070522755384445,0.5632860064506531,3.7899999618530273,0.005348488222807646,0,835.4496869109706,77.552899,12.9964493
1765983485938358300,658.3333581542969,0,0.0707046240568161,0.5722678303718567,3.7899999618530273,0.0077471197582781315,0,835.4657355681628,77.5528989,12.9964493
1765983486938296000,659.3332961425781,0,0.07070522755384445,0.5787603855133057,3.7899999618530273,0.00966867059469223,0,835.4886622732441,77.5528988,12.9964493
1765983487939052300,660.3340522460937,0,0.07070522755384445,0.547258198261261,3.7899999618530273,0.012246646918356419,0,835.4932476215952,77.5528987,12.9964494
1765983488938812400,661.3338125,0,0.0707046240568161,0.5537775158882141,3.7899999618530273,0.011165331117808819,0,835.5001256487064,77.5528986,12.9964494
1765983489938776600,662.3337766113282,0,0.0707046240568161,0.5602586269378662,3.7899999618530273,0.010856760665774345,0,835.5138817194295,77.5528985,12.9964494
1765983490938222000,663.3332221679688,0,0.0707046240568161,0.56739342212677,3.7899999618530273,0.012711668387055397,0,835.5138817194295,77.5528984,12.9964495
1765983491938192400,664.3331923828125,0,0.0707046240568161,0.5739231705665588,3.7899999618530273,0.011301945894956589,0,835.5138817194295,77.5528983,12.9964495
1765983492938826500,665.3338264160157,0,0.0706562027335167,0.5434168577194214,3.7899999618530273,0.010889679193496704,0,835.5207597630426,77.5528982,12.9964495
1765983493938480000,666.3334802246094,0,0.0706562027335167,0.5493587255477905,3.7899999618530273,0.0127209248021245,0,835.5345158667709,77.5528981,12.9964496
1765983494938144000,667.3331440429688,0,0.0706561952829361,0.5532266497612,3.7899999618530273,0.011305693536996841,0,835.5345158667709,77.552898,12.9964496
1765983495939058000,668.3340578613281,0,0.07066527009010315,0.5597204566001892,3.7899999618530273,0.010889217257499695,0,835.5345158667709,77.5528979,12.9964496
1765983496938997800,669.3339978027344,0,0.07057472318410873,0.5683103799819946,3.7899999618530273,0.01271869894117117,0,835.527637812156,77.5528978,12.9964497
1765983497938826200,670.333826171875,0,0.07057471573352814,0.5748010873794556,3.7899999618530273,0.011303428560495377,0,835.5322231812892,77.5528977,12.9964497
1765983498938314500,671.333314453125,0,0.07057471573352814,0.5450559854507446,3.7899999618530273,0.008838490583002567,0,835.536808552865,77.5528977,12.9964498
1765983499938614000,672.3336140136719,0,0.07057471573352814,0.5516244173049927,3.7899999618530273,0.008822234347462654,0,835.5391012395701,77.5528976,12.9964498
1765983500939100200,673.3341000976562,0,0.07066527009010315,0.5603863596916199,3.7899999618530273,0.009656950831413269,0,835.5482719925043,77.5528975,12.9964498
1765983501939005000,674.3340048828125,0,0.032115478068590164,0.5669147968292236,3.7899999618530273,0.01079679187387228,0,835.5597354474235,77.5528974,12.9964499
1765983502938450400,675.3334504394531,0,0.07069553434848785,0.5726234316825867,3.7899999618530273,0.008651535026729107,0,835.5528573726373,77.5528974,12.9964499
1765983503938832000,676.3338317871094,0,0.03368356451392174,0.5784586668014526,3.7899999618530273,0.009399107657372952,0,835.5620281402408,77.5528973,12.99645
1765983504938706200,677.3337060546875,0,0.07069748640060425,0.5484594106674194,3.7899999618530273,0.009561826474964619,0,835.5597354474235,77.5528972,12.99645
1765983505938181400,678.3331813964844,0,0.07069770246744156,0.5549589395523071,3.7899999618530273,0.010354938916862011,0,835.5528573726373,77.5528971,12.9964501
1765983506938679300,679.3336791992188,0,0.07069789618253708,0.5609155893325806,3.7899999618530273,0.01041314285248518,0,835.5482719925043,77.552897,12.9964501
1765983507938686700,680.3336867675781,0,0.0706980973482132,0.5673646330833435,3.7899999618530273,0.009074893780052662,0,835.5482719925043,77.552897,12.9964501
1765983508938701000,681.333701171875,0,0.07031357288360596,0.5739895701408386,4.814000129699707,0.03591013699769974,0,835.5345158667709,77.5528956,12.9964509
1765983509938648300,682.3336484375,0,0.07070419937372208,0.542339026927948,5.8379998207092285,0.05712306499481201,0,835.536808552865,77.5528942,12.9964515
1765983510939096800,683.3340969238282,0,0.07070525735616684,0.548850953578949,7.4770002365112305,0.06367063522338867,0,835.525345128508,77.5528933,12.9964519
1765983511938832400,684.3338322753906,0,0.07070524990558624,0.5553324818611145,8.706000328063965,0.062035635113716125,0,835.5207597630426,77.5528928,12.9964521
1765983512938822700,685.3338227539062,0,0.07069256901741028,0.5620667934417725,9.9350004196167,0.056269608438014984,0,835.5322231812892,77.5528927,12.9964521
1765983513938532900,686.3335329589844,0,0.07070524245500565,0.5512315034866333,9.9350004196167,0.04922575503587723,0,835.525345128508,77.5528926,12.9964522
1765983514938612200,687.3336123046874,0,0.07070523500442505,0.557701587677002,9.9350004196167,0.04220373556017876,0,835.525345128508,77.5528926,12.9964521
1765983515938400300,688.3334001464843,0,0.07070523500442505,0.5674644112586975,9.9350004196167,0.03576007857918739,0,835.5322231812892,77.5528926,12.9964521
1765983516938731300,689.3337312011719,0,0.07070523500442505,0.574048638343811,9.9350004196167,0.031970441341400146,0,835.536808552865,77.5528926,12.9964521
1765983517939051800,690.3340517578125,0,0.07070522755384445,0.5805349946022034,9.9350004196167,0.019182486459612846,0,835.536808552865,77.5528926,12.9964521
1765983518938829300,691.3338293457032,0,0.07070522755384445,0.5873615741729736,9.9350004196167,0.013685355894267559,0,835.5413939268877,77.5528926,12.9964522
1765983519938689300,692.3336892089844,0,0.07070522755384445,0.5921490788459778,9.9350004196167,0.010632453486323357,0,835.5436866148158,77.5528925,12.9964522
1765983520938372900,693.3333728027344,0,0.07070522755384445,0.5465788245201111,9.9350004196167,0.010144560597836971,0,835.5505646822646,77.5528924,12.9964522
1765983521938396400,694.333396484375,0,0.07070522755384445,0.553169310092926,9.9350004196167,0.011858325451612473,0,835.5551500636208,77.5528923,12.9964523
1765983522939102000,695.3341020507812,0,0.07070522755384445,0.5591458082199097,9.9350004196167,0.006829977035522461,0,835.5597354474235,77.5528923,12.9964523
1765983523939056000,696.3340561523438,0,0.07070522755384445,0.5655325055122375,9.9350004196167,0.007512116339057684,0,835.5711989176209,77.5528922,12.9964523
1765983524939085000,697.3340849609375,0,0.07070522755384445,0.5719764828681946,9.9350004196167,0.010769350454211235,0,835.5711989176209,77.5528921,12.9964524
1765983525939105000,698.3341049804687,0,0.07070522755384445,0.5758355855941772,9.9350004196167,0.006465916521847248,0,835.6010040116515,77.5528921,12.9964524
1765983526939111000,699.3341108398438,0,0.07070522755384445,0.5421863794326782,9.9350004196167,0.0028462610207498074,0,835.6078821249436,77.5528921,12.9964524
1765983527939089700,700.3340895996093,0,0.07070522755384445,0.5480585098266602,9.9350004196167,0.00571293942630291,0,835.6078821249436,77.552892,12.9964524
1765983528938581800,701.3335817871093,0,0.07070522755384445,0.5545704364776611,9.9350004196167,0.006360688712447882,0,835.6078821249436,77.552892,12.9964525
1765983529937437700,702.3324377441406,0,0.07070522755384445,0.5620936155319214,9.9350004196167,0.006749627646058798,0,835.6055894199017,77.5528919,12.9964524
1765983530937471200,703.3324711914063,0,0.07070522755384445,0.5685904622077942,9.9350004196167,0.00515918480232358,0,835.6010040116515,77.5528919,12.9964525
1765983531937154600,704.3321545410156,0,0.07070522755384445,0.5772327184677124,9.9350004196167,0.007177255116403103,0,835.5941259038609,77.5528918,12.9964525
1765983532938027500,705.3330275878906,0,0.07070522755384445,0.5497817993164062,9.9350004196167,0.004280586261302233,0,835.5987113084434,77.5528918,12.9964525
1765983533937606100,706.3326062011719,0,0.07070522755384445,0.5557543635368347,9.9350004196167,0.006755870766937733,0,835.5941259038609,77.5528917,12.9964525
1765983534938085400,707.3330854492187,0,0.07070522755384445,0.5626731514930725,9.9350004196167,0.004096894059330225,0,835.5941259038609,77.5528917,12.9964525
1765983535938034000,708.3330339355468,0,0.0706888809800148,0.569108784198761,9.9350004196167,0.0018125001806765795,0,835.5872478015721,77.5528917,12.9964525
1765983536938015500,709.3330153808594,0,0.0706997737288475,0.5756076574325562,9.9350004196167,0.0074992491863667965,0,835.589540501723,77.5528916,12.9964526
1765983537938049500,710.3330495605469,0,0.0706997737288475,0.5431326627731323,9.9350004196167,0.0050711012445390224,0,835.5987113084434,77.5528916,12.9964526
1765983538937548800,711.332548828125,0,0.0707063153386116,0.5496208667755127,9.9350004196167,0.0037452545948326588,0,835.6010040116515,77.5528916,12.9964525
1765983539937553700,712.3325537109375,0,0.0707084983587265,0.5559613704681396,9.9350004196167,0.0029887163545936346,0,835.6078821249436,77.5528916,12.9964525
1765983540938046200,713.3330461425782,0,0.0707084983587265,0.5624864101409912,9.9350004196167,0.0015367508167400956,0,835.6010040116515,77.5528916,12.9964525
1765983541938082000,714.33308203125,81.81806945800781,0.9419775009155273,0.5684154033660889,9.9350004196167,0.37826982140541077,174.9807891845703,835.5918332024867,77.552892,12.9964493
1765983542937175600,715.3321755371094,45,0.07068479061126709,0.5437433123588562,9.9350004196167,0.3758928179740906,174.960205078125,835.5757843099806,77.5528922,12.9964476
1765983543937152500,716.3321525878906,45,0.07070634514093399,0.551299512386322,9.9350004196167,0.22301065921783447,174.95387268066406,835.568906222359,77.5528922,12.9964475
1765983544937597700,717.33259765625,0,0.04882242530584335,0.5578094720840454,9.9350004196167,0.07447462528944016,0,835.5574427552167,77.5528921,12.996448
1765983545937845000,718.3328449707031,0,0.03817831352353096,0.5642849206924438,9.9350004196167,0.018827423453330994,0,835.5413939268877,77.5528921,12.9964482
1765983546937337000,719.3323371582031,80.14275360107422,0.8728131651878357,0.5709207653999329,9.9350004196167,0.3780938684940338,199.132080078125,835.529930496418,77.552889,12.996447
1765983547937690000,720.3326901855469,45,0.026464050635695457,0.5774363875389099,9.9350004196167,0.3754778504371643,199.50656127929688,835.4336382837274,77.5528851,12.9964467
1765983548937164300,721.3321643066406,45,0.04887424781918526,0.5450589656829834,9.9350004196167,0.2447705864906311,225.45944213867188,835.3694440742423,77.5528828,12.9964474
1765983549937944300,722.3329443359376,45,0.0707063376903534,0.553598165512085,8.706000328063965,0.1220722645521164,265.4087219238281,835.3304692522629,77.5528822,12.9964486
1765983550938001700,723.3330017089844,0,0.0707063376903534,0.5627736449241638,7.4770002365112305,0.056337855756282806,0,835.3144208474934,77.552882,12.9964488
1765983551938059300,724.3330593261719,0,0.0707085058093071,0.5688789486885071,6.248000144958496,0.020749162882566452,0,835.3098355944887,77.5528821,12.9964488
1765983552937258500,725.3322585449218,0,0.0707085058093071,0.5750880241394043,5.8379998207092285,0.006843841169029474,0,835.3029577195645,77.5528821,12.9964488
1765983553937414700,726.3324145507812,0,0.0707084983587265,0.5810356140136719,3.7899999618530273,0.0021106083877384663,0,835.2960798501409,77.5528821,12.9964488
1765983554937430000,727.3324299316406,0,0.07071065902709961,0.5439942479133606,3.7899999618530273,0.0006224726676009595,0,835.2983724726713,77.5528821,12.9964488
1765983555937388300,728.3323881835937,0,0.07071065902709961,0.5499112010002136,3.7899999618530273,0.006284584756940603,0,835.293787228223,77.552882,12.9964488
1765983556937850400,729.3328503417969,0,0.07071065902709961,0.5566705465316772,3.7899999618530273,0.0030863601714372635,0,835.2800315095457,77.552882,12.9964488
1765983557937570300,730.3325703125,0,0.07071065902709961,0.5634161829948425,3.7899999618530273,0.0011420412920415401,0,835.2685684274558,77.552882,12.9964488
1765983558937551400,731.3325512695312,0,0.07071065902709961,0.5700405240058899,3.7899999618530273,0.00629603024572134,0,835.2616905855352,77.552882,12.9964489
1765983559937451800,732.3324516601563,0,0.056727491319179535,0.5795961618423462,3.7899999618530273,0.0031251104082912207,0,835.2525201381972,77.552882,12.9964489
1765983560579467800,732.9744677734375,122.38900756835938,0.12148185074329376,0.5795961618423462,3.809000015258789,0.10195039212703705,120.73869323730469,835.2525201381972,77.5528841,12.9964474
1765983560582969600,732.9779694824218,122.38900756835938,0.12148185074329376,0.5448142886161804,3.822000026702881,0.10191180557012558,114.32196807861328,835.2502275278913,77.5528845,12.9964472
1765983560937466600,733.3324665527343,120.98707580566406,0.1412423551082611,0.5448879599571228,3.809000015258789,0.1447526067495346,100.2431869506836,835.2525201381972,77.5528825,12.9964478
1765983561195415600,733.5904155273438,0,0.1116853728890419,0.5448879599571228,3.7990000247955322,0.08640316128730774,0,835.2525201381972,77.5528825,12.9964476
1765983561937958400,734.3329584960937,117.6261215209961,0.12288492172956467,0.5512447953224182,3.7829999923706055,0.10109525918960571,32.28000259399414,835.2410570927779,77.5528828,12.996448
1765983562178314800,734.5733146972656,0,0.06632853299379349,0.5512447953224182,3.7839999198913574,0.027128133922815323,0,835.2410570927779,77.552883,12.9964482
1765983562937818400,735.332818359375,0,0.11331534385681152,0.557992696762085,3.7769999504089355,0.08598357439041138,0,835.2502275278913,77.5528833,12.9964483
1765983563937204700,736.3322048339844,0,0.11383344233036041,0.5639391541481018,3.756999969482422,0.09406134486198425,0,835.2387644855262,77.5528836,12.9964489
1765983564937826600,737.3328266601562,0,0.10325495898723602,0.5704414248466492,3.7360000610351562,0.07871324568986893,0,835.2227162518856,77.5528847,12.9964496
1765983565937990100,738.332990234375,103.17371368408203,0.12773637473583221,0.5745582580566406,3.7200000286102295,0.11028388142585754,17.072935104370117,835.2227162518856,77.5528851,12.9964499
1765983566375464000,738.7704638671875,0,0.10693307965993881,0.5397068858146667,3.740999937057495,0.09401600062847137,0,835.2227162518856,77.5528851,12.9964501
1765983566937172200,739.3321721191406,99.76644897460938,0.12185098975896835,0.5436124801635742,3.746999979019165,0.1020515114068985,16.76445770263672,835.2204236495236,77.5528837,12.9964517
1765983567937326600,740.3323266601562,88.1694107055664,0.11631403118371964,0.5497984886169434,3.7890000343322754,0.10325999557971954,16.974824905395508,835.2089606468854,77.5528836,12.9964516
1765983568937186000,741.3321860351563,0,0.12052460014820099,0.5561295747756958,3.8329999446868896,0.09664497524499893,0,835.1974976595263,77.5528836,12.9964518
1765983569938018800,742.3330187988281,0,0.0707084983587265,0.5670806765556335,3.872999906539917,0.09661980718374252,0,835.1974976595263,77.5528856,12.9964508
1765983570937841200,743.3328410644531,0,0.0707084983587265,0.573405385017395,3.8589999675750732,0.04625581204891205,0,835.1929124688603,77.5528859,12.9964506
1765983571937992200,744.3329921875,0,0.0707084983587265,0.5793120861053467,3.88100004196167,0.01222282089293003,0,835.1974976595263,77.5528858,12.9964505
1765983572938056400,745.3330563964844,0,0.0707084983587265,0.5519336462020874,3.8410000801086426,0.008718704804778099,0,835.1974976595263,77.5528858,12.9964506
1765983573937212000,746.3322119140626,0,0.045809172093868256,0.5585046410560608,3.7899999618530273,0.003691314021125436,0,835.2043754501093,77.5528858,12.9964506
1765983574937304000,747.3323039550781,0,0.05672622099518776,0.563774585723877,3.7899999618530273,0.0012945081107318401,0,835.2273014584415,77.5528858,12.9964506
1765983575937851000,748.3328508300781,0,0.07070522755384445,0.571526825428009,3.7899999618530273,0.00041325745405629277,0,835.2273014584415,77.5528858,12.9964506
1765983576937832200,749.3328322753906,0,0.07070522755384445,0.5779412984848022,3.7899999618530273,0.00012468812929000705,0,835.2387644855262,77.5528858,12.9964506
1765983577938091000,750.3330910644531,0,0.07070522755384445,0.5843609571456909,3.7899999618530273,0.00003619211202021688,0,835.2593979727827,77.5528858,12.9964506
1765983578938027300,751.33302734375,0,0.07070522755384445,0.5505746603012085,3.7899999618530273,0.000010212206689175218,0,835.2685684274558,77.5528858,12.9964506
1765983579937936600,752.3329365234375,0,0.04579530283808708,0.5538054704666138,3.7899999618530273,0.006286398973315954,0,835.2800315095457,77.5528858,12.9964507
1765983580937839900,753.33283984375,0,0.0707084983587265,0.5600435137748718,3.7899999618530273,0.00312350457534194,0,835.2846167466594,77.5528858,12.9964507
1765983581937851400,754.3328513183594,0,0.0707084983587265,0.5665310621261597,3.7899999618530273,0.0011601750738918781,0,835.2800315095457,77.5528858,12.9964507
1765983582937843700,755.33284375,0,0.0707084983587265,0.5470896363258362,3.7899999618530273,0.0003817637334577739,0,835.2708610426515,77.5528858,12.9964507
1765983583937853200,756.3328532714844,0,0.0707084983587265,0.5535916686058044,3.7899999618530273,0.00011736738088075072,0,835.2685684274558,77.5528858,12.9964507
1765983584937982700,757.3329826660156,0,0.0707084983587265,0.5605791211128235,3.7899999618530273,0.00003451550946920179,0,835.2639831988968,77.5528858,12.9964507
1765983585938031000,758.3330310058594,0,0.056717149913311005,0.5670987963676453,3.7899999618530273,0.000009833351214183494,0,835.2616905855352,77.5528858,12.9964507
1765983586937328600,759.3323286132812,0,0.07070522755384445,0.5751292705535889,3.7899999618530273,0.0000027359305931895506,0,835.2548127491154,77.5528858,12.9964507
1765983587937266700,760.3322666015625,0,0.07070522755384445,0.5815183520317078,3.7899999618530273,0.006283684633672237,0,835.2502275278913,77.5528858,12.9964508
1765983588937840400,761.3328403320312,0,0.07070522755384445,0.5446733236312866,3.7899999618530273,0.0031213564798235893,0,835.2410570927779,77.5528858,12.9964508
1765983589937905700,762.3329057617187,0,0.045784611254930496,0.553814172744751,3.7899999618530273,0.0011591792572289705,0,835.236471878887,77.5528858,12.9964508
1765983590937345300,763.3323452148437,0,0.07067514210939407,0.5603729486465454,3.7899999618530273,0.013640730641782284,0,835.2250088548582,77.5528859,12.9964506
1765983591937877500,764.3328774414063,0,0.03458402678370476,0.5692995190620422,3.7899999618530273,0.028415720909833908,0,835.2066680481921,77.5528862,12.9964504
1765983592937193700,765.3321938476563,0,0.03971768543124199,0.577076256275177,3.7899999618530273,0.022089023143053055,0,835.2066680481921,77.5528863,12.9964503
1765983593937894100,766.3328940429687,0,0.7255885004997253,0.5809138417243958,3.7899999618530273,0.03159337490797043,0,835.2020828526377,77.5528865,12.9964508
1765983594937408800,767.3324086914063,0,0.026474161073565483,0.5506927967071533,3.7899999618530273,0.045964185148477554,0,835.2066680481921,77.5528862,12.9964513
1765983595937345500,768.3323454589844,0,0.07070634514093399,0.5551092028617859,3.7899999618530273,0.032667484134435654,0,835.2112532461915,77.552886,12.9964514
1765983596937176300,769.3321762695313,0,0.07071063667535782,0.5615881085395813,3.7899999618530273,0.018931454047560692,0,835.2479349181963,77.552886,12.9964515
1765983597937791700,770.3327917480469,0,0.07071063667535782,0.5680845379829407,3.7899999618530273,0.0031123729422688484,0,835.2616905855352,77.552886,12.9964514
1765983598937918700,771.3329187011718,0,0.0707085058093071,0.5745030045509338,3.7899999618530273,0.0013051527785137296,0,835.2800315095457,77.552886,12.9964514
1765983599937459700,772.3324597167968,0,0.0707085058093071,0.5813305377960205,3.7899999618530273,0.0005384383257478476,0,835.3144208474934,77.552886,12.9964514
1765983600937802800,773.332802734375,0,0.0707084983587265,0.5486176013946533,3.7899999618530273,0.0001903608936117962,0,835.344225051616,77.552886,12.9964514
1765983601937910500,774.3329106445312,0,0.0707084983587265,0.5552828907966614,3.7899999618530273,0.00006135892181191593,0,835.3579808729713,77.552886,12.9964514
1765983602937310000,775.3323100585937,0,0.07071065902709961,0.5613764524459839,3.7899999618530273,0.000018668515622266568,0,835.3671514327655,77.552886,12.9964514
1765983603937452800,776.3324528808594,0,0.0707084983587265,0.5676569938659668,3.7899999618530273,0.000005455150130728725,0,835.3786146462605,77.552886,12.9964514
1765983604938028500,777.3330285644531,0,0.0707084983587265,0.5741127729415894,3.7899999618530273,0.000001546844259792124,0,835.4015411190894,77.552886,12.9964514
1765983605937620500,778.3326203613282,0,0.0707084983587265,0.5805331468582153,3.7899999618530273,4.2884551021415973e-7,0,835.4175896864336,77.552886,12.9964514
1765983606937296100,779.3322961425781,0,0.0707084983587265,0.5488402843475342,3.7899999618530273,1.1670588406786919e-7,0,835.4198823413575,77.552886,12.9964514
1765983607938021000,780.3330212402344,0,0.72109055519104,0.5533262491226196,3.7899999618530273,0.017538849264383316,0,835.4175896864336,77.5528862,12.9964512
1765983608937446400,781.3324462890625,0,0.04365579038858414,0.5604338645935059,3.7899999618530273,0.030921729281544685,0,835.4061264209889,77.5528857,12.996451
1765983609937771000,782.3327709960937,0,0.0707085058093071,0.5669181942939758,3.7899999618530273,0.02924691140651703,0,835.403833769733,77.5528855,12.9964509
1765983610937325000,783.3323249511719,90.78843688964844,0.722170352935791,0.5743701457977295,3.7899999618530273,0.17941787838935852,180.9934844970703,835.3946631708235,77.5528861,12.9964498
1765983611938125300,784.3331252441407,45,0.07070419937372208,0.5845059156417847,3.7899999618530273,0.17791765928268433,180.9755096435547,835.403833769733,77.5528866,12.9964496
1765983612937685000,785.3326850585937,0,0.05681030452251434,0.5529951453208923,3.7899999618530273,0.0846915990114212,0,835.413004378423,77.5528868,12.9964497
1765983613937797000,786.3327971191407,0,0.0707085058093071,0.559870183467865,3.7899999618530273,0.028200749307870865,0,835.4221749968907,77.5528868,12.9964498
1765983614937249000,787.3322490234375,0,0.05676751211285591,0.5669825077056885,3.7899999618530273,0.014721856452524662,0,835.4221749968907,77.5528868,12.9964498
1765983615937661200,788.3326611328125,91.53544616699219,0.7214632034301758,0.573641836643219,3.7899999618530273,0.16942748427391052,98.03499603271484,835.410711725333,77.5528878,12.9964492
1765983616937180700,789.3321806640625,45,0.043676432222127914,0.5823788046836853,3.7899999618530273,0.16838136315345764,98.05825805664062,835.403833769733,77.5528883,12.9964494
1765983617937223400,790.3322233886719,91.46170043945312,0.7217394113540649,0.5518408417701721,3.7899999618530273,0.1692262440919876,239.8996124267578,835.410711725333,77.5528872,12.9964492
1765983618937722400,791.3327224121093,0,0.04369864985346794,0.556416928768158,3.7899999618530273,0,0,835.4221749968907,77.5528854,12.9964487
1765983619937547500,792.3325476074219,0,0.056815244257450104,0.5632936954498291,3.7899999618530273,0,0,835.4359309429283,77.552885,12.9964485
1765983620937708500,793.3327084960938,0,0.7213723659515381,0.5693414211273193,3.7899999618530273,0,0,835.4313456251389,77.5528856,12.9964484
1765983621937720300,794.3327202148438,0,0.7211809754371643,0.5752568244934082,3.7899999618530273,0,0,835.4175896864336,77.5528867,12.9964482
1765983622937624600,795.3326245117188,0,0.04368167743086815,0.5795663595199585,3.7899999618530273,0,0,835.4175896864336,77.5528877,12.9964478
1765983623937223400,796.3322233886719,0,0.0707085058093071,0.5471956729888916,3.7899999618530273,0,0,835.410711725333,77.552888,12.9964477
1765983624937256700,797.3322565917969,0,0.0707085058093071,0.5537294745445251,3.7899999618530273,0,0,835.403833769733,77.5528881,12.9964477
1765983625937884200,798.3328842773437,0,0.0707085058093071,0.5600212216377258,3.7899999618530273,0,0,835.4949878696982,77.5528881,12.9964477
1765983626937396200,799.3323962402344,0,0.0707085058093071,0.5669366717338562,3.7899999618530273,0,0,835.5270850942352,77.5528882,12.9964477
1765983627937944800,800.3329448242188,0,0.0707085058093071,0.5737460851669312,3.7899999618530273,0,0,835.5408410842798,77.5528882,12.9964478
1765983628937290800,801.3322907714844,0,0.05674433708190918,0.5445654392242432,3.7899999618530273,0,0,835.5293777577149,77.5528882,12.9964478
1765983629937673700,802.332673828125,0,0.0707084983587265,0.5508280396461487,3.7899999618530273,0,0,835.5041584930568,77.5528882,12.9964478
1765983630937286700,803.3322866210938,0,0.0707084983587265,0.5573263764381409,3.7899999618530273,0,0,835.5064511504238,77.5528882,12.9964478
1765983631937780000,804.3327800292968,0,0.0707084983587265,0.5659872889518738,3.7899999618530273,0,0,835.5064511504238,77.5528881,12.9964478
1765983632937715700,805.3327158203125,0,0.0707084983587265,0.5721099376678467,3.7899999618530273,0,0,835.5041584930568,77.5528881,12.9964479
1765983633937298400,806.3322983398438,0,0.0707084983587265,0.5786036252975464,3.7899999618530273,0,0,835.497280524622,77.552888,12.9964479
1765983634937811500,807.3328115234375,0,0.0707084983587265,0.5501091480255127,3.7899999618530273,0,0,835.5064511504238,77.552888,12.996448
1765983635937687000,808.3326870117188,0,0.0707084983587265,0.5567005276679993,3.7899999618530273,0,0,835.497280524622,77.5528879,12.996448
1765983636937441500,809.3324416503906,0,0.0707084983587265,0.5631157159805298,3.7899999618530273,0,0,835.4949878696982,77.5528879,12.9964481
1765983637937694500,810.3326945800782,0,0.0707084983587265,0.5696191191673279,3.7899999618530273,0,0,835.497280524622,77.5528879,12.9964481
1765983638937726700,811.3327268066406,0,0.0707084983587265,0.5746651887893677,3.7899999618530273,0,0,835.5064511504238,77.5528879,12.9964481
1765983639938083000,812.3330830078125,0,0.0707084983587265,0.5836600661277771,3.7899999618530273,0,0,835.5156217860064,77.5528879,12.9964481
1765983640937933800,813.3329338378907,0,0.0707084983587265,0.5895625948905945,3.7899999618530273,0,0,835.5362557518202,77.5528879,12.9964481
1765983641937538000,814.3325380859375,0,0.0707084983587265,0.5507628321647644,3.7899999618530273,0,0,835.5614751106024,77.5528879,12.9964481
1765983642937938200,815.3329382324218,0,0.0707084983587265,0.5554730296134949,3.7899999618530273,0,0,835.5660604565087,77.5528879,12.9964481
1765983643937723600,816.3327236328125,0,0.0707084983587265,0.5621316432952881,3.7899999618530273,0,0,835.577523831971,77.5528879,12.9964481
1765983644937661700,817.3326616210937,0,0.05671747773885727,0.5502078533172607,3.7899999618530273,0,0,835.5935725832883,77.5528879,12.9964481
1765983645937934300,818.3329343261719,0,0.0707084983587265,0.5567057132720947,3.7899999618530273,0,0,835.5958652644915,77.5528879,12.9964481
1765983646938060800,819.3330607910157,0,0.0707084983587265,0.5629720091819763,3.7899999618530273,0,0,835.6073286796826,77.5528879,12.9964481
1765983647937926700,820.3329267578125,0,0.0707084983587265,0.5692715048789978,3.7899999618530273,0,0,835.6187921101523,77.552888,12.9964481
1765983648937811000,821.3328110351563,0,0.0707084983587265,0.5771583318710327,3.7899999618530273,0,0,835.6187921101523,77.552888,12.9964481
1765983649937729000,822.3327290039063,0,0.056715309619903564,0.5847756862640381,3.7899999618530273,0,0,835.6279628655292,77.552888,12.9964481
1765983650937463300,823.3324633789063,0,0.0707084983587265,0.590997040271759,3.7899999618530273,0,0,835.6187921101523,77.552888,12.9964481
1765983651937239300,824.3322392578125,0,0.05671463906764984,0.5969954133033752,3.7899999618530273,0,0,835.6050359954205,77.552888,12.9964481
1765983652937921300,825.3329213867188,0,0.05671432614326477,0.5513765811920166,3.7899999618530273,0,0,835.591279902694,77.552888,12.9964481
1765983653937279700,826.3322797851563,0,0.05562287196516991,0.5575971603393555,3.7899999618530273,0,0,835.5568897671426,77.5528881,12.9964481
1765983654937250800,827.3322507324219,0,0.0707084983587265,0.565121054649353,3.7899999618530273,0,0,835.5385484177447,77.5528881,12.9964481
1765983655937861000,828.3328610839844,0,0.0707084983587265,0.5695002675056458,3.7899999618530273,0,0,835.5041584930568,77.5528881,12.9964482
1765983656937578800,829.3325788574218,0,0.05671326071023941,0.5762678384780884,3.7899999618530273,0,0,835.5018658363007,77.5528881,12.9964482
1765983657937360000,830.3323598632812,0,0.0707084983587265,0.5465903878211975,3.7899999618530273,0,0,835.4995731801553,77.5528881,12.9964482
1765983658937369600,831.3323696289062,0,0.7206223011016846,0.5556526184082031,3.7899999618530273,0,0,835.4949878696982,77.5528881,12.9964482
1765983659937292500,832.3322924804687,92.8819351196289,0.7217564582824707,0.5615953207015991,3.7899999618530273,0.15000000596046448,261,835.4949878696982,77.5528876,12.9964481
1765983660937949000,833.3329489746094,0,0.7213281989097595,0.5668688416481018,3.7899999618530273,0,0,835.4904025616876,77.5528876,12.9964484
1765983661937730300,834.3327302246093,0,0.04367683455348015,0.573370635509491,3.7899999618530273,0,0,835.497280524622,77.5528891,12.9964486
1765983662937539800,835.3325397949219,0,0.0707085058093071,0.5798078775405884,3.7899999618530273,0,0,835.4881099085976,77.5528894,12.9964487
1765983663937495300,836.3324953613281,0,0.05678566172719002,0.5487756133079529,3.7899999618530273,0,0,835.497280524622,77.5528895,12.9964487
1765983664937728000,837.3327280273437,0,0.05676904320716858,0.5558540225028992,3.7899999618530273,0,0,835.5018658363007,77.5528895,12.9964487
1765983665937449000,838.3324489746094,91.62158966064453,0.7221466302871704,0.5621246099472046,3.7899999618530273,0.17000000178813934,192,835.5018658363007,77.5528899,12.9964472
1765983666937367600,839.3323674316406,0,0.04369724914431572,0.5733807682991028,3.7899999618530273,0,0,835.497280524622,77.552891,12.9964461
1765983667937854200,840.3328542480468,51.711822509765625,0.8031904697418213,0.5793488621711731,3.7899999618530273,0.8399999737739563,207,835.5018658363007,77.5528877,12.9964399
1765983668938068700,841.3330688476562,0,0.03456917032599449,0.5865209698677063,3.7899999618530273,0,0,835.5018658363007,77.5528868,12.9964392
1765983669937645800,842.3326457519531,0,0.05681264027953148,0.5536791086196899,3.7899999618530273,0,0,835.4904025616876,77.5528867,12.9964394
1765983670937409800,843.3324099121094,0,0.05701339244842529,0.5589233040809631,3.7899999618530273,0,0,835.4904025616876,77.5528871,12.9964387
1765983671937906000,844.3329060058594,80.90191650390625,0.72150719165802,0.5657376646995544,3.7899999618530273,0.30000001192092896,297,835.5018658363007,77.5528854,12.9964393
1765983672937801000,845.3328010253906,0,0.04367177560925484,0.572577953338623,3.7899999618530273,0,0,835.511036466992,77.5528853,12.9964404
1765983673937288700,846.3322888183594,0,0.0707085058093071,0.5769277811050415,3.7899999618530273,0,0,835.5224997691097,77.5528853,12.9964406
1765983674937309700,847.3323098144531,0,0.05678219720721245,0.5476435422897339,3.7899999618530273,0,0,835.5270850942352,77.5528853,12.9964407
1765983675937075500,848.3320754394531,0,0.721312940120697,0.5539417266845703,3.7899999618530273,0,0,835.5431337514274,77.5528859,12.9964403
1765983676937484500,849.3324846191406,0,0.043666940182447433,0.5608649849891663,3.7899999618530273,0,0,835.5500117565333,77.5528869,12.9964397
1765983677937561900,850.3325617675781,0,0.05680730938911438,0.5664557814598083,3.7899999618530273,0,0,835.5477190875533,77.5528871,12.9964395
1765983678937331500,851.3323315429687,0,0.05678171664476395,0.5726552605628967,3.7899999618530273,0,0,835.5477190875533,77.5528871,12.9964394
1765983679937808600,852.33280859375,0,0.052133288234472275,0.5791488885879517,3.7899999618530273,0,0,835.5477190875533,77.5528871,12.9964393
1765983680937759200,853.3327592773437,0,0.05675753951072693,0.5496834516525269,3.7899999618530273,0,0,835.5591824385672,77.5528871,12.9964393
1765983681937462800,854.332462890625,0,0.055661819875240326,0.5559342503547668,3.7899999618530273,0,0,835.5729384799523,77.5528871,12.9964393
1765983682937228500,855.332228515625,0,0.05674423649907112,0.5612826943397522,3.7899999618530273,0,0,835.5683531303797,77.5528871,12.9964392
1765983683937519900,856.3325197753907,0,0.05674021691083908,0.5679335594177246,3.7899999618530273,0,0,835.577523831971,77.5528871,12.9964392
1765983684937302800,857.332302734375,0,0.0707084983587265,0.5759537816047668,3.7899999618530273,0,0,835.5844018645826,77.5528871,12.9964393
1765983685937170200,858.3321701660157,0,0.0707084983587265,0.5852766633033752,3.7899999618530273,0,0,835.5844018645826,77.5528871,12.9964393
1765983686937435000,859.3324348144531,0,0.05673088878393173,0.5537663698196411,3.7899999618530273,0,0,835.521339768506,77.5528871,12.9964393
1765983687937617700,860.3326176757812,0,0.056728869676589966,0.5607675313949585,3.7899999618530273,0,0,835.5442665530452,77.5528871,12.9964393
1765983688937442300,861.3324423828125,0,0.056727055460214615,0.5688347816467285,3.7899999618530273,0,0,835.5488519172874,77.552887,12.9964393
1765983689937490400,862.3324904785156,0,0.05672544613480568,0.5759323835372925,3.7899999618530273,0,0,835.5488519172874,77.552887,12.9964394
1765983690937253400,863.3322534179688,0,0.0707084983587265,0.5827964544296265,3.7899999618530273,0,0,835.5328031531362,77.5528869,12.9964394
1765983691937503500,864.3325034179687,0,0.0707084983587265,0.5519487261772156,3.7899999618530273,0,0,835.5167544189334,77.5528869,12.9964394
1765983692937596700,865.3325966796875,0,0.056721895933151245,0.5587170720100403,3.7899999618530273,0,0,835.509876399156,77.5528869,12.9964395
1765983693937151000,866.3321508789063,0,0.0707084983587265,0.5668788552284241,3.7899999618530273,0,0,835.509876399156,77.5528868,12.9964395
1765983694937604400,867.3326042480469,0,0.0707084983587265,0.5734298825263977,3.7899999618530273,0,0,835.5007057146792,77.5528867,12.9964396
1765983695937723000,868.3327229003906,0,0.0707084983587265,0.5805350542068481,3.7899999618530273,0,0,835.4846570403739,77.5528867,12.9964396
1765983696937471000,869.3324709472656,0,0.056718610227108,0.5880387425422668,3.7899999618530273,0,0,835.480071710359,77.5528867,12.9964396
1765983697937692200,870.3326921386719,0,0.05671800673007965,0.59241783618927,3.7899999618530273,0,0,835.4686083960175,77.5528867,12.9964396
1765983698937366300,871.3323662109375,0,0.0707084983587265,0.5518953800201416,3.7899999618530273,0,0,835.4594377555457,77.5528867,12.9964396
1765983699937918200,872.3329182128906,0,0.0707084983587265,0.5573514103889465,3.7899999618530273,0,0,835.4617304147465,77.5528867,12.9964396
1765983700937768700,873.3327687988282,0,0.0707084983587265,0.5641316771507263,3.7899999618530273,0,0,835.4731937199215,77.5528867,12.9964396
1765983701938052400,874.3330522460938,0,0.0707084983587265,0.5702553391456604,3.7899999618530273,0,0,835.4686083960175,77.5528867,12.9964396
1765983702937551000,875.3325510253907,0,0.0707084983587265,0.5763888955116272,3.7899999618530273,0,0,835.4731937199215,77.5528867,12.9964396
1765983703937772000,876.3327719726562,0,0.0707084983587265,0.5474880337715149,3.7899999618530273,0,0,835.4777790462686,77.5528867,12.9964396
1765983704937898800,877.3328986816406,0,0.0707084983587265,0.5544994473457336,3.7899999618530273,0,0,835.4731937199215,77.5528867,12.9964397
1765983705937431000,878.3324311523437,0,0.0707084983587265,0.5623570680618286,3.7899999618530273,0,0,835.4892423728335,77.5528866,12.9964397
1765983706937803800,879.3328037109375,0,0.0707084983587265,0.5686624646186829,3.7899999618530273,0,0,835.496120376107,77.5528866,12.9964398
1765983707937915400,880.3329152832031,0,0.0707084983587265,0.5759915709495544,3.7899999618530273,0,0,835.498413045087,77.5528866,12.9964398
1765983708937913300,881.3329133300781,0,0.0707084983587265,0.5828622579574585,3.7899999618530273,0,0,835.5052910556963,77.5528866,12.9964399
1765983709937416700,882.3324167480469,0,0.0707084983587265,0.553466260433197,3.7899999618530273,0,0,835.5075837271208,77.5528866,12.9964399
1765983710937484000,883.3324841308594,0,0.0707084983587265,0.5600971579551697,3.7899999618530273,0,0,835.5007057146792,77.5528866,12.9964399
1765983711937536300,884.3325363769532,0,0.0707084983587265,0.5647964477539062,3.7899999618530273,0,0,835.496120376107,77.5528865,12.99644
1765983712937696500,885.3326965332031,0,0.0707084983587265,0.5709679126739502,3.7899999618530273,0,0,835.496120376107,77.5528865,12.99644
1765983713937907500,886.3329074707032,0,0.0707084983587265,0.578907310962677,3.7899999618530273,0,0,835.4869497062983,77.5528864,12.99644
1765983714937431300,887.3324313964844,0,0.0707082599401474,0.587429940700531,3.7899999618530273,0,0,835.4892423728335,77.5528864,12.99644
1765983715937443800,888.3324438476562,0,0.0707084983587265,0.5529752969741821,3.7899999618530273,0,0,835.4846570403739,77.5528863,12.99644
1765983716937516800,889.3325168457031,0,0.0707084983587265,0.5591082572937012,3.7899999618530273,0,0,835.4663157349825,77.5528863,12.99644
1765983717937368300,890.3323684082031,0,0.0707084983587265,0.5662804245948792,3.7899999618530273,0,0,835.4663157349825,77.5528864,12.99644
1765983718937660700,891.3326606445313,0,0.0707084983587265,0.5727294683456421,3.7899999618530273,0,0,835.4617304147465,77.5528864,12.99644
1765983719937911000,892.3329111328125,0,0.0707084983587265,0.5796476006507874,3.7899999618530273,0,0,835.4548524389775,77.5528863,12.9964401
1765983720937412400,893.3324123535157,0,0.0707084983587265,0.5853785872459412,3.7899999618530273,0,0,835.4456818131757,77.5528862,12.9964401
1765983721937694000,894.3326938476563,0,0.0707084983587265,0.5549033880233765,3.7899999618530273,0,0,835.4433891582519,77.5528861,12.9964401
1765983722937069300,895.3320693359375,0,0.0707084983587265,0.561212956905365,3.7899999618530273,0,0,835.4410965039405,77.552886,12.9964402
1765983723937481700,896.3324816894532,0,0.07070522755384445,0.5677034854888916,3.7899999618530273,0,0,835.4410965039405,77.552886,12.9964402
1765983724937805300,897.3328054199219,0,0.07070522755384445,0.5763562917709351,3.7899999618530273,0,0,835.4410965039405,77.5528859,12.9964402
1765983725937907200,898.3329072265625,0,0.07070522755384445,0.5828270316123962,3.7899999618530273,0,0,835.4479744687089,77.5528858,12.9964403
1765983726937335800,899.3323356933594,0,0.07070522755384445,0.5481635928153992,3.7899999618530273,0,0,835.4594377555457,77.5528857,12.9964403
1765983727937238500,900.3322385253906,0,0.07070522755384445,0.5575831532478333,3.7899999618530273,0,0,835.4663157349825,77.5528856,12.9964404
1765983728937749000,901.3327490234375,0,0.07070522755384445,0.5645027160644531,3.7899999618530273,0,0,835.4869497062983,77.5528856,12.9964404
1765983729937075700,902.3320756835938,0,0.0707084983587265,0.5705226063728333,3.7899999618530273,0,0,835.5029983848822,77.5528856,12.9964404
1765983730937502200,903.3325021972656,0,0.0707084983587265,0.5764675736427307,3.7899999618530273,0,0,835.5121690718038,77.5528855,12.9964404
1765983731937383000,904.3323828125,0,0.0707084983587265,0.5843302607536316,3.7899999618530273,0,0,835.5282177974511,77.5528855,12.9964404
1765983732937756000,905.332755859375,0,0.0707084983587265,0.5501412749290466,3.7899999618530273,0,0,835.5328031531362,77.5528855,12.9964404
1765983733937215000,906.3322150878906,0,0.0707084983587265,0.5554301738739014,3.7899999618530273,0,0,835.5442665530452,77.5528854,12.9964404
1765983734937619700,907.3326196289063,0,0.0707084983587265,0.5614975094795227,3.7899999618530273,0,0,835.5488519172874,77.5528853,12.9964405
1765983735937583600,908.3325834960938,0,0.0707084983587265,0.5688755512237549,3.7899999618530273,0,0,835.5488519172874,77.5528853,12.9964405
1765983736937204500,909.3322045898437,0,0.07070852816104889,0.5757965445518494,3.7899999618530273,0,0,835.5534372839742,77.5528852,12.9964405
1765983737937599700,910.3325998535156,0,0.07070856541395187,0.5818495154380798,3.7899999618530273,0,0,835.5603153385891,77.5528851,12.9964405
1765983738938027000,911.3330270996094,0,0.07070860266685486,0.5516824722290039,3.7899999618530273,0,0,835.5534372839742,77.552885,12.9964406
1765983739937797600,912.3327976074219,0,0.07070863246917725,0.559628427028656,3.7899999618530273,0,0,835.5465592348609,77.552885,12.9964406
1765983740937331500,913.3323315429687,0,0.07070866227149963,0.5653784871101379,3.7899999618530273,0,0,835.5511446003262,77.5528849,12.9964407
1765983741937513200,914.3325131835937,0,0.07070571929216385,0.570969820022583,3.7899999618530273,0,0,835.5534372839742,77.5528848,12.9964407
1765983742937899000,915.3328989257813,0,0.07070579379796982,0.5778120756149292,3.7899999618530273,0,0,835.5557299682363,77.5528847,12.9964408
1765983743937398800,916.3323986816406,0,0.07070586085319519,0.5490372776985168,3.7899999618530273,0,0,835.5557299682363,77.5528847,12.9964408
1765983744937283600,917.3322836914062,0,0.07070877403020859,0.5563040971755981,3.7899999618530273,0,0,835.5534372839742,77.5528847,12.9964408
1765983745937539600,918.3325395507812,84.47831726074219,0.7214654684066772,0.5657806396484375,3.7899999618530273,0.25999999046325684,283,835.5580226531074,77.5528817,12.996442
1765983746937249500,919.3322495117187,90.40766143798828,0.7218763828277588,0.57450932264328,3.7899999618530273,0.1899999976158142,275,835.5511446003262,77.5528786,12.9964424
1765983747937903000,920.3329030761719,0,0.07068932056427002,0.5810875296592712,3.7899999618530273,0,0,835.541973871842,77.5528772,12.9964444
1765983748937623300,921.3326232910156,0,0.07070419937372208,0.5876170992851257,3.7899999618530273,0,0,835.5488519172874,77.5528769,12.9964451
1765983749938063000,922.3330629882812,0,0.0707085058093071,0.5578159689903259,3.7899999618530273,0,0,835.5580226531074,77.5528767,12.9964453
1765983750937730300,923.3327302246093,0,0.05569905787706375,0.5627957582473755,3.7899999618530273,0,0,835.5580226531074,77.5528767,12.9964453
1765983751937598700,924.3325986328125,0,0.07062270492315292,0.5682641863822937,3.7899999618530273,0,0,835.5626080246832,77.5528759,12.9964461
1765983752937184300,925.3321843261718,0,0.04365108162164688,0.5757498741149902,3.7899999618530273,0,0,835.5580226531074,77.5528756,12.9964464
1765983753937573600,926.3325737304688,0,0.05680563300848007,0.5823471546173096,3.7899999618530273,0,0,835.5442665530452,77.5528754,12.9964466
1765983754937494800,927.3324948730469,91.07080078125,0.721382737159729,0.5875452160835266,3.7899999618530273,0.18000000715255737,251,835.5511446003262,77.5528737,12.9964465
1765983755937603000,928.3326030273438,0,0.7210120558738708,0.5556160807609558,3.7899999618530273,0,0,835.5511446003262,77.5528729,12.9964461
1765983756937672000,929.332671875,89.7174072265625,0.7271491289138794,0.5617354512214661,3.7899999618530273,0.20000000298023224,213,835.5488519172874,77.5528712,12.9964457
1765983757937599500,930.332599609375,0,0.7212569713592529,0.5693809986114502,3.7899999618530273,0,0,835.5626080246832,77.5528702,12.9964457
1765983758937907000,931.3329069824218,82.50637817382812,0.7210999131202698,0.574874997138977,3.7899999618530273,0.2800000011920929,228,835.569486086634,77.552868,12.9964464
1765983759937193500,932.332193359375,0,0.06845191866159439,0.5787781476974487,3.7899999618530273,0,0,835.5901203054872,77.5528669,12.9964499
1765983760937545500,933.3325454101563,92.56531524658203,0.7214867472648621,0.5832249522209167,3.7899999618530273,0.1599999964237213,224,835.5901203054872,77.5528645,12.99645
1765983761938067200,934.3330671386718,0,0.07070420682430267,0.5539298057556152,3.7899999618530273,0,0,835.580949535439,77.5528631,12.9964507
1765983762937532200,935.3325322265625,0,0.03792843222618103,0.5600769519805908,3.7899999618530273,0,0,835.6015837817988,77.5528627,12.9964508
1765983763937502000,936.332501953125,0,0.7212269306182861,0.5675260424613953,3.7899999618530273,0,0,835.6107545738481,77.5528605,12.9964515
1765983764937937200,937.3329372558594,90.4695053100586,0.7585655450820923,0.5727294683456421,3.7899999618530273,0.20000000298023224,262,835.6176326743049,77.5528575,12.9964518
1765983765937796900,938.332796875,0,0.07069773226976395,0.5792381167411804,3.7899999618530273,0,0,835.6313888917199,77.5528558,12.9964524
1765983766937915600,939.3329155273437,0,0.7206575274467468,0.5495432019233704,3.7899999618530273,0,0,835.6428524230403,77.5528554,12.9964525
1765983767937691100,940.3326911621094,83.56243133544922,0.7457667589187622,0.5560238361358643,3.7899999618530273,0.2800000011920929,175,835.6611941049365,77.5528548,12.9964508
1765983768937691600,941.3326916503906,38.83875274658203,0.7310172915458679,0.5633519887924194,3.7899999618530273,1.1100000143051147,176,835.6474378398472,77.5528552,12.9964416
1765983769937200000,942.3322001953125,25.416383743286133,0.7240187525749207,0.5707478523254395,3.7899999618530273,1.7899999618530273,186,835.6611941049365,77.5528535,12.9964247
1765983770937561000,943.3325610351562,20.35678482055664,0.80706787109375,0.5559298992156982,3.7899999618530273,2.5299999713897705,192,835.6657795315233,77.5528478,12.9964018
1765983771937680100,944.3326801757812,13.4528226852417,0.8087959885597229,0.5624897480010986,3.7899999618530273,3.880000114440918,189,835.695584863931,77.5528402,12.9963667
1765983772937561600,945.3325615234374,11.257222175598145,0.7259652614593506,0.5689782500267029,3.7899999618530273,4.170000076293945,181,835.7047557562213,77.5528386,12.9963262
1765983773938067500,946.3330673828125,16.37273597717285,0.8691539764404297,0.5757583379745483,3.7899999618530273,3.4100000858306885,178,835.7185121129954,77.5528403,12.996292
1765983774937381000,947.3323811035157,11.848835945129395,0.8077057600021362,0.5822544693946838,3.7899999618530273,4.400000095367432,180,835.741439423185,77.5528402,12.9962522
1765983775937247700,948.3322478027344,3.650562047958374,0.28619080781936646,0.5887223482131958,3.812000036239624,5.050000190734863,191,835.8537841266601,77.5528235,12.9961996
1765983776937061600,949.3320615234375,12.570210456848145,0.7952442169189453,0.594688355922699,3.8929998874664307,4.090000152587891,201,836.1151631976317,77.552809,12.9961621
1765983777937213000,950.332212890625,23.213926315307617,1.1340619325637817,0.5976830720901489,3.8929998874664307,3.0899999141693115,217,836.1999984633682,77.5527908,12.9961338
1765983778937569000,951.3325690917969,36.79901885986328,1.2098374366760254,0.6050628423690796,3.8929998874664307,1.9700000286102295,235,836.2504414505393,77.5527739,12.9961264
1765983779938069000,952.3330690917969,19.396875381469727,1.175478458404541,0.6113535165786743,3.9140000343322754,3.869999885559082,263,836.4281441691525,77.5527296,12.9961213
1765983780937929000,953.3329289550782,11.259366989135742,0.9896946549415588,0.6234663724899292,3.88700008392334,5.679999828338623,275,836.421814871278,77.5526741,12.9961286
1765983781937504300,954.3325041503906,0.6930896639823914,0.07964634150266647,0.6299731731414795,3.7899999618530273,7.380000114440918,276,836.4928965917989,77.552606,12.9961359
1765983782937784800,955.3327849121093,0.5618543028831482,0.06773831695318222,0.6369390487670898,3.7899999618530273,7.739999771118164,270,836.5593929267519,77.552537,12.9961377
1765983783937915400,956.3329152832031,0.47489452362060547,0.06525766849517822,0.6436999440193176,3.7899999618530273,8.819999694824219,273,836.6373548018205,77.5524574,12.9961445
1765983784937681000,957.3326809082031,2.0352582931518555,0.2858069837093353,0.6498091816902161,3.7899999618530273,9.039999961853027,270,836.6946801608531,77.5523777,12.9961448
1765983785937390300,958.3323903808594,2.2988650798797607,0.3508751094341278,0.6569898128509521,3.7899999618530273,9.829999923706055,275,837.0248816684273,77.5522933,12.9961522
1765983786937623000,959.332623046875,1.0745387077331543,0.14441713690757751,0.6625344753265381,3.7899999618530273,8.640000343322754,272,837.4514107141856,77.5522142,12.9961563
1765983787938058000,960.3330581054687,0.9973086714744568,0.11326773464679718,0.669959306716919,3.7899999618530273,7.300000190734863,269,838.1371119601291,77.5521406,12.9961592
1765983788937257200,961.3322573242187,1.2174936532974243,0.10714540630578995,0.6779203414916992,3.7899999618530273,5.659999847412109,270,838.6210343744966,77.5520828,12.9961615
1765983789937628400,962.3326284179687,3.0349209308624268,0.23297223448753357,0.6844400763511658,3.7899999618530273,4.949999809265137,272,838.9788333844872,77.5520324,12.9961642
1765983790937338000,963.3323381347657,6.569825649261475,0.4012153744697571,0.6880174875259399,3.7899999618530273,3.950000047683716,268,839.6090003827685,77.5519928,12.9961636
1765983791076000000,963.471,0,0,0.6028799414634705,4.714000225067139,0,0,838,77.5519928,12.9961636
1765983791937702000,964.3327019042969,11.911792755126953,0.9957000017166138,0.6047914624214172,4.714000225067139,5.400000095367432,276,838,77.5519414,12.9961744
1765983792937495000,965.3324951171875,12.891200065612793,1.2905603647232056,0.6086481213569641,4.581999778747559,6.46999979019165,274,838,77.5518807,12.9961787
1765983793937440300,966.3324401855468,6.784613609313965,0.5898534059524536,0.614982008934021,4.714000225067139,5.619999885559082,270,838,77.551829,12.9961815
1765983794937889500,967.3328896484375,5.92301082611084,0.5061779618263245,0.6204195618629456,4.714000225067139,5.519999980926514,275,839.6853007827584,77.5517807,12.9961833
1765983795937396700,968.3323967285156,13.54511547088623,1.3759241104125977,0.6252022981643677,4.741000175476074,6.559999942779541,274,839.8527512389043,77.5517165,12.9961865
1765983796938048300,969.3330483398438,12.594949722290039,1.4514012336730957,0.630013108253479,3.9800000190734863,7,276,840.0890224967409,77.5516502,12.9961893
1765983797937938400,970.3329384765625,12.458364486694336,1.4121977090835571,0.6346988081932068,4.105999946594238,7.329999923706055,272,840.1555466433588,77.5515782,12.9961875
1765983798937746000,971.3327458496094,15.105171203613281,1.456130862236023,0.6236169338226318,4.216000080108643,6.210000038146973,271,840.3545045570122,77.5515213,12.9961873
1765983799937233400,972.3322333984376,3.0604004859924316,0.9129771590232849,0.6252946853637695,4.144999980926514,4.329999923706055,263,840.4772322083929,77.5514828,12.9961893
1765983800937769700,973.3327697753906,4.187935829162598,0.9013680815696716,0.629185140132904,4.184000015258789,2.5899999141693115,261,840.9830721354035,77.5514588,12.9961938
1765983801938080300,974.3330803222656,5.502577781677246,0.8688668012619019,0.6362773180007935,4.026000022888184,0.3400000035762787,261,841.2629600733086,77.5514537,12.996191
1765983802937815300,975.3328151855469,0,0.06969901919364929,0.6431674361228943,3.986999988555908,0,0,841.2996673637718,77.5514488,12.9961869
1765983803938069200,976.3330693359375,0,0.06906306743621826,0.6520954966545105,3.7899999618530273,0,0,841.3570228187829,77.5514462,12.9961862
1765983804937897500,977.3328974609375,0,0.07059291750192642,0.6594452261924744,3.7899999618530273,0,0,841.3845535730596,77.5514438,12.9961822
1765983805937500700,978.3325007324219,0,0.0706760585308075,0.6636167168617249,3.7899999618530273,0,0,841.4120844154693,77.551442,12.9961816
1765983806937294600,979.3322946777344,11.722358703613281,0.9229629635810852,0.572791337966919,3.7899999618530273,1.0399999618530273,266,841.4235556258182,77.5514323,12.9961819
1765983807937931500,980.332931640625,12.614044189453125,0.9044276475906372,0.5817740559577942,3.7899999618530273,1.4199999570846558,265,841.4533808443348,77.5514202,12.9961818
1765983808938468600,981.3334685058594,13.828874588012695,0.9084606170654297,0.5886647701263428,3.7899999618530273,0.9599999785423279,260,841.4809119070798,77.5514126,12.9961797
1765983809938047700,982.3330478515625,15.169243812561035,0.9871368408203125,0.5651595592498779,3.7899999618530273,0.7699999809265137,252,841.5107373245112,77.5514073,12.9961771
1765983810937759700,983.332759765625,11.654390335083008,0.9409556984901428,0.6002612709999084,3.7899999618530273,1.2100000381469727,240,841.5336800236902,77.5514002,12.9961711
1765983811937782500,984.3327824707031,11.602783203125,0.9297276139259338,0.6074492931365967,3.7899999618530273,2.4800000190734863,249,841.5543285052844,77.5513827,12.9961603
1765983812937471500,985.3324714355468,11.88198184967041,0.9904376864433289,0.6116602420806885,3.7899999618530273,3.1500000953674316,261,841.5956256172008,77.5513561,12.9961523
1765983813937483500,986.3324833984375,11.834881782531738,0.9996107220649719,0.6184945702552795,3.7899999618530273,3.180000066757202,265,841.6300400286165,77.5513296,12.9961496
1765983814937091000,987.3320910644532,11.306355476379395,0.9475426077842712,0.6249693036079407,3.7899999618530273,3.5899999141693115,262,841.6598659632409,77.5512981,12.9961478
1765983815938067700,988.3330676269532,10.522401809692383,0.9254214763641357,0.5914405584335327,3.7899999618530273,3.930000066757202,267,841.7241067891498,77.551263,12.996148
1765983816938446600,989.3334465332031,10.66094970703125,0.9409295320510864,0.5981011390686035,3.7899999618530273,3.2699999809265137,267,841.8112915347236,77.5512313,12.99615
1765983817937905700,990.3329057617187,11.05966567993164,1.08123779296875,0.6043208837509155,3.7899999618530273,3.2799999713897705,272,841.8870053203192,77.5512006,12.996153
1765983818937777400,991.33277734375,11.110029220581055,0.9893836379051208,0.6097509264945984,3.7899999618530273,3.2100000381469727,274,841.9466590754249,77.5511703,12.9961549
1765983819937783600,992.3327834472656,11.11620807647705,0.9605666995048523,0.6396158337593079,3.7899999618530273,3.569999933242798,262,841.9289489331854,77.5511371,12.9961539
1765983820938065400,993.3330654296875,10.589937210083008,1.055875539779663,0.6018732786178589,3.7899999618530273,4.360000133514404,273,842.1239766783813,77.5510962,12.9961555
1765983821938072000,994.3330720214843,8.922456741333008,0.9846363663673401,0.6082292795181274,3.7899999618530273,5.510000228881836,269,842.2088724902824,77.5510386,12.9961568
1765983822937642500,995.332642578125,8.475228309631348,1.0960042476654053,0.6154578328132629,3.7899999618530273,5.570000171661377,268,842.3373650429429,77.5509907,12.9961547
1765983823937336600,996.3323366699219,8.17408561706543,1.07300865650177,0.677454948425293,3.7899999618530273,5.710000038146973,267,839,77.5509338,12.9961562
1765983824937283000,997.3322829589844,7.807067394256592,0.9627454876899719,0.6309999823570251,3.7899999618530273,4.840000152587891,261,842.995919509002,77.5508895,12.9961505
1765983825937913900,998.3329138183594,7.866622447967529,0.9377686977386475,0.6368698477745056,3.7899999618530273,4.059999942779541,267,843.4020914824301,77.5508511,12.9961462
1765983826937654300,999.332654296875,8.153425216674805,0.9921936988830566,0.6531399488449097,3.7899999618530273,3.0299999713897705,251,843.5994475017559,77.5508214,12.9961409
1765983827937415400,1000.3324155273438,8.49793529510498,1.0966740846633911,0.6588549613952637,3.7899999618530273,2.130000114440918,224,844.0308927119041,77.550805,12.9961281
1765983828937850000,1001.3328500976562,8.735220909118652,0.9697262644767761,0.5712640285491943,3.7899999618530273,1.9700000286102295,199,844.2167880117161,77.5508044,12.9961016
1765983829937423400,1002.3324233398438,8.613890647888184,0.9618000388145447,0.5778446793556213,3.7899999618530273,4.239999771118164,172,844.3659661584214,77.5508073,12.9960623
1765983830937507800,1003.3325078125,7.821707248687744,0.954826295375824,0.6257758736610413,3.7899999618530273,6.690000057220459,165,844.5954760525137,77.5508249,12.9959952
1765983831938045700,1004.3330456542968,6.88477897644043,0.9473842978477478,0.6324706077575684,3.7899999618530273,7.760000228881836,165,844.6712156617116,77.5508425,12.9959242
1765983832937085000,1005.3320849609376,6.185098171234131,0.8960549235343933,0.6336184740066528,3.7899999618530273,8.65999984741211,166,844.6735108117964,77.5508624,12.995849
1765983833937399300,1006.3323994140625,5.503471851348877,1.0637178421020508,0.6419611573219299,3.7899999618530273,9.229999542236328,168,844.6735108117964,77.5508773,12.9957641
1765983834937867300,1007.3328671875,5.194344997406006,1.066662073135376,0.6486658453941345,3.7899999618530273,8.920000076293945,168,844.6735108117964,77.5508968,12.9956893
1765983835937664000,1008.3326640625,4.826723575592041,1.0517680644989014,0.6517777442932129,3.7899999618530273,8.1899995803833,169,844.6712156617116,77.5509104,12.9956148
1765983836937756200,1009.3327561035156,4.588411808013916,1.0566121339797974,0.6565262675285339,3.7899999618530273,7.960000038146973,169,844.6000663128702,77.5509202,12.9955475
1765983837937719600,1010.3327194824219,4.487717628479004,1.0568044185638428,0.6634975671768188,3.7899999618530273,7.25,171,844.1662975328052,77.5509287,12.9954815
1765983838937400000,1011.3324001464844,4.452924728393555,0.9465659856796265,0.6708254218101501,3.7899999618530273,5.579999923706055,182,843.7554996536405,77.5509359,12.9954309
1765983839936552200,1012.3315522460938,4.538504600524902,1.1464481353759766,0.6769548058509827,3.7899999618530273,4.170000076293945,198,843.1175396132827,77.5509337,12.9953936
1765983840936891400,1013.3318913574219,4.618590354919434,1.0827486515045166,0.6841127276420593,3.7899999618530273,3.190000057220459,209,841.2000122070312,77.5509216,12.9953639
1765983841938143000,1014.3331430664063,4.714099407196045,0.8726316690444946,0.6451268792152405,3.7899999618530273,2.569999933242798,212,841.2000122070312,77.5509022,12.9953384
1765983842936499700,1015.3314997558593,4.835780143737793,0.8670079112052917,0.5629761219024658,3.7899999618530273,2.319999933242798,191,841.5962647515572,77.5508902,12.9953199
1765983843937763800,1016.3327639160157,4.855881690979004,0.8668711185455322,0.5708075761795044,3.7899999618530273,4.239999771118164,172,841.4150146477245,77.5508873,12.9952824
1765983844936718600,1017.3317185058594,4.873656749725342,1.0501827001571655,0.6303063631057739,3.7899999618530273,5.050000190734863,175,839,77.5508913,12.9952321
1765983845937709600,1018.3327094726562,4.8775482177734375,0.8180879950523376,0.6349996328353882,3.7899999618530273,4.25,166,839,77.5509024,12.9951977
1765983846937411800,1019.3324118652343,4.647596836090088,0.8032668232917786,0.5926694869995117,3.7899999618530273,5.53000020980835,167,841.2000122070312,77.550912,12.9951474
1765983847937939700,1020.3329396972656,4.558096885681152,0.8233538269996643,0.6026336550712585,3.7899999618530273,7.130000114440918,166,841.2000122070312,77.5509231,12.9950817
1765983848936266500,1021.3312666015624,4.408361434936523,0.8469692468643188,0.6085172295570374,3.7899999618530273,9.420000076293945,167,841.2000122070312,77.5509414,12.9950011
1765983849936911400,1022.3319113769531,4.207009792327881,0.8294132351875305,0.6168054342269897,3.7899999618530273,10.970000267028809,170,841.2000122070312,77.5509562,12.9949005
1765983850936711000,1023.3317109375,3.9917423725128174,0.8375037908554077,0.6225322484970093,3.7899999618530273,12.470000267028809,170,841.2000122070312,77.5509743,12.9947886
1765983851937060400,1024.3320603027344,3.6573259830474854,0.8231649994850159,0.6558615565299988,3.7899999618530273,13.729999542236328,169,841.2000122070312,77.5509939,12.9946644
1765983852937043000,1025.33204296875,3.2922203540802,0.8010851740837097,0.6623671650886536,3.7899999618530273,14.640000343322754,170,841.2000122070312,77.5510186,12.994537
1765983853936290300,1026.331290283203,3.415297508239746,0.8299800753593445,0.670894980430603,3.7899999618530273,14.930000305175781,167,841.2000122070312,77.551045,12.994403
1765983854936924200,1027.3319240722656,0.12423264235258102,0.030414948239922523,0.6756834387779236,3.7899999618530273,15.710000038146973,168,841.2000122070312,77.5510755,12.9942647
1765983855936479200,1028.331479248047,0.14521759748458862,0.035071030259132385,0.682645857334137,3.7899999618530273,15.5,168,841.2000122070312,77.5511019,12.9941305
1765983856936874200,1029.331874267578,0.23972544074058533,0.0532929003238678,0.6885685920715332,3.7899999618530273,14.270000457763672,168,841.2000122070312,77.5511391,12.994003
1765983857937819400,1030.3328193359375,0.2567569613456726,0.04702859744429588,0.6959149241447449,3.7899999618530273,11.75,172,843.1909081794859,77.5511564,12.9938885
1765983858937110500,1031.3321105957032,0.3179924488067627,0.055771250277757645,0.7025697827339172,3.7899999618530273,11.260000228881836,177,844.1266343551486,77.5511615,12.9937818
1765983859937360400,1032.3323603515626,0.3755013346672058,0.07102394104003906,0.7090692520141602,3.7899999618530273,12.140000343322754,178,844.9172904546964,77.551164,12.9936712
1765983860936949200,1033.33194921875,0.2229011356830597,0.04610888659954071,0.7158785462379456,3.7899999618530273,13.270000457763672,183,845.3327296113308,77.5511583,12.993557
1765983861938003200,1034.333003173828,0.0888897255063057,0.020098617300391197,0.7216730117797852,3.7899999618530273,14.510000228881836,182,845.6156299151776,77.5511509,12.9934309
1765983862936459500,1035.3314594726562,0.23545102775096893,0.051418498158454895,0.7327098250389099,3.7899999618530273,14.010000228881836,180,845.7872109008968,77.5511459,12.9933056
1765983863936239000,1036.3312390136718,0.27515876293182373,0.06182890012860298,0.705403208732605,3.7899999618530273,14.420000076293945,180,845.9731419875292,77.5511403,12.9931783
1765983864936065300,1037.3310651855468,0.34599289298057556,0.08143602311611176,0.7095199823379517,3.7899999618530273,15.109999656677246,180,846.1453039853451,77.5511384,12.9930419
1765983865937903000,1038.332903076172,0.4249066412448883,0.11086224019527435,0.7750663757324219,3.7899999618530273,16.75,180,843.37850796171,77.5511387,12.9928951
1765983866937371000,1039.3323708496093,0.40519949793815613,0.1095750480890274,0.7783782482147217,3.7899999618530273,17.360000610351562,182,843.37850796171,77.5511317,12.9927396
1765983867937933000,1040.3329331054688,0.3116070628166199,0.08897475898265839,0.7354009747505188,3.7899999618530273,18.329999923706055,183,846.1568529196852,77.5511225,12.9925757
1765983868936810000,1041.3318100585936,0.2417047917842865,0.07204769551753998,0.7949281930923462,3.7899999618530273,19.1299991607666,184,843.6415396128133,77.5511137,12.992409
1765983869937822500,1042.3328225097657,0.4068870544433594,0.1255372166633606,0.7407520413398743,3.7899999618530273,19.809999465942383,185,846.1270109650865,77.5511012,12.9922321
1765983870936426800,1043.3314267578126,0.40283864736557007,0.12348875403404236,0.8130105137825012,3.7899999618530273,19.68000030517578,185,843.7372435961039,77.5510811,12.992056
1765983871936757500,1044.3317575683593,0.29851034283638,0.09236478805541992,0.8194211721420288,3.7899999618530273,19.860000610351562,185,843.1328888013845,77.5510671,12.9918819
1765983872937508000,1045.3325080566406,0.2874196171760559,0.08928721398115158,0.825917661190033,3.7899999618530273,19.940000534057617,185,841.2000122070312,77.5510492,12.9917017
1765983873938118100,1046.3331181640624,0.2807416319847107,0.08617518097162247,0.8324617743492126,3.7899999618530273,19.700000762939453,184,841.2000122070312,77.5510282,12.9915206
1765983874936830500,1047.3318305664063,0.3125770688056946,0.09475704282522202,0.7844820022583008,3.7899999618530273,19.459999084472656,184,845.0688362838954,77.5510124,12.991343
1765983875936433200,1048.3314331054687,0.3326300382614136,0.09855424612760544,0.7903274297714233,3.7899999618530273,19.020000457763672,186,845.0688362838954,77.5509956,12.9911703
1765983876937929200,1049.3329291992188,0.1945742964744568,0.05680273473262787,0.8342461585998535,3.7899999618530273,18.729999542236328,189,845.0694100960529,77.5509728,12.9910062
1765983877936540700,1050.3315407714845,0.4423742890357971,0.12159958481788635,0.837774395942688,3.7899999618530273,17.649999618530273,191,845.0694100960529,77.5509426,12.9908441
1765983878936285000,1051.3312849121094,0.3026845157146454,0.07956913858652115,0.8459083437919617,3.7899999618530273,16.8700008392334,194,845.2295051834521,77.550908,12.9906917
1765983879937205800,1052.3322058105468,0.24947191774845123,0.06265899538993835,0.8536775708198547,3.7899999618530273,16.1200008392334,195,846.5924424669141,77.5508729,12.9905502
1765983880938065200,1053.333065185547,0.12272166460752487,0.029583660885691643,0.8601956963539124,3.7899999618530273,15.470000267028809,196,846.9666424093061,77.5508312,12.9904114
1765983881936366300,1054.331366455078,0.13870514929294586,0.031109711155295372,0.8591629862785339,3.7899999618530273,14.390000343322754,195,847.3453688473644,77.5507955,12.990281
1765983882936554800,1055.3315546875,0.12996189296245575,0.029214775189757347,0.8738846182823181,3.7899999618530273,14.420000076293945,195,847.2719832598984,77.5507602,12.9901521
1765983883937797400,1056.3327973632813,0.19305843114852905,0.042857326567173004,0.8772441148757935,3.7899999618530273,14.239999771118164,196,847.2719832598984,77.5507202,12.990024
1765983884936767500,1057.331767578125,0.296726256608963,0.06675340235233307,0.8847593069076538,3.7899999618530273,14.4399995803833,197,847.2719832598984,77.5506775,12.9898992
1765983885936942000,1058.3319421386718,0.2986510097980499,0.0719006210565567,0.8971967101097107,3.7899999618530273,15.449999809265137,197,847.2719832598984,77.5506368,12.9897688
1765983886936329500,1059.3313295898438,0.3000299036502838,0.07564948499202728,0.9034549593925476,3.7899999618530273,16.18000030517578,197,846.55571206177,77.5505918,12.9896309
1765983887937475800,1060.3324758300782,0.192266583442688,0.04999946802854538,0.9460912942886353,3.7899999618530273,16.690000534057617,195,843.2246280598544,77.5505513,12.9894889
1765983888936605700,1061.3316057128907,0.09644106775522232,0.025769023224711418,0.932746946811676,3.7899999618530273,17.139999389648438,195,842.9908219390242,77.5505087,12.9893425
1765983889936830700,1062.3318308105468,1.3297547101974487,0.33319488167762756,0.941169023513794,3.7899999618530273,16.1200008392334,195,842.7543961783591,77.5504679,12.9892011
1765983890936917200,1063.331917236328,2.0462639331817627,0.4409586489200592,0.8839730024337769,3.7899999618530273,13.880000114440918,198,845.4997142637015,77.5504293,12.9890763
1765983891936859400,1064.331859375,1.9702000617980957,0.44212260842323303,0.8884363174438477,3.7899999618530273,14.449999809265137,197,844.464576434625,77.5503883,12.9889476
1765983892936550000,1065.3315498046875,2.490049362182617,0.5846402645111084,0.8938877582550049,3.7899999618530273,15.130000114440918,199,844.1891727199398,77.5503398,12.9888209
1765983893937616100,1066.3326162109374,2.406829595565796,0.5833629965782166,0.8932119607925415,3.7899999618530273,15.619999885559082,197,843.9091879842103,77.550297,12.988687
1765983894937960200,1067.332960205078,1.207201600074768,0.31023937463760376,0.9093817472457886,3.7899999618530273,16.530000686645508,197,843.4502163332434,77.5502425,12.9885488
1765983895938136600,1068.3331364746093,0.15767903625965118,0.04225216433405876,0.9150784015655518,3.7899999618530273,17.190000534057617,197,842.9086612884091,77.5501983,12.9884032
1765983896937188400,1069.332188232422,1.1338832378387451,0.3052385151386261,0.9211783409118652,3.7899999618530273,17.309999465942383,197,841.2000122070312,77.5501535,12.9882552
1765983897937364500,1070.3323645019532,0.9922701120376587,0.2727825343608856,0.9284509420394897,3.7899999618530273,17.670000076293945,200,841.2000122070312,77.5500983,12.9881042
1765983898937244000,1071.3322438964844,0.2207336127758026,0.06196983903646469,0.9331053495407104,3.7899999618530273,18.020000457763672,202,841.2000122070312,77.5500406,12.9879537
1765983899937053000,1072.3320529785155,0.2721802592277527,0.07922038435935974,0.9396052360534668,3.7899999618530273,18.68000030517578,203,841.2000122070312,77.549974,12.9878031
1765983900936882400,1073.3318823242187,0.24503055214881897,0.07230100780725479,0.9469904899597168,3.7899999618530273,18.940000534057617,199,841.2000122070312,77.5499103,12.9876436
1765983901936608500,1074.3316083984375,0.14534348249435425,0.04430331662297249,0.9879655241966248,3.7899999618530273,19.559999465942383,197,841.2000122070312,77.5498536,12.9874777
1765983902937420800,1075.3324208984375,0.07217302173376083,0.0226123183965683,0.992168664932251,3.7899999618530273,20.100000381469727,197,841.2000122070312,77.5497988,12.9873094
1765983903936986400,1076.331986328125,0.9720861911773682,0.30826714634895325,0.999001681804657,3.7899999618530273,20.3799991607666,196,841.2000122070312,77.5497478,12.9871349
1765983904937690400,1077.3326904296875,1.062402606010437,0.3451771140098572,1.0061955451965332,3.7899999618530273,20.889999389648438,196,841.2000122070312,77.5496906,12.9869541
1765983905936917500,1078.3319174804687,0.29203131794929504,0.09759452193975449,1.0116955041885376,3.7899999618530273,21.450000762939453,195,839,77.5496383,12.986773
1765983906936909000,1079.3319089355468,1.117733359336853,0.37412646412849426,1.0186710357666016,3.7899999618530273,21.520000457763672,194,839,77.5495869,12.9865848
1765983907936295700,1080.3312956542968,1.1111329793930054,0.3761792778968811,1.025206446647644,3.7899999618530273,21.770000457763672,194,839,77.5495418,12.9863921
1765983908936471600,1081.331471435547,0.44355151057243347,0.14913810789585114,1.0316814184188843,3.7899999618530273,21.59000015258789,195,839,77.5494941,12.9862052
1765983909937163500,1082.3321635742188,0.40548795461654663,0.132456973195076,1.0438708066940308,3.7899999618530273,20.969999313354492,194,839,77.5494458,12.9860237
1765983910936714500,1083.3317145996093,0.3659411370754242,0.11769699305295944,1.0505844354629517,3.7899999618530273,20.649999618530273,194,838,77.5493971,12.9858411
1765983911937098800,1084.3320986328124,1.1642826795578003,0.3622393012046814,1.056809425354004,3.7899999618530273,20.010000228881836,195,835.5666135277078,77.5493445,12.9856639
1765983912936801500,1085.331801513672,1.0736503601074219,0.33527758717536926,1.0648318529129028,3.7899999618530273,20.079999923706055,194,834.215749485293,77.5492931,12.985486
1765983913936717800,1086.3317177734375,0.2572653591632843,0.08010032773017883,1.0352317094802856,3.7899999618530273,19.979999542236328,194,833.5189081079467,77.5492399,12.9853087
1765983914937624800,1087.3326247558593,0.3353710174560547,0.10186120122671127,1.0420342683792114,3.7899999618530273,19.5,193,832.6737198788355,77.5491985,12.9851335
1765983915936400000,1088.3313999023437,0.3370685577392578,0.09741543978452682,1.0485368967056274,3.7899999618530273,18.549999237060547,191,831.2494075305267,77.5491629,12.984967
1765983916936469800,1089.3314697265625,0.3385660648345947,0.0954827144742012,1.0555980205535889,3.7899999618530273,18.100000381469727,189,830.7452826926917,77.5491333,12.9847999
1765983917936321300,1090.3313212890625,0.25220856070518494,0.06876569241285324,1.129866123199463,3.7899999618530273,17.5,186,827.8568896754045,77.5491173,12.984642
1765983918937873700,1091.332873779297,0.2479495257139206,0.06610357761383057,1.0657360553741455,3.7899999618530273,17.110000610351562,184,830.6215474766058,77.5491015,12.984486
1765983919936921300,1092.3319213867187,0.22582176327705383,0.06242413818836212,1.070501685142517,3.7899999618530273,17.739999771118164,181,830.5505151013543,77.5490926,12.9843289
1765983920937301000,1093.3323010253907,1.077305555343628,0.3061069846153259,1.089620590209961,3.7899999618530273,18.270000457763672,181,830.3625624029734,77.5490872,12.9841645
1765983921937028900,1094.3320288085938,0.9977354407310486,0.2884708344936371,1.157127857208252,3.7899999618530273,18.59000015258789,181,827.485690950281,77.5490829,12.9839981
1765983922936852500,1095.3318525390625,0.13180230557918549,0.03964609652757645,1.1035070419311523,3.7899999618530273,19.299999237060547,180,830.1425978282697,77.5490822,12.9838255
1765983923937553200,1096.3325532226563,0.13199232518672943,0.04094776511192322,1.1100924015045166,3.7899999618530273,19.90999984741211,180,829.8791060044788,77.549079,12.9836494
1765983924937117200,1097.3321171875,0.18068654835224152,0.05875375494360924,1.1183408498764038,3.7899999618530273,20.8700008392334,180,829.4941933291328,77.5490793,12.9834663
1765983925938066700,1098.3330666503907,0.17186105251312256,0.05702195689082146,1.1190377473831177,3.7899999618530273,21.290000915527344,180,829.1758104916835,77.5490748,12.9832784
1765983926936891100,1099.3318911132812,0.07758230715990067,0.02614067867398262,1.1293058395385742,3.7899999618530273,21.6200008392334,181,828.6419479935234,77.5490759,12.9830842
1765983927936617000,1100.3316169433594,0.1703195869922638,0.05755219608545303,1.175628423690796,3.7899999618530273,21.68000030517578,181,828.0692499196383,77.5490706,12.9828881
1765983928936424000,1101.331423828125,0.18159355223178864,0.060778915882110596,1.1794886589050293,3.7899999618530273,21.479999542236328,180,827.6248624929759,77.5490681,12.9826945
1765983929936555800,1102.3315556640625,0.07544215023517609,0.023306293413043022,0.6015135645866394,3.7899999618530273,19.81999969482422,181,827.3820625688054,77.5490639,12.9825083
1765983930936478700,1103.3314787597656,0.19524787366390228,0.05720983445644379,0.6379184126853943,3.7899999618530273,18.799999237060547,180,824.276177630926,77.5490623,12.982335
1765983931936226600,1104.3312265625,0.33334222435951233,0.09227356314659119,0.6379241943359375,3.7899999618530273,17.770000457763672,180,824.0288130471924,77.5490617,12.9821686
1765983932936142600,1105.331142578125,0.36352407932281494,0.09478121250867844,0.6399456262588501,3.7899999618530273,16.739999771118164,180,823.2730209007669,77.5490579,12.9820116
1765983933936216600,1106.3312165527343,0.2505667209625244,0.06251596659421921,0.6025428175926208,3.7899999618530273,16.010000228881836,180,825.9185365259498,77.5490546,12.9818625
1765983934936918000,1107.33191796875,1.5298734903335571,0.36804741621017456,0.660268247127533,3.7899999618530273,15.479999542236328,180,822.5028518488567,77.5490569,12.9817184
1765983935936753700,1108.3317536621093,1.5533506870269775,0.36628100275993347,0.6063336133956909,3.7899999618530273,15.170000076293945,180,823.926342685194,77.5490474,12.98158
1765983936937072600,1109.3320727539062,0.3266676068305969,0.08074721693992615,0.6561300754547119,3.7899999618530273,15.869999885559082,180,820.8382778759536,77.5490465,12.9814381
1765983937936456700,1110.3314567871093,0.28865504264831543,0.07294642180204391,0.6694954633712769,3.7899999618530273,16.219999313354492,180,820.3556555533087,77.5490449,12.9812935
1765983938937157400,1111.3321574707031,0.41207289695739746,0.10598873347043991,0.600325882434845,3.7899999618530273,16.510000228881836,180,822.5893127645871,77.5490446,12.9811439
1765983939937212200,1112.3322121582032,0.33389320969581604,0.08798853307962418,0.599901556968689,3.7899999618530273,16.920000076293945,181,822.5664202266869,77.549044,12.9809936
1765983940938186200,1113.3331862792968,0.20516172051429749,0.055024296045303345,0.5567970871925354,3.7899999618530273,17.209999084472656,181,822.5526847331961,77.5490363,12.9808405
1765983941936851200,1114.3318513183594,0.17769725620746613,0.0479966402053833,0.5534000992774963,3.7899999618530273,17.329999923706055,180,822.6398058141529,77.5490373,12.9806865
1765983942936708600,1115.3317084960938,0.22684459388256073,0.061175912618637085,0.555162787437439,3.7899999618530273,17.309999465942383,179,822.6123348491097,77.5490402,12.9805311
1765983943936911000,1116.3319111328126,0.2557227313518524,0.06652368605136871,0.5555391907691956,3.7899999618530273,16.700000762939453,180,822.6237810738794,77.5490383,12.98038
1765983944936284000,1117.331283935547,0.2993724048137665,0.07562802731990814,0.5482084155082703,3.7899999618530273,16.209999084472656,180,822.6123348491097,77.5490341,12.9802302
1765983945936393500,1118.3313935546876,0.2717265486717224,0.06878887861967087,0.5487810373306274,3.7899999618530273,16.25,180,822.5505254985978,77.5490336,12.9800834
1765983946936710000,1119.3317099609376,0.3972287178039551,0.09909572452306747,0.5490554571151733,3.7899999618530273,16.020000457763672,180,822.52076559938,77.5490344,12.9799387
1765983947936268300,1120.3312683105469,0.3361576199531555,0.08805453032255173,0.5577372908592224,3.7899999618530273,16.809999465942383,180,822.4314865196199,77.5490371,12.9797916
1765983948938300200,1121.333300048828,0.1455066055059433,0.039387959986925125,0.555374264717102,3.7899999618530273,17.3700008392334,180,821.9759487217548,77.5490375,12.9796388
1765983949937120000,1122.3321201171875,0.07857856154441833,0.021519044414162636,0.6160627007484436,3.7899999618530273,17.56999969482422,180,818.9395254402243,77.5490382,12.9794842
1765983950937226500,1123.3322265625,0.08186747133731842,0.021230313926935196,0.6208277344703674,3.7899999618530273,16.639999389648438,180,818.6419601512736,77.5490377,12.9793301
1765983951936641800,1124.3316418457032,0.2110610455274582,0.05315839871764183,0.6120964288711548,3.7899999618530273,16.15999984741211,180,817.4701108231117,77.5490374,12.9791847
1765983952938231800,1125.3332316894532,0.42498746514320374,0.10402095317840576,0.6120856404304504,3.7899999618530273,15.710000038146973,179,816.911707553376,77.5490368,12.9790382
1765983953936271600,1126.3312717285157,0.6096045970916748,0.14422160387039185,0.6119343638420105,3.7899999618530273,15.1899995803833,180,816.2778264714478,77.5490373,12.9788975
1765983954936462300,1127.3314624023437,0.5302273631095886,0.12162255495786667,0.6061270236968994,3.7899999618530273,14.729999542236328,181,815.2824757383487,77.5490342,12.9787603
1765983955937989000,1128.332989013672,0.4130265414714813,0.09456830471754074,0.5842661261558533,3.7899999618530273,14.699999809265137,180,816.7172646915154,77.5490326,12.9786288
1765983956936187600,1129.3311877441406,1.6940436363220215,0.37586644291877747,0.5841687321662903,3.7899999618530273,14.279999732971191,179,815.9440653843903,77.5490351,12.9785022
1765983957936739800,1130.3317397460937,2.909968137741089,0.644524335861206,0.5841811895370483,3.7899999618530273,14.279999732971191,177,814.8118427221799,77.5490413,12.9783754
1765983958937100800,1131.3321008300782,1.6968916654586792,0.37713056802749634,0.5834483504295349,3.7899999618530273,14.300000190734863,174,813.839851274334,77.5490553,12.9782406
1765983959936220200,1132.3312202148438,0.1755906045436859,0.039328254759311676,0.5836917161941528,3.7899999618530273,14.369999885559082,173,812.8954095270183,77.5490679,12.9781096
1765983960936783400,1133.3317834472657,0.16377897560596466,0.0368606373667717,0.5847925543785095,3.7899999618530273,14.4399995803833,175,812.1294131007879,77.5490777,12.9779813
1765983961937079000,1134.3320791015626,0.1643645316362381,0.036862753331661224,0.5908849239349365,3.7899999618530273,14.390000343322754,175,811.8961978868434,77.5490882,12.9778523
1765983962936526600,1135.3315266113282,0.1515708863735199,0.03346342220902443,0.5915498733520508,3.7899999618530273,14.170000076293945,179,811.8687612186341,77.5490919,12.9777217
1765983963937149700,1136.3321496582032,0.38302579522132874,0.08507468551397324,0.5926799178123474,3.7899999618530273,14.260000228881836,179,811.8710476043068,77.5490961,12.9775951
1765983964937336300,1137.3323364257812,0.5968509316444397,0.12919406592845917,0.5951475501060486,3.7899999618530273,13.899999618530273,179,811.8710476043068,77.5490977,12.9774702
1765983965937087700,1138.3320876464843,0.3830597400665283,0.08126714825630188,0.5945439338684082,3.7899999618530273,13.619999885559082,180,811.8710476043068,77.5490961,12.9773467
1765983966936422000,1139.331421875,0.40092533826828003,0.08420901745557785,0.5945558547973633,3.7899999618530273,13.479999542236328,180,811.8961978868434,77.5490935,12.9772234
1765983967936328700,1140.3313286132814,0.7211974859237671,0.14590589702129364,0.5946686863899231,3.7899999618530273,13,180,811.94649867257,77.54909,12.9771035
1765983968936470500,1141.3314704589843,0.4586283564567566,0.09798039495944977,0.5580271482467651,3.7899999618530273,13.720000267028809,180,812.0059454350111,77.5490897,12.9769811
1765983969936953300,1142.3319533691406,0.13823258876800537,0.030074026435613632,0.5576671957969666,3.7899999618530273,13.960000038146973,180,812.0471011266485,77.5490863,12.9768539
1765983970936698000,1143.3316979980468,0.240230992436409,0.05183611810207367,0.5590779185295105,3.7899999618530273,13.850000381469727,180,812.1408453817284,77.5490863,12.9767295
1765983971937682700,1144.3326826171874,0.2357577234506607,0.05248056352138519,0.5590724945068359,3.7899999618530273,14.289999961853027,180,812.2528825391814,77.549084,12.9765999
1765983972937593900,1145.33259375,0.31105729937553406,0.06702819466590881,0.5510419607162476,3.7899999618530273,13.829999923706055,181,812.3351964829233,77.5490832,12.976475
1765983973936278800,1146.3312788085937,0.6732190251350403,0.13541382551193237,0.5513508319854736,3.7899999618530273,12.920000076293945,184,812.5524176172961,77.5490756,12.9763554
1765983974936905200,1147.3319052734375,0.472200870513916,0.09135045856237411,0.5513200759887695,3.7899999618530273,12.420000076293945,187,812.6393076073264,77.5490644,12.9762419
1765983975936484600,1148.3314846191406,0.26274988055229187,0.04871600121259689,0.564835250377655,3.7899999618530273,11.899999618530273,191,812.6393076073264,77.5490451,12.9761337
1765983976936302600,1149.3313024902343,0.2710292935371399,0.04861091822385788,0.6192091107368469,3.7899999618530273,11.510000228881836,192,810.282718290022,77.549023,12.9760296
1765983977937177300,1150.3321772460938,1.8613210916519165,0.3282390534877777,0.6190015077590942,3.7899999618530273,11.350000381469727,192,810.282718290022,77.5489987,12.975928
1765983978938438700,1151.333438720703,2.373605251312256,0.3925166428089142,0.6258812546730042,3.7899999618530273,10.649999618530273,197,809.7715709451268,77.5489698,12.9758366
1765983979936280000,1152.331280029297,0.7465289235115051,0.11938299983739853,0.6243747472763062,3.7899999618530273,10.270000457763672,200,809.39886550655,77.5489379,12.9757444
1765983980937086700,1153.3320866699219,0.3586571514606476,0.056788861751556396,0.6222913861274719,3.7899999618530273,10.15999984741211,201,809.2548180390614,77.5489044,12.9756594
1765983981936465200,1154.3314650878906,0.3282921314239502,0.051325954496860504,0.6231570839881897,3.7899999618530273,10.029999732971191,203,808.898139455744,77.5488685,12.9755768
1765983982936913000,1155.3319128417968,0.37564316391944885,0.05790366604924202,0.6195366382598877,3.7899999618530273,9.890000343322754,203,808.6557893717146,77.5488331,12.9754952
1765983983936696600,1156.331696533203,5.560949802398682,0.8134406805038452,0.6118254661560059,3.7899999618530273,9.460000038146973,204,808.2808460945962,77.5487955,12.9754184
1765983984937171700,1157.3321716308594,1.2084929943084717,0.8006722927093506,0.6540706157684326,3.7899999618530273,9.109999656677246,200,808.2396402233888,77.5487707,12.9753431
1765983985936938500,1158.3319384765625,2.2515878677368164,0.8044949769973755,0.6510765552520752,3.7899999618530273,7.590000152587891,202,807.8784479902661,77.5487451,12.9752801
1765983986936744700,1159.3317446289063,3.2644519805908203,0.7797213792800903,0.6510802507400513,3.7899999618530273,5.929999828338623,205,807.5721322880657,77.5487183,12.9752293
1765983987936264000,1160.3312639160156,4.301957607269287,1.0077753067016602,0.6666203737258911,3.7899999618530273,4.869999885559082,209,806.9281521621928,77.5486961,12.9751886
1765983988936221200,1161.3312211914063,5.241602420806885,0.765045702457428,0.5917459726333618,3.7899999618530273,3.0799999237060547,213,808.6089935546227,77.5486783,12.9751653
1765983989936649000,1162.3316489257813,6.35601282119751,0.7766523361206055,0.5976005792617798,3.7899999618530273,1.5499999523162842,218,807.8250963007993,77.5486722,12.9751512
1765983990937625000,1163.332625,7.426389694213867,0.9844700694084167,0.6086231470108032,3.7899999618530273,0.9100000262260437,219,807.2674985965094,77.5486666,12.9751432
1765983991936839400,1164.3318393554687,0,0.06990991532802582,0.61570143699646,3.7899999618530273,0,0,806.8950251897674,77.5486682,12.9751386
1765983992936343600,1165.3313435058594,0,0.07055094093084335,0.6221091747283936,3.7899999618530273,0,0,806.6322469088439,77.5486671,12.9751405
1765983993936174600,1166.331174560547,0,0.07060599327087402,0.6296680569648743,3.7899999618530273,0,0,806.3580520456031,77.5486658,12.9751421
1765983994937027300,1167.33202734375,0,0.07067897170782089,0.6750064492225647,3.7899999618530273,0,0,802.3999633789062,77.5486639,12.9751418
1765983995937822500,1168.3328225097657,0,0.07067959010601044,0.6824431419372559,3.7899999618530273,0,0,802.3999633789062,77.5486646,12.9751426
1765983996936715500,1169.331715576172,0,0.07069550454616547,0.6599846482276917,3.7899999618530273,0,0,802.3999633789062,77.5486645,12.9751426
1765983997936508200,1170.3315080566406,0,0.07080143690109253,0.6294088363647461,3.7899999618530273,0,0,802.2999877929688,77.5486648,12.9751426
1765983998937111000,1171.3321110839843,0,0.07069480419158936,0.6357536315917969,3.7899999618530273,0,0,802.2999877929688,77.5486644,12.9751427
1765983999936506400,1172.3315063476562,0,0.07069578766822815,0.6051750779151917,3.7899999618530273,0,0,802.2999877929688,77.5486643,12.9751426
1765984000936905500,1173.3319055175782,0,0.07069481164216995,0.5881646871566772,3.7899999618530273,0,0,806.1541252848564,77.548664,12.9751427
1765984001936694300,1174.3316943359375,0,0.07069558650255203,0.5946478843688965,3.7899999618530273,0,0,806.1221372121157,77.5486638,12.9751429
1765984002936686000,1175.3316860351563,0,0.07069561630487442,0.6012412309646606,3.7899999618530273,0,0,806.0301721657466,77.5486636,12.975143
1765984003936516600,1176.3315166015625,0,0.07069548964500427,0.6285744309425354,3.7899999618530273,0,0,802.3999633789062,77.5486635,12.975143
1765984004936248000,1177.331248046875,0,0.07069646567106247,0.6346052885055542,3.7899999618530273,0,0,802.3999633789062,77.5486635,12.975143
1765984005936274400,1178.3312744140626,0,0.07069519907236099,0.641717791557312,3.7899999618530273,0,0,802.3999633789062,77.5486634,12.975143
1765984006936626700,1179.3316267089845,0,0.0706973746418953,0.6495360136032104,3.7899999618530273,0,0,802.3999633789062,77.5486634,12.975143
1765984007936198100,1180.3311982421876,0,0.07069496065378189,0.6614837050437927,3.7899999618530273,0,0,802.3999633789062,77.5486634,12.975143
1765984008937860000,1181.3328601074218,0,0.07069537043571472,0.6689253449440002,3.7899999618530273,0,0,802.3999633789062,77.5486633,12.975143
1765984009936820000,1182.3318200683593,0,0.07069676369428635,0.6307119727134705,3.7899999618530273,0,0,802.3999633789062,77.5486632,12.975143
1765984010936731600,1183.3317316894531,0,0.07069511711597443,0.6357412338256836,3.7899999618530273,0,0,802.3999633789062,77.5486632,12.975143
1765984011936309200,1184.3313093261718,0,0.07069558650255203,0.6708247661590576,3.7899999618530273,0,0,802.3999633789062,77.5486632,12.9751429
1765984012937379000,1185.3323791503906,0,0.0706959143280983,0.6765092611312866,3.7899999618530273,0,0,802.3999633789062,77.5486632,12.9751429
1765984013936285000,1186.3312849121094,0,0.07069679349660873,0.6797953844070435,3.7899999618530273,0,0,802.3999633789062,77.5486633,12.9751429
1765984014936745500,1187.331745361328,0,0.07069528847932816,0.6997987031936646,3.7899999618530273,0,0,802.3999633789062,77.5486633,12.9751429
1765984015936621300,1188.3316213378907,0,0.07069503515958786,0.6997073888778687,3.7899999618530273,0,0,802.3999633789062,77.5486633,12.9751429
1765984016936632300,1189.3316323242188,0,0.07069598138332367,0.655025839805603,3.7899999618530273,0,0,802.2999877929688,77.5486631,12.9751428
1765984017936540000,1190.3315397949218,0,0.07069528847932816,0.6769488453865051,3.7899999618530273,0,0,802.2999877929688,77.5486631,12.9751428
1765984018936289000,1191.3312890625,0,0.07069578021764755,0.6217067241668701,3.7899999618530273,0,0,805.4492728280214,77.5486631,12.9751428
1765984019936499200,1192.3314992675782,0,0.07069440931081772,0.6278855800628662,3.7899999618530273,0,0,805.414431538836,77.5486632,12.9751428
1765984020936323000,1193.331322998047,0,0.07069520652294159,0.6348429322242737,3.7899999618530273,0,0,805.3778768953612,77.5486632,12.9751428
1765984021936327400,1194.331327392578,0,0.0706944614648819,0.6411578059196472,3.7899999618530273,0,0,805.3413224072638,77.5486632,12.9751428
1765984022937069800,1195.3320698242187,0,0.07069475948810577,0.6168715357780457,3.7899999618530273,0,0,802.2999877929688,77.548663,12.9751427
1765984023936284200,1196.3312841796876,0,0.07069408148527145,0.5775033235549927,3.7899999618530273,0,0,805.2836351718126,77.5486629,12.9751427
1765984024936794400,1197.3317944335938,0,0.07069515436887741,0.5851421356201172,3.7899999618530273,0,0,805.2539349638631,77.5486629,12.9751427
1765984025936319200,1198.3313193359375,0,0.07069548964500427,0.5853070020675659,3.7899999618530273,0,0,805.2476522407105,77.5486629,12.9751427
1765984026937309200,1199.3323090820313,0,0.07069554179906845,0.5918668508529663,3.7899999618530273,0,0,805.2425118342724,77.5486629,12.9751427
1765984027936291600,1200.3312915039062,0,0.07069418579339981,0.5951606631278992,3.7899999618530273,0,0,805.2425118342724,77.5486629,12.9751427
1765984028937639000,1201.3326389160156,0,0.07069500535726547,0.5660302639007568,3.7899999618530273,0,0,805.2430829903913,77.5486628,12.9751427
1765984029936868400,1202.331868408203,0,0.0706949383020401,0.5844833254814148,3.7899999618530273,0,0,805.2476522407105,77.5486628,12.9751427
1765984030936328700,1203.3313286132814,0,0.07069472223520279,0.5913190841674805,3.7899999618530273,0,0,805.2522214934567,77.5486628,12.9751427
1765984031936691500,1204.33169140625,0,0.0706949532032013,0.6585851311683655,3.7899999618530273,0,0,802.2999877929688,77.5486628,12.9751427
1765984032936177200,1205.3311772460938,0,0.07069484889507294,0.6653095483779907,3.7899999618530273,0,0,802.2999877929688,77.5486628,12.9751426
1765984033937086700,1206.3320866699219,0,0.07069558650255203,0.6717970371246338,3.7899999618530273,0,0,802.2999877929688,77.5486629,12.9751426
1765984034936233700,1207.3312336425781,0,0.07069746404886246,0.6825999021530151,3.7899999618530273,0,0,802.2999877929688,77.5486629,12.9751426
1765984035937000400,1208.3320004882812,0,0.07069681584835052,0.640647828578949,3.7899999618530273,0,0,802.2999877929688,77.5486627,12.9751426
1765984036938109000,1209.3331088867187,0,0.07069584727287292,0.6267601847648621,3.7899999618530273,0,0,802.2999877929688,77.5486627,12.9751426
1765984037937647600,1210.3326477050782,0,0.07069484144449234,0.6332623958587646,3.7899999618530273,0,0,802.2999877929688,77.5486627,12.9751426
1765984038936670200,1211.3316701660156,0,0.07069545239210129,0.6389272212982178,3.7899999618530273,0,0,802.2999877929688,77.5486627,12.9751426
1765984039936156200,1212.33115625,0,0.07069622725248337,0.6568886637687683,3.7899999618530273,0,0,802.2999877929688,77.5486627,12.9751426
1765984040937214000,1213.3322138671874,0,0.0706963837146759,0.6656138300895691,3.7899999618530273,0,0,802.2999877929688,77.5486627,12.9751426
1765984041937086700,1214.3320866699219,0,0.07069595158100128,0.6383641958236694,3.7899999618530273,0,0,802.3999633789062,77.5486626,12.9751426
1765984042936385300,1215.3313852539063,0,0.07069477438926697,0.6407138109207153,3.7899999618530273,0,0,802.3999633789062,77.5486626,12.9751426
1765984043936244000,1216.3312438964845,0,0.07069520652294159,0.6494574546813965,3.7899999618530273,0,0,802.3999633789062,77.5486626,12.9751425
1765984044937752600,1217.332752685547,0,0.0706951916217804,0.658641517162323,3.7899999618530273,0,0,802.3999633789062,77.5486627,12.9751425
1765984045936769300,1218.3317692871094,0,0.07069569826126099,0.6652965545654297,3.7899999618530273,0,0,802.3999633789062,77.5486627,12.9751425
1765984046937136400,1219.3321364746093,0,0.07069536298513412,0.6708433032035828,3.7899999618530273,0,0,802.3999633789062,77.5486627,12.9751425
1765984047936910300,1220.3319104003906,0,0.07069461047649384,0.6477207541465759,3.7899999618530273,0,0,802.2999877929688,77.5486625,12.9751425
1765984048936622600,1221.3316225585938,0,0.07069483399391174,0.6561822295188904,3.7899999618530273,0,0,802.2999877929688,77.5486625,12.9751425
1765984049937197600,1222.3321975097656,0,0.07069595158100128,0.6813707947731018,3.7899999618530273,0,0,802.2999877929688,77.5486625,12.9751425
1765984050937413600,1223.3324135742187,0,0.070694699883461,0.6806865334510803,3.7899999618530273,0,0,802.2999877929688,77.5486625,12.9751425
1765984051936647400,1224.3316474609376,0,0.07069487869739532,0.6623868942260742,3.7899999618530273,0,0,802.2999877929688,77.5486625,12.9751425
1765984052936777000,1225.3317768554687,0,0.07069507241249084,0.6660259962081909,3.7899999618530273,0,0,802.2999877929688,77.5486625,12.9751425
1765984053936789000,1226.3317890625,0,0.07069626450538635,0.6544668674468994,3.7899999618530273,0,0,802.2999877929688,77.5486623,12.9751425
1765984054937114600,1227.3321145019531,0,0.07069596648216248,0.6534397006034851,3.7899999618530273,0,0,802.2999877929688,77.5486623,12.9751425
1765984055936736500,1228.3317365722655,0,0.07069645076990128,0.6537002921104431,3.7899999618530273,0,0,802.2999877929688,77.5486623,12.9751425
1765984056937515000,1229.332514892578,0,0.07069613039493561,0.6630054712295532,3.7899999618530273,0,0,802.2999877929688,77.5486623,12.9751424
1765984057936407000,1230.3314069824219,0,0.07069738209247589,0.668411910533905,3.7899999618530273,0,0,802.2999877929688,77.5486624,12.9751424
1765984058936612600,1231.3316125488282,0,0.07069771736860275,0.6941097378730774,3.7899999618530273,0,0,802.2999877929688,77.5486624,12.9751424
1765984059936876800,1232.3318767089843,0,0.07074293494224548,0.7037050724029541,3.7899999618530273,0,0,802.2999877929688,77.5486624,12.9751424
1765984060936352000,1233.3313520507813,0,0.07069771736860275,0.6107816100120544,3.7899999618530273,0,0,802.2999877929688,77.5486623,12.9751424
1765984061936886000,1234.3318859863282,0,0.0706980973482132,0.617604672908783,3.7899999618530273,0,0,802.2999877929688,77.5486623,12.9751424
1765984062936749000,1235.3317490234374,0,0.07069749385118484,0.6152979135513306,3.7899999618530273,0,0,802.2999877929688,77.5486624,12.9751424
1765984063937201000,1236.3322009277344,0,0.07069763541221619,0.6218085289001465,3.7899999618530273,0,0,802.2999877929688,77.5486624,12.9751424
1765984064936954000,1237.3319541015626,0,0.07069876044988632,0.6311429142951965,3.7899999618530273,0,0,802.2999877929688,77.5486624,12.9751424
1765984065936965000,1238.3319650878907,0,0.07069806754589081,0.6418479084968567,3.7899999618530273,0,0,802.2999877929688,77.5486624,12.9751424
1765984066936861700,1239.3318618164062,0,0.07069868594408035,0.6220200061798096,3.7899999618530273,0,0,802.2999877929688,77.5486622,12.9751424
1765984067937235000,1240.3322348632812,0,0.07069983333349228,0.6311532855033875,3.7899999618530273,0,0,802.2999877929688,77.5486623,12.9751424
1765984068936986000,1241.3319860839845,0,0.07069829851388931,0.6917428374290466,3.7899999618530273,0,0,802.2999877929688,77.5486623,12.9751424
1765984069936800800,1242.33180078125,0,0.07069811969995499,0.7097837924957275,3.7899999618530273,0,0,802.2999877929688,77.5486623,12.9751424
1765984070937120800,1243.3321208496093,0,0.07069909572601318,0.7162970900535583,3.7899999618530273,0,0,802.2999877929688,77.5486623,12.9751424
1765984071937152000,1244.3321520996094,0,0.0706993043422699,0.7197362780570984,3.7899999618530273,0,0,802.2999877929688,77.5486623,12.9751424
1765984072936826000,1245.331826171875,0,0.07069957256317139,0.6743370890617371,3.7899999618530273,0,0,802.2999877929688,77.5486622,12.9751424
1765984073936681000,1246.3316809082032,0,0.07069921493530273,0.6806615591049194,3.7899999618530273,0,0,802.2999877929688,77.5486622,12.9751424
1765984074936989400,1247.331989501953,0,0.07069969177246094,0.6797874569892883,3.7899999618530273,0,0,802.2999877929688,77.5486622,12.9751424
1765984075937186300,1248.3321862792968,0,0.07070006430149078,0.6993775367736816,3.7899999618530273,0,0,802.2999877929688,77.5486622,12.9751424
1765984076937382000,1249.3323818359374,0,0.07073144614696503,0.7053512334823608,3.7899999618530273,0,0,802.2999877929688,77.5486622,12.9751424
1765984077936418600,1250.3314184570313,0,0.07069945335388184,0.7121031880378723,3.7899999618530273,0,0,802.2999877929688,77.5486622,12.9751424
1765984078936621600,1251.3316215820312,0,0.07076834887266159,0.7132062911987305,3.7899999618530273,0,0,802.2999877929688,77.5486622,12.9751424
1765984079936864300,1252.3318642578124,0,0.07070142775774002,0.6769711971282959,3.7899999618530273,0,0,802.2999877929688,77.5486619,12.9751424
1765984080936987400,1253.3319873046876,0,0.07070004194974899,0.6834894418716431,3.7899999618530273,0,0,802.2999877929688,77.5486619,12.9751424
1765984081936983000,1254.331983154297,0,0.07070054858922958,0.6744140982627869,3.7899999618530273,0,0,802.2999877929688,77.5486619,12.9751424
1765984082937254400,1255.3322543945312,0,0.07070112973451614,0.6132156848907471,3.7899999618530273,0,0,802.2999877929688,77.5486619,12.9751424
1765984083936350500,1256.3313505859376,0,0.07070079445838928,0.6191916465759277,3.7899999618530273,0,0,802.2999877929688,77.5486616,12.9751423
1765984084937052000,1257.3320520019531,0,0.07070089876651764,0.6196560263633728,3.7899999618530273,0,0,802.2999877929688,77.5486616,12.9751423
1765984085936798500,1258.3317985839844,0,0.07070068269968033,0.5827439427375793,3.7899999618530273,0,0,802.2999877929688,77.5486614,12.9751423
1765984086937341000,1259.3323408203125,0,0.07070359587669373,0.5869668126106262,3.7899999618530273,0,0,802.2999877929688,77.5486614,12.9751423
1765984087936737800,1260.3317377929689,0,0.07070069015026093,0.6170065402984619,3.7899999618530273,0,0,802.2999877929688,77.5486614,12.9751423
1765984088936659000,1261.3316589355468,0,0.07070153951644897,0.6363851428031921,3.7899999618530273,0,0,802.2999877929688,77.5486614,12.9751423
1765984089937123800,1262.3321237792968,0,0.07070253789424896,0.6432079672813416,3.7899999618530273,0,0,802.2999877929688,77.5486614,12.9751423
1765984090937023700,1263.3320236816405,0,0.07070131599903107,0.6532750129699707,3.7899999618530273,0,0,802.2999877929688,77.5486613,12.9751423
1765984091936461800,1264.3314619140624,0,0.07070165127515793,0.6326831579208374,3.7899999618530273,0,0,802.2999877929688,77.5486612,12.9751423
1765984092937182200,1265.3321821289062,0,0.07070213556289673,0.6511206030845642,3.7899999618530273,0,0,802.2999877929688,77.5486612,12.9751423
1765984093936769000,1266.3317690429687,0,0.07070152461528778,0.6556582450866699,3.7899999618530273,0,0,802.2999877929688,77.5486612,12.9751423
1765984094936497000,1267.3314968261718,0,0.07070203870534897,0.6470233201980591,3.7899999618530273,0,0,802.2999877929688,77.5486612,12.9751423
1765984095936208100,1268.3312080078124,0,0.07070218026638031,0.6532244682312012,3.7899999618530273,0,0,802.2999877929688,77.5486612,12.9751423
1765984096936735700,1269.3317358398438,0,0.07070174813270569,0.6600654125213623,3.7899999618530273,0,0,802.2999877929688,77.5486612,12.9751423
1765984097937107700,1270.3321076660156,0,0.07070201635360718,0.6632694005966187,3.7899999618530273,0,0,802.2999877929688,77.5486612,12.9751424
1765984098936464100,1271.3314641113282,0,0.07070208340883255,0.6498889327049255,3.7899999618530273,0,0,802.3999633789062,77.5486612,12.9751424
1765984099936525000,1272.3315251464844,0,0.07070237398147583,0.705159068107605,3.7899999618530273,0,0,802.3999633789062,77.5486612,12.9751424
1765984100937117000,1273.3321169433593,0,0.07070222496986389,0.7210317850112915,3.7899999618530273,0,0,802.3999633789062,77.5486612,12.9751423
1765984101937058300,1274.3320583496093,0,0.07070228457450867,0.7276191115379333,3.7899999618530273,0,0,802.3999633789062,77.5486612,12.9751423
1765984102936761900,1275.3317619628906,0,0.07070259004831314,0.7341336607933044,3.7899999618530273,0,0,802.3999633789062,77.5486612,12.9751424
1765984103936254500,1276.3312543945312,0,0.07070228457450867,0.6728174090385437,3.7899999618530273,0,0,802.2999877929688,77.5486611,12.9751424
1765984104936317700,1277.331317626953,0,0.0707022026181221,0.6748036742210388,3.7899999618530273,0,0,802.2999877929688,77.5486611,12.9751424
1765984105936977200,1278.3319770507812,0,0.0707026943564415,0.6796309351921082,3.7899999618530273,0,0,802.2999877929688,77.5486611,12.9751424
1765984106935570000,1279.3305698242189,0,0.07070304453372955,0.6468735337257385,3.7899999618530273,0,0,802.2999877929688,77.5486611,12.9751424
1765984107936988200,1280.33198828125,0,0.07070333510637283,0.6450459957122803,3.7899999618530273,0,0,802.2999877929688,77.5486611,12.9751424
1765984108937068000,1281.3320681152343,0,0.07070290297269821,0.6568318605422974,3.7899999618530273,0,0,802.2999877929688,77.5486611,12.9751424
1765984109936949500,1282.3319494628906,0,0.07070305198431015,0.6628405451774597,3.7899999618530273,0,0,802.2999877929688,77.5486611,12.9751424
1765984110936799000,1283.3317990722655,0,0.07070336490869522,0.6207967400550842,3.7899999618530273,0,0,802.3999633789062,77.548661,12.9751423
1765984111936294400,1284.3312944335937,0,0.07070329785346985,0.6207866668701172,3.7899999618530273,0,0,802.3999633789062,77.548661,12.9751424
1765984112936596200,1285.3315961914063,0,0.07070313394069672,0.6057013869285583,3.7899999618530273,0,0,802.3999633789062,77.548661,12.9751424
1765984113937092000,1286.3320920410156,0,0.07071962207555771,0.6276663541793823,3.7899999618530273,0,0,802.3999633789062,77.548661,12.9751424
1765984114937164000,1287.3321640625,0,0.07070311158895493,0.6341322064399719,3.7899999618530273,0,0,802.3999633789062,77.548661,12.9751423
1765984115937179000,1288.3321789550782,0,0.07070339471101761,0.6415243744850159,3.7899999618530273,0,0,802.3999633789062,77.548661,12.9751423
1765984116937152000,1289.3321520996094,0,0.07070361822843552,0.6041869521141052,3.7899999618530273,0,0,802.2999877929688,77.5486608,12.9751423
1765984117936211000,1290.3312109375,0,0.07070352137088776,0.6095588207244873,3.7899999618530273,0,0,802.2999877929688,77.5486608,12.9751423
1765984118937209600,1291.3322097167968,0,0.07070369273424149,0.628564715385437,3.7899999618530273,0,0,802.2999877929688,77.5486608,12.9751423
1765984119936320500,1292.3313205566405,0,0.07070358097553253,0.6294257640838623,3.7899999618530273,0,0,802.2999877929688,77.5486608,12.9751423
1765984120936183000,1293.3311831054687,0,0.0707036703824997,0.6405388712882996,3.7899999618530273,0,0,802.2999877929688,77.5486609,12.9751423
1765984121937211400,1294.3322114257812,0,0.07070347666740417,0.6470066905021667,3.7899999618530273,0,0,802.2999877929688,77.5486609,12.9751423
1765984122936251600,1295.3312517089844,0,0.07070379704236984,0.7172064781188965,3.7899999618530273,0,0,802.3999633789062,77.5486609,12.9751423
1765984123936360200,1296.331360107422,0,0.0734090656042099,0.7141553163528442,3.7899999618530273,0,0,802.3999633789062,77.5486609,12.9751423
1765984124936388400,1297.3313884277343,0,0.07068391889333725,0.7537655234336853,3.7899999618530273,0,0,802.3999633789062,77.5486609,12.9751423
1765984125936427300,1298.3314272460937,0,0.07069648802280426,0.7641258835792542,3.7899999618530273,0,0,802.3999633789062,77.5486609,12.9751423
1765984126936530400,1299.3315305175781,0,0.07069646567106247,0.7418637275695801,3.7899999618530273,0,0,802.3999633789062,77.5486609,12.9751424
1765984127935473400,1300.3304733886719,0,0.07069693505764008,0.7478857636451721,3.7899999618530273,0,0,802.3999633789062,77.548661,12.9751424
1765984128936320300,1301.3313203125,0,0.07072948664426804,0.7476873397827148,3.7899999618530273,0,0,802.3999633789062,77.548661,12.9751424
1765984129937073400,1302.3320734863282,0,0.0707046166062355,0.755201518535614,3.7899999618530273,0,0,802.3999633789062,77.5486609,12.9751424
1765984130936208600,1303.3312087402344,0,0.07070358842611313,0.7739036083221436,3.7899999618530273,0,0,802.3999633789062,77.548661,12.9751424
1765984131936782600,1304.331782470703,0,0.07070395350456238,0.7775967121124268,3.7899999618530273,0,0,802.3999633789062,77.5486609,12.9751424
1765984132936820200,1305.3318203125,0,0.07070375233888626,0.784621000289917,3.7899999618530273,0,0,802.3999633789062,77.548661,12.9751424
1765984133936856300,1306.3318562011718,0,0.0707039013504982,0.7565726041793823,3.7899999618530273,0,0,802.3999633789062,77.548661,12.9751424
1765984134936818400,1307.331818359375,0,0.0707041323184967,0.7900897860527039,3.7899999618530273,0,0,802.3999633789062,77.548661,12.9751424
1765984135936798700,1308.331798828125,0,0.070718914270401,0.6068105697631836,3.7899999618530273,0,0,802.3999633789062,77.5486609,12.9751424
1765984136936744200,1309.331744140625,0,0.07070426642894745,0.6150643825531006,3.7899999618530273,0,0,802.3999633789062,77.5486609,12.9751424
1765984137936914700,1310.3319147949219,0,0.07070454955101013,0.6177679300308228,3.7899999618530273,0,0,802.3999633789062,77.5486609,12.9751424
1765984138936976600,1311.3319765625,0,0.07070446014404297,0.6309338808059692,3.7899999618530273,0,0,802.3999633789062,77.5486609,12.9751424
1765984139936893400,1312.3318935546874,0,0.07070419192314148,0.6443795561790466,3.7899999618530273,0,0,802.3999633789062,77.5486609,12.9751424
1765984140936563200,1313.3315632324218,0,0.07070456445217133,0.6630446314811707,3.7899999618530273,0,0,802.3999633789062,77.5486609,12.9751424
1765984141936489500,1314.3314895019532,0,0.07070466130971909,0.6422470808029175,3.7899999618530273,0,0,802.2999877929688,77.5486607,12.9751424
1765984142936595000,1315.3315949707032,11.812800407409668,0.6135528087615967,0.6487380862236023,3.7899999618530273,1.059999942779541,242,802.2999877929688,77.5486539,12.975136
1765984143936298200,1316.3312983398437,11.786639213562012,0.603546679019928,0.6552709937095642,3.7899999618530273,1.1200000047683716,254,802.2999877929688,77.5486434,12.9751301
1765984144935950000,1317.3309501953124,11.56335163116455,0.6070752739906311,0.6624299883842468,3.7899999618530273,1.600000023841858,260,802.2999877929688,77.5486296,12.9751267
1765984145936575000,1318.331574951172,11.029873847961426,0.5909234881401062,0.6629351377487183,3.7899999618530273,2.259999990463257,249,802.2999877929688,77.5486116,12.9751184
1765984146936102100,1319.3311020507813,10.362993240356445,0.6012192964553833,0.7508766651153564,3.7899999618530273,3.1500000953674316,238,802.2999877929688,77.5485875,12.9751027
1765984147937034200,1320.3320341796875,10.136320114135742,0.8033222556114197,0.700569212436676,3.7899999618530273,2.4800000190734863,239,802.2999877929688,77.548566,12.9750878
1765984148936516400,1321.3315163574218,9.654481887817383,0.5925585031509399,0.6504175662994385,3.7899999618530273,2.369999885559082,239,802.2999877929688,77.5485478,12.9750747
1765984149937001700,1322.3320017089843,9.020010948181152,0.8036535978317261,0.6569379568099976,3.7899999618530273,3.3399999141693115,239,802.2999877929688,77.5485235,12.9750593
1765984150936692200,1323.3316921386718,8.512943267822266,1.0054867267608643,0.6633170247077942,3.7899999618530273,5.230000019073486,226,802.2999877929688,77.5484852,12.9750217
1765984151936264400,1324.331264404297,6.188607692718506,0.8268759846687317,0.6717050671577454,3.7899999618530273,8.640000343322754,220,802.2999877929688,77.5484327,12.9749646
1765984152936224300,1325.3312243652344,4.721940040588379,0.7976986169815063,0.7096987962722778,3.7899999618530273,10.90999984741211,218,802.2999877929688,77.5483649,12.9748832
1765984153936774700,1326.3317746582031,4.842365741729736,0.8105562329292297,0.7159795761108398,3.7899999618530273,10.819999694824219,219,802.2999877929688,77.5482991,12.9748054
1765984154936591000,1327.331591064453,4.646111488342285,0.8326592445373535,0.735984206199646,3.7899999618530273,11.220000267028809,218,802.2999877929688,77.5482341,12.974724
1765984155935994000,1328.330994140625,4.163454055786133,1.0441678762435913,0.7421804070472717,3.7899999618530273,10.90999984741211,217,802.2999877929688,77.5481718,12.9746441
1765984156936743400,1329.3317434082032,4.3488383293151855,0.8275978565216064,0.7500806450843811,3.7899999618530273,10.09000015258789,215,802.2999877929688,77.5481176,12.9745717
1765984157937002500,1330.3320024414063,2.3927340507507324,0.3341945707798004,0.7579675912857056,3.7899999618530273,9,214,802.2999877929688,77.5480679,12.9745037
1765984158936732000,1331.3317319335938,4.883236885070801,0.6158342361450195,0.7645763158798218,3.7899999618530273,8.149999618530273,211,802.2999877929688,77.5480298,12.9744392
1765984159936834300,1332.3318342285156,3.8192193508148193,0.3418563902378082,0.7714617848396301,3.7899999618530273,5.769999980926514,212,802.2999877929688,77.5479994,12.9743939
1765984160936728600,1333.331728515625,0.7713404297828674,0.06225955858826637,0.6994521617889404,3.7899999618530273,5.179999828338623,211,802.2999877929688,77.5479696,12.9743519
1765984161937110000,1334.3321101074218,5.057196617126465,0.3976028561592102,0.6729567050933838,3.7899999618530273,5.079999923706055,213,802.2999877929688,77.5479438,12.9743144
1765984162936460800,1335.3314606933593,5.568117141723633,0.9194083213806152,0.6815381050109863,3.7899999618530273,6.75,199,802.2999877929688,77.5479252,12.9742562
1765984163936736500,1336.3317365722655,4.904290676116943,0.8836871981620789,0.6883193254470825,3.7899999618530273,6.820000171661377,203,802.2999877929688,77.5479085,12.9742
1765984164936221000,1337.3312209472656,4.469447135925293,0.8176690936088562,0.6921966075897217,3.7899999618530273,7.170000076293945,202,800.5619225843874,77.5478801,12.9741405
1765984165937288000,1338.3322878417969,4.416486740112305,1.1161686182022095,0.7019731402397156,3.7899999618530273,7.039999961853027,206,800.432302659698,77.5478499,12.9740814
1765984166936489500,1339.3314895019532,4.165457248687744,0.8376476764678955,0.7091313004493713,3.7899999618530273,7.840000152587891,205,800.3352317487755,77.5478198,12.9740126
1765984167936518000,1340.3315178222656,4.074135780334473,0.8956984877586365,0.7362252473831177,3.7899999618530273,8.699999809265137,203,800.141746701349,77.5477811,12.9739427
1765984168936559000,1341.3315590820312,3.827759265899658,0.8402857780456543,0.7543008327484131,3.7899999618530273,9.479999542236328,198,800.0703723324028,77.5477619,12.9738628
1765984169936448300,1342.3314482421874,3.602491855621338,0.7936446070671082,0.7658325433731079,3.7899999618530273,9.199999809265137,201,800.009276343134,77.5477252,12.9737833
1765984170936925200,1343.3319252929687,3.5073940753936768,0.8295572996139526,0.7701062560081482,3.7899999618530273,8.859999656677246,204,799.6461353078398,77.5476923,12.9737071
1765984171936987600,1344.3319875488282,6.86323881149292,0.9642691016197205,0.787182092666626,3.7899999618530273,7.619999885559082,203,799.493118205705,77.5476635,12.9736445
1765984172936275000,1345.3312749023437,4.461503505706787,0.5366904735565186,0.7955193519592285,3.7899999618530273,7.769999980926514,203,799.4246039677959,77.5476395,12.9735824
1765984173936751600,1346.3317517089845,5.01089334487915,0.9137364029884338,0.8019481301307678,3.7899999618530273,9.869999885559082,201,799.1048780745474,77.547599,12.9734907
1765984174937141000,1347.3321411132813,1.435641884803772,0.27074316143989563,0.8060316443443298,3.7899999618530273,12.130000114440918,201,798.6848131716058,77.5475568,12.9734001
1765984175936824000,1348.3318239746093,1.5427560806274414,0.29544597864151,0.9111661314964294,3.7899999618530273,12.319999694824219,201,798.5729178003779,77.5475122,12.9733002
1765984176936436200,1349.331436279297,1.8436601161956787,0.36330029368400574,0.904483437538147,3.7899999618530273,12.680000305175781,202,798.321542986814,77.5474674,12.9731925
1765984177936990500,1350.3319904785155,1.2590129375457764,0.22545263171195984,0.9194121360778809,3.7899999618530273,11.510000228881836,202,798.1571344443738,77.5474221,12.9730962
1765984178937484500,1351.3324846191406,0.719537079334259,0.12324738502502441,0.9254142045974731,3.7899999618530273,11,205,797.9379279435227,77.5473798,12.9729992
1765984179937162200,1352.3321623535155,0.7020834684371948,0.12501007318496704,0.9362735152244568,3.7899999618530273,11.4399995803833,204,797.7485906506637,77.5473403,12.9729023
1765984180936786200,1353.3317861328126,0.5196191072463989,0.08238741755485535,0.94282466173172,3.7899999618530273,10.180000305175781,201,797.6732405866865,77.5473018,12.9728115
1765984181936430000,1354.3314301757812,1.1161187887191772,0.15772181749343872,0.9107245206832886,3.7899999618530273,9.079999923706055,198,797.0835232905738,77.5472686,12.9727291
1765984182936780800,1355.3317807617188,2.1473641395568848,0.29523393511772156,0.9172261953353882,3.7899999618530273,8.850000381469727,199,796.3826048677774,77.5472431,12.9726529
1765984183936444000,1356.3314438476561,1.5064905881881714,0.21671795845031738,0.9053159356117249,3.7899999618530273,9.25,203,795.2776898809796,77.5472125,12.9725686
1765984184935596800,1357.3305966796875,1.4442138671875,0.17080852389335632,0.9166804552078247,3.7899999618530273,7.610000133514404,200,795.0517020298163,77.5471939,12.9724953
1765984185936168400,1358.3311684570313,1.715006947517395,0.19526778161525726,0.9510597586631775,3.7899999618530273,7.320000171661377,203,794.2938871283375,77.5471671,12.9724279
1765984186936548400,1359.3315483398437,1.0920826196670532,0.13893559575080872,0.9522956609725952,3.7899999618530273,8.180000305175781,202,794.1660695095853,77.5471318,12.9723625
1765984187936896000,1360.3318959960939,2.8581275939941406,0.3826223611831665,0.9311744570732117,3.7899999618530273,8.630000114440918,200,794.0242144216126,77.5471043,12.9722973
1765984188936254000,1361.33125390625,2.0171005725860596,0.32779204845428467,0.9553850889205933,3.7899999618530273,10.460000038146973,201,794.1227032491163,77.5470725,12.9722135
1765984189935604700,1362.330604736328,2.0866241455078125,0.3431093096733093,0.9608802199363708,3.7899999618530273,10.59000015258789,204,794.2035390020649,77.547037,12.9721319
1765984190936579600,1363.3315795898438,2.9151358604431152,0.5230261087417603,0.8926489949226379,3.7899999618530273,11.569999694824219,202,794.2035390020649,77.5469944,12.972037
1765984191936133000,1364.3311330566407,1.3907246589660645,0.2542096972465515,0.902079701423645,3.7899999618530273,11.760000228881836,206,794.2446228223203,77.5469365,12.9719438
1765984192936192500,1365.3311926269532,2.33976149559021,0.3909936249256134,0.9085800647735596,3.7899999618530273,10.760000228881836,203,794.443197387068,77.5468933,12.9718587
1765984193936744700,1366.3317446289063,3.605283737182617,0.6452744603157043,0.8736464381217957,3.7899999618530273,11.550000190734863,200,794.4774348444126,77.5468653,12.9717612
1765984194937056000,1367.332055908203,1.5367552042007446,0.23927608132362366,0.8840070962905884,3.7899999618530273,10.020000457763672,201,794.4774348444126,77.5468273,12.9716735
1765984195937032400,1368.332032470703,1.8660001754760742,0.2983274757862091,0.90550696849823,3.7899999618530273,10.289999961853027,205,794.4774348444126,77.5467867,12.9715843
1765984196936500500,1369.3315004882813,2.259709119796753,0.3705114424228668,0.9120143055915833,3.7899999618530273,10.5600004196167,203,794.5413451294753,77.5467438,12.971496
1765984197936998400,1370.3319982910157,1.5757558345794678,0.29377758502960205,0.934844970703125,3.7899999618530273,11.989999771118164,200,794.655471819835,77.5467063,12.9713954
1765984198936420600,1371.3314206542968,0.9860354661941528,0.1895163506269455,0.9418867826461792,3.7899999618530273,12.350000381469727,203,794.655471819835,77.5466623,12.9712954
1765984199936878000,1372.331878173828,1.0080732107162476,0.19620804488658905,0.9467199444770813,3.7899999618530273,12.510000228881836,202,794.655471819835,77.5466165,12.971192
1765984200935669000,1373.3306689453125,2.3098013401031494,0.461986780166626,0.9641368985176086,3.7899999618530273,12.880000114440918,201,794.655471819835,77.5465735,12.9710883
1765984201936469800,1374.3314697265625,1.2264636754989624,0.2356756329536438,0.9826164841651917,3.7899999618530273,12.359999656677246,203,794.655471819835,77.5465199,12.9709922
1765984202935233800,1375.3302338867188,1.5263760089874268,0.3015158176422119,0.9786394238471985,3.7899999618530273,12.710000038146973,204,795.5114702764234,77.546472,12.9708885
1765984203936664800,1376.3316647949218,0.6287786364555359,0.11437583714723587,0.9846832752227783,3.7899999618530273,11.680000305175781,197,796.4177801647184,77.5464309,12.9707856
1765984204936165000,1377.3311650390624,0.6559817790985107,0.11511778086423874,0.9838536381721497,3.7899999618530273,11.270000457763672,203,796.8630390900072,77.5463889,12.9706844
1765984205935718100,1378.3307182617189,1.6279343366622925,0.29107072949409485,0.9917852878570557,3.7899999618530273,11.5,202,797.2488998027592,77.5463421,12.9705876
1765984206936970000,1379.331969970703,0.4797482192516327,0.07856905460357666,0.9982834458351135,3.7899999618530273,10.510000228881836,200,797.4429783026046,77.546315,12.9704961
1765984207937039600,1380.3320395507812,0.9780529141426086,0.1411098688840866,1.0715802907943726,3.7899999618530273,9.270000457763672,199,797.7306791961828,77.54628,12.9704122
1765984208936643800,1381.331643798828,0.36325424909591675,0.043606363236904144,1.0842132568359375,3.7899999618530273,7.699999809265137,202,797.7831970647667,77.5462521,12.9703444
1765984209936961800,1382.3319619140625,3.573801040649414,0.3294927477836609,1.0725873708724976,3.7899999618530273,5.949999809265137,202,797.7831970647667,77.5462283,12.9702909
1765984210936127500,1383.3311274414064,5.310914039611816,0.5278328657150269,1.0941212177276611,3.7899999618530273,6.420000076293945,210,797.7831970647667,77.5461932,12.9702461
1765984211936453400,1384.3314533691407,8.241456031799316,1.301061987876892,1.0982415676116943,3.7899999618530273,8.029999732971191,202,797.808314419636,77.5461682,12.9701825
1765984212937172000,1385.332171875,2.5509889125823975,0.3939356207847595,1.10541570186615,3.7899999618530273,9.949999809265137,203,797.9179182811813,77.5461323,12.9701131
1765984213936476200,1386.3314760742187,0.6861661672592163,0.10521211475133896,1.1259424686431885,3.7899999618530273,9.850000381469727,202,798.1097284001498,77.5461022,12.9700332
1765984214936945700,1387.3319455566407,4.095398902893066,0.6194283962249756,1.1338101625442505,3.7899999618530273,9.770000457763672,201,798.1782330508516,77.5460713,12.9699502
1765984215935564500,1388.330564453125,2.8390417098999023,0.3998035788536072,1.1158452033996582,3.7899999618530273,9.079999923706055,202,798.2535887968925,77.5460386,12.9698708
1765984216936252400,1389.3312524414061,1.115412950515747,0.16540703177452087,1.1225515604019165,3.7899999618530273,9.529999732971191,197,798.2878416270098,77.5460042,12.9697832
1765984217935744300,1390.330744140625,2.721653699874878,0.40485504269599915,1.1336965560913086,3.7899999618530273,9.59000015258789,204,798.4043022698762,77.5459752,12.9696994
1765984218936614100,1391.3316142578126,2.0805389881134033,0.32773977518081665,1.1698157787322998,3.7899999618530273,10.140000343322754,205,798.5024958020451,77.5459354,12.9696203
1765984219937758500,1392.332758544922,2.80600643157959,0.434955894947052,1.1875362396240234,3.7899999618530273,9.989999771118164,204,798.5573019819369,77.5458931,12.9695396
1765984220935203300,1393.3302033691407,5.182510852813721,0.9475440382957458,1.1942007541656494,3.7899999618530273,10.020000457763672,202,798.6166757376288,77.5458639,12.9694564
1765984221937098500,1394.332098388672,0.8113154768943787,0.11923567205667496,1.1283107995986938,3.7899999618530273,9.4399995803833,205,798.7103044160148,77.5458264,12.9693768
1765984222935703300,1395.3307033691406,3.662079334259033,0.5388025045394897,1.1273454427719116,3.7899999618530273,9.489999771118164,201,799.1415739421069,77.5457914,12.9693016
1765984223936107300,1396.3311071777343,1.3165656328201294,0.206572026014328,1.130157470703125,3.7899999618530273,10.09000015258789,192,799.360844917755,77.5457608,12.9692097
1765984224936633600,1397.331633544922,2.2013797760009766,0.3134858012199402,1.1418789625167847,3.7899999618530273,9.170000076293945,207,799.4656394620267,77.5457253,12.9691324
1765984225936510200,1398.3315102539063,1.611473560333252,0.24458618462085724,1.1359974145889282,3.7899999618530273,9.760000228881836,205,799.4816259201302,77.5456826,12.9690514
1765984226936878000,1399.331878173828,1.6600558757781982,0.24784453213214874,1.1370874643325806,3.7899999618530273,9.609999656677246,201,799.5067475571893,77.5456424,12.9689668
1765984227935401700,1400.3304016113282,3.250546455383301,0.48983070254325867,1.1149548292160034,3.7899999618530273,9.720000267028809,202,799.536436859235,77.5456062,12.9688847
1765984228935928600,1401.3309284667969,5.992247581481934,0.9150426983833313,1.1181859970092773,3.7899999618530273,9.880000114440918,201,799.5432882511851,77.5455747,12.9688029
1765984229936802800,1402.331802734375,7.458994388580322,1.2819353342056274,1.125705361366272,3.7899999618530273,9.649999618530273,203,799.5524234489424,77.5455364,12.9687267
1765984230935528700,1403.3305288085937,2.128716468811035,0.30176523327827454,1.1312063932418823,3.7899999618530273,9.130000114440918,207,799.536436859235,77.545495,12.9686538
1765984231936992000,1404.3319919433593,6.9741411209106445,0.9210160970687866,1.1371381282806396,3.7899999618530273,8.539999961853027,203,799.5341530631312,77.5454627,12.9685783
1765984232936302600,1405.3313024902343,1.6461597681045532,0.2024870663881302,1.14508855342865,3.7899999618530273,7.909999847412109,205,799.499896194351,77.5454273,12.9685081
1765984233937104100,1406.3321042480468,5.202193737030029,0.598359227180481,1.1699565649032593,3.7899999618530273,7.429999828338623,202,799.4336666349726,77.5453997,12.9684439
1765984234936383700,1407.3313837890626,6.142294883728027,0.8053383827209473,0.5926815271377563,3.7899999618530273,8.479999542236328,199,799.2277990209991,77.5453755,12.9683717
1765984235937243400,1408.332243408203,5.448782920837402,0.8139719367027283,0.6028851866722107,3.7899999618530273,9.65999984741211,201,798.9153319073004,77.545346,12.9682868
1765984236935812000,1409.3308120117188,5.1650848388671875,0.8515649437904358,0.5984532237052917,3.7899999618530273,10.65999984741211,201,798.9883431874225,77.5453185,12.9681892
1765984237936875000,1410.331875,1.6623889207839966,0.843572199344635,0.6066346168518066,3.7899999618530273,11.279999732971191,203,798.9883431874225,77.545279,12.9680937
1765984238936890600,1411.331890625,2.8085803985595703,0.793365478515625,0.603914737701416,3.7899999618530273,10.600000381469727,204,798.93581937801,77.5452357,12.9680037
1765984239937048000,1412.3320480957032,6.218271732330322,1.1639742851257324,0.6973482370376587,3.7899999618530273,9.859999656677246,205,798.8376235513202,77.5451958,12.9679251
1765984240937073200,1413.3320732421876,4.1997246742248535,0.9401614665985107,0.6963140368461609,3.7899999618530273,8.680000305175781,200,798.645863824751,77.5451679,12.9678558
1765984241935586800,1414.3305869140625,4.294453144073486,1.0775986909866333,0.7031345963478088,3.7899999618530273,6.71999979019165,199,798.5545206281836,77.5451458,12.967805
1765984242936914700,1415.3319147949219,4.9752421379089355,0.8229467272758484,0.701328456401825,3.7899999618530273,5.139999866485596,199,798.4380594596131,77.5451267,12.96776
1765984243937070600,1416.3320705566407,5.99798059463501,1.0245683193206787,0.6450878381729126,3.7899999618530273,5.579999923706055,200,798.2409591487129,77.5451016,12.9677129
1765984244936579800,1417.3315798339843,6.788834571838379,0.82438725233078,0.6458799839019775,3.7899999618530273,5.920000076293945,201,798.2044226365158,77.5450804,12.9676651
1765984245936376300,1418.331376220703,6.391279220581055,0.807502031326294,0.6618729829788208,3.7899999618530273,6.960000038146973,203,797.7933975697764,77.5450532,12.9676069
1765984246936922400,1419.3319223632811,6.8017730712890625,0.8208233714103699,0.684040367603302,3.7899999618530273,6.71999979019165,200,797.5881285960395,77.5450225,12.9675517
1765984247936456000,1420.3314560546876,7.494738578796387,1.1378364562988281,0.6756486296653748,3.7899999618530273,5.869999885559082,202,797.5036451012519,77.5450075,12.9675034
1765984248936883700,1421.3318837890624,8.530279159545898,1.1634637117385864,0.6769436597824097,3.7899999618530273,4.03000020980835,198,797.4351455796055,77.5449958,12.9674753
1765984249936318200,1422.3313181152344,9.14452075958252,1.1516507863998413,0.6563771963119507,3.7899999618530273,4.320000171661377,201,797.3734964766111,77.5449815,12.9674322
1765984250936168400,1423.3311684570313,8.487927436828613,0.8223678469657898,0.6923840045928955,3.7899999618530273,4.329999923706055,203,796.7999877929688,77.5449644,12.9673922
1765984251936487000,1424.3314868164061,8.42645263671875,1.0607084035873413,0.6996161937713623,3.7899999618530273,5.139999866485596,203,796.7999877929688,77.5449428,12.9673498
1765984252936400400,1425.331400390625,8.074780464172363,1.0989043712615967,0.7362192869186401,3.7899999618530273,5.949999809265137,206,796.7999877929688,77.5449134,12.9673054
1765984253936915700,1426.3319157714843,7.5856804847717285,1.1332998275756836,0.6843132376670837,3.7899999618530273,6.670000076293945,205,796.7999877929688,77.5448836,12.9672548
1765984254936955000,1427.3319548339844,6.24329137802124,0.827200174331665,0.700130045413971,3.7899999618530273,7.519999980926514,201,796.7999877929688,77.544857,12.9671868
1765984255937087000,1428.3320869140625,5.851966857910156,0.9111361503601074,0.7095232009887695,3.7899999618530273,7.619999885559082,201,796.7999877929688,77.5448336,12.9671211
1765984256937281500,1429.3322814941407,5.846003532409668,1.1017725467681885,0.7062297463417053,3.7899999618530273,7.380000114440918,202,796.7999877929688,77.5448106,12.9670535
1765984257936796000,1430.3317958984376,5.109695911407471,0.8178535103797913,0.713778018951416,3.7899999618530273,7.329999923706055,202,796.7999877929688,77.5447831,12.966988
1765984258936473000,1431.3314731445312,4.750125408172607,0.7954526543617249,0.7193325161933899,3.7899999618530273,7.289999961853027,204,796.7999877929688,77.5447485,12.9669287
1765984259936765700,1432.331765625,4.83302116394043,0.8194499015808105,0.720142126083374,3.7899999618530273,7.130000114440918,209,796.7999877929688,77.5447185,12.9668693
1765984260936838000,1433.331837890625,4.940418243408203,1.1289712190628052,0.7266427874565125,3.7899999618530273,7.760000228881836,208,796.7999877929688,77.5446919,12.9668066
1765984261936182000,1434.3311821289062,4.916140079498291,1.1202020645141602,0.7318402528762817,3.7899999618530273,8.220000267028809,204,796.7999877929688,77.5446559,12.9667396
1765984262936881700,1435.331881591797,4.742295265197754,0.9937261939048767,0.7367135882377625,3.7899999618530273,7.989999771118164,202,796.7999877929688,77.544628,12.9666742
1765984263936871200,1436.33187109375,4.912644863128662,1.0437365770339966,0.7393586039543152,3.7899999618530273,6.210000038146973,201,796.7999877929688,77.5446093,12.9666205
1765984264936686000,1437.3316860351563,4.958941459655762,0.9371479153633118,0.7458578944206238,3.7899999618530273,4.199999809265137,208,796.7999877929688,77.5445847,12.9665796
1765984265935845400,1438.3308454589844,5.097413063049316,1.0486762523651123,0.7540007829666138,3.7899999618530273,3.5899999141693115,208,796.7999877929688,77.544568,12.9665465
1765984266936014800,1439.3310148925782,5.2989702224731445,1.0662857294082642,0.7533698081970215,3.7899999618530273,2.5799999237060547,208,796.7999877929688,77.5445598,12.9665223
1765984267936832500,1440.3318325195312,5.478018760681152,0.7918378114700317,0.760964035987854,3.7899999618530273,0.9300000071525574,208,796.7999877929688,77.5445789,12.9665129
1765984268936708900,1441.331708984375,7.469788551330566,0.810235857963562,0.6267784833908081,3.7899999618530273,1.2300000190734863,202,797.3999633789062,77.5445674,12.9665058
1765984269936493800,1442.3314938964843,5.901130199432373,0.8471750617027283,0.6346055865287781,3.7899999618530273,0.9800000190734863,199,797.3999633789062,77.5445599,12.966497
1765984270936564700,1443.3315646972655,6.138660907745361,0.7991384863853455,0.6308693885803223,3.7899999618530273,0.5899999737739563,196,797.3999633789062,77.544563,12.9664918
1765984271936490200,1444.331490234375,6.325924396514893,0.8142823576927185,0.7110598087310791,3.7899999618530273,1.6399999856948853,210,797.3999633789062,77.5445574,12.966482
1765984272936364500,1445.3313645019532,6.484239101409912,0.7650446891784668,0.7180311679840088,3.7899999618530273,1.7000000476837158,207,797.3999633789062,77.5445492,12.9664707
1765984273936206300,1446.3312062988282,6.54273796081543,0.8629758954048157,0.7173435091972351,3.7899999618530273,2.5199999809265137,205,797.3999633789062,77.5445376,12.966452
1765984274936568600,1447.3315686035157,6.605552673339844,0.8221591114997864,0.675061821937561,3.7899999618530273,3.240000009536743,209,797.3999633789062,77.5445209,12.9664271
1765984275936380000,1448.3313798828126,6.804451942443848,1.0498757362365723,0.6772773861885071,3.7899999618530273,2.640000104904175,209,797.3999633789062,77.5445044,12.9664052
1765984276937268000,1449.3322680664062,6.817742824554443,0.779260516166687,0.6825737357139587,3.7899999618530273,2.440000057220459,205,797.3999633789062,77.5444929,12.966385
1765984277935527700,1450.3305275878906,6.679282188415527,0.7697253823280334,0.688007116317749,3.7899999618530273,2.940000057220459,205,797.3999633789062,77.5444807,12.966362
1765984278936072200,1451.331072265625,6.6580939292907715,0.8258789777755737,0.7437076568603516,3.7899999618530273,3.2200000286102295,201,797.3999633789062,77.544468,12.9663349
1765984279936634600,1452.3316345214844,6.693775177001953,0.8216676115989685,0.7481990456581116,3.7899999618530273,3.2200000286102295,201,797.3999633789062,77.5444554,12.9663062
1765984280936626400,1453.3316264648438,6.711099147796631,0.812318742275238,0.7524099946022034,3.7899999618530273,3.1600000858306885,200,797.3999633789062,77.5444437,12.9662783
1765984281936621800,1454.3316218261718,6.565594673156738,0.8354063630104065,0.7394784092903137,3.7899999618530273,5.099999904632568,203,797.3999633789062,77.5444263,12.966237
1765984282936764200,1455.3317641601564,5.93552303314209,0.8249471187591553,0.7500870823860168,3.7899999618530273,7.320000171661377,209,797.3999633789062,77.5443929,12.9661785
1765984283935853600,1456.330853515625,5.4290361404418945,0.8128710985183716,0.7573040723800659,3.7899999618530273,8.75,204,797.3999633789062,77.5443616,12.9661025
1765984284936839000,1457.3318388671876,4.968862533569336,0.8347799777984619,0.7690833806991577,3.7899999618530273,10.539999961853027,201,797.3999633789062,77.5443217,12.9660145
1765984285937064000,1458.3320639648437,4.062573432922363,0.8024813532829285,0.7707740068435669,3.7899999618530273,12.239999771118164,203,797.3999633789062,77.5442788,12.9659098
1765984286936630800,1459.331630859375,3.758155345916748,0.8306942582130432,0.7149375677108765,3.7899999618530273,12.850000381469727,202,797.3999633789062,77.5442415,12.9658033
1765984287936920800,1460.3319208984376,3.495039701461792,1.024920105934143,0.745992124080658,3.7899999618530273,12.789999961853027,202,797.3999633789062,77.5441937,12.9656966
1765984288936807200,1461.3318071289063,3.4262397289276123,1.1065492630004883,0.7602012157440186,3.7899999618530273,12.5,202,797.3999633789062,77.5441487,12.9655929
1765984289936772900,1462.3317729492187,3.179203748703003,1.0704898834228516,0.7462756633758545,3.7899999618530273,12.569999694824219,202,799.0633890556775,77.5441085,12.9654813
1765984290937061400,1463.3320612792968,2.765298843383789,0.7921842336654663,0.7593570351600647,3.7899999618530273,11.329999923706055,205,799.1530243840615,77.5440727,12.9653905
1765984291936637000,1464.3316369628906,2.81673002243042,0.818600594997406,0.7675387859344482,3.7899999618530273,12.149999618530273,203,799.1593046013257,77.5440187,12.9652905
1765984292937105400,1465.33210546875,2.647508382797241,0.7825895547866821,0.7740395665168762,3.7899999618530273,13.75,205,799.3305850221711,77.5439672,12.9651761
1765984293936350700,1466.3313508300782,2.6913366317749023,0.8685333132743835,0.7911391854286194,3.7899999618530273,14.170000076293945,203,799.3545620108187,77.5439126,12.9650614
1765984294937092600,1467.332092529297,2.508161783218384,0.824578583240509,0.7988391518592834,3.7899999618530273,13.630000114440918,203,799.3545620108187,77.5438656,12.9649493
1765984295936944600,1468.331944580078,2.3848209381103516,0.7989386320114136,0.8040947318077087,3.7899999618530273,13.050000190734863,204,799.2843363692594,77.5438107,12.964843
1765984296936821800,1469.3318217773437,2.3381447792053223,0.8047339916229248,0.7472261786460876,3.7899999618530273,12.880000114440918,203,799.0494310649177,77.5437623,12.9647315
1765984297935866600,1470.3308666992189,2.335608959197998,0.8069713711738586,0.7558265924453735,3.7899999618530273,12.15999984741211,202,797.3999633789062,77.5437216,12.9646293
1765984298935175400,1471.3301755371094,2.4177536964416504,0.814873456954956,0.758772075176239,3.7899999618530273,10.649999618530273,205,797.3999633789062,77.5436771,12.9645435
1765984299937073700,1472.3320737304687,2.4215340614318848,0.8228645324707031,0.7808296084403992,3.7899999618530273,9.880000114440918,208,797.3999633789062,77.5436348,12.9644592
1765984300936433700,1473.33143359375,2.4928817749023438,1.0766892433166504,0.7876477241516113,3.7899999618530273,8.869999885559082,210,797.3999633789062,77.5435924,12.9643892
1765984301936791600,1474.3317915039063,9.383306503295898,1.2313828468322754,0.8114392757415771,3.7899999618530273,7.679999828338623,214,797.3999633789062,77.5435496,12.9643347
1765984302936334000,1475.331333984375,7.316617488861084,0.7492817044258118,0.8255187273025513,3.7899999618530273,6.630000114440918,233,797.3999633789062,77.5434948,12.9642993
1765984303936322600,1476.3313225097656,8.023836135864258,0.7686820030212402,0.8325045108795166,3.7899999618530273,6.199999809265137,252,794.9839310485168,77.5434452,12.9642822
1765984304935497000,1477.3304970703125,15.054961204528809,1.4073823690414429,0.8528918027877808,3.7899999618530273,6.019999980926514,258,794.4342366533838,77.543385,12.9642737
1765984305936430600,1478.3314306640625,5.561494827270508,0.5293350219726562,0.9543737173080444,3.7899999618530273,6.150000095367432,265,794.2613434189573,77.5433252,12.9642651
1765984306936950000,1479.331949951172,5.986465930938721,0.5065685510635376,0.9578356146812439,3.7899999618530273,5.46999979019165,267,794.1261103739076,77.5432695,12.9642716
1765984307936142300,1480.3311423339844,4.882112979888916,1.05219304561615,0.929252028465271,3.7899999618530273,4.980000019073486,265,793.9966650124862,77.5432183,12.9642734
1765984308936268800,1481.3312687988282,4.680135726928711,1.0223958492279053,0.9560347199440002,3.7899999618530273,3.200000047683716,270,794.0530741333902,77.5431974,12.964276
1765984309935320300,1482.3303203125,4.5548787117004395,0.8513145446777344,0.9274296164512634,3.7899999618530273,3.25,270,793.914499612608,77.5431711,12.9642708
1765984310936717600,1483.3317175292968,4.4976091384887695,0.9500603675842285,0.7507162690162659,3.7899999618530273,2.990000009536743,272,794.0874550745195,77.5431459,12.9642788
1765984311935746800,1484.330746826172,4.434995651245117,0.9088752865791321,0.7337964773178101,3.7899999618530273,3.130000114440918,269,794.1216907441177,77.5431252,12.9642814
1765984312935699200,1485.33069921875,4.429316997528076,0.8577932715415955,0.6975006461143494,3.7899999618530273,2.6600000858306885,279,794.0023785363607,77.5430997,12.9642839
1765984313936984000,1486.3319841308594,4.388838768005371,0.8499618768692017,0.7062521576881409,3.7899999618530273,3.299999952316284,273,794.0000235650194,77.5430706,12.9642859
1765984314936481500,1487.3314814453124,4.376688480377197,0.8451929688453674,0.7303339242935181,3.7899999618530273,3.0399999618530273,273,794.0068707570895,77.5430402,12.9642865
1765984315936533000,1488.3315329589843,4.35246467590332,0.8834728598594666,0.7174931168556213,3.7899999618530273,3.069999933242798,271,794.0228475597871,77.5430086,12.9642843
1765984316936673500,1489.3316735839844,16.330141067504883,0.8508010506629944,0.7170464396476746,3.7899999618530273,3.3499999046325684,268,794.0274123660093,77.5429753,12.9642837
1765984317935862300,1490.3308623046876,4.183446407318115,0.8145145177841187,0.744053065776825,3.7899999618530273,4.599999904632568,270,794.0707781459669,77.5429319,12.9642824
1765984318936080400,1491.3310803222657,4.030603408813477,0.7780572772026062,0.6901919841766357,3.7899999618530273,5.449999809265137,264,794.1232738563867,77.5428734,12.9642785
1765984319936070400,1492.3310703125,4.0128631591796875,0.8725564479827881,0.6966879963874817,3.7899999618530273,5.5,269,794.1415333090379,77.5428184,12.9642774
1765984320936980000,1493.3319799804688,3.9552574157714844,0.9812538623809814,0.7118822336196899,3.7899999618530273,5.460000038146973,270,795.7999877929688,77.5427702,12.9642812
1765984321936196900,1494.3311967773438,3.816279888153076,0.8275227546691895,0.7215016484260559,3.7899999618530273,6.190000057220459,269,795.7999877929688,77.5427061,12.9642735
1765984322935557400,1495.330557373047,3.8541793823242188,1.158392310142517,0.7283564209938049,3.7899999618530273,6.449999809265137,270,795.7999877929688,77.5426391,12.9642719
1765984323936483600,1496.3314836425782,3.821981430053711,1.1722227334976196,0.7501493692398071,3.7899999618530273,6.940000057220459,268,795.7999877929688,77.5425677,12.9642674
1765984324936518100,1497.3315180664063,3.6961982250213623,0.8737621307373047,0.7598777413368225,3.7899999618530273,7.909999847412109,268,794.0443837302475,77.5424978,12.9642597
1765984325937092400,1498.3320922851562,3.68969464302063,1.1706163883209229,0.7736064791679382,3.7899999618530273,8.050000190734863,267,794.0026875949031,77.5424261,12.9642517
1765984326936690700,1499.3316906738282,3.3661324977874756,0.8191940188407898,0.7721893787384033,3.7899999618530273,8.90999984741211,267,793.9319342391999,77.5423444,12.9642401
1765984327936909800,1500.3319099121093,3.412126064300537,0.9659963250160217,0.7415723204612732,3.7899999618530273,8.239999771118164,269,793.8634638040371,77.5422772,12.964252
1765984328935578400,1501.3305783691405,3.4282329082489014,1.1326277256011963,0.7187497615814209,3.7899999618530273,8,264,793.7872611708317,77.5422018,12.9642518
1765984329936717800,1502.3317177734375,3.29229736328125,0.8497214913368225,0.7185341119766235,3.7899999618530273,7.619999885559082,268,793.9224142926386,77.5421276,12.964246
1765984330936732000,1503.3317319335938,3.2533605098724365,0.597274899482727,0.723418653011322,3.7899999618530273,6.539999961853027,264,793.861933395107,77.5420567,12.9642329
1765984331935971600,1504.3309716796875,3.3064839839935303,0.8649826049804688,0.7297316193580627,3.7899999618530273,5.860000133514404,265,793.3697418198187,77.541995,12.9642284
1765984332935640800,1505.3306408691406,3.35269832611084,0.9072927236557007,0.7725868225097656,3.7899999618530273,6.190000057220459,270,792.8270267186324,77.5419347,12.9642259
1765984333935598000,1506.3305981445312,3.3447325229644775,0.8692760467529297,0.7836611270904541,3.7899999618530273,5.849999904632568,268,792.1743455335992,77.5418753,12.9642232
1765984334936111900,1507.3311118164063,3.4149229526519775,1.0897263288497925,0.7913542985916138,3.7899999618530273,5.960000038146973,268,791.8001315575167,77.5418195,12.9642227
1765984335936234500,1508.331234375,3.3923206329345703,0.79909747838974,0.8059492111206055,3.7899999618530273,6.46999979019165,268,791.3329658733843,77.5417621,12.9642175
1765984336936672800,1509.3316728515624,3.4590003490448,1.0653667449951172,0.9084931015968323,3.7899999618530273,6.210000038146973,269,790.7916112909264,77.5417093,12.9642141
1765984337936287500,1510.3312875976562,3.4347522258758545,0.8226495981216431,0.8913294672966003,3.7899999618530273,6.650000095367432,268,790.3313683042562,77.541654,12.9642039
1765984338937182700,1511.3321826171875,3.498378276824951,1.0883375406265259,0.887431263923645,3.7899999618530273,7,272,790.219579912245,77.5415878,12.9642036
1765984339935185200,1512.3301850585938,3.5121865272521973,1.0399008989334106,0.8829734921455383,3.7899999618530273,6.630000114440918,273,789.8066598774371,77.541532,12.9642111
1765984340936905700,1513.3319057617186,3.5546083450317383,0.8696098923683167,0.9250128865242004,3.7899999618530273,6.119999885559082,275,789.9043115149218,77.5414798,12.9642156
1765984341936922000,1514.3319221191407,3.5871875286102295,0.9128183722496033,0.9204890727996826,3.7899999618530273,6.510000228881836,282,789.7770034004718,77.5414193,12.9642211
1765984342937099800,1515.3320998535157,3.639200448989868,0.8384908437728882,0.9417269229888916,3.7899999618530273,7.420000076293945,272,789.9043115149218,77.541349,12.9642267
1765984343935329500,1516.3303295898438,3.5603721141815186,0.8366371989250183,0.9075957536697388,3.7899999618530273,6.570000171661377,270,789.7301493777353,77.5412908,12.9642317
1765984344936965600,1517.3319655761718,3.679151773452759,0.8157269358634949,0.9143422245979309,3.7899999618530273,3.9700000286102295,268,789.7301493777353,77.5412549,12.9642301
1765984345935478300,1518.3304782714845,3.7831990718841553,0.8492151498794556,0.9359187483787537,3.7899999618530273,3.190000057220459,271,789.9080897735691,77.5412193,12.964231
1765984346936910600,1519.3319106445313,3.778005599975586,0.801057755947113,0.9207149744033813,3.7899999618530273,4.269999980926514,275,790.5902287333688,77.5411785,12.9642376
1765984347935724300,1520.3307243652343,10.868619918823242,0.9265339970588684,0.6826838850975037,3.7899999618530273,5.510000228881836,274,790.9844040163958,77.5411259,12.9642428
1765984348936576500,1521.3315764160157,3.8462023735046387,0.9020845890045166,0.7138428688049316,3.7899999618530273,5.840000152587891,280,791.1857186793078,77.5410753,12.9642481
1765984349936644600,1522.33164453125,3.938021183013916,1.1441550254821777,0.7201263308525085,3.7899999618530273,4.639999866485596,274,791.2245068111263,77.5410343,12.9642583
1765984350936027600,1523.3310275878907,4.060685157775879,0.8351424336433411,0.6683935523033142,3.7899999618530273,2,280,791.4595209979424,77.5410277,12.9642633
1765984351935338000,1524.330337890625,4.145943641662598,0.8967229127883911,0.6732056140899658,3.7899999618530273,3.319999933242798,282,793.0999755859375,77.5409956,12.9642644
1765984352936274200,1525.331274169922,4.163745880126953,0.8874043226242065,0.7073834538459778,3.7899999618530273,5.849999904632568,289,793.0999755859375,77.5409382,12.9642826
1765984353936484000,1526.3314841308593,4.262697696685791,0.6194248795509338,0.7176940441131592,3.7899999618530273,6.380000114440918,277,793.0999755859375,77.5408847,12.9642875
1765984354936478200,1527.3314782714845,4.314216613769531,0.9711816310882568,0.6764203310012817,3.7899999618530273,6.679999828338623,281,793.0692465924416,77.5408217,12.9642838
1765984355935824000,1528.3308239746093,4.251954078674316,0.9702914357185364,0.6869818568229675,3.7899999618530273,8.5,272,793.0670014363857,77.5407438,12.9642971
1765984356935521500,1529.330521484375,4.189484119415283,0.9611774682998657,0.7024378776550293,3.7899999618530273,8.119999885559082,278,793.1833913998953,77.5406745,12.9643109
1765984357935668200,1530.3306682128907,4.283502578735352,0.8180715441703796,0.6989508271217346,3.7899999618530273,7.150000095367432,283,795.5,77.5406018,12.9643246
1765984358936606000,1531.3316059570313,2.3506016731262207,0.21234115958213806,0.6686007976531982,3.7899999618530273,5.820000171661377,284,795.5,77.5405471,12.9643424
1765984359936276000,1532.3312758789064,2.1836020946502686,0.28840506076812744,0.6419028639793396,3.7899999618530273,8.5,285,795.5,77.5404773,12.9643597
1765984360935186000,1533.3301860351562,1.6964858770370483,0.27754566073417664,0.6502000093460083,3.7899999618530273,10.529999732971191,285,795.5,77.5403922,12.9643831
1765984361936148200,1534.3311481933595,3.6210718154907227,0.6208668351173401,0.6497734785079956,3.7899999618530273,11.0600004196167,281,795.5,77.5402895,12.9644006
1765984362935736000,1535.3307360839844,2.5965781211853027,0.5266345739364624,0.6573562026023865,3.7899999618530273,13.069999694824219,282,795.5,77.5401758,12.9644508
1765984363936292600,1536.3312927246093,1.0986030101776123,0.24656973779201508,0.7013956904411316,3.7899999618530273,14.430000305175781,282,795.5,77.5400503,12.9644761
1765984364936467500,1537.3314675292968,1.1604430675506592,0.24564316868782043,0.7118964195251465,3.7899999618530273,13.609999656677246,284,797.3999633789062,77.539926,12.964503
1765984365936726300,1538.3317263183594,0.7276397943496704,0.13909658789634705,0.7135712504386902,3.7899999618530273,12.279999732971191,284,797.3999633789062,77.5398106,12.9645261
1765984366936935400,1539.3319353027343,0.7672215700149536,0.1412469744682312,0.7322943210601807,3.7899999618530273,11.829999923706055,285,797.3999633789062,77.5397014,12.9645533
1765984367936021200,1540.3310212402343,1.3815875053405762,0.25764408707618713,0.8466363549232483,3.7899999618530273,11.989999771118164,286,797.3999633789062,77.5395944,12.964587
1765984368936219600,1541.3312197265625,2.9862849712371826,0.563571035861969,0.8422678112983704,3.7899999618530273,12.170000076293945,286,799.6369998820394,77.5394833,12.9646139
1765984369937186300,1542.3321862792968,4.092920303344727,0.7447519302368164,0.8143153786659241,3.7899999618530273,11.75,290,799.8449774625964,77.5393826,12.9646524
1765984370937430000,1543.3324299316407,4.358990669250488,0.767135739326477,0.8414670825004578,3.7899999618530273,11.369999885559082,294,800.052100589185,77.5392858,12.964699
1765984371936060700,1544.3310607910157,4.2044572830200195,0.788495659828186,0.8127397894859314,3.7899999618530273,12.109999656677246,294,800.1310451736206,77.5391773,12.9647456
1765984372936338000,1545.331337890625,4.2662858963012695,0.7793555855751038,0.85209059715271,3.7899999618530273,11.800000190734863,288,800.4336820524513,77.5390679,12.9647676
1765984373936806000,1546.331805908203,4.4964494705200195,0.7557915449142456,0.8233544826507568,3.7899999618530273,10.859999656677246,287,800.6175741689515,77.538973,12.9647956
1765984374936722000,1547.3317219238281,2.842836856842041,0.43205952644348145,0.8600122332572937,3.7899999618530273,9.800000190734863,291,801.0680735634418,77.5388899,12.9648243
1765984375936945200,1548.3319450683593,2.2953224182128906,0.2866065204143524,0.8564376831054688,3.7899999618530273,8.039999961853027,291,800.8939114262553,77.5388116,12.9648558
1765984376935905800,1549.3309057617187,3.4220776557922363,0.3569558262825012,0.8505412936210632,3.7899999618530273,6.730000019073486,291,800.8939114262553,77.5387507,12.9648784
1765984377936684800,1550.3316848144532,3.3418402671813965,0.2966229319572449,0.8546308875083923,3.7899999618530273,5.71999979019165,290,800.8939114262553,77.5386996,12.9648991
1765984378937253400,1551.3322534179688,3.0117058753967285,0.22951117157936096,0.8543300032615662,3.7899999618530273,4.909999847412109,292,800.7678908727602,77.538657,12.9649212
1765984379936392200,1552.3313920898438,15.594736099243164,1.1247432231903076,0.8829548954963684,3.7899999618530273,4.639999866485596,289,800.4941810286623,77.5386222,12.9649347
1765984380936252400,1553.3312524414061,16.364343643188477,1.1838271617889404,0.8290450572967529,3.7899999618530273,4.650000095367432,287,799.7358864157528,77.5385841,12.9649465
1765984381936657700,1554.3316577148437,4.274708271026611,0.9146214127540588,0.6568695902824402,3.7899999618530273,5.880000114440918,284,798.0999755859375,77.5385181,12.9649573
1765984382937221600,1555.3322216796876,3.8089523315429688,0.854171633720398,0.6746646761894226,3.7899999618530273,6.139999866485596,284,798.0999755859375,77.5384656,12.9649763
1765984383935361300,1556.330361328125,3.6666436195373535,1.0219714641571045,0.6931923627853394,3.7899999618530273,5.840000152587891,282,798.0999755859375,77.5384148,12.9649928
1765984384936980500,1557.33198046875,3.445322036743164,0.858578085899353,0.7090902328491211,3.7899999618530273,7.619999885559082,286,798.0999755859375,77.5383442,12.9650179
1765984385936997000,1558.3319970703126,3.404384136199951,1.1468651294708252,0.6952390670776367,3.7899999618530273,8.619999885559082,287,798.0999755859375,77.53827,12.9650485
1765984386936277800,1559.3312778320312,5.815188407897949,1.105745553970337,0.7106311917304993,3.7899999618530273,9.869999885559082,287,798.0999755859375,77.5381815,12.965071
1765984387935973000,1560.3309731445313,1.9620089530944824,0.3959265947341919,0.7124963998794556,3.7899999618530273,12.989999771118164,286,798.0999755859375,77.5380675,12.9651069
1765984388936994300,1561.3319943847657,2.3129637241363525,0.4491059184074402,0.6812410950660706,3.7899999618530273,12.510000228881836,290,798.0999755859375,77.5379599,12.9651506
1765984389936847000,1562.3318471679688,3.9533638954162598,0.7840653657913208,0.6542796492576599,3.7899999618530273,12.800000190734863,290,798.0999755859375,77.5378468,12.9651946
1765984390935356700,1563.330356689453,3.3859806060791016,0.6846948266029358,0.6594821214675903,3.7899999618530273,13.050000190734863,289,798.0999755859375,77.5377337,12.9652404
1765984391935347000,1564.330346923828,2.7578132152557373,0.45549941062927246,0.6627441048622131,3.7899999618530273,10.649999618530273,288,798.0999755859375,77.537642,12.965276
1765984392936268500,1565.3312685546875,1.8988617658615112,0.8071545362472534,0.6703091859817505,3.7899999618530273,10.460000038146973,288,798.0999755859375,77.5375442,12.9653024
1765984393935703600,1566.3307036132812,1.9090551137924194,0.8646978139877319,0.7041773796081543,3.7899999618530273,11.420000076293945,288,798.0999755859375,77.5374473,12.965332
1765984394936619500,1567.3316196289063,1.9705040454864502,0.9559000730514526,0.7149393558502197,3.7899999618530273,10.979999542236328,291,798.0999755859375,77.5373459,12.9653591
1765984395935401700,1568.3304016113282,1.9926559925079346,0.8361971378326416,0.7150688171386719,3.7899999618530273,12.130000114440918,288,798.0999755859375,77.537237,12.9653867
1765984396935926500,1569.3309265136718,2.081599712371826,0.9614245295524597,0.7395930886268616,3.7899999618530273,11.680000305175781,288,798.0999755859375,77.5371323,12.9654254
1765984397936789800,1570.3317897949219,2.1959056854248047,0.8775457143783569,0.8167123198509216,3.7899999618530273,11.300000190734863,289,798.0999755859375,77.5370343,12.9654664
1765984398936940000,1571.3319399414063,2.2983126640319824,0.8730084300041199,0.8488573431968689,3.7899999618530273,11.920000076293945,292,799.7677515883166,77.5369302,12.9654994
1765984399937053200,1572.3320532226562,2.375136375427246,0.8543595671653748,0.8173068165779114,3.7899999618530273,11.829999923706055,292,800.3204204387765,77.5368279,12.9655461
1765984400936631300,1573.3316313476562,1.7422140836715698,0.2758088707923889,0.8131879568099976,3.7899999618530273,10.1899995803833,289,800.5821699867345,77.5367404,12.9655875
1765984401936861200,1574.3318610839844,3.085221290588379,0.37005266547203064,0.8193888664245605,3.7899999618530273,7.730000019073486,282,800.8157260729786,77.5366623,12.9656097
1765984402936365000,1575.3313649902343,6.4883131980896,0.6953303813934326,0.8442811965942383,3.7899999618530273,6.909999847412109,284,801.0734116322295,77.5365981,12.9656307
1765984403935509500,1576.3305095214844,2.2091116905212402,0.24516825377941132,0.8433293104171753,3.7899999618530273,7.150000095367432,289,802.0048886361229,77.5365371,12.9656501
1765984404937384200,1577.3323842773439,2.0914969444274902,0.8116593956947327,0.8422025442123413,3.7899999618530273,6.610000133514404,288,802.9830905614649,77.5364785,12.9656648
1765984405935345700,1578.330345703125,2.1156539916992188,0.7756496071815491,0.8466820120811462,3.7899999618530273,5.28000020980835,289,802.9210441350823,77.5364272,12.9656728
1765984406936259000,1579.3312590332032,2.1793670654296875,0.8169983625411987,0.8648967742919922,3.7899999618530273,4.78000020980835,289,803.0649876610997,77.5363823,12.9656855
1765984407936411400,1580.3314113769532,2.254767417907715,0.7636646032333374,0.8622400164604187,3.7899999618530273,4.340000152587891,285,803.2020789734478,77.5363461,12.9656989
1765984408936683000,1581.3316831054688,2.372495174407959,0.9984710812568665,0.8665580153465271,3.7899999618530273,3.3499999046325684,290,803.3048988918661,77.5363177,12.965711
1765984409936934400,1582.331934326172,2.502962827682495,1.0320032835006714,0.7155017256736755,3.7899999618530273,1.9800000190734863,295,805.2000122070312,77.5363036,12.9657207
1765984410936970200,1583.3319702148438,2.6455698013305664,0.9918488264083862,0.665355920791626,3.7899999618530273,1.8600000143051147,296,805.2000122070312,77.5362809,12.9657242
1765984411937019600,1584.33201953125,2.796801805496216,0.8941398859024048,0.6668608784675598,3.7899999618530273,2.8499999046325684,293,805.2000122070312,77.5362601,12.9657365
1765984412936256000,1585.3312561035157,2.9697468280792236,0.9752805233001709,0.6913556456565857,3.7899999618530273,1.5299999713897705,283,805.2000122070312,77.5362468,12.9657441
1765984413935954400,1586.330954345703,3.153108596801758,0.8061590194702148,0.700890302658081,3.7899999618530273,1.159999966621399,290,805.2000122070312,77.5362406,12.9657456
1765984414937060400,1587.3320603027344,3.344161033630371,1.0256248712539673,0.7170699238777161,3.7899999618530273,1.090000033378601,296,805.2000122070312,77.536236,12.9657474
1765984415936489000,1588.331489013672,3.543456792831421,1.0813037157058716,0.7326291799545288,3.7899999618530273,0.8700000047683716,309,805.2000122070312,77.5362325,12.9657481
1765984416935648300,1589.3306481933594,3.7445223331451416,1.0684876441955566,0.7215301990509033,3.7899999618530273,1.1799999475479126,307,805.2000122070312,77.5362277,12.9657539
1765984417936485400,1590.3314853515626,3.9327008724212646,0.9799377918243408,0.7377748489379883,3.7899999618530273,2.309999942779541,296,805.2000122070312,77.5362127,12.9657673
1765984418935263500,1591.3302634277343,4.108027935028076,0.7903344631195068,0.6372297406196594,3.7899999618530273,2.1600000858306885,290,805.2000122070312,77.5361924,12.9657785
1765984419936367900,1592.3313679199218,4.319912910461426,0.8418830633163452,0.6127930879592896,3.7899999618530273,1.5199999809265137,287,805.2000122070312,77.5361786,12.9657844
1765984420936742700,1593.3317426757812,4.497342586517334,0.9364137649536133,0.6188662648200989,3.7899999618530273,2.690000057220459,295,805.2000122070312,77.5361548,12.9657924
1765984421936817400,1594.3318173828125,4.59658670425415,0.860103964805603,0.6217296719551086,3.7899999618530273,4.139999866485596,289,805.2000122070312,77.5361188,12.9658049
1765984422936742100,1595.3317421875,4.7983245849609375,0.8846825361251831,0.6280473470687866,3.7899999618530273,3.7699999809265137,302,805.2000122070312,77.5360841,12.9658206
1765984423936686300,1596.331686279297,4.995101451873779,1.1008830070495605,0.6519116163253784,3.7899999618530273,4.429999828338623,277,805.2000122070312,77.5360435,12.9658314
1765984424936504800,1597.3315048828124,5.005107879638672,0.8483280539512634,0.6618741750717163,3.7899999618530273,6.489999771118164,284,805.2000122070312,77.5359672,12.9658443
1765984425936234000,1598.3312338867188,4.975467681884766,0.9003691673278809,0.6699233055114746,3.7899999618530273,5.519999980926514,281,805.2000122070312,77.5359091,12.9658492
1765984426936288800,1599.3312888183593,5.045958042144775,0.9082728028297424,0.6877943873405457,3.7899999618530273,4.579999923706055,285,805.2000122070312,77.535872,12.9658605
1765984427936254200,1600.3312541503906,5.064115524291992,0.8321056962013245,0.7563522458076477,3.7899999618530273,3.950000047683716,285,805.2000122070312,77.5358377,12.9658667
1765984428935952400,1601.3309523925782,5.226672649383545,0.8464930653572083,0.7602313756942749,3.7899999618530273,3.369999885559082,291,805.2000122070312,77.535803,12.9658738
1765984429936538600,1602.3315385742187,5.34061336517334,0.9944634437561035,0.7571374773979187,3.7899999618530273,3.3299999237060547,292,805.2000122070312,77.5357769,12.965885
1765984430935506400,1603.3305063476562,5.462487697601318,1.0595299005508423,0.7293890118598938,3.7899999618530273,3.430000066757202,290,807.2999877929688,77.5357486,12.9659018
1765984431936336000,1604.3313359375,5.45426607131958,0.8175438642501831,0.7704787254333496,3.7899999618530273,3.940000057220459,288,807.2999877929688,77.5357119,12.9659096
1765984432936419600,1605.3314196777344,5.595975399017334,0.7899863123893738,0.7699970602989197,3.7899999618530273,2.4600000381469727,284,807.2999877929688,77.5356869,12.9659171
1765984433935197200,1606.330197265625,5.745542526245117,0.7946035861968994,0.764224648475647,3.7899999618530273,1.7799999713897705,287,807.2999877929688,77.53567,12.9659214
1765984434937036800,1607.3320368652344,5.923683166503906,0.7827858328819275,0.7741857171058655,3.7899999618530273,1.340000033378601,289,807.2999877929688,77.5356568,12.9659262
1765984435936415200,1608.3314152832031,6.123610496520996,0.7486864924430847,0.7888580560684204,3.7899999618530273,0.6499999761581421,288,807.2999877929688,77.5356503,12.9659253
1765984436936344600,1609.3313444824219,6.283140182495117,0.7519427537918091,0.7878882884979248,3.7899999618530273,0.9399999976158142,286,807.2999877929688,77.5356437,12.9659253
1765984437935989000,1610.3309890136718,6.426023483276367,0.6070237159729004,0.8031864762306213,3.7899999618530273,1.590000033378601,276,807.2999877929688,77.5356321,12.9659257
1765984438936405000,1611.3314050292968,6.330288410186768,0.6446961164474487,0.8049085736274719,3.7899999618530273,4.28000020980835,262,807.2999877929688,77.5355976,12.9659207
1765984439935203600,1612.3302036132814,6.311281204223633,0.8329424262046814,0.6741663813591003,3.7899999618530273,5.570000171661377,267,807.0999755859375,77.5355404,12.9659175
1765984440936523300,1613.3315231933593,2.938753128051758,0.2194255143404007,0.6739885807037354,3.7899999618530273,4.809999942779541,236,807.0999755859375,77.535501,12.9658988
1765984441936507000,1614.3315068359375,1.8918057680130005,0.22727657854557037,0.6993672847747803,3.7899999618530273,7.730000019073486,218,807.0999755859375,77.5354575,12.9658556
1765984442935502600,1615.330502685547,2.713099956512451,0.34983089566230774,0.708970308303833,3.7899999618530273,8.3100004196167,210,807.0999755859375,77.5354172,12.965796
1765984443936679200,1616.3316791992188,2.9032042026519775,0.5502141118049622,0.7251216769218445,3.7899999618530273,12.220000267028809,201,807.0999755859375,77.5353729,12.9657076
1765984444936572200,1617.331572265625,0.7240458130836487,0.1390480399131775,0.7398056387901306,3.7899999618530273,12.34000015258789,204,807.0999755859375,77.5353291,12.9656125
1765984445936286000,1618.3312858886718,0.3930172324180603,0.07462316006422043,0.7071536183357239,3.7899999618530273,12.1899995803833,204,807.0999755859375,77.5352839,12.9655082
1765984446936252700,1619.3312526855468,1.1067012548446655,0.21359364688396454,0.7223994135856628,3.7899999618530273,12.40999984741211,205,807.0999755859375,77.5352386,12.9654007
1765984447937066200,1620.3320661621094,1.870869517326355,0.32641488313674927,0.7251916527748108,3.7899999618530273,11.229999542236328,205,807.0999755859375,77.5351899,12.9653102
1765984448936333800,1621.3313337402344,1.7928452491760254,0.35712048411369324,0.7003912925720215,3.7899999618530273,12.819999694824219,205,807.0999755859375,77.5351376,12.9652039
1765984449936375600,1622.3313754882813,2.659327507019043,0.5570513606071472,0.6782951951026917,3.7899999618530273,13.5,203,807.0999755859375,77.535085,12.9650933
1765984450935705000,1623.330705078125,0.7556641697883606,0.15513655543327332,0.6845857501029968,3.7899999618530273,13.1899995803833,202,807.0999755859375,77.5350398,12.9649867
1765984451935698400,1624.3306984863282,1.093953013420105,0.2632966637611389,0.6880177855491638,3.7899999618530273,15.470000267028809,202,807.0999755859375,77.534991,12.9648574
1765984452935548200,1625.330548095703,0.472562313079834,0.11732824146747589,0.7009900212287903,3.7899999618530273,15.9399995803833,200,807.0999755859375,77.5349372,12.9647254
1765984453935381500,1626.3303815917968,0.22420069575309753,0.05784895643591881,0.7155253887176514,3.7899999618530273,16.559999465942383,202,805.2000122070312,77.5348816,12.9645865
1765984454936911000,1627.3319111328126,0.677862823009491,0.18664410710334778,0.7289828658103943,3.7899999618530273,17.690000534057617,206,805.2000122070312,77.5348138,12.9644437
1765984455936937000,1628.3319370117188,1.6782156229019165,0.467583566904068,0.7382193207740784,3.7899999618530273,17.93000030517578,205,805.2000122070312,77.5347463,12.9642969
1765984456935373800,1629.330373779297,0.8791874647140503,0.2536681592464447,0.754816472530365,3.7899999618530273,18.540000915527344,203,805.2000122070312,77.5346793,12.9641387
1765984457935673900,1630.330673828125,0.65301114320755,0.1726013422012329,0.8192505240440369,3.7899999618530273,16.979999542236328,202,805.2000122070312,77.5346157,12.9639907
1765984458936518400,1631.331518310547,0.551488995552063,0.13469505310058594,0.8950607180595398,3.7899999618530273,15.680000305175781,204,804.2476269949135,77.5345558,12.9638527
1765984459935700000,1632.330699951172,0.8271461129188538,0.16812396049499512,0.8760731220245361,3.7899999618530273,13.0600004196167,203,803.309553563547,77.5345081,12.9637401
1765984460935927800,1633.330927734375,0.6905636787414551,0.12542864680290222,0.8753589987754822,3.7899999618530273,11.670000076293945,204,803.1513260216002,77.5344638,12.9636399
1765984461935930000,1634.3309301757813,2.0067763328552246,0.2597300410270691,0.872613251209259,3.7899999618530273,8.329999923706055,205,802.6331643106687,77.5344231,12.9635623
1765984462936698000,1635.3316979980468,0.40239983797073364,0.038549091666936874,0.9170356392860413,3.7899999618530273,6.150000095367432,210,801.5525585693659,77.5343912,12.9634995
1765984463935289900,1636.3302897949218,1.9761576652526855,0.19992302358150482,0.9103511571884155,3.7899999618530273,6.510000228881836,206,798.0999755859375,77.5343669,12.9634449
1765984464936682000,1637.3316818847657,4.261407852172852,0.3353666365146637,0.9192293882369995,3.7899999618530273,5.079999923706055,206,798.0999755859375,77.5343414,12.9634029
1765984465937044700,1638.3320446777343,19.112260818481445,1.283671498298645,0.9331160187721252,3.7899999618530273,4.300000190734863,205,798.0999755859375,77.5343227,12.9633713
1765984466936959000,1639.331958984375,6.854124069213867,0.9435769319534302,0.9215864539146423,3.7899999618530273,8.180000305175781,201,795.5397431283915,77.5342961,12.9633005
1765984467936915200,1640.3319152832032,1.4163565635681152,0.1835334599018097,0.9356003999710083,3.7899999618530273,8.329999923706055,201,795.0147062845434,77.5342648,12.9632244
1765984468937101800,1641.3321018066406,4.650300025939941,0.6716691851615906,0.9175158739089966,3.7899999618530273,9.329999923706055,201,795.5,77.5342409,12.9631484
1765984469935695400,1642.3306953125,1.6228973865509033,0.2287989854812622,0.7317309975624084,3.7899999618530273,9.069999694824219,205,794.5,77.5342109,12.9630772
1765984470936519000,1643.331518798828,2.297004461288452,0.4302237629890442,0.6842180490493774,3.7899999618530273,12.069999694824219,197,794.5,77.5341775,12.9629806
1765984471936809700,1644.3318098144532,5.113455295562744,1.1751294136047363,0.7138054370880127,3.7899999618530273,12.619999885559082,198,794.5,77.5341462,12.9628793
1765984472935315200,1645.3303151855469,0.7705392241477966,0.18472103774547577,0.7153218984603882,3.7899999618530273,15.399999618530273,203,794.5,77.534093,12.9627572
1765984473937045000,1646.332044921875,0.44844454526901245,0.11037874966859818,0.7313596606254578,3.7899999618530273,15.800000190734863,200,794.5,77.5340337,12.9626198
1765984474936604000,1647.3316040039062,0.9322825074195862,0.20490515232086182,0.7457691431045532,3.7899999618530273,14.119999885559082,200,794.5,77.5339783,12.962495
1765984475936899600,1648.3318996582032,4.941941738128662,0.9941014647483826,0.7363085150718689,3.7899999618530273,11.5,202,794.5,77.5339344,12.9623932
1765984476936158000,1649.3311579589845,2.4936342239379883,0.5541455745697021,0.7184202075004578,3.7899999618530273,14.319999694824219,201,794.5,77.5338843,12.9622675
1765984477936870000,1650.3318698730468,2.1677017211914062,0.5667051076889038,0.7450068593025208,3.7899999618530273,16.84000015258789,205,794.5,77.5338176,12.9621367
1765984478936516000,1651.3315161132812,4.179537773132324,1.0614784955978394,0.7397165894508362,3.8310000896453857,16.399999618530273,202,794.5,77.5337624,12.9620045
1765984479937016800,1652.332016845703,6.147530555725098,1.626434564590454,0.688872218132019,4.1479997634887695,17.09000015258789,200,794.5,77.5337136,12.9618453
1765984480936237300,1653.3312373046874,7.382535457611084,1.9935047626495361,0.6942666172981262,4.8379998207092285,16.079999923706055,197,794.5,77.5336821,12.9617018
1765984481936214000,1654.331214111328,4.221080303192139,1.5548368692398071,0.6982768774032593,5.111000061035156,10.75,199,794.5,77.5336304,12.9616184
1765984482936508700,1655.3315087890626,3.5285701751708984,0.6343653202056885,0.7106724381446838,4.966000080108643,11.600000381469727,198,794.5,77.5335976,12.9615108
1765984483936662000,1656.331662109375,3.686450242996216,0.5671672821044922,0.7248101830482483,5.151000022888184,9.930000305175781,206,794.5,77.5335447,12.9614502
1765984484936418600,1657.3314184570313,1.6934055089950562,0.24963906407356262,0.7353621125221252,4.923999786376953,9.489999771118164,201,792.0680523627709,77.5335176,12.9613676
1765984485936911600,1658.3319116210937,1.117477536201477,0.10864817351102829,0.746872067451477,3.943000078201294,6.25,203,791.6961146775735,77.533503,12.9613096
1765984486935401200,1659.3304011230468,0.5680215954780579,0.03920550271868706,0.762505292892456,3.9170000553131104,4.429999828338623,201,790.759143427429,77.5334831,12.9612706
1765984487936045300,1660.3310454101563,1.500393033027649,0.08348209410905838,0.824664294719696,3.864000082015991,3.5799999237060547,204,790.6294501070769,77.5334732,12.961235
1765984488935929900,1661.3309299316406,9.503761291503906,0.46787095069885254,0.8167527318000793,3.7899999618530273,3.180000066757202,206,790.2036748475,77.5334598,12.9612084
1765984489936651800,1662.3316518554689,14.280050277709961,0.6481496691703796,0.7273611426353455,3.7899999618530273,2.9200000762939453,202,788.8999633789062,77.533453,12.9611886
1765984490935934000,1663.3309338378906,5.970314979553223,0.1687159389257431,0.7307446599006653,3.7899999618530273,1.8200000524520874,193,788.8999633789062,77.5334456,12.9611739
1765984491936854000,1664.3318540039063,1.3610403537750244,0.08038369566202164,0.7410804033279419,3.7899999618530273,3.7899999618530273,193,788.8999633789062,77.5334373,12.961145
1765984492936424000,1665.331423828125,16.080976486206055,0.6507095098495483,0.7676790356636047,3.7899999618530273,2.5999999046325684,198,788.8999633789062,77.5334282,12.9611211
1765984493936069400,1666.3310693359374,0,0.07052914053201675,0.7752642631530762,3.7899999618530273,0,0,788.8999633789062,77.5334241,12.961119
1765984494935553300,1667.3305532226564,0,0.07173465937376022,0.781457245349884,3.7899999618530273,0,0,788.8999633789062,77.5334235,12.9611209
1765984495936654800,1668.3316547851562,0,0.07104932516813278,0.7945684194564819,3.7899999618530273,0,0,788.8999633789062,77.5334235,12.9611207
1765984496936591000,1669.331591064453,0,0.07063954323530197,0.7641259431838989,3.7899999618530273,0,0,788.8999633789062,77.5334219,12.9611203
1765984497936182000,1670.3311821289062,0,0.07068914920091629,0.7770659327507019,3.7899999618530273,0,0,788.8999633789062,77.5334204,12.9611192
1765984498936889900,1671.3318898925781,0,0.07080451399087906,0.7091096639633179,3.7899999618530273,0,0,789,77.5334187,12.9611186
1765984499935215400,1672.3302153320312,0,0.07075121253728867,0.6751964092254639,3.7899999618530273,0,0,789,77.5334181,12.9611181
1765984500935320800,1673.3303208007812,0,0.07068712264299393,0.6778072118759155,3.7899999618530273,0,0,789,77.5334177,12.9611188
1765984501935923000,1674.3309228515625,0,0.07075949013233185,0.7026065587997437,3.7899999618530273,0,0,789,77.5334179,12.9611196
1765984502935497200,1675.3304973144532,0,0.07086490839719772,0.7121326923370361,3.7899999618530273,0,0,789,77.533418,12.9611204
1765984503936370700,1676.3313706054687,0,0.07069240510463715,0.718587338924408,3.7899999618530273,0,0,789,77.533418,12.9611208
1765984504935132700,1677.3301325683594,0,0.0706929862499237,0.6895156502723694,3.7899999618530273,0,0,789,77.5334178,12.961121
1765984505935599600,1678.330599609375,0,0.07078208029270172,0.676928699016571,3.7899999618530273,0,0,789,77.5334177,12.961121
1765984506935763500,1679.3307634277344,0,0.07069054245948792,0.6914070844650269,3.7899999618530273,0,0,789,77.5334177,12.9611211
1765984507936793000,1680.33179296875,0,0.07069779187440872,0.6952865719795227,3.7899999618530273,0,0,789,77.5334181,12.9611214
1765984508936630300,1681.3316303710938,0,0.07070103287696838,0.6393997669219971,3.7899999618530273,0,0,789,77.5334181,12.9611214
1765984509934395000,1682.3293947753907,0,0.0706997662782669,0.6445059776306152,3.7899999618530273,0,0,789,77.533418,12.9611215
1765984510935613700,1683.3306137695313,0,0.0707012414932251,0.6184076070785522,3.7899999618530273,0,0,789,77.5334183,12.9611215
1765984511936490500,1684.3314904785157,0,0.07070578634738922,0.6319588422775269,3.7899999618530273,0,0,789,77.5334183,12.9611215
1765984512935580700,1685.3305805664063,0,0.07071411609649658,0.6392176151275635,3.7899999618530273,0,0,789,77.5334183,12.9611216
1765984513937044200,1686.3320441894532,0,0.10711786150932312,0.65277099609375,3.7899999618530273,0,0,789,77.5334181,12.9611216
1765984514937026300,1687.3320263671876,1.8040179014205933,0.5924209356307983,0.668539822101593,3.7899999618530273,1.9800000190734863,202,789,77.5334099,12.961107
1765984515935347200,1688.3303471679687,2.454796552658081,0.6283589005470276,0.6679765582084656,3.7899999618530273,3.430000066757202,201,789,77.5333973,12.9610809
1765984516936541200,1689.3315412597656,3.3880527019500732,0.7745990753173828,0.7116108536720276,3.7899999618530273,3.7100000381469727,199,789,77.5333817,12.9610483
1765984517936420400,1690.3314204101562,4.267857551574707,0.6034452319145203,0.7109077572822571,3.7899999618530273,5.159999847412109,202,789,77.5333538,12.9610025
1765984518936411400,1691.3314113769532,4.977005481719971,0.7184780836105347,0.7120532393455505,3.7899999618530273,6.289999961853027,200,789,77.5333319,12.960951
1765984519936589300,1692.3315893554689,5.833374500274658,0.8375410437583923,0.704633355140686,3.7899999618530273,5.539999961853027,204,789,77.533309,12.9609064
1765984520935857000,1693.3308569335939,6.405903339385986,0.6288025975227356,0.7580041289329529,3.7899999618530273,5.869999885559082,200,789,77.5332872,12.9608587
1765984521936050200,1694.3310502929687,5.58745002746582,0.6036089062690735,0.7568963170051575,3.7899999618530273,6.980000019073486,199,789,77.5332674,12.9607985
1765984522937022700,1695.332022705078,6.3700480461120605,0.8966288566589355,0.7715033292770386,3.7899999618530273,8.199999809265137,196,789,77.5332436,12.9607292
1765984523935974400,1696.3309743652344,5.584448337554932,0.8310113549232483,0.7878629565238953,3.7899999618530273,9.619999885559082,196,789,77.5332174,12.960636
1765984524936649500,1697.3316494140624,5.562044143676758,1.0582334995269775,0.7373204827308655,3.7899999618530273,10.84000015258789,196,789,77.5331953,12.9605399
1765984525936462300,1698.3314624023437,4.949355602264404,0.8937928080558777,0.7433847188949585,3.7899999618530273,11.670000076293945,192,789,77.5331739,12.9604357
1765984526935341600,1699.3303415527344,2.518007278442383,0.4175717234611511,0.7552874684333801,3.7899999618530273,10.6899995803833,185,789,77.5331622,12.9603316
1765984527936920000,1700.3319201660156,0.6112550497055054,0.0816211923956871,0.7668839693069458,3.7899999618530273,8.569999694824219,179,789,77.5331619,12.9602417
1765984528936669700,1701.3316696777345,2.4207167625427246,0.3530362546443939,0.7372742891311646,3.7899999618530273,9.390000343322754,179,790.9571564421501,77.5331608,12.9601534
1765984529935411500,1702.3304113769532,4.632684707641602,0.6532930135726929,0.7310838103294373,3.7899999618530273,9.109999656677246,175,790.8648895620541,77.5331624,12.9600682
1765984530936914400,1703.3319145507812,3.408423662185669,0.46839702129364014,0.7601270079612732,3.7899999618530273,8.859999656677246,176,791.0207220334487,77.5331697,12.959989
1765984531935561200,1704.330561279297,1.7624566555023193,0.21205450594425201,0.7698008418083191,3.7899999618530273,7.739999771118164,170,790.9535522611607,77.5331873,12.9599127
1765984532936251600,1705.3312517089844,3.972475528717041,0.4384414851665497,0.7782948613166809,3.7899999618530273,7.119999885559082,167,791.1192840663776,77.5331994,12.9598452
1765984533936816000,1706.3318161621094,9.132810592651367,0.7977002859115601,0.7869618535041809,3.7899999618530273,5.650000095367432,172,791.1101574677089,77.5332089,12.9597953
1765984534936466400,1707.3314665527344,6.028600215911865,0.9010552763938904,0.7920259833335876,3.7899999618530273,5.309999942779541,171,790.8600050839449,77.5332167,12.9597487
1765984535935096800,1708.330096923828,5.405603408813477,0.6668291091918945,0.7911005020141602,3.7899999618530273,6.239999771118164,169,790.7938381827624,77.5332309,12.9596933
1765984536935448600,1709.3304484863281,5.237364768981934,0.8312719464302063,0.794671893119812,3.7899999618530273,6.670000076293945,160,790.8614613818793,77.5332557,12.9596394
1765984537935879000,1710.33087890625,5.008681297302246,1.1108577251434326,0.7466539144515991,3.7899999618530273,6.889999866485596,155,790.8385353246528,77.5332788,12.9595805
1765984538935460600,1711.3304606933593,4.953603744506836,1.0387667417526245,0.7534525394439697,3.7899999618530273,7.659999847412109,158,790.8385353246528,77.5333029,12.9595114
1765984539936282000,1712.3312822265625,4.844189643859863,1.1522530317306519,0.7562927007675171,3.7899999618530273,7.329999923706055,162,790.8385353246528,77.5333148,12.9594483
1765984540935295700,1713.3302956542968,4.800294399261475,1.122347354888916,0.7694120407104492,3.7899999618530273,6.900000095367432,163,790.9608434888178,77.5333429,12.9593902
1765984541935863000,1714.3308630371093,4.93701696395874,1.1653140783309937,0.7733187079429626,3.7909998893737793,6.699999809265137,160,791.0005292061791,77.5333646,12.9593347
1765984542935689700,1715.3306896972656,4.730302810668945,0.9833834171295166,0.7895370125770569,3.8010001182556152,6.610000133514404,160,791.3770056463594,77.5333969,12.9592846
1765984543935211000,1716.3302109375,4.7596869468688965,1.0607588291168213,0.800865113735199,3.8010001182556152,7.079999923706055,161,791.5161920182705,77.5334327,12.9592124
1765984544935873800,1717.3308737792968,4.739960670471191,0.9545040726661682,0.8206132054328918,3.8010001182556152,6.929999828338623,160,791.5777673296051,77.5334538,12.9591444
1765984545935425500,1718.3304255371095,4.573657512664795,0.8090576529502869,0.8598412871360779,3.803999900817871,7.329999923706055,159,791.5979028588523,77.5334779,12.959082
1765984546937035800,1719.332035888672,4.583645820617676,0.8968973159790039,0.8645812273025513,3.802999973297119,7.5,157,791.6526664318795,77.5335042,12.9590292
1765984547935820300,1720.3308203125,4.516414165496826,0.6135903000831604,0.8600425124168396,3.7899999618530273,7.71999979019165,158,791.7416579818245,77.5335291,12.9589658
1765984548935664400,1721.3306643066405,4.415977478027344,0.6440987586975098,0.9077315330505371,3.7899999618530273,8.100000381469727,157,791.7481907567113,77.5335554,12.9589016
1765984549936248600,1722.3312485351562,4.354431629180908,0.603743851184845,0.9081658720970154,3.7899999618530273,7.889999866485596,160,791.8257745436787,77.533579,12.9588328
1765984550935552500,1723.3305524902344,4.210058212280273,0.6201772093772888,0.9417997002601624,3.7899999618530273,8.369999885559082,159,792.0317358156624,77.5336042,12.9587579
1765984551935347700,1724.33034765625,4.441022872924805,0.7155305743217468,0.9589084386825562,3.7899999618530273,8.039999961853027,163,792.0402745384065,77.5336319,12.9586824
1765984552935480800,1725.3304807128907,4.647299766540527,1.2989968061447144,0.9749332666397095,3.7899999618530273,7.710000038146973,159,792.1684690103332,77.5336595,12.9586188
1765984553936180200,1726.3311801757814,4.204615592956543,0.6860314607620239,0.9593815207481384,3.7899999618530273,9.6899995803833,156,792.3617796258831,77.5336984,12.9585297
1765984554935874300,1727.330874267578,3.8778088092803955,0.6437060236930847,0.9683185815811157,3.7899999618530273,9.600000381469727,155,792.4576259746613,77.5337361,12.9584479
1765984555936458800,1728.3314587402344,4.185749053955078,0.9109612107276917,0.9655284285545349,3.7899999618530273,9.0600004196167,152,792.7816858269836,77.5337759,12.9583671
1765984556936506600,1729.3315065917968,3.9401073455810547,0.8009145259857178,0.9578994512557983,3.7899999618530273,9.869999885559082,154,794.5,77.533813,12.9582859
1765984557936161800,1730.3311618652344,4.119593143463135,0.9004929065704346,0.9643548727035522,3.7899999618530273,9.369999885559082,157,794.5,77.5338473,12.9582069
1765984558935391700,1731.3303918457032,4.0695695877075195,0.8352802395820618,0.9686676263809204,3.7899999618530273,7.75,154,794.5,77.5338799,12.9581438
1765984559935209700,1732.3302097167968,4.162445068359375,0.6125335097312927,0.9429067969322205,3.7899999618530273,6.28000020980835,155,794.5,77.5339079,12.9580903
1765984560936022000,1733.3310219726563,4.2960524559021,0.6155818104743958,0.9374085664749146,3.7899999618530273,4.320000171661377,157,794.5,77.5339273,12.9580478
1765984561935236000,1734.3302360839843,4.420323848724365,0.585422694683075,0.9602465033531189,3.7899999618530273,4.150000095367432,158,794.5,77.533943,12.958013
1765984562936340000,1735.3313400878906,4.554283142089844,0.6231618523597717,0.9770740866661072,3.7899999618530273,3.799999952316284,159,794.5,77.5339502,12.9579744
1765984563935412500,1736.3304125976563,4.7184319496154785,0.7934776544570923,0.6727635264396667,3.7899999618530273,3.5899999141693115,158,795.8999633789062,77.5339607,12.9579438
1765984564936749300,1737.331749267578,4.850179672241211,0.7579129338264465,0.6771144270896912,3.7899999618530273,3.25,155,794.1507393708193,77.5339672,12.9579091
1765984565935711000,1738.3307109375,5.018263339996338,0.6427412629127502,0.6914703249931335,3.7899999618530273,2.6600000858306885,156,795.8999633789062,77.5339782,12.9578833
1765984566935321900,1739.3303217773437,5.177288055419922,0.6050172448158264,0.6829599738121033,3.7899999618530273,2.049999952316284,156,795.8999633789062,77.5339879,12.9578613
1765984567935422500,1740.3304223632813,5.342930793762207,0.6189475059509277,0.6877962946891785,3.7899999618530273,2.1600000858306885,156,795.8999633789062,77.5339959,12.9578407
1765984568935328800,1741.3303288574218,5.508944511413574,0.6142014861106873,0.6401770114898682,3.7899999618530273,1.9700000286102295,158,795.8999633789062,77.534003,12.9578206
1765984569935842800,1742.3308427734376,5.625176906585693,0.6031884551048279,0.6430603861808777,3.7899999618530273,2.190000057220459,158,795.8999633789062,77.5340082,12.9577987
1765984570935745500,1743.3307456054688,5.785834312438965,0.6103561520576477,0.6537588238716125,3.7899999618530273,2.1600000858306885,154,795.8999633789062,77.5340157,12.9577783
1765984571936194000,1744.331194091797,5.978383541107178,0.8059046864509583,0.6601722836494446,3.7899999618530273,1.7799999713897705,157,795.8999633789062,77.5340233,12.9577608
1765984572936105200,1745.3311052246095,6.190469741821289,0.5898731350898743,0.6766165494918823,3.7899999618530273,1,155,795.8999633789062,77.5340295,12.9577494
1765984573935870700,1746.3308706054688,0,0.07845272123813629,0.6780576705932617,3.7899999618530273,0,0,795.8999633789062,77.5340349,12.9577472
1765984574935538200,1747.3305380859374,0,0.07428411394357681,0.6942612528800964,3.7899999618530273,0,0,795.8999633789062,77.5340388,12.9577471
1765984575935834400,1748.3308344726563,6.850028038024902,0.6173838973045349,0.7106439471244812,3.7899999618530273,0.8299999833106995,147,795.8999633789062,77.5340443,12.9577446
1765984576937078000,1749.332078125,6.873870372772217,0.6840670704841614,0.7507390975952148,3.7899999618530273,3.2100000381469727,135,795.8999633789062,77.5340609,12.9577278
1765984577936749000,1750.3317490234374,6.82866096496582,0.609657347202301,0.6693697571754456,3.7899999618530273,4.630000114440918,154,796,77.5340813,12.9576948
1765984578936752600,1751.331752685547,6.6717658042907715,0.8135721683502197,0.7117070555686951,3.7899999618530273,5.010000228881836,160,796,77.5340933,12.9576506
1765984579935413500,1752.3304135742187,6.498119354248047,0.6033123135566711,0.7469218373298645,3.7899999618530273,4.590000152587891,158,796,77.5341099,12.9576137
1765984580935450600,1753.3304506835937,6.789986610412598,0.8896012306213379,0.7207021117210388,3.7899999618530273,4.929999828338623,145,796,77.5341296,12.9575745
1765984581936836400,1754.3318364257811,6.510222434997559,0.974571168422699,0.7753032445907593,3.7899999618530273,7.46999979019165,151,796,77.5341644,12.9575081
1765984582936119300,1755.3311193847655,5.397671699523926,0.9630900025367737,0.7607899308204651,3.7899999618530273,11.539999961853027,150,796,77.5342155,12.9574145
1765984583936297000,1756.331296875,4.925646781921387,1.0208303928375244,0.7697015404701233,3.7899999618530273,12.65999984741211,155,796,77.53425,12.9573107
1765984584935497500,1757.3304975585938,4.482484340667725,1.1404987573623657,0.7682119011878967,3.7899999618530273,13.90999984741211,160,796,77.5343101,12.9571892
1765984585935606800,1758.3306066894531,3.672349452972412,0.8037946820259094,0.7708346247673035,3.7899999618530273,13.930000305175781,164,796,77.534345,12.9570683
1765984586935500500,1759.3305004882814,3.678112745285034,0.8884459733963013,0.7645805478096008,3.7899999618530273,12.460000038146973,165,796,77.534387,12.9569557
1765984587935863300,1760.33086328125,5.371748924255371,1.101691484451294,0.8029460906982422,3.7899999618530273,11.029999732971191,162,796,77.5344281,12.95686
1765984588935828500,1761.3308283691406,4.554875373840332,0.9452552795410156,0.7761123180389404,3.7899999618530273,8.039999961853027,163,796,77.5344509,12.956789
1765984589936652300,1762.33165234375,3.7048158645629883,0.8776769042015076,0.7532223463058472,3.7899999618530273,6.21999979019165,164,796,77.5344573,12.9567267
1765984590936676600,1763.331676513672,3.5015294551849365,0.8992686867713928,0.7549338936805725,3.7899999618530273,6.789999961853027,163,796,77.5344904,12.9566705
1765984591935625500,1764.3306254882812,3.321394920349121,0.7848710417747498,0.789188027381897,3.7899999618530273,7.309999942779541,167,796,77.5344999,12.9566034
1765984592935993000,1765.3309931640624,3.200373888015747,0.8201884627342224,0.7936073541641235,3.7899999618530273,7.480000019073486,170,796,77.5345089,12.9565307
1765984593935948500,1766.3309484863282,3.0910933017730713,0.7821357846260071,0.7944168448448181,3.7899999618530273,7.550000190734863,168,796,77.5345182,12.9564624
1765984594935594000,1767.3305939941406,3.0325214862823486,0.7749480605125427,0.8072237372398376,3.7899999618530273,7.03000020980835,171,796,77.5345216,12.9563931
1765984595936505900,1768.331505859375,2.99626088142395,0.8482092618942261,0.818286120891571,3.7899999618530273,7.679999828338623,170,796,77.5345325,12.9563259
1765984596935539000,1769.3305390625,2.9226224422454834,0.7948048114776611,0.8087783455848694,3.7899999618530273,7.820000171661377,169,795.8999633789062,77.5345421,12.9562537
1765984597935494700,1770.3304946289063,2.8364181518554688,0.795583188533783,0.8132581114768982,3.7899999618530273,9.079999923706055,168,793.8399103520354,77.5345577,12.956176
1765984598936586500,1771.3315864257813,2.872619152069092,1.1454511880874634,0.765947699546814,3.7899999618530273,9.119999885559082,167,793.4079809955265,77.5345739,12.9560955
1765984599935754200,1772.3307541503907,2.76859974861145,0.79592365026474,0.7710369825363159,3.7899999618530273,9.380000114440918,167,793.26419954948,77.5345917,12.9560094
1765984600936183800,1773.3311838378906,2.709995746612549,0.8511759638786316,0.781129777431488,3.7899999618530273,10.270000457763672,166,793.0776295897864,77.5346158,12.9559186
1765984601935974400,1774.3309743652344,2.680727958679199,0.7903032302856445,0.788528323173523,3.7899999618530273,10.460000038146973,166,792.9121733788741,77.5346413,12.955829
1765984602935699500,1775.3306994628906,2.69942045211792,1.1236402988433838,0.7976090908050537,3.7899999618530273,10.520000457763672,164,792.4233866197029,77.5346626,12.9557355
1765984603935759000,1776.330759033203,2.5806922912597656,0.8121787309646606,0.8041043877601624,3.7899999618530273,10.520000457763672,162,792.0354507266206,77.5346856,12.9556414
1765984604935869400,1777.3308693847657,2.500612258911133,0.8039140701293945,0.8200979232788086,3.7899999618530273,11.079999923706055,162,791.5083423502981,77.5347141,12.9555443
1765984605936431900,1778.3314318847656,2.542074203491211,1.064131498336792,0.8254315853118896,3.7899999618530273,11.220000267028809,161,791.2276874344951,77.5347448,12.9554491
1765984606935250700,1779.330250732422,2.508435010910034,0.8135793805122375,0.8523703813552856,3.7899999618530273,10.3100004196167,159,789,77.5347761,12.9553605
1765984607936079600,1780.3310795898437,2.4819681644439697,0.80511075258255,0.8599494099617004,3.7899999618530273,9.960000038146973,153,789,77.534812,12.9552778
1765984608936352800,1781.331352783203,2.557741165161133,1.0724793672561646,0.8818702101707458,3.7899999618530273,9.539999961853027,150,789,77.5348575,12.9552031
1765984609936534500,1782.331534423828,2.584045648574829,0.818790853023529,0.923363447189331,3.7899999618530273,7.639999866485596,147,789,77.5348961,12.9551404
1765984610935270700,1783.330270751953,2.653730630874634,0.8063529133796692,0.9137085676193237,3.7899999618530273,6.389999866485596,147,789,77.5349276,12.9550906
1765984611936697600,1784.3316975097657,2.7219982147216797,0.8369234800338745,0.957997739315033,3.7899999618530273,7.5,143,787.1825309210461,77.5349669,12.9550369
1765984612935447300,1785.330447265625,2.8129420280456543,1.1300225257873535,0.961942732334137,3.7899999618530273,8.140000343322754,141,786.6260656188517,77.5350101,12.9549796
1765984613935385600,1786.3303854980468,2.7946717739105225,0.9154837131500244,0.9661667346954346,3.7899999618530273,10.930000305175781,134,785.7566606606125,77.5350825,12.9549069
1765984614935208000,1787.3302080078124,2.63106369972229,0.5588814616203308,0.976026713848114,3.7899999618530273,13.6899995803833,137,785.5782297264726,77.5351672,12.9548182
1765984615936945000,1788.3319448242187,1.6621564626693726,0.43983784317970276,0.9734113216400146,3.7899999618530273,17.030000686645508,137,785.5782297264726,77.5352605,12.9547056
1765984616936512000,1789.3315119628905,0.39720600843429565,0.1017451360821724,0.9897458553314209,3.7899999618530273,16.440000534057617,136,785.5759494829009,77.5353589,12.9545996
1765984617935211800,1790.330211669922,0.18306417763233185,0.0437551811337471,0.9702735543251038,3.7899999618530273,15.34000015258789,134,785.5782297264726,77.5354611,12.9544994
1765984618935334700,1791.3303347167969,0.5247807502746582,0.1157553642988205,0.9770873785018921,3.7899999618530273,14.15999984741211,134,785.4756193642963,77.5355622,12.9544079
1765984619936993300,1792.3319931640624,0.7304699420928955,0.149464949965477,0.9525853991508484,3.7899999618530273,13.140000343322754,135,785.5561934202832,77.5356476,12.9543199
1765984620935516200,1793.3305161132812,0.32486942410469055,0.06345631927251816,0.9866291880607605,3.7899999618530273,12.539999961853027,134,785.6547554532121,77.5357346,12.9542394
1765984621936353300,1794.3313532714844,0.4168461263179779,0.08697333186864853,0.9822916984558105,3.7899999618530273,13.390000343322754,134,785.4890236479952,77.535823,12.9541542
1765984622936206000,1795.3312060546875,0.524681806564331,0.1105644628405571,0.9665031433105469,3.7899999618530273,13.529999732971191,136,785.3979801212197,77.5359065,12.9540673
1765984623935545900,1796.3305458984375,0.3751550018787384,0.07786329090595245,0.9912447333335876,3.7899999618530273,13.319999694824219,136,785.2382051347571,77.5359883,12.9539836
1765984624935655400,1797.3306555175782,0.5153574347496033,0.10215243697166443,1.007392406463623,3.7899999618530273,12.729999542236328,133,784.8042823279519,77.5360725,12.9539012
1765984625937009000,1798.3320087890625,0.5889590382575989,0.11447859555482864,1.0138827562332153,3.7899999618530273,12.479999542236328,128,784.6469654180212,77.5361604,12.9538304
1765984626936955100,1799.331955078125,0.3587062358856201,0.0737561583518982,1.0234187841415405,3.7899999618530273,13.199999809265137,127,784.532842469804,77.5362525,12.9537595
1765984627936907500,1800.331907470703,0.5689337253570557,0.12053332477807999,1.0302501916885376,3.7899999618530273,13.600000381469727,123,784.437086775072,77.5363577,12.9536915
1765984628936123100,1801.331123046875,1.76604163646698,0.3791537284851074,1.002232313156128,3.7899999618530273,13.819999694824219,118,784.2039407375387,77.5364665,12.9536282
1765984629935263500,1802.3302634277343,1.7193262577056885,0.3203675448894501,0.9694563150405884,3.7899999618530273,11.989999771118164,111,783.4175188768744,77.5365743,12.9535851
1765984630936141000,1803.3311411132813,0.666204035282135,0.10479557514190674,0.9806192517280579,3.7899999618530273,10.100000381469727,110,782.8276387152315,77.536668,12.9535473
1765984631935376600,1804.3303767089844,2.6087214946746826,0.38027170300483704,0.986876904964447,3.7899999618530273,9.390000343322754,107,782.5563874706401,77.5367564,12.9535187
1765984632936662800,1805.331662841797,2.489272356033325,0.4039226770401001,0.9951800107955933,3.7899999618530273,10.449999809265137,101,782.156970988352,77.5368482,12.9535033
1765984633935686400,1806.330686279297,0.6398547887802124,0.13310600817203522,1.002382516860962,3.7899999618530273,13.359999656677246,97,781.9632322693913,77.5369588,12.953482
1765984634935811300,1807.3308112792968,1.5511237382888794,0.32566216588020325,1.0087881088256836,3.7899999618530273,13.510000228881836,99,781.4937188911852,77.5370786,12.9534599
1765984635935850800,1808.3308508300781,1.3650431632995605,0.32441776990890503,1.0144939422607422,3.7899999618530273,15.289999961853027,98,780.2487543047802,77.5372109,12.9534404
1765984636935712000,1809.3307119140625,0.36997607350349426,0.09727276861667633,1.0377086400985718,3.7899999618530273,16.8799991607666,97,780.121140906915,77.5373593,12.953421
1765984637935635000,1810.3306350097657,0.3598215878009796,0.0940723866224289,1.0810296535491943,3.7899999618530273,16.780000686645508,100,780.2041886447223,77.5375051,12.9534007
1765984638935406000,1811.3304060058595,0.4088819622993469,0.11143907159566879,1.0672001838684082,3.7899999618530273,17.5,103,780.0165671584406,77.5376632,12.9533684
1765984639935272400,1812.3302724609375,1.301740050315857,0.3320561349391937,1.065211534500122,3.7899999618530273,16.40999984741211,103,779.8294044689939,77.5378113,12.9533299
1765984640935241000,1813.330240966797,1.16457200050354,0.2845384478569031,1.1130486726760864,3.7899999618530273,15.710000038146973,101,779.7382282568279,77.5379552,12.9532986
1765984641935280400,1814.3302802734374,1.2364263534545898,0.29039835929870605,1.1155743598937988,3.7899999618530273,15.100000381469727,100,779.6653102954554,77.5380942,12.9532728
1765984642935271000,1815.3302709960938,1.3111450672149658,0.30025941133499146,1.1628696918487549,3.7899999618530273,14.729999542236328,101,779.508083045049,77.5382265,12.9532503
1765984643935285200,1816.33028515625,0.4054777920246124,0.09647046029567719,1.166924238204956,3.7899999618530273,15.270000457763672,101,779.2027513788469,77.538365,12.9532226
1765984644935568100,1817.3305681152344,0.4405430257320404,0.10749939829111099,1.176226258277893,3.7899999618530273,15.670000076293945,97,778.3870677037686,77.5385061,12.9532013
1765984645936238600,1818.3312385253905,1.2886122465133667,0.3255016505718231,1.1827504634857178,3.7899999618530273,16.25,96,778.1182280252242,77.5386518,12.9531827
1765984646935409200,1819.3304091796874,1.1562378406524658,0.3135716915130615,1.1856052875518799,3.7899999618530273,17.440000534057617,92,778.1182280252242,77.5388109,12.9531678
1765984647936026400,1820.3310263671874,1.3251854181289673,0.34901511669158936,1.1964997053146362,3.7899999618530273,16.940000534057617,94,778.1068366990157,77.5389678,12.9531568
1765984648936938500,1821.3319384765625,2.221047878265381,0.5340482592582703,1.1986011266708374,3.7899999618530273,15.489999771118164,97,778.1182280252242,77.5391093,12.9531404
1765984649935865600,1822.3308654785155,1.488625168800354,0.3225148022174835,1.1850835084915161,3.7899999618530273,13.9399995803833,102,778.0020372058531,77.5392405,12.9531169
1765984650936333800,1823.3313337402344,0.47434288263320923,0.10053809732198715,1.1661440134048462,3.7899999618530273,13.609999656677246,101,778.1652752804873,77.5393668,12.9530857
1765984651936174000,1824.3311740722656,0.49416205286979675,0.08928585797548294,1.1879332065582275,3.7899999618530273,11.600000381469727,101,777.9835959734554,77.539479,12.9530653
1765984652937172200,1825.3321721191405,2.0695197582244873,0.31867292523384094,1.1654458045959473,3.7899999618530273,9.90999984741211,100,777.8925524466799,77.5395759,12.9530479
1765984653935929000,1826.3309291992186,4.199985027313232,0.5797770023345947,1.1979190111160278,3.7899999618530273,8.90999984741211,98,777.9790395497985,77.5396581,12.9530375
1765984654935617800,1827.3306176757812,2.292116641998291,0.32529619336128235,1.2010064125061035,3.7899999618530273,9.140000343322754,102,777.949422854862,77.5397424,12.9530279
1765984655936440300,1828.3314404296875,2.502927780151367,0.30979272723197937,1.208189845085144,3.7899999618530273,7.96999979019165,102,777.1908145888949,77.5398179,12.9530109
1765984656935386400,1829.3303864746094,3.454698324203491,0.29156360030174255,1.2114901542663574,3.7899999618530273,5.440000057220459,106,776.5142744794425,77.5398717,12.9529965
1765984657935873000,1830.330873046875,1.7266896963119507,0.12068209052085876,1.2289557456970215,3.7899999618530273,4.489999771118164,106,776.0299989240369,77.5399184,12.9529867
1765984658937132000,1831.332132080078,2.0674517154693604,0.7973372340202332,1.1961476802825928,3.7899999618530273,4.420000076293945,106,775.6465885203525,77.5399603,12.9529722
1765984659937136000,1832.3321362304687,2.104747772216797,0.9546168446540833,0.6484948992729187,3.7899999618530273,4.28000020980835,106,774.7999877929688,77.5399951,12.9529612
1765984660935897300,1833.3308974609374,2.166274309158325,0.9655619859695435,0.6588414311408997,3.7899999618530273,4.579999923706055,105,774.7999877929688,77.5400419,12.9529528
1765984661935663900,1834.3306638183594,2.2573020458221436,0.959193229675293,0.6745588183403015,3.7899999618530273,4.210000038146973,104,774.7999877929688,77.5400802,12.9529369
1765984662935661800,1835.3306618652343,2.358081817626953,0.9245702028274536,0.6881528496742249,3.7899999618530273,4.400000095367432,105,774.7999877929688,77.5401171,12.9529285
1765984663935619000,1836.330619140625,2.480591058731079,0.970186173915863,0.7025445699691772,3.7899999618530273,4.460000038146973,108,774.7999877929688,77.5401554,12.9529158
1765984664935707000,1837.3307067871094,2.606804847717285,0.9392542839050293,0.7168648838996887,3.7899999618530273,4.829999923706055,108,774.7999877929688,77.5401971,12.9529003
1765984665935531300,1838.33053125,2.7253870964050293,0.796722948551178,0.7466466426849365,3.7899999618530273,5.320000171661377,102,774.7999877929688,77.5402488,12.9528828
1765984666936152800,1839.3311528320312,2.870907783508301,0.8028267621994019,0.7752195000648499,3.7899999618530273,4.53000020980835,103,774.7999877929688,77.5402937,12.9528688
1765984667935498500,1840.3304985351563,3.0277349948883057,0.9059576392173767,0.7878381609916687,3.7899999618530273,4.510000228881836,103,774.7999877929688,77.540337,12.9528593
1765984668936024800,1841.3310249023436,3.163019895553589,0.968673050403595,0.8131943345069885,3.7899999618530273,5.019999980926514,104,774.7999877929688,77.5403832,12.9528487
1765984669936231700,1842.331231689453,3.2254292964935303,0.8123822212219238,0.809410810470581,3.7899999618530273,6.599999904632568,104,774.7999877929688,77.5404455,12.952838
1765984670936031700,1843.3310317382814,3.3944387435913086,1.2037389278411865,0.8208987712860107,3.7899999618530273,6.46999979019165,99,774.7999877929688,77.540504,12.9528219
1765984671936435700,1844.3314357910156,3.5222115516662598,1.0609934329986572,0.8679247498512268,3.7899999618530273,7.590000152587891,97,774.7999877929688,77.5405781,12.9528091
1765984672935533300,1845.330533203125,3.576932191848755,1.0551658868789673,0.8974363803863525,3.7899999618530273,9,94,774.7999877929688,77.5406605,12.9527984
1765984673935541200,1846.3305412597656,3.5652916431427,0.815183699131012,0.9025859832763672,3.7899999618530273,10.630000114440918,90,774.7999877929688,77.5407599,12.952794
1765984674935459300,1847.3304592285156,3.665745496749878,0.8198868036270142,0.9123896360397339,3.7899999618530273,11.3100004196167,85,774.7999877929688,77.5408638,12.952798
1765984675935329500,1848.3303295898438,3.5723979473114014,0.9962230920791626,0.9216496348381042,3.7899999618530273,11.170000076293945,84,774.7999877929688,77.5409674,12.9528053
1765984676935946200,1849.3309462890625,4.985743045806885,1.062206506729126,0.9205613732337952,3.7899999618530273,11.300000190734863,83,774.7999877929688,77.5410711,12.9528181
1765984677936077300,1850.3310773925782,3.8303394317626953,0.578801155090332,0.9298257827758789,3.7899999618530273,9.75,86,774.7999877929688,77.5411631,12.952825
1765984678936199400,1851.3311994628907,2.9558627605438232,0.3525331914424896,0.9428827166557312,3.7899999618530273,7.690000057220459,105,774.7999877929688,77.5412438,12.9528139
1765984679936398800,1852.3313989257813,3.8095388412475586,0.36145222187042236,0.9136672019958496,3.7899999618530273,6.119999885559082,117,774.7999877929688,77.5413001,12.952796
1765984680935943400,1853.330943359375,6.397728443145752,0.5151688456535339,0.9018404483795166,3.7899999618530273,5.210000038146973,140,774.7999877929688,77.5413363,12.9527599
1765984681935843300,1854.3308432617187,5.06439208984375,0.5131227970123291,0.9119676947593689,3.7899999618530273,6.550000190734863,179,774.7999877929688,77.5413432,12.9526992
1765984682935293000,1855.33029296875,1.64228355884552,0.21112650632858276,0.9195883274078369,3.7899999618530273,8.270000457763672,195,774.7999877929688,77.5413306,12.9526335
1765984683936086300,1856.3310861816406,4.442593574523926,0.45209386944770813,0.9194508194923401,3.7899999618530273,6.570000171661377,202,774.7999877929688,77.5413115,12.9525775
1765984684936414500,1857.3314145507813,3.6699421405792236,0.41974908113479614,0.9221162796020508,3.7899999618530273,7.380000114440918,227,772.7977639237553,77.5412611,12.9525234
1765984685935577900,1858.3305778808594,3.7519125938415527,0.45086365938186646,0.9253567457199097,3.7899999618530273,7.75,226,772.5376365170916,77.5412101,12.9524745
1765984686935366000,1859.3303659667968,4.366213798522949,0.6265653967857361,0.9355121850967407,3.7899999618530273,9.270000457763672,233,772.4192441541148,77.5411448,12.9524206
1765984687935519000,1860.3305190429687,2.198655128479004,0.38710179924964905,0.9428035020828247,3.7899999618530273,11.34000015258789,239,772.243935379402,77.541056,12.9523703
1765984688936967700,1861.3319677734376,2.2191684246063232,0.3863624036312103,0.9427191019058228,3.7899999618530273,11.210000038146973,238,772.3769091345016,77.5409689,12.9523201
1765984689935340500,1862.330340576172,3.1907083988189697,0.6011947989463806,0.9322344660758972,3.7899999618530273,12.149999618530273,240,772.3512961386932,77.5408689,12.9522677
1765984690935471400,1863.3304714355468,2.017625570297241,0.39145445823669434,0.9015928506851196,3.7899999618530273,12.489999771118164,241,772.3512961386932,77.5407677,12.9522129
1765984691935462400,1864.3304624023438,2.176609992980957,0.41962969303131104,0.9078220129013062,3.7899999618530273,12.420000076293945,240,772.3512961386932,77.5406734,12.9521595
1765984692935867000,1865.3308669433593,1.996895432472229,0.3822450637817383,0.9276304841041565,3.7899999618530273,12.319999694824219,239,772.3437174087923,77.5405683,12.9521041
1765984693935840800,1866.3308408203125,0.37202638387680054,0.07336430251598358,0.9380336999893188,3.7899999618530273,12.65999984741211,238,772.4029126930886,77.5404702,12.9520453
1765984694935919900,1867.330919921875,1.655921459197998,0.31563159823417664,0.9430195689201355,3.7899999618530273,12.270000457763672,236,772.630590660793,77.5403763,12.9519779
1765984695935470800,1868.3304709472657,2.0139098167419434,0.36278340220451355,0.9442883729934692,3.7899999618530273,11.600000381469727,237,773.1235433215479,77.540284,12.9519261
1765984696935852300,1869.330852294922,0.5519228577613831,0.09570103883743286,0.9805172085762024,3.7899999618530273,11.130000114440918,235,773.1473791584259,77.540195,12.9518695
1765984697935713500,1870.330713623047,0.6271178722381592,0.10749108344316483,0.9865201711654663,3.7899999618530273,11.010000228881836,235,774.7999877929688,77.5401094,12.9518127
1765984698935854600,1871.3308544921874,0.68625807762146,0.11921390146017075,0.993182897567749,3.7899999618530273,11.15999984741211,234,774.7999877929688,77.5400301,12.9517539
1765984699935675100,1872.3306750488282,0.5701234340667725,0.09760802239179611,1.0198582410812378,3.7899999618530273,10.989999771118164,232,774.7999877929688,77.5399499,12.9516924
1765984700935300600,1873.3303005371095,0.33504533767700195,0.04440639168024063,1.0202285051345825,3.7899999618530273,8.5,233,774.7999877929688,77.5398801,12.9516456
1765984701935703600,1874.3307036132812,1.074554204940796,0.14469708502292633,1.0269134044647217,3.7899999618530273,8.649999618530273,236,774.7999877929688,77.5398108,12.9516001
1765984702935435300,1875.3304353027345,3.2452874183654785,0.43184882402420044,1.0719249248504639,3.7899999618530273,8.579999923706055,232,774.7999877929688,77.5397471,12.9515523
1765984703936027600,1876.3310275878907,2.3609490394592285,0.33503755927085876,1.106752872467041,3.7899999618530273,9.140000343322754,236,774.7999877929688,77.5396801,12.951508
1765984704935654400,1877.330654296875,0.568381130695343,0.07969427853822708,1.1214349269866943,3.7899999618530273,9,238,774.7999877929688,77.5396077,12.9514665
1765984705935296000,1878.3302958984375,0.6606234908103943,0.10887801647186279,1.1251531839370728,3.7899999618530273,10.579999923706055,238,774.7999877929688,77.5395288,12.9514185
1765984706935692500,1879.3306926269531,2.221245288848877,0.379827618598938,1.1268680095672607,3.7899999618530273,11.010000228881836,237,774.7999877929688,77.5394461,12.9513663
1765984707935973600,1880.3309736328124,3.663954973220825,0.6545975208282471,1.1343777179718018,3.7899999618530273,11.529999732971191,238,774.7999877929688,77.5393517,12.9513139
1765984708935619600,1881.3306196289063,2.1554598808288574,0.36468860507011414,1.1428413391113281,3.7899999618530273,10.899999618530273,235,774.7999877929688,77.5392686,12.9512558
1765984709936130800,1882.331130859375,1.9995790719985962,0.328237384557724,1.1526122093200684,3.7899999618530273,10.569999694824219,237,774.7999877929688,77.5391876,12.9512048
1765984710935688000,1883.3306879882812,2.259178638458252,0.34966641664505005,1.111773133277893,3.7899999618530273,9.970000267028809,238,774.7999877929688,77.5391082,12.951154
1765984711936191200,1884.3311911621095,2.3191306591033936,0.3523629307746887,1.1135587692260742,3.7899999618530273,9.789999961853027,239,774.7999877929688,77.5390303,12.9511106
1765984712935473700,1885.3304736328125,4.303152561187744,0.6196214556694031,1.1209352016448975,3.7899999618530273,9.300000190734863,243,772.9912036714068,77.5389463,12.951075
1765984713936926700,1886.3319267578124,4.111979007720947,0.6303400993347168,1.120794653892517,3.7899999618530273,9.899999618530273,244,772.1198553544978,77.5388645,12.9510308
1765984714935624400,1887.3306245117187,2.962132215499878,0.35683709383010864,1.1278618574142456,3.7899999618530273,7.769999980926514,247,771.9462601589083,77.5387986,12.9509954
1765984715936055600,1888.3310556640624,3.382652759552002,0.3679010570049286,1.1269464492797852,3.7899999618530273,7.010000228881836,247,771.3742745552515,77.538739,12.9509703
1765984716936822500,1889.3318225097655,4.506793022155762,0.5737249255180359,1.1289069652557373,3.7899999618530273,8.220000267028809,251,771.2809392213763,77.5386689,12.9509494
1765984717935586800,1890.3305869140625,2.9923651218414307,0.46717408299446106,1.1466903686523438,3.7899999618530273,10.069999694824219,252,771.198596515047,77.5385808,12.9509185
1765984718935323000,1891.3303229980468,2.8206136226654053,0.43133023381233215,1.1444774866104126,3.7899999618530273,9.859999656677246,247,770.7660855519243,77.5384985,12.9508779
1765984719936940800,1892.3319409179687,3.371208906173706,0.5046499967575073,1.149166464805603,3.7899999618530273,9.65999984741211,246,770.5521144863442,77.5384174,12.9508424
1765984720936042500,1893.3310424804688,2.143008232116699,0.299489289522171,1.108847737312317,3.7899999618530273,9,247,770.5430094527056,77.5383396,12.950809
1765984721935918600,1894.3309187011719,2.54833984375,0.2926963269710541,1.1159363985061646,3.7899999618530273,7.400000095367432,240,770.4656170559844,77.5382726,12.950777
1765984722935268900,1895.3302687988282,3.2606658935546875,0.379768043756485,1.1236382722854614,3.7899999618530273,7.510000228881836,235,770.4337498009429,77.5382149,12.950739
1765984723937125600,1896.332125732422,1.62596595287323,0.1935046911239624,1.1378883123397827,3.7899999618530273,7.659999847412109,240,770.3835906897441,77.5381555,12.9507032
1765984724935571700,1897.3305717773437,0.8296814560890198,0.11376191675662994,1.1456375122070312,3.7899999618530273,8.8100004196167,238,770.3244256868568,77.5380886,12.9506648
1765984725935487700,1898.3304877929688,0.7599974274635315,0.08890310674905777,1.1516014337539673,3.7899999618530273,7.510000228881836,230,770.3084922891752,77.5380293,12.9506231
1765984726935971600,1899.3309716796875,2.100846767425537,0.2888058125972748,1.1624716520309448,3.7899999618530273,8.850000381469727,230,770.2743493935467,77.5379645,12.9505728
1765984727935975200,1900.3309750976562,2.1133546829223633,0.2812388241291046,1.1879396438598633,3.7899999618530273,8.569999694824219,235,770.2196880618038,77.537902,12.9505266
1765984728936832000,1901.33183203125,0.31974995136260986,0.03916290029883385,1.1903423070907593,3.7899999618530273,7.860000133514404,234,770.1764408404156,77.5378387,12.950486
1765984729935708000,1902.3307080078125,0.36088070273399353,0.04197530448436737,1.1949999332427979,3.7899999618530273,7.460000038146973,229,770.1218130821499,77.537785,12.9504433
1765984730935733200,1903.330733154297,0.581529438495636,0.0672336220741272,1.2290598154067993,3.7899999618530273,7.420000076293945,226,770.0626334022721,77.5377334,12.9503978
1765984731935528200,1904.330528076172,0.6293591260910034,0.06357914209365845,1.221107840538025,3.7899999618530273,6.489999771118164,224,770.0353198412189,77.5376875,12.9503528
1765984732935256300,1905.3302563476564,1.052236795425415,0.08446142822504044,1.2751377820968628,3.7899999618530273,5.159999847412109,224,770.0284914645098,77.5376484,12.9503163
1765984733935723500,1906.3307236328126,1.1791657209396362,0.08077602833509445,1.3099710941314697,3.7899999618530273,4.400000095367432,224,769.9943496622891,77.5376157,12.9502845
1765984734935599900,1907.3305998535157,3.079453945159912,0.168797105550766,1.3252840042114258,3.7899999618530273,3.5299999713897705,223,769.9397230606634,77.5375913,12.9502594
1765984735935199000,1908.3301989746094,1.509081244468689,0.08454068005084991,1.3267664909362793,3.7899999618530273,3.5999999046325684,228,769.930618660794,77.5375663,12.950236
1765984736935669500,1909.3306694335938,7.378317832946777,0.8060510158538818,1.3304293155670166,3.7899999618530273,3.9800000190734863,228,769.9099846454717,77.5375381,12.9502154
1765984737935982300,1910.330982421875,5.267916679382324,0.8107446432113647,1.3380101919174194,3.7899999618530273,3.4100000858306885,230,769.9145368442025,77.537514,12.9501957
1765984738935500500,1911.3305004882814,8.814348220825195,0.8011665344238281,1.3485969305038452,3.7899999618530273,2.509999990463257,221,769.9030569067532,77.5374966,12.9501792
1765984739935414800,1912.3304147949218,11.58223819732666,0.7992508411407471,1.3643269538879395,3.7899999618530273,2.940000057220459,221,769.9053330076239,77.5374813,12.9501585
1765984740935192800,1913.3301928710937,6.1384806632995605,0.8284462094306946,1.3584705591201782,3.7899999618530273,3.059999942779541,224,769.9396402383213,77.537463,12.95014
1765984741936079000,1914.3310791015624,7.223306655883789,0.8096126914024353,1.329630732536316,3.7899999618530273,3.7699999809265137,228,769.960125200378,77.5374397,12.9501174
1765984742935697700,1915.3306977539062,8.130547523498535,0.8155311346054077,0.9050666689872742,3.7899999618530273,4.260000228881836,233,770.0999755859375,77.5374108,12.9500935
1765984743935608300,1916.3306083984376,8.537285804748535,1.035119652748108,0.879730224609375,3.7899999618530273,5.179999828338623,229,770.0999755859375,77.5373773,12.9500609
1765984744935366000,1917.3303659667968,8.297993659973145,0.8546997308731079,0.8879386782646179,3.7899999618530273,5.239999771118164,231,770.0999755859375,77.5373389,12.9500327
1765984745935334400,1918.3303344726562,8.187697410583496,0.8161475658416748,0.8893635272979736,3.7899999618530273,4.849999904632568,229,770.0999755859375,77.5373058,12.9500016
1765984746935679000,1919.3306789550782,8.607080459594727,0.801048994064331,0.9067774415016174,3.7899999618530273,3.75,229,770.0999755859375,77.5372817,12.9499792
1765984747935203300,1920.3302033691407,7.754970550537109,0.7816829085350037,0.9487414360046387,3.7899999618530273,5.010000228881836,230,770.0999755859375,77.5372461,12.9499509
1765984748935692500,1921.3306926269531,7.0499958992004395,0.7945642471313477,0.9289637804031372,3.7899999618530273,5.800000190734863,227,770.0999755859375,77.5372058,12.9499136
1765984749935319000,1922.3303190917968,7.1384477615356445,0.8013688921928406,0.9270073771476746,3.7899999618530273,6.460000038146973,223,770.0999755859375,77.5371623,12.9498697
1765984750935842600,1923.330842529297,6.483980655670166,0.8105040192604065,0.8997272253036499,3.7899999618530273,7.019999980926514,224,770.0999755859375,77.5371161,12.9498247
1765984751935550700,1924.33055078125,6.4735426902771,1.08582603931427,0.9057765007019043,3.7899999618530273,6.96999979019165,223,770.0999755859375,77.537073,12.9497785
1765984752935340800,1925.3303408203126,6.201498508453369,1.0981084108352661,0.9331848621368408,3.7899999618530273,7.230000019073486,226,770.0999755859375,77.5370215,12.9497353
1765984753935432200,1926.3304321289063,5.959543704986572,0.9255331754684448,0.9358227252960205,3.7899999618530273,7.230000019073486,227,770.0999755859375,77.5369777,12.9496852
1765984754937108000,1927.3321079101563,5.621431350708008,0.9579708576202393,0.9457225799560547,3.7899999618530273,8,220,770.0999755859375,77.5369538,12.949609
1765984755935915800,1928.3309157714843,5.542826175689697,1.1063162088394165,0.9368793964385986,3.7899999618530273,8.59000015258789,218,770.0999755859375,77.5369102,12.9495442
1765984756935909400,1929.3309094238282,5.327791690826416,1.0750303268432617,0.964111864566803,3.7899999618530273,8.100000381469727,223,770.0999755859375,77.5368439,12.949506
1765984757935562800,1930.3305627441407,5.2141876220703125,1.1276085376739502,0.9773309826850891,3.7899999618530273,8.359999656677246,220,770.0999755859375,77.5367807,12.9494641
1765984758937158700,1931.3321586914062,4.473626136779785,0.7866767048835754,0.971330463886261,3.7899999618530273,9.470000267028809,224,770.0999755859375,77.5367148,12.9494053
1765984759935809000,1932.3308090820312,4.38136625289917,0.8002486824989319,0.9753473997116089,3.7899999618530273,8.569999694824219,228,770.0999755859375,77.5366553,12.9493493
1765984760935494100,1933.330494140625,4.176851272583008,0.8065263032913208,1.0162253379821777,3.7899999618530273,8.170000076293945,229,770.0999755859375,77.5365979,12.949298
1765984761935327500,1934.330327392578,4.227898120880127,0.99833744764328,1.0111937522888184,3.7899999618530273,7.320000171661377,228,770.0999755859375,77.5365408,12.949258
1765984762935689200,1935.3306892089843,4.169188022613525,0.7985957264900208,1.0728849172592163,3.7899999618530273,5.909999847412109,229,770.0999755859375,77.5364993,12.9492235
1765984763935269400,1936.3302692871093,4.281200885772705,0.8042705059051514,1.0896214246749878,3.7899999618530273,4.96999979019165,229,770.0999755859375,77.5364627,12.9491954
1765984764935399200,1937.330399169922,4.3625168800354,1.0168160200119019,1.0912476778030396,3.7899999618530273,4.949999809265137,227,770.0999755859375,77.5364225,12.9491667
1765984765935671000,1938.330671142578,4.47922420501709,0.8203651905059814,1.0969821214675903,3.7899999618530273,4.730000019073486,227,770.0999755859375,77.5363937,12.9491399
1765984766936076300,1939.331076171875,4.531325817108154,0.8022396564483643,1.1033145189285278,3.7899999618530273,4.880000114440918,229,770.0999755859375,77.5363612,12.9491136
1765984767935642600,1940.330642578125,4.5903754234313965,1.0730031728744507,0.8425744771957397,3.7899999618530273,5.519999980926514,233,772.2999877929688,77.5363212,12.9490851
1765984768936302000,1941.3313020019532,4.44404411315918,0.7875609993934631,0.8292374014854431,3.7899999618530273,6.03000020980835,229,772.2999877929688,77.5362735,12.9490493
1765984769936009500,1942.3310095214845,4.525442123413086,0.8119681477546692,0.9695289134979248,3.7899999618530273,5.03000020980835,227,772.2999877929688,77.5362416,12.9490169
1765984770935731500,1943.3307314453125,4.621401786804199,0.8138991594314575,0.9148063659667969,3.7899999618530273,4.789999961853027,224,772.2999877929688,77.5362076,12.9489804
1765984771936909000,1944.3319089355468,4.694469451904297,0.8140244483947754,0.935523509979248,3.7899999618530273,4.769999980926514,225,772.2999877929688,77.5361814,12.9489475
1765984772935388000,1945.3303879394532,4.73164701461792,0.7992656230926514,0.9170545339584351,3.7899999618530273,4.679999828338623,233,772.2999877929688,77.5361462,12.94892
1765984773935880400,1946.3308803710938,4.806247234344482,1.0467603206634521,0.8834072947502136,3.7899999618530273,4.400000095367432,235,773.2999877929688,77.5361105,12.9488963
1765984774935695400,1947.3306953125,4.895022392272949,1.1881988048553467,0.890214204788208,3.7899999618530273,4.380000114440918,235,773.2999877929688,77.5360692,12.9488786
1765984775935256300,1948.3302563476564,4.9261474609375,1.0449163913726807,0.8964262008666992,3.7899999618530273,3.640000104904175,234,773.2999877929688,77.5360412,12.9488593
1765984776935340000,1949.3303400878906,4.90633487701416,0.7977092266082764,0.8943795561790466,3.7899999618530273,3.569999933242798,238,773.2999877929688,77.5360145,12.9488403
1765984777935543600,1950.3305434570314,4.9814300537109375,1.0454275608062744,0.8953456282615662,3.7899999618530273,3.5,237,773.2999877929688,77.5359883,12.9488214
1765984778936049000,1951.331048828125,5.086092472076416,1.0930519104003906,0.8543816208839417,3.7899999618530273,3.2699999809265137,237,773.2999877929688,77.5359684,12.9487998
1765984779935917000,1952.3309169921874,4.994539260864258,0.8446706533432007,0.8865458369255066,3.7899999618530273,4.269999980926514,236,773.2999877929688,77.5359421,12.9487727
1765984780935769000,1953.3307690429688,4.968587398529053,0.806875467300415,0.8901058435440063,3.7899999618530273,4.190000057220459,235,773.2999877929688,77.5359137,12.9487466
1765984781935769000,1954.3307690429688,5.029384613037109,0.7990431189537048,0.903155505657196,3.7899999618530273,3.5999999046325684,236,773.2999877929688,77.5358856,12.9487242
1765984782935387000,1955.3303869628905,5.0686469078063965,0.8100133538246155,0.89927077293396,3.7899999618530273,3.619999885559082,240,773.2999877929688,77.5358556,12.9487058
1765984783935893500,1956.3308935546875,5.166139125823975,1.082911729812622,0.9057854413986206,3.7899999618530273,3.549999952316284,237,773.2999877929688,77.5358259,12.9486897
1765984784944182500,1957.3391826171876,5.123913288116455,0.5734717845916748,0.929233729839325,3.7899999618530273,3.740000009536743,239,773.2999877929688,77.535798,12.9486714
1765984785935435300,1958.3304353027345,5.096703052520752,0.7860257625579834,0.9316355586051941,3.7899999618530273,3.8499999046325684,241,773.2999877929688,77.5357691,12.9486552
1765984786935583500,1959.3305834960938,5.136348724365234,0.7698794603347778,0.9394010901451111,3.7899999618530273,3.549999952316284,239,773.2999877929688,77.5357405,12.9486391
1765984787936333800,1960.3313337402344,5.170069217681885,0.7758355140686035,0.9440455436706543,3.7899999618530273,3.25,237,773.2999877929688,77.5357135,12.9486242
1765984788936039700,1961.331039794922,5.179121971130371,0.7961637377738953,0.9596405625343323,3.7899999618530273,3.640000104904175,238,773.2999877929688,77.5356853,12.9486083
1765984789935629800,1962.3306298828124,5.2800445556640625,0.7742695808410645,0.9893367886543274,3.7899999618530273,2.5899999141693115,242,773.2999877929688,77.5356618,12.9485958
1765984790935876900,1963.330876953125,5.425339698791504,0.774628221988678,0.9859174489974976,3.7899999618530273,1.7799999713897705,236,773.2999877929688,77.5356469,12.9485869
1765984791935862800,1964.3308627929687,5.531707286834717,0.7804650664329529,1.0481154918670654,3.7899999618530273,1.7999999523162842,243,773.2999877929688,77.5356326,12.9485798
1765984792935644400,1965.33064453125,5.648806095123291,0.7907539010047913,1.0549681186676025,3.7899999618530273,1.409999966621399,243,773.2999877929688,77.5356199,12.9485744
1765984793935918800,1966.3309189453125,5.762903213500977,0.5939722657203674,1.0578840970993042,3.7899999618530273,1.659999966621399,247,773.2999877929688,77.5356054,12.9485687
1765984794935313000,1967.3303129882813,5.889877796173096,0.5856620073318481,1.098671317100525,3.7899999618530273,1.5,234,773.2999877929688,77.5355921,12.9485625
1765984795935838500,1968.3308383789063,5.990327835083008,0.5849133133888245,0.968596339225769,3.7899999618530273,1.659999966621399,240,773.2999877929688,77.5355786,12.9485552
1765984796936027600,1969.3310275878907,6.105907917022705,0.6349454522132874,0.9743379950523376,3.7899999618530273,1.4299999475479126,242,773.2999877929688,77.5355655,12.9485489
1765984797936070400,1970.3310703125,6.2357988357543945,0.6577466130256653,0.9697093367576599,3.7899999618530273,1.2599999904632568,241,773.2999877929688,77.5355548,12.9485436
1765984798935625000,1971.330625,6.380701065063477,0.9549827575683594,0.9796053171157837,3.7899999618530273,1.3200000524520874,251,773.2999877929688,77.5355444,12.9485383
1765984799121000000,1971.516,0,0,0.9249999523162842,5.025000095367432,0,0,772.2999877929688,77.5355444,12.9485383
1765984799942175000,1972.3371750488282,7.558445453643799,0.4410451650619507,0.897706151008606,5.025000095367432,1.8600000143051147,247,772.2999877929688,77.5355283,12.9485324
1765984800935912700,1973.3309125976562,6.3877692222595215,0.43052181601524353,0.8752389550209045,5.025000095367432,2.819999933242798,249,772.2999877929688,77.5355066,12.9485247
1765984801935453400,1974.3304533691405,6.425549507141113,0.6147063374519348,0.8601477146148682,4.848999977111816,2.7899999618530273,240,773.2999877929688,77.5354821,12.9485141
1765984802935359200,1975.3303591308593,6.39605188369751,0.6258522868156433,0.8655586242675781,4.848999977111816,3.2100000381469727,240,773.2999877929688,77.5354569,12.9484996
1765984803935148800,1976.3301486816406,6.249189853668213,0.5799981355667114,0.8645609021186829,4.848999977111816,3.430000066757202,238,773.2999877929688,77.5354303,12.9484821
1765984804935937000,1977.3309370117188,6.163756847381592,0.5868514776229858,0.8521555662155151,3.7899999618530273,3.569999933242798,238,773.2999877929688,77.5354028,12.9484648
1765984805935682000,1978.3306821289063,6.192054271697998,0.7259069085121155,0.8495501279830933,3.7899999618530273,3.4100000858306885,237,773.2999877929688,77.5353757,12.9484472
1765984806936113000,1979.3311127929687,5.829923629760742,0.6101134419441223,0.8643010258674622,3.7899999618530273,4.760000228881836,241,773.2999877929688,77.5353389,12.948425
1765984807935607000,1980.3306069335938,5.405466556549072,0.8195014595985413,0.8452402353286743,3.7899999618530273,5.960000038146973,238,773.2999877929688,77.5352883,12.9483926
1765984808935928000,1981.3309279785155,5.237783908843994,1.0949567556381226,0.8304111361503601,3.7899999618530273,7,236,773.2999877929688,77.5352341,12.9483552
1765984809935345700,1982.330345703125,5.09981632232666,1.1408650875091553,0.8258988261222839,3.7899999618530273,7.199999809265137,236,773.2999877929688,77.5351814,12.9483196
1765984810936006400,1983.3310063476563,4.972094535827637,1.1519356966018677,0.8285918235778809,3.7899999618530273,7.539999961853027,239,773.2999877929688,77.5351187,12.9482768
1765984811937132800,1984.3321328125,4.895198822021484,1.1720736026763916,0.8277840614318848,3.7899999618530273,7.28000020980835,242,773.2999877929688,77.535051,12.9482505
1765984812935745300,1985.3307453613281,4.694423198699951,0.9806336164474487,0.8369868397712708,3.7899999618530273,6.789999961853027,241,773.2999877929688,77.535001,12.9482177
1765984813936974800,1986.3319748535157,4.547659873962402,0.6103307604789734,0.8421009182929993,3.7899999618530273,4.670000076293945,240,773.2999877929688,77.534963,12.9481987
1765984814935419000,1987.3304189453124,4.6014580726623535,0.9077727794647217,0.8366826176643372,3.7899999618530273,4.449999809265137,241,773.2999877929688,77.5349292,12.9481771
1765984815935339500,1988.3303395996095,4.621480941772461,0.934657633304596,0.8381359577178955,3.799999952316284,4.21999979019165,241,773.2999877929688,77.534894,12.948164
1765984816935538700,1989.3305385742187,4.5682783126831055,0.6700159311294556,0.8379339575767517,3.799999952316284,3.559999942779541,238,773.2999877929688,77.5348664,12.9481449
1765984817935192600,1990.330192626953,4.605422496795654,0.8760963678359985,0.9127274751663208,3.799999952316284,3.4200000762939453,240,773.2999877929688,77.5348375,12.9481258
1765984818935687000,1991.3306870117187,4.57195520401001,0.6226827502250671,0.9164828062057495,3.799999952316284,3.2300000190734863,241,770.0999755859375,77.5348127,12.9481087
1765984819935706400,1992.330706298828,4.621703624725342,0.6601890325546265,0.9964396953582764,3.802000045776367,2.8299999237060547,240,770.0999755859375,77.5347919,12.9480989
1765984820935623700,1993.330623779297,4.68464994430542,0.6862248778343201,0.9883583784103394,3.7899999618530273,2.380000114440918,238,770.0999755859375,77.5347756,12.9480882
1765984821935531500,1994.3305314941406,4.774669647216797,0.9163960218429565,0.9992386698722839,3.7899999618530273,2.0899999141693115,241,770.0999755859375,77.5347623,12.9480784
1765984822935254500,1995.330254638672,4.811976432800293,0.5982115268707275,1.0452148914337158,3.7899999618530273,2.640000104904175,238,770.0999755859375,77.5347446,12.9480662
1765984823935948300,1996.3309482421876,4.9006805419921875,0.9148107171058655,1.0450376272201538,3.7899999618530273,2.8499999046325684,237,770.0999755859375,77.5347251,12.9480512
1765984824935951600,1997.3309516601562,4.966996192932129,0.9109690189361572,0.9265377521514893,3.7899999618530273,2.7699999809265137,241,772.2999877929688,77.5347047,12.9480376
1765984825935626000,1998.3306259765625,5.050999164581299,0.9427613019943237,0.9214579463005066,3.7899999618530273,2.7899999618530273,239,772.2999877929688,77.5346848,12.9480239
1765984826935422000,1999.330421875,5.099195957183838,0.8920454382896423,0.930702805519104,3.7899999618530273,2.880000114440918,236,772.2999877929688,77.5346628,12.948009
1765984827936404200,2000.331404296875,5.122804641723633,0.895193874835968,0.9436606168746948,3.7899999618530273,3.4000000953674316,238,770.6447906768344,77.5346358,12.9479921
1765984828935649000,2001.3306489257814,4.999426364898682,0.600468635559082,1.0103758573532104,3.7899999618530273,4.139999866485596,237,772.2999877929688,77.5346048,12.947969
1765984829935432000,2002.3304318847656,5.0312066078186035,0.6207383275032043,1.0191104412078857,3.7899999618530273,3.859999895095825,236,770.5972720114147,77.534575,12.9479475
1765984830936081400,2003.3310812988282,4.980099678039551,0.6232774257659912,1.0215857028961182,3.7899999618530273,4.170000076293945,237,770.469748288405,77.5345437,12.9479284
1765984831936176400,2004.3311762695312,5.001555919647217,0.8474537134170532,1.0305191278457642,3.7899999618530273,4.480000019073486,237,768.7999877929688,77.534509,12.9479077
1765984832935960600,2005.3309606933594,4.989449501037598,0.8452514410018921,1.026380181312561,3.7899999618530273,4.5,238,768.7999877929688,77.5344747,12.9478834
1765984833935685400,2006.3306853027343,4.952459812164307,0.8721300959587097,1.0371946096420288,3.7899999618530273,4.869999885559082,243,768.7999877929688,77.5344344,12.9478621
1765984834936366600,2007.3313666992187,4.992526531219482,0.8798789381980896,1.035305380821228,3.7899999618530273,4.429999828338623,244,768.7999877929688,77.5343966,12.9478445
1765984835935609300,2008.330609375,4.723465442657471,0.8011937141418457,1.0422124862670898,3.7899999618530273,5.619999885559082,245,768.7999877929688,77.5343437,12.9478262
1765984836935598300,2009.330598388672,4.683572769165039,0.849838137626648,1.0205498933792114,3.7899999618530273,6.090000152587891,247,768.7999877929688,77.5342902,12.9478063
1765984837935401000,2010.3304008789062,4.526957035064697,1.0263749361038208,1.0073935985565186,3.7899999618530273,7.210000038146973,244,768.7999877929688,77.5342357,12.947776
1765984838935996000,2011.3309958496093,4.445260524749756,1.0503871440887451,1.032546877861023,3.7899999618530273,8.380000114440918,238,768.7999877929688,77.5341658,12.9477348
1765984839935625500,2012.3306254882812,4.103141784667969,0.9363046288490295,1.0435261726379395,3.7899999618530273,10.020000457763672,242,768.7999877929688,77.5340809,12.9476858
1765984840935570000,2013.3305698242189,3.7299909591674805,0.7959088683128357,1.0498275756835938,3.7899999618530273,10.15999984741211,245,768.7999877929688,77.5339914,12.9476432
1765984841935485200,2014.330485107422,3.675783157348633,1.0197296142578125,1.0636839866638184,3.7899999618530273,9.460000038146973,248,768.7999877929688,77.5339123,12.9476092
1765984842935939000,2015.3309389648437,3.464256763458252,0.801792323589325,1.0754802227020264,3.7899999618530273,9.420000076293945,253,768.7999877929688,77.5338289,12.9475827
1765984843935595300,2016.3305952148437,3.42094349861145,0.8392291069030762,1.0834883451461792,3.7899999618530273,9.420000076293945,256,768.7999877929688,77.5337477,12.9475589
1765984844935215600,2017.330215576172,3.2389955520629883,0.8233024477958679,1.0864434242248535,3.7899999618530273,9.510000228881836,256,768.7999877929688,77.5336611,12.9475348
1765984845935639800,2018.3306398925781,6.43361759185791,1.0921117067337036,1.0998342037200928,3.7899999618530273,8.930000305175781,257,768.7999877929688,77.5335797,12.9475172
1765984846935699000,2019.3306989746093,2.968749523162842,0.35080358386039734,1.1013103723526,3.7899999618530273,7.619999885559082,247,768.7999877929688,77.5335141,12.9474907
1765984847935529000,2020.3305290527344,0.9301022887229919,0.11853180825710297,1.1098942756652832,3.7899999618530273,8.1899995803833,248,766.9486208026763,77.5334419,12.9474631
1765984848935992000,2021.3309919433593,1.0045626163482666,1.0201530456542969,1.147955060005188,3.7899999618530273,7.989999771118164,254,766.6501769300633,77.533369,12.9474374
1765984849935541500,2022.3305415039063,4.679864406585693,0.5662834048271179,1.1912013292312622,3.7899999618530273,7.820000171661377,252,766.2952539402306,77.5332999,12.9474202
1765984850935571700,2023.3305717773437,3.0427541732788086,0.388380229473114,1.2317571640014648,3.7899999618530273,8.229999542236328,248,765.7023100916554,77.5332276,12.947393
1765984851935839000,2024.3308388671876,2.949613571166992,0.40778109431266785,1.2405799627304077,3.7899999618530273,8.90999984741211,249,765.3525401543719,77.5331538,12.9473624
1765984852935860000,2025.3308598632811,3.7700531482696533,0.5886257886886597,1.2472254037857056,3.7899999618530273,10.079999923706055,248,764.9078125822347,77.5330649,12.9473277
1765984853935216000,2026.3302160644532,3.662644624710083,0.5667110085487366,1.2622753381729126,3.7899999618530273,9.979999542236328,247,764.7258335057436,77.5329836,12.9472958
1765984854936049200,2027.3310490722656,2.629159450531006,0.35301488637924194,1.2517070770263672,3.7899999618530273,8.649999618530273,244,764.4733979470326,77.5329038,12.9472617
1765984855935248000,2028.3302478027344,0.945348858833313,0.11360088735818863,1.1207702159881592,3.7899999618530273,7.71999979019165,244,764.385372507691,77.5328367,12.9472253
1765984856935916800,2029.3309167480468,3.321075916290283,0.3481954038143158,1.127756953239441,3.7899999618530273,6.760000228881836,243,764.2011319236159,77.5327704,12.9471968
1765984857935418600,2030.3304187011718,9.588687896728516,0.5840036273002625,1.1222517490386963,3.7899999618530273,3.940000057220459,223,763.6325130352252,77.532745,12.9471723
1765984858935837000,2031.3308369140625,21.9049129486084,1.1951262950897217,1.1073458194732666,3.7899999618530273,3.4700000286102295,199,763.0828057545496,77.5327365,12.9471409
1765984859935688200,2032.3306882324218,7.177700519561768,0.3884802758693695,1.174601435661316,3.7899999618530273,3.5,195,762.5140625957054,77.5327257,12.9471115
1765984860936015000,2033.3310151367189,5.605743408203125,0.3348484933376312,0.9308146834373474,3.7899999618530273,3.859999895095825,182,761.8967785583695,77.5327191,12.9470767
1765984861935616500,2034.3306164550781,2.2726244926452637,0.12546466290950775,0.9353487491607666,3.7899999618530273,3.549999952316284,182,761.5988950953188,77.5327168,12.947041
1765984862935752700,2035.330752685547,2.4176182746887207,0.11389496922492981,0.9407609701156616,3.7899999618530273,3.0299999713897705,179,761.5170357982815,77.5327173,12.947012
1765984863935504100,2036.3305041503907,7.422104358673096,0.35010263323783875,0.942408561706543,3.7899999618530273,3.049999952316284,181,761.4300984853248,77.5327171,12.946984
1765984864935526100,2037.3305261230469,16.23338508605957,0.5907813906669617,0.9162141680717468,3.7899999618530273,2.3399999141693115,171,761.200541118987,77.5327211,12.9469613
1765984865935479600,2038.3304794921876,18.612194061279297,0.6141698360443115,0.934853732585907,3.7899999618530273,2.109999895095825,168,761.1751274509537,77.5327261,12.946941
1765984866935493400,2039.3304934082032,18.432559967041016,0.5626659393310547,0.935417652130127,3.7899999618530273,1.9500000476837158,180,761.1501159361529,77.5327261,12.9469226
1765984867935375400,2040.3303752441407,21.322124481201172,0.5951188802719116,0.9415484666824341,3.7899999618530273,1.7699999809265137,193,761.1341995555164,77.5327221,12.9469062
1765984868936199000,2041.3311989746094,24.150463104248047,0.6205703020095825,0.9465701580047607,3.7899999618530273,1.6200000047683716,203,761.1160094422872,77.5327138,12.946891
1765984869935934700,2042.330934814453,33.63603591918945,0.9042518734931946,0.9632256627082825,3.7899999618530273,1.6299999952316284,187,761.1023668826147,77.5327024,12.9468787
1765984870935541000,2043.330541015625,40.868465423583984,0.8537286520004272,0.9809858202934265,3.7899999618530273,1.0199999809265137,233,761.1099113507063,77.5326945,12.9468733
1765984871935345200,2044.3303452148436,36.510841369628906,0.6018866300582886,0.9900047183036804,3.7899999618530273,0.6700000166893005,250,761.1099113507063,77.5326851,12.9468697
1765984872936032300,2045.3310322265625,23.25951385498047,0.6057103872299194,0.9915569424629211,3.7899999618530273,0.7699999809265137,249,761.0939950836904,77.5326753,12.9468674
1765984873935873300,2046.3308732910157,0,0.07365443557500839,0.9980891346931458,3.7899999618530273,0,0,761.0621626380256,77.5326667,12.9468657
1765984874935324200,2047.33032421875,0,0.07077842205762863,0.9955757856369019,3.7899999618530273,0,0,761.0006582517475,77.5326665,12.9468623
1765984875934751500,2048.329751464844,0,0.07068121433258057,0.9119703769683838,3.7899999618530273,0,0,760.9733735435893,77.5326677,12.9468624
1765984876936169000,2049.3311689453126,0,0.07068047672510147,0.9727425575256348,3.7899999618530273,0,0,760.9369940673686,77.5326689,12.9468602
1765984877936269300,2050.3312692871095,0,0.07069388777017593,1.0297235250473022,3.7899999618530273,0,0,760.9119832667346,77.5326701,12.9468592
1765984878935472600,2051.33047265625,0,0.07069491595029831,1.0386109352111816,3.7899999618530273,0,0,760.8756040502036,77.5326709,12.9468587
1765984879935919600,2052.3309196777345,0,0.07069443166255951,1.045168399810791,3.7899999618530273,0,0,760.8596881913625,77.53267,12.946859
1765984880935527700,2053.3305275878906,0,0.07069427520036697,1.0613149404525757,3.7899999618530273,0,0,760.8506503340789,77.5326708,12.9468584
1765984881935367000,2054.3303669433594,0,0.07069350779056549,1.0108336210250854,3.7899999618530273,0,0,760.8370082180485,77.5326709,12.9468583
1765984882935403500,2055.3304035644533,0,0.07069425284862518,1.0215939283370972,3.7899999618530273,0,0,760.8301871681492,77.5326704,12.9468589
1765984883935679200,2056.3306791992186,0,0.0706944689154625,0.8857986927032471,3.7899999618530273,0,0,760.9173076719961,77.5326698,12.9468597
1765984884934904300,2057.329904296875,0,0.07069401443004608,0.8996095657348633,3.7899999618530273,0,0,760.9195813546945,77.5326697,12.9468598
1765984885935309600,2058.3303095703127,0,0.07069480419158936,0.8847382664680481,3.7899999618530273,0,0,760.9837369791796,77.5326696,12.9468599
1765984886935932700,2059.3309326171875,0,0.070694200694561,0.845700204372406,3.7899999618530273,0,0,760.9769159292804,77.5326696,12.9468599
1765984887935996000,2060.3309958496093,0,0.07069568336009979,0.9381892681121826,3.7899999618530273,0,0,760.8462736878586,77.5326691,12.94686
1765984888935854300,2061.3308542480468,0,0.07069407403469086,0.9401319026947021,3.7899999618530273,0,0,760.8440000069627,77.532669,12.94686
1765984889935672300,2062.3306723632813,0,0.07069387286901474,0.9476815462112427,3.7899999618530273,0,0,760.8462736878586,77.5326689,12.94686
1765984890935602000,2063.3306018066405,0,0.07069425284862518,0.933958113193512,3.7899999618530273,0,0,760.7935425543496,77.5326689,12.94686
1765984891935412500,2064.330412597656,0,0.0706954076886177,0.9420965909957886,3.7899999618530273,0,0,760.8113307650341,77.532669,12.9468599
1765984892935508000,2065.3305080566406,0,0.07069560140371323,0.9333187937736511,3.7899999618530273,0,0,760.806783403844,77.532669,12.9468599
1765984893935291000,2066.330290771484,0,0.07714305073022842,0.9028984904289246,3.7899999618530273,0,0,760.8022360450581,77.5326687,12.9468599
1765984894934344400,2067.3293444824217,0,0.07064681500196457,0.9093745350837708,3.7899999618530273,0,0,760.7931413347001,77.5326686,12.9468599
1765984895935268000,2068.3302680664065,0,0.09710465371608734,0.91478431224823,3.7899999618530273,0,0,760.7840466339617,77.5326686,12.9468599
1765984896935895600,2069.3308955078123,0,0.07064741849899292,0.9309635758399963,3.7899999618530273,0,0,760.7908676586142,77.5326686,12.9468599
1765984897935790300,2070.330790283203,0,0.07067885994911194,0.9488970041275024,3.7899999618530273,0,0,760.8143283408239,77.5326686,12.9468599
1765984898935202800,2071.3302028808594,0,0.07067777961492538,0.9575847387313843,3.7899999618530273,0,0,760.8211493726901,77.5326687,12.9468599
1765984899936127700,2072.331127685547,0,0.07067831605672836,0.9212273359298706,3.7899999618530273,0,0,760.8211493726901,77.5326683,12.9468599
1765984900935632000,2073.3306318359373,0,0.07068340480327606,0.9150848388671875,3.7899999618530273,0,0,760.8233091960465,77.5326683,12.9468599
1765984901935431400,2074.3304313964845,0,0.07069649547338486,0.9231011271476746,3.7899999618530273,0,0,760.8233091960465,77.5326683,12.9468599
1765984902935484400,2075.330484375,0,0.07069500535726547,0.9318990111351013,3.7899999618530273,0,0,760.8437723619761,77.5326683,12.9468599
1765984903934377200,2076.329377197266,0,0.07069480419158936,0.9983252882957458,3.7899999618530273,0,0,760.8392249875615,77.5326683,12.9468598
1765984904935939000,2077.330938964844,0,0.07069471478462219,1.0101960897445679,3.7899999618530273,0,0,760.8483197387949,77.5326683,12.9468598
1765984905935619600,2078.3306196289063,0,0.0706949532032013,1.0190505981445312,3.7899999618530273,0,0,760.8483197387949,77.5326679,12.9468599
1765984906936081400,2079.331081298828,0,0.07069449126720428,1.0361090898513794,3.7899999618530273,0,0,760.8414986744681,77.5326678,12.9468599
1765984907935070000,2080.3300700683594,0,0.07069458067417145,1.0235220193862915,3.7899999618530273,0,0,760.8551977108976,77.5326678,12.9468599
1765984908936059100,2081.331059082031,0,0.07069528102874756,1.030464768409729,3.7899999618530273,0,0,760.8461029596642,77.5326678,12.9468598
1765984909935703000,2082.330703125,0,0.07069449871778488,1.0416145324707031,3.7899999618530273,0,0,760.8415555876551,77.5326678,12.9468598
1765984910936086000,2083.3310859375,0,0.07069633901119232,0.8742332458496094,3.7899999618530273,0,0,760.8576421013516,77.5326676,12.9468599
1765984911936107500,2084.331107421875,0,0.07069496810436249,0.8676196932792664,3.7899999618530273,0,0,760.8415555876551,77.5326674,12.94686
1765984912935705000,2085.330705078125,0,0.07069437950849533,0.8683770895004272,3.7899999618530273,0,0,760.8485473693538,77.5326674,12.94686
1765984913936024300,2086.3310244140625,0,0.07069599628448486,0.9434100389480591,3.7899999618530273,0,0,760.8462736878586,77.5326674,12.94686
1765984914935948000,2087.3309479980467,0,0.07069786638021469,0.9572005867958069,3.7899999618530273,0,0,760.8371789678826,77.5326674,12.94686
1765984915936265700,2088.331265625,0,0.07069507986307144,0.959947943687439,3.7899999618530273,0,0,760.8440000069627,77.5326674,12.9468599
1765984916935671600,2089.3306716308593,0,0.07069532573223114,0.9105654954910278,3.7899999618530273,0,0,760.7958162358449,77.5326672,12.94686
1765984917935459000,2090.330458984375,0,0.07069620490074158,0.9100509285926819,3.7899999618530273,0,0,760.7935425543496,77.532667,12.9468601
1765984918935520300,2091.330520263672,0,0.07069717347621918,0.9085419178009033,3.7899999618530273,0,0,760.8090570841382,77.5326669,12.94686
1765984919935786800,2092.3307868652346,0,0.0706978440284729,0.9073541164398193,3.7899999618530273,0,0,760.7546051492862,77.5326669,12.94686
1765984920935759400,2093.3307592773435,0,0.0706988051533699,0.9140114188194275,3.7899999618530273,0,0,760.7500577905004,77.5326669,12.94686
1765984921935371800,2094.330371826172,0,0.07069939374923706,0.9204565286636353,3.7899999618530273,0,0,760.7500577905004,77.5326669,12.94686
1765984922935308000,2095.3303081054687,0,0.07070041447877884,0.9127030968666077,3.7899999618530273,0,0,760.8325177711579,77.5326667,12.9468601
1765984923936047000,2096.3310471191407,0,0.07069738954305649,0.9236240983009338,3.7899999618530273,0,0,760.8393388174501,77.5326665,12.9468601
1765984924935714600,2097.3307145996096,0,0.07069598883390427,0.9315207600593567,3.7899999618530273,0,0,760.8507072399616,77.5326664,12.9468601
1765984925935304700,2098.3303046875,0,0.07069775462150574,0.9378449320793152,3.7899999618530273,0,0,760.8529809262667,77.5326664,12.9468601
1765984926934820400,2099.3298203125,0,0.07068955153226852,0.9423556327819824,3.7899999618530273,0,0,760.8507072399616,77.5326664,12.9468601
1765984927935902500,2100.33090234375,0,0.07069574296474457,0.9359406232833862,3.7899999618530273,0,0,760.8369513012564,77.5326664,12.9468601
1765984928936128300,2101.3311281738283,0,0.07069868594408035,0.9077154397964478,3.7899999618530273,0,0,760.8369513012564,77.5326662,12.9468601
1765984929935030800,2102.3300307617187,0,0.07069623470306396,0.9668680429458618,3.7899999618530273,0,0,760.8346776155523,77.532666,12.9468602
1765984930935814000,2103.330813964844,0,0.07069481164216995,1.0217902660369873,3.7899999618530273,0,0,760.8392249875615,77.532666,12.9468602
1765984931935899100,2104.330899169922,0,0.07069682329893112,1.029189109802246,3.7899999618530273,0,0,760.8414986744681,77.532666,12.9468602
1765984932935931400,2105.330931396484,0,0.07069770991802216,1.0370433330535889,3.7899999618530273,0,0,760.8437723619761,77.532666,12.9468602
1765984933935846000,2106.3308459472655,0,0.0706988126039505,1.0448516607284546,3.7899999618530273,0,0,760.8597450901221,77.532666,12.9468602
1765984934936167200,2107.331167236328,0,0.07069694250822067,1.002277135848999,3.7899999618530273,0,0,760.8597450901221,77.5326658,12.9468602
1765984935935547400,2108.3305473632813,0,0.07069719582796097,1.0122201442718506,3.7899999618530273,0,0,760.8597450901221,77.5326657,12.9468602
1765984936935394000,2109.3303940429687,0,0.07069879025220871,0.8851014971733093,3.7899999618530273,0,0,760.8711135487007,77.5326656,12.9468602
1765984937936114400,2110.331114501953,0,0.07069547474384308,0.8909406065940857,3.7899999618530273,0,0,760.8961242104721,77.5326656,12.9468603
1765984938934954800,2111.329954833984,0,0.07069626450538635,0.8934334516525269,3.7899999618530273,0,0,760.9074927171407,77.5326656,12.9468603
1765984939935984600,2112.3309846191405,0,0.07069586962461472,0.8527898192405701,3.7899999618530273,0,0,760.9281266004439,77.5326656,12.9468603
1765984940935534800,2113.330534912109,0,0.07069771736860275,0.9155351519584656,3.7899999618530273,0,0,760.8822165781506,77.5326653,12.9468603
1765984941936000000,2114.331,0,0.07069642841815948,0.9184979200363159,3.7899999618530273,0,0,760.875395466935,77.5326651,12.9468603
1765984942935923200,2115.330923095703,0,0.0706961452960968,0.9243680238723755,3.7899999618530273,0,0,760.8503847721006,77.5326651,12.9468603
1765984943934452500,2116.3294523925783,0,0.07069725543260574,0.9282945394515991,3.7899999618530273,0,0,760.8390162984949,77.5326651,12.9468604
1765984944935543300,2117.3305432128905,0,0.07069827616214752,0.9280252456665039,3.7899999618530273,0,0,760.8321952215431,77.5326651,12.9468604
1765984945935597600,2118.33059765625,0,0.07069719582796097,0.9222699999809265,3.7899999618530273,0,0,760.8299215304298,77.5326651,12.9468604
1765984946936099000,2119.3310991210938,0,0.0706975907087326,0.8873418569564819,3.7899999618530273,0,0,760.7818893524918,77.5326646,12.9468605
1765984947935750400,2120.3307504882814,0,0.07069804519414902,0.8937779664993286,3.7899999618530273,0,0,760.7682472400684,77.5326645,12.9468606
1765984948935944700,2121.330944824219,0,0.07069773972034454,0.9273684620857239,3.7899999618530273,0,0,760.8370651347517,77.5326645,12.9468606
1765984949935821300,2122.3308212890624,0,0.07069844752550125,0.9310911297798157,3.7899999618530273,0,0,760.8461598691536,77.5326646,12.9468606
1765984950935858700,2123.3308586425783,0,0.07069874554872513,0.9421554207801819,3.7899999618530273,0,0,760.8416125007499,77.5326646,12.9468606
1765984951936196400,2124.3311962890625,0,0.07069873064756393,0.9499310851097107,3.7899999618530273,0,0,760.8529809262667,77.5326646,12.9468606
1765984952935477000,2125.330477050781,0,0.07069830596446991,0.9161219596862793,3.7899999618530273,0,0,760.8575283006813,77.5326644,12.9468606
1765984953935222000,2126.330221923828,0,0.07069847732782364,0.9096800684928894,3.7899999618530273,0,0,760.8392249875615,77.5326643,12.9468607
1765984954936088600,2127.331088623047,0,0.07069890201091766,0.9175089597702026,3.7899999618530273,0,0,760.8414986744681,77.5326643,12.9468607
1765984955934797000,2128.3297971191405,0,0.07069889456033707,0.9269660711288452,3.7899999618530273,0,0,760.8392249875615,77.5326643,12.9468607
1765984956935604700,2129.330604736328,0,0.07069889456033707,0.9851263761520386,3.7899999618530273,0,0,760.8619618836786,77.5326643,12.9468607
1765984957935821300,2130.3308212890624,0,0.0706987977027893,1.038670539855957,3.7899999618530273,0,0,760.8733303542806,77.5326643,12.9468607
1765984958935849500,2131.3308493652344,0,0.07070017606019974,1.0020502805709839,3.7899999618530273,0,0,760.7632060844551,77.5326639,12.9468608
1765984959938568400,2132.333568359375,0,0.07073693722486496,1.010144591331482,3.7899999618530273,0,0,760.7356557608782,77.5326638,12.9468609
1765984960934740200,2133.329740234375,0,0.07069230079650879,1.0142326354980469,3.7899999618530273,0,0,760.9120401240169,77.5326638,12.9468609
1765984961934703400,2134.3297033691406,0,0.07070156931877136,1.0154447555541992,3.7899999618530273,0,0,760.7652139016603,77.5326638,12.9468609
1765984962934358500,2135.329358642578,0,0.0706910789012909,1.030245304107666,3.7899999618530273,0,0,760.9370509048126,77.5326638,12.9468609
1765984963936094000,2136.3310939941407,0,0.07070152461528778,0.9027863144874573,3.7899999618530273,0,0,760.950693179541,77.5326638,12.9468609
1765984964935232300,2137.330232177734,0,0.07070185244083405,0.857374370098114,3.7899999618530273,0,0,760.9552406092588,77.5326636,12.9468609
1765984965935129900,2138.3301298828123,0,0.07070280611515045,0.8270184993743896,3.7899999618530273,0,0,760.934511943869,77.5326635,12.9468609
1765984966935272700,2139.330272705078,0,0.070702463388443,0.9304346442222595,3.7899999618530273,0,0,760.932238225704,77.5326635,12.9468609
1765984967936117800,2140.331117675781,0,0.07070352882146835,0.9339506030082703,3.7899999618530273,0,0,760.934511943869,77.5326635,12.9468609
1765984968935260400,2141.3302604980468,0,0.07070311158895493,0.9371293783187866,3.7899999618530273,0,0,760.932238225704,77.5326636,12.9468609
1765984969935960600,2142.3309606933594,0,0.07070339471101761,0.9440545439720154,3.7899999618530273,0,0,760.932238225704,77.5326636,12.9468609
1765984970935939000,2143.330938964844,0,0.07070249319076538,0.9024490118026733,3.7899999618530273,0,0,760.9072273655582,77.5326633,12.9468609
1765984971935697200,2144.330697265625,0,0.0707448422908783,0.8969454169273376,3.7899999618530273,0,0,760.9004062345062,77.5326633,12.9468609
1765984972935562000,2145.330562011719,0,0.08281754702329636,0.912361741065979,3.7899999618530273,0,0,760.866016190633,77.5326633,12.9468609
1765984973935425800,2146.33042578125,0,0.07062171399593353,0.9070620536804199,3.7899999618530273,0,0,760.8546476509023,77.5326633,12.9468609
1765984974934843100,2147.3298430175782,20.148908615112305,0.6443437933921814,0.9136165380477905,3.7899999618530273,0.38999998569488525,326,760.8364580185907,77.5326632,12.9468621
1765984975935219000,2148.3302189941405,0,0.0706225335597992,0.9284878969192505,3.7899999618530273,0,0,760.8273062919811,77.5326671,12.946862
1765984976935125200,2149.3301252441406,0,0.07068835198879242,0.9056556224822998,3.7899999618530273,0,0,760.8136640966032,77.5326695,12.9468622
1765984977935467000,2150.3304670410157,0,0.07068337500095367,0.9131933450698853,3.7899999618530273,0,0,760.7886534612808,77.5326699,12.9468621
1765984978936138500,2151.3311384277345,0,0.07078666985034943,0.9191015362739563,3.7899999618530273,0,0,760.7704639540043,77.5326709,12.9468621
1765984979936076500,2152.331076660156,0,0.07067985832691193,0.9240091443061829,3.7899999618530273,0,0,760.7590955314928,77.5326714,12.9468614
1765984980935571500,2153.330571533203,0,0.07068300992250443,0.9287798404693604,3.7899999618530273,0,0,760.811940791568,77.5326722,12.9468612
1765984981934870300,2154.329870361328,0,0.07069054245948792,0.9290571808815002,3.7899999618530273,0,0,760.7204430073645,77.5326717,12.9468614
1765984982935207200,2155.3302072753904,0,0.07069848477840424,0.9500474333763123,3.7899999618530273,0,0,760.7298037138446,77.5326714,12.946862
1765984983935140000,2156.330140136719,0,0.07069895416498184,0.9621991515159607,3.7899999618530273,0,0,760.7229827162404,77.5326719,12.9468619
1765984984935880000,2157.3308798828125,0,0.07069552689790726,1.0076713562011719,3.7899999618530273,0,0,759,77.5326725,12.9468622
1765984985936037000,2158.331037109375,0,0.07069771736860275,1.0148792266845703,3.7899999618530273,0,0,759,77.5326729,12.9468624
1765984986934162000,2159.3291618652343,0,0.07069768011569977,1.0221588611602783,3.7899999618530273,0,0,759,77.5326732,12.9468618
1765984987935201300,2160.330201171875,0,0.07069610804319382,0.9819192290306091,3.7899999618530273,0,0,759,77.5326736,12.9468613
1765984988935610000,2161.3306101074218,0,0.07070271670818329,0.9903420209884644,3.7899999618530273,0,0,759,77.5326734,12.9468613
1765984989935875300,2162.3308752441408,0,0.07070016860961914,0.8855211138725281,3.7899999618530273,0,0,759,77.5326734,12.9468612
1765984990935367000,2163.3303669433594,0,0.07071024924516678,0.8771682381629944,3.7899999618530273,0,0,759,77.5326734,12.9468612
1765984991935689000,2164.330688964844,0,0.07070310413837433,0.8816860318183899,3.7899999618530273,0,0,759,77.5326734,12.9468612
1765984992936073000,2165.3310729980467,0,0.07069823145866394,0.8416903018951416,3.7899999618530273,0,0,759,77.5326734,12.9468612
1765984993934722600,2166.32972265625,0,0.07069934904575348,0.8881499767303467,3.7899999618530273,0,0,759,77.5326731,12.9468613
1765984994936001300,2167.331001220703,0,0.07070548087358475,0.891451358795166,3.7899999618530273,0,0,759,77.5326729,12.9468614
1765984995935172900,2168.3301728515626,0,0.07070264220237732,0.9200168251991272,3.7899999618530273,0,0,759,77.5326729,12.9468614
1765984996934480000,2169.329479980469,0,0.07071017473936081,0.921850323677063,3.7899999618530273,0,0,759,77.5326728,12.9468614
1765984997935240200,2170.330240234375,0,0.0707024559378624,0.9225848913192749,3.7899999618530273,0,0,759,77.5326728,12.9468614
1765984998935911200,2171.3309111328126,0,0.070704385638237,0.9162507057189941,3.7899999618530273,0,0,759,77.5326728,12.9468614
1765984999934515200,2172.329515136719,0,0.07070736587047577,0.8708865642547607,3.7899999618530273,0,0,759,77.5326726,12.9468614
1765985000935571000,2173.3305710449217,0,0.07070000469684601,0.8667899966239929,3.7899999618530273,0,0,759,77.5326724,12.9468614
1765985001935946200,2174.3309462890625,0,0.07070412486791611,0.8717776536941528,3.7899999618530273,0,0,759,77.5326724,12.9468614
1765985002936087600,2175.3310876464843,0,0.07069921493530273,0.8939067721366882,3.7899999618530273,0,0,759,77.5326723,12.9468615
1765985003936145400,2176.3311455078124,0,0.07071448862552643,0.9052254557609558,3.7899999618530273,0,0,759,77.5326723,12.9468614
1765985004935576300,2177.3305764160154,0,0.07069993764162064,0.9106571674346924,3.7899999618530273,0,0,759,77.5326724,12.9468614
1765985005936243700,2178.331243652344,0,0.07070290297269821,0.8594796657562256,3.7899999618530273,0,0,759,77.5326722,12.9468615
1765985006935266000,2179.330266113281,0,0.07076659053564072,0.857507050037384,3.7899999618530273,0,0,759,77.532672,12.9468615
1765985007936284000,2180.3312839355467,0,0.07070165127515793,0.8629226088523865,3.7899999618530273,0,0,759,77.532672,12.9468615
1765985008935902000,2181.3309018554687,0,0.0707027018070221,0.8738139271736145,3.7899999618530273,0,0,759,77.532672,12.9468615
1765985009934257000,2182.3292568359375,0,0.07070507854223251,0.9212563037872314,3.7899999618530273,0,0,759,77.532672,12.9468615
1765985010935645700,2183.330645751953,0,0.07069304585456848,0.9492652416229248,3.7899999618530273,0,0,759,77.532672,12.9468615
1765985011935423700,2184.330423828125,0,0.07070617377758026,0.9133745431900024,3.7899999618530273,0,0,759,77.5326718,12.9468615
1765985012936073500,2185.331073486328,0,0.07069884240627289,0.9124320149421692,3.7899999618530273,0,0,759,77.5326718,12.9468615
1765985013934536200,2186.3295361328123,0,0.07069926708936691,0.9208961725234985,3.7899999618530273,0,0,759,77.5326718,12.9468615
1765985014936388400,2187.3313884277345,0,0.0706993043422699,0.91765296459198,3.7899999618530273,0,0,759,77.5326717,12.9468615
1765985015936033500,2188.331033447266,0,0.0706995502114296,0.9241822361946106,3.7899999618530273,0,0,759,77.5326717,12.9468615
1765985016935799800,2189.3307998046876,0,0.07069983333349228,0.8401216864585876,3.7899999618530273,0,0,759,77.5326717,12.9468616
1765985017935623200,2190.330623046875,0,0.07069771736860275,0.7996551990509033,3.7899999618530273,0,0,759,77.5326714,12.9468616
1765985018934452000,2191.329451904297,0,0.07070039212703705,0.7804773449897766,3.7899999618530273,0,0,759,77.5326713,12.9468616
1765985019936028000,2192.3310278320314,0,0.07069990783929825,0.769830584526062,3.7899999618530273,0,0,759,77.5326713,12.9468616
1765985020935628000,2193.3306279296876,0,0.0707068145275116,0.8307441473007202,3.7899999618530273,0,0,759,77.5326713,12.9468616
1765985021934726400,2194.3297263183595,0,0.07070178538560867,0.8444093465805054,3.7899999618530273,0,0,759,77.5326713,12.9468617
1765985022936147500,2195.3311474609377,0,0.07069949805736542,0.8317879438400269,3.7899999618530273,0,0,759,77.5326712,12.9468617
1765985023935904500,2196.3309045410156,0,0.07069788873195648,0.8041777014732361,3.7899999618530273,0,0,759,77.5326709,12.9468618
1765985024934429200,2197.329429199219,0,0.07069692015647888,0.7916178703308105,3.7899999618530273,0,0,759,77.5326709,12.9468618
1765985025934550500,2198.3295505371093,0,0.07069718837738037,0.8011785745620728,3.7899999618530273,0,0,759,77.5326709,12.9468618
1765985026934832000,2199.32983203125,0,0.07070080935955048,0.8044050335884094,3.7899999618530273,0,0,759,77.5326709,12.9468618
1765985027935534000,2200.3305341796877,0,0.07069704681634903,0.8105201125144958,3.7899999618530273,0,0,759,77.5326709,12.9468618
1765985028935302400,2201.3303024902343,0,0.07070039957761765,0.7893064618110657,3.7899999618530273,0,0,759,77.5326708,12.9468618
1765985029935775700,2202.330775634766,0,0.07069534808397293,0.8008878231048584,3.7899999618530273,0,0,759,77.5326707,12.9468618
1765985030935432200,2203.330432128906,0,0.07069973647594452,0.7992146015167236,3.7899999618530273,0,0,759,77.5326706,12.9468618
1765985031935647200,2204.330647216797,0,0.0707007348537445,0.8059688806533813,3.7899999618530273,0,0,759,77.5326707,12.9468618
1765985032935658500,2205.3306584472657,0,0.0707230195403099,0.8113592863082886,3.7899999618530273,0,0,759,77.5326707,12.9468618
1765985033935522000,2206.3305219726562,0,0.07069697976112366,0.813819408416748,3.7899999618530273,0,0,759,77.5326708,12.9468618
1765985034934478300,2207.3294782714843,0,0.07069845497608185,0.791505753993988,3.7899999618530273,0,0,759,77.5326707,12.9468618
1765985035935625700,2208.330625732422,0,0.07069762796163559,0.8268994092941284,3.7899999618530273,0,0,759,77.5326706,12.9468618
1765985036935510800,2209.3305107421875,0,0.07069796323776245,0.8299789428710938,3.7899999618530273,0,0,759,77.5326706,12.9468618
1765985037934227200,2210.329227294922,0,0.0706978589296341,0.854486346244812,3.7899999618530273,0,0,759,77.5326706,12.9468618
1765985038935981800,2211.3309819335936,0,0.07069758325815201,0.8641300201416016,3.7899999618530273,0,0,759,77.5326706,12.9468618
1765985039936147000,2212.3311469726564,0,0.07162851840257645,0.8713301420211792,3.7899999618530273,0,0,759,77.5326706,12.9468618
1765985040934395600,2213.329395751953,0,0.7677600979804993,0.8329403400421143,3.7899999618530273,0,0,759,77.5326692,12.9468627
1765985041935402800,2214.3304028320313,0,0.07138239592313766,0.8398529887199402,3.7899999618530273,0,0,759,77.5326701,12.9468642
1765985042935305200,2215.330305175781,0,0.060086850076913834,0.8246780633926392,3.7899999618530273,0,0,759,77.532672,12.9468635
1765985043935575300,2216.3305751953126,0,0.06971513479948044,0.754777193069458,3.7899999618530273,0,0,759,77.5326721,12.9468626
1765985044935324000,2217.330323974609,0,0.07237032055854797,0.7599830627441406,3.7899999618530273,0,0,759,77.5326719,12.9468622
1765985045934393300,2218.329393310547,0,0.07059600204229355,0.7403229475021362,3.7899999618530273,0,0,759,77.5326722,12.9468635
1765985046935660000,2219.3306599121092,0,0.07068170607089996,0.7644045948982239,3.7899999618530273,0,0,759,77.5326708,12.946863
1765985047934724000,2220.329724121094,0,0.07081682980060577,0.7690989375114441,3.7899999618530273,0,0,759,77.5326713,12.9468642
1765985048935691500,2221.33069140625,0,0.1098845824599266,0.7792094349861145,3.7899999618530273,0,0,759,77.5326714,12.9468641
1765985049935719200,2222.3307192382813,0,0.07065808027982712,0.7892140746116638,3.7899999618530273,0,0,759,77.5326711,12.9468641
1765985050934559500,2223.3295595703125,0,0.07068097591400146,0.7916454672813416,3.7899999618530273,0,0,759,77.5326713,12.9468639
1765985051934419200,2224.3294191894533,0,0.07068552076816559,0.768955409526825,3.7899999618530273,0,0,759,77.5326711,12.946864
1765985052934977300,2225.3299772949217,0,0.10079745948314667,0.7558087110519409,3.7899999618530273,0,0,759,77.5326711,12.9468639
1765985053934377000,2226.329376953125,0,0.07068146765232086,0.7628645300865173,3.7899999618530273,0,0,759,77.5326711,12.9468642
1765985054936088600,2227.331088623047,0,0.07068097591400146,0.7684062123298645,3.7899999618530273,0,0,759,77.5326709,12.9468644
1765985055935916800,2228.330916748047,0,0.07069693505764008,0.7786774635314941,3.7899999618530273,0,0,759,77.5326708,12.9468645
1765985056935144700,2229.3301447753906,0,0.07069654017686844,0.7911620140075684,3.7899999618530273,0,0,759,77.5326707,12.9468645
1765985057936083700,2230.3310837402346,0,0.07042097300291061,0.749383270740509,3.7899999618530273,0,0,759,77.5326705,12.9468645
1765985058934307000,2231.3293071289063,0,0.07069666683673859,0.7543399333953857,3.7899999618530273,0,0,759,77.5326703,12.9468644
1765985059935870500,2232.330870361328,0,0.07069731503725052,0.7590771317481995,3.7899999618530273,0,0,759,77.5326702,12.9468644
1765985060936053200,2233.3310532226565,0,0.07069995254278183,0.7634338736534119,3.7899999618530273,0,0,759,77.5326702,12.9468644
1765985061934580700,2234.3295808105468,0,0.07606291025876999,0.7785390615463257,3.7899999618530273,0,0,759,77.5326702,12.9468644
1765985062935891500,2235.330891357422,0,0.07068502902984619,0.805971086025238,3.7899999618530273,0,0,759,77.5326702,12.9468644
1765985063935820000,2236.3308200683596,0,0.07069579511880875,0.7791715264320374,3.7899999618530273,0,0,759,77.5326699,12.9468644
1765985064934906000,2237.3299060058594,0,0.07069648802280426,0.7886673212051392,3.7899999618530273,0,0,759,77.5326698,12.9468644
1765985065936001300,2238.331001220703,0,0.07069702446460724,0.7884892821311951,3.7899999618530273,0,0,759,77.5326698,12.9468644
1765985066934954200,2239.3299543457033,0,0.07069560140371323,0.7983191609382629,3.7899999618530273,0,0,759,77.5326698,12.9468644
1765985067934307600,2240.3293076171876,0,0.07069551944732666,0.8014798164367676,3.7899999618530273,0,0,759,77.5326698,12.9468644
1765985068936067800,2241.3310678710936,0,0.07069586217403412,0.8129375576972961,3.7899999618530273,0,0,759,77.5326698,12.9468644
1765985069935655000,2242.330655029297,0,0.07069595158100128,0.7108590602874756,3.7899999618530273,0,0,759,77.5326695,12.9468644
1765985070935170800,2243.3301708984377,0,0.07069537788629532,0.7168362736701965,3.7899999618530273,0,0,759,77.5326694,12.9468645
1765985071936121900,2244.331121826172,0,0.07069738954305649,0.7239159941673279,3.7899999618530273,0,0,759,77.5326693,12.9468645
1765985072935467500,2245.330467529297,0,0.07069538533687592,0.7108761668205261,3.7899999618530273,0,0,759,77.5326693,12.9468645
1765985073935065300,2246.3300654296877,0,0.12094423919916153,0.7539774179458618,3.7899999618530273,0,0,759,77.5326693,12.9468645
1765985074935252200,2247.3302521972655,0,0.08540212363004684,0.7520045042037964,3.7899999618530273,0,0,759,77.5326693,12.9468644
1765985075935168000,2248.33016796875,0,0.07068051397800446,0.7625117301940918,3.7899999618530273,0,0,759,77.5326692,12.9468644
1765985076935257600,2249.3302575683592,0,0.0711551308631897,0.7111198306083679,3.7899999618530273,0,0,759,77.532669,12.9468644
1765985077935248100,2250.330248046875,0,0.07069022953510284,0.7065815329551697,3.7899999618530273,0,0,759,77.5326689,12.9468644
1765985078935405600,2251.330405517578,0,0.07069544494152069,0.7225128412246704,3.7899999618530273,0,0,759,77.5326688,12.9468644
1765985079934660600,2252.329660644531,0,0.0706803947687149,0.7441141605377197,3.7899999618530273,0,0,759,77.5326688,12.9468644
1765985080934381300,2253.329381347656,0,0.07067824900150299,0.7508199214935303,3.7899999618530273,0,0,759,77.5326688,12.9468644
1765985081935479000,2254.3304790039065,0,0.07069404423236847,0.7601024508476257,3.7899999618530273,0,0,759,77.5326688,12.9468644
1765985082935163400,2255.330163330078,0,0.07069392502307892,0.7239055633544922,3.7899999618530273,0,0,759,77.5326684,12.9468645
1765985083936180200,2256.3311801757814,0,0.07069426774978638,0.7283024787902832,3.7899999618530273,0,0,759,77.5326683,12.9468645
1765985084934377000,2257.329376953125,0,0.07069537788629532,0.7381324768066406,3.7899999618530273,0,0,759,77.5326683,12.9468645
1765985085934244900,2258.3292448730467,0,0.07157286256551743,0.738884687423706,3.7899999618530273,0,0,759,77.5326682,12.9468645
1765985086936064300,2259.3310642089846,0,0.0707426518201828,0.7430201172828674,3.7899999618530273,0,0,759,77.5326682,12.9468644
1765985087934381600,2260.329381591797,0,0.07067824900150299,0.7496364712715149,3.7899999618530273,0,0,759,77.5326682,12.9468644
1765985088935247600,2261.330247558594,0,0.07104393094778061,0.7278353571891785,3.7899999618530273,0,0,759,77.5326679,12.9468645
1765985089934377500,2262.3293774414065,0,0.07070201635360718,0.7452822327613831,3.7899999618530273,0,0,759,77.5326678,12.9468645
1765985090935271700,2263.3302717285155,0,0.07068005204200745,0.7332422137260437,3.7899999618530273,0,0,759,77.5326677,12.9468645
1765985091934391300,2264.329391357422,0,0.07068155705928802,0.7646656036376953,3.7899999618530273,0,0,759,77.5326677,12.9468645
1765985092935827700,2265.330827636719,0,0.07069546729326248,0.7679837942123413,3.7899999618530273,0,0,759,77.5326676,12.9468645
1765985093935345000,2266.330344970703,0,0.07069600373506546,0.7325535416603088,3.7899999618530273,0,0,759,77.5326674,12.9468645
1765985094935660300,2267.3306604003906,0,0.07054335623979568,0.7419562935829163,3.7899999618530273,0,0,759,77.5326673,12.9468645
1765985095936108000,2268.3311079101563,5.057549953460693,0.5687987804412842,0.7453139424324036,3.7899999618530273,0.7300000190734863,254,759,77.5326602,12.9468625
1765985096934686200,2269.3296862792968,5.1313982009887695,0.5711042284965515,0.6985648274421692,3.7899999618530273,0.8799999952316284,255,759,77.5326508,12.9468597
1765985097934707700,2270.3297077636716,5.2942280769348145,0.6091664433479309,0.7094127535820007,3.7899999618530273,2.049999952316284,275,759,77.5326329,12.9468599
1765985098935132200,2271.3301320800783,5.514012813568115,0.5888463854789734,0.6973593831062317,3.7899999618530273,2.3399999141693115,291,759,77.5326118,12.946867
1765985099935915800,2272.3309157714843,5.652826309204102,0.5689488649368286,0.68808913230896,3.7899999618530273,2.299999952316284,298,759,77.5325925,12.9468779
1765985100936057000,2273.331057128906,5.974153995513916,0.6211448311805725,0.6947912573814392,3.7899999618530273,2.3299999237060547,305,759,77.5325758,12.9468925
1765985101935984400,2274.330984375,6.276405334472656,0.7557235360145569,0.7053488492965698,3.7899999618530273,2.430000066757202,308,759,77.5325593,12.9469099
1765985102934860500,2275.329860595703,6.610640525817871,0.8303154110908508,0.7130043506622314,3.7899999618530273,2.690000057220459,316,759,77.5325388,12.946929
1765985103934732000,2276.329731933594,6.809241771697998,0.6998047828674316,0.7223510146141052,3.7899999618530273,2.3499999046325684,311,759,77.5325187,12.9469472
1765985104935272400,2277.3302724609375,7.184929370880127,0.7299429178237915,0.7196758389472961,3.7899999618530273,1.7799999713897705,306,759,77.5325025,12.9469597
1765985105936125000,2278.331125,7.383071422576904,0.6785721778869629,0.7293023467063904,3.7899999618530273,1.7400000095367432,304,759,77.5324858,12.9469715
1765985106936039200,2279.3310390625,7.784128189086914,0.8043004870414734,0.7337750196456909,3.7899999618530273,1.7200000286102295,291,759,77.5324658,12.9469792
1765985107935924000,2280.3309240722656,8.036465644836426,0.5199134349822998,0.7391826510429382,3.7899999618530273,1.1200000047683716,286,759,77.532448,12.9469815
1765985108936085200,2281.331085205078,8.617843627929688,0.6104156970977783,0.7477514147758484,3.7899999618530273,0.7400000095367432,293,759,77.5324373,12.9469837
1765985109935594500,2282.330594482422,0,0.06975241750478745,0.7559077143669128,3.7899999618530273,0,0,759,77.5324298,12.9469853
1765985110934335500,2283.329335449219,0,0.07060102373361588,0.7658571600914001,3.7899999618530273,0,0,759,77.5324266,12.9469862
1765985111935922400,2284.3309223632814,0,0.07067687064409256,0.7081311345100403,3.7899999618530273,0,0,759,77.5324242,12.9469884
1765985112934682600,2285.3296826171877,0,0.07069511711597443,0.708990752696991,3.7899999618530273,0,0,759,77.5324226,12.9469872
1765985113934500000,2286.3295,0,0.07069363445043564,0.7121802568435669,3.7899999618530273,0,0,759,77.532422,12.9469867
1765985114934386700,2287.32938671875,0,0.07069328427314758,0.7182871699333191,3.7899999618530273,0,0,759,77.5324216,12.9469873
1765985115934397400,2288.3293974609373,0,0.07069393992424011,0.746233344078064,3.7899999618530273,0,0,759,77.5324221,12.9469873
1765985116935957800,2289.330957763672,0,0.07069391757249832,0.752554178237915,3.7899999618530273,0,0,759,77.5324224,12.9469876
1765985117934420700,2290.329420654297,0,0.07069409638643265,0.7303903698921204,3.7899999618530273,0,0,759,77.5324225,12.9469878
1765985118934387000,2291.3293869628906,0,0.0706939622759819,0.73575758934021,3.7899999618530273,0,0,759,77.5324225,12.9469875
1765985119934722600,2292.32972265625,0,0.07069376111030579,0.7391524910926819,3.7899999618530273,0,0,759,77.5324224,12.9469874
1765985120935657200,2293.3306572265624,0,0.07069431245326996,0.7425050139427185,3.7899999618530273,0,0,759,77.5324224,12.9469873
1765985121935431700,2294.330431640625,0,0.07069393992424011,0.7489302754402161,3.7899999618530273,0,0,759,77.5324223,12.9469873
1765985122934376400,2295.329376464844,0,0.070694200694561,0.7641903758049011,3.7899999618530273,0,0,759,77.5324223,12.9469874
1765985123936060200,2296.3310600585937,0,0.07069375365972519,0.6686325669288635,3.7899999618530273,0,0,759,77.5324223,12.9469874
1765985124935926500,2297.330926513672,0,0.07069379091262817,0.6826745271682739,3.7899999618530273,0,0,759,77.5324223,12.9469874
1765985125934964500,2298.3299645996094,0,0.07069431990385056,0.6697759628295898,3.7899999618530273,0,0,759,77.5324223,12.9469875
1765985126934727700,2299.329727783203,0,0.0706942081451416,0.7163688540458679,3.7899999618530273,0,0,759,77.5324224,12.9469875
1765985127935814000,2300.330813964844,0,0.07069428265094757,0.7128865122795105,3.7899999618530273,0,0,759,77.5324226,12.9469881
1765985128934736000,2301.3297358398436,0,0.07069382071495056,0.715709388256073,3.7899999618530273,0,0,759,77.5324227,12.9469882
1765985129936363500,2302.3313635253908,0,0.07071645557880402,0.6824617385864258,3.7899999618530273,0,0,759,77.5324227,12.9469883
1765985130934285000,2303.32928515625,0,0.07069507241249084,0.6839917898178101,3.7899999618530273,0,0,759,77.5324228,12.9469883
1765985131934449700,2304.3294497070315,0,0.07069388777017593,0.6877296566963196,3.7899999618530273,0,0,759,77.5324228,12.9469883
1765985132935883500,2305.330883544922,0,0.07069370895624161,0.6943833231925964,3.7899999618530273,0,0,759,77.5324228,12.9469883
1765985133935801600,2306.3308015136718,0,0.07069401443004608,0.7003383636474609,3.7899999618530273,0,0,759,77.5324227,12.9469883
1765985134936044500,2307.331044433594,0,0.0706937313079834,0.6683851480484009,3.7899999618530273,0,0,759,77.5324228,12.9469884
1765985135936090400,2308.331090332031,0,0.07069429010152817,0.6759831309318542,3.7899999618530273,0,0,759,77.5324228,12.9469884
1765985136935431400,2309.3304313964845,0,0.07069379091262817,0.694816529750824,3.7899999618530273,0,0,759,77.5324228,12.9469885
1765985137934544600,2310.3295446777342,0,0.07069489359855652,0.6987365484237671,3.7899999618530273,0,0,759,77.5324227,12.9469885
1765985138935925000,2311.3309250488282,0,0.07069479674100876,0.7050989866256714,3.7899999618530273,0,0,759,77.5324227,12.9469885
1765985139934932000,2312.3299318847658,0,0.07069441676139832,0.7108963131904602,3.7899999618530273,0,0,759,77.5324227,12.9469885
1765985140936088000,2313.3310881347657,0,0.07069474458694458,0.6749357581138611,3.7899999618530273,0,0,759,77.5324227,12.9469886
1765985141934644500,2314.32964453125,0,0.07069414108991623,0.6813494563102722,3.7899999618530273,0,0,759,77.5324227,12.9469886
1765985142934393900,2315.3293937988283,0,0.07069413363933563,0.6980072855949402,3.7899999618530273,0,0,759,77.5324227,12.9469886
1765985143935975700,2316.3309755859377,0,0.07069351524114609,0.7118673324584961,3.7899999618530273,0,0,759,77.5324227,12.9469887
1765985144934715400,2317.3297153320314,0,0.07069478183984756,0.726099967956543,3.7899999618530273,0,0,759,77.5324227,12.9469888
1765985145935568400,2318.330568359375,0,0.07069393247365952,0.7316921949386597,3.7899999618530273,0,0,759,77.5324227,12.9469889
1765985146934527200,2319.32952734375,0,0.07069424539804459,0.6959140300750732,3.7899999618530273,0,0,759,77.5324227,12.9469889
1765985147935788000,2320.3307880859375,0,0.07069473713636398,0.7031992077827454,3.7899999618530273,0,0,759,77.5324227,12.9469889
1765985148934707000,2321.32970703125,0,0.07069378346204758,0.7054946422576904,3.7899999618530273,0,0,759,77.5324226,12.9469889
1765985149934226200,2322.3292260742187,0,0.0707356333732605,0.7076970934867859,3.7899999618530273,0,0,759,77.5324227,12.9469889
1765985150935718100,2323.3307182617186,17.309925079345703,0.9050669074058533,0.6711629033088684,3.7899999618530273,0.2800000011920929,299,759,77.5324219,12.9469899
1765985151935667500,2324.330667480469,17.613117218017578,0.9372122883796692,0.6776359677314758,3.7899999618530273,0.8999999761581421,305,759,77.532417,12.9469972
1765985152936184000,2325.331184082031,17.91732406616211,0.6318206787109375,0.6528423428535461,3.7899999618530273,0.6600000262260437,304,758.3999633789062,77.5324121,12.9470025
1765985153934710000,2326.3297099609376,0,0.07020765542984009,0.6914559602737427,3.7899999618530273,0,0,758.3999633789062,77.5324124,12.9470054
1765985154935634700,2327.330634765625,0,0.0706779733300209,0.679013192653656,3.7899999618530273,0,0,758.3999633789062,77.5324116,12.94701
1765985155935037400,2328.3300373535158,0,0.07067843526601791,0.6874117255210876,3.7899999618530273,0,0,758.3999633789062,77.5324111,12.9470117
1765985156935699700,2329.3306997070313,0,0.07067839056253433,0.6934939026832581,3.7899999618530273,0,0,758.3999633789062,77.5324105,12.9470119
1765985157934303700,2330.3293037109374,0,0.07069502025842667,0.7011867761611938,3.7899999618530273,0,0,758.3999633789062,77.5324092,12.9470122
1765985158934721000,2331.3297209472657,0,0.07069556415081024,0.6592260003089905,3.7899999618530273,0,0,759,77.5324085,12.9470116
1765985159934409000,2332.329408935547,0,0.07069346308708191,0.6596781015396118,3.7899999618530273,0,0,759,77.532409,12.9470129
1765985160935876600,2333.3308767089843,0,0.070693738758564,0.6650470495223999,3.7899999618530273,0,0,759,77.532409,12.947012
1765985161936091600,2334.3310915527345,0,0.07069403678178787,0.6731659173965454,3.7899999618530273,0,0,759,77.5324072,12.9470118
1765985162935892700,2335.3308928222655,0,0.07069417089223862,0.6801298260688782,3.7899999618530273,0,0,759,77.5324074,12.9470115
1765985163935354000,2336.3303540039065,0,0.09794723242521286,0.6969550848007202,3.7899999618530273,0,0,759,77.5324072,12.9470118
1765985164935392000,2337.330392089844,0,0.07069417834281921,0.6661940813064575,3.7899999618530273,0,0,759,77.5324076,12.9470117
1765985165935425000,2338.330425048828,0,0.07069392502307892,0.6718705296516418,3.7899999618530273,0,0,759,77.5324076,12.9470116
1765985166935308000,2339.3303081054687,0,0.070693738758564,0.6774563193321228,3.7899999618530273,0,0,759,77.5324076,12.9470116
1765985167934697500,2340.3296975097655,0,0.07069413363933563,0.6835669279098511,3.7899999618530273,0,0,759,77.5324076,12.9470116
1765985168934331600,2341.3293315429687,0,0.07069378346204758,0.6891971230506897,3.7899999618530273,0,0,759,77.5324075,12.9470117
1765985169934776600,2342.3297766113283,0,0.07071853429079056,0.7048820853233337,3.7899999618530273,0,0,759,77.5324075,12.9470117
1765985170934328300,2343.3293283691405,0,0.07069383561611176,0.6803082227706909,3.7899999618530273,0,0,759,77.5324074,12.9470118
1765985171935047000,2344.330046875,0,0.07069406658411026,0.6936003565788269,3.7899999618530273,0,0,759,77.5324073,12.9470118
1765985172935087900,2345.330087890625,0,0.07069461792707443,0.6967626214027405,3.7899999618530273,0,0,759,77.5324071,12.9470119
1765985173935219500,2346.330219482422,0,0.0706954374909401,0.7029340267181396,3.7899999618530273,0,0,759,77.532407,12.947012
1765985174934645500,2347.3296455078125,0,0.07069504261016846,0.7097996473312378,3.7899999618530273,0,0,759,77.532407,12.947012
1765985175934920400,2348.3299204101563,0,0.07069391012191772,0.7125387787818909,3.7899999618530273,0,0,759,77.532407,12.947012
1765985176934348800,2349.329348876953,0,0.07072152197360992,0.671139657497406,3.7899999618530273,0,0,759,77.532407,12.947012
1765985177934510600,2350.329510498047,0,0.07069341838359833,0.6465309858322144,3.7899999618530273,0,0,759,77.532407,12.947012
1765985178934363100,2351.3293630371095,0,0.07069364190101624,0.6537980437278748,3.7899999618530273,0,0,759,77.532407,12.947012
1765985179935273500,2352.3302734375,0,0.07069415599107742,0.6672062277793884,3.7899999618530273,0,0,759,77.532407,12.9470121
1765985180935268000,2353.3302680664065,0,0.07069413363933563,0.6577157378196716,3.7899999618530273,0,0,759,77.5324069,12.9470121
1765985181934902500,2354.3299025878905,0,0.07069355249404907,0.6848859190940857,3.7899999618530273,0,0,759,77.5324069,12.9470121
1765985182936143600,2355.3311435546875,0,0.0706949457526207,0.6496635675430298,3.7899999618530273,0,0,759,77.5324069,12.9470121
1765985183934731000,2356.329730957031,0,0.07069345563650131,0.6527600288391113,3.7899999618530273,0,0,759,77.5324069,12.9470123
1765985184934726100,2357.329726074219,0,0.07069354504346848,0.6590207815170288,3.7899999618530273,0,0,759,77.5324069,12.9470124
1765985185935365600,2358.330365722656,0,0.07069375365972519,0.6634495854377747,3.7899999618530273,0,0,759,77.5324069,12.9470124
1765985186934389800,2359.3293896484374,0,0.07069357484579086,0.6640729308128357,3.7899999618530273,0,0,759,77.5324069,12.9470125
1765985187936091000,2360.3310908203125,0,0.07069362699985504,0.670221745967865,3.7899999618530273,0,0,759,77.5324068,12.9470125
1765985188934961700,2361.329961669922,0,0.07069358974695206,0.6377639770507812,3.7899999618530273,0,0,759,77.5324069,12.9470125
1765985189936094500,2362.331094482422,0,0.07069415599107742,0.6512508392333984,3.7899999618530273,0,0,759,77.5324069,12.9470124
1765985190935690000,2363.330689941406,0,0.07069394737482071,0.6574957370758057,3.7899999618530273,0,0,759,77.5324068,12.9470124
1765985191934237700,2364.329237792969,0,0.0706939771771431,0.6624758243560791,3.7899999618530273,0,0,759,77.5324068,12.9470125
1765985192934557200,2365.3295571289063,0,0.07069375365972519,0.6697866320610046,3.7899999618530273,0,0,759,77.5324068,12.9470126
1765985193936199400,2366.3311994628907,0,0.07069388777017593,0.6757564544677734,3.7899999618530273,0,0,759,77.5324068,12.9470126
1765985194934601000,2367.3296010742188,0,0.07069378346204758,0.6439736485481262,3.7899999618530273,0,0,759,77.5324068,12.9470126
1765985195934177500,2368.3291774902345,0,0.07069403678178787,0.6515716314315796,3.7899999618530273,0,0,759,77.5324068,12.9470126
1765985196935942700,2369.330942626953,0,0.07069438695907593,0.6647599935531616,3.7899999618530273,0,0,759,77.5324068,12.9470127
1765985197934243800,2370.3292438964845,0,0.07069367915391922,0.6701833009719849,3.7899999618530273,0,0,759,77.5324068,12.9470127
1765985198934749400,2371.3297495117185,0,0.07069402188062668,0.6792148351669312,3.7899999618530273,0,0,759,77.5324068,12.9470127
1765985199935060000,2372.330060058594,0,0.07071995735168457,0.6891493797302246,3.7899999618530273,0,0,759,77.5324068,12.9470127
1765985200935103000,2373.3301030273437,0,0.07069352269172668,0.661431610584259,3.7899999618530273,0,0,759,77.5324069,12.9470127
1765985201935545600,2374.3305456542967,0,0.07069440931081772,0.6648954749107361,3.7899999618530273,0,0,759,77.5324069,12.9470127
1765985202935540200,2375.330540283203,0,0.07073266059160233,0.6714074611663818,3.7899999618530273,0,0,759,77.5324069,12.9470128
1765985203934243800,2376.3292438964845,22.925172805786133,0.9080610871315002,0.6756185293197632,3.7899999618530273,0.3100000023841858,302,759,77.5324063,12.9470157
1765985204935490800,2377.330490722656,0,0.07077261805534363,0.6882243752479553,3.7899999618530273,0,0,759,77.5324072,12.9470181
1765985205934731000,2378.329730957031,0,0.07067599892616272,0.657648503780365,3.7899999618530273,0,0,759,77.5324078,12.9470209
1765985206935276300,2379.3302763671877,0,0.07067777216434479,0.6322373747825623,3.7899999618530273,0,0,759,77.5324062,12.9470227
1765985207934936000,2380.329936035156,0,0.07606294006109238,0.6360054016113281,3.7899999618530273,0,0,759,77.5324056,12.9470246
1765985208935087400,2381.330087402344,0,0.0706443190574646,0.6542459726333618,3.7899999618530273,0,0,759,77.5324045,12.9470265
1765985209934326500,2382.3293264160156,0,0.07071852684020996,0.6601728200912476,3.7899999618530273,0,0,759,77.5324041,12.9470273
1765985210935136500,2383.3301364746094,0,0.07067684829235077,0.6636254191398621,3.7899999618530273,0,0,759,77.532404,12.9470275
1765985211935351600,2384.3303515625,0,0.0706775113940239,0.6695315837860107,3.7899999618530273,0,0,759,77.5324029,12.9470279
1765985212934467600,2385.329467529297,0,0.07069378346204758,0.6309384703636169,3.7899999618530273,0,0,759,77.5324026,12.9470279
1765985213935237000,2386.330237060547,0,0.07069339603185654,0.6357448101043701,3.7899999618530273,0,0,759,77.5324032,12.9470283
1765985214935788000,2387.3307880859375,0,0.07069337368011475,0.6417005062103271,3.7899999618530273,0,0,759,77.5324035,12.947028
1765985215936249600,2388.331249511719,0,0.07069336622953415,0.6442339420318604,3.7899999618530273,0,0,759,77.5324036,12.9470277
1765985216935973600,2389.3309736328124,0,0.07069316506385803,0.6555540561676025,3.7899999618530273,0,0,759,77.5324038,12.9470275
1765985217935183000,2390.3301831054687,0,0.07069358974695206,0.6625387668609619,3.7899999618530273,0,0,759,77.5324039,12.9470275
1765985218934668300,2391.3296682128907,0,0.07069449126720428,0.6288642287254333,3.7899999618530273,0,0,759,77.5324039,12.9470274
1765985219935406800,2392.3304067382815,0,0.07069408148527145,0.6353129148483276,3.7899999618530273,0,0,759,77.5324039,12.9470274
1765985220935394800,2393.3303947753907,0,0.0706947073340416,0.6422858834266663,3.7899999618530273,0,0,759,77.5324039,12.9470274
1765985221934675700,2394.32967578125,0,0.07069329172372818,0.6501340866088867,3.7899999618530273,0,0,759,77.5324039,12.9470274
1765985222934825200,2395.3298251953124,0,0.07069399207830429,0.6566030383110046,3.7899999618530273,0,0,759,77.5324039,12.9470273
1765985223934318600,2396.3293186035157,0,0.07072267681360245,0.6266154646873474,3.7899999618530273,0,0,759,77.5324039,12.9470273
1765985224935021800,2397.3300217285155,0,0.07069367915391922,0.6389265656471252,3.7899999618530273,0,0,759,77.5324039,12.9470272
1765985225934390800,2398.3293908691408,0,0.07069376111030579,0.6454142332077026,3.7899999618530273,0,0,759,77.5324039,12.9470272
1765985226935768300,2399.330768310547,0,0.07069406658411026,0.6533946990966797,3.7899999618530273,0,0,759,77.5324039,12.9470272
1765985227934247400,2400.329247314453,0,0.07069404423236847,0.6599651575088501,3.7899999618530273,0,0,759,77.5324039,12.9470272
1765985228934797300,2401.329797363281,0,0.07069387286901474,0.6729260087013245,3.7899999618530273,0,0,759,77.5324039,12.9470272
1765985229935265800,2402.3302658691405,0,0.07069361954927444,0.6391966938972473,3.7899999618530273,0,0,759,77.5324039,12.9470272
1765985230934854100,2403.329854248047,0,0.07069363445043564,0.6494888067245483,3.7899999618530273,0,0,759,77.5324039,12.9470271
1765985231934960000,2404.3299602050784,0,0.0706939622759819,0.6601576209068298,3.7899999618530273,0,0,759,77.5324039,12.9470271
1765985232935020300,2405.330020263672,0,0.07069390267133713,0.665076494216919,3.7899999618530273,0,0,759,77.5324039,12.9470271
1765985233935019300,2406.3300192871093,0,0.08822329342365265,0.6434965133666992,3.7899999618530273,0,0,759,77.5324039,12.9470271
1765985234934501000,2407.329501220703,16.16379165649414,0.6191835403442383,0.6476998329162598,3.7899999618530273,0.6499999761581421,300,759,77.5323978,12.9470318
1765985235934978600,2408.329978515625,10.837682723999023,0.4994564354419708,0.6134162545204163,3.7899999618530273,0.6499999761581421,294,759,77.532392,12.9470354
1765985236935473400,2409.330473388672,10.59304428100586,0.5619341731071472,0.6327815651893616,3.7899999618530273,0.6100000143051147,292,759,77.5323872,12.9470385
1765985237934647000,2410.329646972656,0,0.06974475830793381,0.6307649612426758,3.7899999618530273,0,0,759,77.5323865,12.9470409
1765985238935119400,2411.3301193847656,0,0.07069400697946548,0.6377261281013489,3.7899999618530273,0,0,759,77.5323868,12.9470401
1765985239934263800,2412.3292639160154,0,0.07069417834281921,0.6428797245025635,3.7899999618530273,0,0,759,77.5323866,12.9470392
1765985240934480000,2413.329479980469,0,0.07069545984268188,0.647532045841217,3.7899999618530273,0,0,759,77.532386,12.9470384
1765985241934475500,2414.3294755859374,0,0.07069436460733414,0.6371312737464905,3.7899999618530273,0,0,759,77.5323856,12.9470384
1765985242934535000,2415.3295349121095,0,0.0706937164068222,0.6427908539772034,3.7899999618530273,0,0,759,77.5323861,12.9470386
1765985243934985700,2416.3299858398436,0,0.07069645822048187,0.6537826061248779,3.7899999618530273,0,0,759,77.5323862,12.9470389
1765985244934515000,2417.329514892578,0,0.07069490849971771,0.6590958833694458,3.7899999618530273,0,0,759,77.5323862,12.9470388
1765985245935107000,2418.3301071777346,0,0.07069583982229233,0.6621130704879761,3.7899999618530273,0,0,759,77.5323863,12.9470391
1765985246934535700,2419.3295356445315,0,0.0706968754529953,0.666845440864563,3.7899999618530273,0,0,759,77.5323861,12.947039
1765985247934267000,2420.329266845703,0,0.07069432735443115,0.6258383989334106,3.7899999618530273,0,0,759,77.5323864,12.9470392
1765985248935037700,2421.3300375976564,0,0.07069545239210129,0.6322237849235535,3.7899999618530273,0,0,759,77.5323863,12.9470391
1765985249935348200,2422.3303481445314,0,0.0706939846277237,0.6392869353294373,3.7899999618530273,0,0,759,77.5323863,12.9470391
1765985250934551300,2423.3295512695313,0,0.07073382288217545,0.6461808681488037,3.7899999618530273,0,0,759,77.5323863,12.9470391
1765985251935908000,2424.330908203125,0,0.07069359719753265,0.6548071503639221,3.7899999618530273,0,0,759,77.5323863,12.9470391
1765985252934609000,2425.3296088867187,0,0.07069409638643265,0.6673616170883179,3.7899999618530273,0,0,759,77.5323862,12.9470392
1765985253934379000,2426.32937890625,0,0.07069359719753265,0.6331121325492859,3.7899999618530273,0,0,758.3999633789062,77.5323861,12.9470391
1765985254934427100,2427.329427246094,0,0.0706939548254013,0.6393831372261047,3.7899999618530273,0,0,758.3999633789062,77.5323861,12.9470391
1765985255934992600,2428.3299926757813,0,0.07069370150566101,0.6447945833206177,3.7899999618530273,0,0,758.3999633789062,77.5323861,12.9470391
1765985256934694700,2429.329694580078,0,0.07069341838359833,0.6517161726951599,3.7899999618530273,0,0,758.3999633789062,77.532386,12.9470391
1765985257934884900,2430.329884765625,0,0.07069401443004608,0.6647441983222961,3.7899999618530273,0,0,758.3999633789062,77.532386,12.947039
1765985258934688500,2431.3296884765623,0,0.0706939548254013,0.6831367611885071,3.7899999618530273,0,0,758.3999633789062,77.532386,12.947039
1765985259934782000,2432.329781982422,0,0.0706934854388237,0.6553195714950562,3.7899999618530273,0,0,759,77.5323861,12.9470389
1765985260934558200,2433.3295581054685,0,0.0706937238574028,0.6624438166618347,3.7899999618530273,0,0,759,77.5323861,12.9470388
1765985261934311700,2434.329311767578,0,0.0706934779882431,0.6412414908409119,3.7899999618530273,0,0,759,77.5323861,12.9470388
1765985262934907400,2435.3299074707033,0,0.07069414108991623,0.6456822156906128,3.7899999618530273,0,0,759,77.532386,12.9470388
1765985263934391300,2436.329391357422,0,0.07069355994462967,0.6519764065742493,3.7899999618530273,0,0,759,77.532386,12.9470388
1765985264935118000,2437.3301181640627,0,0.07069437205791473,0.6509793400764465,3.7899999618530273,0,0,759,77.532386,12.9470387
1765985265934558700,2438.3295588378905,0,0.0706939771771431,0.6293017268180847,3.7899999618530273,0,0,758.3999633789062,77.5323861,12.9470387
1765985266935310300,2439.3303103027342,0,0.07069377601146698,0.6561956405639648,3.7899999618530273,0,0,758.3999633789062,77.5323861,12.9470386
1765985267935009000,2440.330009033203,0,0.07069361954927444,0.6569737195968628,3.7899999618530273,0,0,758.3999633789062,77.5323861,12.9470386
1765985268934196000,2441.329196044922,0,0.07069326192140579,0.6627966165542603,3.7899999618530273,0,0,758.3999633789062,77.5323861,12.9470386
1765985269935779800,2442.330779785156,0,0.07072451710700989,0.6686367392539978,3.7899999618530273,0,0,758.3999633789062,77.532386,12.9470386
1765985270934557000,2443.3295568847657,0,0.07069427520036697,0.675161600112915,3.7899999618530273,0,0,758.3999633789062,77.532386,12.9470386
1765985271934582300,2444.3295822753907,0,0.07069379836320877,0.6348172426223755,3.7899999618530273,0,0,759,77.5323861,12.9470385
1765985272934257200,2445.329257080078,0,0.07069350779056549,0.630858838558197,3.7899999618530273,0,0,759,77.5323861,12.9470385
1765985273934875600,2446.329875732422,0,0.07069358974695206,0.6354758739471436,3.7899999618530273,0,0,759,77.532386,12.9470385
1765985274934900200,2447.3299001464843,0,0.07069335877895355,0.640964686870575,3.7899999618530273,0,0,759,77.532386,12.9470385
1765985275934259200,2448.3292592773437,0,0.0706944391131401,0.6441469788551331,3.7899999618530273,0,0,759,77.5323861,12.9470385
1765985276934808600,2449.32980859375,13.481212615966797,0.5793314576148987,0.6505261659622192,3.7899999618530273,0.9100000262260437,294,759,77.5323792,12.9470412
1765985277934290200,2450.329290283203,13.351835250854492,0.8332064747810364,0.6191970109939575,3.7899999618530273,1.3300000429153442,278,759,77.5323679,12.9470446
1765985278934256400,2451.329256347656,11.275776863098145,0.6167742013931274,0.6250049471855164,3.7899999618530273,3.5299999713897705,262,759,77.5323374,12.947043
1765985279935209200,2452.3302092285157,8.950624465942383,0.8290064334869385,0.6316065192222595,3.7899999618530273,5.989999771118164,263,759,77.5322748,12.9470366
1765985280934964700,2453.32996484375,5.919530391693115,0.7989005446434021,0.6436450481414795,3.7899999618530273,8.729999542236328,258,759,77.5321984,12.9470219
1765985281934720800,2454.329720703125,5.501165390014648,0.7929612398147583,0.6513807773590088,3.7899999618530273,9.319999694824219,254,759,77.5321159,12.9469978
1765985282934300400,2455.3293005371092,5.060762405395508,0.8334917426109314,0.6564337015151978,3.7899999618530273,10.039999961853027,255,759,77.5320276,12.9469716
1765985283934681000,2456.3296811523437,4.672019958496094,1.0770301818847656,0.6614043712615967,3.7899999618530273,11.199999809265137,258,759,77.5319274,12.9469483
1765985284934916600,2457.329916503906,5.113387584686279,1.1538041830062866,0.668321967124939,3.7899999618530273,12.359999656677246,256,759,77.5318125,12.946918
1765985285934114000,2458.329114013672,3.335280418395996,0.7693213224411011,0.6837638020515442,3.7899999618530273,14.880000114440918,253,759,77.5316785,12.946878
1765985286934418400,2459.3294184570314,1.6782763004302979,0.41578084230422974,0.6976003646850586,3.7899999618530273,15.9399995803833,246,759,77.5315408,12.946821
1765985287935359200,2460.3303591308595,0.15706469118595123,0.03669245168566704,0.7040899991989136,3.7899999618530273,14.989999771118164,247,759,77.5314086,12.9467743
1765985288934622200,2461.329622314453,0.15233683586120605,0.038124777376651764,0.7147457003593445,3.7899999618530273,16.059999465942383,249,759,77.5312761,12.9467218
1765985289935844900,2462.3308449707033,1.6483787298202515,0.418521523475647,0.7213282585144043,3.7899999618530273,16.34000015258789,250,759,77.5311338,12.9466735
1765985290934429400,2463.3294294433595,3.2042036056518555,0.7899318933486938,0.7028225064277649,3.7899999618530273,15.899999618530273,249,759,77.5310014,12.9466237
1765985291934394400,2464.329394287109,1.3403329849243164,0.37842312455177307,0.7100049257278442,3.7899999618530273,18.15999984741211,246,759,77.5308443,12.9465576
1765985292934855700,2465.3298557128905,0.1515822410583496,0.043445706367492676,0.7145775556564331,3.7899999618530273,18.389999389648438,246,756.5581970092755,77.5306884,12.9464913
1765985293934898700,2466.3298986816408,0.6308364868164062,0.18337416648864746,0.7161164283752441,3.7899999618530273,18.670000076293945,246,756.3536682928665,77.5305313,12.946424
1765985294935057700,2467.3300576171873,0.35861071944236755,0.11021783947944641,0.7172337770462036,3.7899999618530273,19.729999542236328,243,755.8525934939847,77.5303755,12.946342
1765985295936163000,2468.3311630859375,2.460843324661255,0.7520557641983032,0.7577862739562988,3.7899999618530273,19.700000762939453,238,755.1464798177427,77.5302224,12.9462492
1765985296934296800,2469.329296875,1.1229077577590942,0.3046799302101135,0.7626209259033203,3.7899999618530273,17.450000762939453,241,754.6636518708397,77.5300788,12.9461763
1765985297934266400,2470.329266357422,0.8337292671203613,0.21754200756549835,0.7670781016349792,3.7899999618530273,16.770000457763672,239,753.7548727951807,77.5299453,12.9461068
1765985298934437600,2471.3294377441407,0.3466320335865021,0.08354902267456055,0.7708276510238647,3.7899999618530273,15.470000267028809,241,753.3868445902621,77.529813,12.9460404
1765985299934904300,2472.329904296875,0.18267090618610382,0.04086193069815636,0.7654528617858887,3.7899999618530273,14.350000381469727,244,753.0438201358359,77.5296948,12.9459747
1765985300934182000,2473.3291818847656,0.52198725938797,0.1064063310623169,0.7722246050834656,3.7899999618530273,13.09000015258789,238,752.4100559775856,77.5295837,12.94591
1765985301934925000,2474.329925048828,1.315423846244812,0.25967928767204285,0.7819698452949524,3.7899999618530273,12.699999809265137,231,751.440191942242,77.5294881,12.945834
1765985302935105800,2475.3301057128906,3.249221086502075,0.5276491641998291,0.7789042592048645,3.7899999618530273,10.470000267028809,224,750.7088913958152,77.5294169,12.9457689
1765985303935203800,2476.330203857422,2.7205612659454346,0.41262364387512207,0.7848272323608398,3.7899999618530273,9.779999732971191,201,749.8550290813507,77.5293843,12.9456785
1765985304934516500,2477.3295166015623,0.7473403811454773,0.11332184821367264,0.7899095416069031,3.7899999618530273,9.739999771118164,189,749.2759951666242,77.5293605,12.9455993
1765985305934900500,2478.329900390625,0.671128511428833,0.1057262122631073,0.7951099872589111,3.7899999618530273,10.119999885559082,178,748.9581107707686,77.5293552,12.9455104
1765985306934438400,2479.3294384765627,1.9812389612197876,0.32222744822502136,0.8076216578483582,3.7899999618530273,10.470000267028809,170,748.9422168594107,77.5293681,12.9454193
1765985307934829800,2480.329829833984,1.9488102197647095,0.32865673303604126,0.8140133619308472,3.7899999618530273,10.859999656677246,158,748.9354051921057,77.5294077,12.9453334
1765985308934593000,2481.329593017578,0.5346869230270386,0.09845629334449768,0.8211461901664734,3.7899999618530273,11.819999694824219,154,748.9354051921057,77.5294505,12.945238
1765985309934636800,2482.32963671875,1.7455253601074219,0.3262064754962921,0.8273604512214661,3.7899999618530273,12.029999732971191,149,748.9422168594107,77.5295042,12.945147
1765985310934959400,2483.3299594726564,2.9246082305908203,0.605130136013031,0.8340860605239868,3.7899999618530273,13.34000015258789,147,748.9525138550554,77.529568,12.9450435
1765985311934529000,2484.3295290527344,2.9579339027404785,0.5975096821784973,0.8402819037437439,3.7899999618530273,13.029999732971191,146,749.3407875024118,77.5296342,12.9449493
1765985312934413800,2485.329413818359,1.7836461067199707,0.36592844128608704,0.8528203368186951,3.7899999618530273,13.199999809265137,147,749.5292541302416,77.5296946,12.9448404
1765985313934415400,2486.329415283203,0.4557361602783203,0.09620588272809982,0.8597368597984314,3.7899999618530273,13.550000190734863,148,749.924366249518,77.5297546,12.944739
1765985314934774300,2487.329774169922,0.4386523365974426,0.0840199664235115,0.865149974822998,3.7899999618530273,12.300000190734863,148,750.2945164847996,77.5298174,12.9446413
1765985315935696600,2488.330696533203,1.6299289464950562,0.3289726972579956,0.8702949285507202,3.7899999618530273,12.989999771118164,147,750.7751992688117,77.5298844,12.9445434
1765985316934843600,2489.32984375,1.6802693605422974,0.3189160227775574,0.8844388127326965,3.7899999618530273,12.210000038146973,143,751.7041015808252,77.5299528,12.9444516
1765985317934419500,2490.3294194335936,0.4103984534740448,0.069687120616436,0.9012581706047058,3.7899999618530273,10.899999618530273,143,752.0220863035424,77.5300144,12.9443655
1765985318935017200,2491.3300173339844,0.495855450630188,0.07577008754014969,0.9064823389053345,3.7899999618530273,9.8100004196167,145,752.5536013049569,77.5300714,12.9442873
1765985319934600200,2492.329600097656,0.4336493909358978,0.07384176552295685,0.9147602319717407,3.7899999618530273,10.930000305175781,146,753.1169522081635,77.5301321,12.9442074
1765985320934370600,2493.3293706054687,0.3109213709831238,0.056340541690588,0.9245988726615906,3.7899999618530273,11.630000114440918,148,753.8189208994147,77.5301858,12.9441193
1765985321934217200,2494.329217285156,1.7140185832977295,0.3058335781097412,0.9291196465492249,3.7899999618530273,11.479999542236328,147,753.9438727901488,77.5302454,12.9440354
1765985322935116000,2495.3301159667967,2.184570789337158,0.37087535858154297,0.91178297996521,3.7899999618530273,10.930000305175781,146,754.2301330562889,77.5302979,12.9439484
1765985323934943000,2496.329942871094,0.7431949377059937,0.09561531990766525,0.9170358777046204,3.7899999618530273,8.260000228881836,140,754.3024006885836,77.5303483,12.9438825
1765985324934475000,2497.329475097656,0.484455406665802,0.05732344090938568,0.9187059998512268,3.7899999618530273,7.590000152587891,137,755.1544325049612,77.5303922,12.9438264
1765985325935211300,2498.3302111816406,0.7262769341468811,0.06604202836751938,0.9197012782096863,3.7899999618530273,5.840000152587891,138,755.7065941983168,77.5304302,12.9437823
1765985326934539300,2499.3295393066405,0.7700900435447693,0.07887573540210724,0.9402700066566467,3.7899999618530273,6.579999923706055,135,756.2474289069401,77.5304718,12.9437394
1765985327934568400,2500.329568359375,2.7747745513916016,0.32026439905166626,0.9667774438858032,3.7899999618530273,7.440000057220459,138,756.3315113072733,77.5305163,12.943693
1765985328935034400,2501.3300344238282,5.085672855377197,0.5727788805961609,0.9697532057762146,3.7899999618530273,7.28000020980835,144,756.3792341164097,77.5305591,12.9436466
1765985329935089200,2502.330089111328,3.323530912399292,0.4397108256816864,0.9740330576896667,3.7899999618530273,8.529999732971191,151,756.4974060216567,77.5305969,12.9435774
1765985330934786300,2503.329786376953,1.7726713418960571,0.26379936933517456,0.9680575728416443,3.7899999618530273,9.579999923706055,155,756.5792182918979,77.5306329,12.9435037
1765985331934290700,2504.3292907714845,1.8844585418701172,0.34238186478614807,0.9747602939605713,3.7899999618530273,11.699999809265137,152,756.7746618656871,77.5306823,12.9434158
1765985332934765800,2505.329765869141,1.601954460144043,0.3305707573890686,0.9844549894332886,3.7899999618530273,13.279999732971191,151,759,77.5307359,12.943314
1765985333935122700,2506.3301228027344,0.33192193508148193,0.07467988133430481,0.9905997514724731,3.7899999618530273,14.4399995803833,151,759,77.5307956,12.9432013
1765985334935019500,2507.33001953125,0.2925916612148285,0.07315362989902496,0.9875839948654175,3.7899999618530273,16.049999237060547,152,759,77.5308591,12.9430744
1765985335934261000,2508.3292609863283,0.3666442930698395,0.08814767003059387,0.9923514127731323,3.7899999618530273,15.430000305175781,152,759,77.5309225,12.9429505
1765985336934513200,2509.329513183594,0.4786733090877533,0.11735567450523376,0.9979169368743896,3.7899999618530273,15.739999771118164,153,759,77.5309877,12.9428219
1765985337935087600,2510.3300876464846,1.6062742471694946,0.39141735434532166,1.0120184421539307,3.7899999618530273,15.680000305175781,150,761.3847818498936,77.5310611,12.9427005
1765985338934267600,2511.329267578125,1.7518548965454102,0.43063920736312866,1.0168404579162598,3.7899999618530273,15.819999694824219,152,762.3472402241613,77.5311253,12.9425718
1765985339934500600,2512.329500488281,1.7138702869415283,0.42014095187187195,1.0238847732543945,3.7899999618530273,15.779999732971191,152,763.5190493578203,77.5311909,12.942441
1765985340934578000,2513.3295778808592,1.4426332712173462,0.36603644490242004,1.030774712562561,3.7899999618530273,16.31999969482422,154,764.7603973730022,77.5312541,12.9423091
1765985341934570800,2514.3295708007813,0.4844224750995636,0.12225000560283661,1.0361024141311646,3.7899999618530273,16.200000762939453,154,765.3245976380404,77.5313156,12.9421767
1765985342934373400,2515.3293732910156,0.48979541659355164,0.124296635389328,1.0427523851394653,3.7899999618530273,16.299999237060547,154,766.1526943768159,77.53138,12.9420444
1765985343935142400,2516.3301423339844,0.21655644476413727,0.054280705749988556,1.0548412799835205,3.7899999618530273,16.09000015258789,154,767.012725395488,77.5314442,12.9419131
1765985344934270000,2517.329270019531,0.42257949709892273,0.10478575527667999,1.0621782541275024,3.7899999618530273,15.920000076293945,151,768.1117790945443,77.5315158,12.9417881
1765985345934602500,2518.3296025390623,0.62623131275177,0.1564755141735077,1.0674577951431274,3.7899999618530273,16.049999237060547,149,769.3657365246422,77.5315922,12.941664
1765985346935180500,2519.3301806640625,0.3490450978279114,0.08875555545091629,1.0725125074386597,3.7899999618530273,16.31999969482422,149,770.3140607491035,77.5316669,12.9415357
1765985347934827800,2520.3298278808593,0.2581627666950226,0.06565254181623459,1.0793399810791016,3.7899999618530273,16.31999969482422,149,771.2610111295755,77.5317408,12.9414069
1765985348935068700,2521.3300686035154,0.6161390542984009,0.15296973288059235,1.0950236320495605,3.7899999618530273,15.949999809265137,150,771.8779507628931,77.5318174,12.9412819
1765985349934988000,2522.329988037109,0.3579614758491516,0.08999182283878326,1.1087607145309448,3.7899999618530273,16.139999389648438,152,772.5427470649462,77.5318883,12.9411565
1765985350934355500,2523.32935546875,0.4283551871776581,0.10770691186189651,1.119547724723816,3.7899999618530273,16.139999389648438,154,773.307781746694,77.5319573,12.9410277
1765985351934879700,2524.329879638672,0.3220733404159546,0.07999622821807861,1.1262179613113403,3.7899999618530273,15.9399995803833,154,774.5829908037995,77.532018,12.9408969
1765985352934935300,2525.329935302734,0.35490816831588745,0.08605217933654785,1.1308050155639648,3.7899999618530273,15.5600004196167,152,775.1090696315663,77.5320822,12.940768
1765985353935868200,2526.3308681640624,0.3441483676433563,0.0857052281498909,1.1152064800262451,3.7899999618530273,15.989999771118164,151,775.2339738445056,77.5321512,12.9406385
1765985354934595600,2527.329595703125,0.30824512243270874,0.07771657407283783,1.1216225624084473,3.7899999618530273,16.18000030517578,148,775.3455724996401,77.532225,12.9405146
1765985355934285800,2528.329285888672,0.3552996516227722,0.09259055554866791,1.12467360496521,3.7899999618530273,16.729999542236328,147,775.4958913445374,77.532304,12.9403885
1765985356934397200,2529.3293972167967,0.36458081007003784,0.08865904062986374,1.1206324100494385,3.7899999618530273,15.609999656677246,149,775.5050016620055,77.5323789,12.9402673
1765985357934375400,2530.329375488281,0.23704339563846588,0.056150443851947784,1.1418137550354004,3.7899999618530273,15.199999809265137,148,775.5050016620055,77.5324516,12.9401489
1765985358934763000,2531.3297629394533,0.0960417091846466,0.021933047100901604,1.167600154876709,3.7899999618530273,14.649999618530273,145,775.5050016620055,77.5325278,12.9400339
1765985359934523400,2532.3295234375,0.0883428081870079,0.0193637665361166,1.170146107673645,3.7899999618530273,14.0600004196167,145,775.5050016620055,77.5326014,12.9399265
1765985360935141400,2533.330141357422,0.16578763723373413,0.03612399473786354,1.1766473054885864,3.7899999618530273,13.979999542236328,146,775.2385288633054,77.5326762,12.9398228
1765985361934616600,2534.329616455078,0.3507312536239624,0.07244925945997238,1.182548999786377,3.7899999618530273,13.260000228881836,146,774.7648198294016,77.5327444,12.9397189
1765985362934750000,2535.32975,0.5270169973373413,0.10105927288532257,1.1770243644714355,3.7899999618530273,12.3100004196167,146,774.0292560754278,77.5328114,12.9396211
1765985363934385700,2536.3293857421877,1.7245430946350098,0.3038260042667389,1.1869258880615234,3.7899999618530273,11.34000015258789,143,773.6762989029321,77.5328723,12.9395337
1765985364934801000,2537.32980078125,1.8039302825927734,0.31945687532424927,0.6052464842796326,3.7899999618530273,11.399999618530273,133,773.3484032838045,77.5329411,12.9394633
1765985365934481700,2538.329481689453,0.6226093173027039,0.10845400393009186,0.5950418710708618,3.7899999618530273,11.1899995803833,126,773.2866352607077,77.5330184,12.9394
1765985366934396200,2539.3293962402345,0.8143774271011353,0.13835817575454712,0.5932122468948364,3.7899999618530273,10.90999984741211,114,773.0956589430484,77.5331063,12.939352
1765985367934297000,2540.329297119141,2.1114869117736816,0.3458014130592346,0.5915648937225342,3.7899999618530273,10.550000190734863,105,772.7905540489768,77.5331974,12.9393158
1765985368933945000,2541.328945068359,1.8773936033248901,0.2982882559299469,0.5912410616874695,3.7899999618530273,10.229999542236328,84,772.1120759950821,77.5332855,12.9393162
1765985369934313200,2542.329313232422,0.47465455532073975,0.07611068338155746,0.6004471182823181,3.7899999618530273,10.289999961853027,71,771.7068361139865,77.5333771,12.9393334
1765985370934815000,2543.3298149414063,0.36291301250457764,0.06147285923361778,0.6008780002593994,3.7899999618530273,10.869999885559082,60,771.2823005851052,77.5334652,12.9393724
1765985371933659400,2544.328659423828,0.37235042452812195,0.06268127262592316,0.601256251335144,3.7899999618530273,10.800000190734863,47,770.7427969619014,77.5335436,12.9394293
1765985372934383400,2545.329383300781,0.4061008095741272,0.0709855854511261,0.5995551347732544,3.7899999618530273,11.220000267028809,33,770.5538648760443,77.5336123,12.9395043
1765985373934324700,2546.3293247070314,0.37663203477859497,0.06847038120031357,0.6054386496543884,3.7899999618530273,11.670000076293945,19,770.3504799895925,77.5336606,12.939597
1765985374934766000,2547.329766113281,0.3790977895259857,0.06989529728889465,0.6050118207931519,3.7899999618530273,11.829999923706055,6,769.8027301676799,77.5336829,12.9396965
1765985375935199500,2548.3301994628905,0.3984200954437256,0.07265608012676239,0.6049089431762695,3.7899999618530273,11.710000038146973,351,769.652511098296,77.533683,12.9398032
1765985376934674200,2549.329674072266,0.3925931453704834,0.06853967159986496,0.6054885983467102,3.7899999618530273,11.210000038146973,336,768.8183476899727,77.5336536,12.9399013
1765985377934258700,2550.3292587890624,0.3999159038066864,0.06833045184612274,0.6045935153961182,3.7899999618530273,10.970000267028809,322,768.7295915423484,77.5336052,12.9399874
1765985378934846000,2551.3298459472658,0.3587314188480377,0.060247745364904404,0.606870710849762,3.7899999618530273,10.779999732971191,311,768.6544909021202,77.5335342,12.9400541
1765985379934740000,2552.3297399902344,0.3731912672519684,0.06172022968530655,0.6185022592544556,3.7899999618530273,10.609999656677246,301,768.499740135734,77.5334517,12.9401127
1765985380935112700,2553.330112792969,0.5029126405715942,0.08219002187252045,0.6219558715820312,3.7899999618530273,10.489999771118164,288,768.1014972910114,77.5333632,12.9401499
1765985381934731800,2554.329731689453,0.34936046600341797,0.055483948439359665,0.620907187461853,3.7899999618530273,10.1899995803833,273,767.6054262840806,77.5332733,12.9401671
1765985382934336800,2555.3293366699218,0.3142603933811188,0.04988224804401398,0.6022689938545227,3.7899999618530273,10.1899995803833,260,767.1844710387442,77.5331821,12.9401624
1765985383934151400,2556.3291513671875,0.6102373003959656,0.0947217345237732,0.6013109683990479,3.7899999618530273,9.970000267028809,252,766.8431711007355,77.5330919,12.940143
1765985384934334700,2557.329334716797,0.7814867496490479,0.1148613840341568,0.5997730493545532,3.7899999618530273,9.4399995803833,246,766.379024920756,77.5330057,12.9401139
1765985385934318300,2558.329318359375,0.6857136487960815,0.10528518259525299,0.5986036062240601,3.7899999618530273,9.859999656677246,236,765.9376542416721,77.5329229,12.9400728
1765985386933167000,2559.3281669921876,1.9962071180343628,0.3124016523361206,0.604071319103241,3.7899999618530273,10.079999923706055,228,765.5736542310477,77.5328498,12.9400183
1765985387935371800,2560.330371826172,1.8735607862472534,0.34368857741355896,0.5975712537765503,3.7899999618530273,11.8100004196167,214,765.544079906917,77.5327839,12.9399344
1765985388934181400,2561.3291813964843,0.5291786193847656,0.10237891227006912,0.5975885987281799,3.7899999618530273,12.420000076293945,209,765.5418049631201,77.5327246,12.9398417
1765985389934940700,2562.3299406738283,0.5101178288459778,0.10092081129550934,0.6162298321723938,3.7899999618530273,12.699999809265137,207,765.5418049631201,77.5326673,12.9397451
1765985390934464800,2563.32946484375,0.6997016668319702,0.15494926273822784,0.6156274080276489,3.7899999618530273,14.229999542236328,212,765.5418049631201,77.5326022,12.9396402
1765985391934428200,2564.329428222656,5.1521124839782715,1.1360150575637817,0.6150879859924316,3.7899999618530273,14.25,209,765.5281553129716,77.5325386,12.939527
1765985392934785000,2565.3297849121095,2.5217862129211426,0.6077338457107544,0.6147283911705017,3.7899999618530273,15.529999732971191,207,765.6009536974376,77.5324764,12.939395
1765985393934731300,2566.329731201172,0.26961368322372437,0.06640520691871643,0.6050310134887695,3.7899999618530273,15.8100004196167,207,765.6487279721408,77.5324127,12.9392657
1765985394934473000,2567.3294729003906,0.24909727275371552,0.06536491960287094,0.603691577911377,3.7899999618530273,16.84000015258789,205,765.7124274179173,77.5323472,12.9391318
1765985395934345000,2568.329344970703,0.14253269135951996,0.03734995797276497,0.6032856702804565,3.7899999618530273,16.809999465942383,204,765.8284526207908,77.5322787,12.938995
1765985396934353000,2569.329352783203,0.12195906788110733,0.03304116800427437,0.5908141136169434,3.7899999618530273,17.3799991607666,203,765.8944284342667,77.5322136,12.9388538
1765985397934921200,2570.3299211425783,0.18279480934143066,0.05053646117448807,0.5908225178718567,3.7899999618530273,17.739999771118164,203,765.953579593905,77.5321524,12.9387084
1765985398934498300,2571.3294982910156,0.22968018054962158,0.06423700600862503,0.5905967950820923,3.7899999618530273,17.950000762939453,202,766.0400320206039,77.5320926,12.9385614
1765985399934816300,2572.329816162109,0.16706949472427368,0.04685571789741516,0.5914148092269897,3.7899999618530273,18,200,766.0821665482187,77.5320338,12.9384074
1765985400933382700,2573.3283825683593,0.054543714970350266,0.01513247936964035,0.599951446056366,3.7899999618530273,17.799999237060547,197,766.0821665482187,77.531983,12.9382555
1765985401934321700,2574.329321777344,0.06083414703607559,0.01616971381008625,0.6002904176712036,3.7899999618530273,17.049999237060547,193,766.0821665482187,77.5319437,12.938106
1765985402934836200,2575.3298361816405,0.12363356351852417,0.03198888897895813,0.6052663922309875,3.7899999618530273,16.600000381469727,189,766.0821665482187,77.5319127,12.9379581
1765985403933946000,2576.328946044922,0.13069675862789154,0.03282897174358368,0.6030339598655701,3.7899999618530273,16.1200008392334,184,766.0548656085583,77.5318968,12.9378114
1765985404934548700,2577.329548828125,0.12764322757720947,0.032155703753232956,0.6030208468437195,3.7899999618530273,16.15999984741211,180,765.815986083378,77.53189,12.9376665
1765985405934668500,2578.3296684570314,0.19213992357254028,0.04785074666142464,0.6038179993629456,3.7899999618530273,15.979999542236328,177,765.7192523865208,77.5318925,12.9375216
1765985406934758700,2579.329758544922,0.12989991903305054,0.029925543814897537,0.6065249443054199,3.7899999618530273,14.779999732971191,174,765.3620863047378,77.5319023,12.9373844
1765985407933894700,2580.328894775391,0.07271867990493774,0.015773260965943336,0.6044235229492188,3.7899999618530273,13.90999984741211,172,764.725139024856,77.5319181,12.9372559
1765985408934700000,2581.3296999511717,0.17616310715675354,0.03488032519817352,0.6047325730323792,3.7899999618530273,12.699999809265137,172,764.3907605865728,77.5319303,12.9371351
1765985409933946400,2582.3289462890625,0.3199929893016815,0.057833388447761536,0.6036259531974792,3.7899999618530273,11.600000381469727,172,764.0131787960686,77.5319455,12.937025
1765985410934559200,2583.329559326172,0.3978689908981323,0.0602426752448082,0.6189635396003723,3.7899999618530273,9.720000267028809,173,763.6788280380015,77.5319565,12.9369315
1765985411934379300,2584.3293791503907,2.194932699203491,0.29723072052001953,0.5993661284446716,3.7899999618530273,8.720000267028809,177,762.966954420404,77.5319634,12.9368464
1765985412934348500,2585.3293486328125,4.685011863708496,0.5551583170890808,0.5987691283226013,3.7899999618530273,7.650000095367432,172,762.700869826957,77.5319739,12.9367712
1765985413934632200,2586.329632080078,5.354348182678223,0.5331636667251587,0.5980238914489746,3.7899999618530273,6.429999828338623,175,762.2028361754205,77.5319774,12.9367122
1765985414934761500,2587.3297614746093,4.232676029205322,0.35876956582069397,0.5969371795654297,3.7899999618530273,5.46999979019165,183,761.3773918597074,77.5319737,12.9366577
1765985415933856800,2588.328856689453,0.9531873464584351,0.08372478187084198,0.602203905582428,3.7899999618530273,5.639999866485596,192,759,77.5319686,12.9366071
1765985416934560300,2589.3295603027345,0.9094148278236389,0.09103525429964066,0.6016415357589722,3.7899999618530273,6.429999828338623,187,759,77.5319619,12.9365532
1765985417934557700,2590.3295576171877,3.8255774974823,0.3483700156211853,0.5946927070617676,3.7899999618530273,5.880000114440918,191,759,77.5319504,12.9365057
1765985418935054800,2591.3300549316405,6.798220634460449,0.5826820731163025,0.5947338938713074,3.7899999618530273,5.539999961853027,189,759,77.5319427,12.9364596
1765985419935033600,2592.3300336914062,3.1784257888793945,0.22174370288848877,0.5942131876945496,3.7899999618530273,4.5,188,759,77.5319388,12.9364144
1765985420934727000,2593.329726806641,12.188299179077148,0.5159380435943604,0.6125018000602722,3.7899999618530273,2.7300000190734863,201,759,77.531932,12.9363803
1765985421935149800,2594.3301499023437,2.973625898361206,0.12359395623207092,0.612138569355011,3.7899999618530273,2.680000066757202,201,759,77.5319217,12.936356
1765985422935134000,2595.330134033203,3.4512124061584473,0.1060473844408989,0.6226803064346313,3.7899999618530273,1.9800000190734863,196,759,77.531916,12.9363365
1765985423934821600,2596.329821533203,5.163397789001465,0.14028164744377136,0.6208247542381287,3.7899999618530273,1.75,214,759,77.5319102,12.9363203
1765985424934532900,2597.3295329589846,3.674058198928833,0.09023410826921463,0.6291796565055847,3.7899999618530273,1.5800000429153442,198,759,77.5319036,12.9363067
1765985425933315000,2598.3283151855467,3.944699764251709,0.09026803821325302,0.6340295672416687,3.7899999618530273,1.4700000286102295,205,759,77.5318979,12.936294
1765985426935158500,2599.3301584472656,22.625072479248047,1.063673496246338,0.6273500919342041,3.7899999618530273,1.2599999904632568,207,758.6407501373528,77.5318932,12.9362838
1765985427935139600,2600.3301396484376,22.911514282226562,0.8275927901268005,0.6345937252044678,3.7899999618530273,0.9200000166893005,190,758.6094948741592,77.5318953,12.936277
1765985428934481400,2601.3294814453125,28.069461822509766,0.8483425974845886,0.641106367111206,3.7899999618530273,0.8199999928474426,174,758.5907417707693,77.5318976,12.936271
1765985429935208200,2602.330208251953,7.661283016204834,0.7686015963554382,0.6474989652633667,3.7899999618530273,1.159999966621399,189,758.5697156125643,77.5318985,12.9362634
1765985430934587400,2603.329587402344,11.982598304748535,0.8044736981391907,0.6165263652801514,3.7899999618530273,2.259999990463257,209,758.5606232357483,77.5318922,12.936247
1765985431934615000,2604.3296149902344,8.158468246459961,0.7636858224868774,0.6279427409172058,3.7899999618530273,3.869999885559082,205,758.5384606075336,77.5318779,12.9362194
1765985432935067100,2605.330067138672,9.575499534606934,0.9453210234642029,0.6333140134811401,3.7899999618530273,4.099999904632568,199,758.5077134325313,77.5318645,12.936184
1765985433935197000,2606.3301970214843,10.361076354980469,0.9718396067619324,0.6394283175468445,3.7899999618530273,3.7699999809265137,206,758.5031672666539,77.5318499,12.9361517
1765985434933501400,2607.3285014648436,10.895713806152344,0.8823691606521606,0.6474318504333496,3.7899999618530273,2.809999942779541,201,758.5054403492925,77.5318388,12.9361278
1765985435934603500,2608.329603515625,12.482905387878418,0.8446964621543884,0.6532950401306152,3.7899999618530273,1.7599999904632568,195,758.4781633972857,77.5318305,12.9361124
1765985436934556700,2609.329556640625,15.104623794555664,1.1240636110305786,0.6589329838752747,3.7899999618530273,0.7900000214576721,193,758.4599788106774,77.5318262,12.9361071
1765985437934172000,2610.329171875,0,0.07188139110803604,0.664396345615387,3.7899999618530273,0,0,758.441794262521,77.5318198,12.9361137
1765985438933764400,2611.328764404297,0,0.07058220356702805,0.678690493106842,3.7899999618530273,0,0,758.3215729214346,77.5318154,12.936116
1765985439934692900,2612.329692871094,0,0.07068570703268051,0.675049364566803,3.7899999618530273,0,0,758.3963330603518,77.5318151,12.9361167
1765985440933602000,2613.3286020507812,0,0.07068263739347458,0.6807223558425903,3.7899999618530273,0,0,758.3599642716422,77.5318149,12.936116
1765985441933574100,2614.32857421875,0,0.07068324089050293,0.6148625016212463,3.7899999618530273,0,0,758.3304147440651,77.531815,12.9361159
1765985442933510100,2615.328510253906,0,0.07069702446460724,0.620670735836029,3.7899999618530273,0,0,758.3031383471872,77.5318138,12.9361142
1765985443934712600,2616.3297126464845,0,0.07069632411003113,0.630935549736023,3.7899999618530273,0,0,758.2917732073544,77.5318138,12.9361129
1765985444934857000,2617.329856933594,0,0.07069486379623413,0.6358962655067444,3.7899999618530273,0,0,758.2872271556267,77.5318141,12.9361123
1765985445935190300,2618.330190185547,0,0.07069551944732666,0.6370114684104919,3.7899999618530273,0,0,758.2804080825399,77.5318151,12.9361126
1765985446934378500,2619.3293784179687,0,0.07069557160139084,0.6435091495513916,3.7899999618530273,0,0,758.2781350593797,77.5318162,12.9361128
1765985447933972000,2620.3289719238282,0,0.0706958919763565,0.6306403279304504,3.7899999618530273,0,0,758.2735890148622,77.531817,12.9361133
1765985448934924000,2621.329924072266,0,0.07069525867700577,0.636527955532074,3.7899999618530273,0,0,758.2735890148622,77.5318171,12.9361131
1765985449934443000,2622.3294431152344,0,0.07069507241249084,0.6425045132637024,3.7899999618530273,0,0,758.2713159935031,77.5318168,12.9361129
1765985450935061200,2623.330061279297,0,0.07069484889507294,0.6499610543251038,3.7899999618530273,0,0,758.27586203682,77.531817,12.9361129
1765985451933518300,2624.3285183105468,0,0.07069595158100128,0.6473982930183411,3.7899999618530273,0,0,758.2735890148622,77.5318166,12.9361126
1765985452933961700,2625.3289616699217,0,0.070694699883461,0.6538929343223572,3.7899999618530273,0,0,758.2735890148622,77.5318161,12.9361124
1765985453933817000,2626.328817138672,0,0.0708349421620369,0.612835705280304,3.7899999618530273,0,0,758.2690429727463,77.5318158,12.9361123
1765985454934664000,2627.329663818359,0,0.07074637711048126,0.6196598410606384,3.7899999618530273,0,0,758.2747865409207,77.5318156,12.9361122
1765985455934782000,2628.329781982422,0,0.07069414854049683,0.6261507868766785,3.7899999618530273,0,0,758.2588754334688,77.5318154,12.9361122
1765985456934856200,2629.329856201172,0,0.07069488614797592,0.6316424608230591,3.7899999618530273,0,0,758.2566024205206,77.5318152,12.9361122
1765985457935336000,2630.3303359375,0,0.07069587707519531,0.6469502449035645,3.7899999618530273,0,0,758.2543294081745,77.5318152,12.9361121
1765985458934076200,2631.329076171875,0,0.07069514691829681,0.6585889458656311,3.7899999618530273,0,0,758.2566024205206,77.5318151,12.9361121
1765985459934185000,2632.329185058594,0,0.07069499790668488,0.6176781058311462,3.7899999618530273,0,0,758.265694475914,77.5318151,12.9361121
1765985460934248000,2633.329248046875,0,0.07069400697946548,0.6252325177192688,3.7899999618530273,0,0,758.2417667705191,77.531815,12.9361121
1765985461934378800,2634.3293786621093,0,0.07069498300552368,0.6372573971748352,3.7899999618530273,0,0,758.1510951030024,77.531815,12.936112
1765985462934691800,2635.329691894531,0,0.07650765031576157,0.6432027220726013,3.7899999618530273,0,0,758.1579141508564,77.531815,12.936112
1765985463934601000,2636.3296010742188,0,0.0706457868218422,0.649115800857544,3.7899999618530273,0,0,758.178371326858,77.531815,12.936112
1765985464934770700,2637.329770751953,0,0.07067955285310745,0.6556065678596497,3.7899999618530273,0,0,758.1920094712284,77.5318149,12.936112
1765985465934343400,2638.3293435058595,0,0.07067828625440598,0.6362136006355286,3.7899999618530273,0,0,758.2985922894521,77.5318149,12.936112
1765985466934127900,2639.3291279296873,0,0.0706799104809761,0.6258452534675598,3.7899999618530273,0,0,758.3031383471872,77.5318149,12.9361119
1765985467934283800,2640.329283691406,0,0.07069496065378189,0.6318106651306152,3.7899999618530273,0,0,758.3008653180194,77.5318148,12.9361119
1765985468934400300,2641.329400146484,0,0.07069391757249832,0.642980694770813,3.7899999618530273,0,0,758.1897364456648,77.5318148,12.9361119
1765985469934928000,2642.3299279785156,0,0.07069482654333115,0.6528406143188477,3.7899999618530273,0,0,758.2917732073544,77.5318148,12.9361118
1765985470935397000,2643.330397216797,0,0.07069387286901474,0.6529678106307983,3.7899999618530273,0,0,758.2963192614852,77.5318147,12.9361118
1765985471935026400,2644.3300263671877,0,0.07088476419448853,0.6105626821517944,3.7899999618530273,0,0,758.2917732073544,77.5318147,12.9361118
1765985472933429500,2645.3284294433593,0,0.07088854163885117,0.6171174049377441,3.7899999618530273,0,0,758.2849541306634,77.5318147,12.9361118
1765985473934886400,2646.3298864746093,0,0.07069225609302521,0.6231564879417419,3.7899999618530273,0,0,758.2735890148622,77.5318147,12.9361118
1765985474934316800,2647.329316894531,0,0.07069840282201767,0.6483944654464722,3.7899999618530273,0,0,758.2667699525898,77.5318147,12.9361118
1765985475934497300,2648.329497314453,0,0.07070218026638031,0.6544094085693359,3.7899999618530273,0,0,758.257677877971,77.5318147,12.9361118
1765985476933627600,2649.328627685547,0,0.0708569660782814,0.6605717539787292,3.7899999618530273,0,0,758.257677877971,77.5318146,12.9361118
1765985477935027000,2650.3300268554685,0,0.07067785412073135,0.6259436011314392,3.7899999618530273,0,0,758.2599508957244,77.5318147,12.9361118
1765985478934963500,2651.329963378906,0,0.07069449871778488,0.6321083307266235,3.7899999618530273,0,0,758.2667699525898,77.5318146,12.9361117
1765985479934812700,2652.329812744141,0,0.070694699883461,0.6379182934761047,3.7899999618530273,0,0,758.2622239140796,77.5318146,12.9361117
1765985480934943500,2653.3299436035154,0,0.07069432735443115,0.6316943764686584,3.7899999618530273,0,0,758.2599508957244,77.5318146,12.9361117
1765985481933712400,2654.3287124023436,19.919347763061523,0.672600507736206,0.6384194493293762,3.7899999618530273,0.9399999976158142,201,758.2770595586741,77.5318133,12.9361034
1765985482935098600,2655.3300986328127,27.009933471679688,0.9416717290878296,0.6449196934700012,3.7899999618530273,1.2400000095367432,200,758.2906976778119,77.5318104,12.9360905
1765985483934069500,2656.3290695800783,26.28202247619629,0.8168923258781433,0.6116736531257629,3.7899999618530273,1.9500000476837158,202,758.2952437223294,77.5318073,12.9360712
1765985484934937900,2657.329937744141,20.418720245361328,0.819087564945221,0.6184691786766052,3.7899999618530273,2.559999942779541,201,758.3043358185764,77.5318,12.9360455
1765985485933926100,2658.3289260253905,6.9924540519714355,0.611882209777832,0.6297141909599304,3.7899999618530273,2.6700000762939453,201,758.308881870304,77.5317892,12.9360169
1765985486933976600,2659.3289765625,6.442951202392578,0.7775948643684387,0.6382626295089722,3.7899999618530273,2.609999895095825,208,758.1897364456648,77.5317787,12.9359896
1765985487934515700,2660.329515625,5.864433765411377,0.5240955948829651,0.6447595357894897,3.7899999618530273,2.200000047683716,216,758.1738252835412,77.5317672,12.9359693
1765985488933931300,2661.3289311523436,5.69369649887085,0.5475798845291138,0.651727557182312,3.7899999618530273,2.1600000858306885,223,758.155641134304,77.5317538,12.9359517
1765985489935108000,2662.330108154297,5.729367733001709,0.5949857234954834,0.6583613753318787,3.7899999618530273,2.0199999809265137,238,758.1169999448397,77.5317377,12.9359381
1765985490935084000,2663.330083984375,5.707843780517578,0.607753574848175,0.668255627155304,3.7899999618530273,1.8300000429153442,257,758.0624479729344,77.5317197,12.9359307
1765985491934550500,2664.3295505371093,5.611998558044434,0.5458886623382568,0.6752256751060486,3.7899999618530273,1.6699999570846558,265,758.032899132633,77.5317021,12.9359269
1765985492934085600,2665.3290856933595,5.553353309631348,0.5472695231437683,0.6810341477394104,3.7899999618530273,1.590000033378601,270,758.0147152813736,77.5316853,12.9359249
1765985493934080800,2666.3290808105467,5.582616329193115,0.6619887948036194,0.6863616108894348,3.7899999618530273,1.4199999570846558,269,758.0056233701614,77.5316708,12.9359238
1765985494934823400,2667.329823486328,5.480311393737793,0.5164558291435242,0.6871219277381897,3.7899999618530273,1.149999976158142,264,758.1008411038224,77.5316589,12.9359212
1765985495933821000,2668.328821044922,0,0.07592837512493134,0.6225904822349548,3.7899999618530273,0,0,757.9874395765728,77.5316521,12.9359194
1765985496933668000,2669.3286682128905,0,0.07059486210346222,0.6238312125205994,3.7899999618530273,0,0,757.9738017566126,77.5316514,12.9359183
1765985497933904600,2670.3289045410156,0,0.07067720592021942,0.6293565034866333,3.7899999618530273,0,0,758.0667465313942,77.5316505,12.9359178
1765985498933942800,2671.3289428710937,0,0.07069435715675354,0.635314404964447,3.7899999618530273,0,0,758.0712924665745,77.5316494,12.9359176
1765985499934626000,2672.3296259765625,0,0.07069376856088638,0.6384962201118469,3.7899999618530273,0,0,758.073565435066,77.531648,12.9359167
1765985500935210200,2673.330210205078,0,0.07069363445043564,0.6415311694145203,3.7899999618530273,0,0,758.0803843441455,77.5316466,12.9359163
1765985501933911000,2674.3289111328127,0,0.07071886211633682,0.6292317509651184,3.7899999618530273,0,0,758.0940221785219,77.5316447,12.9359153
1765985502933758500,2675.328758544922,0,0.07070618867874146,0.636508047580719,3.7899999618530273,0,0,758.1076600345267,77.5316435,12.9359151
1765985503935329800,2676.3303298339843,0,0.07069381326436996,0.6433421969413757,3.7899999618530273,0,0,758.1122059913355,77.5316426,12.9359148
1765985504933315800,2677.3283159179687,0,0.07069360464811325,0.6488139033317566,3.7899999618530273,0,0,758.1099330126308,77.5316418,12.9359147
1765985505934136300,2678.329136230469,0,0.07069333642721176,0.6510381102561951,3.7899999618530273,0,0,758.1258438761756,77.5316414,12.9359147
1765985506933938200,2679.328938232422,0,0.07069341838359833,0.6549458503723145,3.7899999618530273,0,0,758.1440277562721,77.5316412,12.9359147
1765985507934611700,2680.329611816406,0,0.0706942081451416,0.6126735806465149,3.7899999618530273,0,0,758.1531197107386,77.5316411,12.9359148
1765985508934943000,2681.329942871094,0,0.07069388031959534,0.613090991973877,3.7899999618530273,0,0,758.1793203377654,77.531641,12.9359149
1765985509933357600,2682.3283576660156,0,0.07069329917430878,0.6204150915145874,3.7899999618530273,0,0,758.1793203377654,77.5316409,12.9359149
1765985510935030000,2683.3300300292967,0,0.07069312781095505,0.6259977221488953,3.7899999618530273,0,0,758.1725013638064,77.5316409,12.9359149
1765985511934660400,2684.329660400391,0,0.07069289684295654,0.6363359689712524,3.7899999618530273,0,0,758.1656823952533,77.531641,12.9359149
1765985512934056700,2685.329056640625,0,0.07069316506385803,0.6431444883346558,3.7899999618530273,0,0,758.1656823952533,77.531641,12.9359149
1765985513934866400,2686.329866455078,0,0.07069309055805206,0.6139934659004211,3.7899999618530273,0,0,758.1793203377654,77.531641,12.935915
1765985514935432400,2687.3304323730467,0,0.070693738758564,0.6229774355888367,3.7899999618530273,0,0,758.0533560112591,77.531641,12.9359149
1765985515933897700,2688.328897705078,0,0.07069297879934311,0.6291932463645935,3.7899999618530273,0,0,758.0374451014557,77.531641,12.9359149
1765985516934137000,2689.329137207031,19.051494598388672,0.8717444539070129,0.6369938254356384,3.7899999618530273,0.6800000071525574,266,758.0374451014557,77.5316358,12.9359135
1765985517934271500,2690.329271484375,4.671898365020752,0.6029530763626099,0.6478232741355896,3.7899999618530273,1.7799999713897705,228,758.0283531662137,77.5316234,12.9359056
1765985518934962700,2691.3299626464845,4.595682144165039,0.8463312983512878,0.6537433862686157,3.7899999618530273,2.259999990463257,209,758.0306261491232,77.5316102,12.9358897
1765985519934035200,2692.32903515625,4.452322959899902,0.5943270325660706,0.6224634647369385,3.7899999618530273,3.680000066757202,195,758.032899132633,77.5315981,12.9358586
1765985520933317600,2693.3283176269533,4.218931674957275,0.5699139833450317,0.6410788297653198,3.7899999618530273,4.409999847412109,186,758.0601749816135,77.5315888,12.9358188
1765985521933620000,2694.328619873047,3.933255672454834,0.7855995893478394,0.6281093955039978,3.7899999618530273,5.809999942779541,183,758.1758496389555,77.5315771,12.9357627
1765985522934817000,2695.329817138672,3.6696434020996094,0.7996619343757629,0.6400638818740845,3.7899999618530273,7.539999961853027,185,758.0988159157547,77.5315641,12.935701
1765985523934610700,2696.3296105957033,3.417666435241699,0.7954909801483154,0.6421615481376648,3.7899999618530273,8.770000457763672,186,758.1169999448397,77.5315477,12.9356262
1765985524933584000,2697.328583984375,2.954113483428955,0.7738281488418579,0.646855890750885,3.7899999618530273,10.489999771118164,189,758.2283779619484,77.5315277,12.9355333
1765985525934344700,2698.3293447265623,2.984813690185547,0.810370683670044,0.6537898778915405,3.7899999618530273,11.59000015258789,188,758.3306651666749,77.531505,12.9354318
1765985526934376700,2699.3293767089845,2.7970595359802246,0.7985438108444214,0.6584890484809875,3.7899999618530273,13.149999618530273,186,758.671377004684,77.5314856,12.9353168
1765985527934345000,2700.329344970703,2.434746265411377,0.7803230285644531,0.6582823395729065,3.7899999618530273,14.729999542236328,184,758.7963998873493,77.531469,12.935187
1765985528934831600,2701.329831542969,2.433044910430908,0.8116374611854553,0.6730555295944214,3.7899999618530273,15.8100004196167,183,759.0540307539878,77.5314517,12.9350427
1765985529933963500,2702.328963623047,3.0766007900238037,0.8159748315811157,0.6707811951637268,3.7899999618530273,17.110000610351562,183,759.4579148433642,77.5314424,12.9348891
1765985530935141600,2703.3301416015624,1.053876519203186,0.30287566781044006,0.7050905227661133,3.7899999618530273,18.479999542236328,181,759.5768956626879,77.5314388,12.9347271
1765985531934952700,2704.3299526367186,1.0396753549575806,0.31257903575897217,0.711204469203949,3.7899999618530273,19.329999923706055,178,759.7951443326593,77.5314491,12.9345569
1765985532934337300,2705.329337158203,0.26799115538597107,0.0846310555934906,0.7146008014678955,3.7899999618530273,20.270000457763672,177,760.0306608459792,77.5314543,12.9343727
1765985533933922800,2706.3289228515623,0.24906937777996063,0.08213907480239868,0.7218589782714844,3.7899999618530273,21.170000076293945,176,760.2945427074415,77.5314647,12.9341861
1765985534934888200,2707.3298881835935,0.19325712323188782,0.06644372642040253,0.719760537147522,3.7899999618530273,22.059999465942383,175,760.4559666891504,77.5314738,12.9339861
1765985535934027800,2708.3290278320314,0.18165047466754913,0.06309368461370468,0.7259304523468018,3.7899999618530273,22.290000915527344,175,760.6173937008834,77.5314919,12.9337896
1765985536934997000,2709.3299970703124,0.24836280941963196,0.09008164703845978,0.7317513227462769,3.7899999618530273,23.280000686645508,175,760.6219409845314,77.5315062,12.9335816
1765985537933848600,2710.3288486328124,0.269912451505661,0.09985741972923279,0.722649335861206,3.7899999618530273,23.75,175,760.719708164505,77.531522,12.9333681
1765985538934512600,2711.3295126953126,0.16116879880428314,0.06126289814710617,0.7291470170021057,3.7899999618530273,24.389999389648438,175,760.7515395792236,77.5315381,12.933154
1765985539933678300,2712.3286782226564,0.1617918610572815,0.06281819939613342,0.7349792122840881,3.7899999618530273,24.920000076293945,175,760.7686482421733,77.5315529,12.9329327
1765985540934954500,2713.329954589844,0.1862058788537979,0.07338801771402359,0.7361714243888855,3.7899999618530273,25.290000915527344,175,760.7754692749409,77.5315705,12.9327053
1765985541933294600,2714.3282946777344,0.23247383534908295,0.09265267103910446,0.75058913230896,3.7899999618530273,25.579999923706055,176,760.7754692749409,77.5315879,12.9324767
1765985542933854700,2715.328854736328,2.0568699836730957,0.8252613544464111,0.7573955655097961,3.7899999618530273,25.84000015258789,176,760.6958908959365,77.5316044,12.9322438
1765985543934893800,2716.329893798828,1.8910328149795532,0.7992834448814392,0.7685896754264832,3.7899999618530273,26.149999618530273,176,760.6208605273201,77.5316227,12.932007
1765985544934507500,2717.3295075683595,1.5648952722549438,0.7786658406257629,0.7773602604866028,3.7899999618530273,26.40999984741211,176,760.460788522312,77.5316418,12.9317697
1765985545934946000,2718.329946044922,1.3963634967803955,0.7949648499488831,0.7840091586112976,3.7899999618530273,26.6200008392334,175,760.4380522964279,77.5316577,12.9315271
1765985546933671400,2719.3286713867187,1.27858304977417,0.7871997356414795,0.7901685237884521,3.7899999618530273,26.75,175,760.5335448490762,77.531675,12.9312852
1765985547934385400,2720.329385498047,1.2505860328674316,0.8019478917121887,0.8062602877616882,3.7899999618530273,26.770000457763672,175,760.5653759355889,77.5316964,12.9310438
1765985548933337900,2721.328337890625,1.2411469221115112,0.8172683119773865,0.8109539151191711,3.7899999618530273,27.139999389648438,176,760.6108491206962,77.5317183,12.930798
1765985549935147500,2722.3301474609375,1.22768235206604,0.7859405875205994,0.8179157972335815,3.7899999618530273,27.56999969482422,176,760.7177120521542,77.531739,12.9305524
1765985550934737200,2723.329737060547,0.0897742509841919,0.03933480381965637,0.8236744403839111,3.7899999618530273,28.110000610351562,175,760.8336712034007,77.5317575,12.9303027
1765985551933495800,2724.328495849609,0.09208783507347107,0.0406513437628746,0.8391017913818359,3.7899999618530273,28.329999923706055,175,761.0246661551257,77.5317768,12.930048
1765985552933505500,2725.3285056152345,0.12464669346809387,0.055333707481622696,0.8490161895751953,3.7899999618530273,28.489999771118164,176,761.8159761459211,77.5317956,12.9297909
1765985553935038700,2726.3300388183593,0.3201657831668854,0.14238061010837555,0.8428709506988525,3.7899999618530273,28.549999237060547,176,762.7711024208044,77.5318107,12.9295346
1765985554934391600,2727.3293916015623,0.15481531620025635,0.06919748336076736,0.8444785475730896,3.7899999618530273,28.68000030517578,176,763.9742576691084,77.5318276,12.9292754
1765985555933327400,2728.328327392578,0.09222687780857086,0.04122835397720337,0.8492142558097839,3.7899999618530273,28.68000030517578,175,764.9046008444473,77.5318496,12.9290158
1765985556933628400,2729.328628417969,0.04281102493405342,0.01926053687930107,0.8554163575172424,3.7899999618530273,28.8700008392334,175,766.7313844357458,77.5318696,12.9287565
1765985557933935900,2730.3289357910157,0.1187998577952385,0.05357510969042778,0.8605263829231262,3.7899999618530273,28.940000534057617,175,767.5730006205649,77.5318901,12.9284955
1765985558934960600,2731.329960693359,0.19997873902320862,0.08991661667823792,0.8638451099395752,3.7899999618530273,28.860000610351562,175,768.0167308373552,77.5319124,12.9282355
1765985559934257400,2732.329257324219,0.21107082068920135,0.09467653930187225,0.8751952052116394,3.7899999618530273,28.790000915527344,175,769.5560661680684,77.5319339,12.9279747
1765985560935135200,2733.330135253906,0.553581714630127,0.24639703333377838,0.881495475769043,3.7899999618530273,28.59000015258789,175,770.29580913231,77.5319546,12.9277167
1765985561933506300,2734.3285063476565,0.19907039403915405,0.08775992691516876,0.9076468348503113,3.7899999618530273,28.290000915527344,175,770.7556199031218,77.5319765,12.9274594
1765985562934537000,2735.3295368652343,0.11650432646274567,0.05123760551214218,0.913771390914917,3.7899999618530273,28.219999313354492,175,771.9507876414445,77.532,12.9272074
1765985563934758400,2736.329758300781,0.7051692008972168,0.3069768249988556,0.9172382354736328,3.7899999618530273,27.969999313354492,176,773.5321917833847,77.532016,12.9269568
1765985564933996000,2737.32899609375,0.7696112394332886,0.33773064613342285,0.9214662909507751,3.7899999618530273,28.200000762939453,176,774.4089858541655,77.5320275,12.926699
1765985565933455600,2738.3284555664063,0.1768045425415039,0.07744763791561127,0.9192953109741211,3.7899999618530273,28.110000610351562,176,775.4156070891117,77.532049,12.9264473
1765985566934594800,2739.3295947265624,0.21903833746910095,0.09621927887201309,0.9286289811134338,3.7899999618530273,28.190000534057617,176,775.7299156846846,77.5320662,12.9261929
1765985567933603300,2740.3286032714846,0.13909319043159485,0.06133067607879639,0.9351347088813782,3.7899999618530273,28.299999237060547,176,775.7595250574697,77.5320811,12.9259365
1765985568933902300,2741.32890234375,0.1016198918223381,0.04477648809552193,0.9251496195793152,3.7899999618530273,28.270000457763672,177,775.8210217728375,77.5320956,12.9256785
1765985569934738700,2742.329738769531,0.20833683013916016,0.09091106057167053,0.9316481351852417,3.7899999618530273,28.010000228881836,176,775.9007403917087,77.5321102,12.9254238
1765985570933803000,2743.328802978516,0.15170186758041382,0.06569849699735641,0.9374803304672241,3.7899999618530273,27.790000915527344,175,775.9679582790344,77.5321318,12.9251743
1765985571934257000,2744.3292568359375,0.06387492269277573,0.027382338419556618,0.9428918361663818,3.7899999618530273,27.510000228881836,175,776.0886771549015,77.5321472,12.9249227
1765985572934604800,2745.3296047363283,0.044858016073703766,0.018845373764634132,0.9521397352218628,3.7899999618530273,26.950000762939453,175,776.2708975353933,77.532161,12.9246785
1765985573933968100,2746.328968017578,0.12459815293550491,0.051384564489126205,0.9594908952713013,3.7899999618530273,26.459999084472656,175,776.4280657147654,77.5321756,12.924437
1765985574934941400,2747.32994140625,0.08515330404043198,0.034994713962078094,0.9708362817764282,3.7899999618530273,26.3700008392334,176,776.9952617267526,77.5321926,12.9241979
1765985575934622200,2748.329622314453,0.1388433575630188,0.0566975437104702,0.9789297580718994,3.7899999618530273,26.200000762939453,176,778.0425059138994,77.5322053,12.9239605
1765985576933852400,2749.328852294922,0.1403757929801941,0.05578440800309181,0.9855775237083435,3.7899999618530273,25.5,176,778.7920922133948,77.5322185,12.9237299
1765985577934372000,2750.3293720703123,0.13512492179870605,0.05438225343823433,0.9915944933891296,3.7899999618530273,25.829999923706055,176,779.5850388012673,77.532231,12.9234962
1765985578934499000,2751.3294990234376,0.15673889219760895,0.06305850297212601,1.0010042190551758,3.7899999618530273,25.81999969482422,177,779.9519152656098,77.5322407,12.9232607
1765985579934865000,2752.3298649902345,0.15095382928848267,0.06004232540726662,1.0131899118423462,3.7899999618530273,25.530000686645508,177,780.5398617405791,77.5322512,12.9230282
1765985580934759000,2753.329759033203,0.1696189045906067,0.06677437573671341,1.0191150903701782,3.7899999618530273,25.260000228881836,178,781.234966594034,77.5322588,12.9228013
1765985581934759200,2754.329759277344,0.21988330781459808,0.08601381629705429,1.0255333185195923,3.7899999618530273,25.110000610351562,179,781.4218568264729,77.5322614,12.9225752
1765985582934526700,2755.329526611328,0.2702787518501282,0.10435058921575546,1.0404833555221558,3.7899999618530273,24.780000686645508,180,782.2446779803735,77.5322635,12.922349
1765985583934946300,2756.3299462890627,0.8672091364860535,0.33319711685180664,1.050453543663025,3.7899999618530273,24.690000534057617,182,783.1724405722248,77.5322553,12.922125
1765985584934924000,2757.329924072266,0.779683530330658,0.2960146367549896,1.0452845096588135,3.7899999618530273,24.399999618530273,182,784.2507769148366,77.5322439,12.9219027
1765985585934303000,2758.3293029785154,0.1842457354068756,0.06916806101799011,1.050458312034607,3.7899999618530273,24.09000015258789,183,784.7409744990902,77.5322327,12.9216858
1765985586934325500,2759.329325439453,0.1173296719789505,0.04349426552653313,1.0525219440460205,3.7899999618530273,23.790000915527344,184,785.892478727551,77.5322177,12.9214702
1765985587933947400,2760.328947509766,0.34015706181526184,0.1245230957865715,1.057785153388977,3.7899999618530273,23.5,185,786.7271399670393,77.5322035,12.921257
1765985588934084400,2761.329084472656,0.12273582071065903,0.0443635918200016,1.0639550685882568,3.7899999618530273,23.190000534057617,186,787.4882958513801,77.5321835,12.921048
1765985589934057200,2762.3290571289062,0.1366044282913208,0.04693995788693428,1.0659093856811523,3.7899999618530273,22.049999237060547,186,788.0972793668826,77.5321633,12.9208472
1765985590933481700,2763.328481689453,0.2951856255531311,0.10152477025985718,1.0771666765213013,3.7899999618530273,22.079999923706055,186,788.8214990424566,77.5321414,12.9206498
1765985591934419200,2764.3294191894533,0.22266075015068054,0.07629456371068954,1.0835071802139282,3.7899999618530273,21.989999771118164,187,789.4397098559207,77.5321179,12.9204509
1765985592933759500,2765.3287595214842,0.08561907708644867,0.02916274406015873,1.081506371498108,3.7899999618530273,21.850000381469727,186,789.8879863329728,77.5320956,12.9202528
1765985593933599000,2766.328598876953,0.0792701318860054,0.027043689042329788,1.1163095235824585,3.7899999618530273,21.889999389648438,185,789.895982501213,77.5320735,12.9200567
1765985594933395000,2767.3283950195314,0.9280608892440796,0.3180060386657715,1.1197490692138672,3.7899999618530273,22.020000457763672,186,790.2689941160835,77.5320495,12.9198591
1765985595934743800,2768.329743896484,0.8667522072792053,0.30006393790245056,1.1275389194488525,3.7899999618530273,22.25,187,791.4166682394377,77.532022,12.9196574
1765985596933212000,2769.3282119140626,0.06463910639286041,0.022541800513863564,1.1219546794891357,3.7899999618530273,22.3700008392334,187,791.9894058973555,77.5319938,12.9194572
1765985597934874600,2770.3298745117186,0.06748763471841812,0.023628441616892815,1.1312661170959473,3.7899999618530273,22.459999084472656,187,792.4891675579016,77.5319658,12.9192562
1765985598935086800,2771.3300869140626,0.3354269564151764,0.11802215129137039,1.1377589702606201,3.7899999618530273,22.59000015258789,188,792.9341852610445,77.5319378,12.919056
1765985599934725600,2772.3297255859375,0.3507298529148102,0.12414287030696869,1.1436314582824707,3.7899999618530273,22.719999313354492,188,793.8379843922493,77.5319104,12.9188563
1765985600934795800,2773.329795654297,0.2068338841199875,0.07360382378101349,1.1340858936309814,3.7899999618530273,22.84000015258789,187,794.6049187543697,77.5318824,12.9186548
1765985601933937400,2774.3289375,0.08829644322395325,0.031798187643289566,1.1399012804031372,3.7899999618530273,23.110000610351562,187,795.2315151022068,77.5318557,12.9184509
1765985602934591000,2775.3295910644533,0.07991698384284973,0.028976736590266228,1.14518404006958,3.7899999618530273,23.260000228881836,187,796.2108947705192,77.5318279,12.9182414
1765985603933878300,2776.3288781738283,0.17833742499351501,0.06522047519683838,1.1541639566421509,3.7899999618530273,23.469999313354492,186,796.8684429982521,77.5318037,12.9180322
1765985604933553400,2777.328553466797,0.07926440238952637,0.029274940490722656,1.1614989042282104,3.7899999618530273,23.700000762939453,186,798.053526650691,77.5317812,12.91782
1765985605933339100,2778.328339111328,0.07571198046207428,0.028105609118938446,0.5857058167457581,3.7899999618530273,23.81999969482422,186,798.4577254741491,77.5317579,12.917607
1765985606933847800,2779.3288479003904,0.07294631004333496,0.027254905551671982,0.5902472734451294,3.7899999618530273,23.969999313354492,186,798.6609738684207,77.5317329,12.9173909
1765985607935206700,2780.330206542969,0.0671297088265419,0.025380326434969902,0.5916803479194641,3.7899999618530273,24.260000228881836,187,799.6974447967561,77.5317045,12.917172
1765985608935273200,2781.3302731933595,0.16961221396923065,0.06650623679161072,0.5913808941841125,3.7899999618530273,25.15999984741211,187,799.8367712975421,77.5316702,12.9169476
1765985609934412000,2782.329412109375,0.2100895494222641,0.08560217171907425,0.5945833325386047,3.7899999618530273,26.149999618530273,188,799.989804645496,77.5316371,12.9167149
1765985610934218500,2783.3292185058594,0.09247540682554245,0.038711726665496826,0.5984764695167542,3.7899999618530273,26.860000610351562,187,800.049191454246,77.5316044,12.9164762
1765985611935326700,2784.330326660156,0.10736905038356781,0.04507841914892197,0.598872721195221,3.7899999618530273,26.940000534057617,186,800.049191454246,77.5315694,12.9162375
1765985612933598200,2785.328598144531,0.7032965421676636,0.29519620537757874,0.5982436537742615,3.7899999618530273,26.969999313354492,185,800.049191454246,77.5315467,12.9159971
1765985613934400300,2786.329400146484,0.74293452501297,0.31209826469421387,0.6074605584144592,3.7899999618530273,26.989999771118164,185,799.9509750307337,77.5315217,12.9157572
1765985614934689300,2787.3296892089843,0.15143543481826782,0.06318612396717072,0.6109735369682312,3.7899999618530273,26.780000686645508,184,799.7636817041879,77.5314998,12.9155142
1765985615933606700,2788.328606689453,0.07877469062805176,0.03244597464799881,0.6003926396369934,3.7899999618530273,26.43000030517578,184,799.5855284227193,77.53148,12.9152723
1765985616934906600,2789.3299067382814,0.08331476897001266,0.03424079716205597,0.599062979221344,3.7899999618530273,26.3700008392334,185,799.2771949258776,77.5314574,12.9150322
1765985617935511000,2790.330510986328,0.07841714471578598,0.03182658180594444,0.5936324000358582,3.7899999618530273,26.040000915527344,184,797.8521526062502,77.5314369,12.9147967
1765985618933423000,2791.3284230957033,0.14035442471504211,0.05601859092712402,0.5938735604286194,3.7899999618530273,25.610000610351562,185,797.3520735357371,77.5314178,12.9145646
1765985619934155000,2792.329155029297,0.6974621415138245,0.2761470377445221,0.5914871692657471,3.7899999618530273,25.440000534057617,186,797.0362788331561,77.5313905,12.9143353
1765985620934832600,2793.3298325195315,0.7330684065818787,0.2881537973880768,0.5881346464157104,3.7899999618530273,25.260000228881836,188,795.4038814496192,77.5313575,12.9141067
1765985621935054600,2794.3300546875,0.34803396463394165,0.13690157234668732,0.5927636027336121,3.7899999618530273,25.25,190,794.8092910843661,77.5313193,12.9138806
1765985622934135000,2795.3291350097657,0.3186149597167969,0.12563754618167877,0.5926369428634644,3.7899999618530273,25.309999465942383,192,794.6015653877575,77.5312704,12.9136572
1765985623935176400,2796.330176513672,0.15082861483097076,0.059994813054800034,0.591424822807312,3.7899999618530273,25.530000686645508,193,794.6015653877575,77.5312161,12.9134345
1765985624934154000,2797.3291540527343,0.15097905695438385,0.06083042919635773,0.6129023432731628,3.7899999618530273,25.860000610351562,195,794.6015653877575,77.5311534,12.9132087
1765985625933304800,2798.3283049316406,0.08772969245910645,0.03585917875170708,0.6147416830062866,3.7899999618530273,26.229999542236328,197,794.5202555114954,77.5310859,12.9129821
1765985626934710000,2799.3297099609376,0.13105347752571106,0.05404113978147507,0.6100346446037292,3.7899999618530273,26.459999084472656,198,794.6642977759014,77.5310126,12.912755
1765985627934579500,2800.329579345703,0.18520094454288483,0.07717926800251007,0.6022562384605408,3.7899999618530273,26.75,200,795.2121236332565,77.5309262,12.9125264
1765985628933417000,2801.3284169921876,0.22942650318145752,0.09646210819482803,0.6019704341888428,3.7899999618530273,26.989999771118164,202,796.6778097809813,77.530837,12.9123032
1765985629933154600,2802.3281545410155,0.15331459045410156,0.06480193138122559,0.6013572812080383,3.7899999618530273,27.1200008392334,204,797.2783109743353,77.530736,12.9120799
1765985630934707500,2803.3297075195314,0.10196010023355484,0.04326946660876274,0.5886252522468567,3.7899999618530273,27.229999542236328,205,798.7260794035808,77.5306297,12.9118588
1765985631934344200,2804.3293442382815,0.15856771171092987,0.06700151413679123,0.5854371786117554,3.7899999618530273,27.1200008392334,207,800.3944896288696,77.5305182,12.9116414
1765985632933742600,2805.328742675781,0.09562113881111145,0.04010115936398506,0.5844478011131287,3.7899999618530273,26.90999984741211,208,801.2602363584888,77.5304019,12.9114277
1765985633934524400,2806.3295244140627,0.14683334529399872,0.061191145330667496,0.582341194152832,3.7899999618530273,26.739999771118164,210,802.6903941401232,77.530282,12.9112159
1765985634934458400,2807.329458251953,0.14705020189285278,0.06083182618021965,0.5888710021972656,3.7899999618530273,26.549999237060547,210,803.1218762134228,77.5301625,12.9110079
1765985635935193600,2808.3301936035155,0.05503453314304352,0.022617746144533157,0.5937784910202026,3.7899999618530273,26.3700008392334,210,804.0610346058029,77.5300336,12.9108021
1765985636934130400,2809.329130371094,0.12177334725856781,0.05003040283918381,0.5934411287307739,3.7899999618530273,26.360000610351562,211,805.6036705942778,77.5299058,12.9105991
1765985637933953000,2810.328953125,0.1264626681804657,0.05197538807988167,0.5886367559432983,3.7899999618530273,26.3700008392334,210,806.416119647482,77.5297829,12.9103972
1765985638935053800,2811.3300537109376,0.12926673889160156,0.053020887076854706,0.5881999135017395,3.7899999618530273,26.31999969482422,210,806.87455344195,77.5296574,12.9101924
1765985639934938400,2812.3299384765623,0.17116832733154297,0.07052582502365112,0.5891268253326416,3.7899999618530273,26.440000534057617,211,807.3350742659928,77.529532,12.9099874
1765985640933676300,2813.328676269531,0.10843098163604736,0.04491311311721802,0.5925827026367188,3.7899999618530273,26.579999923706055,211,808.2221186246451,77.529406,12.9097831
1765985641934031400,2814.32903125,0.058174923062324524,0.024346495047211647,0.5991820096969604,3.7899999618530273,26.850000381469727,211,808.544136867769,77.5292792,12.9095749
1765985642933854000,2815.328854003906,0.04979121685028076,0.020990436896681786,0.5991787314414978,3.7899999618530273,27.049999237060547,211,809.4038700526397,77.5291524,12.9093645
1765985643933751300,2816.328751220703,0.10108489543199539,0.04265279695391655,0.5950366854667664,3.7899999618530273,27.079999923706055,211,809.567799971476,77.5290254,12.9091526
1765985644933383700,2817.3283837890626,0.17913416028022766,0.07592763751745224,0.5976865291595459,3.7899999618530273,27.200000762939453,211,809.567799971476,77.5288965,12.908941
1765985645934464300,2818.3294643554686,0.7251406908035278,0.30659541487693787,0.592829704284668,3.7899999618530273,27.170000076293945,211,809.6652906814379,77.5287681,12.908732
1765985646934493000,2819.329492919922,0.7292966246604919,0.30986642837524414,0.5969125628471375,3.7899999618530273,27.299999237060547,210,809.5313199320659,77.5286383,12.9085193
1765985647934084400,2820.329084472656,0.09725658595561981,0.04113493487238884,0.5972543954849243,3.7899999618530273,27.139999389648438,211,809.5313199320659,77.528511,12.9083073
1765985648933847300,2821.3288474121096,0.0577278770506382,0.02410898730158806,0.5909468531608582,3.7899999618530273,26.799999237060547,210,809.0012981409207,77.5283812,12.9081006
1765985649934868000,2822.329867919922,0.16347435116767883,0.06726547330617905,0.5904968976974487,3.7899999618530273,26.40999984741211,210,808.2947993792391,77.5282547,12.9078929
1765985650934456600,2823.3294565429687,0.15066032111644745,0.0614234134554863,0.5904816389083862,3.7899999618530273,26.15999984741211,211,807.3981443465851,77.5281329,12.9076905
1765985651934991400,2824.329991455078,0.10342966765165329,0.041739899665117264,0.5906671285629272,3.7899999618530273,25.889999389648438,210,806.7877831024006,77.5280076,12.9074892
1765985652934056200,2825.3290561523436,0.11839651316404343,0.047436103224754333,0.5935142636299133,3.7899999618530273,25.709999084472656,211,805.2326581133036,77.5278843,12.9072901
1765985653934387200,2826.3293872070312,0.07895636558532715,0.03159122169017792,0.5927166938781738,3.7899999618530273,25.670000076293945,211,803.6923572443487,77.5277623,12.9070908
1765985654934520300,2827.329520263672,0.0680377259850502,0.027353860437870026,0.6093440055847168,3.7899999618530273,25.799999237060547,211,802.1751792223064,77.5276424,12.9068914
1765985655934111000,2828.3291110839846,0.1259760558605194,0.050847116857767105,0.6119418740272522,3.7899999618530273,25.899999618530273,211,801.7913573266302,77.5275192,12.9066932
1765985656933853000,2829.328853027344,0.2393924444913864,0.09762315452098846,0.6119661927223206,3.7899999618530273,26.170000076293945,210,800.9643707463758,77.5273974,12.9064937
1765985657934007300,2830.3290073242188,0.16401295363903046,0.0669543668627739,0.6131720542907715,3.7899999618530273,26.200000762939453,211,800.6468473045364,77.527276,12.9062904
1765985658935057000,2831.330056884766,0.052982449531555176,0.02186293713748455,0.6020562648773193,3.7899999618530273,26.479999542236328,211,798.8037789068239,77.5271507,12.9060876
1765985659933984000,2832.3289838867186,0.049587637186050415,0.02051403373479843,0.6017063856124878,3.7899999618530273,26.540000915527344,210,798.0296152514014,77.527025,12.9058847
1765985660934701800,2833.329701904297,0.0453154593706131,0.018843738362193108,0.6009848713874817,3.7899999618530273,26.68000030517578,211,797.7692926883814,77.5268966,12.905676
1765985661934461700,2834.329461669922,0.04770752042531967,0.01985863409936428,0.5859646797180176,3.7899999618530273,26.709999084472656,211,795.8410459849832,77.5267653,12.9054703
1765985662933594000,2835.3285939941406,0.13854193687438965,0.05785965919494629,0.5823377966880798,3.7899999618530273,26.799999237060547,211,794.9347554030583,77.5266376,12.9052655
1765985663933506600,2836.3285065917967,0.1506854146718979,0.06273800879716873,0.5823271870613098,3.7899999618530273,26.719999313354492,212,794.2111612177071,77.5265068,12.9050618
1765985664934164500,2837.329164550781,0.07269464433193207,0.030229389667510986,0.580170214176178,3.7899999618530273,26.68000030517578,214,793.3552530085192,77.5263718,12.9048604
1765985665933883600,2838.328883544922,0.24110327661037445,0.10019956529140472,0.5856485366821289,3.7899999618530273,26.68000030517578,216,792.6039131878416,77.5262266,12.9046634
1765985666933980200,2839.3289802246095,0.24934393167495728,0.10353227704763412,0.5908521413803101,3.7899999618530273,26.649999618530273,218,791.7960738042206,77.5260759,12.9044727
1765985667933863700,2840.3288637695314,0.0734071135520935,0.030364088714122772,0.5905435085296631,3.7899999618530273,26.540000915527344,219,790.6255259552956,77.5259226,12.9042889
1765985668933478400,2841.328478515625,0.9611728191375732,0.39894789457321167,0.5856578946113586,3.7899999618530273,26.68000030517578,219,789.4285845685671,77.5257662,12.9040996
1765985669934207700,2842.329207763672,0.45281192660331726,0.18545269966125488,0.5863215327262878,3.7899999618530273,26.299999237060547,222,788.573130658099,77.525607,12.9039196
1765985670934329600,2843.329329589844,1.353386402130127,0.5470984578132629,0.5862429738044739,3.7899999618530273,26,224,788.0005943760711,77.5254482,12.903753
1765985671933795300,2844.328795410156,0.511538565158844,0.2096220850944519,0.5892162919044495,3.7899999618530273,26.31999969482422,226,787.364234232815,77.5252726,12.9035852
1765985672933444000,2845.328444091797,0.2362269163131714,0.09692132472991943,0.5962827205657959,3.7899999618530273,26.329999923706055,228,786.2941639496518,77.5250901,12.9034276
1765985673934296600,2846.3292966308595,0.07771839201450348,0.03188847750425339,0.5922023057937622,3.7899999618530273,26.329999923706055,229,785.5276290181288,77.5249048,12.903268
1765985674933347000,2847.328347167969,0.07201476395130157,0.029821034520864487,0.5922195315361023,3.7899999618530273,26.56999969482422,230,784.3009353843959,77.5247162,12.9031128
1765985675933788700,2848.328788574219,0.06935569643974304,0.02856750413775444,0.5948821902275085,3.7899999618530273,26.43000030517578,231,783.0766963121926,77.5245197,12.9029682
1765985676933439700,2849.328439697266,0.16997744143009186,0.0702674388885498,0.5954641103744507,3.7899999618530273,26.530000686645508,231,782.4110662231084,77.5243291,12.9028202
1765985677934310100,2850.329310058594,0.1619984209537506,0.06670204550027847,0.5950802564620972,3.7899999618530273,26.420000076293945,231,781.1004847633179,77.5241343,12.9026708
1765985678933804500,2851.3288044433593,0.0743754655122757,0.030432213097810745,0.5942202210426331,3.7899999618530273,26.25,231,780.1028455348621,77.5239428,12.9025238
1765985679934628900,2852.32962890625,0.08706536144018173,0.03557704761624336,0.5883535146713257,3.7899999618530273,26.219999313354492,231,779.3280791591642,77.5237517,12.9023761
1765985680933487000,2853.3284870605466,0.17301203310489655,0.07034128904342651,0.5880605578422546,3.7899999618530273,26.09000015258789,232,778.1700634923412,77.5235634,12.902232
1765985681933796900,2854.328796875,0.1708241105079651,0.06945312023162842,0.5880641341209412,3.7899999618530273,26.09000015258789,231,777.3020666242417,77.5233755,12.9020837
1765985682933144000,2855.3281440429687,0.07926306128501892,0.03202759847044945,0.5913377404212952,3.7899999618530273,25.93000030517578,231,776.9775611823923,77.5231877,12.9019367
1765985683934111500,2856.3291115722654,0.07321395725011826,0.029714468866586685,0.5913317203521729,3.7899999618530273,26.040000915527344,231,776.5561376541556,77.5229983,12.901787
1765985684934129000,2857.32912890625,0.06611503660678864,0.02693849615752697,0.5906018614768982,3.7899999618530273,26.139999389648438,231,775.9547906488274,77.5228126,12.9016391
1765985685934641200,2858.3296411132815,0.13123704493045807,0.053675513714551926,0.6072200536727905,3.7899999618530273,26.25,231,775.4400345704515,77.5226258,12.9014949
1765985686934440700,2859.3294406738282,0.1332942694425583,0.055095843970775604,0.6093136668205261,3.7899999618530273,26.520000457763672,231,775.2692152470586,77.5224352,12.9013489
1765985687933927700,2860.328927734375,0.06540925800800323,0.027083732187747955,0.6102048754692078,3.7899999618530273,26.56999969482422,231,775.0756241154751,77.5222422,12.9011977
1765985688933392000,2861.328391845703,0.05725053325295448,0.023804448544979095,0.6099333167076111,3.7899999618530273,26.68000030517578,231,774.9890789015161,77.5220506,12.9010451
1765985689933721000,2862.328721191406,0.05176201090216637,0.021576231345534325,0.601409375667572,3.7899999618530273,26.739999771118164,231,774.9035912433251,77.5218581,12.9008942
1765985690934523400,2863.3295234375,0.05260834842920303,0.021984582766890526,0.6014161705970764,3.7899999618530273,26.809999465942383,231,774.7601124732757,77.5216668,12.900743
1765985691934808800,2864.3298088378906,0.05579004064202309,0.023158229887485504,0.6009219288825989,3.7899999618530273,26.6299991607666,231,774.7988490832022,77.5214745,12.9005924
1765985692934841000,2865.329841064453,0.05863786116242409,0.024394623935222626,0.5892257690429688,3.7899999618530273,26.690000534057617,231,774.7328041746621,77.5212797,12.9004417
1765985693933525500,2866.328525390625,0.11670120060443878,0.04820743948221207,0.5845154523849487,3.7899999618530273,26.510000228881836,232,774.7145849788053,77.521086,12.9002939
1765985694934358000,2867.3293579101564,0.17834094166755676,0.07356027513742447,0.5843555331230164,3.7899999618530273,26.469999313354492,231,774.461775392699,77.520898,12.9001474
1765985695934275000,2868.329275146484,0.11310586333274841,0.04664869233965874,0.58299720287323,3.7899999618530273,26.469999313354492,232,774.359295577591,77.520707,12.9000027
1765985696933573600,2869.3285737304686,0.05341393128037453,0.021952543407678604,0.5832881331443787,3.7899999618530273,26.3700008392334,231,774.2363448917099,77.5205194,12.8998499
1765985697934324200,2870.32932421875,0.10990434139966965,0.04503021016716957,0.5878997445106506,3.7899999618530273,26.290000915527344,231,774.1839678313485,77.5203304,12.8997023
1765985698933975600,2871.3289755859373,0.11745873838663101,0.04819211736321449,0.5862584114074707,3.7899999618530273,26.329999923706055,231,774.0001507873617,77.5201381,12.8995518
1765985699934193400,2872.329193359375,0.058383021503686905,0.02403881400823593,0.5829879641532898,3.7899999618530273,26.420000076293945,231,773.9204479369057,77.5199491,12.8994032
1765985700933416000,2873.328416015625,0.057546112686395645,0.023646622896194458,0.5832538604736328,3.7899999618530273,26.360000610351562,231,773.8339142499008,77.519758,12.8992553
1765985701934680300,2874.3296804199217,0.12239682674407959,0.05038974806666374,0.5831544995307922,3.7899999618530273,26.420000076293945,231,773.763321623808,77.5195725,12.8991062
1765985702933781200,2875.32878125,0.13679254055023193,0.05625998228788376,0.5832608938217163,3.7899999618530273,26.389999389648438,231,773.6790666673264,77.5193843,12.8989573
1765985703933934000,2876.328934082031,0.13049866259098053,0.05400538071990013,0.5934990644454956,3.7899999618530273,26.559999465942383,231,773.5692575239304,77.5191919,12.8988094
1765985704933657300,2877.3286572265624,0.06018533185124397,0.025003628805279732,0.5935068726539612,3.7899999618530273,26.65999984741211,232,773.409859863546,77.5189968,12.8986633
1765985705933540000,2878.3285400390623,0.2006530463695526,0.08331550657749176,0.5890304446220398,3.7899999618530273,26.649999618530273,231,773.4507224787969,77.518805,12.8985162
1765985706934150000,2879.329149902344,0.20922978222370148,0.08735737949609756,0.5929715633392334,3.7899999618530273,26.799999237060547,230,773.3641945426612,77.518613,12.8983679
1765985707934242000,2880.329241943359,0.12747211754322052,0.0534074492752552,0.5933201313018799,3.7899999618530273,26.889999389648438,230,773.0112118374764,77.5184221,12.8982117
1765985708933273000,2881.3282731933596,0.11421652138233185,0.047636501491069794,0.593475878238678,3.7899999618530273,26.760000228881836,228,772.7607503580791,77.5182325,12.8980535
1765985709934114800,2882.3291147460936,0.0542590469121933,0.022687064483761787,0.5914241671562195,3.7899999618530273,26.829999923706055,227,772.6201541328342,77.5180454,12.8978917
1765985710935148500,2883.3301484375,0.05594681203365326,0.023349635303020477,0.5851856470108032,3.7899999618530273,26.780000686645508,226,772.3554735971911,77.5178611,12.8977273
1765985711934899200,2884.329899169922,0.11950980871915817,0.04927933216094971,0.5856432914733887,3.7899999618530273,26.459999084472656,226,771.7999567099351,77.5176815,12.8975592
1765985712933738800,2885.3287387695314,0.12377503514289856,0.050979480147361755,0.5918362140655518,3.7899999618530273,26.43000030517578,226,771.5598564674407,77.517505,12.8973975
1765985713934470700,2886.329470703125,0.06304053962230682,0.025917408987879753,0.5891579389572144,3.7899999618530273,26.3799991607666,226,771.3686253521406,77.5173261,12.8972328
1765985714934159000,2887.3291591796874,0.058313313871622086,0.023896144703030586,0.588467001914978,3.7899999618530273,26.290000915527344,223,771.2935000059472,77.5171557,12.8970643
1765985715934664000,2888.329663818359,0.055363185703754425,0.022828128188848495,0.5880213975906372,3.7899999618530273,26.459999084472656,220,771.1136571461778,77.5169915,12.8968876
1765985716934068500,2889.329068359375,0.06252674758434296,0.025810668244957924,0.603969395160675,3.7899999618530273,26.489999771118164,221,770.9133302872015,77.5168329,12.8967081
1765985717934005800,2890.329005859375,0.07178997993469238,0.029499676078557968,0.6075083017349243,3.7899999618530273,26.3700008392334,222,770.5263484328093,77.5166683,12.8965294
1765985718934024700,2891.3290246582033,0.1721562147140503,0.0706808790564537,0.6084953546524048,3.7899999618530273,26.350000381469727,224,769.3768873734521,77.5165022,12.8963555
1765985719933779500,2892.3287795410156,0.24431416392326355,0.10007858276367188,0.5938425064086914,3.7899999618530273,26.290000915527344,224,768.7247855301927,77.5163362,12.8961809
1765985720934937900,2893.329937744141,0.12838540971279144,0.0527791865170002,0.5993528366088867,3.7899999618530273,26.3799991607666,224,768.6018919067649,77.5161678,12.8960103
1765985721933649400,2894.3286494140625,0.058245111256837845,0.023774780333042145,0.5985064506530762,3.7899999618530273,26.190000534057617,224,768.240048657783,77.5159994,12.8958389
1765985722934410500,2895.3294104003908,0.05358585715293884,0.02198086865246296,0.5981658697128296,3.7899999618530273,26.31999969482422,223,767.7280323384299,77.5158321,12.8956664
1765985723935480000,2896.3304799804687,0.11204078048467636,0.04603313282132149,0.5871310234069824,3.7899999618530273,26.360000610351562,224,766.7586982617399,77.5156644,12.8954944
1765985724934417200,2897.329417236328,0.21808838844299316,0.08959522098302841,0.5821367502212524,3.7899999618530273,26.3700008392334,224,766.4538129470626,77.5154896,12.8953244
1765985725933529600,2898.3285295410155,0.2169739305973053,0.08939431607723236,0.5821396708488464,3.7899999618530273,26.440000534057617,224,766.3355021538623,77.5153197,12.8951536
1765985726933227500,2899.3282275390625,0.11794542521238327,0.048730362206697464,0.587109386920929,3.7899999618530273,26.510000228881836,224,766.1017739648009,77.5151498,12.8949818
1765985727933820400,2900.3288203125,0.0485570952296257,0.02006828971207142,0.5836396217346191,3.7899999618530273,26.520000457763672,223,765.1144179929682,77.5149796,12.8948114
1765985728934113500,2901.3291135253908,0.0530230738222599,0.021944701671600342,0.5834029316902161,3.7899999618530273,26.549999237060547,223,764.6344310391808,77.5148135,12.8946362
1765985729934037000,2902.329037109375,0.09339476376771927,0.03847759589552879,0.5836360454559326,3.7899999618530273,26.440000534057617,223,764.0566623713225,77.5146489,12.894459
1765985730934674200,2903.329674072266,0.09185994416475296,0.03784220665693283,0.5816184878349304,3.7899999618530273,26.43000030517578,223,763.2327449506896,77.5144791,12.8942842
1765985731933144300,2904.3281442871094,0.141504168510437,0.058006852865219116,0.5801284909248352,3.7899999618530273,26.309999465942383,223,762.6556208142355,77.5143171,12.8941092
1765985732935063300,2905.3300632324217,0.15299387276172638,0.06262858957052231,0.5801187753677368,3.7899999618530273,26.270000457763672,223,761.7277838615453,77.5141501,12.8939366
1765985733933244000,2906.3282438964843,0.1618736833333969,0.06594429165124893,0.5834226012229919,3.7899999618530273,26.139999389648438,223,761.5248437180609,77.5139867,12.8937622
1765985734933754000,2907.3287541503905,0.13181445002555847,0.05358537659049034,0.590796172618866,3.7899999618530273,26.09000015258789,223,761.4907346314741,77.5138253,12.8935913
1765985735934578400,2908.3295783691406,0.08793676644563675,0.03597619757056236,0.5859094858169556,3.7899999618530273,26.25,223,761.5658415545751,77.5136616,12.893417
1765985736933466000,2909.328466064453,0.10700289905071259,0.04378180950880051,0.5861780047416687,3.7899999618530273,26.25,222,761.3639691805315,77.5134954,12.8932445
1765985737933503700,2910.3285036621096,0.15849356353282928,0.0651235356926918,0.5938431024551392,3.7899999618530273,26.3700008392334,220,761.3639691805315,77.5133381,12.8930657
1765985738934554600,2911.3295546875,0.10559133440256119,0.043507009744644165,0.5917490124702454,3.7899999618530273,26.440000534057617,220,761.4861571862244,77.5131778,12.8928808
1765985739933724000,2912.328723876953,0.7660006880760193,0.31733718514442444,0.5912676453590393,3.7899999618530273,26.6200008392334,220,761.5930314481701,77.5130213,12.8926971
1765985740934982400,2913.329982421875,0.15555687248706818,0.06463045626878738,0.5828646421432495,3.7899999618530273,26.65999984741211,219,761.6703455719717,77.5128584,12.8925128
1765985741933445000,2914.3284450683595,0.1820690780878067,0.07588639110326767,0.5832879543304443,3.7899999618530273,26.75,219,761.806783956606,77.5126999,12.8923263
1765985742933411300,2915.328411376953,0.1090850979089737,0.04532567411661148,0.5832569003105164,3.7899999618530273,26.65999984741211,217,762.0387341783257,77.5125501,12.8921355
1765985743933757000,2916.3287568359374,0.04777248203754425,0.019847827032208443,0.5867949724197388,3.7899999618530273,26.65999984741211,215,762.2331888030209,77.5124029,12.8919453
1765985744934174200,2917.3291743164064,0.08994200080633163,0.03732476383447647,0.5863950252532959,3.7899999618530273,26.6299991607666,214,763.2429567377447,77.5122621,12.891749
1765985745934372000,2918.3293720703123,0.15836571156978607,0.06549104303121567,0.5864008069038391,3.7899999618530273,26.540000915527344,214,763.6159640695236,77.5121244,12.8915498
1765985746933349600,2919.328349609375,0.23551636934280396,0.09659602493047714,0.6029099225997925,3.7899999618530273,26.329999923706055,213,763.8547882344839,77.5119898,12.8913529
1765985747933684200,2920.3286843261717,0.2257494330406189,0.0923316553235054,0.605833888053894,3.7899999618530273,26.25,214,764.1027174790789,77.5118544,12.8911508
1765985748935000800,2921.330000732422,0.21212030947208405,0.08630691468715668,0.6058291792869568,3.7899999618530273,26.110000610351562,214,764.3461045154569,77.5117213,12.8909551
1765985749933679600,2922.3286796875,0.7815516591072083,0.31818798184394836,0.6065986156463623,3.7899999618530273,26.15999984741211,213,764.8988688846421,77.5115884,12.8907575
1765985750933301000,2923.328301025391,0.7981933355331421,0.3240033686161041,0.5916917324066162,3.7899999618530273,26.079999923706055,213,765.7303223990853,77.511456,12.8905603
1765985751934255400,2924.329255371094,0.16163799166679382,0.06563014537096024,0.5966564416885376,3.7899999618530273,26.059999465942383,214,767.0135996990855,77.5113234,12.8903702
1765985752933844700,2925.3288447265627,0.14476317167282104,0.05896889790892601,0.5966560244560242,3.7899999618530273,26.139999389648438,214,767.6848566985848,77.5111908,12.8901756
1765985753934467300,2926.329467285156,0.15865957736968994,0.06483414024114609,0.5820336937904358,3.7899999618530273,26.219999313354492,214,768.0247371120055,77.5110554,12.8899806
1765985754933423400,2927.3284233398435,0.09241482615470886,0.038012370467185974,0.5760486721992493,3.7899999618530273,26.389999389648438,215,768.3456021154341,77.5109173,12.889784
1765985755933961500,2928.3289614257815,0.03981275483965874,0.016479669138789177,0.5797767639160156,3.7899999618530273,26.559999465942383,217,770.2156253563342,77.51077,12.8895929
1765985756933394000,2929.328393798828,0.10754112899303436,0.04476112499833107,0.5797069072723389,3.7899999618530273,26.709999084472656,219,770.6686022786149,77.5106187,12.8894036
1765985757934600400,2930.329600341797,0.14099520444869995,0.05913908779621124,0.5886992812156677,3.7899999618530273,26.920000076293945,220,771.8910761634912,77.5104586,12.8892188
1765985758933837000,2931.328837158203,0.11943201720714569,0.050274237990379333,0.5805791020393372,3.7899999618530273,27.010000228881836,222,772.4904765956661,77.5102983,12.8890376
1765985759934143700,2932.329143798828,0.07376859337091446,0.030950509011745453,0.5806382298469543,3.7899999618530273,26.920000076293945,223,773.3466092180917,77.5101265,12.8888605
1765985760934278100,2933.3292780761717,0.03903992101550102,0.016325535252690315,0.5797101855278015,3.7899999618530273,26.829999923706055,224,773.9386656661719,77.5099553,12.8886855
1765985761933818600,2934.3288186035156,0.10245069861412048,0.04254133254289627,0.5771735310554504,3.7899999618530273,26.639999389648438,226,774.2643140871619,77.5097812,12.8885164
1765985762934193700,2935.3291936035157,0.15991415083408356,0.06611152738332748,0.5771791338920593,3.7899999618530273,26.530000686645508,228,774.7790003732426,77.5096022,12.888352
1765985763933917200,2936.328917236328,0.10582249611616135,0.04361795634031296,0.5772573947906494,3.7899999618530273,26.450000762939453,229,775.4531493600371,77.5094185,12.8881951
1765985764933497900,2937.3284978027345,0.044835738837718964,0.01846274733543396,0.5805144906044006,3.7899999618530273,26.420000076293945,231,776.2316351871575,77.5092288,12.8880413
1765985765933910500,2938.3289106445313,0.09983545541763306,0.04111042991280556,0.5829046964645386,3.7899999618530273,26.420000076293945,232,777.5207959577004,77.5090351,12.8878944
1765985766933988400,2939.32898828125,0.049782972782850266,0.020482201129198074,0.576554000377655,3.7899999618530273,26.399999618530273,233,778.0675670141321,77.5088385,12.8877526
1765985767933747200,2940.3287473144533,0.0489392913877964,0.020226355642080307,0.5863266587257385,3.7899999618530273,26.520000457763672,235,778.2202134744749,77.5086366,12.8876154
1765985768933556700,2941.328556640625,0.10374179482460022,0.04294491931796074,0.5899029970169067,3.7899999618530273,26.559999465942383,237,778.5528301022987,77.5084341,12.8874818
1765985769935200000,2942.330199951172,0.10382132232189178,0.04152639955282211,0.5898863077163696,3.7899999618530273,25.670000076293945,239,779.2204340649937,77.5082282,12.8873601
1765985770935145500,2943.3301455078126,0.059334058314561844,0.02220800332725048,0.5852015614509583,3.7899999618530273,24.010000228881836,240,779.3548725310673,77.5080297,12.8872464
1765985771933617000,2944.3286169433595,0.14329271018505096,0.05097329616546631,0.5806100368499756,3.7899999618530273,22.829999923706055,240,779.386773492545,77.507843,12.8871408
1765985772933898800,2945.3288986816406,0.13712632656097412,0.04762159660458565,0.5809346437454224,3.7899999618530273,22.280000686645508,241,779.386773492545,77.5076588,12.8870434
1765985773934564400,2946.329564453125,0.07171585410833359,0.024139361456036568,0.5808530449867249,3.7899999618530273,21.600000381469727,243,779.386773492545,77.5074796,12.8869563
1765985774933551600,2947.3285515136718,0.1646716296672821,0.05279582366347313,0.5850122570991516,3.7899999618530273,20.56999969482422,244,779.3310787099124,77.507303,12.8868756
1765985775933886000,2948.3288859863283,0.17534299194812775,0.05488623306155205,0.5844014883041382,3.7899999618530273,20.09000015258789,244,779.2786700499745,77.5071331,12.8867967
1765985776933718500,2949.3287185058593,0.08409508317708969,0.025520775467157364,0.5832173228263855,3.7899999618530273,19.469999313354492,243,778.7044743467717,77.5069689,12.8867208
1765985777934691000,2950.329691162109,0.09050831943750381,0.026475001126527786,0.6004927158355713,3.7899999618530273,18.770000457763672,243,778.3558742301627,77.5068099,12.8866456
1765985778933646600,2951.328646484375,0.09989438951015472,0.027795182541012764,0.6042089462280273,3.7899999618530273,17.850000381469727,243,776.7292604962634,77.5066578,12.8865742
1765985779933211400,2952.3282114257813,0.0953649953007698,0.02535032294690609,0.6052679419517517,3.7899999618530273,17.049999237060547,244,776.4900785409183,77.5065124,12.886502
1765985780933868000,2953.328867919922,0.16125166416168213,0.04114214703440666,0.6057369112968445,3.7899999618530273,16.3700008392334,243,775.7554033894597,77.5063752,12.8864344
1765985781934726700,2954.3297265625,0.24746394157409668,0.06024752929806709,0.5946279764175415,3.7899999618530273,15.619999885559082,241,775.5025840282963,77.5062462,12.8863633
1765985782934387700,2955.3293876953126,0.1898837834596634,0.0438365638256073,0.5946257710456848,3.7899999618530273,14.8100004196167,240,774.5164317934201,77.5061229,12.8862967
1765985783933790200,2956.328790283203,0.09845303744077682,0.021927818655967712,0.5943103432655334,3.7899999618530273,14.289999961853027,237,773.8696866488461,77.5060095,12.8862235
1765985784933788700,2957.328788574219,0.09012939780950546,0.019060751423239708,0.5831668376922607,3.7899999618530273,13.569999694824219,235,773.6829594232656,77.5059021,12.8861505
1765985785933777700,2958.3287775878907,0.09744478762149811,0.01985844038426876,0.5778384804725647,3.7899999618530273,13.069999694824219,233,772.9247063748758,77.5058005,12.8860789
1765985786934028300,2959.3290283203123,0.2228356897830963,0.043726734817028046,0.5778440833091736,3.7899999618530273,12.59000015258789,233,772.6104949742848,77.5057056,12.8860129
1765985787933881900,2960.3288818359374,0.21419720351696014,0.04170458763837814,0.583060622215271,3.7899999618530273,12.489999771118164,234,771.9941408597782,77.5056134,12.8859461
1765985788934527500,2961.3295275878904,0.10511796176433563,0.019074199721217155,0.5779210329055786,3.7899999618530273,11.640000343322754,236,771.3885589891188,77.5055224,12.8858878
1765985789934583800,2962.3295837402343,0.19724026322364807,0.03454962745308876,0.578005850315094,3.7899999618530273,11.239999771118164,239,770.7010703561998,77.5054329,12.8858295
1765985790933900500,2963.3289006347654,0.3180103600025177,0.053571343421936035,0.577019453048706,3.7899999618530273,10.8100004196167,238,770.0887509282427,77.505345,12.8857788
1765985791933266000,2964.3282658691405,0.35725167393684387,0.05575450882315636,0.5771582126617432,3.7899999618530273,10.020000457763672,237,769.8315442459724,77.5052663,12.8857274
1765985792934090200,2965.3290903320312,0.7160019874572754,0.7429570555686951,0.5743980407714844,3.7899999618530273,9.5600004196167,236,769.355845962392,77.5051918,12.8856805
1765985793934129200,2966.3291291503906,1.1017789840698242,0.75516277551651,0.5733890533447266,3.7899999618530273,9.289999961853027,238,769.0030723617444,77.5051197,12.8856348
1765985794934525000,2967.3295249023436,1.5268536806106567,0.8314089775085449,0.5747085809707642,3.7899999618530273,9.270000457763672,240,768.3288999436164,77.505048,12.8855932
1765985795933731800,2968.3287319335936,1.917572021484375,0.7936388254165649,0.574932336807251,3.7899999618530273,9.0600004196167,242,767.9124133352644,77.5049757,12.8855516
1765985796933566200,2969.3285661621094,2.2108397483825684,0.7695139050483704,0.5824054479598999,3.7899999618530273,8.420000076293945,242,767.1212242529679,77.5049094,12.8855124
1765985797933279500,2970.3282795410155,2.5357906818389893,0.7731760740280151,0.5883753895759583,3.7899999618530273,7.619999885559082,243,766.3354924547057,77.5048449,12.8854793
1765985798934260500,2971.329260498047,2.9403765201568604,1.0060027837753296,0.5895471572875977,3.7899999618530273,5.949999809265137,245,765.8918420623878,77.5047993,12.8854559
1765985799933913900,2972.3289138183595,3.2592718601226807,0.9043402075767517,0.585495114326477,3.7899999618530273,4.510000228881836,244,765.3898006831172,77.5047589,12.8854347
1765985800934454300,2973.329454345703,3.604120969772339,0.8983048796653748,0.584220826625824,3.7899999618530273,2.9000000953674316,243,764.727810993928,77.5047379,12.8854246
1765985801933618700,2974.3286186523437,3.883655309677124,0.7415976524353027,0.5835599899291992,3.7899999618530273,2.200000047683716,244,764.1311169488725,77.5047266,12.8854103
1765985802933878000,2975.3288779296877,4.235989093780518,0.7070560455322266,0.5910164713859558,3.7899999618530273,1.1299999952316284,242,763.655737476967,77.504711,12.8854131
1765985803933519000,2976.3285190429688,4.618553161621094,0.8362739682197571,0.6055164933204651,3.7899999618530273,0.25,241,762.8626845530874,77.5047109,12.8854172
1765985804933308400,2977.3283083496094,0,0.0669313594698906,0.6070088148117065,3.7899999618530273,0,0,762.5402002932673,77.5047102,12.8854174
1765985805933365000,2978.328364990234,0,0.07082939893007278,0.6131535768508911,3.7899999618530273,0,0,762.3423471883368,77.5047103,12.8854213
1765985806933380000,2979.328380126953,0,0.07067893445491791,0.6376336812973022,3.7899999618530273,0,0,762.1945288738042,77.5047101,12.8854247
1765985807933599000,2980.328598876953,0,0.07073642313480377,0.6438289284706116,3.7899999618530273,0,0,762.1695137180955,77.5047098,12.8854272
1765985808933564400,2981.328564453125,0,0.0708271786570549,0.6542032361030579,3.7899999618530273,0,0,762.1217577137908,77.5047079,12.8854295
1765985809933666600,2982.3286665039063,0,0.0707460343837738,0.6258165836334229,3.7899999618530273,0,0,762.1228786586353,77.5047059,12.8854312
1765985810933797400,2983.3287973632814,13.603736877441406,0.2991839051246643,0.6212047338485718,3.7899999618530273,1.409999966621399,235,762.1069601294423,77.5046984,12.8854259
1765985811933818600,2984.3288186035156,32.097869873046875,1.0547099113464355,0.6277173757553101,3.7899999618530273,2.009999990463257,242,762.0910416297135,77.504685,12.885413
1765985812934029300,2985.329029296875,4.233665466308594,0.8110647797584534,0.633901834487915,3.7899999618530273,3.740000009536743,244,762.0773972248262,77.5046574,12.8853955
1765985813934542300,2986.329542236328,3.9106593132019043,0.7627918720245361,0.6293957829475403,3.7899999618530273,4.190000057220459,246,762.0364641400515,77.5046222,12.8853744
1765985814933375000,2987.328375,3.722564458847046,0.6945381164550781,0.6304669380187988,3.7899999618530273,4.980000019073486,245,762.0182717204663,77.5045808,12.8853518
1765985815933716700,2988.328716796875,3.278665542602539,0.7407494783401489,0.6008392572402954,3.7899999618530273,5.420000076293945,245,761.9978052944335,77.5045334,12.8853217
1765985816933578500,2989.328578613281,3.2912185192108154,0.8151694536209106,0.612720787525177,3.7899999618530273,6.440000057220459,248,761.9074307509915,77.5044817,12.8852964
1765985817933721600,2990.3287216796875,3.079575300216675,0.766088604927063,0.6098019480705261,3.7899999618530273,8.569999694824219,246,761.8437580064207,77.504411,12.8852666
1765985818934107100,2991.3291071777344,2.927523374557495,0.7804312705993652,0.6168384552001953,3.7899999618530273,9.829999923706055,245,761.6550165691485,77.50433,12.8852297
1765985819933614600,2992.3286145019533,2.5881991386413574,0.8046129941940308,0.6239736080169678,3.7899999618530273,11.960000038146973,245,761.4702692444578,77.5042297,12.8851818
1765985820934207700,2993.329207763672,2.5999698638916016,1.044756293296814,0.6280560493469238,3.7899999618530273,13.079999923706055,246,761.4247907810085,77.504116,12.885136
1765985821933674000,2994.3286740722656,2.322061777114868,0.7966445684432983,0.6345754861831665,3.7899999618530273,14.619999885559082,245,761.3952299087321,77.5039957,12.8850811
1765985822933698000,2995.3286979980467,2.079195976257324,0.7800537943840027,0.6408810019493103,3.7899999618530273,15.319999694824219,245,761.320191227757,77.5038627,12.8850171
1765985823934052600,2996.3290524902345,1.9415119886398315,0.795971691608429,0.6493887901306152,3.7899999618530273,15.34000015258789,245,761.2883568336331,77.5037342,12.8849551
1765985824933974800,2997.328974853516,1.8876433372497559,0.7641937732696533,0.666208028793335,3.7899999618530273,14.779999732971191,244,761.2502746151863,77.5036107,12.8848973
1765985825933556500,2998.3285563964846,1.8450236320495605,0.7573649287223816,0.6691789627075195,3.7899999618530273,14.350000381469727,243,761.2320836242174,77.5034919,12.8848374
1765985826933688600,2999.3286884765625,1.837811827659607,0.7535623908042908,0.6805071234703064,3.7899999618530273,13.899999618530273,242,761.3315329453059,77.5033786,12.8847798
1765985827933637400,3000.3286374511717,1.8902851343154907,0.7723795175552368,0.6874637603759766,3.7899999618530273,13.550000190734863,241,760.9745434784927,77.5032699,12.8847232
1765985828933409800,3001.3284099121092,1.915714979171753,0.7837294340133667,0.693985104560852,3.7899999618530273,13.270000457763672,241,760.4925175212098,77.5031618,12.8846659
1765985829933307000,3002.3283068847654,1.8603160381317139,0.7347768545150757,0.6938419342041016,3.7899999618530273,13.069999694824219,241,759.764982335247,77.5030625,12.8846082
1765985830933481700,3003.328481689453,1.9932408332824707,0.9905029535293579,0.6972569227218628,3.7899999618530273,13.430000305175781,241,759.1221895156601,77.5029548,12.8845464
1765985831934186800,3004.329186767578,1.9295754432678223,0.7720303535461426,0.7037168741226196,3.7899999618530273,13.130000114440918,240,758.5675198938936,77.5028486,12.8844871
1765985832933589000,3005.3285891113283,1.8829296827316284,0.7590081095695496,0.7100381255149841,3.7899999618530273,12.710000038146973,240,758.2498556646997,77.5027445,12.8844329
1765985833933971700,3006.3289716796876,1.7873328924179077,0.7309717535972595,0.7202915549278259,3.7899999618530273,12.109999656677246,240,758.1293840361815,77.5026502,12.8843744
1765985834934293500,3007.3292934570313,1.781794786453247,0.7287195920944214,0.7254933714866638,3.7899999618530273,11.739999771118164,240,757.7111560098047,77.5025559,12.8843217
1765985835934364000,3008.3293640136717,1.8469525575637817,0.7460440397262573,0.7316010594367981,3.7899999618530273,11.520000457763672,238,757.2020362975222,77.5024652,12.8842702
1765985836934409200,3009.3294091796874,1.822949767112732,0.7355440258979797,0.7558597922325134,3.7899999618530273,9.710000038146973,238,755.5,77.502385,12.8842242
1765985837933874700,3010.3288747558595,1.8143033981323242,0.6950099468231201,0.7686787843704224,3.7899999618530273,8.369999885559082,236,755.5,77.5023216,12.8841807
1765985838934025700,3011.3290256347655,1.9240078926086426,0.7774448990821838,0.776289701461792,3.7899999618530273,6.940000057220459,235,755.5,77.5022664,12.8841483
1765985839933989400,3012.3289892578123,1.9927960634231567,0.7963456511497498,0.7827462553977966,3.7899999618530273,6.159999847412109,234,755.5,77.5022179,12.8841127
1765985840933781800,3013.328781738281,2.0765464305877686,0.7370291352272034,0.7780893445014954,3.7899999618530273,6.119999885559082,227,755.5,77.502175,12.8840767
1765985841933536500,3014.328536621094,2.148918390274048,0.7487420439720154,0.7845906615257263,3.7899999618530273,5.849999904632568,226,755.5,77.5021342,12.8840426
1765985842934176000,3015.3291760253906,2.2811949253082275,0.7599393725395203,0.7907611131668091,3.7899999618530273,5.349999904632568,231,755.5,77.502099,12.8840099
1765985843934390800,3016.3293908691408,2.3821959495544434,0.7565644383430481,0.7875459790229797,3.7899999618530273,5,231,753.4391504068526,77.502061,12.8839856
1765985844935194400,3017.3301943359374,2.5357460975646973,0.7994117736816406,0.7864918112754822,3.7899999618530273,3.75,225,753.0722653359679,77.5020381,12.8839622
1765985845934211600,3018.3292116699217,2.6706795692443848,0.802106499671936,0.7930023074150085,3.7899999618530273,2.819999933242798,217,752.9473235284963,77.502022,12.8839404
1765985846933359600,3019.3283596191404,2.81376314163208,0.812722384929657,0.5851606726646423,3.7899999618530273,1.7599999904632568,188,752.4861495108044,77.5020232,12.883923
1765985847933527300,3020.32852734375,2.955763339996338,0.8131927251815796,0.575394332408905,3.7899999618530273,2.0999999046325684,170,752.4162997804326,77.5020341,12.8839077
1765985848933821700,3021.328821777344,3.0889620780944824,0.7811307907104492,0.5762016773223877,3.7899999618530273,2.690000057220459,165,752.3027241942887,77.5020435,12.8838871
1765985849934135300,3022.3291352539063,2.044904947280884,0.16683776676654816,0.5752743482589722,3.7899999618530273,5.25,150,752.0000525821014,77.5020655,12.8838538
1765985850933620500,3023.328620361328,2.9413318634033203,0.30173441767692566,0.5727613568305969,3.7899999618530273,6.610000133514404,145,751.9023822151405,77.5020934,12.8838109
1765985851933670400,3024.328670410156,2.4712841510772705,0.3695530295372009,0.5727705359458923,3.7899999618530273,9.630000114440918,134,751.9023822151405,77.5021504,12.8837532
1765985852933648600,3025.3286486816405,0.40088367462158203,0.06800787895917892,0.5734342932701111,3.7899999618530273,10.890000343322754,130,751.865441557634,77.5022128,12.8836907
1765985853933608000,3026.3286079101563,0.3453750014305115,0.07217272371053696,0.577885091304779,3.7899999618530273,13.40999984741211,131,752.0042184137401,77.5023013,12.8836159
1765985854935394600,3027.33039453125,0.354491651058197,0.07839852571487427,0.5749940872192383,3.7899999618530273,14.199999809265137,132,752.0042184137401,77.5023967,12.8835376
1765985855934321400,3028.3293212890626,0.366921991109848,0.08939936757087708,0.5843294262886047,3.7899999618530273,15.640000343322754,133,752.1544650906455,77.5024938,12.883445
1765985856933823700,3029.3288237304687,0.3280673623085022,0.08216170221567154,0.5892459750175476,3.7899999618530273,16.079999923706055,133,752.5378764097625,77.5026029,12.8833505
1765985857933953500,3030.328953613281,0.14070403575897217,0.03779551759362221,0.5887484550476074,3.7899999618530273,17.239999771118164,132,753.2216376041463,77.5027119,12.8832477
1765985858933664800,3031.3286647949217,0.3147144913673401,0.7424989342689514,0.5849936604499817,3.7899999618530273,17.549999237060547,132,755.5,77.5028324,12.8831397
1765985859933484800,3032.328484863281,0.4934766888618469,0.7621261477470398,0.5840024352073669,3.7899999618530273,18.239999771118164,132,755.5,77.5029549,12.8830258
1765985860933847000,3033.328846923828,0.6579116582870483,0.7442611455917358,0.5791900753974915,3.7899999618530273,18.850000381469727,133,755.5,77.5030822,12.8829107
1765985861934029300,3034.329029296875,0.8324674963951111,0.8063936829566956,0.5791856646537781,3.7899999618530273,19.079999923706055,133,755.5,77.5032134,12.8827942
1765985862933858300,3035.3288583984377,0.9961187243461609,0.7946223616600037,0.5810039043426514,3.7899999618530273,19.530000686645508,134,757.8174158228852,77.5033417,12.8826708
1765985863933991000,3036.328990966797,1.132652759552002,0.7894721627235413,0.5812943577766418,3.7899999618530273,19.979999542236328,133,759.1028658019197,77.5034712,12.8825482
1765985864933941200,3037.3289411621095,1.2359141111373901,0.7807857394218445,0.580891489982605,3.7899999618530273,20.40999984741211,133,759.8940074537995,77.5036118,12.8824237
1765985865933896400,3038.328896484375,1.3446295261383057,0.9759235978126526,0.5989661812782288,3.7899999618530273,20.799999237060547,133,761.2747012300226,77.5037543,12.8822949
1765985866934805200,3039.329805175781,1.3580232858657837,0.7903351187705994,0.5989668965339661,3.7899999618530273,20.700000762939453,134,762.150183874883,77.5038876,12.8821651
1765985867934118100,3040.3291181640625,1.3933032751083374,0.7772196531295776,0.6055679321289062,3.7899999618530273,20.530000686645508,134,763.244093930632,77.504022,12.882034
1765985868933766100,3041.3287661132813,1.4207777976989746,0.7731216549873352,0.5869606733322144,3.7899999618530273,20.649999618530273,135,764.5348762723116,77.5041565,12.881899
1765985869934046700,3042.3290466308595,1.37370765209198,0.7511940598487854,0.5952305197715759,3.7899999618530273,20.489999771118164,135,765.0103049723285,77.5042935,12.8817689
1765985870934414600,3043.329414550781,1.433748483657837,0.7695590853691101,0.594896137714386,3.7899999618530273,19.610000610351562,135,766.2911360260277,77.5044171,12.8816416
1765985871933408300,3044.328408203125,1.4484360218048096,0.7593316435813904,0.58504319190979,3.7899999618530273,18.440000534057617,135,766.6961276328286,77.5045361,12.8815198
1765985872934286600,3045.3292866210936,1.4074294567108154,0.7340885400772095,0.583939790725708,3.7899999618530273,16.170000076293945,135,766.6961276328286,77.5046447,12.8814165
1765985873934171100,3046.329171142578,1.3447688817977905,0.7478383183479309,0.5824759602546692,3.7899999618530273,14.029999732971191,135,766.6961276328286,77.504739,12.8813241
1765985874934817800,3047.329817871094,1.3996293544769287,0.8394573926925659,0.5834522843360901,3.7899999618530273,13.010000228881836,135,766.6421377265161,77.5048227,12.8812434
1765985875933975300,3048.3289753417966,1.219961166381836,0.6952570080757141,0.5858810544013977,3.7899999618530273,12.420000076293945,134,766.6421377265161,77.5049032,12.8811633
1765985876934501600,3049.3295017089845,1.3078588247299194,0.730798065662384,0.5734327435493469,3.7899999618530273,12.100000381469727,133,766.1142872678912,77.5049836,12.8810831
1765985877934549200,3050.3295493164064,1.2768157720565796,0.7002738118171692,0.5735255479812622,3.7899999618530273,12.079999923706055,134,764.478611650708,77.5050669,12.8810066
1765985878934201000,3051.329201171875,1.2951244115829468,0.769565224647522,0.5726050734519958,3.7899999618530273,12.109999656677246,132,763.2617252285056,77.5051448,12.8809332
1765985879934527500,3052.3295275878904,1.3477376699447632,0.7602118253707886,0.5725783109664917,3.7899999618530273,13.079999923706055,131,762.8682642152795,77.5052345,12.8808588
1765985880934637000,3053.3296369628906,1.43643319606781,0.80880206823349,0.5717993974685669,3.7899999618530273,14.140000343322754,130,761.8716271110655,77.5053299,12.8807733
1765985881933726200,3054.3287263183593,1.4718010425567627,0.7920351028442383,0.5707358717918396,3.7899999618530273,15.239999771118164,131,761.3827234164344,77.5054344,12.8806831
1765985882933645600,3055.3286455078123,1.4685189723968506,0.7733405232429504,0.5698421001434326,3.7899999618530273,16.270000457763672,131,760.8739563250638,77.5055422,12.880586
1765985883933922300,3056.3289223632814,1.4124170541763306,0.7714172601699829,0.5817213654518127,3.7899999618530273,17.010000228881836,130,760.7398045414799,77.5056596,12.8804862
1765985884934364000,3057.3293640136717,1.393324613571167,0.7639851570129395,0.5815610885620117,3.7899999618530273,17.860000610351562,132,760.421486649272,77.5057813,12.8803781
1765985885933545000,3058.328544921875,1.3106504678726196,0.7263310551643372,0.5886383652687073,3.7899999618530273,18.799999237060547,130,760.3282672112862,77.5059084,12.8802656
1765985886934266600,3059.3292666015627,1.2352209091186523,0.7334040403366089,0.5873582363128662,3.7899999618530273,19.579999923706055,130,760.1759351824959,77.5060429,12.8801484
1765985887933579500,3060.3285795898437,1.232801914215088,0.7635944485664368,0.5825871229171753,3.7899999618530273,19.520000457763672,128,760.0690770113857,77.506187,12.8800396
1765985888934193700,3061.3291936035157,1.2077921628952026,0.7470002770423889,0.581135094165802,3.7899999618530273,19.670000076293945,127,760.0281510545009,77.5063324,12.8799311
1765985889933856800,3062.328856689453,1.2130341529846191,0.7547513842582703,0.5814012289047241,3.7899999618530273,19.610000610351562,124,759.7485090792827,77.5064824,12.8798304
1765985890933260800,3063.3282607421875,1.2188079357147217,0.7479285001754761,0.5763601660728455,3.7899999618530273,19.59000015258789,120,759.4256816841666,77.5066366,12.8797376
1765985891934072800,3064.329072753906,1.2823585271835327,0.7846132516860962,0.5761122107505798,3.7899999618530273,19.530000686645508,116,759.3012127277298,77.5067931,12.8796553
1765985892933192700,3065.3281926269533,1.2870173454284668,0.7756174206733704,0.5840063691139221,3.7899999618530273,19.43000030517578,112,759.1483326142358,77.5069565,12.8795833
1765985893933607700,3066.3286076660156,1.3142389059066772,0.7993336915969849,0.584346354007721,3.7899999618530273,19.239999771118164,111,759.1415126678143,77.5071218,12.8795191
1765985894934167600,3067.3291674804686,1.3227155208587646,0.7810447812080383,0.5839701890945435,3.7899999618530273,18.90999984741211,107,759.1483326142358,77.5072835,12.8794642
1765985895933746000,3068.3287458496093,1.2914319038391113,0.7410414814949036,0.5981596112251282,3.7899999618530273,17.969999313354492,102,759.1989128824176,77.5074453,12.8794223
1765985896933512700,3069.3285126953124,1.4069304466247559,0.793590784072876,0.5981857776641846,3.7899999618530273,17.350000381469727,97,759.1989128824176,77.5076041,12.8793954
1765985897933758000,3070.3287580566407,1.4752379655838013,1.0065058469772339,0.6051101088523865,3.7899999618530273,17.520000457763672,92,759.3398596526544,77.5077659,12.8793824
1765985898934533000,3071.329533203125,1.5109003782272339,0.7985267639160156,0.6058610081672668,3.7899999618530273,17.760000228881836,90,760.1457953720651,77.5079273,12.8793805
1765985899933679000,3072.3286791992186,1.5630358457565308,0.8028266429901123,0.5859959721565247,3.7899999618530273,17.959999084472656,89,761.0075158757188,77.5080898,12.8793809
1765985900933547500,3073.328547607422,1.5971027612686157,0.8138043284416199,0.5945987701416016,3.7899999618530273,18.100000381469727,90,761.4895713372426,77.5082564,12.8793782
1765985901933266700,3074.3282666015625,1.6093615293502808,0.8085924983024597,0.5942870378494263,3.7899999618530273,18.15999984741211,90,762.358248921822,77.5084245,12.8793743
1765985902933528800,3075.3285288085935,1.6305829286575317,0.7905113697052002,0.5842466354370117,3.7899999618530273,18.290000915527344,91,762.7243932468245,77.5085925,12.8793717
1765985903933520400,3076.328520263672,1.6493134498596191,0.8105105757713318,0.5833263397216797,3.7899999618530273,18.450000762939453,90,763.859312276173,77.5087655,12.8793693
1765985904933872400,3077.3288723144533,1.628118872642517,0.8116663694381714,0.579838752746582,3.7899999618530273,18.520000457763672,90,764.9079377209277,77.5089372,12.8793681
1765985905933448400,3078.328448486328,1.6374731063842773,0.8039566874504089,0.5823977589607239,3.7899999618530273,18.700000762939453,91,765.3771710128594,77.5091079,12.8793644
1765985906933443600,3079.3284436035156,1.6282026767730713,0.7964151501655579,0.5851277112960815,3.7899999618530273,18.729999542236328,89,766.7149472289537,77.5092792,12.8793621
1765985907933771500,3080.328771484375,1.6154210567474365,0.782138466835022,0.5721196532249451,3.7899999618530273,18.8799991607666,89,767.0448730119377,77.5094558,12.8793639
1765985908933539300,3081.328539306641,1.5943658351898193,0.7854055762290955,0.5721980333328247,3.7899999618530273,19.59000015258789,89,767.6683535331357,77.5096325,12.8793599
1765985909933869600,3082.3288696289064,1.540812373161316,0.7666738033294678,0.571194052696228,3.7899999618530273,20.280000686645508,89,768.5285577937706,77.5098185,12.8793603
1765985910934425000,3083.329425048828,1.4737986326217651,0.7713068723678589,0.5711489915847778,3.7899999618530273,20.709999084472656,89,769.8941380843097,77.5100059,12.8793589
1765985911933623000,3084.328623046875,1.408982276916504,0.7886652946472168,0.5705281496047974,3.7899999618530273,20.670000076293945,89,770.5218582855862,77.5101979,12.8793632
1765985912933678800,3085.328678955078,1.322104573249817,0.7493614554405212,0.5695050954818726,3.7899999618530273,18.8799991607666,89,770.940712061013,77.5103727,12.8793655
1765985913934059300,3086.329059326172,1.3016364574432373,0.8122025728225708,0.5694218277931213,3.7899999618530273,17.389999389648438,89,771.8633164603007,77.5105348,12.8793672
1765985914934305800,3087.329305908203,1.3596307039260864,0.8255398273468018,0.5816294550895691,3.7899999618530273,17.40999984741211,89,773.0358887282135,77.5106958,12.8793646
1765985915933997800,3088.328997802734,1.4223885536193848,0.9986327886581421,0.5814418792724609,3.7899999618530273,17.15999984741211,89,774.2655537091551,77.5108561,12.8793657
1765985916933437000,3089.328437011719,1.4990850687026978,0.806041419506073,0.5887062549591064,3.7899999618530273,16.799999237060547,88,774.6914231269035,77.5110071,12.8793664
1765985917934267100,3090.3292670898436,1.559755563735962,0.8080917596817017,0.5865304470062256,3.7899999618530273,17.219999313354492,89,774.812127920533,77.5111628,12.8793614
1765985918934952700,3091.3299526367186,1.6032546758651733,0.8054504990577698,0.5819267630577087,3.7899999618530273,17.690000534057617,90,775.0945382073915,77.5113175,12.8793569
1765985919934467600,3092.329467529297,1.632355809211731,0.79830402135849,0.5804857611656189,3.7899999618530273,18.110000610351562,92,775.823350638271,77.5114853,12.8793472
1765985920934961700,3093.329961669922,0.1823112964630127,0.052228301763534546,0.5807515382766724,3.7899999618530273,18.3799991607666,95,776.6297043337212,77.5116555,12.8793319
1765985921935436800,3094.3304367675782,0.11648883670568466,0.034052278846502304,0.575518012046814,3.7899999618530273,18.760000228881836,94,777.7368554522499,77.5118252,12.8793164
1765985922933834000,3095.328833984375,0.16310963034629822,0.04833542928099632,0.5717013478279114,3.7899999618530273,19.020000457763672,96,778.6737149445493,77.5120008,12.8792981
1765985923934041900,3096.329041748047,0.21934112906455994,0.06558800488710403,0.5834322571754456,3.7899999618530273,19.190000534057617,96,780.0062772858215,77.5121776,12.8792803
1765985924933480200,3097.3284802246094,0.29586261510849,0.7788751125335693,0.5834051370620728,3.7899999618530273,19.239999771118164,97,781.1298171388211,77.5123529,12.8792576
1765985925933888800,3098.328888671875,0.41340166330337524,0.7858853936195374,0.5786142349243164,3.7899999618530273,19.389999389648438,98,781.6316778539461,77.51253,12.879234
1765985926934299000,3099.329298828125,0.5351143479347229,0.7886252403259277,0.5977762937545776,3.7899999618530273,19.510000228881836,98,782.5479867663703,77.5127086,12.8792074
1765985927933618700,3100.3286186523437,0.6568106412887573,0.7773219347000122,0.5977920293807983,3.7899999618530273,19.610000610351562,99,783.4187986455403,77.5128896,12.8791817
1765985928934778000,3101.329778076172,0.7792943716049194,0.7958958745002747,0.6299502849578857,3.7899999618530273,19.780000686645508,99,784.8102582723427,77.5130708,12.8791518
1765985929934107000,3102.3291069335937,0.8933067917823792,0.7853502035140991,0.6191431283950806,3.7899999618530273,19.940000534057617,99,785.920948267596,77.5132523,12.8791216
1765985930933301800,3103.3283017578124,0.9936729073524475,0.7819474935531616,0.5853743553161621,3.7899999618530273,20.1200008392334,98,787.0590093671116,77.5134346,12.8790925
1765985931933294600,3104.3282946777344,1.087283968925476,0.7846719026565552,0.594033420085907,3.7899999618530273,19.979999542236328,99,787.7979817849258,77.5136179,12.8790646
1765985932933553000,3105.3285529785157,1.1661125421524048,0.7902548313140869,0.5937638878822327,3.7899999618530273,19.90999984741211,98,788.3499717479044,77.5137985,12.8790381
1765985933933620700,3106.3286208496093,1.2394148111343384,0.7978494167327881,0.5838267803192139,3.7899999618530273,18.940000534057617,99,789.2304918796586,77.5139696,12.8790116
1765985934933487400,3107.3284873046873,1.268759846687317,0.7429900765419006,0.5875368714332581,3.7899999618530273,17.899999618530273,101,790.1681396284794,77.5141365,12.8789813
1765985935934323000,3108.329322998047,1.32075035572052,0.770775556564331,0.5792721509933472,3.7899999618530273,16.40999984741211,105,792.0536482999914,77.5142852,12.878943
1765985936933672700,3109.328672607422,1.3758389949798584,0.7190112471580505,0.5831138491630554,3.7899999618530273,15.010000228881836,106,792.8683681540141,77.5144195,12.8789031
1765985937933729500,3110.3287294921874,1.4076837301254272,0.8007022142410278,0.5706849694252014,3.7899999618530273,13.779999732971191,108,793.4343814429293,77.5145426,12.8788664
1765985938933542400,3111.328542480469,1.4586269855499268,0.7507886290550232,0.5681909322738647,3.7899999618530273,11.979999542236328,111,793.737944239037,77.5146477,12.8788293
1765985939934587100,3112.329587158203,1.526418685913086,0.7880257368087769,0.5690146088600159,3.7899999618530273,10.600000381469727,112,793.8607777782006,77.5147374,12.8787885
1765985940934498800,3113.329498779297,1.6222786903381348,0.9516387581825256,0.5690152645111084,3.7899999618530273,10.09000015258789,114,793.917840710674,77.5148248,12.8787511
1765985941934089500,3114.3290893554686,1.700645923614502,0.9443271160125732,0.5689662098884583,3.7899999618530273,9.520000457763672,113,794.04794561249,77.5149063,12.8787259
1765985942933630000,3115.3286298828125,1.7546290159225464,0.7758943438529968,0.5645706653594971,3.7899999618530273,9.15999984741211,105,794.0828360236416,77.5149903,12.8787061
1765985943933538800,3116.3285388183594,1.843214750289917,0.9427792429924011,0.5645597577095032,3.7899999618530273,8.289999961853027,111,794.1513135145492,77.5150648,12.8786799
1765985944934203400,3117.3292033691405,1.9266821146011353,0.998582661151886,0.573430597782135,3.7899999618530273,7.239999771118164,118,794.1513135145492,77.5151264,12.8786573
1765985945933782800,3118.328782714844,2.005974292755127,0.810032308101654,0.5925257205963135,3.7899999618530273,8.0600004196167,111,793.848371846571,77.5151886,12.8786197
1765985946933742000,3119.3287421875,2.073524236679077,0.8065780997276306,0.5819848775863647,3.7899999618530273,9.510000228881836,104,794.1535961069704,77.515266,12.8785915
1765985947933464800,3120.32846484375,2.1168112754821777,0.8022693395614624,0.5835723876953125,3.7899999618530273,11.0600004196167,107,793.9351104621601,77.5153596,12.8785592
1765985948934082600,3121.3290825195313,2.140493869781494,0.7955091595649719,0.5841440558433533,3.7899999618530273,12.359999656677246,111,793.9396756766876,77.5154674,12.8785247
1765985949933341000,3122.3283408203124,2.1384785175323486,1.015552282333374,0.5835729837417603,3.7899999618530273,13.609999656677246,112,793.987610575545,77.5155873,12.8784797
1765985950933957000,3123.32895703125,1.9951519966125488,0.7942590117454529,0.5835680961608887,3.7899999618530273,15.239999771118164,113,794.106307665491,77.5157138,12.8784196
1765985951933492200,3124.3284921875,3.3073153495788574,0.8196516633033752,0.5698975920677185,3.7899999618530273,15.989999771118164,113,794.5278835863655,77.5158517,12.8783597
1765985952933840100,3125.3288400878905,0.3406880795955658,0.08749467134475708,0.5708538293838501,3.7899999618530273,16.489999771118164,112,794.7812656697955,77.5159889,12.8783043
1765985953933734400,3126.328734375,0.6284124255180359,0.1404368281364441,0.5784415602684021,3.7899999618530273,14.350000381469727,112,795.1602113652164,77.516119,12.8782487
1765985954933331000,3127.3283310546876,0.6237876415252686,0.11370484530925751,0.578757643699646,3.7899999618530273,11.710000038146973,113,795.3656708314908,77.5162226,12.8782038
1765985955933289000,3128.3282890625,0.7101988792419434,0.10495153814554214,0.5784543752670288,3.7899999618530273,9.489999771118164,113,795.3656708314908,77.5163093,12.8781611
1765985956933273900,3129.328273925781,0.6415873765945435,0.0899617075920105,0.592406690120697,3.7899999618530273,9,114,795.4162510996726,77.5163889,12.8781256
1765985957933991200,3130.3289912109376,0.5260627865791321,0.06650936603546143,0.594913899898529,3.7899999618530273,8.119999885559082,122,795.4162510996726,77.5164563,12.8780874
1765985958933755000,3131.3287548828125,0.6209412217140198,0.06822873651981354,0.5993232131004333,3.7899999618530273,7.050000190734863,116,795.4162510996726,77.5165158,12.8780555
1765985959933621500,3132.3286215820312,0.4049436151981354,0.0615534633398056,0.6162019968032837,3.7899999618530273,9.760000228881836,110,795.2323855563313,77.5165914,12.8780252
1765985960933595400,3133.328595458984,0.4087142050266266,0.06689012795686722,0.5825976133346558,3.7899999618530273,10.5,113,795.6066871251791,77.5166763,12.8779919
1765985961933587200,3134.328587158203,0.485264390707016,0.09671871364116669,0.5893783569335938,3.7899999618530273,12.800000190734863,114,795.7482311288429,77.5167741,12.8779471
1765985962933533400,3135.3285334472657,2.5646066665649414,0.9909701347351074,0.6009871959686279,3.7899999618530273,13.5600004196167,112,795.5930899685368,77.5168839,12.8778992
1765985963933505500,3136.3285056152345,2.1270694732666016,1.0105177164077759,0.5810645818710327,3.7899999618530273,14.399999618530273,109,795.750514115733,77.5170081,12.8778511
1765985964933715700,3137.3287158203125,1.9009921550750732,0.7983031868934631,0.5848018527030945,3.7899999618530273,15.4399995803833,109,795.8281360306432,77.5171418,12.8777989
1765985965933983700,3138.3289836425784,1.7618647813796997,0.7797178030014038,0.5781667232513428,3.7899999618530273,16.09000015258789,110,796.1546123429205,77.5172818,12.8777469
1765985966934981600,3139.3299816894532,1.6588670015335083,0.752615749835968,0.5788354277610779,3.7899999618530273,16.440000534057617,111,797.0435921482356,77.5174243,12.8776945
1765985967933437400,3140.3284375,1.5801533460617065,0.7655697464942932,0.5825034976005554,3.7899999618530273,16.6299991607666,110,798.1373838712307,77.5175658,12.8776404
1765985968933408300,3141.328408203125,1.5306493043899536,0.7703820466995239,0.5696730017662048,3.7899999618530273,16.600000381469727,109,799.38662307913,77.5177092,12.87759
1765985969933297700,3142.328297607422,1.4620317220687866,0.7454869151115417,0.5669618248939514,3.7899999618530273,16.440000534057617,107,800.1632069184491,77.5178527,12.8775418
1765985970933302800,3143.328302734375,1.4061442613601685,0.7130783200263977,0.5679125189781189,3.7899999618530273,15.720000267028809,106,801.5654158145162,77.5179918,12.8774981
1765985971933607400,3144.328607421875,1.4883346557617188,0.7907834053039551,0.567897617816925,3.7899999618530273,14.84000015258789,106,802.5798182883804,77.5181221,12.8774589
1765985972933858300,3145.3288583984377,1.5343340635299683,0.7894085645675659,0.5678349733352661,3.7899999618530273,14.319999694824219,105,803.4458105654529,77.5182501,12.877423
1765985973934154800,3146.3291547851563,1.6125401258468628,0.8085943460464478,0.5643743872642517,3.7899999618530273,13.649999618530273,107,803.6201512526394,77.5183718,12.8773856
1765985974933890600,3147.328890625,1.6894503831863403,0.796347439289093,0.5643879175186157,3.7899999618530273,14.010000228881836,108,804.4176904708727,77.5184932,12.8773476
1765985975934129700,3148.329129638672,1.7706111669540405,0.8033389449119568,0.5736660957336426,3.7899999618530273,14.050000190734863,107,804.8084888348989,77.5186181,12.8773057
1765985976934292500,3149.3292924804687,1.8506495952606201,0.8100797533988953,0.592737078666687,3.7899999618530273,13.90999984741211,104,805.0974501325771,77.5187432,12.8772702
1765985977933676800,3150.3286767578124,1.9234702587127686,0.7924526333808899,0.5814984440803528,3.7899999618530273,14.140000343322754,108,806.2209959175542,77.5188672,12.8772314
1765985978933474300,3151.3284743652343,2.0019466876983643,0.8112008571624756,0.5834174752235413,3.7899999618530273,14.40999984741211,112,806.5031913568392,77.5189898,12.877183
1765985979933438500,3152.3284384765625,2.06710147857666,0.8199188709259033,0.5841777920722961,3.7899999618530273,13.850000381469727,112,807.1729992991576,77.5191074,12.8771359
1765985980933506000,3153.328506103516,0.44879892468452454,0.09223626554012299,0.5836299657821655,3.7899999618530273,13.1899995803833,114,808.1858114064146,77.5192204,12.8770879
1765985981933593900,3154.32859375,0.7285521626472473,0.14021074771881104,0.5836275815963745,3.7899999618530273,12.359999656677246,112,809.0478244692692,77.5193304,12.8770411
1765985982933800000,3155.3288000488283,0.9167757630348206,0.16636550426483154,0.5690249800682068,3.7899999618530273,11.65999984741211,107,810.5261351317669,77.5194311,12.8770086
1765985983933741000,3156.328740966797,0.8358042240142822,0.15543165802955627,0.5703685283660889,3.7899999618530273,11.949999809265137,102,811.5530316890037,77.5195374,12.8769821
1765985984933416400,3157.3284165039063,2.099945545196533,0.35662543773651123,0.5781497359275818,3.7899999618530273,10.9399995803833,99,812.5914883090177,77.5196384,12.8769641
1765985985933637000,3158.328637207031,3.2135446071624756,0.5545150637626648,0.5784792304039001,3.7899999618530273,11.130000114440918,100,813.5499989800537,77.5197403,12.8769458
1765985986934577700,3159.3295776367186,2.5253655910491943,0.3916633427143097,0.5781744122505188,3.7899999618530273,9.989999771118164,111,813.8062299520062,77.5198269,12.8769159
1765985987933329000,3160.328328857422,1.490678310394287,0.8462123870849609,0.5922542810440063,3.7899999618530273,10.050000190734863,123,814.8589296544574,77.5199096,12.8768691
1765985988933859300,3161.328859375,1.4927167892456055,0.8142284154891968,0.5951882004737854,3.7899999618530273,11.210000038146973,139,816.032793379003,77.5199845,12.8767975
1765985989933652200,3162.32865234375,1.5107207298278809,0.816659688949585,0.6221151947975159,3.7899999618530273,12,144,816.9382361195521,77.5200546,12.8767086
1765985990933747500,3163.328747558594,1.7984142303466797,0.3499947190284729,0.617232620716095,3.7899999618530273,12.529999732971191,139,817.290552357865,77.5201258,12.8766211
1765985991933197300,3164.328197265625,1.744094967842102,0.37262070178985596,0.5827648639678955,3.7899999618530273,13.75,127,817.5463935055883,77.5202234,12.8765409
1765985992933938700,3165.3289387207033,1.6728910207748413,0.35781681537628174,0.591970682144165,3.7899999618530273,13.760000228881836,120,817.7088984599953,77.5203292,12.8764718
1765985993934590500,3166.329590576172,2.707484483718872,0.6208397746086121,0.6019256711006165,3.7899999618530273,14.779999732971191,115,818.6753602323525,77.5204505,12.8764159
1765985994933842200,3167.328842285156,1.6591168642044067,0.402233749628067,0.5813201665878296,3.7899999618530273,15.600000381469727,114,819.1898949713811,77.5205785,12.8763604
1765985995933321500,3168.328321533203,0.5338414311408997,0.13543760776519775,0.5854518413543701,3.7899999618530273,16.290000915527344,116,820.0850257885245,77.5207094,12.8762937
1765985996933749000,3169.3287490234375,0.49614131450653076,0.12272577732801437,0.5814075469970703,3.7899999618530273,15.880000114440918,117,820.7270587547265,77.520838,12.8762253
1765985997933551600,3170.3285515136718,1.4255590438842773,0.3483284115791321,0.5789056420326233,3.7899999618530273,15.720000267028809,115,821.2788800778749,77.5209684,12.876166
1765985998933478400,3171.328478515625,1.3933919668197632,0.3372471034526825,0.5825440287590027,3.7899999618530273,15.569999694824219,112,822.4421713072359,77.5211029,12.8761112
1765985999933295400,3172.3282954101564,0.5781505703926086,0.12853839993476868,0.5664156079292297,3.7899999618530273,14.279999732971191,109,823.1246476643889,77.5212306,12.8760641
1765986000933992400,3173.3289924316405,0.7145821452140808,0.15769127011299133,0.5664193630218506,3.7899999618530273,14.180000305175781,108,823.8484065962566,77.5213569,12.876022
1765986001933161500,3174.328161376953,0.5979858636856079,0.14050665497779846,0.5675573348999023,3.7899999618530273,15.09000015258789,107,824.3062222832868,77.5214859,12.8759846
1765986002933578200,3175.328578125,0.5521646738052368,0.13319873809814453,0.5674737095832825,3.7899999618530273,15.489999771118164,106,824.9980126718361,77.5216231,12.8759459
1765986003933824300,3176.32882421875,0.6653319001197815,0.16622234880924225,0.5673626065254211,3.7899999618530273,16.049999237060547,108,825.6784038552622,77.5217614,12.8758993
1765986004933834000,3177.328833984375,0.6880082488059998,0.17271633446216583,0.5647726655006409,3.7899999618530273,16.1299991607666,108,826.0777704011346,77.5219013,12.8758504
1765986005933660200,3178.32866015625,1.5203094482421875,0.37041428685188293,0.5647116899490356,3.7899999618530273,15.680000305175781,110,827.1798513204296,77.5220396,12.8757995
1765986006933935000,3179.3289350585937,2.489349842071533,0.6036432981491089,0.5773348212242126,3.7899999618530273,15.630000114440918,110,828.224781953472,77.5221717,12.8757524
1765986007934217500,3180.329217529297,0.5576779842376709,0.13995827734470367,0.593665361404419,3.7899999618530273,16.1200008392334,109,828.7879989440638,77.5223087,12.8757043
1765986008933806300,3181.328806396484,0.5671709179878235,0.1383763700723648,0.5813233852386475,3.7899999618530273,15.670000076293945,105,829.790123925802,77.5224468,12.8756592
1765986009933910800,3182.328910888672,1.4630213975906372,0.3498404026031494,0.5834274291992188,3.7899999618530273,15.380000114440918,106,830.4543542732091,77.5225855,12.8756184
1765986010934863600,3183.3298635253905,1.4707984924316406,0.3516475260257721,0.5842642188072205,3.7899999618530273,15.380000114440918,104,831.2727515201586,77.5227213,12.8755803
1765986011934154000,3184.3291540527343,0.7956681847572327,0.19907215237617493,0.5835359692573547,3.7899999618530273,16.079999923706055,103,832.0407861593648,77.5228629,12.8755477
1765986012934832600,3185.3298325195315,4.310017108917236,1.0769633054733276,0.5835503339767456,3.7899999618530273,16.139999389648438,102,832.6942427655546,77.5230056,12.875514
1765986013933988400,3186.32898828125,3.143646478652954,0.8163988590240479,0.5684853792190552,3.7899999618530273,16.75,100,833.231072776392,77.5231576,12.8754929
1765986014934893000,3187.3298930664064,2.799652099609375,0.7793190479278564,0.5699215531349182,3.7899999618530273,17.09000015258789,100,833.8570801769314,77.5233126,12.8754667
1765986015934872800,3188.3298728027344,2.271963357925415,0.7624393105506897,0.5779354572296143,3.7899999618530273,17.18000030517578,100,834.0451206033126,77.5234667,12.8754393
1765986016933908700,3189.3289086914065,2.2039449214935303,0.8014099597930908,0.5783271193504333,3.7899999618530273,17.06999969482422,101,834.0451206033126,77.5236231,12.8754073
1765986017933861400,3190.328861328125,2.154035806655884,0.8167485594749451,0.573305070400238,3.7899999618530273,16.81999969482422,101,834.0957008714945,77.5237781,12.8753788
1765986018933972000,3191.3289719238282,2.0347206592559814,0.7765478491783142,0.6088635325431824,3.7899999618530273,17.010000228881836,99,833.8912030546004,77.5239322,12.8753507
1765986019933987600,3192.328987548828,2.1291298866271973,0.7888830900192261,0.6088825464248657,3.7899999618530273,16.979999542236328,93,833.8912030546004,77.5240889,12.8753309
1765986020933940000,3193.328939941406,1.9276362657546997,0.7575282454490662,0.6180338263511658,3.7899999618530273,17.170000076293945,91,833.6513921988576,77.524244,12.8753221
1765986021933945000,3194.328945068359,1.8557822704315186,0.7894468903541565,0.5830715894699097,3.7899999618530273,17.030000686645508,88,833.7120117928881,77.5244013,12.8753228
1765986022933672000,3195.328671875,2.0118186473846436,0.9939998388290405,0.5831236243247986,3.7899999618530273,15.880000114440918,85,833.6638562218818,77.5245478,12.8753321
1765986023934175700,3196.32917578125,1.9193428754806519,0.7562693357467651,0.7494948506355286,3.7899999618530273,14.050000190734863,80,832.2478126651828,77.5246741,12.8753523
1765986024934156300,3197.32915625,2.215428113937378,0.8036746978759766,0.747143566608429,3.7899999618530273,14.1899995803833,72,832.2134161038974,77.5247971,12.8753899
1765986025933491700,3198.328491699219,2.360438108444214,0.8326175212860107,0.7547877430915833,3.7899999618530273,14.779999732971191,62,832.1056411027205,77.5249173,12.8754469
1765986026933720300,3199.3287202148435,2.2949585914611816,0.8085747361183167,0.7578935027122498,3.7899999618530273,15.6899995803833,53,831.7800312185134,77.5250376,12.875522
1765986027933727700,3200.3287277832032,2.1355082988739014,0.7743581533432007,0.7086202502250671,3.7899999618530273,16.760000228881836,50,831.2916395062713,77.5251569,12.8756127
1765986028933409500,3201.328409423828,1.9924150705337524,0.8046950697898865,0.7033773064613342,3.7899999618530273,17.34000015258789,49,831.170119117099,77.5252758,12.8757132
1765986029933580000,3202.328580078125,1.6709712743759155,0.7562012672424316,0.6913361549377441,3.7899999618530273,17.90999984741211,50,831.0784067528243,77.5254016,12.8758163
1765986030933700000,3203.3287001953126,1.6095030307769775,0.801647424697876,0.600592315196991,3.7899999618530273,18.34000015258789,50,831.1867751858441,77.5255324,12.8759181
1765986031934197800,3204.329197753906,1.3884268999099731,0.7646493911743164,0.5821183919906616,3.7899999618530273,18.68000030517578,50,832.0465668945993,77.5256638,12.8760342
1765986032934081800,3205.3290817871093,1.4116312265396118,0.8111259341239929,0.5821677446365356,3.7899999618530273,18.389999389648438,50,831.8241733938759,77.5257938,12.8761443
1765986033934529300,3206.329529296875,1.3569732904434204,0.780059278011322,0.5619503855705261,3.7899999618530273,18.190000534057617,51,831.8089332480855,77.5259264,12.876246
1765986034933795600,3207.3287956542968,1.2700194120407104,0.7579705715179443,0.5774691700935364,3.7899999618530273,17.719999313354492,50,830.7260465013666,77.5260515,12.8763474
1765986035934063000,3208.3290629882813,1.314453363418579,0.8981315493583679,0.5585081577301025,3.7899999618530273,16.979999542236328,50,830.8468335391565,77.5261698,12.8764484
1765986036933994200,3209.328994140625,1.296000361442566,0.7867433428764343,0.5585113167762756,3.7899999618530273,16.110000610351562,50,830.778063236893,77.5262828,12.8765394
1765986037933556500,3210.3285563964846,1.335819125175476,0.9283265471458435,0.5878458619117737,3.7899999618530273,15.010000228881836,50,830.4188711745114,77.5263873,12.8766288
1765986038933428200,3211.3284282226564,1.3444647789001465,0.8346889615058899,0.5783053040504456,3.7899999618530273,12.84000015258789,47,830.6130167551227,77.526479,12.8767024
1765986039934091500,3212.3290915527346,1.4115070104599,1.0332343578338623,0.60506671667099,3.7899999618530273,12.050000190734863,39,829.5713919036606,77.5265528,12.8767858
1765986040933583000,3213.3285830078125,1.4497684240341187,0.8247207403182983,0.6046684384346008,3.7899999618530273,10.800000190734863,33,828.6362314526273,77.526612,12.8768642
1765986041933693400,3214.328693359375,1.491867184638977,0.7334797978401184,0.5806681513786316,3.7899999618530273,9.300000190734863,39,828.627569115729,77.5266724,12.876932
1765986042934807000,3215.3298071289064,1.5941331386566162,1.0228546857833862,0.5808889269828796,3.7899999618530273,8.100000381469727,53,827.89421372427,77.5267292,12.876988
1765986043933788000,3216.328787841797,1.6801055669784546,0.9058774709701538,0.5810936689376831,3.7899999618530273,7.260000228881836,71,827.0463495019467,77.5267907,12.8770081
1765986044933755600,3217.3287556152345,1.7685226202011108,1.04995858669281,0.5661669373512268,3.7899999618530273,7.130000114440918,92,826.8955993443967,77.526854,12.8770129
1765986045934182000,3218.3291818847656,1.8225739002227783,0.7943202257156372,0.5941402316093445,3.7899999618530273,8.630000114440918,106,826.5446326518825,77.5269338,12.8769857
1765986046934054100,3219.3290541992187,1.849953055381775,0.759306788444519,0.5941000580787659,3.7899999618530273,9.710000038146973,116,825.7793915822991,77.5270165,12.8769436
1765986047933393200,3220.328393066406,1.803344964981079,0.7990593314170837,0.594127893447876,3.7899999618530273,10.800000190734863,117,825.5113441971946,77.5271073,12.8768966
1765986048933983700,3221.3289836425784,1.8438358306884766,0.9251130223274231,0.6098155379295349,3.7899999618530273,11.15999984741211,118,825.3807600360645,77.5272047,12.876848
1765986049934571300,3222.3295712890626,1.8517861366271973,0.9047552943229675,0.6098659634590149,3.7899999618530273,11.270000457763672,116,825.0073460962842,77.5272949,12.876792
1765986050933833700,3223.3288337402346,1.739126443862915,0.7550941705703735,0.6098394393920898,3.7899999618530273,11.069999694824219,116,824.5194124387679,77.5273878,12.8767441
1765986051933614000,3224.328614013672,1.6967108249664307,0.814434826374054,0.6064907908439636,3.7899999618530273,11.050000190734863,116,824.4458855777108,77.5274786,12.8766974
1765986052933426200,3225.328426269531,1.7342723608016968,0.9848507642745972,0.583960235118866,3.7899999618530273,11.1899995803833,119,824.319900231819,77.5275727,12.8766447
1765986053934777600,3226.3297775878905,1.7377501726150513,0.7863333821296692,0.583979070186615,3.7899999618530273,9.899999618530273,113,823.4517968411212,77.5276546,12.8766058
1765986054933791500,3227.3287915039064,1.8187826871871948,0.8162513375282288,0.7539174556732178,3.7899999618530273,11.199999809265137,118,821.2181565268535,77.5277395,12.876558
1765986055933800200,3228.328800292969,1.8427705764770508,0.8143265247344971,0.7514926195144653,3.7899999618530273,12.680000305175781,118,820.0548290552986,77.5278415,12.8765038
1765986056934161000,3229.329160888672,1.7658737897872925,0.7604498267173767,0.760056734085083,3.7899999618530273,13.640000343322754,118,819.6014487602166,77.5279494,12.8764437
1765986057933142300,3230.3281423339845,1.8454632759094238,0.8267025351524353,0.763367235660553,3.7899999618530273,13.8100004196167,117,818.6901808743606,77.528066,12.8763865
1765986058933656000,3231.3286560058596,1.894784927368164,0.8195021748542786,0.7118609547615051,3.7899999618530273,14.109999656677246,114,818.4612342716323,77.5281827,12.8763346
1765986059934133200,3232.3291333007815,3.736598491668701,0.8343150615692139,0.7055013179779053,3.7899999618530273,14.40999984741211,113,818.1361405677471,77.5283036,12.8762849
1765986060934112000,3233.329112060547,0.20394901931285858,0.04822121188044548,0.6930306553840637,3.7899999618530273,15.170000076293945,111,817.7469600420774,77.528429,12.8762344
1765986061933296000,3234.328296142578,0.347441703081131,0.07871778309345245,0.5991970300674438,3.7899999618530273,14.539999961853027,106,817.6837806684845,77.528557,12.8761932
1765986062933934600,3235.3289345703124,0.21953164041042328,0.04638064280152321,0.5822157263755798,3.7899999618530273,13.5600004196167,100,818.2965024976982,77.5286796,12.8761652
1765986063933917700,3236.3289177246093,0.2184874564409256,0.04563359171152115,0.5822545289993286,3.7899999618530273,13.399999618530273,94,818.1225339243701,77.5288019,12.8761491
1765986064934352100,3237.3293520507814,0.21248169243335724,0.04250377044081688,0.5618391633033752,3.7899999618530273,12.84000015258789,91,818.1306797102902,77.5289203,12.8761378
1765986065933656800,3238.328656738281,0.44144028425216675,0.07962048798799515,0.5592103600502014,3.7899999618530273,11.579999923706055,90,816.6665758699932,77.5290302,12.876136
1765986066933977900,3239.3289777832033,0.8923160433769226,1.0545740127563477,0.5592792630195618,3.7899999618530273,11.460000038146973,90,815.5177874988336,77.5291352,12.87614
1765986067934390500,3240.329390625,0.9185935258865356,0.717483639717102,0.5593433976173401,3.7899999618530273,10.649999618530273,87,814.1495107650717,77.5292292,12.8761431
1765986068933463300,3241.3284633789062,0.983300507068634,0.9480013847351074,0.5893319249153137,3.7899999618530273,10.65999984741211,83,813.223101531264,77.5293269,12.8761467
1765986069934093600,3242.3290935058594,1.0387837886810303,0.6941770911216736,0.5795058012008667,3.7899999618530273,11.170000076293945,85,813.2023697668176,77.5294284,12.8761545
1765986070933834800,3243.328834716797,1.096091628074646,0.7628504037857056,0.6074397563934326,3.7899999618530273,11.460000038146973,86,811.9419450180438,77.5295333,12.8761621
1765986071933477000,3244.328477050781,1.1823375225067139,0.7943066358566284,0.6070706844329834,3.7899999618530273,12.399999618530273,89,811.9419450180438,77.529649,12.8761661
1765986072933252900,3245.3282529296876,1.2652857303619385,0.9673893451690674,0.5825250744819641,3.7899999618530273,13.579999923706055,86,812.3160273614874,77.5297722,12.8761796
1765986073933563400,3246.3285634765625,1.2275044918060303,0.7242962121963501,0.5827109217643738,3.7899999618530273,15.649999618530273,86,812.3160273614874,77.5299213,12.8761921
1765986074933527800,3247.3285278320313,1.313513994216919,0.797926664352417,0.5829660892486572,3.7899999618530273,15.75,86,812.3160273614874,77.5300651,12.8762037
1765986075933218300,3248.3282182617186,1.3556478023529053,0.7735036015510559,0.567421019077301,3.7899999618530273,16.020000457763672,87,812.6761257625758,77.530211,12.8762123
1765986076934249500,3249.329249511719,1.3864995241165161,0.7827948331832886,0.5958803296089172,3.7899999618530273,16.280000686645508,88,813.9016873760897,77.5303592,12.8762166
1765986077934093300,3250.3290932617188,1.424460768699646,0.7741938829421997,0.5957273840904236,3.7899999618530273,15.479999542236328,87,815.3179998311764,77.5305043,12.8762246
1765986078933973500,3251.328973388672,1.5252262353897095,0.809130072593689,0.5957386493682861,3.7899999618530273,15.979999542236328,86,816.022810874091,77.5306548,12.8762343
1765986079934048800,3252.329048828125,1.5278934240341187,0.751487672328949,0.6115649342536926,3.7899999618530273,16,88,817.3959852857496,77.5308022,12.8762393
1765986080933975600,3253.3289755859373,1.4788345098495483,0.7277740836143494,0.6116482019424438,3.7899999618530273,15.880000114440918,90,817.890381752951,77.5309526,12.8762362
1765986081933533700,3254.3285336914064,1.464938998222351,0.747258722782135,0.6116828322410583,3.7899999618530273,15.819999694824219,90,818.2726429488279,77.5310989,12.8762347
1765986082933094100,3255.328094238281,1.4687412977218628,0.7786916494369507,0.6084207892417908,3.7899999618530273,15.779999732971191,90,818.6799384794364,77.531246,12.8762284
1765986083934061800,3256.329061767578,1.4364075660705566,0.7774320244789124,0.5857343077659607,3.7899999618530273,15.829999923706055,90,819.4468292622745,77.5313899,12.8762311
1765986084934109000,3257.3291088867186,1.4871435165405273,0.9868941307067871,0.5856632590293884,3.7899999618530273,15.979999542236328,90,819.7123954441334,77.5315384,12.8762336
1765986085933504300,3258.3285041503905,1.466410517692566,0.7433336973190308,0.759783148765564,3.7899999618530273,15.569999694824219,92,819.3106568091296,77.5316831,12.8762282
1765986086933412000,3259.328412109375,0.47856372594833374,0.1090804859995842,0.7572609186172485,3.7899999618530273,14.630000114440918,93,819.8395849250256,77.5318165,12.8762181
1765986087933720800,3260.3287209472655,1.5670239925384521,0.35050708055496216,0.7703654766082764,3.7899999618530273,14.390000343322754,93,820.1372644042264,77.531948,12.8762081
1765986088933479200,3261.3284792480467,2.7214419841766357,0.609748899936676,0.7704554796218872,3.7899999618530273,14.4399995803833,91,820.2677886560869,77.5320794,12.876208
1765986089933774000,3262.328774169922,1.569353461265564,0.3623366355895996,0.716624915599823,3.7899999618530273,14.859999656677246,92,820.3639656882524,77.5322168,12.8762022
1765986090933915100,3263.3289150390624,0.4715673625469208,0.10552677512168884,0.7092585563659668,3.7899999618530273,14.369999885559082,93,820.3822852449005,77.532349,12.8761936
1765986091933732900,3264.3287329101563,1.6157410144805908,0.3533179759979248,0.6963555216789246,3.7899999618530273,14.069999694824219,92,820.4303742667679,77.5324761,12.8761886
1765986092933850600,3265.3288505859373,1.6473699808120728,0.36128994822502136,0.5623195171356201,3.7899999618530273,14.109999656677246,96,821.892263940984,77.5326111,12.8761777
1765986093933668600,3266.328668701172,0.4428179860115051,0.0982401967048645,0.5832875370979309,3.7899999618530273,14.239999771118164,97,821.5590650180101,77.5327392,12.8761601
1765986094934162200,3267.329162109375,0.3201233446598053,0.06650595366954803,0.583230197429657,3.7899999618530273,13.329999923706055,97,821.5590650180101,77.532864,12.8761452
1765986095933452300,3268.328452392578,1.5464097261428833,0.30807405710220337,0.5625567436218262,3.7899999618530273,12.819999694824219,96,821.8533346809745,77.5329818,12.8761342
1765986096933801500,3269.328801513672,1.4265207052230835,0.28083527088165283,0.56047123670578,3.7899999618530273,12.65999984741211,98,821.7693250949319,77.5330941,12.8761149
1765986097934090000,3270.3290900878906,0.19814181327819824,0.039649493992328644,0.5605244040489197,3.7899999618530273,12.84000015258789,98,821.7487157116893,77.5332133,12.876097
1765986098933944600,3271.3289445800783,0.3800920248031616,0.07620126008987427,0.5605059266090393,3.7899999618530273,12.869999885559082,97,821.5678132448882,77.5333331,12.8760865
1765986099934089000,3272.3290888671877,1.5249758958816528,0.30314815044403076,0.5902675986289978,3.7899999618530273,12.789999961853027,99,820.8915284988528,77.5334504,12.8760659
1765986100933783800,3273.3287836914064,1.6915283203125,0.3392934799194336,0.6100140810012817,3.7899999618530273,12.90999984741211,99,820.2907616512022,77.5335665,12.8760454
1765986101933217300,3274.3282172851564,4.447210788726807,0.8875625133514404,0.6096810698509216,3.7899999618530273,12.890000343322754,102,820.2060427137694,77.5336788,12.8760238
1765986102933770000,3275.3287700195315,4.290831089019775,1.0606673955917358,0.6104561686515808,3.7899999618530273,13.329999923706055,101,820.112165947064,77.5338049,12.8760055
1765986103934090500,3276.329090576172,1.4567805528640747,0.31733232736587524,0.6106966733932495,3.7899999618530273,14.010000228881836,97,819.9953938381111,77.5339326,12.8759838
1765986104933482000,3277.3284819335936,0.5268523097038269,0.10593165457248688,0.6106998324394226,3.7899999618530273,12.90999984741211,98,819.7526960957289,77.5340549,12.8759638
1765986105933963500,3278.328963623047,1.9212183952331543,0.3469245135784149,0.5682148933410645,3.7899999618530273,11.619999885559082,101,820.1595384237619,77.5341643,12.8759423
1765986106934035000,3279.3290349121094,2.292788028717041,0.3743271827697754,0.5664646625518799,3.7899999618530273,10.520000457763672,102,819.7153866257883,77.5342674,12.8759262
1765986107933964000,3280.3289641113283,1.4230232238769531,0.195944145321846,0.597359299659729,3.7899999618530273,8.859999656677246,108,819.3622950504327,77.5343469,12.8758952
1765986108933362700,3281.3283627929686,3.057481288909912,0.4595494568347931,0.5973374247550964,3.7899999618530273,9.6899995803833,109,819.1860184379724,77.5344372,12.8758687
1765986109933395500,3282.3283955078123,2.4801058769226074,0.34398409724235535,0.6132761836051941,3.7899999618530273,8.9399995803833,114,818.9319117576491,77.5345077,12.8758331
1765986110933986300,3283.328986328125,0.4141845405101776,0.06771586090326309,0.6133995056152344,3.7899999618530273,10.489999771118164,114,818.5313083666077,77.5345903,12.8758007
1765986111933246000,3284.328245849609,1.660160779953003,0.29950466752052307,0.6135258674621582,3.7899999618530273,11.609999656677246,117,817.7942468805842,77.5346821,12.8757557
1765986112933933600,3285.32893359375,1.304903507232666,0.283764511346817,0.6105052828788757,3.7899999618530273,13.989999771118164,117,817.7849375092125,77.534791,12.8757
1765986113934154200,3286.329154296875,0.19727356731891632,0.044945839792490005,0.6158249378204346,3.7899999618530273,14.619999885559082,118,817.7506042887242,77.5349069,12.8756409
1765986114933696500,3287.328696533203,0.32028040289878845,0.07387258112430573,0.5876222252845764,3.7899999618530273,14.800000190734863,120,817.7506042887242,77.5350252,12.875576
1765986115933662000,3288.328661865234,0.35101842880249023,0.08511966466903687,0.7665245532989502,3.7899999618530273,15.569999694824219,119,816.3620780801043,77.5351488,12.8755096
1765986116933823500,3289.328823486328,0.364644318819046,0.0936131402850151,0.7640083432197571,3.7899999618530273,16.479999542236328,116,816.3391893425938,77.5352785,12.8754439
1765986117933268200,3290.3282683105467,1.172499656677246,0.30611249804496765,0.7751838564872742,3.7899999618530273,16.790000915527344,115,816.407855737881,77.5354137,12.875378
1765986118933465900,3291.3284658203124,1.0530041456222534,0.27712351083755493,0.7875466346740723,3.7899999618530273,16.920000076293945,114,816.5503786717444,77.5355575,12.8753109
1765986119933551900,3292.3285517578124,0.20969431102275848,0.0502365343272686,0.7282832264900208,3.7899999618530273,15.369999885559082,112,816.5503786717444,77.5356919,12.8752541
1765986120933302300,3293.3283022460937,0.3538198173046112,0.07969176024198532,0.7091519236564636,3.7899999618530273,14.460000038146973,109,816.6413255829626,77.5358141,12.8752094
1765986121933780500,3294.3287805175783,4.262277603149414,0.9732748866081238,0.7060873508453369,3.7899999618530273,14.75,108,816.5503786717444,77.5359408,12.875161
1765986122933641200,3295.3286411132813,1.2571614980697632,0.30334895849227905,0.6020435690879822,3.7899999618530273,15.520000457763672,107,816.841405402224,77.5360786,12.8751191
1765986123933078800,3296.328078857422,1.314771294593811,0.31424906849861145,0.6013022661209106,3.7899999618530273,15.369999885559082,106,816.8208048668209,77.5362132,12.8750858
1765986124933324800,3297.3283247070312,1.9909934997558594,0.4266510605812073,0.6013855338096619,3.7899999618530273,13.800000190734863,105,816.8070712039688,77.5363368,12.8750529
1765986125933671400,3298.3286713867187,1.1555835008621216,0.2537940740585327,0.6011856198310852,3.7899999618530273,14.119999885559082,106,816.8070712039688,77.5364622,12.8750175
1765986126933811500,3299.3288115234377,1.2956820726394653,0.28935718536376953,0.5818356275558472,3.7899999618530273,14.359999656677246,101,817.7791852249983,77.5365902,12.8749991
1765986127933207600,3300.328207519531,2.0417943000793457,0.4368269741535187,0.581922173500061,3.7899999618530273,13.779999732971191,100,817.7791852249983,77.5367169,12.8749692
1765986128934209000,3301.329208984375,1.842882752418518,0.35526081919670105,0.5985992550849915,3.7899999618530273,12.40999984741211,98,816.9032073045147,77.5368402,12.874944
1765986129933860900,3302.328860839844,2.576094150543213,0.48396262526512146,0.5936034917831421,3.7899999618530273,12.109999656677246,104,818.4224030023098,77.5369484,12.8749111
1765986130933406200,3303.32840625,4.64546012878418,0.7513531446456909,0.6142111420631409,3.7899999618530273,10.449999809265137,98,818.1684602503518,77.5370442,12.8748918
1765986131934084000,3304.329083984375,4.706939220428467,0.5651093125343323,0.6132597327232361,3.7899999618530273,7.760000228881836,91,818.1959300618897,77.5371139,12.8748895
1765986132933809700,3305.3288095703124,4.233989715576172,0.29252609610557556,0.6150026917457581,3.7899999618530273,4.460000038146973,76,818.1959300618897,77.5371637,12.8748944
1765986133933271000,3306.3282709960936,1.291757345199585,0.0737951397895813,0.6153419613838196,3.7899999618530273,3.6700000762939453,46,818.1959300618897,77.5372014,12.8749132
1765986134933967000,3307.3289670410154,2.4209835529327393,0.20674601197242737,0.6152553558349609,3.7899999618530273,5.5,34,818.2440024432148,77.5372326,12.8749471
1765986135934131500,3308.329131347656,4.178706645965576,0.4680216610431671,0.9232118129730225,3.7899999618530273,7.230000019073486,38,818,77.5372703,12.8749927
1765986136933739800,3309.3287397460936,0.37500762939453125,0.05240536853671074,0.888232946395874,3.7899999618530273,8.970000267028809,42,818,77.5373229,12.8750508
1765986137933293600,3310.328293457031,0.31733375787734985,0.0534185916185379,0.8829091787338257,3.7899999618530273,10.800000190734863,41,818,77.5373837,12.8751172
1765986138934214400,3311.3292143554686,0.30217912793159485,0.05441475659608841,0.8793279528617859,3.7899999618530273,11.5600004196167,40,818,77.5374482,12.8751933
1765986139934074000,3312.32907421875,1.5038714408874512,0.2742154002189636,0.8792875409126282,3.7899999618530273,11.729999542236328,39,818,77.537513,12.8752759
1765986140933704700,3313.3287045898437,2.997828960418701,0.557506263256073,0.8774765729904175,3.7899999618530273,11.989999771118164,44,818,77.5375918,12.8753529
1765986141933417700,3314.328417724609,1.8749381303787231,0.3412938117980957,1.1365745067596436,3.7899999618530273,11.720000267028809,42,818,77.5376649,12.8754337
1765986142933585200,3315.328585205078,0.32407426834106445,0.054645948112010956,1.1578222513198853,3.7899999618530273,10.819999694824219,42,818,77.5377358,12.8755078
1765986143934206000,3316.3292060546873,0.5614705085754395,0.09390410035848618,1.1966843605041504,3.7899999618530273,10.739999771118164,44,818,77.5378018,12.8755765
1765986144933847600,3317.32884765625,0.49867498874664307,0.08631289750337601,1.2225086688995361,3.7899999618530273,11.109999656677246,41,818,77.537871,12.8756525
1765986145933193700,3318.328193847656,0.13089382648468018,0.02272241935133934,1.2480086088180542,3.7899999618530273,11.140000343322754,41,818,77.5379343,12.8757299
1765986146934302000,3319.3293020019532,0.2598660886287689,0.04706057906150818,1.2700854539871216,3.7899999618530273,11.619999885559082,44,818,77.5380032,12.8758049
1765986147934186200,3320.3291862792967,0.5518041253089905,0.09460948407649994,1.2489726543426514,3.7899999618530273,11.010000228881836,46,818,77.5380764,12.8758747
1765986148934059300,3321.329059326172,0.38121142983436584,0.07215934991836548,1.255742073059082,3.7899999618530273,12.149999618530273,44,818,77.5381566,12.8759523
1765986149933783600,3322.328783447266,0.1093888133764267,0.020733986049890518,1.2452458143234253,3.7899999618530273,12.15999984741211,43,818,77.5382357,12.8760327
1765986150934200300,3323.329200439453,0.11700791865587234,0.021796097978949547,1.2552025318145752,3.7899999618530273,11.949999809265137,43,818,77.5383108,12.876114
1765986151933741600,3324.328741455078,0.3704572916030884,0.06519964337348938,1.303964376449585,3.7899999618530273,11.300000190734863,43,818,77.538385,12.8761899
1765986152933287000,3325.3282868652345,0.7604817748069763,0.1284952610731125,1.2924357652664185,3.7899999618530273,10.850000381469727,45,818,77.5384556,12.8762601
1765986153933794600,3326.3287946777345,0.9626255035400391,0.13080106675624847,1.2959258556365967,3.7899999618530273,8.729999542236328,43,818,77.5385126,12.8763209
1765986154933850600,3327.3288505859373,0.8696072697639465,0.10267973691225052,1.266695499420166,3.7899999618530273,7.579999923706055,42,818,77.5385622,12.8763759
1765986155934065700,3328.329065673828,0.6745060086250305,0.07781578600406647,1.2725024223327637,3.7899999618530273,7.409999847412109,40,818,77.5386064,12.8764284
1765986156933830000,3329.3288298339844,0.572554349899292,0.0704217478632927,1.2806572914123535,3.7899999618530273,7.900000095367432,36,818,77.5386489,12.8764807
1765986157933701000,3330.328701171875,0.4661794602870941,0.058696042746305466,1.2871636152267456,3.7899999618530273,8.079999923706055,43,818,77.5386972,12.8765354
1765986158934230000,3331.329229980469,2.53995418548584,0.3128812313079834,1.1119943857192993,3.7899999618530273,7.940000057220459,44,816.1828542033729,77.5387481,12.8765876
1765986159933930800,3332.3289306640627,2.1634998321533203,0.30400794744491577,1.14150869846344,3.7899999618530273,9.050000190734863,44,815.6244493362228,77.5388058,12.8766475
1765986160933584400,3333.328584472656,0.34263545274734497,0.05035155266523361,1.1480484008789062,3.7899999618530273,9.430000305175781,41,815.5054497070277,77.5388626,12.8767109
1765986161934073300,3334.3290732421874,2.202775239944458,0.3264564275741577,1.1516181230545044,3.7899999618530273,9.539999961853027,39,815.4940075217652,77.5389158,12.876779
1765986162933874000,3335.3288740234375,1.95766282081604,0.30634644627571106,1.1571986675262451,3.7899999618530273,10.069999694824219,42,815.4585368441997,77.538979,12.8768459
1765986163933741000,3336.328740966797,2.118960380554199,0.32943445444107056,1.1637576818466187,3.7899999618530273,10.010000228881836,42,815.4402294549533,77.5390398,12.8769081
1765986164934035500,3337.3290354003907,2.352595806121826,0.3840083181858063,1.181483507156372,3.7899999618530273,10.510000228881836,40,815.3898843354797,77.539107,12.8769791
1765986165933910300,3338.32891015625,0.44538456201553345,0.0756397619843483,1.030760407447815,3.7899999618530273,10.899999618530273,40,815.7197396088554,77.5391676,12.8770503
1765986166933465600,3339.3284655761718,2.1253139972686768,0.36705726385116577,1.02470064163208,3.7899999618530273,11.119999885559082,43,815.6796928182729,77.5392416,12.8771248
1765986167933392100,3340.328392089844,2.298275947570801,0.39940381050109863,1.0301873683929443,3.7899999618530273,11.1899995803833,41,815.6344973786051,77.5393098,12.8771999
1765986168933231000,3341.328231201172,0.653337836265564,0.11523372679948807,1.038279414176941,3.7899999618530273,11.329999923706055,42,815.5429630385676,77.5393775,12.877278
1765986169934061800,3342.329061767578,0.5605616569519043,0.09463848918676376,1.0552823543548584,3.7899999618530273,10.84000015258789,45,815.4971962338907,77.5394486,12.8773502
1765986170933684200,3343.3286843261717,3.313793182373047,0.7519727945327759,1.061707854270935,3.7899999618530273,10.800000190734863,41,815.3484558007412,77.5395125,12.8774256
1765986171933375500,3344.3283754882814,5.710324764251709,1.070278286933899,1.3836020231246948,3.7899999618530273,10.779999732971191,39,814.0442255654921,77.5395831,12.8774991
1765986172933997300,3345.3289973144533,4.693315029144287,0.7828418016433716,1.4010093212127686,3.7899999618530273,10.260000228881836,41,813.6689559405227,77.5396414,12.8775709
1765986173934283300,3346.329283203125,4.011733055114746,0.7582422494888306,1.4026795625686646,3.7899999618530273,10.079999923706055,41,813.2708219239955,77.5397,12.877642
1765986174933215500,3347.3282155761717,4.053213119506836,0.784691333770752,1.4341351985931396,3.7899999618530273,10.180000305175781,43,812.6869273318142,77.5397636,12.8777092
1765986175934321400,3348.3293212890626,3.830878496170044,0.7784624099731445,1.4581847190856934,3.7899999618530273,10.180000305175781,41,812.1012451649328,77.5398231,12.8777787
1765986176933342000,3349.3283420410157,3.9687869548797607,0.9880741834640503,1.4647232294082642,3.7899999618530273,10.25,41,811.430962569078,77.539882,12.8778504
1765986177933309400,3350.328309326172,3.2416412830352783,0.760215163230896,1.465920329093933,3.7899999618530273,10.220000267028809,42,811.0786848107238,77.5399455,12.877915
1765986178934205400,3351.329205322266,2.7828848361968994,0.7242381572723389,1.450272560119629,3.7899999618530273,10.210000038146973,43,810.5554167355899,77.540009,12.8779852
1765986179934049500,3352.329049560547,2.5598621368408203,0.7559580206871033,1.4511823654174805,3.7899999618530273,10.199999809265137,42,810.1597132387396,77.5400752,12.8780498
1765986180933948700,3353.3289487304687,2.39770770072937,0.7577045559883118,1.477689266204834,3.7899999618530273,10.069999694824219,42,809.811519202891,77.5401419,12.8781152
1765986181933342700,3354.3283427734377,2.504188299179077,0.9369943141937256,1.48381507396698,3.7899999618530273,9.770000457763672,42,809.3690872561253,77.5402,12.8781797
1765986182933395200,3355.328395263672,2.5449564456939697,0.9892328381538391,1.4462677240371704,3.7899999618530273,9.630000114440918,43,809.4123907796619,77.5402652,12.878238
1765986183933606000,3356.3286059570314,2.3415324687957764,0.7547643184661865,1.4547994136810303,3.7899999618530273,9.15999984741211,39,808.8132242843562,77.540318,12.8783036
1765986184933644300,3357.3286442871095,2.5529489517211914,0.8395109176635742,1.460891604423523,3.7899999618530273,8.520000457763672,40,808.0654681715282,77.5403723,12.8783676
1765986185933715700,3358.3287158203125,2.6976029872894287,1.0730637311935425,1.467381477355957,3.7899999618530273,8.380000114440918,42,807.6424545169833,77.5404208,12.8784262
1765986186933655600,3359.328655517578,2.767479419708252,0.7739526629447937,1.4752780199050903,3.7899999618530273,7.590000152587891,44,807.4046613822603,77.5404706,12.8784761
1765986187933848000,3360.328848144531,6.321256160736084,0.8098438382148743,1.516348123550415,3.7899999618530273,6.809999942779541,46,806.7394334769209,77.5405158,12.8785225
1765986188933474800,3361.3284748535157,0.7811970710754395,0.06308860331773758,1.3196873664855957,3.7899999618530273,5.179999828338623,47,806.9635193839603,77.5405595,12.8785555
1765986189933404200,3362.328404052734,1.0807347297668457,0.08903477340936661,1.3625715970993042,3.7899999618530273,5.289999961853027,36,806.5428749958645,77.5405926,12.8785924
1765986190934444800,3363.3294448242186,0.8061119914054871,0.08366014063358307,1.3690978288650513,3.7899999618530273,6.659999847412109,37,806.1291090133957,77.5406279,12.8786362
1765986191933585000,3364.3285849609374,0.9899346232414246,0.09075790643692017,1.3743951320648193,3.7899999618530273,5.889999866485596,40,805.777080701993,77.5406594,12.8786784
1765986192933686300,3365.328686279297,0.9391308426856995,0.07952414453029633,1.3780455589294434,3.7899999618530273,5.440000057220459,45,805.4364955962626,77.5406971,12.878718
1765986193933325000,3366.328324951172,0.6735227108001709,0.06713835895061493,1.384668231010437,3.7899999618530273,6.400000095367432,41,805.2513509630396,77.5407361,12.8787617
1765986194933141000,3367.328141113281,0.7787411212921143,0.0833682268857956,1.3908101320266724,3.7899999618530273,6.869999885559082,46,805.2124939534754,77.5407826,12.8787982
1765986195934076400,3368.3290764160156,0.7011834979057312,0.08145549893379211,1.2504483461380005,3.7899999618530273,7.460000038146973,43,805.5852702421062,77.5408254,12.8788442
1765986196933871400,3369.3288713378906,0.5901696085929871,0.07077916711568832,1.2422395944595337,3.7899999618530273,7.699999809265137,47,805.5784131501075,77.5408749,12.8788921
1765986197933616400,3370.328616455078,0.5389991998672485,0.07154010236263275,1.2477024793624878,3.7899999618530273,8.520000457763672,45,805.5029854989821,77.5409286,12.8789401
1765986198934118700,3371.329118652344,0.8281180262565613,0.09054937213659286,1.2556744813919067,3.7899999618530273,7.019999980926514,43,805.4687004217092,77.5409724,12.8789851
1765986199933859800,3372.328859863281,1.2185118198394775,0.135196715593338,1.2725825309753418,3.7899999618530273,7.130000114440918,38,805.459557757521,77.5410164,12.8790332
1765986200933767200,3373.328767089844,1.6314703226089478,0.16018103063106537,1.2790887355804443,3.7899999618530273,6.309999942779541,43,805.4367011395728,77.541057,12.8790779
1765986201933770200,3374.3287702636717,3.503579616546631,0.35608479380607605,1.5961891412734985,3.7899999618530273,6.559999942779541,40,804.182821104704,77.5410949,12.8791238
1765986202933487400,3375.3284873046873,2.8763210773468018,0.31860587000846863,1.6133482456207275,3.7899999618530273,7.139999866485596,41,804.182821104704,77.5411384,12.8791715
1765986203933447200,3376.328447265625,0.9274671077728271,0.1110711321234703,1.6150661706924438,3.7899999618530273,7.690000057220459,38,804.1645358686615,77.5411843,12.8792223
1765986204933455000,3377.328455078125,2.9744489192962646,0.3497450351715088,1.645530104637146,3.7899999618530273,7.579999923706055,36,804.2258650679103,77.5412256,12.8792767
1765986205933541600,3378.328541748047,3.115257740020752,0.36398082971572876,1.665081262588501,3.7899999618530273,7.53000020980835,38,804.2258650679103,77.541264,12.8793315
1765986206933550300,3379.328550292969,0.8394235968589783,0.1087837964296341,1.6759660243988037,3.7899999618530273,8.319999694824219,43,804.2258650679103,77.5413125,12.8793854
1765986207932541700,3380.3275417480468,2.881986141204834,0.3430175185203552,1.6824700832366943,3.7899999618530273,7.670000076293945,46,804.2258650679103,77.5413661,12.8794373
1765986208933485800,3381.328485839844,2.983259439468384,0.38031092286109924,1.6830905675888062,3.7899999618530273,8.220000267028809,46,804.2555785567364,77.541419,12.8794901
1765986209932412400,3382.3274123535157,0.9413583278656006,0.13053396344184875,1.6766986846923828,3.7899999618530273,8.90999984741211,45,804.3835762976224,77.5414716,12.8795462
1765986210933887700,3383.3288876953125,3.1540706157684326,0.38866379857063293,1.6703753471374512,3.7899999618530273,7.949999809265137,40,804.3932003764255,77.541515,12.8796037
1765986211933946000,3384.328946044922,2.982651948928833,0.363057017326355,1.7092052698135376,3.7899999618530273,7.849999904632568,51,804.6157175404825,77.541577,12.879648
1765986212933719300,3385.3287192382813,0.41824963688850403,0.04670354351401329,1.6690704822540283,3.7899999618530273,7.170000076293945,48,804.8579434053463,77.541629,12.8796865
1765986213933323500,3386.328323486328,0.43653562664985657,0.05138654634356499,1.668312668800354,3.7899999618530273,7.550000190734863,42,804.9128019128261,77.5416818,12.8797346
1765986214933310500,3387.328310546875,0.9169183969497681,0.1100480929017067,1.6748864650726318,3.7899999618530273,7.710000038146973,34,804.9173734709115,77.5417211,12.8797893
1765986215933572900,3388.3285727539064,0.9547297954559326,0.10337989777326584,1.6810247898101807,3.7899999618530273,6.960000038146973,38,804.9173734709115,77.5417581,12.8798423
1765986216933552600,3389.328552734375,0.6732521057128906,0.07452748715877533,1.6874905824661255,3.7899999618530273,7.110000133514404,43,804.9173734709115,77.5418009,12.879892
1765986217933654800,3390.3286547851562,0.8112353682518005,0.09487010538578033,1.6950905323028564,3.7899999618530273,7.510000228881836,45,804.9150876915651,77.5418524,12.8799394
1765986218933456600,3391.3284565429685,3.0235800743103027,0.35921353101730347,1.527600884437561,3.7899999618530273,7.659999847412109,43,805.4707820768633,77.5418996,12.8799867
1765986219933978600,3392.328978515625,4.727758407592773,0.5918232202529907,1.5851048231124878,3.7899999618530273,8.09000015258789,46,805.4022092523538,77.5419571,12.8800397
1765986220933521000,3393.3285209960936,2.79057240486145,0.3482491970062256,1.5916650295257568,3.7899999618530273,8.039999961853027,42,805.2993510407734,77.5420051,12.8800946
1765986221933633300,3394.3286333007813,0.7307774424552917,0.09318507462739944,1.59699285030365,3.7899999618530273,8.1899995803833,41,805.127923421898,77.5420582,12.8801497
1765986222933641700,3395.3286418457033,2.4968674182891846,0.3214459717273712,1.601060390472412,3.7899999618530273,8.289999961853027,40,805.057067670859,77.5421083,12.8802053
1765986223933685500,3396.328685546875,2.415433883666992,0.3292323052883148,1.0181827545166016,3.7899999618530273,8.779999732971191,38,805.0342111015084,77.5421607,12.880261
1765986224932609800,3397.3276098632814,0.7578244209289551,0.09475605934858322,0.8598024845123291,3.7899999618530273,8.029999732971191,38,805.4115589299918,77.5422065,12.8803159
1765986225933483800,3398.328483886719,0.677003800868988,0.08286284655332565,0.7747949361801147,3.7899999618530273,7.860000133514404,40,805.6883348785725,77.5422527,12.8803723
1765986226933475000,3399.3284750976563,0.8054277300834656,0.09988504648208618,0.8078994750976562,3.7899999618530273,7.96999979019165,43,805.5344173298603,77.5423008,12.8804231
1765986227933620700,3400.3286208496093,0.9343247413635254,0.11134107410907745,0.8068876266479492,3.7899999618530273,7.659999847412109,39,805.5389886352251,77.5423517,12.8804778
1765986228933890800,3401.3288908691407,0.8531818389892578,0.11503893882036209,0.8550011515617371,3.7899999618530273,8.65999984741211,38,805.432129823272,77.5423996,12.8805311
1765986229934052000,3402.329052001953,1.0493403673171997,0.11945194005966187,0.8653169274330139,3.7899999618530273,7.309999942779541,39,805.459557757521,77.5424433,12.8805855
1765986230933908000,3403.3289079589845,0.7140026092529297,0.10345002263784409,0.8653146624565125,3.7899999618530273,9.3100004196167,38,805.5921273395716,77.5424949,12.8806487
1765986231933847600,3404.32884765625,0.8876325488090515,0.12961268424987793,0.7982866764068604,3.7899999618530273,9.380000114440918,39,805.9183879714363,77.5425474,12.8807132
1765986232933960700,3405.3289606933595,1.121200442314148,0.1411454677581787,0.798079252243042,3.7899999618530273,8.09000015258789,40,805.9755314071263,77.5425934,12.8807702
1765986233933779000,3406.3287790527343,0.9029043912887573,0.11352641880512238,1.192726969718933,3.7899999618530273,8.079999923706055,40,804.6875785675319,77.542641,12.8808244
1765986234933507800,3407.3285078125,0.8692966103553772,0.1033380925655365,1.1927094459533691,3.7899999618530273,7.639999866485596,40,804.9253021153722,77.5426845,12.8808791
1765986235933683700,3408.32868359375,3.2878148555755615,0.35643523931503296,1.2119224071502686,3.7899999618530273,6.989999771118164,37,805.1538886469751,77.5427246,12.8809323
1765986236933695700,3409.328695800781,4.438791275024414,0.3654913306236267,1.2119364738464355,3.7899999618530273,5.320000171661377,38,805.2361812857312,77.5427563,12.8809752
1765986237933507300,3410.3285073242187,5.091740608215332,0.3551074266433716,1.205507516860962,3.7899999618530273,4.5,39,805.327618474577,77.5427857,12.88101
1765986238933780200,3411.3287802734376,9.011792182922363,0.31330713629722595,1.2055065631866455,3.7899999618530273,2.25,37,805.3847672112975,77.5428063,12.8810301
1765986239933239300,3412.3282392578126,8.271952629089355,0.31176838278770447,1.1900571584701538,3.7899999618530273,2.430000066757202,41,805.5894189459017,77.5428265,12.8810494
1765986240933818400,3413.328818359375,8.731585502624512,0.3101795017719269,1.1861255168914795,3.7899999618530273,2.2899999618530273,41,805.6168504890036,77.5428422,12.8810591
1765986241933473000,3414.3284731445315,0.5862692594528198,0.02890980802476406,1.1604377031326294,3.7899999618530273,3.1600000858306885,42,805.655711991512,77.5428588,12.8810789
1765986242933246700,3415.328246826172,1.7233346700668335,0.07925356924533844,0.8550847172737122,3.7899999618530273,2.9600000381469727,49,806.6712419370955,77.5428766,12.8810993
1765986243933239600,3416.3282395019532,3.6726460456848145,0.1415744423866272,0.859817385673523,3.7899999618530273,2.4800000190734863,36,806.7123898751875,77.5428925,12.8811196
1765986244933251800,3417.328251953125,4.616522312164307,0.761974573135376,0.8597894310951233,3.7899999618530273,1.7300000190734863,26,806.74439396315,77.5429004,12.8811369
1765986245933906000,3418.328906005859,4.5398359298706055,0.7802565097808838,0.8587047457695007,3.7899999618530273,2.190000057220459,40,806.751251997495,77.5429091,12.8811543
1765986246933798700,3419.3287985839843,4.484428405761719,0.792935311794281,0.8849753141403198,3.7899999618530273,2.5399999618530273,44,806.824404704124,77.5429215,12.8811718
1765986247933651000,3420.328650878906,4.522282600402832,0.8065606951713562,0.8587018251419067,3.7899999618530273,2.2699999809265137,41,807.322821073578,77.5429332,12.8811881
1765986248934069800,3421.3290698242185,11.403599739074707,0.7891996502876282,0.865317165851593,3.7899999618530273,2.240000009536743,35,807.4074068473067,77.5429435,12.8812042
1765986249934151400,3422.3291513671875,1.615806221961975,0.1128581166267395,0.8641613721847534,3.7899999618530273,4.489999771118164,57,807.5101925438952,77.5429697,12.8812232
1765986250933813500,3423.3288134765626,1.5522794723510742,0.16057147085666656,1.1059459447860718,3.7899999618530273,6.650000095367432,50,807.0801146768039,77.5430122,12.8812526
1765986251933898500,3424.3288984375,1.3464394807815552,0.13948054611682892,0.875859797000885,3.7899999618530273,6.659999847412109,37,807.8165402681898,77.5430478,12.8812956
1765986252933799200,3425.3287990722656,0.7425428628921509,0.09012610465288162,0.8853772282600403,3.7899999618530273,7.789999961853027,31,808.0200160564973,77.5430833,12.8813501
1765986253934001700,3426.3290017089844,0.5453951954841614,0.05136293172836304,0.8820836544036865,3.7899999618530273,6.039999961853027,31,808.1777702616398,77.5431145,12.8814027
1765986254932836400,3427.3278364257812,0.6797998547554016,0.04618819057941437,0.8857548236846924,3.7899999618530273,4.360000133514404,32,808.6121808546667,77.5431326,12.8814436
1765986255933515000,3428.328514892578,1.538142204284668,0.0796341598033905,0.8693466782569885,3.7899999618530273,3.3299999237060547,37,809.110912940018,77.543151,12.8814743
1765986256933304800,3429.3283049316406,1.4125239849090576,0.08658281713724136,0.938287615776062,3.7899999618530273,3.940000057220459,39,809.5032249736075,77.5431749,12.8814989
1765986257933672200,3430.3286721191407,2.108140707015991,0.07473108172416687,0.9568921327590942,3.7899999618530273,2.2799999713897705,29,809.857671881877,77.5431888,12.8815171
1765986258933580300,3431.3285803222657,1.0553336143493652,0.04381681978702545,1.0188568830490112,3.7899999618530273,2.6600000858306885,33,811.2999877929688,77.5432065,12.8815353
1765986259933657300,3432.3286572265624,0.4899138808250427,0.040733687579631805,1.0390146970748901,3.7899999618530273,5.329999923706055,44,811.2999877929688,77.5432336,12.8815676
1765986260933180000,3433.3281799316405,19.157217025756836,1.1007463932037354,1.0253657102584839,3.7899999618530273,3.6700000762939453,50,811.2999877929688,77.54326,12.881587
1765986261933979600,3434.328979736328,8.088905334472656,0.8137736916542053,1.0326999425888062,3.7899999618530273,3.319999933242798,71,811.2999877929688,77.5432875,12.881596
1765986262933746200,3435.32874609375,7.450555801391602,0.9550987482070923,1.0932055711746216,3.7899999618530273,4.409999847412109,91,811.2999877929688,77.5433288,12.8815968
1765986263932881200,3436.3278811035157,6.191863059997559,0.815048336982727,1.074596881866455,3.7899999618530273,7.340000152587891,98,811.2999877929688,77.5434012,12.8815964
1765986264933646000,3437.3286459960937,5.344300270080566,0.8968450427055359,1.093805193901062,3.7899999618530273,8.65999984741211,102,811.2999877929688,77.5434778,12.8815909
1765986265933599500,3438.328599609375,4.7685112953186035,0.8358800411224365,1.1011650562286377,3.7899999618530273,8.289999961853027,106,811.2999877929688,77.5435543,12.8815803
1765986266933507600,3439.3285075683593,5.992699146270752,0.8221396803855896,1.131097435951233,3.7899999618530273,7.880000114440918,108,811.2999877929688,77.5436232,12.8815588
1765986267933440500,3440.3284404296874,1.5519225597381592,0.1546449065208435,1.1375095844268799,3.7899999618530273,6.409999847412109,107,811.2999877929688,77.5436824,12.8815453
1765986268934160600,3441.3291606445314,1.9278708696365356,0.13923396170139313,1.1522048711776733,3.7899999618530273,4.650000095367432,105,811.2999877929688,77.5437304,12.8815342
1765986269933312300,3442.3283122558596,15.765053749084473,0.9056060314178467,1.1384960412979126,3.7899999618530273,3.700000047683716,101,811.2999877929688,77.5437685,12.8815301
1765986270933990400,3443.3289904785156,13.268471717834473,0.865780770778656,1.143173336982727,3.7899999618530273,4.210000038146973,101,813.2063731626228,77.5438045,12.8815211
1765986271933440300,3444.3284401855467,2.721923589706421,0.14732442796230316,1.1591602563858032,3.7899999618530273,3.4800000190734863,99,813.4420048843535,77.5438478,12.8815227
1765986272933360000,3445.3283601074218,5.4789958000183105,0.7500476241111755,1.0223907232284546,3.7899999618530273,5.53000020980835,101,814,77.5438988,12.8815144
1765986273934038000,3446.3290380859376,5.159954071044922,0.9074467420578003,1.050011396408081,3.7899999618530273,6.650000095367432,104,814,77.5439537,12.8814908
1765986274933903600,3447.328903564453,4.855673789978027,0.9585351347923279,1.0446604490280151,3.7899999618530273,7.769999980926514,105,814,77.5440233,12.8814679
1765986275933501400,3448.3285014648436,4.533522129058838,1.1110260486602783,1.084207534790039,3.7899999618530273,8.329999923706055,105,814,77.5441003,12.8814393
1765986276933710600,3449.3287106933594,4.202105522155762,1.1669822931289673,1.0899105072021484,3.7899999618530273,8.680000305175781,106,814,77.544183,12.881419
1765986277933651700,3450.328651611328,3.717132806777954,0.9640074968338013,1.0948721170425415,3.7899999618530273,8.90999984741211,106,814,77.5442621,12.8813969
1765986278933756700,3451.3287565917967,3.011894941329956,0.4390949308872223,1.110135555267334,3.7899999618530273,9.399999618530273,105,814,77.5443405,12.8813775
1765986279933216300,3452.3282163085937,1.2468934059143066,0.1743185818195343,1.1220579147338867,3.7899999618530273,8.989999771118164,105,814,77.5444192,12.8813554
1765986280933484800,3453.328484863281,0.30849289894104004,0.04689471423625946,1.1267739534378052,3.7899999618530273,9.75,106,816.0613982960189,77.5445044,12.8813345
1765986281934215200,3454.3292150878906,0.5939821600914001,0.0847831442952156,1.1252753734588623,3.7899999618530273,9.15999984741211,105,816.4647377548689,77.5445859,12.8813162
1765986282934211000,3455.3292111816404,0.8330395817756653,0.12885990738868713,1.1311408281326294,3.7899999618530273,9.9399995803833,107,816.9304610298122,77.5446718,12.8812923
1765986283933231400,3456.3282314453127,3.1974925994873047,0.45660802721977234,1.141948938369751,3.7899999618530273,9.210000038146973,103,817.246869730825,77.544756,12.8812735
1765986284934100500,3457.3291005859373,1.7892400026321411,0.28600919246673584,1.1486471891403198,3.7899999618530273,10.289999961853027,108,817.3512771770842,77.5448467,12.8812455
1765986285934081300,3458.329081298828,2.8751280307769775,0.4319557547569275,1.2365576028823853,3.7899999618530273,9.6899995803833,109,817.6985987590663,77.5449285,12.8812115
1765986286933942000,3459.3289418945315,5.972785472869873,0.8282151222229004,1.2423211336135864,3.7899999618530273,8.970000267028809,110,818.2433554240499,77.5450028,12.8811831
1765986287933732900,3460.3287329101563,3.2306647300720215,0.47228968143463135,1.2467938661575317,3.7899999618530273,9.430000305175781,102,818.657668258091,77.5450874,12.8811739
1765986288933232000,3461.328232177734,3.366701126098633,0.47014424204826355,1.2532929182052612,3.7899999618530273,9.010000228881836,106,818.9415184062412,77.5451709,12.881148
1765986289934118000,3462.329117919922,4.3726935386657715,0.4836049973964691,1.2569732666015625,3.7899999618530273,7.139999866485596,106,819.0307957927836,77.5452329,12.8811214
1765986290934133800,3463.3291337890623,1.5029581785202026,0.18863430619239807,1.2717846632003784,3.7899999618530273,8.069999694824219,105,819.1713880171058,77.5453068,12.881112
1765986291933411800,3464.3284118652346,1.8728187084197998,0.2427225112915039,1.2782336473464966,3.7899999618530273,8.34000015258789,106,819.5216469471508,77.5453778,12.8810902
1765986292933630200,3465.328630126953,1.4754389524459839,0.18188831210136414,1.2851104736328125,3.7899999618530273,7.929999828338623,103,819.8146849856023,77.5454555,12.8810808
1765986293934166300,3466.3291662597658,1.8570804595947266,0.18894946575164795,1.3089200258255005,3.7899999618530273,6.550000190734863,105,819.8421578136416,77.5455175,12.8810649
1765986294933682200,3467.328682128906,3.4765915870666504,0.298184335231781,1.3161712884902954,3.7899999618530273,5.53000020980835,106,819.8421578136416,77.545573,12.8810477
1765986295933659100,3468.3286591796873,6.9856133460998535,0.4665640890598297,1.316472053527832,3.7899999618530273,4.320000171661377,99,819.9563886890224,77.5456144,12.8810366
1765986296933801500,3469.328801513672,20.22874641418457,1.2386475801467896,1.3275822401046753,3.7899999618530273,3.9100000858306885,105,819.8052171561351,77.5456491,12.8810235
1765986297934226000,3470.329225830078,5.606053352355957,0.7797409892082214,0.8617259860038757,3.7899999618530273,4.03000020980835,105,819.0999755859375,77.5456828,12.8810141
1765986298933880800,3471.328880859375,5.276788711547852,0.7031648755073547,0.8682540059089661,3.7899999618530273,3.5299999713897705,112,819.0999755859375,77.5457141,12.8809974
1765986299933218800,3472.32821875,5.2839531898498535,0.7356416583061218,0.8900080323219299,3.7899999618530273,3.0999999046325684,105,819.0999755859375,77.5457401,12.8809859
1765986300933307000,3473.3283068847654,5.270520210266113,0.8671704530715942,0.762042760848999,3.7899999618530273,3.4700000286102295,113,819.0999755859375,77.545774,12.8809781
1765986301933311700,3474.3283117675783,5.21323823928833,0.8595167994499207,0.7589954137802124,3.7899999618530273,4.380000114440918,103,819.0999755859375,77.5458135,12.8809686
1765986302933497300,3475.328497314453,5.171023368835449,1.1021955013275146,0.9075950980186462,3.7899999618530273,4.960000038146973,97,819.0999755859375,77.5458589,12.8809644
1765986303933877200,3476.3288771972657,4.74864387512207,0.4912671446800232,0.9706212878227234,3.7899999618530273,6.679999828338623,105,819.0999755859375,77.54592,12.8809537
1765986304933897500,3477.3288974609377,3.378476619720459,0.3116014897823334,0.9983046650886536,3.7899999618530273,5.949999809265137,103,819.0999755859375,77.5459739,12.8809386
1765986305933979600,3478.328979736328,6.752370834350586,0.6070308685302734,0.9798832535743713,3.7899999618530273,5.809999942779541,105,819.0999755859375,77.5460284,12.8809182
1765986306933758200,3479.3287583007814,10.47686767578125,0.623858630657196,0.9846821427345276,3.7899999618530273,3.8499999046325684,98,819.0999755859375,77.5460679,12.8809092
1765986307933208600,3480.328208496094,11.513867378234863,0.5825756788253784,0.9901424050331116,3.7899999618530273,3.2699999809265137,91,819.0999755859375,77.5461051,12.8809106
1765986308933961200,3481.328961181641,20.5544490814209,0.6432785987854004,0.9935616850852966,3.7899999618530273,1.9900000095367432,30,819.0999755859375,77.5461193,12.8809236
1765986309933890000,3482.3288901367187,9.66110610961914,0.6007326245307922,1.1342958211898804,3.7899999618530273,4.019999980926514,30,819.5,77.5461426,12.8809442
1765986310934034700,3483.3290346679687,8.005630493164062,0.7220889329910278,1.145938515663147,3.7899999618530273,5.840000152587891,25,819.5,77.5461654,12.8809859
1765986311934097000,3484.3290969238283,6.887861251831055,0.7933342456817627,1.1572177410125732,3.7899999618530273,7.449999809265137,23,819.5,77.5461896,12.8810521
1765986312933741600,3485.328741455078,2.8515706062316895,0.2447129637002945,1.1643539667129517,3.7899999618530273,5.53000020980835,20,819.5,77.5462052,12.8811047
1765986313933312300,3486.3283122558596,3.2918295860290527,0.4553542137145996,1.1696066856384277,3.7899999618530273,8.920000076293945,21,819.5,77.546239,12.8811794
1765986314933405400,3487.328405517578,1.7489594221115112,0.31897929310798645,1.210237979888916,3.7899999618530273,11.739999771118164,23,819.5,77.5462805,12.881264
1765986315934033200,3488.329033203125,0.6871554255485535,0.13524140417575836,1.2158149480819702,3.7899999618530273,12.640000343322754,22,819.5,77.546324,12.8813589
1765986316933634600,3489.328634521484,1.2677476406097412,0.3020763099193573,1.2244880199432373,3.7899999618530273,15.319999694824219,20,819.5,77.546372,12.881479
1765986317934054400,3490.3290544433594,1.003126621246338,0.2530464828014374,1.2316198348999023,3.7899999618530273,16.209999084472656,22,819.5,77.5464251,12.881609
1765986318933286000,3491.328285888672,0.5280728340148926,0.14786872267723083,1.2355644702911377,3.7899999618530273,17.979999542236328,21,819.5,77.5464933,12.8817558
1765986319933553400,3492.328553466797,0.26066476106643677,0.0739913061261177,1.2420598268508911,3.7899999618530273,18.219999313354492,20,819.5,77.5465503,12.8819089
1765986320932715000,3493.3277150878907,0.21719512343406677,0.0593334436416626,1.2587782144546509,3.7899999618530273,17.530000686645508,21,821.7348686767283,77.5466071,12.8820603
1765986321933643500,3494.3286435546875,4.053621292114258,1.0730212926864624,1.266727328300476,3.7899999618530273,17.09000015258789,21,822.8280615195671,77.5466668,12.8822035
1765986322933822200,3495.328822265625,1.5682978630065918,0.39074212312698364,1.2756072282791138,3.7899999618530273,16.030000686645508,19,823.5816106323007,77.5467166,12.882341
1765986323932381200,3496.3273811035156,1.1353838443756104,0.2837362587451935,1.2801754474639893,3.7899999618530273,16.06999969482422,22,823.5816106323007,77.5467807,12.8824768
1765986324933968000,3497.3289677734374,2.2275583744049072,0.5226728916168213,1.285388708114624,3.7899999618530273,15.109999656677246,27,823.5816106323007,77.5468474,12.8826019
1765986325933465300,3498.328465332031,1.5713787078857422,0.33865150809288025,1.1570589542388916,3.7899999618530273,13.869999885559082,37,823.3781543562308,77.5469263,12.8827099
1765986326933190400,3499.3281904296873,0.3663478493690491,0.08276160061359406,1.1632558107376099,3.7899999618530273,14.5,40,823.3781543562308,77.547007,12.8828077
1765986327933831200,3500.3288310546877,0.3185296952724457,0.07716432213783264,1.1673113107681274,3.7899999618530273,15.550000190734863,43,823.26764506883,77.5471067,12.8829099
1765986328933420000,3501.328419921875,0.41929513216018677,0.10370078682899475,1.1774280071258545,3.7899999618530273,15.880000114440918,46,823.1782033413755,77.5472079,12.8830097
1765986329933958000,3502.3289580078126,1.4472591876983643,0.35602813959121704,1.179613471031189,3.7899999618530273,15.829999923706055,50,823.0888819042915,77.5473145,12.8831061
1765986330933633800,3503.3286337890627,2.4191536903381348,0.5941951274871826,1.1944135427474976,3.7899999618530273,15.829999923706055,60,823.0737728994052,77.5474395,12.8831834
1765986331933771000,3504.3287709960937,1.7935086488723755,0.4347125291824341,1.2003815174102783,3.7899999618530273,15.600000381469727,68,822.9402100019726,77.5475731,12.8832383
1765986332933270500,3505.3282705078127,0.8108251690864563,0.1837845742702484,1.207198977470398,3.7899999618530273,14.5600004196167,71,822.8944055579063,77.5476975,12.8832855
1765986333933412600,3506.328412597656,0.5675452351570129,0.11094310134649277,1.2135494947433472,3.7899999618530273,12.550000190734863,76,822.8302797460653,77.5478158,12.8833147
1765986334933791700,3507.328791748047,1.8516238927841187,0.35489287972450256,1.218424677848816,3.7899999618530273,12.34000015258789,75,822.7547035102431,77.5479329,12.8833416
1765986335933616600,3508.328616699219,1.9517543315887451,0.33054429292678833,1.2249295711517334,3.7899999618530273,10.899999618530273,71,822.7157705570464,77.5480277,12.8833726
1765986336932855300,3509.3278552246093,0.7938587069511414,0.13955703377723694,1.2303602695465088,3.7899999618530273,11.289999961853027,69,822.7157705570464,77.5481302,12.8834032
1765986337933652200,3510.32865234375,0.7102143168449402,0.13239111006259918,1.337857723236084,3.7899999618530273,11.970000267028809,70,822.5745974362369,77.5482306,12.8834378
1765986338933430300,3511.3284301757812,1.777241826057434,0.34226319193840027,1.3456134796142578,3.7899999618530273,12.390000343322754,70,822.2952074401022,77.5483381,12.8834753
1765986339933977900,3512.3289777832033,2.1161978244781494,0.3610973656177521,1.352318286895752,3.7899999618530273,10.989999771118164,75,822.2081861803825,77.5484352,12.883503
1765986340933989000,3513.328989013672,1.0465922355651855,0.19909188151359558,1.3548449277877808,3.7899999618530273,12.229999542236328,81,822.2081861803825,77.5485397,12.8835227
1765986341933876000,3514.3288759765624,1.278394103050232,0.2580908238887787,1.362934947013855,3.7899999618530273,12.979999542236328,81,822.2081861803825,77.5486564,12.8835429
1765986342933458700,3515.3284587402345,1.556046962738037,0.3125933110713959,1.3697906732559204,3.7899999618530273,12.920000076293945,77,822.1600958619878,77.5487728,12.8835671
1765986343933369300,3516.3283693847657,1.9017120599746704,0.347714900970459,1.380038857460022,3.7899999618530273,11.770000457763672,79,822.1931267287812,77.5488799,12.883587
1765986344933484500,3517.3284846191405,2.235290765762329,0.44875937700271606,1.422214388847351,3.7899999618530273,12.930000305175781,76,822.2893086077239,77.5489965,12.883612
1765986345934205700,3518.3292058105467,2.237609624862671,0.49033883213996887,1.4291257858276367,3.7899999618530273,14.119999885559082,70,822.3923618145811,77.5491212,12.8836689
1765986346934439000,3519.3294389648436,2.3084311485290527,0.5005733966827393,1.4299120903015137,3.7899999618530273,13.970000267028809,74,822.5592648059041,77.5492389,12.8836972
1765986347934180000,3520.3291801757814,1.8444631099700928,0.45195749402046204,1.451006531715393,3.7899999618530273,15.770000457763672,76,822.712702808392,77.5493845,12.8837178
1765986348934391800,3521.329391845703,0.7679535746574402,0.19043180346488953,1.4565017223358154,3.7899999618530273,15.930000305175781,78,822.8455319466365,77.5495257,12.8837488
1765986349933364000,3522.328364013672,0.4619007110595703,0.12778273224830627,1.4677668809890747,3.7899999618530273,17.760000228881836,81,823.3313921539005,77.5496851,12.8837711
1765986350933796900,3523.328796875,0.6317391991615295,0.17560197412967682,1.4739402532577515,3.7899999618530273,17.850000381469727,79,823.7161704901396,77.5498414,12.8837988
1765986351933874400,3524.328874511719,0.8155509829521179,0.2116614580154419,1.4783003330230713,3.7899999618530273,16.68000030517578,74,823.8535954967746,77.5499946,12.883835
1765986352933521200,3525.3285212402343,1.1088520288467407,0.2788776159286499,1.4830200672149658,3.7899999618530273,16.170000076293945,76,823.9853403266325,77.5501437,12.8838706
1765986353933913300,3526.328913330078,1.3918819427490234,0.30460408329963684,1.493563175201416,3.7899999618530273,14.079999923706055,74,823.9853403266325,77.5502741,12.8839111
1765986354932795100,3527.3277951660157,1.0859220027923584,0.21605215966701508,1.5000529289245605,3.7899999618530273,12.789999961853027,76,823.9853403266325,77.5503932,12.8839402
1765986355934229500,3528.3292294921876,1.3078296184539795,0.23816369473934174,1.3696321249008179,3.7899999618530273,11.710000038146973,76,823.879065275818,77.5505054,12.8839691
1765986356933411000,3529.3284111328126,2.129324197769165,0.30653220415115356,1.3737586736679077,3.7899999618530273,9.270000457763672,74,823.9853403266325,77.5505968,12.8839975
1765986357933599700,3530.3285998535157,2.224200963973999,0.2699361741542816,1.3779914379119873,3.7899999618530273,7.809999942779541,71,823.8218031712087,77.5506725,12.8840184
1765986358932538000,3531.3275380859377,2.1364622116088867,0.14662158489227295,1.3895654678344727,3.7899999618530273,4.420000076293945,72,823.6089826688792,77.5507234,12.8840329
1765986359932914700,3532.327914794922,3.986046314239502,0.2948649823665619,1.3988926410675049,3.7899999618530273,4.769999980926514,72,823.7178255498104,77.5507729,12.8840451
1765986360933169200,3533.328169189453,7.5000386238098145,0.35496556758880615,1.4109177589416504,3.7899999618530273,3.059999942779541,72,823.2121162807728,77.5508027,12.8840579
1765986361933971700,3534.3289716796876,3.802885055541992,0.1141371876001358,1.104005217552185,3.7899999618530273,1.9299999475479126,72,822.8662973787497,77.5508223,12.8840594
1765986362933786600,3535.328786621094,7.667648792266846,0.10794717818498611,1.1114073991775513,3.7899999618530273,0.9100000262260437,58,820.8999633789062,77.5508335,12.8840639
1765986363933528300,3536.3285283203127,0,0.07779790461063385,1.1241059303283691,3.7899999618530273,0,0,820.8999633789062,77.5508347,12.8840635
1765986364933380900,3537.328380859375,0,0.06924404948949814,1.1434990167617798,3.7899999618530273,0,0,820.8999633789062,77.5508362,12.884061
1765986365933976800,3538.3289768066406,0,0.07762331515550613,1.1770659685134888,3.7899999618530273,0,0,820.8999633789062,77.5508334,12.8840627
1765986366932572400,3539.3275725097656,3.8074159622192383,0.10283838957548141,1.32952880859375,3.7899999618530273,1.7400000095367432,72,820.8999633789062,77.5508418,12.8840718
1765986367933296000,3540.328296142578,28.660375595092773,1.1243568658828735,1.3569631576538086,3.7899999618530273,2.440000057220459,72,820.8999633789062,77.5508612,12.8840741
1765986368933921300,3541.328921386719,4.333701133728027,0.785979151725769,1.0261363983154297,3.7899999618530273,6.079999923706055,71,820.8999633789062,77.5509135,12.8840937
1765986369933917700,3542.3289177246093,3.3540918827056885,0.7234902381896973,1.0590397119522095,3.7899999618530273,8.359999656677246,72,820.8999633789062,77.5509798,12.8841182
1765986370933222000,3543.328221923828,3.5064339637756348,0.8054368495941162,1.0827890634536743,3.7899999618530273,9.229999542236328,73,820.8999633789062,77.5510587,12.8841471
1765986371933651200,3544.3286511230467,3.198124408721924,0.7879108190536499,1.0838243961334229,3.7899999618530273,10.729999542236328,73,820.8999633789062,77.5511575,12.8841747
1765986372933593900,3545.32859375,3.2110891342163086,1.0588128566741943,1.1522661447525024,3.7899999618530273,11.779999732971191,73,820.8999633789062,77.5512616,12.8842039
1765986373933668900,3546.3286689453125,2.445632219314575,0.7668562531471252,1.1544568538665771,3.7899999618530273,13.90999984741211,72,820.8999633789062,77.5513907,12.8842455
1765986374933736700,3547.328736816406,2.6147663593292236,0.9031845331192017,1.1772539615631104,3.7899999618530273,14.779999732971191,72,822.645716478077,77.5515247,12.8842845
1765986375933663500,3548.328663574219,2.424363613128662,0.7838323712348938,1.1985609531402588,3.7899999618530273,16.049999237060547,72,823.1799040321729,77.5516696,12.8843286
1765986376934076400,3549.3290764160156,2.162957191467285,0.7775422930717468,1.2045881748199463,3.7899999618530273,17.209999084472656,72,823.6849221352697,77.5518205,12.8843778
1765986377933193500,3550.328193359375,0.29641395807266235,0.08431832492351532,1.2094541788101196,3.7899999618530273,18.260000228881836,72,823.9861148493306,77.5519792,12.8844287
1765986378933674200,3551.3286743164062,1.3369793891906738,0.3958865702152252,1.2113234996795654,3.7899999618530273,19.049999237060547,70,824.8259919064625,77.5521483,12.8844822
1765986379932553500,3552.327553466797,2.3763749599456787,0.7258903384208679,1.2069449424743652,3.7899999618530273,19.68000030517578,70,825.3423646132667,77.5523219,12.8845402
1765986380933197000,3553.3281970214844,1.515139102935791,0.45924678444862366,1.213422179222107,3.8989999294281006,19.5,73,825.7272420417909,77.5524931,12.8845904
1765986381933787000,3554.328786865234,5.339242458343506,3.196669101715088,1.226327896118164,4.442999839782715,19.479999542236328,72,825.9814210844906,77.5526646,12.8846427
1765986382933512200,3555.328512207031,6.368914604187012,2.339085102081299,1.2407244443893433,5.89300012588501,19.709999084472656,72,826.3213865952047,77.5528387,12.8846955
1765986383933439000,3556.328438964844,5.4039788246154785,2.271575450897217,1.239380121231079,6.6579999923706055,20.440000534057617,71,826.9186841121676,77.5530172,12.8847572
1765986384933696500,3557.328696533203,0,0.5588905215263367,1.1172780990600586,9.038000106811523,0,0,828.3323615475009,77.5527497,12.8847434
1765986385933831000,3558.328830810547,1.8172792196273804,0.7592195868492126,1.1285208463668823,9.552000045776367,26.899999618530273,69,828.6739898709766,77.553229,12.8848127
1765986386933222100,3559.3282221679688,1.8046382665634155,0.4834125339984894,1.1349998712539673,8.621999740600586,17.239999771118164,74,828.7037827473363,77.5534651,12.8848902
1765986387933905000,3560.3289047851563,0.21609176695346832,0.056389085948467255,1.144002079963684,7.616000175476074,16.75,73,828.7037827473363,77.5536667,12.884949
1765986388933949400,3561.3289494628907,0.09081993252038956,0.022660041227936745,1.1500943899154663,6.2779998779296875,16.010000228881836,71,828.7037827473363,77.5538186,12.8849971
1765986389932699100,3562.32769921875,0.27940696477890015,0.06869017332792282,1.2687073945999146,5.86299991607666,15.779999732971191,72,828.7572783367361,77.553966,12.8850456
1765986390932858400,3563.3278583984375,0.4380001425743103,0.09818632900714874,1.2762333154678345,4.357999801635742,14.390000343322754,71,828.7572783367361,77.5541032,12.8850873
1765986391934414600,3564.329414550781,0.47480031847953796,0.10300779342651367,1.2828102111816406,3.7899999618530273,13.930000305175781,72,828.6862338800773,77.5542283,12.8851281
1765986392933432600,3565.3284326171874,1.799659013748169,0.38369426131248474,1.2893048524856567,3.7899999618530273,13.720000267028809,74,828.5258130722742,77.5543553,12.8851592
1765986393933378600,3566.3283786621096,1.7311937808990479,0.38256192207336426,1.2955936193466187,3.7899999618530273,14.220000267028809,72,828.117899354127,77.5544801,12.8851965
1765986394933471500,3567.328471435547,0.6817160248756409,0.14676856994628906,1.3016654253005981,3.7899999618530273,13.829999923706055,73,828.0789423145418,77.5546086,12.8852341
1765986395933371000,3568.328370849609,0.6932676434516907,0.1393095701932907,1.1991844177246094,3.7899999618530273,12.90999984741211,72,828.0226608231598,77.5547274,12.8852663
1765986396934042600,3569.3290427246093,0.7475484609603882,0.13802911341190338,1.2944514751434326,3.7899999618530273,11.859999656677246,72,828.0089113255738,77.5548378,12.8852957
1765986397934351600,3570.3293515625,0.38037896156311035,0.06834477931261063,1.300963282585144,3.7899999618530273,11.529999732971191,71,827.9882871204113,77.5549429,12.88533
1765986398933657900,3571.3286579589844,0.3608306348323822,0.06071595102548599,1.304061770439148,3.7899999618530273,10.800000190734863,71,827.969954535123,77.5550382,12.8853633
1765986399933646000,3572.3286459960937,0.34888818860054016,0.05813133344054222,1.3109065294265747,3.7899999618530273,10.6899995803833,72,827.9925230702462,77.5551334,12.8853954
1765986400933683200,3573.328683105469,0.38699039816856384,0.06937127560377121,1.32827627658844,3.7899999618530273,11.510000228881836,72,827.9306515428665,77.5552341,12.8854294
1765986401933707800,3574.328707763672,0.39343908429145813,0.06650175154209137,1.3348782062530518,3.7899999618530273,10.850000381469727,73,827.9306515428665,77.5553322,12.8854611
1765986402933624600,3575.3286245117188,3.2013566493988037,0.5176051259040833,1.3839629888534546,3.7899999618530273,10.430000305175781,73,827.8023268310158,77.55543,12.885486
1765986403933174500,3576.328174560547,0.6822167038917542,0.6991754770278931,1.3751353025436401,3.7899999618530273,10.460000038146973,74,827.6037662057092,77.555525,12.8855143
1765986404934208000,3577.3292080078127,0.9032716155052185,0.8589075803756714,1.3803852796554565,3.7899999618530273,9.779999732971191,75,827.5808513533539,77.5556131,12.8855377
1765986405933613300,3578.32861328125,1.2142143249511719,0.8210005760192871,1.3868932723999023,3.7899999618530273,7.659999847412109,72,827.505232773777,77.5556799,12.8855568
1765986406933740500,3579.3287404785156,1.580110788345337,0.8905261754989624,1.3930693864822388,3.7899999618530273,6.320000171661377,68,827.4364891875038,77.5557342,12.8855777
1765986407934220000,3580.329219970703,1.9612045288085938,0.9493480920791626,1.4026554822921753,3.7899999618530273,5.880000114440918,67,827.3767848321463,77.5557815,12.8856009
1765986408934141000,3581.3291408691407,2.264040470123291,0.8535429239273071,1.4090341329574585,3.7899999618530273,7,69,827.3447049620053,77.5558411,12.8856287
1765986409933447400,3582.3284475097657,2.5905487537384033,0.9420678615570068,1.4236363172531128,3.7899999618530273,6.900000095367432,68,827.3265430542641,77.5558986,12.8856442
1765986410933286000,3583.328285888672,2.674049139022827,0.8038895726203918,1.4485936164855957,3.7899999618530273,8.300000190734863,69,827.3575945596207,77.555969,12.8856631
1765986411933698600,3584.328698486328,2.811828136444092,0.7836328148841858,1.452146291732788,3.7899999618530273,9.170000076293945,71,827.2865629555861,77.5560519,12.8856939
1765986412933845200,3585.3288452148436,2.937561511993408,0.9745981693267822,1.46015465259552,3.7899999618530273,9.949999809265137,75,827.2842716232875,77.5561388,12.885723
1765986413933805800,3586.3288059082033,2.8384339809417725,0.8000660538673401,1.4666345119476318,3.7899999618530273,11.050000190734863,75,827.2842716232875,77.5562386,12.8857492
1765986414933384200,3587.328384277344,2.687469720840454,0.7619895935058594,1.3341363668441772,3.7899999618530273,11.380000114440918,72,827.2842716232875,77.5563376,12.8857776
1765986415932176400,3588.3271762695313,2.699202299118042,0.7841700911521912,1.3332468271255493,3.7899999618530273,10.84000015258789,74,827.146317638494,77.5564362,12.8858012
1765986416934133800,3589.3291337890623,2.876190662384033,1.0306676626205444,1.3403267860412598,3.7899999618530273,11.1899995803833,71,827.1597144181359,77.5565363,12.8858308
1765986417934068700,3590.3290688476563,2.864964246749878,0.9903950691223145,1.349142074584961,3.7899999618530273,11.989999771118164,66,827.2078328579248,77.5566378,12.8858662
1765986418933740800,3591.328740722656,2.650975227355957,0.9636133313179016,1.3591386079788208,3.7899999618530273,13.569999694824219,66,827.3384414087939,77.556755,12.8859199
1765986419933346600,3592.3283466796875,2.6966936588287354,1.0287326574325562,1.4755100011825562,3.7899999618530273,14.470000267028809,68,827.4779450710263,77.5568757,12.8859677
1765986420933102000,3593.328102050781,2.515174388885498,0.796588122844696,1.4819709062576294,3.7899999618530273,14.920000076293945,71,827.6223059675355,77.5570081,12.8860041
1765986421934308400,3594.329308349609,2.389357805252075,0.7888563871383667,1.4981824159622192,3.7899999618530273,15.829999923706055,72,827.7414628187905,77.5571418,12.8860516
1765986422933235700,3595.328235595703,2.3940951824188232,1.003618597984314,1.494545578956604,3.7899999618530273,15.579999923706055,72,828.1241507950695,77.5572811,12.8860963
1765986423933835000,3596.3288349609375,2.0784640312194824,0.7653520107269287,1.5007520914077759,3.7899999618530273,14.720000267028809,70,829.0843830214433,77.5574148,12.8861365
1765986424933409300,3597.3284091796877,4.002190113067627,0.8235539197921753,1.5070624351501465,3.7899999618530273,13.289999961853027,70,829.1691819500705,77.5575342,12.886177
1765986425933908700,3598.3289086914065,0.7870572805404663,0.13301849365234375,1.4107505083084106,3.7899999618530273,10.859999656677246,69,829.2231714781964,77.5576388,12.886208
1765986426933950000,3599.328949951172,0.8031724691390991,0.1468878537416458,1.4990500211715698,3.7899999618530273,11.75,71,829.2231714781964,77.5577443,12.8862437
1765986427934054000,3600.329053955078,0.2527565360069275,0.051948778331279755,1.5115959644317627,3.7899999618530273,13.1899995803833,72,829.2231714781964,77.5578586,12.8862773
1765986428934152700,3601.329152587891,0.2787877321243286,0.06761906296014786,1.5220351219177246,3.7899999618530273,15.569999694824219,73,829.2346308570055,77.5579876,12.8863164
1765986429934103600,3602.329103515625,0.4647640585899353,0.11748624593019485,1.5303995609283447,3.7899999618530273,16.229999542236328,73,829.3217226349769,77.5581283,12.8863556
1765986430933258200,3603.3282583007813,0.7004309296607971,0.189788818359375,1.5357366800308228,3.7899999618530273,17.40999984741211,72,829.2965117664405,77.5582783,12.8864026
1765986431934039600,3604.329039550781,1.7043006420135498,0.4281608760356903,1.5495473146438599,3.7899999618530273,16.170000076293945,73,829.4888155351309,77.5584228,12.8864447
1765986432934084400,3605.329084472656,1.4280431270599365,0.3314635753631592,1.4963520765304565,3.7899999618530273,14.930000305175781,73,828.9575994453938,77.5585584,12.8864829
1765986433933422800,3606.3284228515627,1.4767698049545288,0.3332580029964447,1.5814305543899536,3.7899999618530273,14.520000457763672,73,829.2582493765652,77.5586875,12.8865258
1765986434933386200,3607.328386230469,0.7790260314941406,0.18483801186084747,1.5088999271392822,3.7899999618530273,15.239999771118164,73,829.0240654189536,77.5588184,12.8865671
1765986435933423600,3608.328423583984,0.5430899262428284,0.13457946479320526,1.6212786436080933,3.7899999618530273,15.90999984741211,74,829.6744630130207,77.558958,12.8866052
1765986436933480200,3609.3284802246094,0.35886073112487793,0.09370202571153641,1.6274226903915405,3.7899999618530273,16.760000228881836,72,829.8807426887862,77.5591025,12.8866478
1765986437933244200,3610.328244140625,0.3670552372932434,0.09789600968360901,1.6374435424804688,3.7899999618530273,17.1200008392334,71,830.3047775612641,77.559251,12.8866962
1765986438933550800,3611.32855078125,0.35557815432548523,0.09666375070810318,1.6443686485290527,3.7899999618530273,17.450000762939453,72,830.4491833983349,77.5594019,12.8867446
1765986439934076400,3612.3290764160156,0.572002649307251,0.7142989039421082,1.6471718549728394,3.7899999618530273,17.479999542236328,71,830.5248255188078,77.5595559,12.8867919
1765986440933988000,3613.3289880371094,0.6666646599769592,0.8024023175239563,1.6546162366867065,3.7899999618530273,16.8799991607666,70,830.495027028289,77.5597062,12.8868395
1765986441933369000,3614.328369140625,0.7759994864463806,0.8046213388442993,1.6628391742706299,3.7899999618530273,17.420000076293945,65,830.387294885537,77.5598505,12.8869013
1765986442933417000,3615.3284169921876,0.8963736295700073,0.9571616649627686,1.6764098405838013,3.7899999618530273,17.950000762939453,62,830.5673911269661,77.5599977,12.886972
1765986443933979600,3616.328979736328,1.0002524852752686,0.7816953659057617,1.6842447519302368,3.7899999618530273,17.850000381469727,60,830.5673911269661,77.5601433,12.8870532
1765986444933077800,3617.3280778808594,1.1127276420593262,0.827313244342804,1.4537090063095093,3.7899999618530273,16.81999969482422,57,830.11283792799,77.5602764,12.8871314
1765986445934408000,3618.3294079589846,1.2367329597473145,0.8012481331825256,1.5385358333587646,3.7899999618530273,14.539999961853027,56,830.3014423547025,77.5603878,12.8871995
1765986446933654300,3619.328654296875,1.2576994895935059,0.7508599758148193,1.4659209251403809,3.7899999618530273,13.220000267028809,55,829.7988131221174,77.5604807,12.8872719
1765986447932753200,3620.327753173828,1.3967878818511963,0.8230880498886108,1.574431300163269,3.7899999618530273,13.729999542236328,61,830.0158600664663,77.5605897,12.887334
1765986448933339600,3621.3283395996095,1.3514695167541504,0.32155361771583557,1.585062026977539,3.7899999618530273,15.300000190734863,57,829.8004094766865,77.5607097,12.8874053
1765986449933478000,3622.328477783203,1.4344990253448486,0.37811651825904846,1.685335636138916,3.7899999618530273,16.959999084472656,52,828.9547034883549,77.5608331,12.8874989
1765986450934122200,3623.3291223144533,0.5777176022529602,0.15182283520698547,1.6915850639343262,3.7899999618530273,16.8799991607666,53,829.0097062273124,77.5609569,12.8875865
1765986451932842800,3624.3278427734376,0.5833494067192078,0.1440926194190979,1.694652795791626,3.7899999618530273,15.859999656677246,54,828.8266863752206,77.5610747,12.8876734
1765986452932481500,3625.3274814453125,0.7869736552238464,0.7084107995033264,1.606909990310669,3.7899999618530273,14.90999984741211,55,828.0577543283507,77.5611947,12.8877488
1765986453933983700,3626.3289836425784,0.8609777092933655,1.0228911638259888,1.6143274307250977,3.7899999618530273,14.489999771118164,54,828.0577543283507,77.5613062,12.8878237
1765986454934441700,3627.3294416503904,0.9274706244468689,0.7599756121635437,1.0370248556137085,3.7899999618530273,13.789999961853027,54,828.0577543283507,77.5614111,12.8878952
1765986455933507000,3628.328507080078,1.0121586322784424,0.7120788097381592,1.0308783054351807,3.7899999618530273,12.920000076293945,51,828.3789552277749,77.5615076,12.887972
1765986456933044200,3629.328044189453,1.0794283151626587,0.7380545139312744,1.0308434963226318,3.7899999618530273,11.569999694824219,49,828.4866690253683,77.561591,12.8880423
1765986457933560800,3630.3285607910157,1.21278977394104,1.0450693368911743,1.1254462003707886,3.7899999618530273,10.670000076293945,50,829.0350274597954,77.5616644,12.8881005
1765986458933533700,3631.3285336914064,1.297081708908081,0.7382526397705078,1.026686668395996,3.7899999618530273,10.119999885559082,50,828.5325050931099,77.561734,12.8881512
1765986459934037500,3632.329037597656,1.367004156112671,0.7003807425498962,1.0259820222854614,3.7899999618530273,8.979999542236328,50,828.5829250497899,77.5617978,12.888201
1765986460932156200,3633.32715625,1.436023473739624,0.7052645087242126,1.0255773067474365,3.7899999618530273,7.269999980926514,48,828.5531314032962,77.5618454,12.8882451
1765986461934116000,3634.3291162109376,1.5075924396514893,0.6635971069335938,1.0256009101867676,3.7899999618530273,6.230000019073486,46,828.4912526211485,77.5618828,12.8882841
1765986462933456100,3635.3284560546876,1.6117445230484009,0.665208101272583,1.0676990747451782,3.7899999618530273,5.269999980926514,44,828.4900602162543,77.5619232,12.8883174
1765986463933925400,3636.328925292969,1.750610113143921,0.812134861946106,1.0677227973937988,3.7899999618530273,4.179999828338623,39,828.4671422801014,77.5619555,12.8883492
1765986464934197200,3637.329197265625,1.8847460746765137,0.8313249349594116,1.1752156019210815,3.7899999618530273,3.4200000762939453,27,828.8680735802632,77.5619674,12.8883785
1765986465932753400,3638.327753417969,2.027477979660034,0.9787757396697998,1.2282639741897583,3.7899999618530273,3.25,5,828.7901545492027,77.561969,12.8884097
1765986466932726300,3639.3277263183595,2.1727144718170166,1.2493841648101807,1.2335236072540283,3.7899999618530273,3.1700000762939453,337,828.8186251346735,77.5619676,12.8884458
1765986467933923000,3640.328923095703,2.317824125289917,0.7974824905395508,1.2466959953308105,3.7899999618530273,3.2699999809265137,314,828.8323755116138,77.5619371,12.8884668
1765986468933889300,3641.3288891601565,2.447740316390991,0.8023259043693542,1.2519606351852417,3.7899999618530273,3.9000000953674316,306,828.8323755116138,77.5619077,12.8884903
1765986469934268000,3642.3292678222656,2.5787220001220703,0.8820726275444031,1.2710399627685547,3.7899999618530273,3.990000009536743,301,828.8323755116138,77.5618753,12.8885085
1765986470933901000,3643.3289011230468,2.705066680908203,1.0607738494873047,1.2681729793548584,3.7899999618530273,3.9000000953674316,299,828.8530011182454,77.5618414,12.8885252
1765986471933416000,3644.328416015625,2.655071496963501,0.5330284833908081,1.2747220993041992,3.7899999618530273,4.420000076293945,298,829.0088406338576,77.5618029,12.888544
1765986472933785600,3645.3287856445313,17.44049644470215,0.9609954953193665,0.9859736561775208,3.7899999618530273,3.5299999713897705,299,828.6161656728618,77.5617688,12.8885666
1765986473933743000,3646.3287431640624,2.971543073654175,0.775692343711853,0.993390679359436,3.7899999618530273,3.940000057220459,297,828.6276246546801,77.5617339,12.8885874
1765986474933225200,3647.3282250976563,2.903785228729248,0.5509713292121887,1.112308382987976,3.7899999618530273,4.039999961853027,301,829.1380473195966,77.5616982,12.8886108
1765986475934046500,3648.329046386719,2.999556064605713,0.6487462520599365,1.1163420677185059,3.7899999618530273,3.7899999618530273,299,829.1747165548963,77.5616628,12.8886374
1765986476933389300,3649.328389404297,3.0390779972076416,0.5569192171096802,1.1264305114746094,3.7899999618530273,3.9700000286102295,298,829.1793002203016,77.5616293,12.8886596
1765986477933695500,3650.3286955566405,3.113914966583252,0.6508629322052002,1.2244091033935547,3.7899999618530273,4.519999980926514,299,829.1884675584429,77.5615939,12.8886801
1765986478933345300,3651.328345214844,3.2061328887939453,0.9639946818351746,1.113268256187439,3.7899999618530273,4.360000133514404,303,828.3923557503878,77.5615584,12.8887033
1765986479934382000,3652.329382080078,3.286902904510498,1.0813586711883545,1.1200474500656128,3.7899999618530273,2.2699999809265137,302,828.3923557503878,77.5615389,12.8887172
1765986480933780500,3653.3287805175783,3.396728515625,1.188103199005127,1.1212589740753174,3.7990000247955322,2.059999942779541,299,828.3923557503878,77.5615217,12.8887286
1765986481934083300,3654.3290832519533,3.4876434803009033,1.139714241027832,1.1343892812728882,3.884000062942505,1.9299999475479126,300,828.4083986113749,77.5615033,12.8887379
1765986482933910500,3655.3289106445313,15.555180549621582,1.0239973068237305,1.1402941942214966,3.9709999561309814,2.0299999713897705,302,828.4083986113749,77.5614823,12.8887486
1765986483934371600,3656.3293715820314,3.700255870819092,0.9070625901222229,1.1566143035888672,4.059000015258789,2.7300000190734863,331,828.6448044915456,77.5614587,12.8887702
1765986484933495800,3657.328495849609,3.790710210800171,0.8712964057922363,1.1614909172058105,4.074999809265137,2.049999952316284,350,828.6173024624635,77.5614426,12.8887957
1765986485933505500,3658.3285056152345,10.020721435546875,0.7364562749862671,1.1661943197250366,4.183000087738037,1.690000057220459,359,828.5966759983683,77.5614339,12.8888154
1765986486934079200,3659.329079345703,4.038482666015625,0.8284426927566528,1.1721917390823364,4.331999778747559,2.690000057220459,19,828.5737577629521,77.5614361,12.8888374
1765986487934118400,3660.329118408203,13.842333793640137,0.7164362668991089,1.1783102750778198,4.380000114440918,3.3399999141693115,30,828.3904140782857,77.5614459,12.8888623
1765986488933261800,3661.32826171875,14.504134178161621,0.9014113545417786,1.1894725561141968,4.355000019073486,4.010000228881836,29,828.361720560417,77.5614623,12.8888925
1765986489933999000,3662.3289990234375,4.14950704574585,1.211289644241333,1.2295805215835571,4.447999954223633,4.110000133514404,26,828.3135936832479,77.5614801,12.8889255
1765986490934017000,3663.3290170898435,4.282100200653076,1.5992507934570312,1.3478690385818481,4.651000022888184,4.099999904632568,15,828.8222387706106,77.5614945,12.8889594
1765986491933888800,3664.328888671875,4.419651985168457,1.5421292781829834,1.3543851375579834,4.798999786376953,3.299999952316284,357,828.3524460555716,77.5614983,12.8889832
1765986492934136300,3665.329136230469,4.560930252075195,1.8012590408325195,1.3646913766860962,5.334000110626221,2.75,335,827.6361749570649,77.561495,12.8890012
1765986493934154800,3666.3291547851563,4.6778388023376465,1.970162034034729,1.2011373043060303,6.073999881744385,2.2899999618530273,313,826.9643932643039,77.5614895,12.8890126
1765986498602000000,3670.996999755859,0,0,1.232036828994751,194.64100646972656,0,0,826.3520323990721,77.5614895,12.8890126
1765986504658000000,3677.052999755859,0,0,1.2298027276992798,20.729000091552734,0,0,826.3818164098483,77.5611793,12.8891789
1765986507933595100,3680.328595214844,75.50059509277344,2.867863893508911,1.2377064228057861,17.132999420166016,1.7799999713897705,64,826.4052061230584,77.5611861,12.8891849
1765986510976000000,3683.371,0,0,1.1902860403060913,135.23399353027344,0,0,825.7392429916241,77.5611861,12.8891849
1765986517762000000,3690.1569997558595,0,0,0.7987148761749268,16.64900016784668,0,0,825.4386875239919,77.5609804,12.8892686
1765986526060000000,3698.455,0,0,0.7945271134376526,11.993000030517578,0,0,825.4203591583217,77.5610581,12.8892549
1765986531817000000,3704.212,0,0,0.8050218820571899,13.866999626159668,0,0,825.3905756474152,77.5610786,12.8892471
1765986537615000000,3710.01,0,0,1.0788465738296509,14.307000160217285,0,0,825.36308326736,77.5610643,12.8892468
1765986543492000000,3715.887,0,0,1.080148458480835,14.47599983215332,0,0,825.3974487561629,77.5610461,12.8892627
1765986549049000000,3721.444,0,0,1.1027090549468994,236.75599670410156,0,0,825.4455606711892,77.5610461,12.8892627
1765986555331000000,3727.726,0,0,1.3883408308029175,16.427000045776367,0,0,825.1116191596881,77.5610577,12.8892707
1765986560918000000,3733.3130002441408,0,0,1.3965551853179932,16.14299964904785,0,0,825.1299476620757,77.5610711,12.8892846
1765986565594000000,3737.9889997558594,0,0,0.8602030873298645,15.192999839782715,0,0,825.1276565971423,77.5610577,12.8892704
1765986571884000000,3744.279,0,0,0.8962801694869995,265.8429870605469,0,0,825.1139102203498,77.5610577,12.8892704
1765986578620000000,3751.015,0,0,0.8640046715736389,15.142000198364258,0,0,824.740475390548,77.5610952,12.8892679
1765986584498000000,3756.8929997558594,0,0,0.8625181913375854,12.86299991607666,0,0,824.5457458689199,77.5611049,12.8892797
1765986590068000000,3762.463,0,0,1.123642921447754,21.882999420166016,0,0,824.0458805537813,77.5610269,12.8893058
1765986595696000000,3768.091,0,0,1.1190310716629028,18.297000885009766,0,0,824.068789698721,77.5609735,12.8892532
1765986601466000000,3773.860999755859,45,1.5,1.093641996383667,48.900001525878906,0,0,822.9603423288193,77.5609753,12.889252
1765986606703000000,3779.098,0,1.5,1.1769789457321167,282.9930114746094,0,0,824.5865526496417,77.5609753,12.889252
1765986612345000000,3784.74,45,1.5,1.051682472229004,82.5,0.2889135181903839,206.2390899658203,831.5,77.5609522,12.8892063
1765986617975000000,3790.37,45,1.5,0.9888370037078857,98.4000015258789,0.9424694776535034,14.000271797180176,836.6670947462164,77.5609686,12.8892673
1765986623107000000,3795.502,45,1.5,1.0476638078689575,77.5999984741211,0.6498323678970337,19.690834045410156,843.948276242164,77.5609788,12.8892896
1765986628765000000,3801.16,45,1.5,1.029783844947815,14.60200023651123,0.2173914909362793,8.296292304992676,845.0137879953451,77.5609776,12.8892946
1765986634461000000,3806.856,0,1.5,1.03202223777771,77.5999984741211,0.037237755954265594,0,843.9528435965892,77.5609756,12.8892943
1765986640103000000,3812.498,0,1.5,0.981986403465271,22.253999710083008,0.0618257038295269,0,844.1259320095452,77.5609715,12.8892895
1765986645672000000,3818.067,45,1.5,1.3095463514328003,25.05699920654297,0.27899420261383057,331.380615234375,846.7921118203038,77.5609579,12.8893242
1765986648985725700,3821.3807255859374,89.75615692138672,0.12439846247434616,1.2676721811294556,18.996000289916992,0.10367801040410995,14.38808536529541,846.8013009224,77.5609726,12.8893156
1765986649440116000,3821.835115966797,0,0.10364878922700882,1.2676721811294556,16.929000854492188,0.042740266770124435,0,846.8013009224,77.5609719,12.8893142
1765986650498764300,3822.8937644042967,0,0.11583011597394943,1.3271088600158691,15.817000389099121,0.06828485429286957,0,846.7674002175172,77.5609695,12.8893113
1765986651199775200,3823.594775146484,0,0.10024849325418472,1.3271088600158691,12.694000244140625,0.02378278598189354,0,846.7674002175172,77.5609686,12.8893108
1765986651700965600,3824.0959655761717,0,0.125801220536232,1.3357090950012207,12.678000450134277,0.07678905129432678,0,846.7811839185292,77.5609681,12.8893107
1765986652346294000,3824.7412939453125,0,0.22190287709236145,1.3357090950012207,12.79800033569336,0.0736640989780426,0,846.7811839185292,77.56097,12.8893107
1765986652706740200,3825.101740234375,40.1999626159668,0.22688212990760803,1.3357090950012207,12.895000457763672,0.12512239813804626,2.0062522888183594,846.7811839185292,77.560971,12.8893108
1765986652932594000,3825.3275939941404,39.92108154296875,0.21753521263599396,1.3088713884353638,12.920999526977539,0.12008469551801682,3.388570785522461,846.7857784904426,77.5609708,12.8893102
1765986653479947500,3825.8749475097657,36.08975601196289,0.43298307061195374,1.3088713884353638,13.142999649047852,0.23853792250156403,11.51128101348877,846.7857784904426,77.560975,12.8893117
1765986653703262000,3826.098261962891,36.06563949584961,0.4292803108692169,1.234681248664856,13.329000473022461,0.2846493721008301,14.4998197555542,846.7972649309634,77.5609826,12.889314
1765986653867418600,3826.262418701172,16.499277114868164,0.28943145275115967,1.234681248664856,12.819000244140625,0.15857981145381927,2.143685817718506,846.7972649309634,77.5609503,12.8892996
1765986653932364500,3826.327364501953,15.893985748291016,0.30303603410720825,1.2359861135482788,12.366000175476074,0.18101809918880463,1.7509151697158813,846.7972649309634,77.5609472,12.8892968
1765986654540417000,3826.9354169921876,12.211017608642578,0.49562859535217285,1.2359861135482788,11.817000389099121,0.4458483159542084,7.017019271850586,846.7972649309634,77.5609493,12.8892994
1765986654932586500,3827.327586425781,12.883920669555664,0.40318554639816284,1.2686665058135986,11.42300033569336,0.32772019505500793,13.34652328491211,846.8950035577215,77.5609458,12.8892982
1765986655022132000,3827.4171320800783,12.910808563232422,0.40318554639816284,1.2686665058135986,11.090999603271484,0.3270063102245331,15.945758819580078,846.8950035577215,77.5609449,12.8892977
1765986655932753200,3828.327753173828,15.34520149230957,0.2661841809749603,1.0552725791931152,10.663999557495117,0.20380806922912598,24.470264434814453,846.8317243445789,77.5609414,12.889296
1765986656932868000,3829.3278681640627,15.354146957397461,0.15053580701351166,1.057623028755188,9.567000389099121,0.12028540670871735,23.4376277923584,846.8546973636982,77.5609402,12.8892944
1765986657932778800,3830.327778808594,0,0.12528225779533386,1.1207098960876465,7.968999862670898,0.09928754717111588,0,846.8592919748863,77.5609393,12.8892953
1765986658932456700,3831.3274567871094,0,0.10577277094125748,1.0708740949630737,6.860000133514404,0.080014668405056,0,846.8730758231779,77.5609371,12.8892968
1765986659932875800,3832.327875732422,0,0.09612278640270233,1.08139169216156,6.646999835968018,0.06922207772731781,0,846.8845623802977,77.5609355,12.8892991
1765986659948643800,3832.343643798828,0,0.09612278640270233,1.0120843648910522,6.593999862670898,0.06922061741352081,0,846.8845623802977,77.560935,12.8892995
1765986660933087700,3833.328087646484,0,0.11211594939231873,1.0213313102722168,6.360000133514404,0.09447062015533447,0,846.9892172850931,77.5609384,12.8893043
1765986661381454600,3833.7764545898435,0,0.10658763349056244,1.0213313102722168,6.331999778747559,0.07769055664539337,0,846.9892172850931,77.5609393,12.8893045
1765986661932709400,3834.3277094726564,15.56836986541748,0.12052902579307556,1.0120518207550049,6.289999961853027,0.10270272940397263,24.731380462646484,847.0075958280324,77.5609399,12.8893055
1765986662081647900,3834.4766479492187,15.583322525024414,0.12052902579307556,1.0120518207550049,6.190000057220459,0.10338743031024933,25.493797302246094,847.0075958280324,77.5609401,12.8893058
1765986662786229500,3835.1812294921874,15.22144603729248,0.12936712801456451,1.0120518207550049,6.159999847412109,0.10694126784801483,45.24393081665039,847.0075958280324,77.5609406,12.8893062
1765986662932860700,3835.327860595703,0,0.11848954111337662,0.9858682751655579,6.077000141143799,0.09643121063709259,0,846.9985525850647,77.5609407,12.8893069
1765986663178444500,3835.573444580078,0,0.10993555933237076,0.9858682751655579,6.043000221252441,0.08876791596412659,0,846.9985525850647,77.560941,12.8893074
1765986663932484000,3836.3274841308594,15.08882999420166,0.13121874630451202,1.0453017950057983,5.964000225067139,0.1055469661951065,161.4739990234375,848.0916537913206,77.5609418,12.8893084
1765986664040036900,3836.4350368652345,15.08882999420166,0.13121874630451202,1.0453017950057983,5.929999828338623,0.10842283815145493,162.12136840820312,848.0916537913206,77.5609419,12.8893086
1765986664932187600,3837.3271877441407,16.183208465576172,0.1424071043729782,1.0433300733566284,5.88700008392334,0.1293596476316452,229.40504455566406,848.100843099612,77.5609413,12.8893091
1765986665565385500,3837.960385498047,15.951268196105957,0.17658205330371857,1.0433300733566284,5.820000171661377,0.17686805129051208,271.0225830078125,848.100843099612,77.5609405,12.8893092
1765986665626272000,3838.0212719726565,15.943890571594238,0.17658205330371857,1.042527198791504,5.796000003814697,0.1827452927827835,276.2667541503906,848.1238164132982,77.5609402,12.8893096
1765986665932278800,3838.3272788085937,18.620206832885742,0.16754542291164398,1.0286595821380615,5.748000144958496,0.16396929323673248,284.1329345703125,848.1307084193713,77.5609387,12.8893129
1765986666246026000,3838.6410258789065,18.304241180419922,0.19012825191020966,1.0286595821380615,5.689000129699707,0.1974843591451645,291.15057373046875,848.1307084193713,77.5609385,12.8893133
1765986666932538000,3839.3275380859377,18.39386558532715,0.1693197339773178,1.0377622842788696,5.603000164031982,0.17222055792808533,293.9868469238281,848.1398977693946,77.5609382,12.8893145
1765986667919208700,3840.3142087402343,18.31901741027832,0.2189202755689621,1.0377622842788696,5.454999923706055,0.25409403443336487,283.34320068359375,848.1398977693946,77.5609357,12.8893157
1765986667933127400,3840.328127441406,18.704702377319336,0.18570108711719513,0.9599376320838928,5.380000114440918,0.22143441438674927,281.507568359375,847.0651751680613,77.560936,12.8893159
1765986668889521200,3841.2845212402344,18.85013771057129,0.23001110553741455,0.9599376320838928,5.297999858856201,0.30367302894592285,276.6993713378906,847.0651751680613,77.5609331,12.8893166
1765986668932426200,3841.3274262695313,18.916019439697266,0.1924513727426529,1.0113455057144165,5.261000156402588,0.25924769043922424,276.89404296875,847.0086181747885,77.5609336,12.8893167
1765986669932894500,3842.32789453125,19.179420471191406,0.2142249345779419,0.9977356791496277,5.107999801635742,0.24429890513420105,278.5179138183594,847.0746812009525,77.5609332,12.8893176
1765986670932582400,3843.3275825195315,21.156530380249023,0.16570980846881866,1.0118845701217651,4.980000019073486,0.1529078483581543,280.06988525390625,847.0494103905064,77.5609334,12.8893185
1765986671424921900,3843.819921875,22.12911033630371,0.23684588074684143,1.0118845701217651,4.934000015258789,0.26462963223457336,289.2195739746094,847.0494103905064,77.560933,12.8893193
1765986671932568600,3844.327568603516,22.22359848022461,0.19013842940330505,1.0463066101074219,4.882999897003174,0.20077629387378693,303.70770263671875,847.0471130477837,77.5609335,12.8893198
1765986672367229400,3844.7622294921875,22.059391021728516,0.22184622287750244,1.0463066101074219,4.881999969482422,0.2564355731010437,322.22796630859375,847.0471130477837,77.5609327,12.8893205
1765986672932594700,3845.3275947265624,22.164602279663086,0.18963658809661865,0.9962046146392822,4.820000171661377,0.20195800065994263,344.71881103515625,847.0471130477837,77.5609336,12.8893215
1765986673933111000,3846.3281110839844,23.507192611694336,0.1826317012310028,1.3006560802459717,4.684000015258789,0.21097154915332794,353.819091796875,847.0471130477837,77.5609355,12.889325
1765986674932236300,3847.327236328125,24.148265838623047,0.1781211644411087,1.3197661638259888,4.638999938964844,0.18430057168006897,354.0608825683594,846.9289167337782,77.560937,12.8893268
1765986675933024800,3848.328024658203,23.772872924804688,0.12508068978786469,1.2482291460037231,4.570000171661377,0.10288558900356293,357.2884826660156,847.0310316659128,77.560938,12.8893269
1765986676701540600,3849.0965405273437,24.114532470703125,0.14575573801994324,1.2482291460037231,4.513000011444092,0.12396848201751709,359.4302673339844,847.0310316659128,77.5609379,12.889327
1765986676932798500,3849.3277985839845,23.7850399017334,0.12993012368679047,1.3075273036956787,4.460000038146973,0.10840228199958801,1.2599728107452393,847.0650046712144,77.5609385,12.889327
1765986677440345300,3849.835345458984,0,0.12684372067451477,1.3075273036956787,4.39300012588501,0.0961223915219307,0,847.0650046712144,77.5609386,12.889327
1765986677932216300,3850.327216308594,22.514102935791016,0.12380781769752502,1.314020037651062,4.375,0.11018005013465881,11.261693954467773,847.0627073364698,77.5609395,12.8893273
1765986678066447400,3850.461447265625,23.54917335510254,0.12380781769752502,1.314020037651062,4.328999996185303,0.11065013706684113,10.45796012878418,847.0627073364698,77.5609398,12.8893274
1765986678679458800,3851.074458740234,0,0.12087740004062653,1.314020037651062,4.333000183105469,0.09865141659975052,0,847.0627073364698,77.5609401,12.8893278
1765986678932820200,3851.3278203125,22.10767936706543,0.12607142329216003,1.4002177715301514,4.321000099182129,0.11226355284452438,355.3533935546875,848.100843099612,77.5609408,12.8893283
1765986679179961900,3851.5749619140624,0,0.11461799591779709,1.4002177715301514,4.302000045776367,0.07495088130235672,0,848.100843099612,77.5609409,12.8893283
1765986679950170600,3852.345170654297,22.10348129272461,0.14039640128612518,1.4002177715301514,4.295000076293945,0.11455962806940079,346.2651672363281,848.100843099612,77.5609409,12.8893288
1765986680161097700,3852.55609765625,21.911916732788086,0.20042406022548676,1.1082264184951782,4.276000022888184,0.13778603076934814,347.72650146484375,846.9419953960255,77.5609419,12.8893299
1765986680439323400,3852.8343234863282,21.686851501464844,0.20529501140117645,1.1082264184951782,4.261000156402588,0.144168421626091,348.4075927734375,846.9419953960255,77.5609425,12.8893351
1765986680932480000,3853.3274799804685,21.70134162902832,0.1651179939508438,1.126524806022644,4.242000102996826,0.13582409918308258,348.1003112792969,847.0397340227836,77.5609434,12.8893358
1765986681158905300,3853.5539052734375,19.21967315673828,0.24876362085342407,1.126524806022644,4.238999843597412,0.20471623539924622,345.2342224121094,847.0397340227836,77.5609435,12.8893369
1765986681640943400,3854.035943359375,19.298404693603516,0.24876362085342407,1.126524806022644,4.243000030517578,0.22443903982639313,341.73480224609375,847.0397340227836,77.5609434,12.8893383
1765986681932346400,3854.327346435547,19.09596824645996,0.1870259791612625,1.0887372493743896,4.214000225067139,0.16542953252792358,337.5007629394531,847.0489233408947,77.5609443,12.8893384
1765986682407912400,3854.8029123535157,19.370691299438477,0.28559648990631104,1.0887372493743896,4.2270002365112305,0.3090444803237915,327.2484130859375,847.0489233408947,77.5609443,12.8893413
1765986682927254800,3855.3222548828126,21.67596435546875,0.29585132002830505,1.0887372493743896,4.247000217437744,0.3347068130970001,313.5660400390625,847.0489233408947,77.5609432,12.8893435
1765986682932291800,3855.3272917480467,18.47783660888672,0.20906728506088257,1.151702642440796,4.25,0.2567945718765259,312.99224853515625,848.1100324177231,77.5609444,12.889343
1765986683685317000,3856.080317138672,18.478124618530273,0.2961220443248749,1.151702642440796,4.289999961853027,0.4518281817436218,290.3924560546875,848.1100324177231,77.5609415,12.8893471
1765986683932704500,3856.327704589844,18.234819412231445,0.24245226383209229,1.1039215326309204,4.285999774932861,0.34433141350746155,280.22088623046875,847.04665036219,77.5609424,12.8893468
1765986684425372000,3856.820371826172,18.512054443359375,0.2446264624595642,1.1039215326309204,4.309000015258789,0.5616522431373596,273.64312744140625,847.04665036219,77.5609396,12.8893494
1765986684932433000,3857.327432861328,18.613666534423828,0.24714528024196625,1.1073698997497559,4.309000015258789,0.45501598715782166,269.6483459472656,847.0213797610137,77.5609393,12.8893496
1765986685160329200,3857.5553291015626,15.919747352600098,0.2145862579345703,1.1073698997497559,4.318999767303467,0.6103354096412659,271.0980529785156,847.0213797610137,77.5609372,12.8893505
1765986685701297200,3858.0962971191407,18.08758544921875,0.25367921590805054,1.1073698997497559,4.35699987411499,0.6509722471237183,278.4178771972656,847.0213797610137,77.5609335,12.8893513
1765986685932250600,3858.327250732422,18.901918411254883,0.23436085879802704,1.1694352626800537,4.357999801635742,0.4877609610557556,282.2565002441406,848.0801671697644,77.5609348,12.8893513
1765986686932663800,3859.3276638183593,18.05050277709961,0.23666399717330933,1.1706604957580566,4.425000190734863,0.48805302381515503,326.4954528808594,848.0962484442384,77.560933,12.8893529
1765986687428554000,3859.8235539550783,17.957660675048828,0.24657197296619415,0.8206309080123901,4.423999786376953,0.5021170973777771,351.434326171875,848.6075811463334,77.5609323,12.8893546
1765986687762712300,3860.157712402344,17.616811752319336,0.24852263927459717,0.8206309080123901,4.408999919891357,0.6476687788963318,34.65454864501953,848.6075811463334,77.5609325,12.8893671
1765986687932662300,3860.3276623535157,18.02073097229004,0.24474836885929108,0.8170807957649231,4.375,0.614241898059845,49.65038299560547,848.6144731339954,77.5609353,12.8893674
1765986688359207400,3860.754207519531,18.184167861938477,0.22069871425628662,0.8170807957649231,4.361999988555908,0.630255937576294,69.40594482421875,848.6144731339954,77.5609384,12.8893687
1765986688932790000,3861.3277900390626,18.465068817138672,0.23043054342269897,0.8265213966369629,4.327000141143799,0.6012240052223206,102.2867431640625,848.6236624594708,77.5609438,12.8893687
1765986689059001300,3861.4540014648437,18.086061477661133,0.26526695489883423,0.8265213966369629,4.320000171661377,0.602380096912384,108.05530548095703,848.6236624594708,77.5609451,12.8893682
1765986689561706000,3861.9567060546874,18.720840454101562,0.26364201307296753,0.8265213966369629,4.316999912261963,0.6304175853729248,129.27633666992188,848.6236624594708,77.5609478,12.8893668
1765986689932423700,3862.3274235839845,18.584564208984375,0.23016902804374695,0.8313976526260376,4.308000087738037,0.671466588973999,149.5068817138672,848.6305544600195,77.5609509,12.889365
1765986690302296300,3862.697296386719,19.11448097229004,0.20804035663604736,0.8313976526260376,4.283999919891357,0.762958824634552,163.85401916503906,848.6305544600195,77.5609525,12.8893627
1765986690868482600,3863.2634826660155,18.95763397216797,0.24481196701526642,0.8313976526260376,4.261000156402588,0.7609604001045227,189.99073791503906,848.6305544600195,77.5609532,12.8893586
1765986690932264400,3863.327264404297,18.655378341674805,0.21988914906978607,0.8318350911140442,4.239999771118164,0.6887268424034119,190.62005615234375,848.6236624594708,77.5609541,12.8893584
1765986691568415200,3863.963415283203,18.588134765625,0.23602600395679474,0.8318350911140442,4.236999988555908,0.6615319848060608,211.81736755371094,848.6236624594708,77.5609533,12.8893544
1765986691933137200,3864.3281372070314,18.808971405029297,0.22572313249111176,0.8356815576553345,4.223999977111816,0.5643823742866516,218.50564575195312,848.6259597923737,77.5609537,12.8893534
1765986692106446600,3864.5014465332033,19.101179122924805,0.22572313249111176,0.8356815576553345,4.2170000076293945,0.5612983107566833,220.18003845214844,848.6259597923737,77.5609537,12.8893531
1765986692933064700,3865.3280646972657,19.03138542175293,0.24908018112182617,1.0911957025527954,4.215000152587891,0.5560107827186584,216.30123901367188,848.1146270804607,77.5609535,12.8893507
1765986693525816300,3865.92081640625,21.290332794189453,0.24418814480304718,1.0911957025527954,4.22599983215332,0.4897996783256531,219.2616729736328,848.1146270804607,77.5609529,12.8893492
1765986693932942000,3866.327942138672,21.6048526763916,0.21656902134418488,1.0469293594360352,4.223999977111816,0.3710007667541504,229.41880798339844,847.0307151469008,77.5609544,12.8893502
1765986694267063300,3866.662063232422,21.446090698242188,0.20409367978572845,1.0469293594360352,4.22599983215332,0.3115115165710449,235.0709686279297,847.0307151469008,77.5609548,12.8893506
1765986694696024600,3867.091024658203,21.322044372558594,0.22448797523975372,1.0888419151306152,4.239999771118164,0.300540566444397,245.39134216308594,846.9603740420658,77.5609547,12.8893508
1765986694932852700,3867.327852783203,19.83283805847168,0.18039995431900024,1.1166696548461914,4.234000205993652,0.2322647124528885,261.675537109375,846.9603740420658,77.5609576,12.8893532
1765986694982771200,3867.3777712402343,19.83283805847168,0.18039995431900024,1.1166696548461914,4.236000061035156,0.23210671544075012,261.68902587890625,846.9603740420658,77.5609586,12.8893538
1765986695760552700,3868.155552734375,21.637428283691406,0.21397161483764648,1.1166696548461914,4.249000072479248,0.22642168402671814,274.6672668457031,846.9603740420658,77.5609576,12.8893543
1765986695932348700,3868.3273486328126,21.255794525146484,0.18155105412006378,1.088318943977356,4.25,0.1804438978433609,274.73974609375,848.1192217456523,77.5609594,12.8893556
1765986696932902700,3869.3279025878905,21.296201705932617,0.1381644904613495,1.1501325368881226,4.239999771118164,0.11953965574502945,273.30926513671875,847.0011663222197,77.5609624,12.8893583
1765986697568131000,3869.9631311035155,0,0.11426284909248352,1.1501325368881226,4.230999946594238,0.09060518443584442,0,847.0011663222197,77.5609639,12.8893591
1765986697932596200,3870.3275961914064,0,0.12194769084453583,1.234633445739746,4.210999965667725,0.09500313550233841,0,846.9896796791841,77.5609656,12.8893603
1765986698932805600,3871.3278056640625,0,0.09830699861049652,1.4285767078399658,4.1570000648498535,0.07351566106081009,0,846.9690037603835,77.560968,12.8893623
1765986699402377000,3871.797376953125,0,0.12900987267494202,1.4285767078399658,4.129000186920166,0.09844014048576355,0,846.9690037603835,77.5609685,12.8893632
1765986699932413400,3872.3274133300783,21.0521183013916,0.13755641877651215,1.3678984642028809,4.0970001220703125,0.10345172137022018,356.7148132324219,846.9667064391401,77.5609699,12.8893646
1765986700206119700,3872.6011196289064,21.217327117919922,0.18196862936019897,1.3678984642028809,4.038000106811523,0.18646417558193207,8.090230941772461,846.9667064391401,77.5609702,12.8893655
1765986700766693000,3873.1616931152344,21.452537536621094,0.21145212650299072,1.3678984642028809,3.997999906539917,0.21589304506778717,19.339454650878906,846.9667064391401,77.5609707,12.889367
1765986700932176100,3873.3271760253906,19.284040451049805,0.17185504734516144,1.374018907546997,3.9809999465942383,0.1682426631450653,18.93045997619629,846.9690037603835,77.5609716,12.8893678
1765986701522745300,3873.9177453613283,21.329200744628906,0.23084594309329987,1.374018907546997,3.9600000381469727,0.2889080047607422,8.979561805725098,846.9690037603835,77.5609725,12.8893695
1765986701932435500,3874.327435546875,18.875564575195312,0.1983516812324524,1.3783178329467773,3.9509999752044678,0.22496964037418365,358.2110595703125,847.0052741673205,77.5609735,12.8893713
1765986702080042200,3874.475042236328,19.211666107177734,0.1983516812324524,1.3783178329467773,3.931999921798706,0.22341249883174896,354.83599853515625,847.0052741673205,77.5609738,12.8893718
1765986702888027600,3875.2830275878905,20.878469467163086,0.23672345280647278,1.3783178329467773,3.937999963760376,0.37397411465644836,332.8771057128906,847.0052741673205,77.5609739,12.8893752
1765986702932444400,3875.3274443359373,19.20690155029297,0.20888976752758026,1.4699451923370361,3.940999984741211,0.29647737741470337,332.6191101074219,848.0365181477712,77.5609743,12.8893756
1765986703747239400,3876.142239501953,20.64169692993164,0.241839200258255,1.4699451923370361,3.9600000381469727,0.3899439573287964,344.2588806152344,848.0365181477712,77.5609737,12.8893789
1765986703932685000,3876.327685058594,19.281736373901367,0.21097597479820251,1.4715673923492432,3.9579999446868896,0.3044303357601166,342.8380126953125,848.0365181477712,77.5609744,12.8893797
1765986704577659400,3876.972659423828,18.706125259399414,0.253018856048584,1.4715673923492432,3.9809999465942383,0.35141757130622864,264.45916748046875,848.0365181477712,77.560974,12.8893817
1765986704899941600,3877.2949416503907,19.1688289642334,0.253018856048584,1.4715673923492432,3.99399995803833,0.3514293432235718,244.94815063476562,848.0365181477712,77.5609715,12.8893813
1765986704932214800,3877.32721484375,16.19920539855957,0.20072846114635468,1.2678837776184082,3.930000066757202,0.2579493522644043,243.6215057373047,846.9823010070558,77.5609752,12.8893821
1765986705403962400,3877.798962402344,63.19870376586914,0.23843492567539215,1.2678837776184082,3.8889999389648438,0.2984464168548584,290.34063720703125,846.9823010070558,77.5609763,12.8893825
1765986705597271300,3877.9922712402345,63.013065338134766,0.23843492567539215,1.1977851390838623,3.8440001010894775,0.30585262179374695,292.99090576171875,846.9914902637978,77.5609777,12.8893833
1765986705932846300,3878.3278464355467,61.68838882446289,0.20027396082878113,1.1718635559082031,3.8289999961853027,0.22827227413654327,295.21502685546875,848.0709778835655,77.5609775,12.8893846
1765986706205735000,3878.600734863281,59.10911178588867,0.202580988407135,1.1718635559082031,3.7780001163482666,0.18792885541915894,300.06207275390625,848.0709778835655,77.5609784,12.8893845
1765986706480293400,3878.875293457031,58.386470794677734,0.22141849994659424,1.1718635559082031,3.744999885559082,0.21026261150836945,295.705078125,848.0709778835655,77.5609786,12.8893847
1765986706932371500,3879.327371337891,59.048255920410156,0.1767018884420395,0.9631341099739075,3.694000005722046,0.15860475599765778,289.1246643066406,848.6075811463334,77.5609788,12.8893851
1765986707001384400,3879.3963845214844,57.710540771484375,0.1767018884420395,0.9631341099739075,3.6559998989105225,0.15769468247890472,287.5052490234375,848.6075811463334,77.5609791,12.8893852
1765986707932353500,3880.327353515625,60.40803909301758,0.1630491018295288,1.1969884634017944,3.5769999027252197,0.14484339952468872,269.08990478515625,848.1904393700345,77.5609791,12.8893857
1765986708420731400,3880.8157314453124,58.05555725097656,0.14128929376602173,1.1969884634017944,3.5320000648498535,0.12349957227706909,248.85845947265625,848.1904393700345,77.5609792,12.8893857
1765986708932227000,3881.3272270507814,57.578121185302734,0.1365053802728653,1.202704906463623,3.4630000591278076,0.11677997559309006,223.26242065429688,848.1904393700345,77.5609795,12.8893857
1765986709641661000,3882.036660888672,54.23453903198242,0.16117538511753082,1.202704906463623,3.430999994277954,0.1450238674879074,217.7328643798828,848.1904393700345,77.5609795,12.8893856
1765986709932915000,3882.3279150390626,52.14531707763672,0.1387682408094406,0.9613030552864075,3.380000114440918,0.12337181717157364,217.00669860839844,848.6971774167558,77.5609797,12.8893859
1765986710341183700,3882.7361838378906,52.78229904174805,0.16810673475265503,0.9613030552864075,3.3929998874664307,0.12999004125595093,213.4503631591797,848.6971774167558,77.5609797,12.8893861
1765986710933077500,3883.328077392578,53.14883041381836,0.1472606211900711,0.9663747549057007,3.4210000038146973,0.13165824115276337,212.19219970703125,848.6787986185185,77.5609796,12.8893865
1765986711468128000,3883.8631279296874,54.86994171142578,0.23013807833194733,0.9663747549057007,3.4739999771118164,0.2316063791513443,231.47193908691406,848.6787986185185,77.5609796,12.8893859
1765986711932913400,3884.327913330078,53.32820510864258,0.18020007014274597,1.2292213439941406,3.5239999294281006,0.1843709647655487,254.98748779296875,848.1720605717971,77.5609793,12.8893861
1765986712225501700,3884.620501708984,55.02182388305664,0.22796492278575897,1.2292213439941406,3.6040000915527344,0.33231431245803833,268.4949645996094,848.1720605717971,77.5609789,12.8893867
1765986712782822700,3885.177822753906,57.1410026550293,0.24799644947052002,1.2292213439941406,3.674999952316284,0.3681836724281311,267.51593017578125,848.1720605717971,77.5609775,12.8893871
1765986712932825600,3885.327825683594,52.496944427490234,0.26152876019477844,0.9189075231552124,3.740999937057495,0.3594290018081665,265.1820068359375,848.6787986185185,77.5609775,12.8893876
1765986713645923800,3886.040923828125,54.889183044433594,0.25818371772766113,0.9189075231552124,3.8919999599456787,0.5273724794387817,250.3047332763672,848.6787986185185,77.5609739,12.8893888
1765986713933081000,3886.3280810546876,48.85012435913086,0.2540183365345001,0.928467333316803,4.013000011444092,0.536190927028656,241.37094116210938,848.6305544600195,77.5609731,12.8893888
1765986714799258400,3887.1942583007813,35.87986755371094,0.2505664527416229,0.928467333316803,4.214000225067139,0.6627688407897949,230.96484375,848.6305544600195,77.5609681,12.8893878
1765986714933035000,3887.328034912109,33.17045593261719,0.24878355860710144,0.9332295060157776,4.374000072479248,0.6517906785011292,229.2364501953125,848.6029864909598,77.5609683,12.8893877
1765986715022402800,3887.4174028320313,33.26493835449219,0.24878355860710144,1.0140166282653809,4.448999881744385,0.6463772058486938,229.1282501220703,848.6029864909598,77.5609687,12.889388
1765986715932705500,3888.327705566406,36.74730682373047,0.2918839752674103,1.0082175731658936,4.607999801635742,0.6196463108062744,262.2317810058594,848.5914998632682,77.5609635,12.889385
1765986716502104800,3888.897104736328,36.80134582519531,0.28681129217147827,1.0082175731658936,4.98199987411499,0.5795042514801025,307.6473388671875,848.5914998632682,77.5609618,12.8893878
1765986716932162600,3889.3271625976563,36.74880599975586,0.3076871633529663,1.2925994396209717,5.107999801635742,0.5527124404907227,342.103515625,848.0663832441489,77.5609617,12.8893903
1765986717288639200,3889.6836391601564,30.837902069091797,0.23900294303894043,1.2925994396209717,5.446000099182129,0.550820529460907,12.617913246154785,848.0663832441489,77.5609617,12.8893933
1765986717782131000,3890.177130859375,31.111186981201172,0.2681103050708771,1.2925994396209717,5.505000114440918,0.5679972767829895,39.63897705078125,848.0663832441489,77.560963,12.889396
1765986717932244500,3890.3272443847654,30.622802734375,0.2616567313671112,1.2938984632492065,5.6479997634887695,0.5601069927215576,46.215267181396484,848.0640859253615,77.5609638,12.8893966
1765986718707294200,3891.102294189453,30.82486915588379,0.25740593671798706,1.2938984632492065,5.841000080108643,0.5810314416885376,86.9351577758789,848.0640859253615,77.5609664,12.8893995
1765986718932781800,3891.3277817382814,30.763988494873047,0.2523142993450165,1.3042415380477905,5.800000190734863,0.5702154636383057,100.53108215332031,848.0663832441489,77.5609676,12.8893994
1765986719167012000,3891.5620122070313,27.287715911865234,0.25918707251548767,1.3042415380477905,5.855000019073486,0.5564061999320984,113.52650451660156,848.0663832441489,77.5609684,12.8893996
1765986719932695800,3892.3276958007814,27.573734283447266,0.27557581663131714,1.456623911857605,5.800000190734863,0.5353067517280579,128.50164794921875,846.9870659849882,77.5609713,12.889398
1765986720932684500,3893.3276845703126,24.86319923400879,0.2645103633403778,1.3032143115997314,5.794000148773193,0.36666470766067505,132.27902221679688,848.0801671697644,77.5609735,12.8893954
1765986721932676400,3894.3276762695314,24.90566635131836,0.2061631977558136,1.3490755558013916,5.568999767303467,0.22978176176548004,131.42306518554688,848.1100324177231,77.5609738,12.8893946
1765986722932656600,3895.3276567382813,24.819849014282227,0.15338310599327087,1.3509927988052368,5.263000011444092,0.13230988383293152,143.56651306152344,848.1330057559574,77.5609731,12.8893955
1765986723506354700,3895.901354736328,0,0.10046431422233582,1.3509927988052368,5.25,0.05376104637980461,0,848.1330057559574,77.5609726,12.8893966
1765986723932598000,3896.3275979003906,0,0.12025827169418335,1.7376912832260132,5.171000003814697,0.08753474801778793,0,847.0425183641812,77.5609731,12.8893979
1765986724334042000,3896.7290419921874,0,0.11696264147758484,1.5215643644332886,5.146999835968018,0.08395718783140182,0,848.1490871292356,77.5609728,12.889399
1765986724766199800,3897.1611997070313,21.427785873413086,0.13455761969089508,1.5215643644332886,5.126999855041504,0.11732391268014908,120.80948638916016,848.1490871292356,77.5609692,12.8894108
1765986724932462000,3897.327462158203,22.1325626373291,0.13204222917556763,1.495262622833252,5.177000045776367,0.1140609085559845,107.17881774902344,848.144492448087,77.560969,12.8894115
1765986725426445600,3897.821445556641,21.752347946166992,0.14530232548713684,1.495262622833252,5.197000026702881,0.1363333761692047,78.49688720703125,848.144492448087,77.5609695,12.8894118
1765986725933149000,3898.328148925781,21.374868392944336,0.16566812992095947,1.502831220626831,5.214000225067139,0.1634276956319809,67.23075103759766,848.1490871292356,77.5609703,12.8894121
1765986726079066000,3898.4740661621095,21.211626052856445,0.16566812992095947,1.502831220626831,5.2220001220703125,0.16445651650428772,68.50437927246094,848.1490871292356,77.5609705,12.8894123
1765986726525171700,3898.9201716308594,21.2916202545166,0.187475323677063,1.502831220626831,5.230999946594238,0.1705063432455063,77.44463348388672,848.1490871292356,77.5609712,12.8894128
1765986726933167400,3899.328167480469,20.689098358154297,0.1817406564950943,1.5242103338241577,5.223999977111816,0.1653059422969818,91.19562530517578,848.1582764988963,77.5609719,12.8894132
1765986727242710000,3899.6377099609376,21.171234130859375,0.2245892435312271,1.5242103338241577,5.232999801635742,0.23053114116191864,104.57260131835938,848.1582764988963,77.5609726,12.8894136
1765986727762855200,3900.157855224609,21.402292251586914,0.2337147742509842,1.5242103338241577,5.247000217437744,0.2631002962589264,116.1932144165039,848.1582764988963,77.5609738,12.8894134
1765986727933117200,3900.3281171875,21.42392921447754,0.22526291012763977,1.5260404348373413,5.2789998054504395,0.25548431277275085,120.55391693115234,848.1605738428461,77.5609741,12.8894133
1765986728587048400,3900.982048339844,21.397296905517578,0.27898019552230835,1.5260404348373413,5.301000118255615,0.33304929733276367,134.6450653076172,848.1605738428461,77.5609759,12.8894122
1765986728933076000,3901.3280759277345,21.33283805847168,0.2760600447654724,1.4110549688339233,5.35099983215332,0.33573874831199646,136.6020050048828,847.0879780524072,77.5609767,12.8894116
1765986729040524500,3901.435524658203,21.3271484375,0.2760600447654724,1.4110549688339233,5.36299991607666,0.3361561596393585,136.12039184570312,847.0879780524072,77.5609769,12.8894114
1765986729961484300,3902.356484375,21.457653045654297,0.3167728781700134,1.4110549688339233,5.406000137329102,0.4520573019981384,122.59876251220703,847.0879780524072,77.5609807,12.8894084
1765986730388504800,3902.7835048828124,22.160898208618164,0.26093512773513794,1.475152611732483,5.446000099182129,0.5341163277626038,115.19306182861328,847.0810860316061,77.5609843,12.8894066
1765986730932879000,3903.327879150391,22.034297943115234,0.2860545814037323,1.3441624641418457,5.493000030517578,0.5091014504432678,100.11890411376953,848.1398977693946,77.5609875,12.8894056
1765986731340027000,3903.7350268554687,23.797786712646484,0.24235421419143677,1.3441624641418457,5.565000057220459,0.6337151527404785,95.99383544921875,848.1398977693946,77.5609908,12.8894045
1765986731718658300,3904.113658203125,23.954627990722656,0.26739421486854553,1.3441624641418457,5.624000072479248,0.6521585583686829,94.40443420410156,848.1398977693946,77.5609937,12.889404
1765986731932744000,3904.327743896484,24.390933990478516,0.26358067989349365,1.3531419038772583,5.60699987411499,0.6304752826690674,95.23561096191406,848.1192217456523,77.5609936,12.8894054
1765986732542922800,3904.9379228515627,24.011680603027344,0.22085902094841003,1.3531419038772583,5.64900016784668,0.6647518277168274,111.08151245117188,848.1192217456523,77.5609966,12.8894055
1765986732932569900,3905.3275698242187,25.384830474853516,0.25327110290527344,1.1703767776489258,5.624000072479248,0.6468780636787415,125.56802368164062,848.6190677955061,77.5609964,12.8894062
1765986733082313500,3905.4773134765624,27.23816680908203,0.25327110290527344,1.1703767776489258,5.605999946594238,0.6466559767723083,131.32608032226562,848.6190677955061,77.5609963,12.8894062
1765986733932207000,3906.32720703125,27.773792266845703,0.28039005398750305,1.1755648851394653,5.554999828338623,0.6012862324714661,170.3438720703125,848.596094512503,77.5609961,12.8894042
1765986733983019000,3906.378019042969,27.773792266845703,0.28039005398750305,1.1755648851394653,5.499000072479248,0.6090511679649353,173.48489379882812,848.596094512503,77.5609954,12.8894042
1765986733986363400,3906.38136328125,24.624217987060547,0.28039005398750305,0.9755402207374573,5.447999954223633,0.61618971824646,181.1953887939453,848.596094512503,77.5609943,12.8894046
1765986734520993300,3906.9159931640625,27.038578033447266,0.26118364930152893,0.9755402207374573,5.453000068664551,0.60065096616745,201.7559051513672,848.596094512503,77.5609929,12.8894015
1765986734933074400,3907.3280744628905,27.49207305908203,0.2771473824977875,1.141948938369751,5.425000190734863,0.5672647356987,214.9317169189453,848.5914998632682,77.5609916,12.8894013
1765986735522087400,3907.917087402344,27.866178512573242,0.27683404088020325,1.141948938369751,5.329999923706055,0.5129786729812622,233.66041564941406,848.5914998632682,77.5609897,12.8894004
1765986735932750600,3908.3277504882813,27.513818740844727,0.2659456729888916,1.1814486980438232,5.327000141143799,0.4822338819503784,249.88844299316406,848.5869052164858,77.560988,12.8894002
1765986736932712200,3909.327712158203,27.73046112060547,0.28908637166023254,1.0845776796340942,5.163000106811523,0.35969868302345276,256.423095703125,848.5846078940152,77.5609854,12.8894004
1765986737932399900,3910.3273999023436,25.422449111938477,0.2098883092403412,1.094592809677124,5.110000133514404,0.18792995810508728,255.25991821289062,848.5777159302869,77.560987,12.8894013
1765986738932235500,3911.3272355957033,25.38439178466797,0.16101360321044922,1.0841643810272217,5.139999866485596,0.1366729885339737,256.3465270996094,848.5777159302869,77.5609897,12.8894018
1765986739932793300,3912.3277934570315,24.304906845092773,0.12991443276405334,1.092950701713562,5.199999809265137,0.11171580106019974,257.16558837890625,848.5869052164858,77.5609914,12.8894011
1765986740932239400,3913.3272392578124,0,0.10299978405237198,1.0863431692123413,5.211999893188477,0.07132186740636826,0,848.6052838183402,77.560992,12.8894005
1765986741933072100,3914.3280720214843,0,0.08896037936210632,1.3633077144622803,5.099999904632568,0.06508425623178482,0,848.107735087274,77.5609895,12.8894021
1765986742488151800,3914.883151855469,0,0.0947648361325264,1.3633077144622803,5.0920000076293945,0.05186138674616814,0,848.107735087274,77.5609886,12.8894034
1765986742932325400,3915.327325439453,0,0.11781758069992065,1.147047996520996,5.058000087738037,0.09098503738641739,0,848.6167704644445,77.560987,12.889405
1765986743027094300,3915.4220942382813,0,0.11781758069992065,1.147047996520996,5.008999824523926,0.09201020747423172,0,848.6167704644445,77.5609865,12.8894055
1765986743825520600,3916.2205207519532,28.464069366455078,0.15437400341033936,1.147047996520996,4.999000072479248,0.14006748795509338,352.8426208496094,848.6167704644445,77.5609858,12.8894065
1765986743932242000,3916.3272419433592,27.76791000366211,0.15106546878814697,1.0422937870025635,4.97599983215332,0.14038991928100586,356.96319580078125,848.6167704644445,77.5609854,12.8894078
1765986744399519700,3916.7945197753907,27.254737854003906,0.17775702476501465,1.0422937870025635,4.966000080108643,0.18871906399726868,2.944594383239746,848.6167704644445,77.560985,12.8894098
1765986744932614400,3917.327614501953,27.97454071044922,0.19045211374759674,1.0264573097229004,4.959000110626221,0.18659691512584686,354.89556884765625,848.6259597923737,77.5609846,12.8894112
1765986745279588900,3917.6745888671876,24.930233001708984,0.20931382477283478,1.0264573097229004,4.941999912261963,0.32000648975372314,354.0948181152344,848.6259597923737,77.560984,12.8894134
1765986745866889000,3918.261888916016,25.292587280273438,0.2386961430311203,1.0264573097229004,4.946000099182129,0.3358769118785858,346.5397033691406,848.6259597923737,77.5609836,12.889416
1765986745932183000,3918.327183105469,24.945255279541016,0.23391523957252502,1.0687679052352905,4.946000099182129,0.3218654692173004,344.6161193847656,848.6190677955061,77.5609835,12.8894163
1765986746766345200,3919.1613452148435,24.916234970092773,0.25803089141845703,1.0687679052352905,4.934999942779541,0.43753761053085327,333.85400390625,848.6190677955061,77.5609819,12.8894202
1765986746932838100,3919.3278381347654,25.108139038085938,0.2517738938331604,1.0756044387817383,4.947000026702881,0.41672006249427795,331.65478515625,848.6282571258894,77.5609815,12.8894209
1765986747219183000,3919.614183105469,25.54307746887207,0.21237845718860626,1.0756044387817383,4.960999965667725,0.3991169035434723,324.89166259765625,848.6282571258894,77.5609815,12.8894219
1765986747932720600,3920.327720703125,26.212932586669922,0.23551413416862488,1.5761504173278809,4.986999988555908,0.38090261816978455,300.2554016113281,848.1261137480428,77.5609799,12.8894234
1765986748932452900,3921.3274528808593,25.841936111450195,0.24916993081569672,1.5485124588012695,5.064000129699707,0.3106832802295685,292.72088623046875,848.1123297487848,77.5609783,12.8894238
1765986749932376600,3922.327376464844,26.56349754333496,0.21470674872398376,1.542633056640625,5.132999897003174,0.21501150727272034,293.6060791015625,848.6006891641937,77.5609781,12.8894233
1765986750932268300,3923.327268310547,24.202810287475586,0.13695958256721497,1.549124002456665,5.308000087738037,0.10119210928678513,289.4949645996094,848.5914998632682,77.5609782,12.8894222
1765986751933164500,3924.3281645507814,0,0.09990701824426651,1.5689401626586914,5.349999904632568,0.06737372279167175,0,848.5892025395707,77.5609781,12.8894209
1765986752932935700,3925.3279357910155,0,0.09785815328359604,1.5717167854309082,5.300000190734863,0.07258932292461395,0,848.5731212908703,77.5609784,12.8894212
1765986753290986200,3925.685986328125,0,0.08204295486211777,1.4937883615493774,5.23199987411499,0.057894427329301834,0,848.5731212908703,77.5609801,12.8894218
1765986753932726300,3926.3277263183595,0,0.10969062149524689,1.2946548461914062,5.214000225067139,0.09008043259382248,0,848.0640859253615,77.5609798,12.8894313
1765986754933142000,3927.328142089844,0,0.1156088188290596,1.2074096202850342,5.135000228881836,0.09841275960206985,0,848.0525993406262,77.5609793,12.8894319
1765986755932130600,3928.327130615234,0,0.09204083681106567,0.9882065653800964,5.175000190734863,0.06406017392873764,0,848.5708239720828,77.56098,12.8894329
1765986756932828700,3929.3278286132813,0,0.0868288204073906,0.9964002370834351,5.151000022888184,0.06015973910689354,0,848.5800132509158,77.5609808,12.889433
1765986757932806700,3930.327806640625,0,0.08919228613376617,1.0079586505889893,5.208000183105469,0.06330974400043488,0,848.5800132509158,77.5609816,12.8894321
1765986758932794000,3931.327794189453,0,0.11984602361917496,1.0175933837890625,5.434999942779541,0.09958968311548233,0,848.5777159302869,77.5609821,12.8894306
1765986759932362800,3932.327362792969,0,0.1276094764471054,1.0018154382705688,5.466000080108643,0.09992532432079315,0,848.5731212908703,77.5609822,12.8894301
1765986760932224500,3933.327224609375,0,0.09395268559455872,1.5684099197387695,5.438000202178955,0.06703615933656693,0,850.8999633789062,77.5609821,12.8894281
1765986761932941000,3934.3279411621093,0,0.08943427354097366,1.2029764652252197,5.310999870300293,0.06618457287549973,0,848.5731212908703,77.5609816,12.8894264
1765986762716180200,3935.111180175781,0,0.09140868484973907,1.3230756521224976,5.232999801635742,0.06479118019342422,0,848.9506053796646,77.5609824,12.8894262
1765986762932631800,3935.3276318359376,0,0.08921068161725998,1.1876906156539917,5.1579999923706055,0.06291470676660538,0,848.5777159302869,77.5609815,12.889432
1765986763932926200,3936.3279262695314,21.871145248413086,0.1270158439874649,1.3205674886703491,4.9730000495910645,0.10500586777925491,218.90586853027344,848.9643893126458,77.560982,12.8894319
1765986764046359000,3936.4413591308594,22.066286087036133,0.1270158439874649,1.3205674886703491,4.947000026702881,0.10500938445329666,210.81915283203125,848.9643893126458,77.560982,12.8894318
1765986764746483200,3937.141483154297,0,0.11234555393457413,1.3205674886703491,4.936999797821045,0.08332671225070953,0,848.9643893126458,77.5609827,12.8894313
1765986764932554000,3937.327553955078,21.514562606811523,0.13882486522197723,1.1623185873031616,4.826000213623047,0.11685115844011307,180.19459533691406,848.598391838042,77.5609828,12.8894309
1765986765484255000,3937.8792548828123,21.328989028930664,0.13991278409957886,1.1623185873031616,4.828999996185303,0.10505370050668716,182.240234375,848.598391838042,77.5609838,12.8894302
1765986765932360000,3938.3273598632813,21.36812973022461,0.1359170377254486,1.1547479629516602,4.809000015258789,0.1019923985004425,188.3431854248047,848.612750136563,77.560984,12.8894295
1765986766327153200,3938.7221530761717,21.233224868774414,0.1471787989139557,1.1547479629516602,4.816999912261963,0.1228407621383667,196.5204620361328,848.612750136563,77.5609839,12.889429
1765986766932905500,3939.327905517578,21.770849227905273,0.1675787717103958,1.214764952659607,4.822999954223633,0.15515688061714172,213.5881805419922,848.6236624594708,77.5609835,12.8894282
1765986767121150700,3939.516150634766,22.302268981933594,0.18078193068504333,1.214764952659607,4.840000152587891,0.17112629115581512,215.3848876953125,848.6236624594708,77.5609833,12.889428
1765986767932854800,3940.327854736328,22.217451095581055,0.18497537076473236,1.2156813144683838,4.870999813079834,0.21011453866958618,224.91656494140625,848.6403181369204,77.5609825,12.8894269
1765986768018456300,3940.4134562988284,22.189950942993164,0.18497537076473236,1.2156813144683838,4.883999824523926,0.21123255789279938,226.95663452148438,848.6403181369204,77.5609824,12.8894267
1765986768567808800,3940.9628088378904,23.796672821044922,0.20102271437644958,1.2156813144683838,4.90500020980835,0.23635372519493103,239.70367431640625,848.6403181369204,77.5609811,12.8894261
1765986768932767500,3941.327767578125,23.708641052246094,0.21157331764698029,1.2240227460861206,4.923999786376953,0.253550261259079,245.82220458984375,848.660994195183,77.5609801,12.8894256
1765986769932651500,3942.3276516113283,22.53122901916504,0.22034190595149994,1.1995738744735718,4.986999988555908,0.24864688515663147,265.7237854003906,848.681670303155,77.5609778,12.8894248
1765986770932830000,3943.327829833984,24.722368240356445,0.181459441781044,1.1843410730361938,5.006999969482422,0.18341194093227386,275.3326721191406,848.7092385244429,77.5609752,12.889424
1765986771932654600,3944.327654541016,24.186687469482422,0.15096719563007355,1.2245265245437622,4.973999977111816,0.130313903093338,273.32159423828125,848.7391041972319,77.5609735,12.8894228
1765986772368497700,3944.763497558594,0,0.10106788575649261,1.2049124240875244,4.946000099182129,0.061552513390779495,0,848.7414015609739,77.5609737,12.889423
1765986772932511000,3945.327510986328,0,0.12491283565759659,1.6619372367858887,4.947999954223633,0.09823968261480331,0,848.2438529753534,77.560974,12.8894216
1765986773932445200,3946.3274450683593,25.177167892456055,0.13198797404766083,1.6032462120056152,4.861999988555908,0.10658502578735352,264.9767150878906,848.7482936558789,77.5609738,12.8894216
1765986774932378600,3947.3273786621094,26.820091247558594,0.1332571804523468,1.5935101509094238,4.783999919891357,0.1077905148267746,269.4259338378906,848.7482936558789,77.5609734,12.8894212
1765986775932340700,3948.3273408203127,0,0.09505904465913773,1.5996392965316772,4.729000091552734,0.0656600072979927,0,848.7322121096905,77.560972,12.8894208
1765986776932505000,3949.327505126953,0,0.09650453925132751,1.6193594932556152,4.765999794006348,0.0681222602725029,0,848.7299147484042,77.5609709,12.8894209
1765986777933145300,3950.328145263672,0,0.0942191407084465,1.6218218803405762,4.915999889373779,0.06626716256141663,0,848.7138332365834,77.5609707,12.8894212
1765986778932946700,3951.3279467773436,0,0.11102193593978882,1.475624680519104,5.03000020980835,0.09528250247240067,0,848.2047978334838,77.5609707,12.8894203
1765986779933070800,3952.3280708007815,28.534257888793945,0.12234220653772354,1.3876628875732422,5.085999965667725,0.11363668739795685,274.9994201660156,848.2025004777215,77.5609701,12.8894199
1765986780932813300,3953.3278132324217,0,0.0928679034113884,1.1865570545196533,5.011000156402588,0.06043262034654617,0,848.7092385244429,77.5609696,12.8894203
1765986781932655000,3954.3276550292967,0,0.0976499393582344,1.2034944295883179,4.889999866485596,0.06754740327596664,0,848.7069411692934,77.5609688,12.889419
1765986782932932000,3955.3279321289065,0,0.11661742627620697,1.1166449785232544,4.818999767303467,0.0903647318482399,0,848.7000491075275,77.5609683,12.8894216
1765986783932469200,3956.327469238281,0,0.11799576878547668,1.2428603172302246,4.76800012588501,0.09930475056171417,0,848.6954544027524,77.5609693,12.889422
1765986784932527900,3957.327527832031,0,0.0878765881061554,1.408179759979248,4.692999839782715,0.058236803859472275,0,848.7069411692934,77.5609712,12.8894229
1765986785932737300,3958.3277373046876,0,0.09566060453653336,2.0170068740844727,4.690999984741211,0.06765724718570709,0,850.8999633789062,77.5609714,12.8894237
1765986786932664800,3959.327664794922,0,0.11326812952756882,1.4874296188354492,4.927000045776367,0.08967656642198563,0,849.0936147587735,77.5609717,12.8894234
1765986787932394000,3960.3273940429685,0,0.07074065506458282,1.4993618726730347,5.761000156402588,0.08980885148048401,0,849.1005068371082,77.560965,12.8894215
1765986788932174300,3961.3271743164064,45,0.07065866142511368,1.5045318603515625,6.672999858856201,0.2060595005750656,260.5344543457031,849.1119936466096,77.5609617,12.8894206
1765986789932811000,3962.327811035156,45,0.07252119481563568,1.4573231935501099,8.041000366210938,0.15088996291160583,258.66949462890625,849.1119936466096,77.5609608,12.8894204
1765986790932499500,3963.3274995117185,45,0.07264764606952667,1.4451828002929688,8.357000350952148,0.13156211376190186,183.0238037109375,849.1119936466096,77.5609618,12.8894184
1765986791932461600,3964.327461669922,45,0.086319200694561,1.2526249885559082,9.187000274658203,0.1298854798078537,155.70547485351562,848.7391041972319,77.5609628,12.8894175
1765986792932277000,3965.3272770996095,45,0.15471205115318298,1.290204644203186,9.9350004196167,0.11524629592895508,143.6455078125,848.7391041972319,77.5609636,12.8894168
1765986793933131300,3966.3281313476564,0,0.1500951051712036,1.266366958618164,9.9350004196167,0.08305530995130539,0,848.7436989253285,77.5609639,12.8894164
1765986794932178700,3967.3271787109375,0,0.07069817185401917,1.3876042366027832,9.9350004196167,0.06243856996297836,0,849.1280752056874,77.5609641,12.8894161
1765986795932475100,3968.327475097656,0,0.07069537043571472,1.4278532266616821,9.9350004196167,0.060062430799007416,0,849.1257778382628,77.5609643,12.8894156
1765986796932295200,3969.3272951660156,0,0.07069332897663116,1.4311574697494507,9.9350004196167,0.061843495815992355,0,849.1142910103516,77.5609646,12.8894151
1765986797932685600,3970.327685546875,0,0.07070361822843552,1.7225847244262695,9.9350004196167,0.05642491951584816,0,848.7207253093958,77.5609649,12.8894148
1765986798932671500,3971.327671386719,0,0.07070156931877136,1.6796019077301025,9.9350004196167,0.053777579218149185,0,848.6839676515533,77.5609651,12.8894144
1765986799932445700,3972.3274458007813,0,0.0707029476761818,1.6705087423324585,9.9350004196167,0.053415022790431976,0,848.6724809156964,77.5609654,12.889414
1765986800932382000,3973.3273818359376,0,0.0707000195980072,1.604660987854004,9.9350004196167,0.05134610831737518,0,848.6541021702379,77.5609656,12.8894137
1765986801932195800,3974.3271958007813,0,0.07070428878068924,1.6075979471206665,9.9350004196167,0.04792239889502525,0,848.6472101508172,77.5609658,12.8894135
1765986802933132800,3975.3281328125,0,0.07071410119533539,1.2697114944458008,9.9350004196167,0.032988425344228745,0,848.6472101508172,77.5609659,12.8894134
1765986803888269600,3976.28326953125,0,0.09298670291900635,1.2697114944458008,9.168999671936035,0.06328365206718445,0,848.6472101508172,77.5609661,12.8894233
1765986803932722400,3976.3277224121093,0,0.09197468310594559,1.178945779800415,8.392999649047852,0.06256622821092606,0,848.6449128122382,77.5609661,12.8894237
1765986804905684700,3977.3006848144532,41.89461135864258,0.13609594106674194,1.178945779800415,7.973999977111816,0.11905700713396072,284.59600830078125,848.6449128122382,77.5609656,12.8894243
1765986804932473300,3977.327473388672,41.871612548828125,0.13352929055690765,1.1623458862304688,7.323999881744385,0.11639946699142456,284.8126525878906,848.6311287936487,77.5609656,12.8894242
1765986805664504000,3978.0595041503907,42.45222091674805,0.14433406293392181,1.1623458862304688,7.090000152587891,0.11972688883543015,273.1335754394531,848.6311287936487,77.5609655,12.8894244
1765986805932945400,3978.3279453125,43.11269760131836,0.1616508662700653,1.6735458374023438,6.526000022888184,0.1464206874370575,274.31878662109375,850.8999633789062,77.5609653,12.8894243
1765986806932677000,3979.327677001953,43.11751174926758,0.18244560062885284,1.6929402351379395,5.9679999351501465,0.1611088663339615,331.5534362792969,850.8999633789062,77.5609649,12.8894251
1765986807932380200,3980.327380126953,41.3406867980957,0.24132317304611206,1.698050618171692,5.9120001792907715,0.26306411623954773,9.438416481018066,850.8999633789062,77.5609646,12.8894276
1765986808932193000,3981.3271931152344,40.516788482666016,0.22432005405426025,1.9534647464752197,5.377999782562256,0.26153284311294556,18.03584098815918,850.8999633789062,77.560966,12.8894277
1765986809932714800,3982.32771484375,38.0539665222168,0.20667962729930878,2.2470316886901855,5.285999774932861,0.22770853340625763,31.826595306396484,850.8999633789062,77.5609663,12.8894271
1765986810315433700,3982.710433837891,39.437660217285156,0.1694650948047638,2.2557177543640137,5.223999977111816,0.14932473003864288,31.979108810424805,850.8999633789062,77.5609654,12.8894273
1765986810932516400,3983.3275163574217,39.22087478637695,0.1784251481294632,1.510602593421936,5.183000087738037,0.16995826363563538,32.60285949707031,849.0631748121908,77.5609668,12.8894278
1765986811933073700,3984.3280737304685,0,0.11783572286367416,1.448919653892517,5.020999908447266,0.09152819216251373,0,849.0930404191607,77.5609666,12.8894275
1765986812932777700,3985.327777832031,0,0.104693204164505,1.4543521404266357,4.9120001792907715,0.07498709112405777,0,849.1326699423746,77.5609665,12.8894262
1765986813932541400,3986.327541503906,0,0.10116977989673615,1.4088659286499023,4.914999961853027,0.07397738099098206,0,849.155643662638,77.5609664,12.8894261
1765986814932314600,3987.3273146972656,37.199867248535156,0.1233208179473877,1.3974785804748535,4.966000080108643,0.10269402712583542,38.93512725830078,849.2199704058727,77.5609659,12.8894258
1765986815932927000,3988.327927001953,45,0.07111094892024994,1.464038610458374,6.015999794006348,0.10256744176149368,38.98967742919922,850.8999633789062,77.5609663,12.8894189
1765986816932548000,3989.327548095703,45,0.07092250138521194,1.465910792350769,6.669000148773193,0.15828034281730652,166.2301788330078,850.8999633789062,77.5609663,12.8894147
1765986817932278500,3990.327278564453,45,0.07140862941741943,1.5098931789398193,7.507999897003174,0.1704162359237671,175.9249725341797,850.8999633789062,77.5609662,12.8894131
1765986818932942300,3991.3279423828126,45,0.07096261531114578,1.4777162075042725,8.991999626159668,0.10086175799369812,178.8759002685547,850.8999633789062,77.5609661,12.8894127
1765986819932587500,3992.327587402344,0,0.07096569240093231,1.41507089138031,9.9350004196167,0.04910736158490181,0,850.8999633789062,77.5609662,12.8894126
1765986820932924400,3993.327924316406,0,0.07115769386291504,1.4189051389694214,9.9350004196167,0.02361038513481617,0,850.8999633789062,77.5609662,12.8894126
1765986821932360000,3994.3273598632813,0,0.07094258069992065,1.6680951118469238,9.9350004196167,0.008829042315483093,0,849.0785463434778,77.5609662,12.8894127
1765986822933050000,3995.328050048828,0,0.07088032364845276,1.6268787384033203,9.9350004196167,0.00748707540333271,0,849.2026097604579,77.5609662,12.8894126
1765986823932607000,3996.327606933594,0,0.07101687788963318,1.7983992099761963,9.9350004196167,0.0038774211425334215,0,850.8999633789062,77.5609662,12.8894126
1765986824932238300,3997.32723828125,0,0.07236179709434509,1.8047255277633667,9.9350004196167,0.0015413814689964056,0,850.8999633789062,77.5609662,12.8894126
1765986825933127700,3998.328127685547,0,0.07149939984083176,1.9808547496795654,9.9350004196167,0.00046877082786522806,0,850.8999633789062,77.5609662,12.8894126
1765986826932859100,3999.3278591308595,0,0.0709339827299118,1.8385093212127686,9.9350004196167,0.00008552480721846223,0,850.8999633789062,77.5609662,12.8894126
1765986827932606000,4000.327605957031,0,0.07755690813064575,1.9032273292541504,9.9350004196167,0.000015522909961873665,0,850.8999633789062,77.5609662,12.8894126
1765986828932519200,4001.327519287109,0,0.07090473175048828,1.5960270166397095,9.9350004196167,0.000023976073862286285,0,850.8999633789062,77.5609662,12.8894126
1765986829932344600,4002.3273444824217,0,0.07180437445640564,1.4758126735687256,9.9350004196167,0.004924315959215164,0,850.8999633789062,77.5609663,12.8894126
1765986830932938800,4003.327938720703,0,0.07106611877679825,1.4737029075622559,9.9350004196167,0.003468648297712207,0,850.8999633789062,77.5609663,12.8894126
1765986831932931600,4004.327931640625,0,0.07118039578199387,1.4825334548950195,9.9350004196167,0.0016600911039859056,0,850.8999633789062,77.5609663,12.8894126
1765986832932928300,4005.3279282226563,0,0.0711381807923317,1.650417447090149,9.9350004196167,0.005089258775115013,0,850.8999633789062,77.5609663,12.8894125
1765986833932893200,4006.3278930664064,0,0.0710906982421875,1.8548405170440674,9.9350004196167,0.003563470905646682,0,850.8999633789062,77.5609663,12.8894125
1765986834932943400,4007.327943359375,0,0.07289721071720123,1.8791788816452026,9.9350004196167,0.001703770481981337,0,850.8999633789062,77.5609663,12.8894125
1765986835932571400,4008.3275712890627,0,0.071012943983078,1.7965227365493774,9.9350004196167,0.000634074560366571,0,850.8999633789062,77.5609663,12.8894125
1765986836932562400,4009.3275625,0,0.07078558951616287,1.6866487264633179,9.9350004196167,0.0001758624130161479,0,850.8999633789062,77.5609663,12.8894125
1765986837932540400,4010.327540527344,0,0.07080002874135971,1.670629620552063,9.9350004196167,0.000023611046344740316,0,850.8999633789062,77.5609663,12.8894125
1765986838932544300,4011.327544189453,0,0.0707571879029274,1.7981517314910889,9.9350004196167,0.000012205452549096663,0,850.8999633789062,77.5609663,12.8894125
1765986839932947000,4012.3279470214843,0,0.07078268378973007,1.515243411064148,9.9350004196167,0.00492342934012413,0,850.8999633789062,77.5609664,12.8894125
1765986840933030700,4013.3280307617188,0,0.0708174854516983,1.5021295547485352,9.9350004196167,0.003468619892373681,0,850.8999633789062,77.5609664,12.8894125
1765986841932660700,4014.327660644531,0,0.07080128788948059,1.507407784461975,9.9350004196167,0.0016605581622570753,0,850.8999633789062,77.5609664,12.8894125
1765986842932750600,4015.3277504882813,0,0.07077023386955261,1.4961223602294922,9.9350004196167,0.0006177683244459331,0,850.8999633789062,77.5609664,12.8894125
1765986843932753400,4016.327753417969,0,0.07075759768486023,1.5292586088180542,9.9350004196167,0.00017096431110985577,0,850.8999633789062,77.5609664,12.8894125
1765986844932732700,4017.3277326660154,0,0.07080954313278198,1.53212308883667,9.9350004196167,0.000022130003344500437,0,850.8999633789062,77.5609664,12.8894125
1765986845932685300,4018.327685302734,0,0.07073530554771423,1.6214170455932617,9.9350004196167,0.000011618245480349287,0,850.8999633789062,77.5609664,12.8894125
1765986846932750600,4019.3277504882813,0,0.0707949548959732,1.982343077659607,9.9350004196167,0.000011707155863405205,0,850.8999633789062,77.5609664,12.8894125
1765986847932735700,4020.3277358398436,0,0.07072144001722336,1.964394211769104,9.9350004196167,0.000006398953701136634,0,850.8999633789062,77.5609664,12.8894125
1765986848932806400,4021.3278063964844,0,0.07073898613452911,1.912613868713379,9.9350004196167,0.011067081242799759,0,850.8999633789062,77.5609666,12.8894124
1765986849932509200,4022.327509277344,0,0.07074422389268875,1.7554893493652344,9.9350004196167,0.007799034472554922,0,850.8999633789062,77.5609666,12.8894124
1765986850932619300,4023.3276193847655,0,0.07075345516204834,1.7974259853363037,9.9350004196167,0.0037329341284930706,0,850.8999633789062,77.5609666,12.8894124
1765986851932634400,4024.327634277344,0,0.07276713848114014,1.712738275527954,9.9350004196167,0.0013887506211176515,0,850.8999633789062,77.5609666,12.8894124
1765986852932715000,4025.3277150878907,0,0.08233975619077682,1.5898199081420898,9.9350004196167,0.005238508805632591,0,850.8999633789062,77.5609666,12.8894123
1765986853932699100,4026.32769921875,0,0.07104375958442688,1.59224271774292,9.9350004196167,0.003582142759114504,0,850.8999633789062,77.5609666,12.8894123
1765986854932715800,4027.3277158203123,0,0.07333305478096008,1.6040507555007935,9.9350004196167,0.001691710902377963,0,850.8999633789062,77.5609666,12.8894123
1765986855932693000,4028.327692871094,0,0.07085058093070984,1.6027555465698242,9.9350004196167,0.0006221377407200634,0,850.8999633789062,77.5609666,12.8894123
1765986856932762600,4029.3277626953127,0,0.07076600193977356,1.7519254684448242,9.9350004196167,0.0001692593505140394,0,850.8999633789062,77.5609666,12.8894123
1765986857932827000,4030.3278269042967,0,0.07073766738176346,1.9118252992630005,9.9350004196167,0.00002065246007987298,0,850.8999633789062,77.5609666,12.8894123
1765986858932756700,4031.3277568359376,0,0.07097572088241577,1.7546786069869995,9.9350004196167,0.004923208151012659,0,850.8999633789062,77.5609667,12.8894123
1765986859932812500,4032.3278125,0,0.07164216041564941,1.7607495784759521,9.9350004196167,0.006138540804386139,0,850.8999633789062,77.5609667,12.8894124
1765986860933091000,4033.328091064453,0,0.07837216556072235,1.743979811668396,9.9350004196167,0.00393286906182766,0,850.8999633789062,77.5609667,12.8894124
1765986861932879400,4034.3278793945315,0,0.07117755711078644,1.7340773344039917,9.9350004196167,0.0018144699279218912,0,850.8999633789062,77.5609667,12.8894124
1765986862932816100,4035.3278161621092,0,0.07074499875307083,1.7265340089797974,9.9350004196167,0.0006571838166564703,0,850.8999633789062,77.5609667,12.8894124
1765986863932880400,4036.3278803710937,0,0.0707988291978836,1.7427222728729248,9.9350004196167,0.00017691087850835174,0,850.8999633789062,77.5609667,12.8894124
1765986864932848400,4037.327848388672,0,0.07098908722400665,1.729601263999939,9.9350004196167,0.005029437597841024,0,850.8999633789062,77.5609667,12.8894123
1765986865932802800,4038.327802734375,0,0.07077134400606155,1.7640913724899292,9.9350004196167,0.0035714039113372564,0,850.8999633789062,77.5609667,12.8894123
1765986866932880000,4039.3278798828123,0,0.07074078172445297,1.740131139755249,9.9350004196167,0.001715607475489378,0,850.8999633789062,77.5609667,12.8894123
1765986867932842500,4040.327842529297,0,0.07074862718582153,1.8250985145568848,9.9350004196167,0.004963648971170187,0,850.8999633789062,77.5609668,12.8894123
1765986868932430800,4041.327430908203,0,0.07084935903549194,1.8271881341934204,9.9350004196167,0.008396743796765804,0,850.8999633789062,77.5609669,12.8894123
1765986869932322000,4042.327322021484,0,0.07111359387636185,1.9118510484695435,9.9350004196167,0.00513166468590498,0,850.8999633789062,77.5609669,12.8894123
1765986870932356900,4043.327356933594,0,0.07079179584980011,1.9114530086517334,9.9350004196167,0.002279263222590089,0,850.8999633789062,77.5609669,12.8894123
1765986871932399900,4044.3273999023436,0,0.07136132568120956,1.9004738330841064,9.9350004196167,0.005101337097585201,0,850.8999633789062,77.5609669,12.8894122
1765986872932581600,4045.327581542969,0,0.0777556523680687,1.9066263437271118,9.9350004196167,0.003557496936991811,0,850.8999633789062,77.5609669,12.8894122
1765986873932948700,4046.327948730469,0,0.07675568014383316,1.8220696449279785,9.9350004196167,0.006751799024641514,0,850.8999633789062,77.5609669,12.8894121
1765986874932913700,4047.3279135742187,0,0.08834659308195114,1.8261158466339111,9.9350004196167,0.004191332962363958,0,850.8999633789062,77.5609669,12.8894121
1765986875932774700,4048.327774658203,0,0.07083884626626968,1.757802963256836,9.9350004196167,0.005254163406789303,0,850.8999633789062,77.560967,12.8894121
1765986876932619000,4049.327618896484,0,0.07091286778450012,1.6649318933486938,9.9350004196167,0.0016042687930166721,0,850.8999633789062,77.5609669,12.8894121
1765986877932478700,4050.3274787597657,0,0.07389950752258301,1.4733164310455322,9.9350004196167,0.009581241756677628,0,850.8999633789062,77.5609671,12.889412
1765986878932367400,4051.3273674316406,0,0.10628364980220795,1.4862538576126099,9.9350004196167,0.006892801728099585,0,850.8999633789062,77.5609671,12.889412
1765986879932191200,4052.3271911621096,0,0.15657125413417816,1.504449486732483,9.9350004196167,0.00333274994045496,0,850.8999633789062,77.5609671,12.889412
1765986880933145300,4053.328145263672,0,0.13388025760650635,1.6194988489151,9.9350004196167,0.001250200322829187,0,850.8999633789062,77.5609671,12.889412
1765986881932834300,4054.3278342285157,0,0.12467682361602783,1.7538926601409912,9.9350004196167,0.0003507985675241798,0,850.8999633789062,77.5609671,12.889412
1765986882932419800,4055.327419921875,0,0.1722470074892044,1.785910725593567,9.9350004196167,0.00004836578227696009,0,850.8999633789062,77.5609671,12.889412
1765986883933159200,4056.3281591796876,0,0.23261015117168427,1.8150629997253418,9.9350004196167,0.000022032974811736494,0,850.8999633789062,77.5609671,12.889412
1765986884933108000,4057.328107910156,0,0.2305435985326767,1.7924784421920776,9.9350004196167,0.00002311356547579635,0,850.8999633789062,77.5609671,12.889412
1765986885932941600,4058.3279416503906,0,0.18842409551143646,1.7876946926116943,9.9350004196167,0.000012788117601303384,0,850.8999633789062,77.5609671,12.889412
1765986886781357800,4059.176357910156,180,1.5,1.8902618885040283,12.706999778747559,0.7180060148239136,105.83295440673828,850.8999633789062,77.5609781,12.889409
1765986886932927000,4059.327927001953,180,1.5,1.9509177207946777,14.017000198364258,0.7956796884536743,109.30590057373047,850.8999633789062,77.56098,12.8894077
1765986887246280200,4059.6412802734376,180,0.33440789580345154,1.9509177207946777,14.579000473022461,0.8203687071800232,91.20745849609375,850.8999633789062,77.5609817,12.8894081
1765986887948941800,4060.3439418945313,180,0.3514091372489929,1.958040475845337,15.75,0.8298797607421875,90.59374237060547,850.8999633789062,77.5609849,12.889408
1765986888427892700,4060.8228928222657,105.4000473022461,0.2714623212814331,1.914683222770691,15.744999885559082,0.7985327243804932,23.232091903686523,850.8999633789062,77.5609836,12.8894112
1765986888932230000,4061.327229980469,105.4315414428711,0.3039144277572632,1.900087594985962,15.548999786376953,0.7094126343727112,338.2585754394531,850.8999633789062,77.5609799,12.8894121
1765986889081019400,4061.4760192871095,102.64769744873047,0.3039144277572632,1.900087594985962,16.006000518798828,0.7650052905082703,324.16888427734375,850.8999633789062,77.5609771,12.8894115
1765986889581965600,4061.976965576172,93.53951263427734,0.252771258354187,1.900087594985962,15.864999771118164,0.8674365878105164,310.94921875,850.8999633789062,77.5609735,12.8894135
1765986889932879400,4062.3278793945315,93.92654418945312,0.2743149697780609,1.9295462369918823,15.621000289916992,0.8912302255630493,297.612548828125,850.8999633789062,77.5609707,12.8894135
1765986890366886400,4062.7618864746096,84.50982666015625,0.21604964137077332,1.9295462369918823,15.95199966430664,0.9202921986579895,299.4920654296875,850.8999633789062,77.5609684,12.8894151
1765986890729693000,4063.124692871094,82.20257568359375,0.26124757528305054,1.9295462369918823,15.779000282287598,0.9364732503890991,297.47503662109375,850.8999633789062,77.5609666,12.8894163
1765986890933094100,4063.328094238281,87.69160461425781,0.25646185874938965,1.9114632606506348,16.030000686645508,0.9141587615013123,294.77105712890625,850.8999633789062,77.5609662,12.8894163
1765986891704012300,4064.099012207031,79.86856079101562,0.2541601061820984,1.9114632606506348,15.854999542236328,0.9446612596511841,300.3531494140625,850.8999633789062,77.5609625,12.8894193
1765986891932906800,4064.3279067382814,77.34263610839844,0.2435102015733719,1.9092583656311035,14.812000274658203,0.9412079453468323,304.6690368652344,850.8999633789062,77.5609629,12.8894197
1765986892240710000,4064.6357099609377,75.09593200683594,0.2022063285112381,1.9092583656311035,14.45199966430664,0.9938116669654846,318.859375,850.8999633789062,77.5609638,12.889421
1765986892932638200,4065.3276381835935,75.47765350341797,0.2386258840560913,1.934256672859192,14.074000358581543,0.9070954918861389,338.1379089355469,850.8999633789062,77.5609644,12.8894237
1765986892972623400,4065.3676232910157,75.47765350341797,0.2386258840560913,1.934256672859192,13.685999870300293,0.8714500069618225,347.2631530761719,850.8999633789062,77.5609666,12.8894229
1765986893642147800,4066.0371479492187,62.26327133178711,0.21954882144927979,1.934256672859192,13.517000198364258,0.8174362778663635,0.6896213293075562,850.8999633789062,77.5609688,12.8894275
1765986893932501800,4066.3275017089845,61.12890625,0.23492632806301117,1.9369564056396484,13.208999633789062,0.786949098110199,357.18438720703125,850.8999633789062,77.5609721,12.889427
1765986894379861500,4066.7748615722658,57.907012939453125,0.23716963827610016,1.9369564056396484,12.918999671936035,0.7846128940582275,346.6629333496094,850.8999633789062,77.5609741,12.8894287
1765986894768007400,4067.1630073242186,61.53587341308594,0.23716963827610016,1.9369564056396484,12.612000465393066,0.7837855219841003,334.4159240722656,850.8999633789062,77.5609746,12.8894301
1765986894932413700,4067.3274135742186,59.95933532714844,0.267448753118515,2.0080323219299316,12.345000267028809,0.7803383469581604,324.003173828125,850.8999633789062,77.5609751,12.889429
1765986895563019800,4067.9580197753908,54.900875091552734,0.23097607493400574,2.0080323219299316,11.954000473022461,0.7956055998802185,320.74267578125,850.8999633789062,77.5609744,12.8894312
1765986895932228400,4068.3272282714843,56.21868133544922,0.21814313530921936,1.9981787204742432,11.532999992370605,0.7915440797805786,310.11383056640625,850.8999633789062,77.5609728,12.8894307
1765986896103787500,4068.4987875976562,55.49795150756836,0.21929487586021423,3.2612767219543457,11.314000129699707,0.7316634654998779,295.9271545410156,850.8999633789062,77.560973,12.8894279
1765986896340600300,4068.7356003417967,45.85039138793945,0.23404724895954132,3.2612767219543457,10.904000282287598,0.7490596771240234,295.03521728515625,850.8999633789062,77.5609707,12.8894553
1765986896905939700,4069.3009396972657,47.022789001464844,0.2760796844959259,3.2612767219543457,10.60200023651123,0.7258018851280212,261.0578918457031,850.8999633789062,77.5609693,12.889457
1765986896933042400,4069.328042480469,47.351531982421875,0.2666829526424408,3.204040765762329,10.15999984741211,0.7067604064941406,257.5162048339844,850.8999633789062,77.5609698,12.8894565
1765986897342439200,4069.7374392089846,46.63165283203125,0.2719666659832001,3.204040765762329,9.704999923706055,0.6788197159767151,230.51370239257812,850.8999633789062,77.5609682,12.8894555
1765986897932508700,4070.3275087890624,46.3505973815918,0.2955684959888458,3.1101810932159424,9.51099967956543,0.6436502933502197,189.59796142578125,850.8999633789062,77.5609669,12.8894522
1765986898488082700,4070.883082763672,45.70962905883789,0.28240227699279785,3.1101810932159424,8.756999969482422,0.6038641929626465,157.0192413330078,850.8999633789062,77.5609683,12.8894489
1765986898932550700,4071.3275505371093,45.396568298339844,0.2865868806838989,2.6791326999664307,8.086000442504883,0.5709787011146545,126.63560485839844,850.8999633789062,77.5609704,12.8894468
1765986899301675300,4071.696675292969,43.37738800048828,0.279300719499588,2.6791326999664307,7.973999977111816,0.4891650974750519,97.62076568603516,850.8999633789062,77.5609724,12.8894464
1765986899932371000,4072.3273708496095,43.24505615234375,0.2944432497024536,2.992558717727661,7.451000213623047,0.4631507098674774,54.224491119384766,850.8999633789062,77.5609751,12.8894468
1765986900933132800,4073.3281328125,42.664649963378906,0.2532615065574646,2.714254856109619,6.9679999351501465,0.35372650623321533,42.39834976196289,850.8999633789062,77.5609776,12.8894492
1765986901932561400,4074.3275615234375,48.65778350830078,0.20282511413097382,2.6146790981292725,6.909999847412109,0.2435489296913147,60.284523010253906,850.8999633789062,77.5609784,12.8894497
1765986902932535600,4075.327535644531,48.223270416259766,0.18637274205684662,2.6108193397521973,6.839000225067139,0.17213991284370422,60.6532096862793,850.8999633789062,77.5609786,12.8894486
1765986903932450000,4076.3274499511717,46.770904541015625,0.167707160115242,2.5557515621185303,6.828999996185303,0.14845553040504456,57.9808235168457,850.8999633789062,77.5609769,12.8894444
1765986904932430800,4077.327430908203,51.34991455078125,0.1412641555070877,2.5812535285949707,6.855000019073486,0.11489593237638474,60.075565338134766,850.8999633789062,77.560975,12.8894388
1765986905457774000,4077.8527741699218,0,0.09108411520719528,1.836470127105713,6.76800012588501,0.061469852924346924,0,850.8999633789062,77.5609745,12.8894351
1765986905933101000,4078.328101074219,0,0.0918196365237236,1.9266912937164307,6.559999942779541,0.06484139710664749,0,850.8999633789062,77.5609765,12.8894488
1765986906934036500,4079.329036376953,0,0.08978106826543808,2.0894877910614014,6.315999984741211,0.06645424664020538,0,850.8999633789062,77.5609762,12.8894505
1765986907932429000,4080.327428955078,0,0.09022662788629532,2.11779522895813,6.03000020980835,0.06608935445547104,0,850.8999633789062,77.5609762,12.88945
1765986908932925200,4081.3279252929688,0,0.1221042200922966,2.2781310081481934,5.510000228881836,0.09813594073057175,0,850.8999633789062,77.5609766,12.889451
1765986909932607000,4082.327606933594,49.68051528930664,0.12652085721492767,2.2598466873168945,5.289000034332275,0.10771811008453369,60.32753372192383,850.8999633789062,77.5609769,12.8894503
1765986910932736500,4083.3277365722656,0,0.09558556973934174,2.270890235900879,5.336999893188477,0.06815299391746521,0,850.8999633789062,77.5609773,12.8894497
1765986911932674600,4084.3276745605467,0,0.09391744434833527,2.2484145164489746,5.447999954223633,0.06626204401254654,0,850.8999633789062,77.5609779,12.8894474
1765986912932778200,4085.3277783203125,0,0.09433232992887497,2.298261880874634,5.513999938964844,0.07018426805734634,0,850.8999633789062,77.5609787,12.8894466
1765986913932840400,4086.3278403320314,0,0.11593475192785263,2.260371685028076,5.489999771118164,0.09659453481435776,0,850.8999633789062,77.5609782,12.8894421
1765986914883161600,4087.2781616210937,0,0.12054480612277985,1.7849456071853638,5.478000164031982,0.09938418120145798,0,850.8999633789062,77.5609781,12.889442
1765986914932757500,4087.327757568359,0,0.11234010756015778,1.7566224336624146,5.49399995803833,0.09307932108640671,0,850.8999633789062,77.5609759,12.8894613
1765986915933038300,4088.328038330078,0,0.08992954343557358,1.7804876565933228,5.520999908447266,0.06630328297615051,0,850.8999633789062,77.5609763,12.8894615
1765986916932213500,4089.327213623047,0,0.08704089373350143,2.707692861557007,5.564000129699707,0.06022786721587181,0,850.8999633789062,77.5609778,12.8894612
1765986917932309800,4090.327309814453,0,0.0907805785536766,2.8802809715270996,5.589000225067139,0.06068181246519089,0,850.8999633789062,77.5609781,12.889459
1765986918932460500,4091.327460449219,0,0.07050337642431259,2.8823094367980957,6.289000034332275,0.06051831319928169,0,850.8999633789062,77.5609718,12.8894332
1765986919932211200,4092.3272111816405,45,0.07054290920495987,2.8800137042999268,7.048999786376953,0.6585792303085327,191.60281372070312,850.8999633789062,77.5609683,12.8894195
1765986920932304100,4093.327304199219,45,0.07076805830001831,2.7398693561553955,7.841000080108643,0.6048837304115295,193.1324920654297,850.8999633789062,77.560967,12.8894146
1765986921932338000,4094.327337890625,45,0.07040449231863022,2.7339346408843994,9.116000175476074,0.32079532742500305,193.70205688476562,850.8999633789062,77.5609668,12.8894139
1765986922933158100,4095.328158203125,45,0.0705043375492096,2.8311407566070557,9.9350004196167,0.12906740605831146,194.1325225830078,850.8999633789062,77.5609669,12.8894142
1765986923932205800,4096.327205810547,0,0.07051899284124374,2.7300167083740234,9.9350004196167,0.035041484981775284,0,850.8999633789062,77.5609669,12.8894146
1765986924932310300,4097.327310302734,0,0.08409473299980164,2.988870143890381,9.9350004196167,0.03383888676762581,0,850.8999633789062,77.5609668,12.8894154
1765986925932373000,4098.327373046875,0,0.15163613855838776,2.651211977005005,9.9350004196167,0.039528101682662964,0,850.8999633789062,77.5609667,12.8894158
1765986926932439000,4099.327438964844,0,0.09170603007078171,2.1268503665924072,9.9350004196167,0.02247394621372223,0,850.8999633789062,77.5609667,12.8894159
1765986927932267800,4100.327267822266,0,0.18564239144325256,2.065249443054199,9.9350004196167,0.014469878748059273,0,850.8999633789062,77.5609667,12.8894159
1765986928932348700,4101.327348632813,0,0.07480701804161072,2.0720646381378174,9.9350004196167,0.006647611036896706,0,850.8999633789062,77.5609667,12.8894159
1765986929932424400,4102.327424560547,0,0.10580118745565414,2.0805509090423584,9.9350004196167,0.0023876731283962727,0,850.8999633789062,77.5609667,12.8894159
1765986930932522800,4103.327522705078,0,0.23316866159439087,2.1702213287353516,9.9350004196167,0.0006283979746513069,0,850.8999633789062,77.5609667,12.8894159
1765986931932507000,4104.327506835937,0,0.31108543276786804,2.2962708473205566,9.9350004196167,0.00007320476288441569,0,850.8999633789062,77.5609667,12.8894159
1765986932932406500,4105.327406494141,0,0.4024789333343506,2.332876682281494,9.9350004196167,0.00005994642560835928,0,850.8999633789062,77.5609667,12.8894159
1765986933932245800,4106.327245849609,0,0.1590326577425003,2.591885805130005,9.9350004196167,0.000050164657295681536,0,850.8999633789062,77.5609667,12.8894159
1765986934932744200,4107.327744140625,0,0.08891382068395615,2.5227832794189453,9.9350004196167,0.03067949414253235,0,850.8999633789062,77.5609666,12.8894164
1765986935932777500,4108.3277775878905,0,0.12086503952741623,2.0887749195098877,9.9350004196167,0.0316348522901535,0,850.8999633789062,77.5609666,12.8894167
1765986936932871700,4109.327871582032,0,0.19850370287895203,2.1431362628936768,9.9350004196167,0.017411639913916588,0,850.8999633789062,77.5609666,12.8894167
1765986937932515800,4110.32751586914,0,0.11008373647928238,2.1359658241271973,9.9350004196167,0.007235149387270212,0,850.8999633789062,77.5609666,12.8894167
1765986938932442400,4111.3274423828125,0,0.07258978486061096,2.13663649559021,9.9350004196167,0.002326376037672162,0,850.8999633789062,77.5609666,12.8894167
1765986939932382500,4112.327382568359,0,0.07092643529176712,2.1590611934661865,9.9350004196167,0.005539349280297756,0,850.8999633789062,77.5609666,12.8894168
1765986940932419800,4113.327419921875,0,0.07087061554193497,2.1443703174591064,9.9350004196167,0.006051648408174515,0,850.8999633789062,77.5609665,12.8894168
1765986941932537600,4114.327537597656,0,0.07067061215639114,2.9406237602233887,9.9350004196167,0.002176336944103241,0,850.8999633789062,77.5609666,12.8894168
1765986942932304100,4115.327304199219,0,0.07066445052623749,3.0740737915039062,9.9350004196167,0.0019030215917155147,0,850.8999633789062,77.5609666,12.8894168
1765986943932332800,4116.327332763672,0,0.07105614244937897,2.61149001121521,9.9350004196167,0.020720191299915314,0,850.8999633789062,77.5609665,12.8894171
1765986944932904000,4117.327904052734,0,0.0707714632153511,3.0689504146575928,9.9350004196167,0.02955329418182373,0,850.8999633789062,77.5609665,12.8894175
1765986945932672500,4118.327672607422,0,0.07083294540643692,2.839134693145752,9.9350004196167,0.022577017545700073,0,850.8999633789062,77.5609665,12.8894176
1765986946932766200,4119.3277661132815,0,0.07211392372846603,2.816107988357544,9.9350004196167,0.016253110021352768,0,850.8999633789062,77.5609665,12.8894177
1765986947932856600,4120.327856689453,0,0.12133404612541199,2.6658949851989746,9.9350004196167,0.009365307167172432,0,850.8999633789062,77.5609664,12.8894177
1765986948932630000,4121.327630126953,0,0.08835304528474808,2.6827445030212402,9.9350004196167,0.004576359875500202,0,850.8999633789062,77.5609664,12.8894177
1765986949932166700,4122.327166748047,0,0.07195007801055908,2.6675100326538086,9.9350004196167,0.0067304871045053005,0,850.8999633789062,77.5609665,12.8894178
1765986950932891100,4123.327891113281,0,0.07094849646091461,2.674006223678589,9.9350004196167,0.004655689466744661,0,850.8999633789062,77.5609665,12.8894178
1765986951932873200,4124.327873291016,0,0.07127734273672104,2.174391031265259,9.9350004196167,0.003806854598224163,0,850.8999633789062,77.5609664,12.8894178
1765986952932913400,4125.327913330078,0,0.07104270905256271,2.1239869594573975,9.9350004196167,0.0029294693376868963,0,850.8999633789062,77.5609664,12.8894178
1765986953932773600,4126.327773681641,0,0.07026444375514984,2.789990186691284,9.9350004196167,0.036083634942770004,0,850.8999633789062,77.5609663,12.8894184
1765986954932518400,4127.327518310547,0,0.07074245810508728,2.970698833465576,9.9350004196167,0.041080620139837265,0,850.8999633789062,77.5609662,12.8894188
1765986955932938200,4128.327938232422,0,0.07055753469467163,3.0626420974731445,9.9350004196167,0.02814168483018875,0,850.8999633789062,77.5609662,12.8894189
1765986956932664000,4129.3276640625,0,0.07060893625020981,3.1714353561401367,9.9350004196167,0.01329592801630497,0,850.8999633789062,77.5609662,12.8894189
1765986957932558000,4130.327558105469,0,0.13331915438175201,3.194037914276123,9.9350004196167,0.009909553453326225,0,850.8999633789062,77.5609662,12.889419
1765986958932310000,4131.327310058594,0,0.18081067502498627,3.348971366882324,9.9350004196167,0.009935527108609676,0,850.8999633789062,77.5609662,12.8894191
1765986959846394000,4132.241394042969,0,0.11450903862714767,3.348971366882324,9.840999603271484,0.08945615589618683,0,850.8999633789062,77.5609649,12.8894235
1765986959932168000,4132.32716796875,106.68145751953125,0.13855935633182526,3.3253064155578613,9.708000183105469,0.11314717680215836,201.18128967285156,850.8999633789062,77.5609646,12.8894251
1765986960519933200,4132.914933105469,103.2029037475586,0.1629868745803833,3.3253064155578613,9.545999526977539,0.1353427767753601,194.07249450683594,850.8999633789062,77.5609645,12.8894257
1765986960932516400,4133.327516357422,180,0.15450622141361237,2.825352430343628,9.152999877929688,0.13093554973602295,112.10862731933594,850.8999633789062,77.560964,12.8894246
1765986961001927400,4133.396927490235,180,0.15450622141361237,2.825352430343628,8.711999893188477,0.13252170383930206,101.41693115234375,850.8999633789062,77.5609639,12.8894244
1765986961932469200,4134.327469238281,180,0.17106129229068756,2.8695123195648193,8.340999603271484,0.1469815969467163,92.52008819580078,850.8999633789062,77.5609641,12.8894225
1765986962559366400,4134.954366455078,180,0.1621045470237732,3.463880777359009,8.036999702453613,0.1343480497598648,90,850.8999633789062,77.5609635,12.8894211
1765986962932413700,4135.327413574219,180,0.1772627830505371,3.4575247764587402,7.565999984741211,0.16124297678470612,90,850.8999633789062,77.560964,12.8894211
1765986963932814300,4136.327814453125,180,0.1640835702419281,3.213613271713257,6.960000038146973,0.14494791626930237,89.98120880126953,850.8999633789062,77.560964,12.8894214
1765986964932612000,4137.327612060547,0,0.12770584225654602,3.21684193611145,6.056000232696533,0.09808814525604248,0,850.8999633789062,77.5609642,12.8894216
1765986965932706800,4138.3277067871095,0,0.10660932213068008,3.927161931991577,5.390999794006348,0.07632927596569061,0,850.8999633789062,77.5609633,12.8894222
1765986966932784400,4139.327784423828,0,0.12136705964803696,3.9276814460754395,5.178999900817871,0.09765132516622543,0,850.8999633789062,77.5609629,12.8894227
1765986967932707000,4140.32770703125,0,0.11525365710258484,3.9632294178009033,5.191999912261963,0.09593735635280609,0,850.8999633789062,77.5609627,12.8894238
1765986968932571100,4141.327571044922,0,0.09563203901052475,3.9715123176574707,5.2220001220703125,0.07340006530284882,0,850.8999633789062,77.5609629,12.8894231
1765986969932958700,4142.327958740234,0,0.09622634202241898,4.207058429718018,5.348999977111816,0.06434128433465958,0,850.8999633789062,77.5609627,12.8894221
1765986970040266800,4142.435266845703,0,0.09622634202241898,4.207058429718018,5.388999938964844,0.06414946168661118,0,850.8999633789062,77.5609626,12.8894219
1765986970682956500,4143.077956542968,121.37501525878906,0.13407471776008606,4.207058429718018,5.443999767303467,0.10534393042325974,283.3800354003906,850.8999633789062,77.5609626,12.8894225
1765986970932863500,4143.327863525391,180,0.13166159391403198,4.198402404785156,5.474999904632568,0.10275430232286453,89.89983367919922,850.8999633789062,77.5609631,12.8894225
1765986971932508700,4144.327508789062,180,0.14036639034748077,4.106290340423584,5.442999839782715,0.13055777549743652,89.99977111816406,850.8999633789062,77.560964,12.8894225
1765986972098452500,4144.493452392579,180,0.14036639034748077,2.846494436264038,5.419000148773193,0.1305675208568573,90,850.8999633789062,77.560964,12.8894225
1765986972932424200,4145.327424072266,110.89624786376953,0.16027124226093292,2.7135961055755615,5.421000003814697,0.15330444276332855,68.61431884765625,850.8999633789062,77.5609661,12.8894328
1765986973932832500,4146.3278325195315,114.56293487548828,0.1436551809310913,3.384800672531128,5.408999919891357,0.13607153296470642,75.72086334228516,850.8999633789062,77.5609667,12.8894331
1765986974932319000,4147.327319091797,180,0.13752864301204681,3.3715226650238037,5.375,0.11878534406423569,87.36083984375,850.8999633789062,77.5609673,12.8894325
1765986975932260900,4148.327260742188,0,0.12098540365695953,2.938498020172119,5.2170000076293945,0.09288374334573746,0,850.8999633789062,77.5609681,12.8894317
1765986976932684500,4149.327684570312,114.7752914428711,0.11900468915700912,2.9090144634246826,5.211999893188477,0.1046142578125,108.87572479248047,850.8999633789062,77.5609684,12.8894313
1765986977932439600,4150.327439453125,180,0.12535856664180756,2.9092907905578613,5.291999816894531,0.1098649725317955,90.03717803955078,850.8999633789062,77.5609678,12.8894322
1765986978932701400,4151.327701416016,0,0.08867715299129486,2.9147732257843018,5.323999881744385,0.05776305869221687,0,850.8999633789062,77.5609678,12.8894326
1765986979932461000,4152.3274609375,0,0.09065988659858704,3.067870616912842,5.360000133514404,0.05628152936697006,0,850.8999633789062,77.5609694,12.8894328
1765986980932330000,4153.327330078125,0,0.09011078625917435,3.1470437049865723,5.308000087738037,0.06320760399103165,0,850.8999633789062,77.5609691,12.8894318
1765986981523991300,4153.918991210938,0,0.08933190256357193,2.8804237842559814,5.276000022888184,0.0597558319568634,0,850.8999633789062,77.5609695,12.8894312
1765986981933125400,4154.328125488281,0,0.07157158851623535,2.937753438949585,6.039999961853027,0.0596037432551384,0,850.8999633789062,77.5609664,12.8894235
1765986982932530400,4155.327530517578,0,0.07096400856971741,2.923891544342041,7.1020002365112305,0.08949119597673416,0,850.8999633789062,77.5609657,12.8894226
1765986983933100000,4156.328100097656,0,0.0709017962217331,3.5508272647857666,7.992000102996826,0.04940737038850784,0,850.8999633789062,77.5609655,12.8894225
1765986984932819500,4157.327819335937,0,0.07064147293567657,3.2244224548339844,8.947999954223633,0.018582699820399284,0,850.8999633789062,77.5609654,12.8894226
1765986985932899300,4158.327899414063,0,0.07142898440361023,3.252078056335449,9.9350004196167,0.006070174742490053,0,850.8999633789062,77.5609655,12.8894227
1765986986932935700,4159.327935791016,0,0.0717024877667427,3.292634963989258,9.9350004196167,0.0017317718593403697,0,850.8999633789062,77.5609655,12.8894227
1765986987932887800,4160.327887695313,0,0.07060921937227249,3.2970705032348633,9.9350004196167,0.0006389985792338848,0,850.8999633789062,77.5609655,12.8894227
1765986988932913400,4161.327913330078,0,0.07127027958631516,3.08544921875,9.9350004196167,0.007244515232741833,0,850.8999633789062,77.5609654,12.8894228
1765986989932863500,4162.327863525391,0,0.07082832604646683,3.1030447483062744,9.9350004196167,0.005007809028029442,0,850.8999633789062,77.5609654,12.8894228
1765986990932929300,4163.3279291992185,0,0.07104691118001938,3.6698617935180664,9.9350004196167,0.0023750695399940014,0,850.8999633789062,77.5609654,12.8894228
1765986991932922400,4164.327922363282,0,0.07090237736701965,3.6779515743255615,9.9350004196167,0.0364300012588501,0,850.8999633789062,77.5609653,12.8894234
1765986992932947000,4165.327947021485,0,0.07095739990472794,2.630215883255005,9.9350004196167,0.03538128361105919,0,850.8999633789062,77.5609653,12.8894237
1765986993932945700,4166.327945556641,0,0.07058169692754745,2.8722636699676514,9.9350004196167,0.019138189032673836,0,850.8999633789062,77.5609653,12.8894238
1765986994932917500,4167.327917480468,0,0.07084383815526962,2.8738198280334473,9.9350004196167,0.012896507047116756,0,850.8999633789062,77.5609653,12.8894238
1765986995932914200,4168.3279140625,0,0.07112204283475876,2.8709514141082764,9.9350004196167,0.006043870933353901,0,850.8999633789062,77.5609653,12.8894238
1765986996932827600,4169.327827636719,0,0.07612790912389755,2.913156747817993,9.9350004196167,0.002206558594480157,0,850.8999633789062,77.5609653,12.8894238
1765986997932928500,4170.327928466797,0,0.07060620933771133,2.6603779792785645,9.9350004196167,0.0005930548650212586,0,850.8999633789062,77.5609653,12.8894238
1765986998932613400,4171.32761328125,0,0.07574822008609772,3.2312817573547363,9.9350004196167,0.005119081120938063,0,850.8999633789062,77.5609653,12.8894239
1765986999932808200,4172.327808105469,0,0.09444490075111389,3.244973659515381,9.9350004196167,0.0035119829699397087,0,850.8999633789062,77.5609653,12.8894239
1765987000932388900,4173.3273889160155,0,0.07312086224555969,2.895589828491211,9.9350004196167,0.0016600769013166428,0,850.8999633789062,77.5609653,12.8894239
1765987001932196000,4174.327196044922,0,0.07071386277675629,2.9669182300567627,9.9350004196167,0.030769750475883484,0,850.8999633789062,77.5609651,12.8894243
1765987002932546300,4175.3275463867185,0,0.07069139182567596,2.7865400314331055,9.9350004196167,0.039381615817546844,0,850.8999633789062,77.560965,12.8894247
1765987003932243500,4176.327243408203,0,0.07069969177246094,2.918175220489502,9.9350004196167,0.033882398158311844,0,850.8999633789062,77.560965,12.889425
1765987004932914700,4177.3279147949215,0,0.07070374488830566,2.922642230987549,9.9350004196167,0.026565635576844215,0,850.8999633789062,77.560965,12.889425
1765987005932777000,4178.327776855469,0,0.07061339169740677,2.991253614425659,9.9350004196167,0.022292619571089745,0,850.8999633789062,77.560965,12.8894251
1765987006932609500,4179.32760961914,0,0.07070112973451614,2.9915847778320312,9.9350004196167,0.018230702728033066,0,850.8999633789062,77.560965,12.8894251
1765987007932359700,4180.32735961914,0,0.1487303525209427,3.0152039527893066,9.9350004196167,0.015167169272899628,0,850.8999633789062,77.5609649,12.8894251
1765987008932249600,4181.327249511719,0,0.0705072209239006,3.6083664894104004,9.9350004196167,0.013592559844255447,0,850.8999633789062,77.5609649,12.8894252
1765987009932198000,4182.327197998047,0,0.07040717452764511,3.5982048511505127,9.9350004196167,0.011715687811374664,0,850.8999633789062,77.5609649,12.8894252
1765987010932171000,4183.3271708984375,0,0.07031483948230743,3.314866542816162,9.9350004196167,0.01031381357461214,0,850.8999633789062,77.5609649,12.8894252
1765987011932387800,4184.327387939453,0,0.07040400803089142,3.3790974617004395,9.9350004196167,0.004544655326753855,0,850.8999633789062,77.5609649,12.8894251
1765987012932851000,4185.327850830078,0,0.07051596790552139,3.4747886657714844,9.9350004196167,0.040151793509721756,0,850.8999633789062,77.5609648,12.8894258
1765987013932869400,4186.327869384766,0,0.07054170221090317,3.4620983600616455,9.9350004196167,0.038339968770742416,0,850.8999633789062,77.5609648,12.8894261
1765987014932929300,4187.3279291992185,0,0.07062424719333649,3.4707913398742676,9.9350004196167,0.021566426381468773,0,850.8999633789062,77.5609647,12.8894262
1765987015932388900,4188.3273889160155,0,0.0705534815788269,4.011189937591553,9.9350004196167,0.014057557098567486,0,850.8999633789062,77.5609647,12.8894262
1765987016932863700,4189.327863769531,0,0.07051245868206024,2.588534116744995,9.9350004196167,0.02144061028957367,0,850.8999633789062,77.5609647,12.8894265
1765987017932413400,4190.327413330078,0,0.07050733268260956,2.5746874809265137,9.9350004196167,0.028614994138479233,0,850.8999633789062,77.5609646,12.8894268
1765987018932903000,4191.327902832031,0,0.07050381600856781,2.8646461963653564,9.9350004196167,0.021727727726101875,0,850.8999633789062,77.5609646,12.8894269
1765987019932788700,4192.327788818359,0,0.07054592669010162,2.7943460941314697,9.9350004196167,0.020984932780265808,0,850.8999633789062,77.5609647,12.8894271
1765987020932864000,4193.327864013672,0,0.07064063102006912,2.82757830619812,9.9350004196167,0.026507316157221794,0,850.8999633789062,77.5609647,12.8894274
1765987021932686000,4194.327686035156,0,0.07068120688199997,2.988623857498169,9.9350004196167,0.020375274121761322,0,850.8999633789062,77.5609647,12.8894275
1765987022932742400,4195.32774243164,0,0.07065175473690033,3.3382198810577393,9.9350004196167,0.015185320749878883,0,850.8999633789062,77.5609647,12.8894276
1765987023932523300,4196.327523193359,0,0.07063702493906021,3.3348608016967773,9.9350004196167,0.012510913424193859,0,850.8999633789062,77.5609647,12.8894277
1765987024932436700,4197.327436767579,0,0.07064314931631088,3.334056854248047,9.9350004196167,0.011450923047959805,0,850.8999633789062,77.5609647,12.8894278
1765987025933118200,4198.328118164062,0,0.07065782696008682,2.927290678024292,9.9350004196167,0.005438855849206448,0,850.8999633789062,77.5609647,12.8894278
1765987026932882000,4199.327881835938,0,0.0706503763794899,2.7019169330596924,9.9350004196167,0.01433329563587904,0,850.8999633789062,77.5609647,12.889428
1765987027933148400,4200.3281484375,0,0.07064933329820633,2.725389003753662,9.9350004196167,0.017682507634162903,0,850.8999633789062,77.5609647,12.8894283
1765987028932936200,4201.327936279297,0,0.07065511494874954,2.8452858924865723,9.9350004196167,0.015237133018672466,0,850.8999633789062,77.5609647,12.8894283
1765987029932706300,4202.327706298828,0,0.07063985615968704,2.8677327632904053,9.9350004196167,0.012373226694762707,0,850.8999633789062,77.5609647,12.8894284
1765987030932823300,4203.327823242187,0,0.070632204413414,2.916170835494995,9.9350004196167,0.011537043377757072,0,850.8999633789062,77.5609647,12.8894284
1765987031932189000,4204.327188964844,0,0.07067347317934036,3.4673988819122314,9.9350004196167,0.01047010812908411,0,850.8999633789062,77.5609647,12.8894285
1765987032932765000,4205.327764892578,0,0.07077005505561829,3.984947443008423,9.9350004196167,0.005558722652494907,0,850.8999633789062,77.5609647,12.8894285
1765987033932441000,4206.32744116211,0,0.07078123092651367,3.7282283306121826,9.9350004196167,0.007206547074019909,0,850.8999633789062,77.5609647,12.8894286
1765987034933028600,4207.328028564453,0,0.07072923332452774,3.7700588703155518,9.9350004196167,0.004193947650492191,0,850.8999633789062,77.5609647,12.8894286
1765987035932258600,4208.327258544922,0,0.07064107805490494,3.888741970062256,9.9350004196167,0.0018087202915921807,0,850.8999633789062,77.5609647,12.8894286
1765987036932789200,4209.327789306641,0,0.0706738606095314,3.8945858478546143,9.9350004196167,0.0056575327180325985,0,850.8999633789062,77.5609647,12.8894287
1765987037932465000,4210.32746484375,0,0.07276072353124619,3.3764045238494873,9.9350004196167,0.003698449581861496,0,850.8999633789062,77.5609647,12.8894287
1765987038932184600,4211.327184570312,0,0.07069055736064911,3.373102903366089,9.9350004196167,0.006757884286344051,0,850.8999633789062,77.5609647,12.8894288
1765987039932871700,4212.327871582032,0,0.0707666277885437,3.4168035984039307,9.9350004196167,0.004171001259237528,0,850.8999633789062,77.5609647,12.8894288
1765987040932681200,4213.327681152344,0,0.07077251374721527,3.906679153442383,9.9350004196167,0.00186343549285084,0,850.8999633789062,77.5609647,12.8894288
1765987041932223700,4214.327223632812,0,0.07072766870260239,3.1440930366516113,9.9350004196167,0.03734096139669418,0,850.8999633789062,77.5609645,12.8894294
1765987042932841700,4215.327841796875,0,0.07067015767097473,3.3214519023895264,9.9350004196167,0.032375432550907135,0,850.8999633789062,77.5609644,12.8894296
1765987043932523000,4216.327522949219,0,0.0706360787153244,3.415269136428833,9.9350004196167,0.015605932101607323,0,850.8999633789062,77.5609645,12.8894296
1765987044933102300,4217.328102294922,0,0.07070516794919968,3.301088571548462,9.9350004196167,0.012449675239622593,0,850.8999633789062,77.5609646,12.8894297
1765987045932690200,4218.327690185547,0,0.07070966064929962,3.5098612308502197,9.9350004196167,0.0068272133357822895,0,850.8999633789062,77.5609646,12.8894297
1765987046932504000,4219.32750415039,0,0.07070916891098022,3.5099668502807617,9.9350004196167,0.003508574329316616,0,850.8999633789062,77.5609645,12.8894297
1765987047932529400,4220.327529296875,0,0.07071010023355484,3.7618300914764404,9.9350004196167,0.006228110287338495,0,850.8999633789062,77.5609645,12.8894298
1765987048932390000,4221.327389892578,0,0.07070855051279068,3.7064809799194336,9.9350004196167,0.0036383559927344322,0,850.8999633789062,77.5609645,12.8894298
1765987049932303400,4222.327303466797,0,0.0707097053527832,3.6964211463928223,9.9350004196167,0.0020743911154568195,0,850.8999633789062,77.5609645,12.8894298
1765987050932222000,4223.327221923828,0,0.07070985436439514,3.214038372039795,9.9350004196167,0.011951738968491554,0,850.8999633789062,77.5609645,12.8894301
1765987051932638700,4224.327638671875,0,0.07070887833833694,3.3513269424438477,9.9350004196167,0.018139448016881943,0,850.8999633789062,77.5609644,12.8894304
1765987052932517400,4225.327517333984,0,0.07071038335561752,3.437556266784668,9.9350004196167,0.01880973018705845,0,850.8999633789062,77.5609644,12.8894306
1765987053932271600,4226.327271728515,0,0.07070937007665634,3.465452194213867,9.9350004196167,0.01822216622531414,0,850.8999633789062,77.5609644,12.8894307
1765987054932237300,4227.3272373046875,0,0.07517359405755997,3.4845786094665527,9.9350004196167,0.011298525147140026,0,850.8999633789062,77.5609644,12.8894307
1765987055932182500,4228.327182617188,0,0.07070113718509674,3.7009904384613037,9.9350004196167,0.004345849622040987,0,850.8999633789062,77.5609644,12.8894307
1765987056932455700,4229.327455566407,0,0.07070353627204895,3.701447010040283,9.9350004196167,0.006177058443427086,0,850.8999633789062,77.5609644,12.8894308
1765987057932733400,4230.327733398438,0,0.07070314884185791,4.250554084777832,9.9350004196167,0.0036656316369771957,0,850.8999633789062,77.5609644,12.8894308
1765987058932323600,4231.327323486328,0,0.07058145850896835,4.2568039894104,9.9350004196167,0.011870203539729118,0,850.8999633789062,77.5609642,12.8894309
1765987059932780000,4232.327780029297,0,0.07070703059434891,4.027772903442383,9.9350004196167,0.008050312288105488,0,850.8999633789062,77.5609642,12.8894309
1765987060668553500,4233.063553466797,180,0.32461631298065186,3.5040345191955566,14.036999702453613,0.3009740710258484,87.39900207519531,850.8999633789062,77.5609651,12.8894506
1765987060932470500,4233.327470458984,180,0.2679516077041626,3.59924578666687,15.776000022888184,0.26682737469673157,89.82772827148438,850.8999633789062,77.5609661,12.8894565
