time,seconds_elapsed,bearingAccuracy,speedAccuracy,verticalAccuracy,horizontalAccuracy,speed,bearing,altitude,longitude,latitude
1766302536830000000,4.265000244140625,0,1.5,7.469775676727295,100,0,0,796,77.5721511,12.9758239
1766302541833000000,9.268,0,1.5,7.469775676727295,100,0,0,796,77.5721511,12.9758239
1766302547352000000,14.787,0,1.5,7.469775676727295,100,0,0,796,77.5721511,12.9758239
1766302553037000000,20.472,0,1.5,7.469775676727295,100,0,0,796,77.5721511,12.9758239
1766302558041000000,25.476,0,1.5,7.469775676727295,100,0,0,796,77.5721511,12.9758239
1766302568363000000,35.798,45,1.5,7.469775676727295,100,2.9726016521453857,87.17897033691406,796,77.5724844,12.9758399
1766302578489000000,45.924,45,1.5,7.469775676727295,100,0.13349297642707825,87.17897033691406,796,77.5722767,12.9758299
1766302675836000000,143.271,0,0,7.469775676727295,100,0,0,796,77.5846874,12.9750153
1766302681403000000,148.838,0,0,7.469775676727295,100,0,0,796,77.5846874,12.9750153
1766302686960000000,154.395,0,0,7.469775676727295,100,0,0,796,77.5846874,12.9750153
1766302692060000000,159.495,0,0,7.469775676727295,100,0,0,796,77.5846874,12.9750153
1766302765070000000,232.50500024414063,0,0,7.469775676727295,100,0,0,796,77.6018778,12.9776088
1766302770152000000,237.587,0,0,7.469775676727295,100,0,0,796,77.6018778,12.9776088
1766302775726000000,243.16100024414064,0,0,7.469775676727295,100,0,0,796,77.6018778,12.9776088
1766302781298000000,248.73299975585937,0,0,7.469775676727295,100,0,0,796,77.6018778,12.9776088
1766302786880000000,254.315,0,0,7.469775676727295,100,0,0,796,77.6018778,12.9776088
1766302791975000000,259.41,0,0,7.469775676727295,100,0,0,796,77.5925667,12.9796331
1766302797519000000,264.954,0,0,7.469775676727295,100,0,0,796,77.5925667,12.9796331
1766302802995000000,270.43,0,0,7.469775676727295,100,0,0,796,77.5925667,12.9796331
1766302807999000000,275.434,0,0,7.469775676727295,100,0,0,796,77.5925667,12.9796331
1766302813526000000,280.9610002441406,0,0,7.469775676727295,100,0,0,796,77.5925667,12.9796331
1766302818534000000,285.9690002441406,0,0,7.469775676727295,100,0,0,796,77.5925667,12.9796331
1766302823628000000,291.063,0,0,7.469775676727295,100,0,0,796,77.6018778,12.9776088
1766302828633000000,296.068,0,0,7.469775676727295,100,0,0,796,77.6018778,12.9776088
1766302834254000000,301.68900024414063,0,0,7.469775676727295,100,0,0,796,77.6018778,12.9776088
1766302839258000000,306.6929997558594,0,0,7.469775676727295,100,0,0,796,77.6018778,12.9776088
1766302844808000000,312.243,0,0,7.469775676727295,100,0,0,796,77.6018778,12.9776088
1766302849809000000,317.244,0,0,7.469775676727295,100,0,0,796,77.6018778,12.9776088
1766302860082000000,327.5169997558594,0,0,7.469775676727295,100,0,0,796,77.6018778,12.9776088
1766302865625000000,333.06,0,0,7.469775676727295,100,0,0,796,77.6018778,12.9776088
1766302870629000000,338.064,0,0,7.469775676727295,100,0,0,796,77.6008035,12.9789699
1766302875886000000,343.32100024414063,0,0,7.469775676727295,100,0,0,796,77.6008035,12.9786167
1766302881402000000,348.8369997558594,0,0,7.469775676727295,100,0,0,796,77.6008035,12.9786167
1766302886478000000,353.9130002441406,0,0,11.324687957763672,84.8499984741211,0,0,843,77.5978122,12.980799
1766302892014000000,359.4490002441406,0,0,11.324687957763672,118.06500244140625,0,0,843,77.5978122,12.980799
1766302897112000000,364.547,0,0,10.400625228881836,76.9020004272461,0,0,843,77.5978113,12.9808021
1766302902575000000,370.01,0,0,10.400625228881836,109.68000030517578,0,0,843,77.5978113,12.9808021
1766302908120000000,375.555,0,0,10.400625228881836,142.9499969482422,0,0,843,77.5978113,12.9808021
1766302913396000000,380.831,0,0,10.400625228881836,174.6060028076172,0,0,843,77.5978113,12.9808021
1766302918653000000,386.088,0,0,10.400625228881836,206.1479949951172,0,0,843,77.5978113,12.9808021
1766302925891000000,393.326,0,0,10.400625228881836,249.5760040283203,0,0,843,77.5978113,12.9808021
1766302931411000000,398.846,0,0,10.400625228881836,282.69500732421875,0,0,843,77.5978113,12.9808021
1766302938628000000,406.063,0,0,10.400625228881836,325.99798583984375,0,0,843,77.5978113,12.9808021
1766302945861000000,413.296,0,0,10.400625228881836,369.39599609375,0,0,843,77.5978113,12.9808021
1766302953079000000,420.514,0,0,10.400625228881836,412.7040100097656,0,0,843,77.5978113,12.9808021
1766302960304000000,427.739,0,0,10.400625228881836,456.0539855957031,0,0,843,77.5978113,12.9808021
1766302967524000000,434.959,0,0,10.400625228881836,100,0,0,843,77.6015197,12.9793576
1766302974737000000,442.172,0,0,10.400625228881836,200,0,0,843,77.6033103,12.9769713
1766302979747000000,447.182,0,0,10.400625228881836,100,0,0,843,77.6025941,12.9765836
1766302987088596200,454.5235961914062,10.64035415649414,1.3338731527328491,11.30039119720459,41.284000396728516,8.109999656677246,112,843,77.6025494,12.9767217
1766302988088935000,455.5239348144531,27.428115844726562,3.6691091060638428,16.622013092041016,33.46200180053711,8.369999885559082,112,845.8999633789062,77.6024321,12.9766315
1766302989089129000,456.52412890625,16.712326049804688,3.7463788986206055,16.632015228271484,30.92300033569336,8.369999885559082,111,845.8999633789062,77.6025089,12.9766228
1766302990089215000,457.52421508789064,29.714567184448242,3.9775288105010986,16.64201545715332,29.82699966430664,8.300000190734863,110,845.8999633789062,77.6025794,12.9766016
1766302990762000000,458.1969997558594,0,0,4.401733875274658,30.285999298095703,0,0,846.2000122070312,77.6025794,12.9766016
1766302996089171000,463.5241708984375,17.85378074645996,2.511850118637085,4.455005645751953,29.530000686645508,8.949999809265137,102,846.2000122070312,77.6029966,12.9765733
1766302997089211400,464.52421142578123,21.57219123840332,2.86466646194458,15.036091804504395,30.631999969482422,8.760000228881836,105,845.7999877929688,77.6029945,12.9764684
1766302998088308000,465.52330786132814,24.387432098388672,3.1647393703460693,15.046083450317383,32.41699981689453,8.760000228881836,105,845.7999877929688,77.6030725,12.9764482
1766302999088524300,466.52352416992187,26.83432388305664,3.420212745666504,15.056085586547852,34.500999450683594,8.760000228881836,105,845.7999877929688,77.6031505,12.976428
1766303000088648700,467.5236486816406,29.009899139404297,3.6576669216156006,15.066086769104004,36.816001892089844,8.75,105,845.7999877929688,77.6032285,12.9764078
1766303001088912600,468.52391259765625,9.76107406616211,1.6759679317474365,15.076088905334473,34.409000396728516,9.390000343322754,104,845.7999877929688,77.6033257,12.9763199
1766303002089084200,469.5240842285156,14.603596687316895,2.1361842155456543,15.086091041564941,33.19599914550781,9.399999618530273,104,845.7999877929688,77.60341,12.9762992
1766303003089098500,470.52409838867186,18.124244689941406,2.5601587295532227,15.096091270446777,31.111000061035156,9.399999618530273,104,845.7999877929688,77.603494,12.9762783
1766303004088949000,471.52394897460937,17.20760154724121,2.38132381439209,15.10608959197998,27.426000595092773,9.039999961853027,100,845.7999877929688,77.6035642,12.9762969
1766303005088923100,472.52392309570314,20.476030349731445,2.712185859680176,15.1160888671875,22.792999267578125,9.039999961853027,100,845.7999877929688,77.603646,12.9762814
1766303006088279300,473.523279296875,23.216524124145508,3.0570080280303955,15.126082420349121,23.010000228881836,9.039999961853027,100,845.7999877929688,77.6037277,12.9762658
1766303007089229300,474.5242292480469,16.625486373901367,2.2769014835357666,15.136092185974121,22.63599967956543,8.59000015258789,100,845.7999877929688,77.6038004,12.9762524
1766303008088374800,475.5233747558594,20.342832565307617,2.6210126876831055,15.14608383178711,22.268999099731445,8.59000015258789,100,845.7999877929688,77.6038783,12.9762386
1766303009088541200,476.52354125976564,23.387155532836914,2.9764626026153564,15.156085968017578,21.827999114990234,8.59000015258789,100,845.7999877929688,77.6039561,12.9762247
1766303010088725500,477.5237255859375,14.154168128967285,2.1882858276367188,15.16608715057373,20.715999603271484,9.479999542236328,96,845.7999877929688,77.6039854,12.9762346
1766303011088728600,478.523728515625,17.629592895507812,2.544398784637451,15.176087379455566,18.514999389648438,9.470000267028809,96,845.7999877929688,77.604072,12.9762231
1766303012088305000,479.5233049316406,13.80014705657959,2.3546528816223145,15.18608283996582,17.834999084472656,10.90999984741211,100,845.7999877929688,77.6041635,12.9762138
1766303013089105200,480.5241052246094,10.45975112915039,1.9469528198242188,15.196090698242188,15.640000343322754,11.0600004196167,106,845.7999877929688,77.6042411,12.9761466
1766303014088344300,481.52334423828125,11.59570026397705,1.987213373184204,15.206083297729492,14.454000473022461,11.079999923706055,104,845.7999877929688,77.6043049,12.9761118
1766303015088993000,482.52399291992185,8.04287052154541,1.8501042127609253,15.216090202331543,11.920999526977539,12.75,103,845.7999877929688,77.6044754,12.9760866
1766303016088209700,483.5232097167969,9.969646453857422,1.8340206146240234,15.226081848144531,11.795999526977539,11.90999984741211,103,845.7999877929688,77.6045553,12.9760504
1766303017088379600,484.5233796386719,12.035415649414062,2.22239351272583,15.236083984375,10.902999877929688,11.9399995803833,103,845.7999877929688,77.6046623,12.9760254
1766303018088336000,485.5233359375,13.901515007019043,2.6154327392578125,15.24608325958252,11.746999740600586,12.149999618530273,103,845.7999877929688,77.604774,12.9759962
1766303019089187800,486.52418774414065,9.548386573791504,2.0251564979553223,15.256092071533203,12.291000366210938,13.0600004196167,104,845.7999877929688,77.6048332,12.9758916
1766303020088358700,487.5233586425781,9.618101119995117,2.0322914123535156,15.266083717346191,12.182999610900879,13.119999885559082,105,845.7999877929688,77.6049608,12.9758499
1766303021088399000,488.5233991699219,10.310515403747559,2.174792528152466,15.276083946228027,13.079000473022461,13.640000343322754,104,845.7999877929688,77.6050939,12.9758164
1766303022089227800,489.5242277832031,11.27855110168457,2.4178473949432373,15.286092758178711,13.192999839782715,14.1899995803833,103,845.7999877929688,77.6052197,12.9757936
1766303023088506400,490.5235063476562,9.854013442993164,2.1867284774780273,15.296085357666016,12.295000076293945,14.34000015258789,102,845.7999877929688,77.6053499,12.975764
1766303024088404200,491.523404296875,5.9400529861450195,1.5188547372817993,15.306083679199219,11.595999717712402,13.579999923706055,103,845.7999877929688,77.6054687,12.9756862
1766303025089150200,492.5241501464844,8.138263702392578,1.7799699306488037,15.316091537475586,10.8100004196167,13.680000305175781,100,845.7999877929688,77.6056108,12.9756889
1766303026088389600,493.5233896484375,4.9729204177856445,1.3714994192123413,15.32608413696289,9.942999839782715,13.399999618530273,102,845.7999877929688,77.605729,12.9756846
1766303027089212200,494.5242121582031,7.697491645812988,1.6382827758789062,15.336091995239258,8.607999801635742,13.279999732971191,102,845.7999877929688,77.6058458,12.9756637
1766303028088425000,495.52342504882813,9.761040687561035,1.8473823070526123,15.346084594726562,7.202000141143799,13.180000305175781,101,845.7999877929688,77.6059678,12.9756418
1766303029088748300,496.52374829101564,10.892814636230469,1.9879769086837769,15.356087684631348,5.901000022888184,13.3100004196167,101,845.7999877929688,77.6061113,12.9756354
1766303030088883000,497.5238830566406,12.00049877166748,2.2153537273406982,15.3660888671875,6.019000053405762,13.279999732971191,102,845.7999877929688,77.6062235,12.9755974
1766303031088531700,498.52353173828124,14.277205467224121,2.5316689014434814,15.37608528137207,6.28000020980835,13.270000457763672,102,845.7999877929688,77.606344,12.9755785
1766303032088525300,499.523525390625,15.571885108947754,2.7498369216918945,15.386085510253906,6.76800012588501,13.220000267028809,103,845.7999877929688,77.6064627,12.9755569
1766303033088870700,500.52387060546874,16.324291229248047,2.8047380447387695,15.396088600158691,8.008999824523926,13.220000267028809,102,845.7999877929688,77.6065883,12.9755469
1766303034089108500,501.5241083984375,17.647512435913086,2.999157428741455,15.40609073638916,9.314000129699707,13.34000015258789,102,845.7999877929688,77.6067145,12.9755289
1766303035088272400,502.5232724609375,18.390066146850586,3.1341817378997803,15.416082382202148,10.145999908447266,13.300000190734863,99,845.7999877929688,77.6068407,12.9755388
1766303036088548400,503.5235483398437,19.859512329101562,3.3223748207092285,15.426085472106934,12.699999809265137,13.289999961853027,99,845.7999877929688,77.6069628,12.97553
1766303037088791600,504.52379150390624,19.95296859741211,3.3638808727264404,15.436087608337402,14.633000373840332,13.229999542236328,99,845.7999877929688,77.6070834,12.9755217
1766303038088597800,505.52359765625,19.107755661010742,3.3680613040924072,15.446085929870605,15.532999992370605,13.65999984741211,100,845.7999877929688,77.6072315,12.9754936
1766303039088924700,506.5239245605469,19.449726104736328,3.3814032077789307,15.45608901977539,17.26300048828125,13.430000305175781,101,845.7999877929688,77.607338,12.9754747
1766303040089200600,507.52420068359373,20.278369903564453,3.45267915725708,15.466092109680176,19.799999237060547,13.369999885559082,101,845.7999877929688,77.6074582,12.9754636
1766303041088692000,508.5236918945312,20.292207717895508,3.5120456218719482,15.476086616516113,20.941999435424805,13.220000267028809,99,845.7999877929688,77.6075749,12.9754549
1766303042088937700,509.52393774414065,21.56424331665039,3.6763622760772705,15.486089706420898,21.966999053955078,13.25,99,845.7999877929688,77.6076977,12.9754369
1766303043088938500,510.5239384765625,22.754196166992188,3.85837721824646,15.496089935302734,22.990999221801758,13.220000267028809,99,845.7999877929688,77.6078169,12.9754223
1766303051241000000,518.676,0,0,30.565101623535156,122.4000015258789,0,0,846.0999755859375,77.6071546,12.9751736
1766303056509000000,523.944,0,0,30.565101623535156,154.0070037841797,0,0,846.0999755859375,77.6071546,12.9751736
1766303063741000000,531.176,0,0,30.565101623535156,197.39999389648438,0,0,846.0999755859375,77.6071546,12.9751736
1766303069304000000,536.739,0,0,30.565101623535156,230.77699279785156,0,0,846.0999755859375,77.6071546,12.9751736
1766303074618000000,542.0529997558593,0,0,30.565101623535156,262.6619873046875,0,0,846.0999755859375,77.6071546,12.9751736
1766303080347000000,547.782,0,0,3.104020833969116,36.900001525878906,0,0,860.2999877929688,77.60754,12.9749952
1766303085088959200,552.5239592285157,5.081625938415527,1.736487865447998,3.151440382003784,23.30699920654297,15.149999618530273,104,860.2999877929688,77.6078972,12.9752285
1766303086088203500,553.5232036132812,8.570650100708008,1.699589490890503,3.161432981491089,9.482999801635742,12.079999923706055,103,860.2999877929688,77.6080177,12.9752044
1766303087088829000,554.5238288574219,8.948196411132812,1.8975567817687988,3.1714391708374023,8.788999557495117,12.989999771118164,102,860.2999877929688,77.6081504,12.975166
1766303088088936200,555.5239362792969,3.9885330200195312,1.2978099584579468,3.1814401149749756,8.307000160217285,13.680000305175781,105,860.2999877929688,77.6082802,12.975122
1766303089088807400,556.5238073730469,7.988710403442383,1.7546861171722412,3.191438913345337,8.086000442504883,13.65999984741211,106,860.2999877929688,77.6084014,12.975089
1766303090088840700,557.5238408203124,6.216229438781738,1.9126949310302734,3.201439142227173,7.940000057220459,14.0600004196167,107,860.2999877929688,77.6085286,12.975055
1766303091088364500,558.5233645019531,6.2125444412231445,1.6916584968566895,3.2114343643188477,7.084000110626221,15.420000076293945,106,860.2999877929688,77.608682,12.9750211
1766303092088862000,559.5238620605469,5.366207122802734,1.5673658847808838,3.2214393615722656,6.788000106811523,16.020000457763672,107,860.2999877929688,77.608858,12.9749628
1766303093089052700,560.524052734375,6.688481330871582,1.779916524887085,3.2314412593841553,6.703999996185303,16.43000030517578,108,860.2999877929688,77.6090007,12.9749104
1766303094088442400,561.5234423828125,4.953382968902588,1.5639140605926514,3.2414352893829346,6.701000213623047,17.229999542236328,105,860.2999877929688,77.6091523,12.974869
1766303095088963300,562.5239633789063,7.005702495574951,1.8477046489715576,3.2514405250549316,6.4039998054504395,17.280000686645508,105,860.2999877929688,77.6093084,12.9748312
1766303096088341800,563.523341796875,4.850039005279541,1.5027536153793335,3.261434316635132,6.284999847412109,18.1200008392334,105,860.2999877929688,77.6094748,12.9747676
1766303097088786400,564.5237863769531,5.692822456359863,1.614824891090393,3.2714385986328125,6.23199987411499,18.350000381469727,105,860.2999877929688,77.6096407,12.9747242
1766303098088229400,565.5232294921875,4.587290287017822,1.6419620513916016,3.28143310546875,6.175000190734863,19.020000457763672,103,860.2999877929688,77.6098246,12.9747013
1766303099089251300,566.5242512207031,5.181316375732422,1.5895341634750366,3.291443347930908,5.921000003814697,19.219999313354492,104,860.2999877929688,77.6099948,12.9746458
1766303100088495900,567.5234958496094,6.073658466339111,2.0218710899353027,3.301435708999634,6.040999889373779,19.030000686645508,104,860.2999877929688,77.6101638,12.9745945
1766303101088642000,568.5236420898437,5.778534412384033,2.13214373588562,3.3114373683929443,6.260000228881836,20.56999969482422,103,860.2999877929688,77.610362,12.9745623
1766303102088663800,569.5236638183594,6.217299461364746,2.14556622505188,3.321437358856201,6.505000114440918,19.770000457763672,103,860.2999877929688,77.61053,12.9745201
1766303103088371700,570.5233718261719,6.747634410858154,2.1588540077209473,3.331434488296509,7.02400016784668,20.1200008392334,104,860.2999877929688,77.6107154,12.9744726
1766303104089089000,571.5240891113282,5.863542079925537,1.9767329692840576,3.3414416313171387,7.136000156402588,20.329999923706055,103,860.2999877929688,77.6108847,12.9744209
1766303105088268800,572.5232687988281,6.212946891784668,2.0047974586486816,3.351433515548706,7.442999839782715,19.459999084472656,103,860.2999877929688,77.6110527,12.9743884
1766303106088497700,573.5234975585937,5.516193866729736,1.857709527015686,3.361435890197754,7.473999977111816,20.510000228881836,103,860.2999877929688,77.6112615,12.9743272
1766303107088934700,574.5239345703125,5.428483963012695,1.831844449043274,3.3714401721954346,7.269000053405762,20.459999084472656,104,860.2999877929688,77.6114444,12.9742825
1766303108089010200,575.5240102539062,5.688343524932861,1.8858567476272583,3.3814408779144287,6.855999946594238,20.510000228881836,103,860.2999877929688,77.6116463,12.9742353
1766303109088590800,576.5235908203125,6.350592613220215,2.005338191986084,3.391436815261841,6.668000221252441,20.540000915527344,103,860.2999877929688,77.6118294,12.9741959
1766303110089025000,577.5240249023437,6.777390956878662,2.089547872543335,3.4014410972595215,6.1529998779296875,20.020000457763672,104,860.2999877929688,77.6119856,12.9741514
1766303111088557800,578.5235578613281,7.5739030838012695,2.2239298820495605,3.4114363193511963,6.10699987411499,19.969999313354492,104,860.2999877929688,77.6121654,12.9741105
1766303112088933000,579.5239331054687,8.604012489318848,2.431785821914673,3.4214401245117188,6.3460001945495605,20.010000228881836,103,860.2999877929688,77.6123593,12.9740806
1766303113088877600,580.5238776855468,8.683380126953125,2.5266635417938232,3.4314396381378174,6.703000068664551,20.43000030517578,104,860.2999877929688,77.6125472,12.9740276
1766303114088214300,581.5232143554688,7.161729335784912,2.023378849029541,3.4414329528808594,6.736000061035156,20.520000457763672,102,860.2999877929688,77.6127563,12.9739803
1766303115088267300,582.5232673339843,5.767879486083984,1.78423273563385,3.4514334201812744,6.692999839782715,20.020000457763672,103,860.2999877929688,77.6129297,12.9739126
1766303116089122000,583.5241220703125,6.895984649658203,1.9791672229766846,3.461441993713379,6.642000198364258,19.239999771118164,103,860.2999877929688,77.6130902,12.9738698
1766303117089058300,584.5240583496094,6.6415205001831055,1.9047198295593262,3.4714415073394775,6.255000114440918,18.360000610351562,102,860.2999877929688,77.6132592,12.9738303
1766303118088980000,585.5239799804688,5.993076801300049,1.8698374032974243,3.481440544128418,5.633999824523926,17.540000915527344,101,860.2999877929688,77.6134262,12.9738082
1766303119088654600,586.5236545410156,6.203772068023682,1.983237624168396,3.4914374351501465,5.565999984741211,18.219999313354492,99,860.2999877929688,77.6136059,12.9738069
1766303120088368400,587.5233684082032,5.429753303527832,2.015219211578369,3.501434564590454,5.684999942779541,16.90999984741211,98,860.2999877929688,77.613759,12.9737984
1766303121088663800,588.5236638183594,5.39890718460083,1.534383773803711,3.51143741607666,5.6579999923706055,16.15999984741211,101,860.2999877929688,77.6138889,12.973741
1766303122088328400,589.5233283691406,5.092428684234619,1.2483832836151123,3.5214340686798096,5.558000087738037,15.850000381469727,101,860.2999877929688,77.6140226,12.9736981
1766303123088495600,590.5234956054687,4.9493303298950195,1.4836598634719849,3.53143572807312,5.436999797821045,15.699999809265137,103,860.2999877929688,77.6141441,12.9736454
1766303124088890400,591.5238903808594,5.058709144592285,1.5498758554458618,3.5414397716522217,5.316999912261963,15.930000305175781,104,860.2999877929688,77.614285,12.9736178
1766303125088265500,592.5232653808594,4.668210506439209,1.4471739530563354,3.551433563232422,5.2769999504089355,15.630000114440918,100,860.2999877929688,77.6144298,12.9736029
1766303126089060900,593.5240607910156,5.182058334350586,1.5061734914779663,3.561441421508789,5.039999961853027,15.420000076293945,100,860.2999877929688,77.6145785,12.9735872
1766303127088937700,594.5239377441407,7.101505756378174,1.770592212677002,3.5714402198791504,5.00600004196167,15.180000305175781,101,860.2999877929688,77.6147106,12.9735533
1766303128088991000,595.5239909667969,2.7062647342681885,1.1622388362884521,3.5814406871795654,4.820000171661377,15.880000114440918,101,860.2999877929688,77.614863,12.9735328
1766303129088525800,596.5235258789063,3.4773573875427246,1.2382079362869263,3.5914361476898193,4.669000148773193,15.529999732971191,101,860.2999877929688,77.6150023,12.9734955
1766303130089125000,597.524125,5.6786909103393555,1.473888874053955,3.6014420986175537,4.366000175476074,15.210000038146973,102,860.2999877929688,77.615139,12.973455
1766303131088669000,598.5236689453125,2.4616382122039795,1.1007659435272217,3.6114375591278076,4.302999973297119,15.109999656677246,103,860.2999877929688,77.6152649,12.9734327
1766303132088384800,599.523384765625,3.6245765686035156,1.188949465751648,3.6214346885681152,4.144999980926514,15.390000343322754,103,860.2999877929688,77.6153992,12.9733922
1766303133088665000,600.5236650390625,2.818525552749634,1.1146717071533203,3.6314375400543213,4.039000034332275,15.229999542236328,103,860.2999877929688,77.6155408,12.9733565
1766303134089195000,601.5241950683594,2.0208041667938232,1.0477850437164307,3.6414427757263184,4.058000087738037,15.489999771118164,103,860.2999877929688,77.6156732,12.9733384
1766303135088651300,602.5236513671875,2.7341341972351074,1.1028302907943726,3.651437282562256,4.013999938964844,15.40999984741211,103,860.2999877929688,77.6158187,12.9733131
1766303136088411400,603.5234113769532,2.2178564071655273,1.074461579322815,3.6614348888397217,3.9830000400543213,15.079999923706055,103,860.2999877929688,77.6159553,12.9732848
1766303137089005300,604.5240053710937,4.665175437927246,1.4862476587295532,3.671440839767456,3.9019999504089355,14.850000381469727,102,860.2999877929688,77.6160892,12.973249
1766303138088362500,605.5233625488281,2.230100393295288,1.0545378923416138,3.681434392929077,3.882999897003174,14.15999984741211,103,860.2999877929688,77.6162141,12.9732228
1766303139088928500,606.5239284667969,2.070251941680908,1.289676547050476,3.6914401054382324,3.822000026702881,13.779999732971191,103,860.2999877929688,77.6163336,12.9731895
1766303140089057000,607.5240571289063,5.268660545349121,1.2867203950881958,3.7014412879943848,3.864000082015991,13.069999694824219,103,860.2999877929688,77.6164337,12.9731519
1766303141088552000,608.5235520019531,8.821975708007812,1.5573880672454834,3.7114362716674805,4.034999847412109,12.850000381469727,102,860.2999877929688,77.6165434,12.9731122
1766303142089103400,609.5241032714844,11.890714645385742,1.8526631593704224,3.7214419841766357,4.485000133514404,12.84000015258789,102,860.2999877929688,77.6166534,12.9730693
1766303150184000000,617.619,0,0,4.763753890991211,109.9739990234375,0,0,838.2012939453125,77.6166534,12.9730693
1766303155625000000,623.06,0,0,4.763753890991211,142.6199951171875,0,0,838.2012939453125,77.6166534,12.9730693
1766303161088828700,628.5238286132812,31.03791618347168,0.4942711591720581,42.86176681518555,12.12399959564209,0.4699999988079071,289,849.5999755859375,77.6172558,12.9731335
1766303162088837400,629.5238374023437,28.486530303955078,1.2208584547042847,42.871768951416016,19.31399917602539,0.36000001430511475,114,849.5999755859375,77.6173887,12.9731506
1766303163088926000,630.5239260253907,28.486530303955078,1.229667067527771,42.88176727294922,19.016000747680664,0.18000000715255737,114,849.5999755859375,77.6173341,12.97319
1766303164088768800,631.5237687988281,28.486530303955078,1.5780600309371948,42.89176940917969,17.93199920654297,0.18000000715255737,114,849.5999755859375,77.6173566,12.9731986
1766303165088390000,632.5233898925782,28.486530303955078,1.4600080251693726,28.9580078125,17.048999786376953,0.17000000178813934,114,861.2000122070312,77.6173546,12.97321
1766303166088615200,633.523615234375,26.035995483398438,1.4153577089309692,28.96800994873047,16.191999435424805,0.5199999809265137,289,861.2000122070312,77.6173536,12.9732164
1766303167088356600,634.5233566894532,26.035995483398438,1.7208118438720703,28.97800636291504,16.150999069213867,0.550000011920929,289,861.2000122070312,77.6173593,12.9732147
1766303168088365000,635.5233649902344,26.035995483398438,1.946867823600769,28.988006591796875,13.713000297546387,0.6899999976158142,289,861.2000122070312,77.6173665,12.9732109
1766303169088881400,636.5238813476562,26.035995483398438,1.5744762420654297,28.99801254272461,12.149999618530273,0.5699999928474426,289,861.2000122070312,77.6173683,12.9732115
1766303170088662500,637.5236625976562,26.035995483398438,1.45414400100708,29.008010864257812,11.593000411987305,0.3199999928474426,289,861.2000122070312,77.617371,12.9732134
1766303171088597500,638.5235974121093,26.035995483398438,1.8855758905410767,13.069668769836426,11.607000350952148,0.30000001192092896,289,840.0999755859375,77.6173733,12.9732127
1766303172088808000,639.5238078613281,26.035995483398438,2.355165958404541,13.079670906066895,11.979000091552734,0.30000001192092896,289,840.0999755859375,77.6173757,12.9732122
1766303173088812500,640.5238125,26.035995483398438,2.6741085052490234,13.08967113494873,13.057000160217285,0.49000000953674316,289,840.0999755859375,77.6173809,12.9732119
1766303174088723500,641.5237233886719,82.91728210449219,2.8332626819610596,13.09967041015625,14.22700023651123,1.1200000047683716,67,840.0999755859375,77.6173982,12.9732146
1766303175088668000,642.52366796875,85.61241149902344,3.116313934326172,13.10966968536377,17.49799919128418,1.1200000047683716,67,840.0999755859375,77.6174131,12.9732171
1766303176088924200,643.5239240722656,93.1809310913086,3.312893867492676,13.119671821594238,20.871000289916992,0.8799999952316284,61,840.0999755859375,77.6174213,12.9732204
1766303177088788000,644.5237880859376,93.1809310913086,3.5266337394714355,13.129671096801758,22.635000228881836,0.699999988079071,61,840.0999755859375,77.6174258,12.9732208
1766303178088830700,645.5238308105469,93.1809310913086,3.6453635692596436,13.139671325683594,27.78499984741211,0.550000011920929,61,840.0999755859375,77.6174239,12.9732246
1766303179088819200,646.5238190917969,93.1809310913086,3.868812322616577,13.149670600891113,31.459999084472656,0.550000011920929,61,840.0999755859375,77.6174238,12.973228
1766303180088689000,647.5236889648437,91.93290710449219,3.945585250854492,13.159669876098633,34.85300064086914,0.5,245,840.0999755859375,77.6174042,12.9732175
1766303181089169000,648.5241689453125,92.12860870361328,3.847156524658203,13.16967487335205,37.5,0.5199999809265137,263,840.0999755859375,77.6173896,12.9732093
1766303182088477200,649.5234772949219,91.77460479736328,3.9453232288360596,13.179667472839355,38.520999908447266,0.47999998927116394,281,840.0999755859375,77.6173782,12.9732083
1766303183088448800,650.5234487304688,90.88232421875,4.104936122894287,13.189667701721191,40.77000045776367,0.6499999761581421,273,840.0999755859375,77.6173662,12.9732003
1766303184088898800,651.5238989257813,91.78703308105469,4.318606376647949,13.199671745300293,44.63999938964844,0.6499999761581421,68,840.0999755859375,77.6173516,12.9731958
1766303191088530200,658.5235302734375,3.177421808242798,1.1590547561645508,13.269668579101562,9.656000137329102,12.680000305175781,103,840.0999755859375,77.6181919,12.9727771
1766303192088981500,659.5239814453125,8.666659355163574,1.7398871183395386,13.279672622680664,9.42199993133545,12.680000305175781,103,840.0999755859375,77.6183053,12.9727491
1766303193088251600,660.5232517089844,8.600593566894531,1.8787766695022583,13.289665222167969,9.17199993133545,13.399999618530273,102,840.0999755859375,77.618438,12.9727221
1766303194089127200,661.5241271972657,6.825669765472412,1.7255663871765137,13.299674034118652,8.918000221252441,13.609999656677246,102,840.0999755859375,77.6185492,12.9726662
1766303195088407800,662.5234077148438,8.023932456970215,1.8965685367584229,13.309666633605957,9,13.760000228881836,101,840.0999755859375,77.6186816,12.9726446
1766303196088611600,663.5236115722656,8.678916931152344,2.0529367923736572,13.319668769836426,8.991000175476074,13.90999984741211,96,840.0999755859375,77.6188372,12.9726631
1766303201088478500,668.523478515625,16.186643600463867,3.580866813659668,13.369668006896973,20.131999969482422,14.239999771118164,97,840.0999755859375,77.619494,12.9725936
1766303202088223000,669.5232229003906,20.537384033203125,4.550050258636475,13.37966537475586,36.60100173950195,14.180000305175781,96,840.0999755859375,77.6196707,12.9726156
1766303203088623400,670.5236232910156,12.588725090026855,2.5433874130249023,13.389669418334961,34.36000061035156,13.0600004196167,87,840.0999755859375,77.6197374,12.9726654
1766303204088651000,671.5236511230469,4.4128241539001465,1.2810736894607544,13.399669647216797,29.77899932861328,12.84000015258789,87,840.0999755859375,77.6198679,12.9726649
1766303205088941800,672.5239418945313,5.328462600708008,1.3837811946868896,13.409671783447266,26.062999725341797,12.850000381469727,87,840.0999755859375,77.6199586,12.9726645
1766303206088256500,673.5232565917969,5.313941955566406,1.3366154432296753,13.419665336608887,23.038999557495117,12.109999656677246,86,840.0999755859375,77.6200718,12.9726897
1766303207088217300,674.5232172851563,5.185788631439209,1.3166182041168213,13.429664611816406,18.95800018310547,12.050000190734863,86,840.0999755859375,77.6202033,12.9726953
1766303208088492300,675.5234921875,7.716195106506348,1.5607762336730957,13.439667701721191,12.895999908447266,11.779999732971191,86,840.0999755859375,77.6202829,12.9727005
1766303209088774000,676.5237739257813,9.445009231567383,1.7741950750350952,13.449670791625977,7.460999965667725,11.75,84,840.0999755859375,77.6203919,12.9727004
1766303210088662800,677.5236628417969,6.872024059295654,1.5851632356643677,13.45966911315918,7.117000102996826,12.710000038146973,87,840.0999755859375,77.6205316,12.9726907
1766303211088848600,678.5238486328125,5.531829357147217,1.2302536964416504,13.469671249389648,5.572999954223633,11.630000114440918,84,840.0999755859375,77.6206401,12.97269
1766303212089123800,679.5241237792969,5.729979038238525,1.1259655952453613,13.479674339294434,5.151000022888184,12.710000038146973,80,840.0999755859375,77.6207595,12.9727143
1766303213089129700,680.5241296386719,6.907122611999512,2.520203113555908,13.48967456817627,4.7220001220703125,13.229999542236328,84,840.0999755859375,77.6208983,12.9727233
1766303214088199200,681.52319921875,6.0165815353393555,1.2064290046691895,13.499665260314941,4.607999801635742,12.350000381469727,79,840.0999755859375,77.6210117,12.9727598
1766303215089142300,682.5241423339844,6.657355785369873,1.2673439979553223,13.509674072265625,4.1020002365112305,12.319999694824219,77,840.0999755859375,77.6211168,12.9727976
1766303216088916200,683.5239162597657,7.791243553161621,1.4549459218978882,13.519672393798828,4.11299991607666,12.09000015258789,76,840.0999755859375,77.6212241,12.9728219
1766303217088938800,684.5239387207031,6.023711681365967,1.4299602508544922,13.529672622680664,4.11299991607666,12.100000381469727,76,840.0999755859375,77.6213318,12.9728607
1766303218088851500,685.5238515625,5.601428985595703,1.3985453844070435,13.539670944213867,4.132999897003174,12.390000343322754,72,840.0999755859375,77.6214461,12.9729125
1766303219089122600,686.5241225585937,7.5899505615234375,1.6168042421340942,13.549674034118652,4.267000198364258,12.739999771118164,72,840.0999755859375,77.6215619,12.9729518
1766303220089190100,687.5241901855469,6.1031999588012695,1.2560222148895264,13.559674263000488,4.2870001792907715,12.359999656677246,71,840.0999755859375,77.6216695,12.9729711
1766303221089147100,688.5241472167969,7.089004039764404,1.3449764251708984,13.569674491882324,4.224999904632568,12.279999732971191,71,840.0999755859375,77.6217746,12.9730002
1766303222088320000,689.5233200683593,7.2357025146484375,1.6967005729675293,13.579666137695312,4.1529998779296875,12.829999923706055,70,840.0999755859375,77.6218923,12.9730389
1766303223088617700,690.5236176757812,6.041607856750488,1.4365426301956177,13.589669227600098,4.098999977111816,12.819999694824219,69,840.0999755859375,77.6220059,12.973083
1766303224088941000,691.5239411621094,4.580214023590088,0.9525296092033386,13.599672317504883,4.034999847412109,13.4399995803833,68,840.0999755859375,77.6221178,12.9731186
1766303225088586500,692.5235864257812,5.633471488952637,1.1576552391052246,13.609668731689453,3.8980000019073486,13.289999961853027,68,840.0999755859375,77.6222391,12.9731732
1766303226088753000,693.5237529296875,5.038731098175049,1.1537880897521973,13.619669914245605,3.8299999237060547,12.239999771118164,67,840.0999755859375,77.6223394,12.9732214
1766303227088887800,694.5238876953125,4.6741108894348145,0.9058228135108948,13.629672050476074,3.7899999618530273,12.520000457763672,64,840.0999755859375,77.622448,12.9732692
1766303228088365600,695.5233654785156,6.802211284637451,1.3535990715026855,13.639666557312012,3.812000036239624,12.880000114440918,65,840.0999755859375,77.6225587,12.973314
1766303229088452900,696.5234528808594,4.662023067474365,1.1039711236953735,13.649667739868164,3.812000036239624,12.949999809265137,63,840.0999755859375,77.6226599,12.9733786
1766303230088865500,697.5238654785156,2.564213275909424,0.5084767937660217,13.659671783447266,3.816999912261963,12.779999732971191,59,840.0999755859375,77.6227509,12.9734337
1766303231089132500,698.5241325683594,2.5147340297698975,0.4793466329574585,13.669673919677734,3.816999912261963,12.279999732971191,62,840.0999755859375,77.6228594,12.973482
1766303232088650500,699.523650390625,4.297883033752441,1.4356533288955688,13.679669380187988,3.812000036239624,12.380000114440918,59,840.0999755859375,77.622956,12.9735369
1766303233088278000,700.5232780761719,1.3059985637664795,1.016884446144104,13.689665794372559,3.812000036239624,12.539999961853027,58,840.0999755859375,77.6230554,12.9735974
1766303234088907500,701.5239074707031,6.475737571716309,1.354962706565857,13.699671745300293,3.7899999618530273,12.40999984741211,58,840.0999755859375,77.6231487,12.9736561
1766303235088307500,702.5233073730469,2.8546409606933594,1.128291130065918,13.70966625213623,3.7899999618530273,12.680000305175781,57,840.0999755859375,77.6232473,12.9737166
1766303236089135400,703.5241352539063,3.4797213077545166,1.1508539915084839,13.719674110412598,3.7899999618530273,12.399999618530273,58,840.0999755859375,77.6233427,12.9737763
1766303237088779300,704.523779296875,3.602782726287842,1.161428689956665,13.729670524597168,3.7899999618530273,12.239999771118164,57,840.0999755859375,77.6234365,12.9738351
1766303238089171700,705.5241716308594,3.605869770050049,1.1469491720199585,13.73967456817627,3.7899999618530273,12.260000228881836,58,840.0999755859375,77.6235272,12.9738897
1766303239088685600,706.523685546875,3.8885347843170166,1.1805931329727173,13.749670028686523,3.7899999618530273,12.380000114440918,57,840.0999755859375,77.6236231,12.9739507
1766303240088279000,707.5232790527343,4.584558486938477,0.9021657109260559,13.759665489196777,3.7899999618530273,12.710000038146973,52,840.0999755859375,77.6237141,12.9740185
1766303241088522500,708.5235224609376,5.8465070724487305,1.1692088842391968,13.769667625427246,3.812000036239624,12.930000305175781,54,840.0999755859375,77.6238153,12.9740888
1766303242088798500,709.5237985839843,7.652236461639404,1.5062686204910278,13.779670715332031,3.9660000801086426,12.739999771118164,55,840.0999755859375,77.6239122,12.9741473
1766303243088303600,710.5233037109375,9.530699729919434,1.8588486909866333,13.789666175842285,4.209000110626221,12.630000114440918,54,840.0999755859375,77.6240047,12.9742099
1766303244088638000,711.5236379394531,9.61266803741455,1.9342379570007324,13.79966926574707,4.591000080108643,12.569999694824219,56,840.0999755859375,77.6241021,12.9742718
1766303245089178000,712.5241782226562,9.68680477142334,1.9880621433258057,13.809674263000488,5.395999908447266,13.289999961853027,51,840.0999755859375,77.6241956,12.9743692
1766303246088511200,713.5235112304688,5.056358337402344,1.416853427886963,13.81966781616211,5.2769999504089355,12.100000381469727,55,840.0999755859375,77.6242998,12.974391
1766303247088824800,714.5238249511718,3.878333806991577,1.1968469619750977,13.829670906066895,5.460000038146973,12.460000038146973,57,840.0999755859375,77.6243984,12.9744348
1766303248089059300,715.5240593261718,1.8743044137954712,1.006155252456665,13.839673042297363,5.138999938964844,12.319999694824219,57,840.0999755859375,77.624494,12.9745026
1766303249088788200,716.5237883300781,1.0239665508270264,0.9649738669395447,13.84967041015625,4.681000232696533,12.430000305175781,57,840.0999755859375,77.6245952,12.9745665
1766303250088556500,717.523556640625,3.4113967418670654,1.103850245475769,13.859668731689453,4.5320000648498535,12.510000228881836,57,840.0999755859375,77.6246929,12.9746262
1766303251088782600,718.5237824707032,1.330052375793457,1.0035064220428467,13.869670867919922,3.8580000400543213,12.25,58,840.0999755859375,77.6247856,12.9746885
1766303252088296200,719.5232961425781,4.065502643585205,1.1921862363815308,13.87966537475586,3.8469998836517334,12.300000190734863,58,840.0999755859375,77.6248877,12.974735
1766303253088272400,720.5232724609375,3.9418694972991943,1.2234336137771606,13.889665603637695,3.7950000762939453,11.84000015258789,58,840.0999755859375,77.6249818,12.9747887
1766303254089074200,721.52407421875,8.226644515991211,1.6363180875778198,13.899673461914062,3.7960000038146973,11.520000457763672,58,840.0999755859375,77.6250798,12.9748347
1766303255088891000,722.5238908691406,4.538614749908447,1.2551699876785278,13.909671783447266,3.802000045776367,11.8100004196167,60,840.0999755859375,77.6251729,12.9748943
1766303256088780800,723.5237807617187,6.373064041137695,1.8864384889602661,13.919671058654785,3.822999954223633,12.9399995803833,60,840.0999755859375,77.6252717,12.9749556
1766303257088549600,724.5235495605468,6.796634197235107,1.3039186000823975,13.929668426513672,3.924999952316284,12.40999984741211,57,840.0999755859375,77.6253599,12.975024
1766303258088465000,725.52346484375,7.89271879196167,1.4950975179672241,13.939667701721191,4.126999855041504,11.989999771118164,56,840.0999755859375,77.6254473,12.9750827
1766303259088335400,726.5233354492187,5.502161026000977,1.2303563356399536,13.949666023254395,4.091000080108643,12.59000015258789,57,840.0999755859375,77.6255533,12.975146
1766303260088499700,727.5234997558593,5.679574012756348,1.0802258253097534,13.959668159484863,4.111999988555908,12.300000190734863,56,840.0999755859375,77.6256444,12.9752017
1766303261088354800,728.5233547363281,5.4032979011535645,1.0965749025344849,13.969666481018066,4.107999801635742,12.420000076293945,53,840.0999755859375,77.6257389,12.9752753
1766303262088265200,729.5232651367188,5.997292995452881,1.2151252031326294,13.979665756225586,4.138999938964844,12.640000343322754,51,840.0999755859375,77.6258277,12.9753513
1766303263088736500,730.5237365722656,7.904935836791992,1.4752763509750366,13.989669799804688,4.050000190734863,11.199999809265137,50,840.0999755859375,77.6259004,12.9754139
1766303264089039000,731.5240390625,8.754616737365723,1.7553656101226807,13.999672889709473,4.238999843597412,11.960000038146973,46,840.0999755859375,77.6259784,12.9754996
1766303265089183200,732.5241833496094,3.050227403640747,1.1098157167434692,14.009675025939941,5.484000205993652,12.460000038146973,41,840.0999755859375,77.6260463,12.9756021
1766303266088432600,733.5234326171875,5.301929473876953,1.292242169380188,14.01966667175293,6.752999782562256,12.1899995803833,38,840.0999755859375,77.626125,12.9756909
1766303267088433700,734.52343359375,8.27330493927002,1.646820306777954,14.029666900634766,7.973999977111816,12.350000381469727,37,840.0999755859375,77.6262023,12.9757857
1766303268088537000,735.523537109375,4.825784206390381,1.2805912494659424,3.8776981830596924,8.331999778747559,11.819999694824219,34,827.294921875,77.6262505,12.9758665
1766303269088470800,736.523470703125,6.9322733879089355,1.4999186992645264,3.81552791595459,9.279999732971191,12.0600004196167,35,826.7449951171875,77.6263206,12.9759591
1766303270088296200,737.5232961425781,9.461647987365723,1.7672115564346313,3.7729227542877197,10.225000381469727,11.949999809265137,36,826.77197265625,77.6263834,12.9760468
1766303271088294000,738.5232939453125,12.729085922241211,2.111506700515747,3.792365074157715,10.331999778747559,11.869999885559082,36,826.760986328125,77.6264444,12.976135
1766303279115000000,746.55,0,0,3.792365074157715,100,0,0,826.760986328125,77.6255104,12.9752123
1766303284773000000,752.208,0,0,18.489999771118164,98.4000015258789,0,0,819.3999633789062,77.6267771,12.9797907
1766303290177000000,757.612,0,0,12.377603530883789,77.5999984741211,0,0,819.3999633789062,77.6267748,12.9797871
1766303296770000000,764.2049997558594,0,0,11.324687957763672,72.9000015258789,0,0,819.3999633789062,77.6267734,12.9797888
1766303300089137000,767.5241369628907,65.40027618408203,3.237560749053955,11.357879638671875,63.50299835205078,2.299999952316284,47,819.3999633789062,77.6271987,12.9770113
1766303301088248000,768.523248046875,71.5875244140625,3.3804502487182617,11.367870330810547,59.066001892089844,2,37,819.3999633789062,77.6271585,12.9770138
1766303302088861700,769.5238618164062,71.5875244140625,2.4716291427612305,11.377876281738281,47.6349983215332,0.46000000834465027,37,819.3999633789062,77.6269317,12.9768788
1766303303088887600,770.5238874511718,71.5875244140625,2.6468915939331055,11.387876510620117,44.57899856567383,0.4099999964237213,37,819.3999633789062,77.6269294,12.9768793
1766303304088745000,771.5237448730469,71.5875244140625,2.887073278427124,11.397875785827637,42.3650016784668,0.7300000190734863,37,819.3999633789062,77.6269102,12.9768765
1766303312109000000,779.544,0,0,11.397875785827637,100,0,0,819.3999633789062,77.6276586,12.9774348
1766303318789000000,786.224,0,0,3.275233030319214,48.74300003051758,0,0,819.5,77.6271595,12.977282
1766303327088907300,794.5239072265625,9.939648628234863,1.816676378250122,3.358232021331787,16.93000030517578,8.15999984741211,48,819.5,77.6274691,12.9775138
1766303328088803600,795.5238034667968,10.039722442626953,1.7416174411773682,1.026568055152893,14.875,8.420000076293945,47,822.2000122070312,77.6275454,12.9775548
1766303329089051600,796.5240517578125,9.417797088623047,1.8362873792648315,1.0365705490112305,13.508999824523926,7.900000095367432,54,822.2000122070312,77.6275952,12.9775907
1766303330089068300,797.524068359375,13.07068157196045,2.0811941623687744,1.0465706586837769,12.791999816894531,8.039999961853027,54,822.2000122070312,77.6276706,12.977623
1766303331088927500,798.5239274902344,11.274370193481445,1.7638815641403198,1.056569218635559,12.276000022888184,8.210000038146973,56,822.2000122070312,77.6277393,12.9776552
1766303332088731100,799.5237312011719,16.00449562072754,1.9113938808441162,1.066567301750183,11.612000465393066,8.0600004196167,55,822.2000122070312,77.6277985,12.9777018
1766303333088411000,800.5234108886718,14.142645835876465,1.968371033668518,1.076564073562622,10.079999923706055,8.710000038146973,56,822.2000122070312,77.6278892,12.9777491
1766303334088367000,801.5233671875,15.288900375366211,2.0931243896484375,1.0865637063980103,9.359000205993652,8.65999984741211,58,822.2000122070312,77.6279531,12.9777927
1766303335088758300,802.5237583007812,13.643816947937012,1.979915738105774,1.0965676307678223,9.03499984741211,9.0600004196167,57,822.2000122070312,77.6280304,12.9778546
1766303336088321000,803.5233210449219,14.135075569152832,1.9234882593154907,1.1065632104873657,8.656000137329102,8.4399995803833,58,822.2000122070312,77.6280821,12.9778926
1766303337089028400,804.5240283203125,12.41122817993164,1.7626053094863892,1.116570234298706,8.192999839782715,8.34000015258789,58,822.2000122070312,77.6281437,12.9779317
1766303338088269300,805.5232692871094,9.972769737243652,1.5105302333831787,1.1265627145767212,7.966000080108643,8.09000015258789,58,822.2000122070312,77.6281935,12.9779563
1766303339088424400,806.5234245605469,11.037210464477539,1.5882740020751953,1.1365642547607422,7.494999885559082,8.609999656677246,57,822.2000122070312,77.6282875,12.9780159
1766303340088705800,807.5237058105469,9.223884582519531,1.4333630800247192,1.1465671062469482,7.182000160217285,7.880000114440918,57,822.2000122070312,77.6283349,12.9780603
1766303341088922600,808.5239226074219,7.822756767272949,1.3126556873321533,1.156569242477417,6.275000095367432,8.170000076293945,59,822.2000122070312,77.6283989,12.9780929
1766303342088947000,809.5239470214843,12.500673294067383,1.5472956895828247,1.166569471359253,6.183000087738037,8,59,822.2000122070312,77.6284532,12.9781198
1766303343088821800,810.5238217773438,9.93946647644043,1.3106608390808105,1.1765682697296143,5.669000148773193,8.529999732971191,57,822.2000122070312,77.6285211,12.9781595
1766303344088928800,811.5239287109375,7.9995574951171875,1.0527245998382568,1.186569333076477,5.339000225067139,8.520000457763672,59,822.2000122070312,77.6286059,12.9782147
1766303345088595700,812.523595703125,9.832690238952637,1.2251532077789307,1.1965659856796265,5.1620001792907715,8.0600004196167,59,822.2000122070312,77.6286621,12.9782432
1766303346088638700,813.523638671875,12.223859786987305,1.6138997077941895,1.206566333770752,4.952000141143799,8.529999732971191,57,822.2000122070312,77.6287307,12.9782924
1766303347088702000,814.5237019042969,12.742375373840332,1.631030797958374,1.216567039489746,4.807000160217285,8.270000457763672,57,822.2000122070312,77.6288002,12.9783553
1766303348088725200,815.5237253417969,8.302576065063477,1.2286227941513062,1.226567268371582,4.552000045776367,8.470000267028809,61,822.2000122070312,77.6288755,12.9783785
1766303349088954000,816.5239541015625,9.564859390258789,1.210403561592102,1.2365695238113403,4.374000072479248,8.1899995803833,61,822.2000122070312,77.628936,12.9784105
1766303350089110800,817.5241108398437,12.736128807067871,1.719656229019165,1.2465710639953613,4.578000068664551,8.720000267028809,64,822.2000122070312,77.629008,12.9784439
1766303351088255000,818.5232548828125,13.43825626373291,1.5347439050674438,1.25656259059906,4.658999919891357,7.369999885559082,74,822.2000122070312,77.6290651,12.978462
1766303352088220000,819.5232199707032,11.480799674987793,1.3693691492080688,1.2665622234344482,4.854000091552734,7.710000038146973,77,822.2000122070312,77.6291404,12.9784738
1766303353088946000,820.5239458007812,11.409588813781738,1.4642071723937988,1.2765694856643677,5.171000003814697,8.300000190734863,77,822.2000122070312,77.6292123,12.9784968
1766303354089038600,821.5240385742187,10.027238845825195,1.3300687074661255,1.286570429801941,5.364999771118164,8.579999923706055,77,822.2000122070312,77.6292935,12.9785122
1766303355088577300,822.5235773925781,12.167057991027832,1.5112203359603882,1.2965657711029053,5.445000171661377,8.029999732971191,76,822.2000122070312,77.629348,12.978533
1766303356088414700,823.5234147949219,12.62002182006836,1.7963449954986572,1.3065640926361084,5.711999893188477,9.199999809265137,90,822.2000122070312,77.6294267,12.9785226
1766303357088430300,824.5234304199219,12.9033784866333,1.611541748046875,1.3165643215179443,5.835999965667725,8.069999694824219,89,822.2000122070312,77.6294974,12.9785271
1766303358088504300,825.5235043945313,10.432100296020508,1.3127034902572632,1.3265650272369385,5.843999862670898,8.140000343322754,99,822.2000122070312,77.6295706,12.9785046
1766303359088451300,826.5234514160156,7.745271682739258,0.9555382132530212,1.336564540863037,5.810999870300293,7.980000019073486,97,822.2000122070312,77.6296513,12.9784551
1766303360088556000,827.5235561523438,5.749699115753174,1.1770129203796387,1.3465656042099,5.749000072479248,7.980000019073486,95,822.2000122070312,77.629724,12.9784387
1766303361088450600,828.5234504394531,10.19135570526123,1.4952781200408936,1.3565645217895508,5.517000198364258,8.020000457763672,94,822.2000122070312,77.6297964,12.9784323
1766303362088777500,829.5237775878907,11.38366413116455,1.6427273750305176,1.3665677309036255,5.375999927520752,8.130000114440918,93,822.2000122070312,77.6298713,12.9784231
1766303363088841500,830.5238415527343,8.007223129272461,1.3931105136871338,1.3765684366226196,5.285999774932861,8.550000190734863,94,822.2000122070312,77.6299574,12.9784051
1766303364088259600,831.5232595214844,7.908718585968018,1.321404218673706,1.3865625858306885,5.321000099182129,7.75,91,822.2000122070312,77.6300348,12.9784269
1766303365088460300,832.5234602050781,8.902583122253418,1.4268224239349365,1.3965646028518677,5.377999782562256,8.069999694824219,95,822.2000122070312,77.6301098,12.9784151
1766303366088531000,833.5235310058594,10.348928451538086,1.4491060972213745,1.4065653085708618,5.5920000076293945,8.119999885559082,97,822.2000122070312,77.6301856,12.978396
1766303367088379400,834.5233793945313,11.557315826416016,1.5906182527542114,1.4165637493133545,5.714000225067139,8.4399995803833,95,822.2000122070312,77.6302611,12.9783903
1766303368088281300,835.52328125,11.357529640197754,1.587782621383667,1.426562786102295,5.921999931335449,8.199999809265137,96,822.2000122070312,77.6303377,12.9783725
1766303369088236500,836.5232365722657,14.6948823928833,1.8502254486083984,1.436562418937683,6.283999919891357,8.180000305175781,94,822.2000122070312,77.6304137,12.9783704
1766303370088373000,837.523373046875,11.666301727294922,1.67030668258667,1.446563720703125,6.636000156402588,8.390000343322754,95,822.2000122070312,77.6305054,12.9783754
1766303371088264400,838.5232644042969,9.22931957244873,1.4221175909042358,1.4565626382827759,6.829999923706055,8.119999885559082,96,822.2000122070312,77.630584,12.9783628
1766303372089004000,839.5240041503906,13.076119422912598,1.7061538696289062,1.4665700197219849,7.172999858856201,8.270000457763672,94,822.2000122070312,77.6306828,12.9783685
1766303373089153000,840.5241530761718,11.829620361328125,1.6230511665344238,1.4765715599060059,7.22599983215332,7.900000095367432,98,822.2000122070312,77.6307578,12.9783527
1766303374088466200,841.5234660644531,15.829991340637207,1.8115332126617432,1.4865646362304688,7.089000225067139,7.860000133514404,99,822.2000122070312,77.6308313,12.9783368
1766303375088230100,842.5232302246094,19.08025360107422,1.9367355108261108,1.4965622425079346,7.078999996185303,7.570000171661377,97,822.2000122070312,77.6308971,12.9783424
1766303376088930600,843.5239306640625,4.8237996101379395,1.178004503250122,1.506569266319275,6.567999839782715,9.670000076293945,97,822.2000122070312,77.6310206,12.978305
1766303377088920000,844.5239201660156,5.876890182495117,1.2416770458221436,1.5165692567825317,6.111000061035156,9.529999732971191,95,822.2000122070312,77.6310714,12.9783054
1766303378088913200,845.5239130859375,10.857414245605469,1.5580568313598633,1.526569128036499,5.554999828338623,9.729999542236328,96,822.2000122070312,77.631158,12.9782795
1766303379088714200,846.5237143554688,13.299909591674805,1.7697778940200806,1.5365670919418335,4.704999923706055,9.859999656677246,93,822.2000122070312,77.6312437,12.9782685
1766303380088579600,847.5235795898437,3.879054069519043,1.1739146709442139,1.5465657711029053,4.072999954223633,12.109999656677246,94,822.2000122070312,77.6313748,12.9782693
1766303381088500200,848.5235002441407,6.383795261383057,1.3908299207687378,1.5565650463104248,4.046000003814697,12.369999885559082,97,822.2000122070312,77.6314815,12.9782458
1766303382088747800,849.5237478027344,8.367639541625977,1.6580207347869873,1.5665674209594727,3.9619998931884766,12.470000267028809,97,822.2000122070312,77.6315979,12.9782282
1766303383088857600,850.5238576660156,10.474555969238281,1.8615193367004395,1.576568603515625,4.2210001945495605,12.34000015258789,97,822.2000122070312,77.6317092,12.9782161
1766303384088307700,851.5233076171875,8.875532150268555,1.8155487775802612,1.5865631103515625,4.556000232696533,12.670000076293945,95,822.2000122070312,77.6318266,12.9782035
1766303385088630300,852.5236303710938,7.539677619934082,1.9006123542785645,1.5965663194656372,5.197999954223633,12.770000457763672,95,822.2000122070312,77.631943,12.9781943
1766303386088369200,853.523369140625,10.062385559082031,2.1242213249206543,1.606563687324524,5.563000202178955,13.65999984741211,97,822.2000122070312,77.6320865,12.9781755
1766303387088915200,854.5239152832031,7.482598781585693,2.082449436187744,1.6165691614151,7.3429999351501465,15.039999961853027,97,822.2000122070312,77.6322418,12.9781465
1766303388088438500,855.5234384765625,6.779810905456543,1.886921763420105,1.626564383506775,8.050999641418457,15.630000114440918,95,822.2000122070312,77.6324072,12.9781473
1766303389088719000,856.5237189941406,7.573702335357666,2.049452543258667,1.636567234992981,9.843000411987305,15.739999771118164,95,822.2000122070312,77.6325467,12.9781209
1766303390088349400,857.5233493652344,6.860764980316162,1.9568551778793335,1.6465635299682617,10.144000053405762,17.239999771118164,95,822.2000122070312,77.632761,12.9780874
1766303391089168100,858.5241682128906,4.525100231170654,1.4517812728881836,1.656571626663208,11.58899974822998,17.18000030517578,92,822.2000122070312,77.632904,12.978111
1766303392088351200,859.5233513183593,5.436895847320557,2.5765180587768555,1.6665635108947754,11.480999946594238,17.31999969482422,91,822.2000122070312,77.6330524,12.9781146
1766303393088631800,860.5236318359375,5.3740010261535645,1.4755414724349976,1.6765663623809814,11.345999717712402,17.75,90,822.2000122070312,77.6332136,12.9781241
1766303394088704800,861.5237048339844,5.537348747253418,1.6021937131881714,1.6865670680999756,11.288999557495117,17.520000457763672,89,822.2000122070312,77.633375,12.9781308
1766303395088290300,862.5232902832031,6.6807756423950195,1.9269168376922607,1.6965628862380981,11.151000022888184,17.260000228881836,90,822.2000122070312,77.6335344,12.9781327
1766303396088380400,863.5233803710937,4.974162578582764,1.7467221021652222,1.7065638303756714,11.006999969482422,18.270000457763672,88,822.2000122070312,77.6337133,12.9781488
1766303397088876000,864.5238759765625,5.2940449714660645,1.497732400894165,1.7165687084197998,10.956000328063965,17.889999389648438,88,822.2000122070312,77.6338697,12.9781683
1766303398088526300,865.5235263671875,6.064027309417725,1.7772587537765503,1.7265652418136597,10.986000061035156,18.59000015258789,87,822.2000122070312,77.6340455,12.9781848
1766303399088454100,866.5234541015625,5.389338493347168,1.7243038415908813,1.7365645170211792,10.994999885559082,18.510000228881836,87,822.2000122070312,77.6342249,12.978194
1766303400088829000,867.5238288574219,4.937161445617676,1.4769362211227417,1.7465683221817017,10.91100025177002,18.719999313354492,86,822.2000122070312,77.6343993,12.978208
1766303401087818200,868.522818359375,5.042549133300781,1.3869842290878296,1.7565581798553467,10.914999961853027,17.780000686645508,82,822.2000122070312,77.6345568,12.9782582
1766303402087873000,869.522873046875,5.155030727386475,1.3840632438659668,1.7665587663650513,10.920000076293945,17.360000610351562,88,822.2000122070312,77.6347184,12.9782487
1766303403087389700,870.5223896484375,5.731935501098633,1.556628942489624,1.7765538692474365,10.930999755859375,17.559999465942383,89,822.2000122070312,77.6348786,12.9782242
1766303404087602000,871.5226018066406,5.728250980377197,1.6196651458740234,1.7865560054779053,10.861000061035156,17.5,85,822.2000122070312,77.6350226,12.9782508
1766303405087836400,872.5228364257813,4.405387878417969,1.2317754030227661,1.7965583801269531,10.741000175476074,16.399999618530273,87,822.2000122070312,77.635172,12.97822
1766303406087718400,873.5227185058594,4.929795265197754,1.3272778987884521,1.8065571784973145,10.661999702453613,16.600000381469727,85,822.2000122070312,77.6353264,12.9782057
1766303407087327700,874.5223276367187,3.829629898071289,1.3485618829727173,1.8165532350540161,10.562000274658203,16.329999923706055,87,822.2000122070312,77.6354791,12.9782061
1766303408088040000,875.5230400390625,4.876009464263916,1.3819189071655273,1.826560378074646,10.395999908447266,16.15999984741211,88,822.2000122070312,77.6356218,12.978205
1766303409087751000,876.5227509765625,4.237730026245117,1.364598274230957,1.8365575075149536,10.284000396728516,15.539999961853027,88,822.2000122070312,77.6357749,12.9782331
1766303410087672000,877.5226721191407,4.3224992752075195,1.2540074586868286,1.8465566635131836,10.263999938964844,16.030000686645508,87,822.2000122070312,77.6359329,12.9782462
1766303411087254000,878.52225390625,5.718491554260254,1.5286900997161865,1.8565526008605957,10.244999885559082,15.710000038146973,88,822.2000122070312,77.6360843,12.9782443
1766303412087839500,879.5228395996094,3.9981882572174072,1.329148530960083,1.8665584325790405,10.196999549865723,15.239999771118164,87,822.2000122070312,77.6362087,12.9782399
1766303413087739600,880.5227397460937,5.773350715637207,1.5891838073730469,1.8765573501586914,10.232000350952148,15.510000228881836,87,822.2000122070312,77.6363649,12.9782447
1766303414087902200,881.5229020996094,4.756330490112305,1.4625380039215088,1.886559009552002,10.3100004196167,15.569999694824219,88,822.2000122070312,77.6365037,12.9782509
1766303415087717600,882.5227175292969,4.229147911071777,1.2673559188842773,1.8965572118759155,10.371999740600586,14.6899995803833,89,822.2000122070312,77.6366207,12.9782578
1766303416087493000,883.5224931640626,5.406808376312256,1.2138556241989136,4.855742454528809,10.456000328063965,14.520000457763672,88,821.103759765625,77.636752,12.9782579
1766303417088113000,884.5231127929687,5.755531311035156,1.6559460163116455,4.946871757507324,10.62399959564209,14.579999923706055,88,820.064697265625,77.6368871,12.9782657
1766303418087913000,885.5229128417968,5.512616157531738,1.5990653038024902,5.2041707038879395,10.769000053405762,12.720000267028809,88,819.9755859375,77.6369966,12.9782564
1766303419087691000,886.5226909179687,6.068920135498047,1.412798285484314,5.40828275680542,10.862000465393066,12.75,89,819.342529296875,77.637107,12.9782633
1766303420087661000,887.5226611328125,6.867201805114746,1.6500980854034424,5.538504123687744,11.062999725341797,12.920000076293945,87,819.5068359375,77.6372311,12.9782653
1766303421087316000,888.5223159179687,6.139178276062012,1.744111180305481,5.223665714263916,11.246000289916992,12.609999656677246,87,819.497802734375,77.6373505,12.9782726
1766303422087898600,889.5228986816406,8.987869262695312,1.826824426651001,5.064398765563965,11.4350004196167,12.40999984741211,90,819.452392578125,77.6374704,12.9782669
1766303423087193000,890.5221931152344,10.01152515411377,1.9209989309310913,4.950866222381592,11.571999549865723,11.890000343322754,93,819.3897705078125,77.6375913,12.9782658
1766303424088100000,891.5231000976562,10.04638671875,1.8893163204193115,5.143997669219971,11.82800006866455,11,91,819.47412109375,77.6376694,12.9782474
1766303425087324700,892.5223247070312,10.914974212646484,1.9585398435592651,5.364213466644287,11.973999977111816,10.779999732971191,93,819.8701171875,77.6377799,12.9782427
1766303426088064300,893.5230642089844,12.065747261047363,2.043976068496704,5.543286323547363,12.284000396728516,10.550000190734863,92,819.47119140625,77.6378675,12.9782438
1766303427087706600,894.5227065429688,12.757085800170898,2.1184728145599365,5.849910736083984,12.517999649047852,10.229999542236328,90,819.5308837890625,77.6379585,12.9782522
1766303428087487000,895.5224870605468,12.505380630493164,1.9591575860977173,6.120748043060303,12.942999839782715,9.510000228881836,89,819.6004638671875,77.6380368,12.9782495
1766303429088159700,896.5231596679688,13.241729736328125,1.912624478340149,6.3519606590271,13.090999603271484,9.0600004196167,88,820.28173828125,77.6381443,12.978238
1766303430087353600,897.522353515625,16.761913299560547,2.257868766784668,6.572276592254639,13.295000076293945,8.979999542236328,88,820.28662109375,77.6382275,12.97823
1766303431087905500,898.5229055175781,19.73288345336914,2.6564998626708984,6.81611967086792,13.562000274658203,8.970000267028809,88,820.2857666015625,77.6383097,12.9782205
1766303432088142800,899.5231428222656,21.19379425048828,2.8917133808135986,7.020064830780029,14.225000381469727,9.029999732971191,88,820.472900390625,77.6383912,12.9782189
1766303433087159600,900.5221596679687,22.407339096069336,3.126121997833252,7.3038740158081055,15.119000434875488,9.300000190734863,88,820.601318359375,77.6384872,12.978213
1766303434087880700,901.5228806152344,24.118553161621094,3.3289716243743896,7.078611850738525,16.53499984741211,9.149999618530273,86,820.6163330078125,77.6385657,12.978215
1766303435087957200,902.5229572753906,23.59612464904785,3.4854798316955566,7.019677639007568,19.33300018310547,9.800000190734863,86,820.61669921875,77.6386928,12.9782145
1766303436088004900,903.5230048828125,25.332223892211914,3.718719244003296,7.002994060516357,21.8439998626709,9.800000190734863,86,820.61767578125,77.6387828,12.9782101
1766303437087872800,904.5228728027344,26.926681518554688,3.937931776046753,7.1158857345581055,23.47100067138672,9.789999961853027,86,820.6175537109375,77.6388728,12.9782056
1766303438087652600,905.5226525878907,24.39472198486328,3.895282030105591,6.995456695556641,27.48200035095215,10.09000015258789,91,820.523193359375,77.6389879,12.9782165
1766303439088177000,906.5231770019532,20.318933486938477,3.6957643032073975,7.183394908905029,29.72599983215332,11.619999885559082,92,820.237548828125,77.6392218,12.9782173
1766303440087797800,907.5227978515625,20.310365676879883,3.4810686111450195,7.285645484924316,29.961999893188477,10.949999809265137,89,820.278076171875,77.6392724,12.978247
1766303441088190700,908.5231906738281,21.617923736572266,3.7145767211914062,7.433963298797607,32.612998962402344,10.9399995803833,89,820.27490234375,77.639373,12.9782478
1766303442087979800,909.5229797363281,22.83706283569336,3.934016704559326,7.6002726554870605,34.09000015258789,10.930000305175781,89,820.2738037109375,77.6394735,12.9782487
1766303450174000000,917.6090002441406,0,0,17.34866714477539,27.062000274658203,0,0,833.3999633789062,77.6390467,12.9781537
1766303450865000000,918.3,0,0,28.239248275756836,82.5,0,0,840.8999633789062,77.639118,12.9781595
1766303459088046300,926.5230463867188,66.72212219238281,1.4320170879364014,28.32147789001465,18.267000198364258,0.9800000190734863,257,840.8999633789062,77.6388171,12.9783649
1766303460087769300,927.5227692871093,66.38294219970703,1.4969972372055054,28.33147621154785,16.788999557495117,1.0299999713897705,247,840.8999633789062,77.6387971,12.9783513
1766303461087978200,928.5229782714844,59.95497131347656,1.6324042081832886,28.34147834777832,15.522000312805176,0.6299999952316284,245,840.8999633789062,77.6387879,12.9783479
1766303462087913500,929.5229135742187,0,1.776069164276123,28.351476669311523,14.555000305175781,0,0,840.8999633789062,77.6387913,12.9783465
1766303463087433700,930.5224338378906,0,1.899263620376587,21.67105484008789,13.567999839782715,0,0,840.8999633789062,77.6387901,12.9783447
1766303464087484200,931.5224841308594,66.38294219970703,2.1821396350860596,21.681055068969727,12.928000450134277,0.20000000298023224,247,840.8999633789062,77.638783,12.978341
1766303465087558700,932.52255859375,66.38294219970703,2.296344757080078,21.691055297851562,11.602999687194824,0.17000000178813934,247,840.8999633789062,77.638782,12.978338
1766303466087587600,933.5225876464843,66.38294219970703,2.547919988632202,21.7010555267334,10.949000358581543,0.3100000023841858,247,840.8999633789062,77.6387807,12.9783321
1766303467087954700,934.5229545898437,66.38294219970703,2.602346181869507,21.7110595703125,10.626999855041504,0.3499999940395355,247,840.8999633789062,77.6387852,12.9783271
1766303468088016000,935.5230158691406,80.2458267211914,2.54121470451355,21.721059799194336,11.154000282287598,1.1100000143051147,103,840.8999633789062,77.6388159,12.9783253
1766303469088107300,936.5231071777343,74.49018859863281,2.8347408771514893,15.657210350036621,11.982000350952148,1.5199999809265137,95,833.7000122070312,77.6388565,12.9783257
1766303470087240400,937.5222404785156,75.28463745117188,3.166165351867676,15.66720199584961,12.654999732971191,1.5199999809265137,94,833.7000122070312,77.6388878,12.9783248
1766303471088129500,938.5231296386719,79.30387878417969,3.3325185775756836,15.677210807800293,14.48900032043457,1.4199999570846558,94,833.7000122070312,77.6389091,12.9783219
1766303472087317800,939.5223178710937,81.59304809570312,3.575866937637329,15.687202453613281,15.673999786376953,1.4199999570846558,94,833.7000122070312,77.6389271,12.9783191
1766303472119000000,939.554,0,0,15.687202453613281,17.469999313354492,0,0,833.7000122070312,77.6389271,12.9783191
1766303473087426000,940.5224260253906,84.82598114013672,3.5129454135894775,15.697203636169434,18.01300048828125,1.2400000095367432,103,833.7000122070312,77.6389402,12.9783128
1766303474087608000,941.5226081542969,74.8714599609375,3.2127137184143066,15.707205772399902,19.05500030517578,1.7100000381469727,70,833.7000122070312,77.6389686,12.9783383
1766303475087785700,942.5227856445313,76.08173370361328,3.3688411712646484,15.717207908630371,20.559999465942383,1.7200000286102295,75,833.7000122070312,77.638994,12.9783552
1766303476087848000,943.5228479003906,82.75477600097656,3.4637973308563232,15.727208137512207,20.402999877929688,1.3700000047683716,86,833.7000122070312,77.6390077,12.9783556
1766303477088130300,944.5231303710938,91.78923797607422,3.5857174396514893,15.737211227416992,20.358999252319336,0.8700000047683716,85,833.7000122070312,77.6390041,12.9783603
1766303478087217700,945.5222177734375,92.44139862060547,3.7714922428131104,15.747201919555664,19.895000457763672,0.8700000047683716,96,833.7000122070312,77.6390054,12.9783517
1766303479087359200,946.5223591308594,58.58582305908203,3.508706569671631,15.757203102111816,19.445999145507812,3.0299999713897705,65,833.7000122070312,77.6390639,12.9783933
1766303480087465500,947.5224655761718,40.94413375854492,3.2641048431396484,6.258945941925049,18.725000381469727,4.539999961853027,73,840.8999633789062,77.6393198,12.9784418
1766303481087702800,948.5227028808594,40.6038818359375,3.3135476112365723,6.268948554992676,18.104000091552734,4.699999809265137,81,840.8999633789062,77.639373,12.9784374
1766303482087981000,949.5229809570312,37.294334411621094,3.3083202838897705,6.278951168060303,17.666000366210938,5.309999942779541,84,840.8999633789062,77.6394651,12.9783978
1766303483088064500,950.523064453125,26.87384033203125,3.0052928924560547,6.288952350616455,17.218000411987305,7.010000228881836,88,840.8999633789062,77.6396377,12.9783643
1766303484087227000,951.5222268066407,18.99005126953125,2.190347909927368,6.298943519592285,16.724000930786133,7.389999866485596,95,840.8999633789062,77.6396857,12.9782766
1766303485088021000,952.5230209960938,13.328154563903809,1.7022581100463867,6.3089518547058105,15.187999725341797,8.25,88,840.8999633789062,77.6397996,12.9783109
1766303486088176400,953.5231762695313,11.35343074798584,1.3993301391601562,6.318953037261963,13.670000076293945,7.96999979019165,86,840.8999633789062,77.6398491,12.9783359
1766303487087271000,954.5222709960938,11.1106595993042,1.468730092048645,6.328944206237793,12.859999656677246,8.550000190734863,76,840.8999633789062,77.6399408,12.9783948
1766303488087284700,955.5222846679687,12.487432479858398,1.5778177976608276,5.469631671905518,11.22700023651123,8.170000076293945,81,834,77.6400333,12.9783816
1766303489087613200,956.52261328125,16.488239288330078,1.9343854188919067,5.479634761810303,8.119999885559082,8.210000038146973,80,834,77.6401131,12.9783918
1766303490087397600,957.5223977050781,16.04117774963379,2.0714094638824463,5.489632606506348,7.834000110626221,8.3100004196167,73,834,77.6401819,12.9784283
1766303491087686400,958.5226862792969,13.192571640014648,1.8660742044448853,5.499635696411133,7.382999897003174,8.489999771118164,66,834,77.6402454,12.9784719
1766303492088063200,959.5230632324219,14.400251388549805,1.9050263166427612,5.509639263153076,6.914000034332275,8.069999694824219,62,834,77.6402982,12.9784965
1766303493087486500,960.5224865722656,18.973222732543945,2.211005210876465,5.519633769989014,7.336999893188477,7.670000076293945,60,834,77.6403432,12.9785321
1766303494088121900,961.5231218261719,20.47853660583496,2.4270882606506348,5.529640197753906,8.220999717712402,7.860000133514404,60,834,77.6404106,12.9785672
1766303495087591000,962.5225908203125,19.954790115356445,2.3939669132232666,5.539634704589844,9.425000190734863,7.789999961853027,57,834,77.6404751,12.9786107
1766303496087986000,963.5229858398437,17.514619827270508,2.0745010375976562,5.549638748168945,10.404999732971191,7.21999979019165,52,834,77.640506,12.978639
1766303497087271000,964.5222709960938,21.77854347229004,2.359872341156006,5.55963134765625,10.942999839782715,7,53,834,77.6405494,12.9786616
1766303498087779000,965.5227790527343,25.691944122314453,2.5404810905456543,5.569636821746826,12.805000305175781,6.5,51,834,77.6405647,12.9786851
1766303499088108800,966.5231088867188,28.219228744506836,2.6761231422424316,5.579639911651611,13.399999618530273,6.210000038146973,45,834,77.6405913,12.9787259
1766303500087552300,967.5225522460937,23.59113311767578,2.34755539894104,5.589634418487549,14.04800033569336,6.170000076293945,33,834,77.6405891,12.9787855
1766303501087616800,968.5226166992187,19.800241470336914,2.1897523403167725,5.599635124206543,14.151000022888184,6.710000038146973,30,834,77.6406118,12.9788745
1766303502087938600,969.5229384765624,16.21428108215332,2.134392738342285,5.609638214111328,14.526000022888184,7.880000114440918,21,834,77.6406386,12.979006
1766303503087502000,970.5225021972657,14.468427658081055,2.014357805252075,5.619633674621582,14.342000007629395,8.529999732971191,18,834,77.640641,12.9791515
1766303504087404000,971.5224040527344,10.458251953125,1.6114422082901,5.629632949829102,13.598999977111816,8.65999984741211,17,834,77.6406688,12.9792232
1766303505088024300,972.5230244140625,12.765545845031738,1.4739731550216675,5.639638900756836,11.95199966430664,8.430000305175781,11,834,77.6406518,12.9792542
1766303506087407600,973.5224077148438,4.97327184677124,1.159666895866394,5.649632930755615,11.274999618530273,8.34000015258789,6,834,77.6406555,12.9793107
1766303507087527400,974.52252734375,11.970781326293945,1.4274214506149292,5.659634113311768,10.359999656677246,8.260000228881836,5,834,77.6406733,12.9794016
1766303508087742700,975.5227426757813,7.935637474060059,1.3225083351135254,5.669636249542236,8.484999656677246,8.09000015258789,3,834,77.6407189,12.9795303
1766303509088174600,976.5231745605469,14.051310539245605,1.7078537940979004,5.679640769958496,7.7769999504089355,8.0600004196167,3,834,77.6407223,12.9795938
1766303510087486200,977.522486328125,17.666259765625,2.0016531944274902,5.689633846282959,7.875999927520752,8.029999732971191,1,834,77.6407174,12.9796625
1766303511087711200,978.5227111816406,18.452129364013672,2.1465837955474854,5.699635982513428,7.947999954223633,8.119999885559082,4,834,77.6407352,12.979734
1766303512088029400,979.5230295410156,20.402204513549805,2.3204123973846436,5.709639072418213,8.756999969482422,8.130000114440918,1,834,77.6407304,12.9798094
1766303513087448300,980.5224482421875,22.207622528076172,2.47206449508667,5.719633102416992,9.513999938964844,8.109999656677246,10,834,77.6407638,12.9798856
1766303514087845600,981.522845703125,20.178983688354492,2.385174512863159,5.729637145996094,10.467000007629395,8.3100004196167,4,834,77.6407755,12.9799634
1766303515088202000,982.5232019042969,12.106942176818848,1.6800503730773926,5.739640712738037,11.440999984741211,8.050000190734863,357,834,77.6407674,12.9800313
1766303516087576300,983.5225764160157,16.96587562561035,1.8807213306427002,5.749634742736816,10.987000465393066,7.46999979019165,353,834,77.6407428,12.980044
1766303517087939300,984.5229392089843,20.42863655090332,2.078387498855591,5.75963830947876,10.954000473022461,7.46999979019165,353,834,77.6407411,12.9801113
1766303518087274000,985.5222739257813,17.03260040283203,2.0035996437072754,5.769631385803223,11.156000137329102,7.559999942779541,357,834,77.6407432,12.9801831
1766303519087722200,986.5227221679687,20.35539436340332,2.243755340576172,5.779635906219482,11.12399959564209,7.570000171661377,0,834,77.6407562,12.9802467
1766303520088047900,987.5230478515625,16.708465576171875,2.300539016723633,5.789639472961426,11.253000259399414,9.270000457763672,356,834,77.6407361,12.9804233
1766303521087184000,988.5221838378907,18.995508193969727,2.3883213996887207,5.799630641937256,12.005999565124512,8.880000114440918,358,834,77.6407464,12.9804983
1766303522088084000,989.523083984375,11.965332984924316,1.9073283672332764,5.8096394538879395,13.494000434875488,9.350000381469727,0,834,77.6407539,12.9806158
1766303523087433200,990.5224331054687,13.289268493652344,1.7930220365524292,5.8196330070495605,13.58899974822998,8.710000038146973,358,834,77.6407607,12.9806491
1766303524087397000,991.5223972167969,12.778985977172852,1.4851018190383911,5.829632759094238,13.447999954223633,7.510000228881836,354,834,77.6407625,12.9807084
1766303525087669500,992.5226694335937,9.791743278503418,1.3272619247436523,5.839635372161865,13.413999557495117,8.770000457763672,356,834,77.6407528,12.9807988
1766303526087615700,993.5226157226563,10.147148132324219,1.4767181873321533,5.849635124206543,13.11400032043457,9.420000076293945,356,834,77.6407413,12.9808991
1766303527087655200,994.5226552734375,9.707413673400879,1.476948618888855,5.859635353088379,13.00100040435791,9.850000381469727,358,834,77.6407406,12.9809798
1766303528087400200,995.5224001464844,11.819510459899902,1.6624717712402344,5.869632720947266,12.595000267028809,9.09000015258789,357,834,77.6407351,12.9810359
1766303529087942000,996.5229418945313,13.862627029418945,2.0941457748413086,5.879638195037842,12.319999694824219,9.75,356,834,77.640725,12.9811355
1766303530087772000,997.5227719726563,15.589783668518066,2.412123680114746,5.889636516571045,12.25,9.970000267028809,357,834,77.6407202,12.9812414
1766303531088054300,998.5230541992188,16.86526107788086,2.644897699356079,5.899639129638672,12.357999801635742,10.079999923706055,3,834,77.6407396,12.9813402
1766303532087202600,999.5222026367187,19.809389114379883,2.618041753768921,5.90963077545166,12.269000053405762,8.449999809265137,3,834,77.6407482,12.981384
1766303533087666400,1000.5226665039063,9.320206642150879,1.8478792905807495,5.91963529586792,12.133000373840332,10.149999618530273,355,834,77.6407204,12.981506
1766303534087388000,1001.5223879394531,10.02970027923584,1.4360957145690918,5.929632663726807,11.977999687194824,9.270000457763672,355,834,77.6407184,12.9815975
1766303535087518200,1002.5225183105468,12.272619247436523,1.781448483467102,5.939633846282959,11.88700008392334,9.380000114440918,356,834,77.6407155,12.9816783
1766303536087459300,1003.5224592285156,14.601393699645996,1.9798166751861572,5.949633598327637,11.697999954223633,8.680000305175781,351,834,77.6406782,12.9817482
1766303537087643100,1004.5226430664062,12.49868392944336,1.7741073369979858,5.959635257720947,11.222999572753906,8.5,352,834,77.6406585,12.9818202
1766303538088144100,1005.5231440429687,11.377864837646484,1.5835164785385132,5.969640254974365,11.142999649047852,8.020000457763672,358,834,77.6406791,12.9818858
1766303539087371500,1006.5223715820313,13.662680625915527,1.867581844329834,5.979632377624512,11.133000373840332,8.489999771118164,356,834,77.6406511,12.9819754
1766303540087507700,1007.5225078125,12.550623893737793,1.8478902578353882,5.989634037017822,11.192999839782715,8.770000457763672,357,834,77.6406501,12.9820555
1766303541087969300,1008.5229692382812,13.953574180603027,1.9360986948013306,5.999638557434082,11.208000183105469,8.529999732971191,359,834,77.640652,12.9821271
1766303542088094500,1009.5230944824219,7.389089107513428,1.3119934797286987,6.009639739990234,11.321999549865723,8.0600004196167,355,834,77.6406583,12.982201
1766303543087470600,1010.522470703125,11.006078720092773,1.5923699140548706,6.0196332931518555,11.378999710083008,8.229999542236328,2,834,77.6406674,12.9822765
1766303544087806000,1011.5228059082032,12.948104858398438,1.6269351243972778,6.029636859893799,11.67199993133545,7.170000076293945,359,834,77.6406668,12.9823277
1766303545088190000,1012.5231899414063,17.300588607788086,1.8544516563415527,6.0396409034729,11.8149995803833,6.559999942779541,359,834,77.6406818,12.9823758
1766303546087458000,1013.5224580078125,12.6268892288208,1.545119047164917,6.049633502960205,11.852999687194824,5.730000019073486,356,834,77.6406697,12.9824163
1766303547087876600,1014.5228767089844,15.457209587097168,1.7805970907211304,6.059637546539307,11.88599967956543,6.110000133514404,356,834,77.6406754,12.9825103
1766303548087275500,1015.5222756347656,17.819957733154297,1.9478367567062378,6.069631576538086,11.95199966430664,6.329999923706055,356,834,77.64068,12.9825906
1766303549087918300,1016.5229184570312,11.279090881347656,1.6236799955368042,6.0796380043029785,11.996999740600586,7.210000038146973,357,834,77.6406605,12.9826829
1766303550087360300,1017.5223603515625,15.695137977600098,1.8785715103149414,6.089632511138916,12.005999565124512,6.940000057220459,355,834,77.640655,12.9827518
1766303551087839700,1018.52283984375,19.185644149780273,2.0053513050079346,6.099637031555176,11.963000297546387,6.949999809265137,0,834,77.6406739,12.9828125
1766303552088269800,1019.5232697753906,15.288926124572754,1.9040484428405762,6.1096415519714355,12.055000305175781,7.099999904632568,358,834,77.6406548,12.9828954
1766303553087681500,1020.522681640625,16.249427795410156,1.995068073272705,6.119635581970215,12.253999710083008,7.090000152587891,356,834,77.640631,12.9829683
1766303554088076500,1021.5230766601562,14.757274627685547,1.8859798908233643,6.129639625549316,12.491999626159668,7.380000114440918,356,834,77.6406184,12.9830415
1766303555087519000,1022.5225190429687,13.388733863830566,1.7056710720062256,6.139634132385254,12.576000213623047,7.840000152587891,357,834,77.6406256,12.9831202
1766303556087319000,1023.5223190917969,17.004167556762695,1.9405823945999146,6.149631977081299,12.609999656677246,7.840000152587891,356,834,77.6406198,12.9832003
1766303557087944700,1024.5229448242187,18.146923065185547,2.0241568088531494,6.159638404846191,12.784000396728516,7.510000228881836,5,834,77.6406325,12.9832588
1766303558087324200,1025.52232421875,16.532405853271484,1.9346376657485962,6.1696319580078125,12.871999740600586,7.960000038146973,7,834,77.6406431,12.9833595
1766303559087791000,1026.522791015625,19.815345764160156,2.1040048599243164,6.1796369552612305,12.949000358581543,7.840000152587891,4,834,77.6406389,12.9834244
1766303560087518200,1027.522518310547,8.416598320007324,1.3949700593948364,6.189633846282959,12.82800006866455,8.229999542236328,4,834,77.6406139,12.9835377
1766303561087475200,1028.5224750976563,13.192242622375488,1.717757225036621,6.199633598327637,12.807000160217285,8.289999961853027,5,834,77.6406242,12.9836217
1766303562087959300,1029.5229592285157,13.703185081481934,1.7576032876968384,6.209638595581055,12.581999778747559,8.039999961853027,8,834,77.6406367,12.9836878
1766303563087399700,1030.522399658203,16.031688690185547,1.942431926727295,6.219632625579834,12.496999740600586,7.949999809265137,9,834,77.6406552,12.9837643
1766303564087702300,1031.5227023925781,16.735340118408203,1.8550233840942383,6.229635715484619,12.550000190734863,7.079999923706055,15,834,77.6406859,12.9837985
1766303565088028200,1032.5230280761718,18.087907791137695,1.8784703016281128,6.2396392822265625,12.600000381469727,7.110000133514404,17,834,77.6407211,12.9838616
1766303566087345700,1033.522345703125,20.0506591796875,1.967275857925415,6.249632358551025,12.715999603271484,7.159999847412109,17,834,77.6407515,12.9839248
1766303567087597600,1034.52259765625,21.203054428100586,2.052046298980713,6.259634971618652,12.944000244140625,7.090000152587891,19,834,77.640777,12.98399
1766303568087656400,1035.5226564941406,23.350486755371094,2.2238149642944336,6.269635200500488,13.508000373840332,6.920000076293945,19,834,77.64081,12.9840394
1766303569087763000,1036.522762939453,23.962661743164062,2.2707338333129883,6.279636383056641,13.956000328063965,6.659999847412109,22,834,77.6408463,12.9840782
1766303570087638500,1037.5226384277344,24.79843521118164,2.3724279403686523,6.289635181427002,14.175000190734863,6.519999980926514,21,834,77.6408833,12.9841283
1766303571087529700,1038.5225297851562,27.03209686279297,2.4170963764190674,6.299633979797363,14.753999710083008,6.050000190734863,21,834,77.6409085,12.984153
1766303572087804400,1039.5228044433593,20.109285354614258,2.0745882987976074,6.309637069702148,14.890000343322754,6.71999979019165,38,834,77.6409688,12.9842204
1766303573087415000,1040.5224150390625,19.948490142822266,2.1939737796783447,6.3196330070495605,14.894000053405762,7.309999942779541,42,834,77.6410515,12.9843053
1766303574087687400,1041.5226875,17.343847274780273,1.9522773027420044,6.3296356201171875,14.90999984741211,7.650000095367432,45,834,77.6411185,12.9843783
1766303575087953000,1042.5229528808593,19.53041648864746,1.9731757640838623,5.90138578414917,14.642000198364258,7.409999847412109,48,826.052001953125,77.6411821,12.9843836
1766303576087435300,1043.5224353027343,13.767708778381348,1.5532244443893433,5.890175819396973,14.407999992370605,7.840000152587891,59,825.900146484375,77.6412684,12.9844164
1766303577087983400,1044.5229833984374,15.496058464050293,1.5968395471572876,5.918456077575684,14.041999816894531,7.800000190734863,61,825.56787109375,77.641334,12.984433
1766303578087219500,1045.5222194824219,17.90403938293457,1.801364779472351,5.940016269683838,13.937999725341797,7.889999866485596,61,825.578369140625,77.6414048,12.9844642
1766303579087434500,1046.5224345703125,17.899372100830078,1.8044970035552979,5.972907066345215,13.675000190734863,8.029999732971191,63,825.530517578125,77.6414762,12.9844952
1766303580087873000,1047.522873046875,19.594797134399414,1.9026896953582764,5.594947338104248,13.444000244140625,8.180000305175781,63,825.4669189453125,77.6415592,12.9845298
1766303581087278800,1048.5222788085937,20.792560577392578,1.6367942094802856,5.329380512237549,13.237000465393066,7.679999828338623,61,825.4451904296875,77.6416169,12.9845515
1766303582087770600,1049.5227705078125,12.716668128967285,1.494936466217041,5.026340007781982,13.079999923706055,8.020000457763672,65,825.47509765625,77.6416891,12.9845877
1766303583087953000,1050.5229528808593,14.170371055603027,1.5127798318862915,4.92970085144043,12.74899959564209,7.980000019073486,66,826.0751953125,77.6417678,12.9846146
1766303584087231500,1051.5222314453124,17.13722038269043,1.6690582036972046,4.8730645179748535,12.652000427246094,8.069999694824219,67,826.0277099609375,77.6418381,12.9846458
1766303585087513300,1052.5225134277343,19.66761589050293,1.6696317195892334,4.899983882904053,12.47599983215332,7.730000019073486,68,826.1171875,77.6418919,12.9846441
1766303586087834400,1053.5228344726563,13.8678617477417,1.551490306854248,4.912821292877197,12.204000473022461,8.319999694824219,66,826.2073974609375,77.6419689,12.9846937
1766303587087187700,1054.5221877441406,17.03261947631836,1.8007704019546509,4.865952968597412,12.194999694824219,8.390000343322754,66,826.334228515625,77.6420452,12.9847377
1766303588087405600,1055.5224055175781,19.118480682373047,1.9535038471221924,4.712204456329346,12.152000427246094,8.40999984741211,66,826.3355712890625,77.6421189,12.9847752
1766303589087511300,1056.5225112304688,20.190208435058594,2.0816309452056885,4.626988410949707,12.151000022888184,8.279999732971191,68,826.309814453125,77.6421889,12.9848068
1766303590087649800,1057.5226499023438,22.578859329223633,2.2884345054626465,4.52470588684082,12.15999984741211,8.279999732971191,68,826.342529296875,77.6422576,12.984835
1766303591087727400,1058.5227272949219,25.263216018676758,2.4601731300354004,4.450024127960205,12.23900032043457,8.0600004196167,69,826.247802734375,77.6423246,12.9848793
1766303592087932700,1059.5229326171875,25.90482521057129,2.6445133686065674,4.216965198516846,12.38700008392334,8.039999961853027,69,826.258056640625,77.6423876,12.9849122
1766303593088169000,1060.5231689453126,22.380949020385742,2.2732479572296143,4.0603837966918945,12.461999893188477,8.279999732971191,68,826.1688232421875,77.6424615,12.9849614
1766303594087391000,1061.5223908691407,23.877775192260742,2.345590591430664,3.9799866676330566,12.487000465393066,8.329999923706055,67,825.76806640625,77.6425307,12.9850008
1766303595087362000,1062.5223620605468,16.431360244750977,1.783531904220581,3.7722008228302,12.322999954223633,9.899999618530273,70,826.1961669921875,77.6426714,12.9850781
1766303596087456800,1063.5224567871094,14.214468002319336,1.8109209537506104,3.7732110023498535,12.114999771118164,10.420000076293945,70,826.7486572265625,77.6427646,12.9851055
1766303597087855600,1064.5228557128905,13.383846282958984,1.9048428535461426,3.9260170459747314,11.803999900817871,10.4399995803833,64,825.795654296875,77.6428195,12.9852056
1766303598088091400,1065.5230913085938,10.65895938873291,1.5689588785171509,3.8246138095855713,11.496999740600586,11.350000381469727,63,828.1695556640625,77.6429366,12.9851956
1766303599087846400,1066.5228464355469,11.804872512817383,1.6767627000808716,3.718499183654785,11.006999969482422,11.600000381469727,63,829.936767578125,77.6430484,12.9852565
1766303600088039000,1067.5230388183593,12.284467697143555,1.8178653717041016,3.8533401489257812,10.940999984741211,11.390000343322754,63,830.2049560546875,77.6431245,12.985312
1766303601087640300,1068.5226403808595,9.458416938781738,1.7098139524459839,4.399578094482422,10.901000022888184,12.789999961853027,65,828.5338134765625,77.6432865,12.9853619
1766303602088011300,1069.5230112304687,7.230594635009766,1.5431605577468872,5.3656744956970215,10.982999801635742,13.239999771118164,67,827.894775390625,77.6434227,12.9853964
1766303603087289600,1070.5222895507814,6.4082794189453125,1.3334101438522339,6.095887184143066,11.024999618530273,13.739999771118164,68,832.1806640625,77.6435777,12.9854149
1766303604087740400,1071.5227404785155,6.543700695037842,1.3013209104537964,6.036693572998047,11.053000450134277,13.369999885559082,69,829.872314453125,77.6436995,12.9854433
1766303605088049200,1072.5230490722656,9.515990257263184,1.5723482370376587,6.24458122253418,11.180000305175781,13.25,69,829.85302734375,77.6438024,12.9854951
1766303606087411500,1073.5224113769532,6.779668807983398,1.4745272397994995,6.585047245025635,11.197999954223633,13.739999771118164,65,828.917724609375,77.6439137,12.9855767
1766303607087810000,1074.5228100585937,8.77664852142334,1.6845512390136719,6.928004264831543,11.347999572753906,13.5,66,829.06396484375,77.6440257,12.9856268
1766303608088114400,1075.5231145019532,8.970227241516113,1.6842595338821411,7.2277727127075195,11.557999610900879,13.329999923706055,66,828.4208984375,77.6441321,12.9856796
1766303609087250700,1076.522250732422,10.461848258972168,1.739133596420288,7.32082462310791,11.718999862670898,13.130000114440918,67,828.2088623046875,77.6442422,12.9857329
1766303610087356000,1077.5223559570313,10.964045524597168,1.8202953338623047,7.270893096923828,11.97599983215332,13.0600004196167,67,828.58544921875,77.6443398,12.985782
1766303611087481300,1078.5224814453125,11.750994682312012,1.9393644332885742,7.193547248840332,12.425999641418457,13.140000343322754,68,829.195068359375,77.6444646,12.9858163
1766303612087670300,1079.5226701660156,13.387938499450684,2.1082913875579834,7.101726055145264,12.604999542236328,13.279999732971191,68,829.325439453125,77.6445837,12.9858644
1766303613087573000,1080.5225729980468,14.906332969665527,2.222841262817383,6.920424461364746,12.97700023651123,13.390000343322754,69,829.499755859375,77.6447027,12.9859124
1766303614087678500,1081.5226784667968,16.312458038330078,2.4132158756256104,6.708678722381592,13.550999641418457,13.359999656677246,68,829.54736328125,77.6448117,12.985964
1766303615087817000,1082.5228168945312,17.957754135131836,2.582365036010742,6.610908031463623,14.076000213623047,13.329999923706055,68,829.561279296875,77.6449216,12.9860171
1766303616088035800,1083.523035888672,19.05194664001465,2.674159049987793,6.492741584777832,14.666999816894531,13.270000457763672,68,829.573974609375,77.6450293,12.9860693
1766303617087227600,1084.5222275390624,19.419649124145508,2.6881818771362305,6.278813362121582,14.97700023651123,13.180000305175781,68,829.575927734375,77.6451336,12.9861221
1766303618087559200,1085.5225590820312,20.212398529052734,2.7578797340393066,6.131197929382324,15.628999710083008,12.789999961853027,68,829.447265625,77.6452178,12.9861639
1766303619087612200,1086.5226120605469,21.65074920654297,2.9099502563476562,6.135104656219482,16.518999099731445,12.779999732971191,68,829.454345703125,77.6453223,12.9862167
1766303620087587800,1087.522587890625,21.729307174682617,2.9736897945404053,6.047421932220459,17.47800064086914,12.390000343322754,68,829.651123046875,77.6454077,12.9862483
1766303621087629800,1088.5226298828125,23.154159545898438,3.1162922382354736,6.143509387969971,18.700000762939453,12.359999656677246,68,829.66162109375,77.645508,12.986299
1766303622087268600,1089.5222685546876,23.529067993164062,3.1970558166503906,6.034950256347656,20.736000061035156,12.199999809265137,66,829.618408203125,77.6455949,12.9863453
1766303623088129000,1090.52312890625,24.876955032348633,3.3219802379608154,6.035057544708252,22.468000411987305,12.0600004196167,66,829.62353515625,77.6456902,12.9863855
1766303624087703600,1091.5227036132812,26.139339447021484,3.4456605911254883,6.176562786102295,24.257999420166016,11.140000343322754,66,829.62841796875,77.6457405,12.9863951
1766303629198000000,1096.6330002441407,0,0,2.379927635192871,232.69900512695312,0,0,851.2000122070312,77.6457405,12.9863951
1766303632088314600,1099.5233146972657,25.666248321533203,2.4732892513275146,2.4088308811187744,12.026000022888184,0.4300000071525574,69,851.2000122070312,77.6451214,12.9861865
1766303633087431000,1100.5224309082032,41.549415588378906,2.600026845932007,2.4188220500946045,11.208999633789062,3.6500000953674316,251,851.2000122070312,77.645012,12.9861626
1766303634087252000,1101.522251953125,0,0.9949802160263062,2.4288201332092285,10.107999801635742,0,0,851.2000122070312,77.6450776,12.9861162
1766303635087924200,1102.5229243164063,0,0.07023724168539047,2.4388267993927,9.21500015258789,0,0,851.2000122070312,77.6450571,12.9861165
1766303636087455500,1103.5224555664063,0,0.07071541994810104,2.448822259902954,8.491000175476074,0,0,851.2000122070312,77.6450682,12.9861114
1766303637087260400,1104.5222604980468,0,0.0731382891535759,2.458820343017578,7.855000019073486,0,0,851.2000122070312,77.6450641,12.9861085
1766303638087728600,1105.5227287597656,0,0.07062622159719467,2.880030870437622,5.831999778747559,0,0,850.7999877929688,77.6450646,12.9861008
1766303639087749400,1106.522749267578,0,0.07336470484733582,2.890030860900879,5.089000225067139,0,0,850.7999877929688,77.6450733,12.9860975
1766303640087670500,1107.5226704101563,0,0.12966792285442352,2.9000301361083984,4.915999889373779,0,0,850.7999877929688,77.6450735,12.9861015
1766303641087617800,1108.5226176757812,0,0.24366596341133118,2.910029649734497,4.285999774932861,0,0,850.7999877929688,77.645073,12.9861005
1766303642087780400,1109.5227802734375,0,0.14957132935523987,2.9200313091278076,4.15500020980835,0,0,850.7999877929688,77.6450753,12.9861033
1766303643087895800,1110.5228957519532,0,0.24647115170955658,2.93003249168396,4.105000019073486,0,0,850.7999877929688,77.6450743,12.986104
1766303644088190200,1111.5231901855468,0,0.587386429309845,1.2778794765472412,4.289999961853027,0,0,850.8999633789062,77.6450756,12.9861038
1766303645087270100,1112.5222702636718,0,0.7732961773872375,1.2878702878952026,4.841000080108643,0,0,850.8999633789062,77.6450756,12.9861038
1766303646088030700,1113.5230307617187,0,0.9036561846733093,1.2978779077529907,6.4120001792907715,0,0,850.8999633789062,77.6450755,12.9861037
1766303647087761400,1114.5227614746093,0,0.9830048680305481,1.307875156402588,7.835999965667725,0,0,850.8999633789062,77.6450761,12.9861043
1766303648087675000,1115.5226748046875,0,0.9925597906112671,1.3178743124008179,10.229000091552734,0,0,850.8999633789062,77.6450763,12.9861045
1766303649087510000,1116.5225100097657,0,1.2815865278244019,1.327872633934021,13.331000328063965,0,0,850.8999633789062,77.6450766,12.9861047
1766303650087505700,1117.5225056152344,0,1.5204745531082153,5.61381196975708,18.6299991607666,0,0,850.7999877929688,77.6450774,12.9861053
1766303651087198000,1118.522197998047,0,1.330650806427002,5.623808860778809,19.68199920654297,0,0,850.7999877929688,77.6450777,12.9861054
1766303652087285800,1119.5222856445312,0,1.4101815223693848,5.633810043334961,22.139999389648438,0,0,850.7999877929688,77.6450777,12.9861054
1766303653087469600,1120.522469482422,0,1.427821159362793,5.6438117027282715,23.847000122070312,0,0,850.7999877929688,77.6450779,12.9861057
1766303654087688400,1121.5226884765625,0,1.342987298965454,5.65381383895874,24.906999588012695,0,0,850.7999877929688,77.6450783,12.9861059
1766303655087987200,1122.5229873046876,0,1.8063008785247803,4.2626848220825195,23.024999618530273,0,0,850.8999633789062,77.6450799,12.9861058
1766303656087323000,1123.5223229980468,0,2.044254779815674,4.272678375244141,21.17099952697754,0,0,850.8999633789062,77.6450816,12.9861064
1766303657087652400,1124.52265234375,0,2.81345796585083,4.282681465148926,19.249000549316406,0,0,850.8999633789062,77.6450816,12.9861064
1766303658087627300,1125.5226271972656,0,2.8945345878601074,4.2926812171936035,17.538000106811523,0,0,850.8999633789062,77.6450822,12.986107
1766303659088027400,1126.52302734375,23.35936164855957,2.7368381023406982,4.302685260772705,15.980999946594238,7.190000057220459,75,850.8999633789062,77.6453317,12.9860097
1766303660087336400,1127.5223364257813,20.42253303527832,2.5106184482574463,4.312678337097168,15.576000213623047,7.46999979019165,72,850.8999633789062,77.6454638,12.9860339
1766303661087581700,1128.5225817871094,13.254396438598633,2.0408873558044434,21.461360931396484,14.237000465393066,9.09000015258789,76,840,77.6456624,12.9861027
1766303662087841500,1129.5228415527345,7.935271739959717,1.5641987323760986,21.471363067626953,12.559000015258789,10.630000114440918,70,840,77.6458269,12.9863011
1766303663087987000,1130.522987060547,6.690442085266113,1.4726855754852295,21.481365203857422,10.633000373840332,11.8100004196167,74,840,77.6459785,12.9863018
1766303664088084200,1131.5230842285157,3.7875819206237793,1.1786632537841797,21.491365432739258,8.77299976348877,12.529999732971191,73,840,77.6461115,12.9863815
1766303665088168200,1132.5231682128906,7.548968315124512,1.5702475309371948,21.501367568969727,7.1519999504089355,12.600000381469727,72,840,77.6462021,12.9864466
1766303666087507500,1133.5225075683593,8.387046813964844,1.2266753911972046,21.51136016845703,6.840000152587891,13.84000015258789,71,840,77.6463353,12.9865116
1766303667087637000,1134.5226369628906,4.002234935760498,1.2226707935333252,21.5213623046875,6.014999866485596,14.1899995803833,69,840,77.6464653,12.9865621
1766303668087813400,1135.5228134765625,7.232795715332031,1.5886586904525757,21.531362533569336,5.551000118255615,14.020000457763672,70,840,77.646582,12.9866
1766303669088083700,1136.5230837402344,4.295772075653076,1.261657953262329,21.541366577148438,5.188000202178955,13.819999694824219,70,840,77.6466943,12.986646
1766303670087257000,1137.5222570800781,5.039862155914307,1.299731731414795,21.55135726928711,5.09499979019165,13.34000015258789,70,840,77.6468049,12.986697
1766303671087512800,1138.5225129394532,6.338167190551758,1.434913992881775,21.561359405517578,4.926000118255615,13.729999542236328,68,840,77.6469138,12.9867827
1766303672087741000,1139.5227409667968,6.994599342346191,1.596933364868164,21.57136344909668,4.984000205993652,14.210000038146973,65,840,77.6470356,12.9868897
1766303673087689200,1140.5226892089843,7.17149019241333,1.5529837608337402,21.581361770629883,4.960000038146973,13.210000038146973,68,840,77.6471297,12.9869039
1766303674088046600,1141.5230466308594,7.812620639801025,1.528124451637268,21.591365814208984,4.979000091552734,12.989999771118164,67,840,77.6472398,12.9869456
1766303675087332600,1142.5223325195313,5.817981243133545,1.3743934631347656,21.60135841369629,5.019000053405762,12.90999984741211,67,840,77.6473574,12.9870121
1766303676087286000,1143.5222861328125,7.045027732849121,1.3916820287704468,21.611358642578125,5.0980000495910645,12.25,67,840,77.6474529,12.9870703
1766303677088084500,1144.5230844726561,9.992281913757324,1.645900011062622,21.621366500854492,5.269999980926514,12.15999984741211,68,840,77.6475594,12.987125
1766303678087804000,1145.5228039550782,5.332681179046631,1.249097466468811,21.631362915039062,5.432000160217285,11,72,840,77.6476589,12.9871506
1766303679087921700,1146.5229216308594,5.479168891906738,1.2136222124099731,21.64136505126953,5.4770002365112305,10.739999771118164,70,840,77.6477467,12.9871833
1766303680088050200,1147.5230502929687,6.0001349449157715,1.1651620864868164,21.651365280151367,5.583000183105469,9.390000343322754,58,840,77.6478015,12.9872403
1766303681088166700,1148.5231667480468,12.038280487060547,1.4682668447494507,21.661367416381836,5.584000110626221,9.039999961853027,57,840,77.6478557,12.9872917
1766303682087327200,1149.5223271484374,10.211136817932129,1.497818946838379,21.671358108520508,5.645999908447266,9.15999984741211,51,840,77.6479293,12.9873432
1766303683087425800,1150.52242578125,14.351231575012207,1.7908432483673096,21.681360244750977,5.875,8.8100004196167,49,840,77.6479784,12.9873997
1766303684087736300,1151.522736328125,10.713651657104492,1.4869391918182373,21.691362380981445,6.072999954223633,9,44,840,77.6480295,12.9874688
1766303685087923500,1152.5229233398438,7.27800989151001,1.2532702684402466,21.701364517211914,6.171000003814697,8.819999694824219,38,840,77.6480894,12.9875489
1766303686087309000,1153.5223090820311,7.191540241241455,1.191054344177246,21.71135902404785,6.251999855041504,8.420000076293945,40,840,77.6481305,12.9875914
1766303687087890400,1154.5228903808593,7.659234046936035,1.2513339519500732,21.721364974975586,6.427999973297119,8.15999984741211,35,840,77.6481777,12.987655
1766303688087471000,1155.5224711914063,5.742549896240234,1.1364753246307373,21.731359481811523,6.15500020980835,8.220000267028809,34,840,77.6482333,12.9877047
1766303689087518500,1156.5225185546874,5.503135681152344,1.154116153717041,21.74135971069336,6.109000205993652,8.510000228881836,33,840,77.6482809,12.9877556
1766303690087299600,1157.5222995605468,5.840426445007324,1.1611939668655396,21.751358032226562,5.9029998779296875,8.15999984741211,29,840,77.6483126,12.9878201
1766303691087938000,1158.5229379882812,12.640716552734375,1.540784478187561,21.761363983154297,5.861000061035156,8.149999618530273,28,840,77.6483551,12.9878807
1766303692087275500,1159.5222756347657,15.237783432006836,1.251468539237976,21.771358489990234,5.860000133514404,7.650000095367432,25,840,77.6483831,12.9879347
1766303693087795500,1160.5227954101563,18.660987854003906,1.667424201965332,21.781362533569336,6.980999946594238,7.659999847412109,24,840,77.6484162,12.9879966
1766303694087932000,1161.5229318847655,12.860184669494629,1.39400053024292,21.791364669799805,8.128999710083008,8.5600004196167,22,840,77.6484477,12.9880753
1766303695088109000,1162.5231091308594,14.011384963989258,1.6105823516845703,21.801366806030273,9.350000381469727,8.899999618530273,23,840,77.6484838,12.9881607
1766303696087812400,1163.5228122558594,12.534873962402344,1.4820913076400757,21.811363220214844,9.696000099182129,8.850000381469727,22,840,77.6485134,12.9882286
1766303697087299000,1164.5222990722657,12.160584449768066,1.3847362995147705,21.82135772705078,11.54800033569336,8.720000267028809,17,840,77.6485281,12.9882959
1766303698087553300,1165.5225532226561,5.055504322052002,1.1355167627334595,21.83135986328125,11.427000045776367,8.65999984741211,17,840,77.6485519,12.9883565
1766303699087917800,1166.5229177246094,10.713154792785645,1.5040373802185059,21.84136390686035,11.300000190734863,8.539999961853027,15,840,77.6485658,12.9884222
1766303700087940400,1167.5229404296874,12.774340629577637,1.6388700008392334,21.851364135742188,11.187999725341797,8.90999984741211,13,840,77.6485805,12.988506
1766303701087270000,1168.5222697753907,14.7006196975708,1.780325174331665,21.861358642578125,11.116000175476074,8.5600004196167,12,840,77.6485976,12.9885708
1766303702087340800,1169.5223408203126,13.913678169250488,1.769484519958496,21.87135887145996,11.026000022888184,8.3100004196167,11,840,77.6485976,12.9886409
1766303703087656400,1170.5226564941406,10.41943359375,1.5411460399627686,21.88136100769043,11.071000099182129,8.75,12,840,77.6486203,12.9887246
1766303704087325400,1171.5223254394532,5.839937210083008,1.253008484840393,21.891359329223633,11.020999908447266,9.800000190734863,13,840,77.6486247,12.9888207
1766303705087774200,1172.5227741699218,10.921810150146484,1.5622813701629639,21.901363372802734,11.008999824523926,9.699999809265137,14,840,77.6486455,12.9889106
1766303706088019700,1173.5230197753906,6.432775020599365,1.2236534357070923,21.911365509033203,10.895000457763672,8.699999809265137,18,840,77.6486725,12.9889691
1766303707088167000,1174.5231669921875,8.777899742126465,1.3361620903015137,21.921367645263672,10.765000343322754,8.5,17,840,77.6486946,12.9890312
1766303708087218400,1175.5222185058594,9.182826042175293,1.3467609882354736,21.93135643005371,10.73900032043457,8.550000190734863,18,840,77.6487172,12.9891019
1766303709087926000,1176.5229260253907,13.828756332397461,1.6464717388153076,21.941364288330078,10.656000137329102,8.460000038146973,17,840,77.6487386,12.9891684
1766303710087704800,1177.5227048339843,15.078847885131836,1.7774755954742432,21.95136260986328,10.692999839782715,8.470000267028809,21,840,77.6487799,12.9892395
1766303711087819800,1178.5228198242187,16.460548400878906,1.8136988878250122,21.961362838745117,10.753999710083008,8.149999618530273,20,840,77.6488096,12.9893048
1766303712087716000,1179.522716064453,13.929869651794434,1.575526475906372,21.971363067626953,10.82699966430664,8.100000381469727,24,840,77.6488404,12.9893768
1766303713087519000,1180.5225190429687,17.88187026977539,1.7479935884475708,21.981359481811523,10.973999977111816,7.690000057220459,28,840,77.6488731,12.9894156
1766303714087451600,1181.5224516601563,17.068578720092773,1.7303118705749512,21.99135971069336,11.015999794006348,8.100000381469727,35,840,77.6489349,12.9894795
1766303715087647000,1182.5226469726563,9.57575798034668,1.2531921863555908,22.001361846923828,11.074999809265137,8.350000381469727,37,840,77.6489962,12.9895606
1766303716088071700,1183.5230717773438,11.085894584655762,1.3525632619857788,22.01136589050293,11.005000114440918,7.980000019073486,29,840,77.6490241,12.9896698
1766303717087729700,1184.522729736328,10.075382232666016,1.2438626289367676,22.0213623046875,10.876999855041504,6.429999828338623,55,840,77.6490832,12.9896908
1766303718087976200,1185.5229760742188,11.431774139404297,1.4124478101730347,22.03136444091797,10.779000282287598,6.789999961853027,45,840,77.6491412,12.9897291
1766303719087206000,1186.522205810547,13.191423416137695,1.45310378074646,22.041357040405273,10.83899974822998,7.349999904632568,49,840,77.6492233,12.9897664
1766303720087695400,1187.5226953125,14.715275764465332,1.551378846168518,22.051362991333008,10.913000106811523,7.519999980926514,50,840,77.649279,12.9898001
1766303721087873300,1188.5228732910157,12.347155570983887,1.3929260969161987,22.061363220214844,11.043999671936035,8.430000305175781,60,840,77.6493562,12.9898336
1766303722087929900,1189.5229299316406,11.845815658569336,1.4194121360778809,22.071365356445312,11.381999969482422,8.130000114440918,59,840,77.6494164,12.9898747
1766303723087510800,1190.5225107421875,7.859646320343018,1.2221124172210693,22.08135986328125,11.395999908447266,8.680000305175781,66,840,77.649502,12.9899037
1766303724088021000,1191.5230209960937,8.24827766418457,1.2130008935928345,22.091365814208984,11.633000373840332,8.260000228881836,64,840,77.6495773,12.9899424
1766303725088161000,1192.5231611328124,4.521810054779053,1.0729413032531738,22.10136604309082,11.484000205993652,8.680000305175781,68,840,77.6496597,12.9899613
1766303726087523600,1193.5225236816407,8.079904556274414,1.1826471090316772,22.111360549926758,11.428000450134277,8.5600004196167,66,840,77.649733,12.9899955
1766303727087367000,1194.5223669433594,6.999986171722412,1.1435126066207886,22.12135887145996,11.286999702453613,8.279999732971191,68,840,77.6497985,12.9900215
1766303728087512300,1195.5225122070312,4.809046745300293,1.1144543886184692,22.13136100769043,10.993000030517578,8.510000228881836,72,840,77.6498822,12.9900454
1766303729087787500,1196.5227875976564,4.290530204772949,1.0674740076065063,22.1413631439209,10.864999771118164,8.149999618530273,71,840,77.6499505,12.9900531
1766303730087935700,1197.5229357910157,12.301137924194336,1.4946266412734985,22.151365280151367,10.63700008392334,8.119999885559082,69,840,77.650015,12.9900861
1766303731087909600,1198.5229096679689,9.692148208618164,1.3602827787399292,22.16136360168457,10.38700008392334,8.5,78,840,77.6500964,12.9900936
1766303732087321900,1199.5223217773437,9.819308280944824,1.3549593687057495,22.171358108520508,10.425000190734863,8.529999732971191,74,840,77.650172,12.9901111
1766303733087365600,1200.5223657226563,9.799886703491211,1.4309298992156982,22.181358337402344,10.434000015258789,8.470000267028809,75,840,77.6502496,12.9901286
1766303734087440600,1201.5224406738282,13.863595962524414,1.5857924222946167,22.191360473632812,10.595999717712402,8.430000305175781,75,840,77.6503195,12.9901392
1766303735087604200,1202.522604248047,10.268692970275879,1.3303734064102173,22.20136070251465,10.751999855041504,7.800000190734863,76,840,77.6503601,12.9901505
1766303736087645400,1203.5226455078125,10.56976318359375,1.405946135520935,22.211360931396484,10.946000099182129,8.670000076293945,74,840,77.650443,12.9901825
1766303737087782400,1204.522782470703,11.502073287963867,1.5045878887176514,22.221363067626953,11.279999732971191,8.539999961853027,75,840,77.6505184,12.9902072
1766303738087784200,1205.5227841796875,7.232767581939697,1.2355940341949463,22.23136329650879,11.378000259399414,8.460000038146973,76,840,77.6506012,12.9902312
1766303739087795000,1206.522794921875,11.281906127929688,1.4780815839767456,22.241363525390625,11.375,8.5600004196167,74,840,77.6506761,12.9902501
1766303740087293200,1207.5222932128906,14.225640296936035,1.533793568611145,22.251358032226562,11.364999771118164,8.270000457763672,75,840,77.6507409,12.9902649
1766303741087371800,1208.5223718261718,15.944171905517578,1.6072872877120972,22.2613582611084,11.404999732971191,8.229999542236328,77,840,77.6508141,12.9902767
1766303742088163300,1209.5231633300782,9.060384750366211,1.2915663719177246,22.271366119384766,11.291000366210938,8.619999885559082,75,840,77.6509008,12.9903126
1766303743088640500,1210.523640625,9.772993087768555,1.3185851573944092,22.2813720703125,11.142999649047852,8.6899995803833,74,840,77.6509885,12.9903238
1766303744087520800,1211.5225207519532,10.458407402038574,1.4216625690460205,22.29136085510254,11.062999725341797,8.520000457763672,76,840,77.6510531,12.9903505
1766303745087748600,1212.5227485351563,13.609230041503906,1.6387780904769897,22.301362991333008,10.888999938964844,8.510000228881836,76,840,77.6511307,12.9903604
1766303746087785500,1213.5227854003906,15.719884872436523,2.024425745010376,22.311363220214844,10.871999740600586,8.289999961853027,75,840,77.6512025,12.9903859
1766303747087294700,1214.5222946777344,18.363826751708984,2.4005215167999268,22.32135772705078,11.059000015258789,8.380000114440918,71,840,77.6512722,12.9904119
1766303748087614700,1215.5226147460937,20.44361686706543,2.6761648654937744,4.593533039093018,11.335000038146973,8.359999656677246,70,837.810302734375,77.6513399,12.9904464
1766303749087509200,1216.5225092773437,18.209293365478516,2.5612144470214844,4.553069591522217,11.64900016784668,9.020000457763672,71,837.1802978515625,77.6514287,12.9904447
1766303750087694300,1217.5226943359376,17.670785903930664,2.5288503170013428,4.50583553314209,12.039999961853027,9.1899995803833,73,837.17822265625,77.6515179,12.9904659
1766303751087647500,1218.5226474609376,16.042890548706055,2.5680153369903564,4.421029567718506,12.401000022888184,10.300000190734863,73,836.69921875,77.6516305,12.9904888
1766303752087530000,1219.5225300292968,16.656661987304688,2.5983784198760986,4.396198749542236,12.87600040435791,10.029999732971191,73,836.780029296875,77.6517318,12.990512
1766303753087599600,1220.522599609375,18.148508071899414,2.7923803329467773,4.383403301239014,13.050999641418457,9.869999885559082,73,836.74853515625,77.6518154,12.9905359
1766303754087752200,1221.5227521972656,18.79886817932129,2.9967243671417236,4.37951135635376,13.520000457763672,10.210000038146973,72,836.7357177734375,77.6519154,12.9905774
1766303755087548400,1222.5225483398438,18.389644622802734,3.0038180351257324,4.243258953094482,13.652999877929688,10.470000267028809,73,836.702880859375,77.652029,12.9905966
1766303756087373300,1223.5223732910156,19.76385498046875,3.152496576309204,4.134363174438477,13.925000190734863,10.670000076293945,74,836.588134765625,77.65214,12.9906183
1766303757087565300,1224.5225654296876,21.775745391845703,3.4089162349700928,4.095282554626465,14.562000274658203,10.65999984741211,74,836.592529296875,77.6522345,12.9906444
1766303758087624200,1225.522624267578,23.583581924438477,3.6471335887908936,4.124211311340332,15.128000259399414,10.65999984741211,74,836.596923828125,77.6523289,12.9906705
1766303759087690800,1226.522690673828,25.082168579101562,3.843676805496216,4.126478672027588,15.720000267028809,10.609999656677246,73,836.48974609375,77.6524164,12.9907024
1766303760087353600,1227.522353515625,26.297897338867188,3.9852817058563232,4.187690258026123,16.756999969482422,10.479999542236328,70,836.427734375,77.6524802,12.9907634
1766303761087936500,1228.5229365234375,27.05777931213379,4.140440464019775,4.242982387542725,18.924999237060547,10.569999694824219,69,836.3746337890625,77.6525713,12.9908114
1766303762087992300,1229.5229924316407,28.464393615722656,4.337887763977051,4.527836322784424,21.25200080871582,10.5600004196167,69,836.3807373046875,77.6526624,12.990844
1766303763087946800,1230.5229467773438,29.093921661376953,4.431288719177246,4.823508262634277,24.072999954223633,10.550000190734863,70,836.4061279296875,77.652758,12.9908732
1766303764088051000,1231.5230510253907,29.349346160888672,4.361110687255859,5.008838653564453,26.82699966430664,10.300000190734863,73,836.38916015625,77.6528411,12.9908649
1766303765088023300,1232.5230231933594,30.70932960510254,4.548632621765137,5.204505443572998,29.990999221801758,10.289999961853027,73,836.3939208984375,77.6529312,12.9908926
1766303766087783000,1233.5227829589844,31.989416122436523,4.7284369468688965,5.5886125564575195,32.058998107910156,10.279999732971191,73,836.3985595703125,77.6530211,12.9909202
1766303771247000000,1238.682,0,0,8.217778205871582,248.76300048828125,0,0,849.5999755859375,77.6530211,12.9909202
1766303776578000000,1244.0129997558595,0,0,6.656400203704834,90.38300323486328,0,0,849.5999755859375,77.6526143,12.9907654
1766303781879000000,1249.314,0,0,10.400625228881836,112.23600006103516,0,0,849.5999755859375,77.6525943,12.9907886
1766303787206000000,1254.6410002441405,0,0,8.86207103729248,107.2969970703125,0,0,849.5999755859375,77.6525955,12.9907846
1766303792381000000,1259.816,0,0,8.86207103729248,314.2969970703125,0,0,849.5999755859375,77.6525955,12.9907846
1766303797722000000,1265.1569997558595,0,0,35.44828414916992,128.8990020751953,0,0,859.7999877929688,77.6585536,12.9914525
1766303802911000000,1270.346,0,0,35.44828414916992,336.4590148925781,0,0,859.7999877929688,77.6585536,12.9914525
1766303808149000000,1275.584,0,0,35.44828414916992,200,0,0,859.7999877929688,77.6548652,12.9903977
1766303813477000000,1280.912,0,0,35.44828414916992,200,0,0,859.7999877929688,77.6548652,12.9903977
1766303818857000000,1286.292,0,0,35.44828414916992,200,0,0,859.7999877929688,77.6548652,12.9903977
1766303823087988000,1290.5229880371094,1.8250974416732788,1.0435153245925903,35.701942443847656,9.928000450134277,12.359999656677246,73,859.7999877929688,77.6536877,12.9910374
1766303824087243500,1291.5222434082032,2.204010009765625,0.4518791139125824,35.711936950683594,7.916999816894531,13.210000038146973,75,859.7999877929688,77.6538282,12.9910701
1766303825088104200,1292.5231042480468,4.502657890319824,0.8976521492004395,35.721946716308594,6.730999946594238,12.600000381469727,74,859.7999877929688,77.6539484,12.9911043
1766303826087626800,1293.5226267089843,2.3244216442108154,0.44963186979293823,35.73194122314453,6.064000129699707,12.460000038146973,73,859.7999877929688,77.6540681,12.9911443
1766303827087311400,1294.522311279297,4.304924964904785,0.8438391089439392,35.74193572998047,5.63100004196167,12.65999984741211,74,859.7999877929688,77.6541831,12.991181
1766303828087360300,1295.5223603515626,4.526646614074707,1.088428020477295,35.75193786621094,5.323999881744385,12.779999732971191,73,859.7999877929688,77.654293,12.9912338
1766303829087719000,1296.5227189941406,3.360295534133911,0.6486382484436035,35.761940002441406,3.9800000190734863,12.449999809265137,73,859.7999877929688,77.6544037,12.9912678
1766303830087769000,1297.5227690429688,1.4546024799346924,1.010667324066162,4.1559953689575195,3.9489998817443848,12.260000228881836,70,819.7735595703125,77.6545151,12.9913053
1766303831087883800,1298.5228837890625,5.170592308044434,1.3427097797393799,3.695394992828369,3.811000108718872,12.34000015258789,68,822.4544677734375,77.6546197,12.9913467
1766303832087474200,1299.5224741210936,1.271276831626892,1.0046159029006958,3.279768228530884,3.7899999618530273,12.420000076293945,62,822.390625,77.6547132,12.9914046
1766303833088040000,1300.5230400390626,1.2072467803955078,0.9950516819953918,2.9964680671691895,3.7899999618530273,12.449999809265137,57,820.4259033203125,77.6548075,12.9914726
1766303834087358700,1301.5223586425782,3.654473066329956,1.170851469039917,3.0855441093444824,3.7899999618530273,12.369999885559082,53,820.862060546875,77.6548987,12.9915342
1766303835087286500,1302.5222866210938,3.8091089725494385,1.20182466506958,3.0600666999816895,3.7899999618530273,12.670000076293945,50,820.080322265625,77.6549924,12.9916125
1766303836087603700,1303.5226037597656,1.5597771406173706,1.0381965637207031,3.1566693782806396,3.7899999618530273,12.390000343322754,47,820.7880859375,77.655072,12.9916858
1766303837087865300,1304.522865234375,0.5545809268951416,0.9761205315589905,3.0878593921661377,3.7899999618530273,12.239999771118164,45,821.21044921875,77.6551583,12.9917629
1766303838087379000,1305.52237890625,1.0556175708770752,0.9988442659378052,3.1069931983947754,3.7899999618530273,12.15999984741211,45,821.9658203125,77.6552379,12.99184
1766303839087401500,1306.5224013671875,0.6954014897346497,0.9725536108016968,3.017102003097534,3.7899999618530273,12.270000457763672,45,821.747314453125,77.6553138,12.9919171
1766303840087921700,1307.5229216308594,0.47666481137275696,1.1178170442581177,2.9526398181915283,3.7899999618530273,12.479999542236328,45,822.794189453125,77.6553975,12.9919953
1766303841087254000,1308.52225390625,4.730363845825195,1.0670982599258423,3.0290439128875732,3.7899999618530273,12.319999694824219,46,823.0316162109375,77.6554783,12.9920715
1766303842087741700,1309.5227416992188,3.077404260635376,0.5985716581344604,3.142197847366333,3.7899999618530273,12.539999961853027,47,823.3355712890625,77.6555625,12.9921476
1766303843087978000,1310.5229780273437,3.481011390686035,0.6578892469406128,3.0816478729248047,3.7899999618530273,12.1899995803833,49,822.992919921875,77.6556498,12.9922221
1766303844087963100,1311.5229631347656,2.5170400142669678,0.489650696516037,2.9534623622894287,3.7899999618530273,12.539999961853027,48,823.551025390625,77.6557359,12.9922984
1766303845087204400,1312.5222043457031,1.6207191944122314,0.3127349615097046,2.8789994716644287,3.7899999618530273,12.420000076293945,51,823.232421875,77.6558134,12.9923701
1766303846087438600,1313.5224384765625,1.0905793905258179,0.20991748571395874,2.7428338527679443,3.7899999618530273,12.369999885559082,50,823.2269287109375,77.6559037,12.9924427
1766303847087298300,1314.5222983398437,0.6203488707542419,0.12229733169078827,2.5509374141693115,3.7899999618530273,12.65999984741211,52,824.18505859375,77.6559953,12.9925126
1766303848087259400,1315.5222592773437,1.9172825813293457,0.3979279100894928,2.5,3.7899999618530273,13.359999656677246,53,824.67822265625,77.6560941,12.9925846
1766303849087839000,1316.5228388671876,5.399165153503418,1.088197112083435,2.532416343688965,3.7899999618530273,13.029999732971191,55,824.244873046875,77.6561916,12.9926492
1766303850088092700,1317.5230927734376,0.5399466156959534,0.9947561025619507,2.564924716949463,3.7899999618530273,14.109999656677246,55,825.684326171875,77.6563025,12.9927288
1766303851087380000,1318.5223798828124,0.3857797384262085,1.0358366966247559,2.767442464828491,3.7899999618530273,14.670000076293945,56,826.3809814453125,77.6564193,12.9927996
1766303852087732000,1319.5227319335938,0.5657997727394104,0.9608269929885864,2.8728694915771484,3.7899999618530273,15.180000305175781,57,828.15380859375,77.6565369,12.9928754
1766303853087312400,1320.5223125,4.066004276275635,0.9808077216148376,2.8136744499206543,3.7899999618530273,15.579999923706055,58,828.078369140625,77.6566597,12.9929536
1766303854088115500,1321.5231154785156,1.1724852323532104,0.29375770688056946,2.9962480068206787,3.7899999618530273,16.110000610351562,61,828.5439453125,77.6567935,12.9930261
1766303855088072200,1322.523072265625,2.092949151992798,0.5413187146186829,3.0729713439941406,3.7899999618530273,16.65999984741211,59,827.99755859375,77.656922,12.9931042
1766303856088176600,1323.5231767578125,1.2825260162353516,0.3392033278942108,2.9522383213043213,3.7899999618530273,17.010000228881836,59,827.9619140625,77.6570635,12.9931749
1766303857087654700,1324.5226545410155,1.3130844831466675,0.34976956248283386,2.90002703666687,3.7899999618530273,17.1299991607666,59,827.68505859375,77.6571975,12.9932562
1766303858088185000,1325.5231850585938,1.2833126783370972,0.3496546447277069,2.8627867698669434,3.7899999618530273,17.520000457763672,59,826.727783203125,77.6573367,12.9933392
1766303859087789800,1326.522789794922,0.2729465961456299,0.07543449103832245,2.8140010833740234,3.7899999618530273,17.739999771118164,59,825.948486328125,77.6574802,12.9934193
1766303860088226000,1327.5232260742187,0.18198053538799286,0.050727780908346176,2.6093974113464355,3.7899999618530273,17.889999389648438,59,826.770263671875,77.6576234,12.9934977
1766303861087720200,1328.5227202148437,3.3182551860809326,1.0166783332824707,2.5,3.7899999618530273,17.860000610351562,59,825.94970703125,77.6577639,12.9935826
1766303862087254000,1329.52225390625,3.5667784214019775,0.9749395847320557,2.5,3.7899999618530273,18.149999618530273,59,826.18603515625,77.6579106,12.9936645
1766303863087251500,1330.5222514648437,4.71193265914917,1.3083330392837524,2.5,3.7899999618530273,18.079999923706055,59,826.6807861328125,77.6580579,12.9937361
1766303864087941400,1331.52294140625,0.19380147755146027,0.982807993888855,2.5,3.7899999618530273,17.989999771118164,59,826.402587890625,77.6581897,12.9938287
1766303865087944400,1332.5229443359376,0.1605614423751831,0.975358784198761,2.5,3.7899999618530273,17.760000228881836,59,826.995849609375,77.6583363,12.9939106
1766303866087647200,1333.522647216797,0.6281499862670898,0.9869801998138428,2.5,3.7899999618530273,17.940000534057617,59,827.0263671875,77.658478,12.9939921
1766303867087547600,1334.522547607422,0.6651427149772644,0.9756438732147217,2.5,3.7899999618530273,17.93000030517578,60,827.831787109375,77.6586255,12.994073
1766303868087515400,1335.5225153808594,0.16944792866706848,0.9867608547210693,2.5,3.7899999618530273,18.010000228881836,59,828.374755859375,77.6587711,12.9941562
1766303869087362300,1336.5223623046875,0.14707285165786743,0.9510185122489929,2.5,3.7899999618530273,17.950000762939453,60,829.25537109375,77.6589108,12.9942389
1766303870087863300,1337.52286328125,3.3303933143615723,0.9832350015640259,2.5,3.7899999618530273,18.040000915527344,60,829.43701171875,77.6590565,12.9943175
1766303871088157400,1338.5231574707032,3.8602287769317627,1.2813241481781006,2.6056838035583496,3.7899999618530273,18.049999237060547,61,829.74853515625,77.6592015,12.9943949
1766303872087625500,1339.5226254882812,4.005348205566406,1.3179316520690918,2.7918291091918945,3.7899999618530273,18.09000015258789,61,829.8876953125,77.6593494,12.9944685
1766303873087389700,1340.5223896484374,1.2873157262802124,1.046605110168457,3.01760196685791,3.7899999618530273,17.969999313354492,62,829.807861328125,77.6594973,12.9945428
1766303874087962000,1341.5229621582032,0.816196084022522,0.9753243923187256,3.1471328735351562,3.7899999618530273,18.030000686645508,62,829.46826171875,77.6596516,12.9946226
1766303875087363800,1342.5223637695312,0.5081270933151245,0.9662631750106812,3.27728271484375,3.7899999618530273,18.15999984741211,62,829.376953125,77.659802,12.9946989
1766303876087999500,1343.5229995117188,0.34259259700775146,0.9545876979827881,3.1909520626068115,3.7899999618530273,18.049999237060547,62,829.575439453125,77.6599501,12.9947764
1766303877087724000,1344.5227241210937,0.49114716053009033,0.9584752321243286,3.0806326866149902,3.7899999618530273,18.239999771118164,62,829.5035400390625,77.6600975,12.9948516
1766303878087360500,1345.522360595703,0.26914748549461365,0.956895649433136,3.145207405090332,3.7899999618530273,18.190000534057617,62,828.564453125,77.6602533,12.9949272
1766303879087365600,1346.5223657226563,0.23702333867549896,0.948012113571167,2.883716106414795,3.7899999618530273,18.200000762939453,62,828.070556640625,77.6603952,12.9950006
1766303880088113000,1347.5231127929687,0.42493152618408203,0.9557394981384277,2.877760648727417,3.7899999618530273,18.309999465942383,62,827.202392578125,77.6605364,12.9950778
1766303881087900400,1348.522900390625,0.4993187487125397,0.9518799781799316,2.819772243499756,3.7899999618530273,18.350000381469727,62,825.518310546875,77.6606888,12.9951573
1766303882087529500,1349.5225295410157,1.7984236478805542,1.049070954322815,2.9237382411956787,3.7899999618530273,18.229999542236328,62,825.145263671875,77.6608424,12.9952342
1766303883087641300,1350.522641357422,1.0929499864578247,0.9830756187438965,2.8578200340270996,3.7899999618530273,18.15999984741211,63,825.260009765625,77.6609962,12.9953068
1766303884088224500,1351.523224609375,0.6116070747375488,0.9781762957572937,2.7941176891326904,5.019000053405762,18.209999084472656,65,824.708740234375,77.6611463,12.9953741
1766303885087527400,1352.52252734375,1.0455719232559204,0.9716943502426147,2.828806161880493,5.8379998207092285,18.219999313354492,68,824.679931640625,77.661299,12.9954334
1766303886088064000,1353.5230639648437,3.286787748336792,1.165363073348999,2.9257471561431885,7.4770002365112305,18.25,70,824.655029296875,77.6614606,12.9954853
1766303887087517400,1354.5225173339843,4.1945037841796875,1.312703013420105,3.0366454124450684,7.886000156402588,17.969999313354492,73,824.948974609375,77.6616163,12.9955263
1766303888088166100,1355.5231662597657,3.6116576194763184,1.2853130102157593,3.135162830352783,9.9350004196167,18.030000686645508,74,824.76123046875,77.6617748,12.9955706
1766303889087207700,1356.522207763672,0.37556684017181396,0.9679288268089294,3.125471830368042,9.9350004196167,18.260000228881836,81,825.228271484375,77.6619426,12.9955862
1766303890088011500,1357.5230114746093,0.8507668972015381,0.9870075583457947,3.0550761222839355,9.9350004196167,18.280000686645508,84,824.96826171875,77.6621077,12.9956017
1766303891088210400,1358.5232104492188,0.5366612076759338,0.9565876126289368,2.8659017086029053,9.9350004196167,18.030000686645508,87,824.6455078125,77.6622744,12.9956064
1766303892087790800,1359.5227907714843,0.8216187357902527,0.9696477651596069,2.8733344078063965,9.9350004196167,17.969999313354492,91,822.7362060546875,77.6624353,12.9956052
1766303893087412200,1360.522412109375,4.009148120880127,1.2886784076690674,3.0045483112335205,9.9350004196167,18.100000381469727,91,822.0699462890625,77.6626011,12.9956037
1766303894087463400,1361.5224633789062,2.9189274311065674,1.120811939239502,3.0014431476593018,9.9350004196167,18.190000534057617,95,821.3515625,77.6627628,12.9955913
1766303895088201700,1362.5232016601562,0.4433722198009491,1.069167971611023,2.8033812046051025,9.9350004196167,18.110000610351562,100,821.305419921875,77.662927,12.9955568
1766303896087615500,1363.5226154785157,1.111709713935852,1.009713888168335,2.807065010070801,9.9350004196167,18.030000686645508,103,821.5479736328125,77.6630888,12.9955158
1766303897087342600,1364.5223425292968,0.42749959230422974,0.9525396227836609,2.672680139541626,9.9350004196167,18.040000915527344,104,821.65380859375,77.6632485,12.9954771
1766303898087893000,1365.5228930664061,0.5385401844978333,1.2077150344848633,2.6075525283813477,9.9350004196167,18.15999984741211,104,821.8380126953125,77.6634067,12.9954258
1766303899087659300,1366.5226591796875,2.523369073867798,1.1921778917312622,2.5515310764312744,9.9350004196167,18.09000015258789,103,822.76513671875,77.6635686,12.9953872
1766303900087865600,1367.5228654785155,5.388261318206787,1.4835761785507202,2.6720571517944336,9.9350004196167,17.270000457763672,102,822.69921875,77.663713,12.9953576
1766303901087432400,1368.522432373047,2.318105697631836,0.984593391418457,2.794335126876831,9.9350004196167,18.040000915527344,98,823.71728515625,77.6638911,12.9953338
1766303902087425800,1369.52242578125,0.7694977521896362,0.9611767530441284,2.8866426944732666,9.9350004196167,17.959999084472656,97,823.5020751953125,77.6640628,12.9953132
1766303903087717000,1370.5227170410155,0.9070257544517517,0.9750087857246399,3.077288866043091,9.9350004196167,17.969999313354492,94,822.8719482421875,77.6642283,12.9953015
1766303904088044800,1371.523044921875,2.7659525871276855,1.1106466054916382,3.2754909992218018,9.9350004196167,17.760000228881836,93,823.515625,77.6643961,12.9952959
1766303905087578400,1372.5225783691405,0.40104252099990845,0.9533847570419312,3.242825984954834,9.9350004196167,17.40999984741211,90,823.425537109375,77.6645588,12.9952986
1766303906087723500,1373.5227236328126,1.0553507804870605,0.9783859848976135,3.190631151199341,9.9350004196167,17.100000381469727,87,823.980712890625,77.6647189,12.9953014
1766303907087319800,1374.5223198242188,0.6514260172843933,0.9745339155197144,3.1319074630737305,9.9350004196167,16.790000915527344,85,823.57666015625,77.6648717,12.9953127
1766303908086869200,1375.521869140625,1.0634695291519165,1.2358438968658447,3.1320643424987793,9.9350004196167,16.600000381469727,83,823.89501953125,77.6650206,12.9953365
1766303909087045000,1376.5220451660157,1.2506797313690186,0.9810891151428223,3.134392023086548,9.9350004196167,16.15999984741211,81,822.95166015625,77.6651678,12.9953606
1766303910087177000,1377.5221770019532,2.52913498878479,1.080710768699646,3.1323792934417725,9.9350004196167,16.020000457763672,80,824.06494140625,77.665321,12.995386
1766303911086348000,1378.5213481445312,0.6490475535392761,0.9536713361740112,3.1568400859832764,9.9350004196167,15.350000381469727,77,823.925537109375,77.6654593,12.9954197
1766303912086932500,1379.5219323730469,0.3114856481552124,0.9395148158073425,3.1286091804504395,9.9350004196167,15.390000343322754,76,822.1922607421875,77.6655951,12.9954519
1766303913087036400,1380.522036376953,1.048287272453308,0.9616801142692566,3.0878148078918457,9.9350004196167,15.289999961853027,74,822.8203125,77.6657316,12.995485
1766303914086850800,1381.5218508300782,1.4682666063308716,0.986327588558197,3.0574352741241455,9.9350004196167,15.25,72,822.4490966796875,77.6658685,12.9955254
1766303915087104500,1382.5221044921875,0.39655059576034546,0.9415677785873413,2.8337814807891846,9.9350004196167,15.239999771118164,72,822.72998046875,77.6660065,12.9955676
1766303916086688000,1383.5216879882812,0.25696343183517456,0.9398306608200073,2.607727527618408,9.9350004196167,15.3100004196167,72,821.545166015625,77.6661311,12.9956101
1766303917086739700,1384.5217397460938,0.26116371154785156,0.9674088954925537,2.5,9.9350004196167,15.350000381469727,72,822.32861328125,77.6662697,12.9956559
1766303918087170300,1385.5221704101561,1.3494547605514526,0.9841843843460083,2.5,9.9350004196167,15.180000305175781,71,821.368896484375,77.6664009,12.9956995
1766303919086435600,1386.521435546875,4.379702091217041,0.9710981845855713,2.5,9.9350004196167,15.109999656677246,71,821.8104248046875,77.6665345,12.9957435
1766303920086977000,1387.5219770507813,1.8754692077636719,1.01421320438385,2.5,9.9350004196167,14.989999771118164,71,822.4493408203125,77.6666688,12.9957773
1766303921086931500,1388.5219313964844,1.0320700407028198,0.9713211059570312,2.5,9.9350004196167,14.789999961853027,71,821.94970703125,77.6667935,12.9958181
1766303922086479000,1389.5214790039063,0.17569443583488464,0.9532687067985535,2.5,9.9350004196167,14.539999961853027,70,822.087890625,77.6669202,12.9958623
1766303923087095600,1390.5220954589843,0.6922662854194641,0.9632868766784668,2.5,9.9350004196167,14.300000190734863,70,822.06982421875,77.667044,12.9959079
1766303924087092700,1391.5220927734374,3.2577052116394043,1.1465637683868408,2.5,9.9350004196167,14.319999694824219,69,822.112548828125,77.6671713,12.995953
1766303925086369800,1392.521369873047,0.24054498970508575,0.9395471811294556,2.5,9.9350004196167,13.789999961853027,68,821.6458740234375,77.6672827,12.9959983
1766303926086933000,1393.5219331054689,0.17355920374393463,0.9489372372627258,2.5,9.9350004196167,13.800000190734863,67,822.0830078125,77.6673982,12.9960457
1766303927086652200,1394.5216520996094,0.1965111494064331,0.9576355218887329,2.5,9.9350004196167,13.859999656677246,67,822.455810546875,77.6675176,12.9960967
1766303928086895400,1395.521895263672,1.5632165670394897,1.0054510831832886,2.5778305530548096,9.9350004196167,13.739999771118164,66,822.5118408203125,77.6676358,12.9961447
1766303929087202600,1396.5222026367187,4.649941444396973,1.2568260431289673,2.6878485679626465,9.9350004196167,13.40999984741211,66,822.552001953125,77.6677488,12.996191
1766303930087131600,1397.5221315917968,6.59086275100708,1.4847166538238525,2.7633514404296875,9.994999885559082,13.130000114440918,66,822.8607177734375,77.6678594,12.9962381
1766303931086259200,1398.5212592773437,8.350317001342773,1.6666771173477173,2.887307643890381,10.12399959564209,12.680000305175781,66,823.0374755859375,77.6679646,12.9962833
1766303932086697000,1399.5216970214844,8.532238006591797,1.6187005043029785,3.0441181659698486,10.38700008392334,11.960000038146973,67,823.2674560546875,77.6680616,12.9963231
1766303933086507800,1400.5215078125,12.112512588500977,1.907602310180664,3.198199987411499,10.616000175476074,11.960000038146973,67,823.2999267578125,77.6681626,12.9963667
1766303934086349600,1401.521349609375,14.547811508178711,2.1196043491363525,3.330845594406128,10.97700023651123,11.75,67,823.240234375,77.6682538,12.9964089
1766303935087197700,1402.5221977539063,15.560811996459961,2.2038257122039795,3.482588529586792,11.718000411987305,11.640000343322754,67,823.221435546875,77.6683496,12.996449
1766303936086888700,1403.521888671875,17.74217987060547,2.1379802227020264,3.6414072513580322,12.248000144958496,9.829999923706055,69,823.342529296875,77.6684057,12.9964569
1766303937086579700,1404.5215798339843,18.41769790649414,2.2334108352661133,3.704240560531616,12.529999732971191,9.630000114440918,64,823.3310546875,77.6684774,12.9964931
1766303938086725600,1405.5217255859375,21.34211540222168,2.243995189666748,3.7698676586151123,13.256999969482422,8.699999809265137,63,823.4754638671875,77.668508,12.9965128
1766303939086712000,1406.5217121582032,23.57686424255371,2.421337604522705,3.9320483207702637,13.800000190734863,8.359999656677246,60,823.5164794921875,77.668571,12.9965491
1766303940086983200,1407.5219831542968,24.168556213378906,2.4787325859069824,3.952202796936035,14.067999839782715,8.369999885559082,55,823.51904296875,77.6686284,12.9965997
1766303941086315500,1408.5213154296875,25.55642318725586,2.549171209335327,3.9502012729644775,14.545000076293945,7.929999828338623,50,823.1070556640625,77.668657,12.9966384
1766303942086691000,1409.5216911621094,26.410215377807617,2.6436171531677246,3.987708806991577,15.329000473022461,7.610000133514404,46,822.834228515625,77.6687,12.9966743
1766303943086688000,1410.5216879882812,36.18772506713867,2.293329954147339,4.067631244659424,15.220999717712402,4.869999885559082,39,823.0771484375,77.6685971,12.99662
1766303944086229200,1411.521229248047,39.211483001708984,2.054417848587036,4.124385356903076,15.312999725341797,3.5399999618530273,28,823.126953125,77.6685921,12.9966263
1766303945087181800,1412.5221818847656,45.97624206542969,1.3570072650909424,4.118448257446289,14.939000129699707,1.2400000095367432,14,823.065673828125,77.6685662,12.9966097
1766303946087208200,1413.522208251953,59.79739761352539,1.3705910444259644,4.083573341369629,14.277999877929688,0.49000000953674316,1,823.22021484375,77.6685843,12.9966116
1766303947086672000,1414.521671875,59.79739761352539,1.2434285879135132,4.093450546264648,13.824000358581543,0.38999998569488525,1,822.1064453125,77.6685141,12.9965775
1766303948086367000,1415.5213669433595,59.79739761352539,1.1318893432617188,4.433442115783691,12.888999938964844,0.46000000834465027,1,820.291748046875,77.6685129,12.9965849
1766303949086793200,1416.5217932128905,0,1.3499277830123901,4.656618595123291,11.800000190734863,0,0,818.494140625,77.6685171,12.9966009
1766303950086555400,1417.521555419922,0,0.14233499765396118,4.94482946395874,11.576000213623047,0,0,817.4913330078125,77.6685248,12.9966265
1766303951086544000,1418.5215439453125,0,0.2819063663482666,4.8079705238342285,11.119999885559082,0,0,815.0081787109375,77.6685234,12.9966436
1766303952087038500,1419.5220385742186,0,0.7048463225364685,4.86397647857666,10.604999542236328,0,0,815.042724609375,77.6685244,12.9966512
1766303953087108000,1420.5221081542968,0,0.14704328775405884,4.912961006164551,10.425999641418457,0,0,812.31201171875,77.6685211,12.9966552
1766303954086387500,1421.521387451172,0,0.12166564911603928,2.1480634212493896,10.395000457763672,0,0,834.2000122070312,77.6685196,12.9966473
1766303955086408400,1422.5214084472657,0,0.08908066153526306,2.1580636501312256,10.281999588012695,0,0,834.2000122070312,77.6685174,12.9966401
1766303956086928400,1423.521928466797,0,0.0816376730799675,2.1680688858032227,10.211000442504883,0,0,834.2000122070312,77.6685182,12.9966369
1766303957086432000,1424.5214318847657,0,0.07020984590053558,2.1780638694763184,10.20300006866455,0,0,834.2000122070312,77.6685187,12.9966352
1766303958086323500,1425.5213234863281,0,0.07712148129940033,2.188062906265259,10.17199993133545,0,0,834.2000122070312,77.6685259,12.9966348
1766303959086281200,1426.52128125,0,0.08157585561275482,2.1980624198913574,10.168000221252441,0,0,834.2000122070312,77.6685275,12.9966332
1766303960086556700,1427.521556640625,0,0.09251856803894043,11.817159652709961,10.168999671936035,0,0,841.7999877929688,77.6685279,12.9966311
1766303961086540300,1428.5215402832032,0,0.13880017399787903,11.82715892791748,10.166999816894531,0,0,841.7999877929688,77.6685277,12.9966315
1766303962086894800,1429.5218947753906,0,0.10248473286628723,11.837162971496582,10.170999526977539,0,0,841.7999877929688,77.6685277,12.9966307
1766303963086363600,1430.5213637695313,0,0.07954739779233932,11.84715747833252,10.17300033569336,0,0,841.7999877929688,77.668526,12.9966271
1766303964086512000,1431.5215122070313,0,0.14049844443798065,11.857158660888672,10.163000106811523,0,0,841.7999877929688,77.6685263,12.9966253
1766303965086503200,1432.521503173828,0,0.31258153915405273,11.867158889770508,10.163000106811523,0,0,841.7999877929688,77.6685268,12.9966248
1766303966087134700,1433.522134765625,0,0.5355551242828369,11.877164840698242,10.192000389099121,0,0,841.7999877929688,77.6685269,12.9966247
1766303967086851300,1434.5218513183593,0,0.8523820042610168,11.358576774597168,10.315999984741211,0,0,826.2999877929688,77.6685269,12.9966245
1766303968087236400,1435.522236328125,0,0.6797149181365967,11.368579864501953,10.66100025177002,0,0,826.2999877929688,77.668527,12.9966244
1766303969086532000,1436.521531982422,0,0.8557446599006653,11.378573417663574,11.20199966430664,0,0,826.2999877929688,77.668527,12.9966244
1766303970086377000,1437.521376953125,0,0.9026100039482117,11.388571739196777,11.626999855041504,0,0,826.2999877929688,77.668527,12.9966244
1766303971086461400,1438.5214614257814,0,0.8768872022628784,11.39857292175293,12.324000358581543,0,0,826.2999877929688,77.668527,12.9966244
1766303972086623200,1439.5216232910157,0,0.8481642007827759,11.408574104309082,13.074000358581543,0,0,826.2999877929688,77.668527,12.9966243
1766303973086738200,1440.52173828125,0,0.8933711051940918,11.418575286865234,13.718000411987305,0,0,826.2999877929688,77.668527,12.9966243
1766303974086580700,1441.5215808105468,0,1.0315879583358765,11.428573608398438,14.494999885559082,0,0,826.2999877929688,77.6685271,12.9966242
1766303975086966500,1442.5219665527343,0,1.4239751100540161,11.438577651977539,14.723999977111816,0,0,826.2999877929688,77.668528,12.9966254
1766303976086304800,1443.5213046875,0,1.529969573020935,11.44857120513916,14.6899995803833,0,0,826.2999877929688,77.6685289,12.9966266
1766303977086973400,1444.5219733886718,0,1.8586183786392212,10.424704551696777,14.697999954223633,0,0,841.7999877929688,77.6685292,12.996627
1766303978086517800,1445.5215178222657,12.064855575561523,1.730191946029663,10.434700012207031,14.593000411987305,7.659999847412109,81,841.7999877929688,77.6686666,12.9966662
1766303979086403000,1446.521403076172,15.721193313598633,2.046637535095215,10.44469928741455,14.383000373840332,8.239999771118164,81,841.7999877929688,77.6688048,12.9967055
1766303980087059700,1447.522059814453,15.283655166625977,2.1944165229797363,10.454706192016602,14.178999900817871,9.039999961853027,80,841.7999877929688,77.6688943,12.9967438
1766303981086927400,1448.5219272460938,13.127252578735352,2.120433807373047,10.464704513549805,13.668999671936035,10.510000228881836,76,841.7999877929688,77.6690297,12.9968399
1766303982087004000,1449.52200390625,7.052800178527832,2.2202816009521484,10.474705696105957,13.01200008392334,11.529999732971191,70,841.7999877929688,77.6691859,12.9968048
1766303983086543600,1450.5215437011718,4.019132614135742,1.2286258935928345,12.406529426574707,12.293999671936035,12.300000190734863,70,841.7999877929688,77.6693282,12.996879
1766303984087040800,1451.5220407714844,3.3596343994140625,1.003469705581665,12.416533470153809,11.656999588012695,12.9399995803833,72,841.7999877929688,77.6694558,12.996926
1766303985086554600,1452.5215546875,0.715532660484314,0.979911208152771,12.426528930664062,11.39900016784668,13.489999771118164,76,841.7999877929688,77.6695849,12.9969395
1766303986086600000,1453.5215998535157,2.040894031524658,1.0547676086425781,12.436529159545898,10.706999778747559,13.800000190734863,77,841.7999877929688,77.6697155,12.9969545
1766303987087150000,1454.5221501464844,4.260486125946045,1.2387138605117798,12.446535110473633,10.204000473022461,14.079999923706055,78,841.7999877929688,77.6698467,12.9969828
1766303988086475300,1455.521475341797,5.129155158996582,1.4675798416137695,12.456528663635254,10.20300006866455,14.029999732971191,80,841.7999877929688,77.6699758,12.9970109
1766303989086897200,1456.5218972167968,1.3792091608047485,1.0048877000808716,12.466532707214355,10.11299991607666,13.739999771118164,83,841.7999877929688,77.6701009,12.9970268
1766303990086351000,1457.5213510742187,3.7788047790527344,1.2007325887680054,12.476527214050293,10.043999671936035,13.84000015258789,82,841.7999877929688,77.6702345,12.9970567
1766303991086800000,1458.5217998046876,1.2413538694381714,0.995612382888794,12.486531257629395,10.008000373840332,13.710000038146973,80,841.7999877929688,77.6703698,12.9970817
1766303992086208500,1459.5212084960938,4.865736961364746,1.280100703239441,12.496525764465332,9.996000289916992,13.59000015258789,79,841.7999877929688,77.6704966,12.9970937
1766303993086769000,1460.5217687988281,5.976414680480957,1.4005159139633179,12.50653076171875,9.935999870300293,13.989999771118164,76,841.7999877929688,77.6706255,12.9971311
1766303994086840800,1461.5218408203125,0.22010980546474457,0.9725484848022461,12.516531944274902,9.935999870300293,13.800000190734863,68,841.7999877929688,77.6707516,12.9971814
1766303995086391000,1462.5213911132812,1.1645910739898682,0.9962031245231628,12.526527404785156,9.9350004196167,13.880000114440918,66,841.7999877929688,77.6708682,12.9972356
1766303996086160100,1463.52116015625,1.3786906003952026,1.014258623123169,12.536524772644043,9.9350004196167,13.760000228881836,64,841.7999877929688,77.6709803,12.9972925
1766303997086816300,1464.5218161621094,5.094370365142822,1.3084238767623901,12.546531677246094,9.9350004196167,13.770000457763672,64,841.7999877929688,77.6710924,12.9973461
1766303998086281700,1465.5212817382812,1.8933075666427612,1.097190260887146,12.556526184082031,9.9350004196167,13.6899995803833,64,841.7999877929688,77.6712109,12.9973962
1766303999086842400,1466.5218422851563,5.775331974029541,1.350968599319458,12.566532135009766,9.9350004196167,13.640000343322754,63,841.7999877929688,77.6713126,12.9974574
1766304000086977800,1467.521977783203,0.73601895570755,0.9861196875572205,12.576533317565918,9.9350004196167,13.880000114440918,63,841.7999877929688,77.6714298,12.9975227
1766304001086606800,1468.5216069335938,1.147336721420288,0.9847287535667419,12.586529731750488,9.9350004196167,13.869999885559082,62,841.7999877929688,77.6715439,12.9975773
1766304002086734800,1469.5217348632812,1.665109395980835,1.0278452634811401,12.59653091430664,9.9350004196167,14.09000015258789,63,841.7999877929688,77.6716644,12.9976322
1766304003086511400,1470.5215114746093,3.4076685905456543,1.163869857788086,12.606528282165527,9.9350004196167,13.949999809265137,63,841.7999877929688,77.6717757,12.9976891
1766304004086413600,1471.5214135742187,4.647502899169922,1.2987531423568726,12.616527557373047,9.9350004196167,13.949999809265137,64,841.7999877929688,77.6718948,12.9977476
1766304005087043800,1472.5220439453126,3.2709944248199463,1.3863178491592407,12.626533508300781,9.9350004196167,14.0600004196167,63,841.7999877929688,77.6720121,12.9978048
1766304006086580000,1473.521580078125,3.1160552501678467,1.1717606782913208,12.636528968811035,9.9350004196167,14.710000038146973,63,841.7999877929688,77.67215,12.997869
1766304007086727700,1474.5217277832032,3.7487356662750244,1.0399742126464844,12.646531105041504,9.9350004196167,14.869999885559082,65,841.7999877929688,77.6722674,12.9979234
1766304008086722300,1475.5217224121093,1.9508215188980103,0.453891783952713,12.656530380249023,9.9350004196167,14.979999542236328,63,841.7999877929688,77.6723951,12.9979843
1766304009087018800,1476.5220187988282,3.553981065750122,0.8422311544418335,12.666533470153809,9.9350004196167,15.289999961853027,64,841.7999877929688,77.6725196,12.9980419
1766304010086431500,1477.5214313964843,3.268923282623291,0.781158447265625,12.676527976989746,9.9350004196167,15.420000076293945,64,841.7999877929688,77.6726392,12.9981029
1766304011086376200,1478.5213762207031,2.493079423904419,0.6015833020210266,12.686527252197266,9.9350004196167,15.550000190734863,63,841.7999877929688,77.6727691,12.9981651
1766304012086677800,1479.521677734375,3.9248363971710205,0.9637834429740906,12.69653034210205,9.9350004196167,15.859999656677246,63,841.7999877929688,77.6729004,12.9982293
1766304013086766600,1480.5217666015626,3.907299041748047,0.9247651100158691,12.706531524658203,9.9350004196167,15.279999732971191,61,841.7999877929688,77.6730252,12.9982947
1766304014086687000,1481.5216870117188,4.832873344421387,1.1607661247253418,12.716530799865723,9.967000007629395,15.520000457763672,62,841.7999877929688,77.6731534,12.9983597
1766304015086555100,1482.5215551757813,6.474821090698242,1.6707044839859009,12.726529121398926,10.111000061035156,15.449999809265137,60,841.7999877929688,77.6732715,12.9984342
1766304016087013400,1483.5220134277345,5.3807692527771,1.5670995712280273,12.736534118652344,10.277000427246094,15.930000305175781,60,841.7999877929688,77.6733993,12.9985076
1766304017087047000,1484.522046875,4.57423210144043,1.109216570854187,12.74653434753418,10.376999855041504,14.770000457763672,63,841.7999877929688,77.6735343,12.9985588
1766304018086499000,1485.5214990234374,2.6687471866607666,0.6487468481063843,12.756528854370117,10.33899974822998,15.670000076293945,62,841.7999877929688,77.6736721,12.9986488
1766304019086813200,1486.521813232422,2.5852184295654297,0.6073611974716187,12.766531944274902,10.423999786376953,15.140000343322754,63,841.7999877929688,77.6737889,12.9986997
1766304020086634000,1487.521634033203,2.5947957038879395,0.6231172680854797,12.776530265808105,10.310999870300293,15.479999542236328,63,841.7999877929688,77.6739055,12.9987631
1766304021087009000,1488.5220090332032,3.0870144367218018,0.7329378724098206,12.78653335571289,10.248000144958496,15.3100004196167,66,841.7999877929688,77.6740314,12.9988054
1766304022086411500,1489.5214116210936,3.172430992126465,0.7390890121459961,12.796527862548828,10.109999656677246,15.029999732971191,65,841.7999877929688,77.6741574,12.9988655
1766304023086900700,1490.5219006347656,2.334214210510254,0.590413510799408,12.806532859802246,10.001999855041504,16.299999237060547,63,841.7999877929688,77.6742851,12.9989306
1766304024086355000,1491.5213549804687,3.005964756011963,0.735830545425415,12.816527366638184,10.015999794006348,15.789999961853027,63,841.7999877929688,77.6744178,12.9989981
1766304025086385700,1492.5213857421875,3.213815212249756,0.7427248358726501,12.82652759552002,10.01099967956543,14.90999984741211,62,841.7999877929688,77.6745395,12.9990636
1766304026087145700,1493.522145751953,4.386911392211914,1.0313013792037964,12.836535453796387,10.07699966430664,15.1899995803833,62,841.7999877929688,77.6746637,12.999132
1766304027087073000,1494.522072998047,1.81813383102417,1.06877863407135,12.846534729003906,10.07699966430664,15.3100004196167,63,841.7999877929688,77.6748003,12.9991906
1766304028086181400,1495.5211813964843,1.7632049322128296,1.0289356708526611,12.856525421142578,10.053000450134277,15.329999923706055,63,841.7999877929688,77.6749374,12.9992586
1766304029087165400,1496.5221655273438,1.528475046157837,1.0259854793548584,12.866535186767578,10.045999526977539,15.25,63,841.7999877929688,77.6750595,12.9993191
1766304030086873600,1497.5218735351561,3.0660417079925537,1.1300419569015503,12.876532554626465,10.008000373840332,15.510000228881836,64,841.7999877929688,77.6751943,12.999379
1766304031086628900,1498.52162890625,3.230297088623047,1.164244294166565,12.886529922485352,9.996000289916992,15.239999771118164,62,841.7999877929688,77.6753204,12.999441
1766304032087041500,1499.5220415039062,1.5019631385803223,1.009112000465393,12.896533966064453,9.9350004196167,15.350000381469727,64,841.7999877929688,77.675447,12.9994911
1766304033086761500,1500.5217614746093,3.07894229888916,1.1757512092590332,12.90653133392334,9.9350004196167,15.460000038146973,63,841.7999877929688,77.6755744,12.9995458
1766304034086899200,1501.5218991699219,0.75114905834198,0.9697921872138977,12.916532516479492,9.9350004196167,15.460000038146973,64,841.7999877929688,77.6757041,12.9996057
1766304035087050800,1502.52205078125,5.20423698425293,1.3040740489959717,12.926533699035645,9.9350004196167,15.319999694824219,63,841.7999877929688,77.6758298,12.9996667
1766304036086714000,1503.521714111328,6.897751331329346,1.6544792652130127,12.936531066894531,9.9350004196167,15.510000228881836,63,841.7999877929688,77.6759648,12.9997196
1766304037087111700,1504.5221115722657,5.431057453155518,1.4594833850860596,12.946535110473633,9.961000442504883,15.15999984741211,65,841.7999877929688,77.6760937,12.999768
1766304038086353700,1505.5213537597656,1.1652100086212158,1.243889570236206,12.956526756286621,9.993000030517578,14.970000267028809,69,841.7999877929688,77.6762039,12.9998052
1766304039086436000,1506.5214360351563,1.1016161441802979,0.9966943264007568,12.966527938842773,9.996999740600586,15.1899995803833,73,841.7999877929688,77.6763466,12.9998379
1766304040086169600,1507.5211696777344,1.6603832244873047,1.0170173645019531,12.97652530670166,9.996999740600586,15.020000457763672,78,841.7999877929688,77.6764781,12.9998582
1766304041086709500,1508.5217094726563,1.7811837196350098,1.0454800128936768,12.986530303955078,9.996999740600586,15.170000076293945,81,841.7999877929688,77.6766145,12.9998654
1766304042086711600,1509.5217116699218,3.75791335105896,1.1751327514648438,12.996530532836914,9.996999740600586,14.399999618530273,83,841.7999877929688,77.6767524,12.9998684
1766304043086856700,1510.5218566894532,1.3928766250610352,1.0076130628585815,13.006531715393066,9.939000129699707,13.65999984741211,87,841.7999877929688,77.6768849,12.9998765
1766304044087016200,1511.5220161132813,2.0529608726501465,1.020326018333435,13.016533851623535,9.9350004196167,12.789999961853027,85,841.7999877929688,77.6770026,12.9998871
1766304045086176500,1512.521176513672,6.250210285186768,1.407461404800415,13.026525497436523,9.9350004196167,12.5600004196167,86,841.7999877929688,77.6771191,12.9998959
1766304046086348500,1513.5213486328125,10.282580375671387,1.7564976215362549,13.036526679992676,10.043000221252441,12.539999961853027,86,841.7999877929688,77.6772344,12.9999053
1766304054276000000,1521.711,0,0,16.59490394592285,92.9000015258789,0,0,851.2000122070312,77.6772869,13.0001738
1766304059709000000,1527.144,0,0,12.020906448364258,82.5,0,0,847.5,77.6770618,13.0006254
1766304066240000000,1533.675,0,0,13.584489822387695,82.5,0,0,847.5,77.676872,13.0007904
1766304072086592000,1539.5215920410155,0,1.3158283233642578,13.642955780029297,17.790000915527344,0,0,847.5,77.6777056,12.9999751
1766304073086440700,1540.5214406738282,0,1.4052045345306396,13.6529541015625,15.644000053405762,0,0,847.5,77.677709,12.9999814
1766304074086435600,1541.521435546875,46.57694625854492,1.0787352323532104,13.662954330444336,13.484000205993652,0.20999999344348907,275,847.5,77.6777267,12.9999774
1766304075087064600,1542.5220646972657,46.57694625854492,1.0099161863327026,13.67296028137207,11.756999969482422,0.47999998927116394,275,847.5,77.6777466,12.9999714
1766304076086175700,1543.52117578125,46.57694625854492,1.281997561454773,7.352379322052002,10.621000289916992,0.38999998569488525,275,847.5,77.6777575,12.9999666
1766304077087091000,1544.5220910644532,0,0.18344807624816895,7.362388610839844,8.029000282287598,0,0,847.5,77.6777796,12.9999633
1766304078086714000,1545.521714111328,0,0.08832509070634842,7.372384548187256,6.181000232696533,0,0,847.5,77.6777927,12.9999679
1766304079086626600,1546.5216264648438,0,0.3779250979423523,7.382383823394775,5.182000160217285,0,0,847.5,77.677796,12.9999691
1766304080086884600,1547.5218845214845,0,0.7100582122802734,7.392386436462402,5.045000076293945,0,0,847.5,77.6777968,12.9999694
1766304081087182600,1548.5221826171876,0,0.9303611516952515,7.4023895263671875,4.672999858856201,0,0,847.5,77.677797,12.9999695
1766304082086903800,1549.5219038085938,0,1.1069101095199585,7.412386417388916,5.228000164031982,0,0,847.5,77.6777979,12.9999695
1766304083086386000,1550.5213859863281,0,1.2594329118728638,7.422381401062012,6.234000205993652,0,0,847.5,77.6777981,12.9999695
1766304084086693600,1551.5216936035156,0,1.3698501586914062,7.432384490966797,8.527999877929688,0,0,847.5,77.6777981,12.9999695
1766304085086437000,1552.5214370117187,0,1.4548426866531372,7.442381858825684,9.972999572753906,0,0,847.5,77.6777981,12.9999697
1766304086086645200,1553.5216452636719,0,1.7749731540679932,7.452383995056152,12.970000267028809,0,0,847.5,77.6777982,12.9999697
1766304087086854000,1554.5218540039064,0,1.826689600944519,7.462386131286621,16.600000381469727,0,0,847.5,77.6777982,12.9999698
1766304088086894300,1555.5218942871093,0,2.0897085666656494,7.472386360168457,22.076000213623047,0,0,847.5,77.6777989,12.9999698
1766304089086264300,1556.521264404297,0,1.9645931720733643,7.482380390167236,23.225000381469727,0,0,847.5,77.6777998,12.9999699
1766304090086632200,1557.5216320800782,0,1.7513529062271118,7.49238395690918,26.674999237060547,0,0,847.5,77.6778001,12.9999698
1766304091086980900,1558.5219809570312,0,1.8675942420959473,7.502387523651123,27.150999069213867,0,0,847.5,77.6778002,12.9999699
1766304092086409500,1559.5214094238281,0,2.3124749660491943,7.512381553649902,26.114999771118164,0,0,847.5,77.6778021,12.9999698
1766304093087226000,1560.5222260742187,14.294790267944336,1.6657246351242065,13.607452392578125,22.06999969482422,7.519999980926514,92,839.2999877929688,77.6778519,12.9999642
1766304094086457900,1561.5214577636718,3.613133430480957,0.8374741077423096,13.617444038391113,17.523000717163086,14.960000038146973,88,839.2999877929688,77.6781542,12.9999915
1766304095086574800,1562.521574951172,3.8546903133392334,0.6609002947807312,13.627445220947266,15.336000442504883,11.069999694824219,88,839.2999877929688,77.6783478,13.0000117
1766304096086187800,1563.5211877441407,2.6427927017211914,0.47173818945884705,13.637441635131836,11.817999839782715,11.5,87,839.2999877929688,77.6784927,12.9999728
1766304097086899500,1564.5218994140625,0.9437680840492249,1.1412254571914673,13.647448539733887,5.809999942779541,11.720000267028809,87,839.2999877929688,77.6786275,12.9999523
1766304098086837800,1565.5218376464843,0.6699346899986267,1.0999157428741455,13.657447814941406,5.4730000495910645,12.3100004196167,87,839.2999877929688,77.6787567,12.9999397
1766304099086772700,1566.521772705078,0.29476219415664673,0.9505540728569031,13.667447090148926,3.9110000133514404,13.010000228881836,87,839.2999877929688,77.6788765,12.9999428
1766304100086968300,1567.5219682617187,0.6416312456130981,0.967096745967865,13.677449226379395,3.7899999618530273,13.399999618530273,87,839.2999877929688,77.6790006,12.9999505
1766304101086359000,1568.5213591308593,0.6285256147384644,0.9797396659851074,13.687443733215332,3.7899999618530273,13.890000343322754,87,839.2999877929688,77.6791224,12.9999596
1766304102086943700,1569.5219438476563,0.4028964340686798,0.9577793478965759,13.697449684143066,3.7899999618530273,14.350000381469727,87,839.2999877929688,77.6792572,12.9999637
1766304103086856000,1570.5218559570312,3.827349901199341,1.2269359827041626,13.70744800567627,3.7899999618530273,14.479999542236328,88,839.2999877929688,77.6793928,12.9999614
1766304104086876000,1571.5218759765626,0.37045928835868835,0.9734090566635132,13.717448234558105,3.7899999618530273,15.020000457763672,87,839.2999877929688,77.6795342,12.9999739
1766304105086508000,1572.5215080566406,1.2592618465423584,0.29659873247146606,13.727444648742676,3.7899999618530273,15.149999618530273,88,839.2999877929688,77.6796734,12.9999804
1766304106086543000,1573.5215432128907,3.4194397926330566,0.8092619180679321,13.737444877624512,3.7899999618530273,15.270000457763672,88,839.2999877929688,77.6798074,12.9999877
1766304107086488000,1574.5214880371093,2.827686071395874,0.712880551815033,13.747445106506348,3.7899999618530273,16.25,87,839.2999877929688,77.6799593,12.9999985
1766304108086741800,1575.5217416992186,1.2146520614624023,0.30829355120658875,13.757447242736816,3.7899999618530273,16.31999969482422,87,839.2999877929688,77.6801031,13.0000048
1766304109086186000,1576.5211860351562,1.4520137310028076,0.37393346428871155,13.767441749572754,3.7899999618530273,16.56999969482422,86,839.2999877929688,77.6802545,13.0000148
1766304110086847200,1577.5218471679686,1.4340863227844238,0.37806499004364014,13.777448654174805,3.7899999618530273,16.959999084472656,85,839.2999877929688,77.6804123,13.0000233
1766304111086188000,1578.5211879882813,1.0278005599975586,0.2720845937728882,13.78744125366211,3.7899999618530273,17.020000457763672,83,839.2999877929688,77.6805654,13.0000348
1766304112087159800,1579.5221599121094,1.9395995140075684,0.5230749249458313,13.79745101928711,3.7899999618530273,17.360000610351562,82,839.2999877929688,77.6807269,13.0000561
1766304113086696700,1580.5216967773438,1.9686583280563354,0.5474703907966614,13.807446479797363,3.7899999618530273,17.90999984741211,77,839.2999877929688,77.6808899,13.0000949
1766304114087160300,1581.5221604003907,2.0152275562286377,0.5643398761749268,13.817451477050781,3.7899999618530273,18.030000686645508,76,839.2999877929688,77.6810511,13.000131
1766304115086592300,1582.5215922851562,0.9146474003791809,1.3352118730545044,13.827445983886719,3.7899999618530273,17.940000534057617,75,839.2999877929688,77.6812064,13.0001828
1766304116087182600,1583.5221826171876,2.27498197555542,1.1441184282302856,13.837451934814453,3.7899999618530273,18.43000030517578,75,839.2999877929688,77.6813824,13.0002271
1766304117087053000,1584.5220529785156,0.1314636468887329,0.959416389465332,13.847450256347656,3.7899999618530273,18.790000915527344,76,839.2999877929688,77.6815504,13.0002679
1766304118087078700,1585.5220786132813,0.21060596406459808,0.9627824425697327,13.857450485229492,3.7899999618530273,19.06999969482422,77,839.2999877929688,77.6817279,13.0003081
1766304119086437000,1586.5214370117187,0.5521717667579651,1.1286298036575317,13.867444038391113,3.7899999618530273,19.290000915527344,80,839.2999877929688,77.6819061,13.0003387
1766304120087083000,1587.5220830078124,0.19550640881061554,0.9851294159889221,13.877450942993164,3.7899999618530273,19.65999984741211,83,839.2999877929688,77.6820926,13.0003554
1766304121086703400,1588.5217033691406,0.7084883451461792,1.0018500089645386,13.887446403503418,3.7899999618530273,19.75,86,839.2999877929688,77.6822793,13.0003617
1766304122086281200,1589.52128125,4.021636962890625,1.118754267692566,13.897442817687988,3.7899999618530273,19.68000030517578,87,839.2999877929688,77.6824612,13.0003668
1766304123086761700,1590.52176171875,0.7841342687606812,0.9915460348129272,13.907447814941406,3.7899999618530273,19.6200008392334,90,839.2999877929688,77.6826436,13.0003624
1766304124087163100,1591.5221630859376,0.6384473443031311,0.9787400364875793,13.917451858520508,3.7899999618530273,19.34000015258789,90,839.2999877929688,77.6828222,13.0003562
1766304125086679600,1592.5216794433593,0.1885477751493454,0.9538640379905701,13.927446365356445,3.7899999618530273,19.299999237060547,90,839.2999877929688,77.6829976,13.0003599
1766304126086548700,1593.521548828125,0.11594914644956589,0.9523209929466248,13.937445640563965,3.7899999618530273,19.40999984741211,90,839.2999877929688,77.6831738,13.0003542
1766304127086545000,1594.521544921875,0.1777515411376953,0.9499738812446594,13.947444915771484,3.7899999618530273,19.520000457763672,90,839.2999877929688,77.6833514,13.0003529
1766304128086457900,1595.5214577636718,0.18080972135066986,0.9719345569610596,13.957444190979004,3.7899999618530273,19.40999984741211,90,839.2999877929688,77.683533,13.0003484
1766304129086992400,1596.5219924316407,0.18972563743591309,0.9462959170341492,13.967450141906738,3.7899999618530273,19.350000381469727,90,839.2999877929688,77.6837087,13.0003475
1766304130086436000,1597.5214360351563,0.2809562385082245,0.9786495566368103,13.977444648742676,3.7899999618530273,19.299999237060547,91,839.2999877929688,77.6838913,13.0003406
1766304131086645200,1598.5216452636719,0.31096094846725464,0.9519801735877991,13.987445831298828,3.7899999618530273,19.34000015258789,91,839.2999877929688,77.6840644,13.0003373
1766304132087146000,1599.5221459960937,0.13828203082084656,0.9531115889549255,13.997450828552246,5.019000053405762,19.530000686645508,91,839.2999877929688,77.6842469,13.0003319
1766304133086969000,1600.5219689941407,0.13580119609832764,0.9517757296562195,14.00744915008545,6.248000144958496,19.360000610351562,92,839.2999877929688,77.6844296,13.0003232
1766304134086615600,1601.5216154785155,0.47055959701538086,0.9616478681564331,14.01744556427002,6.861999988555908,19.329999923706055,92,839.2999877929688,77.6846119,13.000315
1766304135086274800,1602.5212749023437,0.12635572254657745,0.9502001404762268,14.027442932128906,7.886000156402588,19.40999984741211,93,839.2999877929688,77.684789,13.0003022
1766304136086650400,1603.521650390625,0.11300842463970184,0.9447634816169739,14.037446022033691,9.9350004196167,19.510000228881836,93,839.2999877929688,77.6849691,13.0002933
1766304137086410800,1604.5214106445312,0.2564265727996826,0.9552402496337891,14.047444343566895,9.9350004196167,19.3799991607666,94,839.2999877929688,77.6851466,13.000281
1766304138087117300,1605.5221174316407,0.3213287889957428,0.9599050283432007,14.057451248168945,9.9350004196167,19.25,94,839.2999877929688,77.6853241,13.0002683
1766304139087193000,1606.5221931152344,0.7445814609527588,0.9694814085960388,14.067451477050781,9.9350004196167,19.170000076293945,94,839.2999877929688,77.6855018,13.0002541
1766304140086674400,1607.5216743164062,0.6301865577697754,0.9801523089408875,14.077446937561035,9.9350004196167,19.520000457763672,95,839.2999877929688,77.6856836,13.0002367
1766304141086720800,1608.521720703125,3.393212080001831,1.2626807689666748,14.087447166442871,9.9350004196167,19.739999771118164,96,839.2999877929688,77.6858683,13.0002197
1766304142087064800,1609.5220649414061,0.32522761821746826,0.9539875984191895,14.097450256347656,9.9350004196167,19.459999084472656,99,839.2999877929688,77.6860455,13.0001789
1766304143087004700,1610.522004638672,0.539718747138977,0.9524169564247131,14.107449531555176,9.9350004196167,19.559999465942383,102,839.2999877929688,77.6862203,13.0001399
1766304144086377700,1611.521377685547,2.1864266395568848,1.1405507326126099,14.117444038391113,9.9350004196167,19.229999542236328,104,839.2999877929688,77.6863877,13.0001004
1766304145086347300,1612.5213471679688,3.8656458854675293,1.195610523223877,14.127443313598633,9.9350004196167,19.969999313354492,109,839.2999877929688,77.6865583,13.0000423
1766304146086433000,1613.5214331054688,2.5226998329162598,0.7502049803733826,14.137444496154785,9.9350004196167,19.170000076293945,113,839.2999877929688,77.686715,12.9999749
1766304147087047000,1614.522046875,1.9164879322052002,0.5796800851821899,14.14745044708252,9.9350004196167,19.479999542236328,115,839.2999877929688,77.6868806,12.9998987
1766304148086551800,1615.5215517578124,0.7241750359535217,0.22177837789058685,14.157444953918457,9.9350004196167,19.68000030517578,119,839.2999877929688,77.6870406,12.999817
1766304149087085000,1616.5220849609375,0.4101792871952057,0.1240108534693718,14.167450904846191,9.9350004196167,19.40999984741211,122,839.2999877929688,77.6871941,12.9997289
1766304150086826500,1617.5218264160155,0.27971455454826355,0.08534007519483566,14.177448272705078,9.9350004196167,19.579999923706055,124,839.2999877929688,77.6873494,12.9996354
1766304151086780400,1618.5217805175782,0.3642207384109497,0.11117976158857346,14.187447547912598,9.9350004196167,19.600000381469727,128,839.2999877929688,77.6874867,12.9995332
1766304152087080700,1619.5220808105469,2.565063953399658,1.222511887550354,14.197450637817383,9.9350004196167,19.360000610351562,128,839.2999877929688,77.6876265,12.9994278
1766304153086942200,1620.5219421386719,1.1270231008529663,1.0143134593963623,14.207448959350586,9.9350004196167,19.450000762939453,131,839.2999877929688,77.687757,12.9993088
1766304154086609400,1621.521609375,0.8894610404968262,1.0067673921585083,14.217446327209473,9.9350004196167,19.40999984741211,134,839.2999877929688,77.6878902,12.9991868
1766304155086512600,1622.5215126953126,2.5781407356262207,1.1791120767593384,14.227444648742676,9.9350004196167,19.75,135,839.2999877929688,77.6880242,12.9990604
1766304156086757600,1623.5217575683594,0.5996494293212891,0.9788547158241272,14.237447738647461,9.9350004196167,19.280000686645508,137,839.2999877929688,77.6881398,12.998933
1766304157086449400,1624.5214494628906,0.569904625415802,1.1182612180709839,14.247444152832031,9.9350004196167,19.260000228881836,136,839.2999877929688,77.6882643,12.9988098
1766304158086933000,1625.5219331054689,0.9711519479751587,1.0057992935180664,14.25744915008545,9.9350004196167,19.3700008392334,137,839.2999877929688,77.6883819,12.9986832
1766304159086602800,1626.5216027832032,1.250332236289978,1.0169453620910645,14.26744556427002,9.9350004196167,19.530000686645508,135,839.2999877929688,77.6885069,12.9985544
1766304160086194400,1627.5211943359375,2.56406831741333,1.1878776550292969,14.27744197845459,9.9350004196167,19.530000686645508,134,839.2999877929688,77.6886367,12.9984279
1766304161086942500,1628.5219423828125,2.933913469314575,1.2056846618652344,14.28744888305664,9.9350004196167,19.3799991607666,133,839.2999877929688,77.6887637,12.9983022
1766304162087132700,1629.5221325683594,3.6614885330200195,1.3941993713378906,14.29745101928711,9.9350004196167,19.56999969482422,130,839.2999877929688,77.6888981,12.9981819
1766304163087056100,1630.5220561523438,3.1926753520965576,1.261185884475708,14.307450294494629,9.9350004196167,18.290000915527344,125,839.2999877929688,77.6890264,12.9980921
1766304164086851800,1631.5218518066406,2.0000178813934326,1.1889424324035645,14.317448616027832,9.9350004196167,18.15999984741211,122,839.2999877929688,77.6891685,12.9980033
1766304165086393300,1632.521393310547,0.6398745179176331,0.9561913013458252,14.327444076538086,9.9350004196167,17.579999923706055,119,839.2999877929688,77.6893132,12.997928
1766304166086832000,1633.52183203125,0.5603654384613037,0.9533215165138245,14.337448120117188,9.9350004196167,17.059999465942383,117,839.2999877929688,77.6894599,12.997859
1766304167086296800,1634.521296875,3.363142251968384,1.1272776126861572,14.347442626953125,9.9350004196167,16.65999984741211,117,839.2999877929688,77.6895959,12.997793
1766304168086765800,1635.5217658691406,1.0975714921951294,0.993408739566803,14.357447624206543,9.9350004196167,16.200000762939453,116,839.2999877929688,77.6897296,12.997721
1766304169086947600,1636.5219475097656,0.9617548584938049,0.9886980652809143,14.367449760437012,9.9350004196167,15.739999771118164,117,839.2999877929688,77.6898592,12.9976627
1766304170086611700,1637.5216118164062,0.2244141846895218,0.9650221467018127,14.377446174621582,9.9350004196167,15.470000267028809,116,839.2999877929688,77.6899852,12.997605
1766304171086496800,1638.5214968261719,0.21109171211719513,0.9723997116088867,14.387444496154785,9.9350004196167,15.239999771118164,116,839.2999877929688,77.6901103,12.9975438
1766304172087169300,1639.522169189453,1.1295982599258423,0.9866968989372253,14.397451400756836,9.9350004196167,15.1899995803833,116,839.2999877929688,77.6902405,12.9974829
1766304173086594600,1640.521594482422,0.2195185124874115,0.9755534529685974,14.407445907592773,9.9350004196167,15.220000267028809,116,839.2999877929688,77.6903675,12.9974242
1766304174086357800,1641.5213576660155,0.22546344995498657,0.9676337242126465,14.41744327545166,9.9350004196167,15.199999809265137,116,839.2999877929688,77.6904915,12.9973599
1766304175087051800,1642.5220517578125,0.22350871562957764,1.015120506286621,14.427450180053711,9.9350004196167,15.270000457763672,116,839.2999877929688,77.6906219,12.997306
1766304176086558500,1643.5215583496094,0.27824681997299194,0.9471775889396667,14.437445640563965,9.9350004196167,15.010000228881836,116,839.2999877929688,77.6907461,12.9972439
1766304177087252700,1644.5222526855468,2.374021291732788,1.0663825273513794,14.447452545166016,9.9350004196167,15.279999732971191,116,839.2999877929688,77.6908769,12.9971846
1766304178086578200,1645.521578125,1.9695719480514526,1.0510282516479492,14.45744514465332,9.9350004196167,15.25,116,839.2999877929688,77.691004,12.9971239
1766304179086818800,1646.5218188476563,3.6417107582092285,1.208816409111023,14.467448234558105,9.9350004196167,14.989999771118164,113,839.2999877929688,77.6911272,12.9970701
1766304180086412800,1647.521412841797,0.8295782208442688,0.9561032652854919,2.6746299266815186,9.9350004196167,15.180000305175781,112,827.37841796875,77.6912595,12.9970196
1766304181086193200,1648.5211931152344,0.43584540486335754,0.9439069032669067,2.7023353576660156,9.9350004196167,15.180000305175781,111,826.236572265625,77.6913949,12.9969734
1766304182086394600,1649.52139453125,0.8998643159866333,0.9594219923019409,2.7211954593658447,9.9350004196167,15.039999961853027,110,826.141357421875,77.6915307,12.9969282
1766304183087054000,1650.5220541992187,0.3559105396270752,0.9863938093185425,2.628800392150879,9.9350004196167,15.069999694824219,109,826.702880859375,77.6916598,12.9968803
1766304184086646300,1651.5216462402343,3.632756471633911,1.0132066011428833,2.558333158493042,9.9350004196167,14.789999961853027,109,826.6512451171875,77.6917844,12.9968351
1766304185087195400,1652.5221953125,0.8641339540481567,0.18409717082977295,2.5,9.9350004196167,13.6899995803833,108,826.860107421875,77.6919074,12.9967951
1766304186086306600,1653.521306640625,0.2587108016014099,0.05214008316397667,2.5,9.9350004196167,12.930000305175781,108,826.9716796875,77.6920204,12.996759
1766304187086885400,1654.521885498047,2.3521673679351807,0.45490044355392456,2.5,9.9350004196167,12.460000038146973,109,826.7100830078125,77.6921311,12.9967244
1766304188086212400,1655.5212124023437,6.251673698425293,1.1961724758148193,2.5,9.9350004196167,12.380000114440918,110,826.72998046875,77.6922406,12.9966855
1766304189086716400,1656.5217163085938,9.621011734008789,1.8150334358215332,2.5,10.026000022888184,12.210000038146973,110,826.673583984375,77.6923467,12.9966464
1766304190086198000,1657.5211979980468,12.235548973083496,2.296278238296509,2.7111101150512695,10.282999992370605,12.130000114440918,111,826.6810302734375,77.6924519,12.9966074
1766304191087132200,1658.522132080078,16.240812301635742,2.7718777656555176,2.936142921447754,10.963000297546387,12.199999809265137,112,826.672607421875,77.6925572,12.9965684
1766304192087102200,1659.522102294922,17.013946533203125,2.884138822555542,3.1840343475341797,11.812999725341797,12.069999694824219,111,826.6923828125,77.6926551,12.9965266
1766304193087179500,1660.5221794433594,17.814794540405273,2.9768123626708984,3.4137589931488037,12.87399959564209,11.609999656677246,114,826.7425537109375,77.6927294,12.9964728
1766304194086536700,1661.5215366210937,19.3444881439209,2.950831174850464,3.69089412689209,13.477999687194824,10.579999923706055,111,826.73046875,77.6928039,12.996466
1766304195086833400,1662.5218334960937,21.013751983642578,3.03177809715271,3.960608720779419,15.590999603271484,10.069999694824219,115,826.792724609375,77.692874,12.9964344
1766304196086783000,1663.5217829589844,21.80574607849121,3.051929473876953,4.154184341430664,16.4950008392334,8.90999984741211,115,826.94287109375,77.6929114,12.996422
1766304197086419700,1664.5214196777345,23.60710906982422,2.90187931060791,4.285520553588867,17.774999618530273,7.78000020980835,119,826.986083984375,77.6929319,12.996405
1766304198086350000,1665.5213500976563,26.370105743408203,2.8912792205810547,4.29164981842041,18.62299919128418,6.880000114440918,117,826.79345703125,77.6929499,12.9964194
1766304199086397200,1666.521397216797,29.214101791381836,2.443366050720215,4.27894926071167,18.992000579833984,5.199999809265137,110,826.529052734375,77.692966,12.996472
1766304200086939600,1667.5219396972657,50.74265670776367,2.494901418685913,4.630464553833008,19.235000610351562,2.680000066757202,90,826.02880859375,77.6929467,12.9965091
1766304201086659800,1668.5216599121093,46.03976058959961,2.51733660697937,4.423968315124512,18.68000030517578,3.0899999141693115,81,824.013671875,77.6929724,12.9965912
1766304202086812700,1669.5218127441406,48.56223678588867,2.6273229122161865,4.742175579071045,17.32699966430664,3,67,823.728271484375,77.6929637,12.9966892
1766304203086854400,1670.5218544921875,60.423091888427734,2.3167078495025635,5.117453575134277,16.684999465942383,1.899999976158142,69,822.759521484375,77.6929542,12.9966515
1766304204086924300,1671.5219243164063,0,0.27581480145454407,5.286270618438721,16.170000076293945,0,0,820.9505615234375,77.6929103,12.9966641
1766304205086642200,1672.5216420898437,0,0.2387905865907669,5.273788928985596,15.880999565124512,0,0,820.32421875,77.6929177,12.9966855
1766304205178000000,1672.6129997558594,0,0,6.043909072875977,15.9350004196167,0,0,833.5999755859375,77.6929177,12.9966855
1766304206086493400,1673.521493408203,0,0.23455430567264557,6.0529937744140625,15.663999557495117,0,0,833.5999755859375,77.6929128,12.9967118
1766304207087032000,1674.5220319824218,0,0.13726410269737244,6.062999248504639,15.065999984741211,0,0,833.5999755859375,77.692927,12.9966932
1766304208086615800,1675.5216157226562,0,0.10024040937423706,6.072995185852051,14.6850004196167,0,0,833.5999755859375,77.6929532,12.9966667
1766304209087026400,1676.5220263671874,0,0.09970670193433762,6.082999229431152,13.961000442504883,0,0,833.5999755859375,77.692935,12.996678
1766304210086967600,1677.521967529297,0,0.13585183024406433,6.09299898147583,13.446000099182129,0,0,833.5999755859375,77.6929605,12.9966647
1766304211086258000,1678.5212578125,0,0.08953502029180527,6.102991580963135,12.276000022888184,0,0,833.5999755859375,77.6929647,12.996666
1766304212086661400,1679.521661376953,0,0.341378778219223,6.112995624542236,11.777999877929688,0,0,833.5999755859375,77.6929757,12.9966528
1766304213086705700,1680.5217055664064,0,0.27069520950317383,2.837341547012329,11.185999870300293,0,0,832,77.6929713,12.996648
1766304214087104300,1681.5221042480468,0,0.0937516912817955,2.8473455905914307,10.902000427246094,0,0,832,77.6929798,12.996644
1766304215086796300,1682.5217963867187,0,0.09819699078798294,2.857342481613159,10.82800006866455,0,0,832,77.6929764,12.9966342
1766304216087267600,1683.522267578125,0,0.08345067501068115,2.867347240447998,10.595999717712402,0,0,832,77.692977,12.9966266
1766304217086869000,1684.5218688964844,0,0.10084214806556702,2.87734317779541,10.454999923706055,0,0,832,77.692978,12.9966151
1766304218086347500,1685.5213474121094,0,0.09384873509407043,2.8873379230499268,10.428999900817871,0,0,832,77.692972,12.9966091
1766304219086666800,1686.521666748047,0,0.11118397116661072,2.897341251373291,10.385000228881836,0,0,832,77.6929681,12.9966104
1766304220086885400,1687.521885498047,0,0.37985605001449585,21.317354202270508,10.34000015258789,0,0,831.2999877929688,77.6929686,12.9966119
1766304221087067000,1688.5220668945312,0,0.5681732296943665,21.327356338500977,10.366000175476074,0,0,831.2999877929688,77.6929686,12.9966119
1766304222086860300,1689.5218603515625,0,0.6877315044403076,21.33735466003418,10.454000473022461,0,0,831.2999877929688,77.6929687,12.9966119
1766304223086280700,1690.5212807617188,0,0.7421865463256836,21.347347259521484,10.64900016784668,0,0,831.2999877929688,77.6929685,12.9966118
1766304224086929400,1691.5219294433593,0,0.883836567401886,21.35735511779785,11.130999565124512,0,0,831.2999877929688,77.6929685,12.9966118
1766304225086257700,1692.5212575683595,0,1.0647028684616089,21.367347717285156,11.543000221252441,0,0,831.2999877929688,77.6929685,12.9966118
1766304226086511400,1693.5215114746093,0,1.149902582168579,4.5882954597473145,12.281999588012695,0,0,832,77.6929685,12.9966127
1766304227086622700,1694.5216228027343,0,1.196696400642395,4.598296642303467,13.187999725341797,0,0,832,77.6929686,12.9966128
1766304228086934300,1695.521934326172,0,1.2765717506408691,4.608299732208252,15.045999526977539,0,0,832,77.6929686,12.9966126
1766304229086579000,1696.521578857422,0,1.2932960987091064,4.618296146392822,15.92199993133545,0,0,832,77.6929685,12.9966125
1766304230086338800,1697.5213388671875,0,1.184304118156433,4.628293514251709,17.940000534057617,0,0,832,77.6929683,12.9966125
1766304231087067000,1698.5220668945312,0,1.2064940929412842,4.638300895690918,19.01799964904785,0,0,832,77.6929682,12.9966123
1766304232086897000,1699.5218969726564,0,1.2139226198196411,4.648299217224121,19.569000244140625,0,0,832,77.6929683,12.9966124
1766304233086288000,1700.521287841797,0,1.228955864906311,4.6582932472229,18.8700008392334,0,0,832,77.6929693,12.9966076
1766304234086263000,1701.5212629394532,16.167293548583984,1.5376769304275513,4.668292999267578,18.009000778198242,5.119999885559082,114,832,77.6931415,12.996414
1766304235087129300,1702.5221293945312,4.142395973205566,1.091005802154541,4.6783013343811035,15.734999656677246,8.9399995803833,108,832,77.6933696,12.9962901
1766304236086245600,1703.5212456054687,5.373753070831299,1.2239137887954712,4.688292503356934,14.890000343322754,9.6899995803833,108,832,77.6934788,12.9962417
1766304237086388700,1704.521388671875,0.25797197222709656,0.9745105504989624,4.698294162750244,13.204000473022461,10.970000267028809,109,832,77.6935614,12.9962137
1766304238086356000,1705.5213559570313,0.28796836733818054,0.9657600522041321,4.607417106628418,11.019000053405762,11.699999809265137,110,839.7999877929688,77.6936792,12.9961746
1766304239086334700,1706.521334716797,0.5173698663711548,0.9684054851531982,4.617416858673096,10.324000358581543,12.390000343322754,110,839.7999877929688,77.6937842,12.996137
1766304240086353200,1707.5213532714845,0.23730206489562988,0.9586932063102722,4.627417087554932,10.258999824523926,13.010000228881836,111,839.7999877929688,77.6939035,12.996094
1766304241086755000,1708.5217551269532,6.688911437988281,1.2769283056259155,4.637421131134033,9.956000328063965,13.289999961853027,114,839.7999877929688,77.6940212,12.9960391
1766304242086911000,1709.521910888672,5.0874223709106445,1.4317941665649414,4.647422790527344,9.9350004196167,13.619999885559082,113,839.7999877929688,77.6941375,12.9959869
1766304243086889200,1710.5218891601562,0.5563288331031799,0.9662580490112305,4.6574225425720215,9.9350004196167,14.859999656677246,114,839.7999877929688,77.6942682,12.9959259
1766304244087178200,1711.5221782226563,0.20118223130702972,0.9797106981277466,4.667425155639648,9.9350004196167,15.470000267028809,114,839.7999877929688,77.6943965,12.9958687
1766304245087018500,1712.5220185546875,0.24920769035816193,0.9645293951034546,4.67742395401001,9.9350004196167,15.949999809265137,115,839.7999877929688,77.6945277,12.9958125
1766304246086440000,1713.5214399414062,0.20630647242069244,0.9651737809181213,4.687417984008789,9.9350004196167,16.479999542236328,114,839.7999877929688,77.6946649,12.9957502
1766304247086606600,1714.5216066894532,2.2354230880737305,1.100658655166626,4.6974196434021,9.9350004196167,16.90999984741211,114,839.7999877929688,77.6948049,12.9956892
1766304248087118300,1715.5221184082031,2.9552063941955566,1.1709924936294556,4.707424640655518,9.9350004196167,17.229999542236328,114,839.7999877929688,77.6949496,12.9956287
1766304249086431200,1716.5214311523437,0.18902628123760223,0.9506076574325562,4.7174177169799805,9.9350004196167,17.459999084472656,112,839.7999877929688,77.6950939,12.9955737
1766304250086636500,1717.5216364746093,0.18671032786369324,0.9842471480369568,4.727419853210449,9.9350004196167,17.329999923706055,110,839.7999877929688,77.6952397,12.9955198
1766304251086842400,1718.5218422851563,2.65553879737854,0.7279675006866455,4.737421989440918,9.9350004196167,17.670000076293945,110,839.7999877929688,77.6953974,12.9954644
1766304252086734000,1719.5217341308594,2.7617075443267822,0.7323247790336609,4.747420787811279,9.9350004196167,17.100000381469727,103,839.7999877929688,77.6955533,12.9954283
1766304253087027200,1720.5220270996094,0.26339414715766907,0.0684073194861412,4.7574238777160645,9.9350004196167,16.670000076293945,102,839.7999877929688,77.6957062,12.9953971
1766304254086391000,1721.5213911132812,0.22529920935630798,0.058655958622694016,4.7674174308776855,9.9350004196167,16.709999084472656,100,839.7999877929688,77.6958624,12.9953644
1766304255086930400,1722.5219304199218,1.7912043333053589,0.47555145621299744,4.777422904968262,9.9350004196167,17.09000015258789,98,839.7999877929688,77.6960181,12.9953365
1766304256086620700,1723.5216206054688,2.1493775844573975,0.5558620095252991,4.78741979598999,9.9350004196167,16.65999984741211,98,839.7999877929688,77.6961646,12.9953162
1766304257086631000,1724.521630859375,0.5150298476219177,0.14185787737369537,4.797420024871826,9.9350004196167,17.690000534057617,97,839.7999877929688,77.6963255,12.9952933
1766304258086395400,1725.5213955078125,0.13994377851486206,0.9773788452148438,4.807417392730713,9.9350004196167,17.8799991607666,98,839.7999877929688,77.6964883,12.9952719
1766304259086612500,1726.5216125488282,0.19382354617118835,0.9481669664382935,4.817419528961182,9.9350004196167,18.3799991607666,98,839.7999877929688,77.6966633,12.9952493
1766304260086941700,1727.5219416503905,0.15795835852622986,0.9361227750778198,4.827423095703125,9.9350004196167,18.770000457763672,98,839.7999877929688,77.6968372,12.9952212
1766304261086406100,1728.52140625,0.11488254368305206,0.9396811127662659,4.8374176025390625,9.9350004196167,19.149999618530273,98,839.7999877929688,77.6970124,12.9951971
1766304262086939400,1729.521939453125,0.16798247396945953,0.9668523669242859,4.847423076629639,9.9350004196167,19.610000610351562,98,839.7999877929688,77.6971911,12.9951709
1766304263086516500,1730.5215166015626,0.16230466961860657,0.9537646174430847,4.857418537139893,9.9350004196167,19.829999923706055,98,839.7999877929688,77.6973684,12.9951455
1766304264087092200,1731.5220922851563,0.15045487880706787,0.959380030632019,4.867424488067627,9.9350004196167,20.18000030517578,99,839.7999877929688,77.697553,12.9951184
1766304265086488300,1732.52148828125,0.11665403097867966,0.9609981179237366,4.877418518066406,9.9350004196167,20.290000915527344,101,839.7999877929688,77.697737,12.9950843
1766304266086477800,1733.5214777832032,0.19757691025733948,0.9491010904312134,4.887418270111084,9.9350004196167,20.479999542236328,103,839.7999877929688,77.6979252,12.9950422
1766304267087047400,1734.5220473632812,0.1979801058769226,0.9548280835151672,4.897424221038818,9.9350004196167,20.6299991607666,105,839.7999877929688,77.6981041,12.9949903
1766304268086721500,1735.5217214355469,0.12730328738689423,0.9511992335319519,4.907420635223389,9.9350004196167,20.920000076293945,108,839.7999877929688,77.6982853,12.9949322
1766304269087025700,1736.5220256347657,0.18613961338996887,0.9473525881767273,4.917423725128174,9.9350004196167,20.979999542236328,109,839.7999877929688,77.698467,12.9948667
1766304270086463500,1737.5214633789062,0.2444605827331543,0.9478392601013184,4.927418231964111,9.9350004196167,20.93000030517578,110,839.7999877929688,77.6986486,12.9948015
1766304271086915000,1738.5219150390626,0.22228147089481354,0.9834631085395813,4.937422752380371,9.9350004196167,20.959999084472656,110,839.7999877929688,77.6988294,12.9947358
1766304272086316000,1739.5213159179686,3.3607444763183594,1.085782527923584,4.94741678237915,9.9350004196167,20.850000381469727,111,839.7999877929688,77.699009,12.9946646
1766304273086369800,1740.521369873047,0.9787274599075317,0.31895869970321655,4.9574174880981445,9.9350004196167,20.950000762939453,108,839.7999877929688,77.6991856,12.9946022
1766304274087087900,1741.522087890625,0.9890295267105103,0.318785697221756,4.967424392700195,9.9350004196167,20.719999313354492,107,839.7999877929688,77.6993681,12.9945462
1766304275086552800,1742.521552734375,0.9940996766090393,0.3111626207828522,4.977418899536133,9.9350004196167,20.1200008392334,105,839.7999877929688,77.6995465,12.9944946
1766304276087137000,1743.5221369628907,0.18564601242542267,0.05659329891204834,4.987424850463867,9.9350004196167,19.559999465942383,104,839.7999877929688,77.6997224,12.9944504
1766304277086710500,1744.5217104492187,0.16206565499305725,0.04838145151734352,4.997420787811279,9.9350004196167,19.15999984741211,104,839.7999877929688,77.6998896,12.9944065
1766304278086819300,1745.5218193359376,0.16098624467849731,0.04661720246076584,5.007421970367432,9.9350004196167,18.579999923706055,104,839.7999877929688,77.7000546,12.9943673
1766304279086950700,1746.5219506835938,0.11936254799365997,0.03363151103258133,5.017423152923584,9.9350004196167,18.079999923706055,104,839.7999877929688,77.7002117,12.9943269
1766304280086882600,1747.5218825683594,0.10071077197790146,0.9767301678657532,5.0274224281311035,9.9350004196167,17.8700008392334,104,839.7999877929688,77.7003733,12.9942841
1766304281086534100,1748.5215341796875,0.10507641732692719,0.9390151500701904,5.037418842315674,9.9350004196167,17.34000015258789,104,839.7999877929688,77.7005298,12.9942446
1766304282086816800,1749.5218166503905,0.24506604671478271,0.9429079294204712,5.047421932220459,9.9350004196167,16.829999923706055,104,839.7999877929688,77.7006799,12.9942067
1766304283086251300,1750.521251220703,0.6164833307266235,0.9444814324378967,5.057415962219238,9.9350004196167,16.280000686645508,104,839.7999877929688,77.7008255,12.9941695
1766304284086997000,1751.5219970703124,0.16461044549942017,0.9351997971534729,5.067423343658447,9.9350004196167,15.789999961853027,104,839.7999877929688,77.7009669,12.9941314
1766304285086319000,1752.5213190917968,0.15610510110855103,0.9422518014907837,5.077416896820068,9.9350004196167,15.399999618530273,104,839.7999877929688,77.7011052,12.9940974
1766304286086357000,1753.5213569335938,0.14964812994003296,0.9376521110534668,5.087417125701904,9.9350004196167,15.170000076293945,104,839.7999877929688,77.7012394,12.994063
1766304287086895600,1754.5218955078126,0.1377275437116623,0.9475255012512207,5.0974225997924805,9.9350004196167,15.15999984741211,104,839.7999877929688,77.7013748,12.994025
1766304288087151600,1755.5221516113281,0.1307254433631897,0.9397172927856445,5.107425212860107,9.9350004196167,15.220000267028809,104,839.7999877929688,77.7015122,12.9939917
1766304289086739000,1756.5217390136718,0.18006961047649384,0.9482320547103882,5.1174211502075195,9.9350004196167,15.229999542236328,104,839.7999877929688,77.7016496,12.9939597
1766304290086930700,1757.5219306640624,3.4343929290771484,0.9807140231132507,5.12742280960083,9.9350004196167,15.140000343322754,104,839.7999877929688,77.7017863,12.9939234
1766304291086232600,1758.5212326660155,0.3314895033836365,0.07701794058084488,5.137415885925293,8.90999984741211,14.90999984741211,105,839.7999877929688,77.7019185,12.9938867
1766304292086631000,1759.521630859375,0.23625914752483368,0.05454981327056885,5.1474199295043945,7.886000156402588,14.819999694824219,103,839.7999877929688,77.7020512,12.9938587
1766304293087049500,1760.522049560547,0.2201061099767685,0.049618497490882874,5.157423973083496,6.861999988555908,14.470000267028809,105,839.7999877929688,77.7021796,12.993823
1766304294086929400,1761.5219294433593,0.1726679652929306,0.038371678441762924,5.167422771453857,5.019000053405762,14.260000228881836,104,839.7999877929688,77.7023084,12.9937914
1766304295087096600,1762.5220966796876,0.22172683477401733,0.04829990863800049,5.177424430847168,3.7899999618530273,13.979999542236328,104,839.7999877929688,77.7024349,12.9937593
1766304296086940000,1763.5219399414063,0.21007214486598969,0.04521143063902855,5.187423229217529,3.7899999618530273,13.8100004196167,104,839.7999877929688,77.702559,12.9937274
1766304297086780200,1764.5217802734376,0.1636691689491272,0.03479757905006409,5.197421550750732,3.7899999618530273,13.640000343322754,105,839.7999877929688,77.7026777,12.9936969
1766304298086365000,1765.5213649902344,0.13991348445415497,0.9742957353591919,5.2074174880981445,3.7899999618530273,13.65999984741211,105,839.7999877929688,77.7028005,12.9936642
1766304299086861000,1766.5218610839843,0.13195672631263733,0.9741287231445312,5.217422008514404,3.7899999618530273,13.510000228881836,105,839.7999877929688,77.7029226,12.9936326
1766304300087128600,1767.5221286621095,1.7596356868743896,1.0392472743988037,5.2274250984191895,3.7899999618530273,13.109999656677246,105,839.7999877929688,77.7030399,12.9936017
1766304301086509800,1768.521509765625,0.4608508050441742,0.9703277945518494,5.2374186515808105,3.7899999618530273,12.609999656677246,105,839.7999877929688,77.7031553,12.9935702
1766304302086222300,1769.5212224121094,5.1376190185546875,1.293771743774414,5.247416019439697,3.7899999618530273,12.220000267028809,106,839.7999877929688,77.703268,12.9935409
1766304303087099100,1770.5220991210938,9.222403526306152,1.7366907596588135,5.257424831390381,3.9019999504089355,12,105,839.7999877929688,77.7033787,12.9935257
1766304304086857700,1771.5218576660156,12.088768005371094,2.0425920486450195,5.267422199249268,4.283999919891357,11.960000038146973,105,839.7999877929688,77.7034898,12.9935152
1766304312231000000,1779.666,0,0,12.377603530883789,77.5999984741211,0,0,854,77.7046164,12.9936366
1766304318086555100,1785.5215551757813,35.81149673461914,2.8000664710998535,12.436159133911133,47.21699905395508,5.929999828338623,91,854,77.7045317,12.9934152
1766304319086812700,1786.5218127441406,39.45040512084961,2.9580886363983154,12.446161270141602,48.31999969482422,5.920000076293945,91,854,77.7045858,12.9934185
1766304320086560500,1787.521560546875,62.18471145629883,2.261354923248291,16.62126922607422,42.43600082397461,2.2300000190734863,91,840.5,77.7042585,12.9934198
1766304321086732000,1788.5217319335939,68.09122467041016,2.445185899734497,16.631271362304688,39.512001037597656,2.2300000190734863,91,840.5,77.704279,12.9934217
1766304322087078400,1789.5220783691407,0,1.5445318222045898,16.64127540588379,34.138999938964844,0,0,840.5,77.7041808,12.9934114
1766304323086324500,1790.5213244628906,0,1.7241899967193604,16.651268005371094,30.292999267578125,0,0,840.5,77.7041688,12.9934434
1766304324086244600,1791.5212446289063,68.09122467041016,1.4386652708053589,16.661266326904297,23.999000549316406,0.25,91,840.5,77.7042026,12.9934617
1766304325086545000,1792.521544921875,68.09122467041016,1.517680287361145,16.671268463134766,17.23200035095215,0.2800000011920929,91,840.5,77.7041873,12.9934608
1766304326086819300,1793.5218193359376,68.09122467041016,1.6948639154434204,9.614113807678223,10.074000358581543,0.20000000298023224,91,882.2000122070312,77.7041894,12.9934498
1766304327086934300,1794.521934326172,68.09122467041016,1.4097464084625244,9.624114990234375,9.616999626159668,0.2800000011920929,91,882.2000122070312,77.7041762,12.9934451
1766304328086638600,1795.521638671875,0,1.7157626152038574,9.634112358093262,8.388999938964844,0,0,882.2000122070312,77.7041571,12.993443
1766304329086934800,1796.521934814453,68.09122467041016,1.2618491649627686,9.64411449432373,7.973999977111816,0.46000000834465027,91,882.2000122070312,77.7041478,12.9934507
1766304330086922000,1797.521921875,0,0.3018370270729065,9.654114723205566,7.685999870300293,0,0,882.2000122070312,77.7041285,12.9934378
1766304331086354000,1798.5213540039063,0,0.2724534869194031,37.2479362487793,7.728000164031982,0,0,864.2999877929688,77.7041224,12.9934276
1766304332086848800,1799.521848876953,0,0.30244380235671997,37.25794219970703,7.690999984741211,0,0,864.2999877929688,77.704124,12.993428
1766304333086326800,1800.521326904297,0,0.16357643902301788,37.26793670654297,7.690000057220459,0,0,864.2999877929688,77.7041053,12.9934252
1766304334087125500,1801.5221254882813,0,0.1801854372024536,37.27794647216797,7.578999996185303,0,0,864.2999877929688,77.7040916,12.993414
1766304335086812200,1802.5218122558595,0,0.28625476360321045,37.287940979003906,7.561999797821045,0,0,864.2999877929688,77.7040877,12.9934118
1766304336086583800,1803.5215837402343,0,0.368336021900177,37.29793930053711,7.539000034332275,0,0,864.2999877929688,77.7040868,12.993411
1766304337086933200,1804.5219333496093,0,0.6201225519180298,15.469258308410645,7.51200008392334,0,0,854,77.7040898,12.9934116
1766304338086546000,1805.5215458984376,0,0.49380069971084595,15.479254722595215,7.697000026702881,0,0,854,77.7040894,12.9934085
1766304339087050000,1806.522050048828,0,0.5846754908561707,15.489259719848633,7.886000156402588,0,0,854,77.7040894,12.9934078
1766304340086380000,1807.521380126953,0,0.674162745475769,15.499253273010254,8.16100025177002,0,0,854,77.704086,12.9934058
1766304341086523100,1808.5215231933594,0,0.6846692562103271,15.509254455566406,8.329999923706055,0,0,854,77.7040847,12.9934055
1766304342086784800,1809.5217846679689,0,0.6961923241615295,31.51778221130371,8.498000144958496,0,0,854,77.7040865,12.993406
1766304343087158500,1810.5221584472656,0,0.9734107255935669,31.527786254882812,8.805999755859375,0,0,854,77.704087,12.9934062
1766304344086864400,1811.5218645019531,0,1.0428980588912964,31.537782669067383,8.932000160217285,0,0,854,77.7040879,12.9934065
1766304345086766600,1812.5217666015626,0,1.1748541593551636,31.54778289794922,9.256999969482422,0,0,854,77.704089,12.9934069
1766304346086277400,1813.52127734375,0,1.6483522653579712,31.557777404785156,9.491000175476074,0,0,854,77.7040921,12.9934077
1766304347086789400,1814.5217893066406,0,1.6477595567703247,31.56778335571289,10.387999534606934,0,0,854,77.7040924,12.9934076
1766304348086494700,1815.5214946289063,0,1.7060612440109253,19.720504760742188,10.402000427246094,0,0,833.2000122070312,77.7040974,12.9934082
1766304349087073300,1816.5220732421874,25.597469329833984,1.951309084892273,19.73050880432129,10.23799991607666,5.349999904632568,109,833.2000122070312,77.7042458,12.9932482
1766304350086541600,1817.5215415039063,0.38347670435905457,0.959854245185852,19.74050521850586,9.289999961853027,9.380000114440918,105,833.2000122070312,77.7044732,12.993216
1766304351087040000,1818.5220400390624,0.34199047088623047,0.9568904638290405,19.75050926208496,7.7210001945495605,10.239999771118164,105,833.2000122070312,77.7045909,12.9931709
1766304352086399700,1819.521399658203,0.2190587818622589,0.9477830529212952,19.7605037689209,7.065999984741211,11.010000228881836,105,833.2000122070312,77.7046846,12.9931459
1766304353086847500,1820.5218474121093,0.30900058150291443,0.9499161243438721,19.7705078125,4.716000080108643,11.720000267028809,104,833.2000122070312,77.7048007,12.9931157
1766304354087084500,1821.5220844726562,0.2777731716632843,0.9734590649604797,19.78050994873047,3.940999984741211,12.380000114440918,104,833.2000122070312,77.7049122,12.9930878
1766304355086224600,1822.521224609375,0.5614634156227112,0.9554606676101685,19.79050064086914,3.9159998893737793,12.8100004196167,102,833.2000122070312,77.7050285,12.9930631
1766304356086463000,1823.521462890625,2.000532627105713,1.1980559825897217,19.80050277709961,3.7899999618530273,13.199999809265137,100,833.2000122070312,77.7051512,12.993041
1766304357086317000,1824.521317138672,0.21139581501483917,0.9457291960716248,19.810503005981445,3.7899999618530273,14.119999885559082,98,833.2000122070312,77.7052894,12.9930222
1766304358086927400,1825.5219272460938,0.2737216055393219,0.9451624751091003,19.82050895690918,3.7899999618530273,14.680000305175781,96,833.2000122070312,77.7054309,12.9930071
1766304359086606800,1826.5216069335938,0.165791854262352,0.947572648525238,19.83050537109375,3.7899999618530273,15.1899995803833,94,833.2000122070312,77.7055724,12.9929932
1766304360086263600,1827.521263671875,0.15949705243110657,0.9712146520614624,19.84050178527832,3.7899999618530273,15.569999694824219,93,833.2000122070312,77.7057136,12.9929849
1766304361087061000,1828.5220610351562,0.20555102825164795,0.954346776008606,19.850509643554688,3.7899999618530273,15.960000038146973,92,833.2000122070312,77.7058611,12.9929811
1766304362086746000,1829.52174609375,0.14020384848117828,0.9773064255714417,19.860506057739258,3.7899999618530273,16.5,92,833.2000122070312,77.7060091,12.9929716
1766304363087135700,1830.5221357421874,0.1651250571012497,0.04453559219837189,19.87051010131836,3.7899999618530273,17.309999465942383,92,833.2000122070312,77.7061684,12.992965
1766304364086350600,1831.5213505859374,0.20361487567424774,0.05614715814590454,19.880502700805664,3.7899999618530273,17.700000762939453,92,833.2000122070312,77.7063271,12.9929607
1766304365086676000,1832.5216760253907,0.21735195815563202,0.06145213171839714,19.890504837036133,3.7899999618530273,18.139999389648438,92,833.2000122070312,77.7064901,12.9929552
1766304366085489400,1833.520489501953,0.17132572829723358,0.04958758503198624,2.5,3.7899999618530273,18.56999969482422,92,838.01513671875,77.7066565,12.9929454
1766304367085300200,1834.5203002929688,0.13886550068855286,0.04104755446314812,2.5,3.7899999618530273,18.969999313354492,92,837.6815185546875,77.7068275,12.9929384
1766304368085362200,1835.5203620605469,0.15948423743247986,0.04811834543943405,2.5,3.7899999618530273,19.360000610351562,92,838.1197509765625,77.707006,12.9929305
1766304369086135600,1836.521135498047,0.18861760199069977,0.05689087510108948,2.5,3.7899999618530273,19.360000610351562,92,837.2265625,77.7071849,12.9929242
1766304370085363200,1837.52036328125,0.3256491422653198,0.982074499130249,2.5,3.7899999618530273,19.280000686645508,92,837.3428955078125,77.7073624,12.9929176
1766304371085561600,1838.5205615234374,2.6889398097991943,1.2067782878875732,2.5,3.7899999618530273,19.40999984741211,92,837.1573486328125,77.7075412,12.9929108
1766304372086167800,1839.5211677246093,0.2696393132209778,0.9522769451141357,2.5,3.7899999618530273,19.479999542236328,92,837.1854248046875,77.7077224,12.9929072
1766304373085886500,1840.5208864746094,0.25487396121025085,0.9563367962837219,2.5221762657165527,3.7899999618530273,19.170000076293945,91,837.0440673828125,77.707901,12.9929003
1766304374085901000,1841.5209011230468,0.20844843983650208,0.9525691866874695,2.602660655975342,3.7899999618530273,18.809999465942383,91,837.1865234375,77.7080762,12.9928949
1766304375085372200,1842.5203720703125,0.3469720482826233,1.1218448877334595,2.836857795715332,3.7899999618530273,18.43000030517578,91,836.8173828125,77.7082453,12.9928905
1766304376085383000,1843.5203828125,0.2900829613208771,0.9471195340156555,2.8412344455718994,3.7899999618530273,18.200000762939453,91,836.546630859375,77.7084139,12.9928867
1766304377085730800,1844.5207307128906,3.4783687591552734,0.9480422735214233,20.010496139526367,4.814000129699707,17.90999984741211,89,833.2000122070312,77.708581,12.9928816
1766304378085290200,1845.5202902832032,0.1362302154302597,0.9422029256820679,20.020492553710938,5.8379998207092285,17.579999923706055,91,833.2000122070312,77.7087451,12.9928785
1766304379085512000,1846.5205119628906,0.11693403869867325,0.9447106719017029,20.030494689941406,6.861999988555908,17.239999771118164,91,833.2000122070312,77.7089034,12.9928726
1766304380086000400,1847.5210004882813,0.1283462941646576,0.9417976140975952,20.040498733520508,8.706000328063965,16.8799991607666,91,833.2000122070312,77.7090585,12.9928682
1766304381085657600,1848.5206577148438,0.13495732843875885,0.9403676986694336,20.050495147705078,9.9350004196167,16.56999969482422,91,833.2000122070312,77.7092098,12.9928649
1766304382085917700,1849.5209177246093,0.1563275307416916,0.939633309841156,20.060497283935547,9.9350004196167,16.270000457763672,91,833.2000122070312,77.7093592,12.9928609
1766304383086217500,1850.5212175292968,0.19832539558410645,0.9379713535308838,20.07050132751465,9.9350004196167,15.90999984741211,91,833.2000122070312,77.7095046,12.9928576
1766304384085934600,1851.5209345703124,0.1651267260313034,0.9398205876350403,20.08049774169922,9.9350004196167,15.59000015258789,91,833.2000122070312,77.7096524,12.9928536
1766304385086036200,1852.5210361328125,0.1700161248445511,0.938168466091156,20.090499877929688,9.9350004196167,15.260000228881836,91,833.2000122070312,77.7097925,12.9928487
1766304386085705500,1853.5207055664061,0.16366030275821686,0.9404828548431396,20.100496292114258,9.9350004196167,14.90999984741211,91,833.2000122070312,77.70993,12.9928442
1766304387086141000,1854.5211408691407,0.18412266671657562,0.9449218511581421,20.11050033569336,9.9350004196167,14.609999656677246,92,833.2000122070312,77.7100627,12.9928391
1766304388085534700,1855.5205346679688,0.1719629466533661,0.9438568949699402,20.120494842529297,9.9350004196167,14.270000457763672,93,833.2000122070312,77.7101883,12.9928297
1766304389085953800,1856.5209538574218,0.22690680623054504,0.9439642429351807,20.1304988861084,9.9350004196167,13.880000114440918,94,833.2000122070312,77.7103138,12.9928183
1766304390085461200,1857.5204611816407,0.21371136605739594,0.951377272605896,20.140493392944336,9.9350004196167,13.65999984741211,95,833.2000122070312,77.7104417,12.9928049
1766304391086039600,1858.5210395507813,0.17783690989017487,0.9378619194030762,20.15049934387207,9.9350004196167,13.300000190734863,96,833.2000122070312,77.7105632,12.9927921
1766304392085518600,1859.5205185546874,0.2906540334224701,0.9380658864974976,20.160493850708008,9.9350004196167,13.020000457763672,97,833.2000122070312,77.7106838,12.99278
1766304393085906000,1860.5209060058594,0.20037154853343964,0.9463622570037842,20.17049789428711,9.9350004196167,12.699999809265137,97,833.2000122070312,77.7108043,12.9927685
1766304394086031400,1861.52103125,0.20566639304161072,0.9370436072349548,20.180500030517578,9.9350004196167,12.350000381469727,98,833.2000122070312,77.7109189,12.9927508
1766304395085816000,1862.5208161621094,0.24570132791996002,0.9393237233161926,20.19049644470215,9.9350004196167,12.010000228881836,99,833.2000122070312,77.711025,12.9927354
1766304396086169300,1863.5211694335937,0.1908874660730362,0.9385908246040344,20.20050048828125,9.9350004196167,11.680000305175781,100,833.2000122070312,77.7111309,12.992716
1766304397085472000,1864.5204719238282,0.6451801061630249,0.9432797431945801,20.210493087768555,9.9350004196167,11.399999618530273,101,833.2000122070312,77.7112343,12.9926965
1766304398085374500,1865.5203745117187,0.33019521832466125,0.935127854347229,20.22049331665039,9.9350004196167,11.220000267028809,102,833.2000122070312,77.7113362,12.9926753
1766304399086090800,1866.5210908203126,0.17142869532108307,0.9358132481575012,20.230499267578125,9.9350004196167,11.079999923706055,102,833.2000122070312,77.7114364,12.9926496
1766304400085362400,1867.5203625488282,0.3945876657962799,0.9475671052932739,20.24049186706543,9.9350004196167,11,103,833.2000122070312,77.7115375,12.992623
1766304401085577700,1868.5205776367188,0.22725512087345123,0.9387385845184326,20.2504940032959,9.9350004196167,10.90999984741211,104,833.2000122070312,77.7116363,12.9925968
1766304402085312800,1869.5203127441407,0.19979485869407654,0.9518821239471436,20.2604923248291,9.9350004196167,10.920000076293945,105,833.2000122070312,77.7117308,12.9925734
1766304403085769700,1870.5207697753906,0.16606244444847107,0.938927948474884,20.270496368408203,9.9350004196167,10.9399995803833,106,833.2000122070312,77.7118261,12.9925449
1766304404085939000,1871.5209389648437,0.15607772767543793,0.9415429830551147,20.280498504638672,9.9350004196167,10.970000267028809,106,833.2000122070312,77.7119242,12.9925171
1766304405085840400,1872.5208403320312,0.2185707539319992,0.9562547206878662,20.290496826171875,9.9350004196167,10.970000267028809,107,833.2000122070312,77.712021,12.9924884
1766304406085322000,1873.5203220214844,0.2035800665616989,0.9415621757507324,20.300491333007812,9.9350004196167,10.930000305175781,108,833.2000122070312,77.7121144,12.992457
1766304407085861400,1874.520861328125,0.2118043154478073,0.9437345266342163,20.310497283935547,9.9350004196167,10.819999694824219,108,833.2000122070312,77.7122091,12.9924232
1766304408085382000,1875.5203818359375,0.23343375325202942,0.9341124892234802,20.320491790771484,9.9350004196167,10.75,109,833.2000122070312,77.7123042,12.9923918
1766304409085514000,1876.5205139160157,0.21951156854629517,0.9352493286132812,20.330493927001953,9.9350004196167,10.819999694824219,109,833.2000122070312,77.7123991,12.9923593
1766304410086119700,1877.5211196289063,0.2886449992656708,0.9437816143035889,20.340499877929688,9.9350004196167,10.859999656677246,109,833.2000122070312,77.7124951,12.9923273
1766304411085372700,1878.5203725585939,4.759102821350098,0.9772729277610779,20.350492477416992,9.9350004196167,10.90999984741211,109,833.2000122070312,77.7125912,12.9922938
1766304412085548300,1879.5205483398438,0.31638824939727783,0.054769642651081085,20.36049461364746,9.9350004196167,11.109999656677246,109,833.2000122070312,77.7126863,12.9922659
1766304413085849300,1880.5208493652344,0.28102582693099976,0.048603687435388565,20.37049674987793,9.9350004196167,11.100000381469727,109,833.2000122070312,77.7127827,12.9922357
1766304414085205500,1881.5202055664063,0.28387251496315,0.04884625971317291,20.380491256713867,9.9350004196167,11.039999961853027,109,833.2000122070312,77.7128785,12.992203
1766304415085459700,1882.520459716797,0.27694958448410034,0.04813269153237343,20.390493392944336,9.9350004196167,11.149999618530273,109,833.2000122070312,77.7129747,12.9921687
1766304416085798700,1883.5207985839843,0.1912110596895218,0.9634639024734497,20.400497436523438,9.9350004196167,11.149999618530273,109,833.2000122070312,77.7130705,12.9921357
1766304417086157800,1884.5211577148436,0.21531762182712555,0.936945378780365,20.410499572753906,9.9350004196167,11.170000076293945,110,833.2000122070312,77.7131709,12.9920985
1766304418086188500,1885.5211884765624,0.22409562766551971,0.940689742565155,20.420501708984375,9.9350004196167,11.15999984741211,112,833.2000122070312,77.7132656,12.9920598
1766304419085692700,1886.5206926269532,0.2641694247722626,0.9432070851325989,20.430496215820312,9.9350004196167,11.130000114440918,116,833.2000122070312,77.7133579,12.9920155
1766304420085230600,1887.5202307128907,0.8707855343818665,0.9577815532684326,20.44049072265625,9.9350004196167,11.229999542236328,119,833.2000122070312,77.7134484,12.9919657
1766304421085628000,1888.5206279296874,0.23480205237865448,0.9407343864440918,20.45049476623535,9.9350004196167,11.140000343322754,124,833.2000122070312,77.7135308,12.9919092
1766304422086183700,1889.52118359375,0.302484929561615,0.9489741325378418,20.460500717163086,9.9350004196167,11.220000267028809,129,833.2000122070312,77.7136085,12.9918447
1766304423085275100,1890.5202751464844,0.26224619150161743,0.9520320296287537,20.470491409301758,9.9350004196167,11.140000343322754,134,833.2000122070312,77.7136826,12.9917716
1766304424085505000,1891.5205051269531,0.28920602798461914,0.98082035779953,20.480493545532227,9.9350004196167,11.130000114440918,139,833.2000122070312,77.713749,12.9916969
1766304425085646800,1892.5206467285157,0.3516624867916107,0.9728676080703735,20.490495681762695,9.9350004196167,11.079999923706055,144,833.2000122070312,77.7138109,12.9916133
1766304426085182000,1893.5201818847656,0.22550827264785767,0.9613387584686279,20.500490188598633,9.9350004196167,11.010000228881836,149,833.2000122070312,77.7138625,12.9915273
1766304427086083800,1894.5210837402344,1.1914063692092896,0.982768177986145,20.510499954223633,9.9350004196167,11.0600004196167,154,833.2000122070312,77.7139072,12.9914375
1766304428085564200,1895.5205642089843,0.40006008744239807,0.9561230540275574,20.52049446105957,9.9350004196167,11.069999694824219,158,833.2000122070312,77.7139438,12.9913444
1766304429086109700,1896.5211096191406,0.35144907236099243,0.9539057612419128,20.530500411987305,9.9350004196167,10.9399995803833,163,833.2000122070312,77.7139689,12.9912457
1766304430085620500,1897.5206203613282,0.4127047061920166,0.9530503749847412,20.540494918823242,9.9350004196167,11.020000457763672,168,833.2000122070312,77.7139868,12.9911431
1766304431086172200,1898.5211721191406,0.30114325881004333,0.9474679231643677,20.550500869750977,9.9350004196167,11.050000190734863,174,833.2000122070312,77.7139961,12.9910418
1766304432085513200,1899.5205131835937,0.28794389963150024,0.9567376375198364,20.56049346923828,9.9350004196167,11.079999923706055,179,833.2000122070312,77.7140002,12.9909422
1766304433086052900,1900.5210529785156,0.5978950262069702,0.9543960690498352,20.570499420166016,9.9350004196167,10.979999542236328,183,833.2000122070312,77.7139935,12.9908421
1766304434085486800,1901.5204868164062,1.4966490268707275,0.982424795627594,20.580493927001953,9.9350004196167,11.199999809265137,189,833.2000122070312,77.7139748,12.9907444
1766304435086039000,1902.5210390625,0.5271743535995483,0.9535673260688782,2.5,9.9350004196167,10.899999618530273,194,837.3466796875,77.7139503,12.9906488
1766304436085530600,1903.5205305175782,0.3988618850708008,0.9555127024650574,2.5,9.9350004196167,11.09000015258789,198,836.9149169921875,77.7139167,12.9905562
1766304437085958000,1904.5209580078124,1.5389578342437744,0.9866721034049988,2.5,9.9350004196167,11.15999984741211,203,836.52685546875,77.7138759,12.9904638
1766304438085435100,1905.5204350585936,0.41563475131988525,0.9561747312545776,2.5,9.9350004196167,11.170000076293945,208,836.8323974609375,77.7138254,12.9903719
1766304439085873200,1906.520873046875,1.01176917552948,0.9672806859016418,2.5,9.9350004196167,11.229999542236328,213,836.43017578125,77.7137701,12.9902856
1766304440085756000,1907.520755859375,0.33794665336608887,0.9498726725578308,2.5,9.9350004196167,11.079999923706055,218,836.6175537109375,77.713706,12.9902071
1766304441085374000,1908.5203740234374,0.26045846939086914,0.9510090947151184,2.5,9.9350004196167,11.109999656677246,223,836.52392578125,77.7136353,12.9901346
1766304442086013200,1909.5210131835938,0.32386040687561035,0.9502798914909363,2.5,9.9350004196167,11.130000114440918,227,836.381103515625,77.7135591,12.9900678
1766304443085540000,1910.5205400390626,0.20083534717559814,0.9461705088615417,2.5,9.9350004196167,11.239999771118164,232,836.0760498046875,77.7134767,12.9900082
1766304444085180700,1911.5201806640625,0.176334947347641,0.94456547498703,2.5,9.9350004196167,11.210000038146973,235,835.706787109375,77.7133914,12.9899558
1766304445085406700,1912.5204067382813,0.1740066260099411,0.9426506757736206,2.5,9.9350004196167,11.210000038146973,237,835.3133544921875,77.7133018,12.9899013
1766304446085910800,1913.5209108886718,0.1402484029531479,0.9558610320091248,2.5,9.9350004196167,11.25,239,835.141357421875,77.7132134,12.9898472
1766304447086198300,1914.5211982421874,0.26967090368270874,0.9562779664993286,2.5,9.9350004196167,11.239999771118164,239,834.8594970703125,77.7131258,12.9897963
1766304448085941200,1915.5209411621095,0.2644090950489044,0.9350190758705139,2.5,9.9350004196167,11.199999809265137,239,834.882080078125,77.7130365,12.989746
1766304449085922300,1916.5209223632812,0.1769355833530426,0.947547197341919,2.5,9.9350004196167,11.1899995803833,239,834.726318359375,77.712948,12.9896975
1766304450085267700,1917.5202678222656,0.43198248744010925,0.9502871036529541,2.5,9.9350004196167,11.149999618530273,239,834.6737060546875,77.7128589,12.9896474
1766304451085895200,1918.520895263672,0.24513250589370728,0.9374513626098633,2.5,9.9350004196167,11.140000343322754,239,834.584228515625,77.7127705,12.9895953
1766304452085714400,1919.5207143554687,0.32684990763664246,0.9414031505584717,2.5,9.9350004196167,11.140000343322754,239,834.5198974609375,77.7126823,12.9895431
1766304453085175300,1920.5201752929688,0.6898903250694275,0.9407445788383484,2.5,9.9350004196167,11.130000114440918,239,834.4764404296875,77.7125941,12.9894916
1766304454085758200,1921.5207583007812,0.38997846841812134,0.950477659702301,2.5,9.9350004196167,11.050000190734863,239,834.369384765625,77.7125068,12.9894393
1766304455085520100,1922.5205200195312,0.3029356598854065,0.963222324848175,2.5,9.9350004196167,11.0600004196167,239,834.35986328125,77.7124183,12.9893897
1766304456086018300,1923.5210183105469,0.5363271832466125,0.9613678455352783,2.5,9.9350004196167,11.050000190734863,239,834.327392578125,77.7123302,12.9893404
1766304457085453800,1924.520453857422,0.2824004888534546,0.939559817314148,2.5,9.9350004196167,11.199999809265137,239,834.498779296875,77.7122433,12.9892884
1766304458085465600,1925.5204655761718,4.325385093688965,1.199866771697998,2.5,9.9350004196167,11.289999961853027,239,834.4549560546875,77.7121536,12.9892365
1766304459086003000,1926.5210029296875,2.2205116748809814,0.39205673336982727,2.5,9.9350004196167,11.369999885559082,239,834.260498046875,77.712063,12.9891841
1766304460085315000,1927.520315185547,2.4085562229156494,0.42142626643180847,2.5,9.9350004196167,11.270000457763672,239,834.1585693359375,77.7119742,12.98913
1766304461085269000,1928.5202690429687,3.9609851837158203,0.7065276503562927,2.5,9.9350004196167,11.520000457763672,243,833.8897705078125,77.7118754,12.9890839
1766304462085926000,1929.52092578125,6.265919208526611,1.104720115661621,2.5,9.9350004196167,11.399999618530273,242,834.0625,77.7117789,12.989034
1766304463086050800,1930.52105078125,10.179533958435059,1.7997220754623413,2.5,9.968000411987305,11.4399995803833,242,834.1182861328125,77.7116831,12.9889863
1766304464085807000,1931.5208071289062,14.153525352478027,2.3203489780426025,2.5,10.133000373840332,11.350000381469727,241,834.20458984375,77.7115936,12.9889352
1766304465085707000,1932.52070703125,16.61663055419922,2.644221305847168,2.6556601524353027,10.593999862670898,11.390000343322754,241,834.2158203125,77.7114993,12.988886
1766304466085661000,1933.520660888672,17.76875114440918,2.797954797744751,2.862771511077881,11.220000267028809,10.90999984741211,240,834.2353515625,77.7114214,12.9888327
1766304467086141400,1934.5211413574218,19.806930541992188,2.906425952911377,3.107959270477295,12.071000099182129,10.1899995803833,243,834.44384765625,77.7113549,12.9888118
1766304468085244700,1935.5202446289063,21.696685791015625,2.9206957817077637,3.2190682888031006,12.53600025177002,9.25,247,834.3878173828125,77.7112939,12.9888144
1766304469086165800,1936.5211657714844,22.282562255859375,3.118100881576538,3.3502516746520996,14.031999588012695,9.630000114440918,248,834.324951171875,77.711197,12.9887745
1766304470085684000,1937.5206840820313,24.39910316467285,3.1642634868621826,3.4635660648345947,14.493000030517578,8.949999809265137,242,834.37646484375,77.7111624,12.9887155
1766304471085431300,1938.5204313964844,23.951190948486328,3.2352893352508545,3.5171098709106445,15.48900032043457,9.279999732971191,237,834.375244140625,77.7110945,12.9886252
1766304472085724700,1939.520724609375,28.296518325805664,3.1099185943603516,3.4671900272369385,16.04599952697754,7.489999771118164,230,834.702392578125,77.7111505,12.9885862
1766304473085870800,1940.5208708496093,35.57796859741211,3.2165982723236084,3.418335199356079,16.746000289916992,6.329999923706055,239,834.643310546875,77.7111159,12.9886381
1766304474086230300,1941.5212302246093,40.756736755371094,3.3892340660095215,3.3647823333740234,17.079999923706055,5.860000133514404,239,834.6015625,77.7110826,12.9886174
1766304475085459000,1942.520458984375,43.064754486083984,3.4551496505737305,3.382221221923828,17.277000427246094,5.630000114440918,238,834.830078125,77.7110573,12.9885986
1766304476085781000,1943.5207810058594,50.58735656738281,3.5156984329223633,3.5611987113952637,17.663999557495117,4.679999828338623,224,835.1162109375,77.7111079,12.9885602
1766304477085478700,1944.5204787597656,60.85142517089844,3.3121798038482666,3.7194042205810547,17.58099937438965,3.4100000858306885,231,835.125732421875,77.7111276,12.9886155
1766304478085940500,1945.5209404296875,54.7984504699707,2.949732780456543,3.709315299987793,17.513999938964844,2.8299999237060547,241,834.2086181640625,77.7110971,12.9886505
1766304479085937400,1946.5209375,60.629825592041016,2.3599226474761963,3.6720495223999023,16.666000366210938,1.9199999570846558,259,833.5654296875,77.7111057,12.9887609
1766304480085262300,1947.520262451172,60.629825592041016,1.9454387426376343,3.9931259155273438,15.748000144958496,0.4099999964237213,259,832.5391845703125,77.711153,12.9887505
1766304481085669000,1948.5206691894532,60.629825592041016,1.5121670961380005,4.250730514526367,14.706999778747559,0.46000000834465027,259,831.38232421875,77.7111305,12.9887283
1766304481266000000,1948.7009997558594,0,0,4.252533912658691,14.666999816894531,0,0,831.38232421875,77.7111305,12.9887283
1766304482085757000,1949.5207568359374,0,1.4178961515426636,4.416558265686035,13.770000457763672,0,0,831.980712890625,77.7111258,12.9887189
1766304483085465900,1950.5204658203124,0,0.3124871253967285,4.439638137817383,13.416999816894531,0,0,831.2353515625,77.7111017,12.9887048
1766304484085507000,1951.5205070800782,0,0.1799832135438919,4.370025634765625,12.859000205993652,0,0,831.3492431640625,77.7110873,12.9886998
1766304485086134500,1952.5211345214843,0,0.1648261398077011,4.362483501434326,12.732000350952148,0,0,831.04052734375,77.7110869,12.9886925
1766304486085465900,1953.5204658203124,0,0.34464409947395325,4.361055374145508,12.461999893188477,0,0,830.983154296875,77.711077,12.9886844
1766304487085919200,1954.520919189453,0,0.26441237330436707,4.281320095062256,10.975000381469727,0,0,831.2828369140625,77.7110717,12.9886835
1766304488085559000,1955.5205590820312,0,0.5194947719573975,4.256018161773682,10.83899974822998,0,0,831.4688720703125,77.7110663,12.9886829
1766304489085272600,1956.5202724609376,0,0.19575469195842743,18.153160095214844,10.767000198364258,0,0,839.5999755859375,77.7110687,12.9886803
1766304490085585000,1957.5205849609374,0,0.4987468719482422,18.163164138793945,10.638999938964844,0,0,839.5999755859375,77.7110686,12.9886752
1766304491086102300,1958.5211022949218,0,0.2805430591106415,18.173168182373047,10.437999725341797,0,0,839.5999755859375,77.7110714,12.9886701
1766304492085538000,1959.5205380859375,0,0.3642024099826813,18.183162689208984,10.378999710083008,0,0,839.5999755859375,77.7110717,12.9886674
1766304493086082000,1960.52108203125,0,0.3323787748813629,18.19316864013672,10.22700023651123,0,0,839.5999755859375,77.7110729,12.9886664
1766304494086077700,1961.5210776367187,0,0.6165080070495605,18.203168869018555,10.192000389099121,0,0,839.5999755859375,77.7110776,12.988665
1766304495086267400,1962.5212673339843,0,0.363928884267807,3.378349542617798,10.1850004196167,0,0,838.7999877929688,77.7110925,12.9886643
1766304496085635800,1963.5206357421876,0,0.5757256150245667,3.388343095779419,10.220999717712402,0,0,838.7999877929688,77.7110987,12.9886646
1766304497085579300,1964.520579345703,0,0.5682297945022583,3.3983426094055176,10.366999626159668,0,0,838.7999877929688,77.7111005,12.9886653
1766304498085892000,1965.5208920898438,0,0.5892072916030884,3.4083456993103027,10.484000205993652,0,0,838.7999877929688,77.711104,12.988666
1766304499086131700,1966.5211315917968,0,0.9021047353744507,3.4183480739593506,10.829999923706055,0,0,838.7999877929688,77.7111104,12.988668
1766304500085324500,1967.5203244628906,0,0.9488385915756226,5.203251361846924,10.989999771118164,0,0,837.2999877929688,77.7111195,12.9886681
1766304501086206200,1968.521206298828,0,1.0594382286071777,5.213260173797607,11.508999824523926,0,0,837.2999877929688,77.7111207,12.9886693
1766304502085344000,1969.5203439941406,0,0.7163830399513245,5.223251819610596,11.565999984741211,0,0,837.2999877929688,77.7111216,12.9886683
1766304503085380900,1970.520380859375,0,0.6611765623092651,5.233252048492432,11.760000228881836,0,0,837.2999877929688,77.71112,12.9886698
1766304504086106400,1971.5211064453124,0,0.8012159466743469,5.243259429931641,11.956000328063965,0,0,837.2999877929688,77.7111195,12.9886702
1766304505085935600,1972.520935546875,0,0.7427948117256165,5.253257751464844,12.12600040435791,0,0,837.2999877929688,77.7111188,12.9886711
1766304506085530000,1973.5205300292969,0,0.8896456956863403,20.757057189941406,12.10099983215332,0,0,844.2000122070312,77.71112,12.9886704
1766304507085592800,1974.5205927734376,22.872657775878906,1.5511764287948608,20.767059326171875,12.029000282287598,3.869999885559082,234,844.2000122070312,77.7110598,12.9886292
1766304508085998300,1975.5209982910155,16.504648208618164,1.6034111976623535,20.777063369750977,11.90999984741211,5.090000152587891,240,844.2000122070312,77.7109377,12.9885416
1766304509086141200,1976.5211411132811,17.80896759033203,1.867948293685913,20.787063598632812,11.684000015258789,5.070000171661377,244,844.2000122070312,77.710868,12.9885298
1766304510085641000,1977.5206408691406,16.355215072631836,1.819427251815796,20.797060012817383,11.616000175476074,5.489999771118164,246,844.2000122070312,77.7108188,12.9884959
1766304511086079500,1978.5210795898438,0.611147403717041,0.9470211267471313,20.807064056396484,9.904000282287598,10.119999885559082,239,844.2000122070312,77.7107075,12.9884202
1766304512085286400,1979.5202863769532,0.6631956696510315,0.9621385335922241,20.81705665588379,8.909000396728516,10.84000015258789,240,844.2000122070312,77.7106143,12.988366
1766304513085671200,1980.520671142578,0.4358662962913513,0.9585120677947998,20.827058792114258,7.61299991607666,11.569999694824219,239,844.2000122070312,77.7105175,12.9883092
1766304514085499400,1981.5204995117188,0.32695460319519043,0.9564303755760193,20.83705711364746,6.357999801635742,12.289999961853027,239,844.2000122070312,77.7104262,12.9882523
1766304515086033700,1982.5210336914063,0.3919094204902649,0.9560058116912842,20.847063064575195,3.9070000648498535,12.930000305175781,239,844.2000122070312,77.71032,12.9881914
1766304516085344300,1983.5203442382813,0.3683544397354126,0.9551421403884888,20.8570556640625,3.9049999713897705,13.5600004196167,239,844.2000122070312,77.7102102,12.9881287
1766304517085572900,1984.5205727539062,0.12362033873796463,0.9514908194541931,20.86705780029297,3.8359999656677246,14.029999732971191,239,844.2000122070312,77.7101055,12.9880728
1766304518085974800,1985.5209748535156,0.14564886689186096,0.9498266577720642,20.87706184387207,3.809999942779541,14.600000381469727,238,844.2000122070312,77.7099859,12.9880008
1766304519085528300,1986.5205283203125,0.1804945021867752,0.9469009637832642,20.88705825805664,3.809999942779541,15.029999732971191,237,844.2000122070312,77.7098598,12.9879244
1766304520086144300,1987.5211442871093,0.17530448734760284,0.946807861328125,20.897064208984375,3.809999942779541,15.430000305175781,234,844.2000122070312,77.7097322,12.9878356
1766304521085756200,1988.5207561035156,0.1825414001941681,0.9439674019813538,20.907060623168945,3.7899999618530273,15.829999923706055,231,844.2000122070312,77.7096218,12.9877494
1766304522086105000,1989.5211049804689,0.14890480041503906,0.9465891122817993,20.917064666748047,3.7899999618530273,16.25,228,844.2000122070312,77.7095095,12.9876496
1766304523085349000,1990.5203491210937,0.23828701674938202,0.9433775544166565,20.92705726623535,3.7899999618530273,16.56999969482422,225,844.2000122070312,77.7094039,12.9875375
1766304524085927000,1991.5209270019532,0.3604530692100525,0.9517104029655457,20.937061309814453,3.7899999618530273,16.81999969482422,221,844.2000122070312,77.7093015,12.9874187
1766304525085929700,1992.5209296875,0.2046164572238922,0.94903963804245,20.94706153869629,3.7899999618530273,17.229999542236328,218,844.2000122070312,77.7092004,12.987294
1766304526085793000,1993.52079296875,0.1251148134469986,0.9412069320678711,20.957059860229492,3.7899999618530273,17.479999542236328,214,844.2000122070312,77.7091093,12.9871637
1766304527085570800,1994.5205708007813,0.1553066074848175,0.9451413154602051,20.967058181762695,3.7899999618530273,17.719999313354492,211,844.2000122070312,77.7090246,12.9870295
1766304528085506600,1995.520506591797,0.4048774838447571,0.9474630355834961,20.97705841064453,3.7899999618530273,17.8799991607666,208,844.2000122070312,77.7089502,12.9868851
1766304529085780500,1996.520780517578,0.23875315487384796,0.9454947710037231,20.987060546875,3.7899999618530273,18.15999984741211,206,844.2000122070312,77.7088788,12.9867401
1766304530085925400,1997.5209252929687,0.352582186460495,0.9492285251617432,20.99706268310547,3.7899999618530273,18.299999237060547,206,844.2000122070312,77.7088057,12.9865909
1766304531085641000,1998.5206408691406,0.25745752453804016,1.0077917575836182,21.00705909729004,3.7899999618530273,18.329999923706055,205,844.2000122070312,77.7087326,12.9864408
1766304532086209300,1999.5212092285155,0.13766968250274658,0.9643668532371521,21.017065048217773,3.7899999618530273,18.299999237060547,205,844.2000122070312,77.7086603,12.9862915
1766304533085745700,2000.5207456054688,0.11099449545145035,0.9470397233963013,21.02705955505371,3.7899999618530273,18.139999389648438,204,844.2000122070312,77.7085901,12.9861422
1766304534085271300,2001.5202712402345,0.15105633437633514,0.9552022814750671,21.03705596923828,3.7899999618530273,18.149999618530273,202,844.2000122070312,77.7085217,12.9859904
1766304535085590500,2002.5205905761718,0.3841650187969208,0.10861276090145111,21.04705810546875,3.7899999618530273,18.149999618530273,198,844.2000122070312,77.7084643,12.9858344
1766304536085779700,2003.5207797851563,0.40895751118659973,0.11443204432725906,21.05706024169922,3.7899999618530273,17.959999084472656,195,844.2000122070312,77.7084137,12.9856741
1766304537086178600,2004.521178466797,0.24387793242931366,0.06993649899959564,2.733259916305542,3.7899999618530273,18.399999618530273,193,827.989013671875,77.7083719,12.9855093
1766304538085379000,2005.5203791503907,0.22366468608379364,0.06358204782009125,2.5663058757781982,3.7899999618530273,18.239999771118164,190,828.65380859375,77.7083385,12.9853472
1766304539085294600,2006.5202946777345,0.16706886887550354,0.04762290418148041,2.5,3.7899999618530273,18.290000915527344,187,828.614501953125,77.7083128,12.9851845
1766304540085363000,2007.5203630371093,0.17274485528469086,0.04902395233511925,2.5,3.7899999618530273,18.209999084472656,184,828.390625,77.708296,12.985022
1766304541085556000,2008.520555908203,0.22043101489543915,0.9794267416000366,2.5,3.7899999618530273,18.209999084472656,183,829.0589599609375,77.708287,12.9848562
1766304542086083300,2009.521083251953,0.4105067253112793,0.9449173212051392,2.5,3.7899999618530273,18.239999771118164,181,828.5938720703125,77.7082818,12.98469
1766304543085701000,2010.520701171875,0.5491843819618225,0.9896135330200195,2.5,3.7899999618530273,17.899999618530273,180,828.60986328125,77.7082821,12.9845285
1766304544086091800,2011.521091796875,0.6259448528289795,0.1676078587770462,2.545377492904663,3.7899999618530273,17.200000762939453,179,828.302978515625,77.7082845,12.9843722
1766304545085343200,2012.5203432617188,0.6611126661300659,0.17146633565425873,2.5804097652435303,3.7899999618530273,16.65999984741211,179,828.26953125,77.7082854,12.9842203
1766304546085241000,2013.5202409667968,0.7684192061424255,0.2000756710767746,2.6317715644836426,3.7899999618530273,16.729999542236328,179,828.112548828125,77.7082852,12.9840681
1766304547086138000,2014.5211381835938,0.8332968950271606,0.2081354707479477,2.697563409805298,3.7899999618530273,16.049999237060547,179,828.062744140625,77.7082863,12.9839217
1766304548085491500,2015.5204914550782,0.930503785610199,0.22934775054454803,2.670880079269409,3.7899999618530273,15.84000015258789,179,828.01904296875,77.7082873,12.983777
1766304549086036700,2016.5210366210938,1.0937286615371704,0.25819647312164307,2.6498496532440186,3.7899999618530273,15.180000305175781,179,828.062255859375,77.7082877,12.983637
1766304550085996000,2017.52099609375,0.6673498153686523,0.9910873770713806,2.5969207286834717,3.7899999618530273,15.380000114440918,178,828.140625,77.7082905,12.9834972
1766304551085441300,2018.5204411621094,0.5470191240310669,0.1306360810995102,2.5228772163391113,3.7899999618530273,15.34000015258789,178,828.03369140625,77.7082921,12.9833577
1766304552085217000,2019.5202170410157,0.4016109108924866,0.09590636938810349,2.5378291606903076,3.7899999618530273,15.329999923706055,176,828.0595703125,77.7083006,12.983221
1766304553085936400,2020.5209362792968,0.26725178956985474,0.0628199428319931,2.5089025497436523,3.7899999618530273,15.09000015258789,174,829.67822265625,77.7083088,12.98308
1766304554085578000,2021.5205778808593,0.5576462149620056,0.13483935594558716,2.6720569133758545,3.7899999618530273,15.529999732971191,175,829.5771484375,77.7083196,12.9829404
1766304555085753300,2022.5207534179688,1.0214366912841797,0.23608335852622986,2.8084983825683594,3.7899999618530273,14.859999656677246,172,829.763427734375,77.7083367,12.9828066
1766304556086122500,2023.5211225585938,0.8473625779151917,0.20079590380191803,2.8844187259674072,3.7899999618530273,15.229999542236328,171,830.0458984375,77.7083544,12.9826697
1766304557086165200,2024.5211652832031,0.6239730715751648,0.14502447843551636,2.96097469329834,3.7899999618530273,14.930000305175781,170,830.093505859375,77.7083757,12.9825361
1766304558085508900,2025.5205087890624,0.6760615110397339,0.15285949409008026,2.8981006145477295,3.7899999618530273,14.520000457763672,168,830.326171875,77.7084004,12.9824059
1766304559085459200,2026.5204592285156,0.7785800695419312,0.1819879561662674,2.9405558109283447,3.7899999618530273,15.020000457763672,169,829.804931640625,77.7084258,12.9822723
1766304560085785000,2027.52078515625,0.8037947416305542,0.1805107295513153,3.1146507263183594,3.7899999618530273,14.430000305175781,166,830.2803955078125,77.7084546,12.982144
1766304561086122800,2028.5211228027345,0.4329235255718231,0.9855413436889648,3.3406784534454346,3.7899999618530273,14.4399995803833,166,830.264404296875,77.7084851,12.9820167
1766304562085347600,2029.52034765625,0.345388263463974,0.9531725645065308,3.2313380241394043,3.7899999618530273,14.3100004196167,165,830.725341796875,77.7085186,12.9818918
1766304563085365800,2030.5203657226562,0.36463406682014465,0.9657148122787476,2.8899693489074707,3.7899999618530273,13.979999542236328,164,831.01611328125,77.7085506,12.9817696
1766304564085890800,2031.5208908691407,0.46138814091682434,0.9578377604484558,2.702749252319336,3.7899999618530273,13.609999656677246,164,830.879150390625,77.7085838,12.9816495
1766304565086028800,2032.5210288085937,5.438048362731934,1.0291938781738281,2.5881545543670654,3.7899999618530273,13.050000190734863,164,830.669921875,77.7086163,12.9815343
1766304566086114000,2033.5211140136719,3.4743659496307373,1.1284297704696655,2.5,3.7899999618530273,12.699999809265137,164,830.803955078125,77.7086435,12.9814189
1766304567085466000,2034.520466064453,8.085227966308594,1.556386113166809,3.089996814727783,3.812999963760376,12.359999656677246,165,830.953369140625,77.7086604,12.9813099
1766304568085403400,2035.5204033203124,7.936148643493652,1.651353359222412,3.353435516357422,3.9830000400543213,11.779999732971191,162,830.849853515625,77.7086707,12.981209
1766304569085421800,2036.520421875,11.629112243652344,1.995261311531067,3.665903091430664,4.406000137329102,11.800000190734863,162,830.8526611328125,77.7086847,12.9811033
1766304577115000000,2044.55,0,0,3.665903091430664,100,0,0,830.8526611328125,77.7092586,12.980279
1766304584085381000,2051.520381103516,56.76526641845703,2.1982316970825195,21.53705596923828,44.763999938964844,3.119999885559082,174,844.2000122070312,77.708875,12.9803398
1766304585085413600,2052.5204135742188,49.92045593261719,2.750002145767212,21.547056198120117,43.547000885009766,3.0299999713897705,169,844.2000122070312,77.7088976,12.9803181
1766304586085318100,2053.520318115234,78.40808868408203,2.1167385578155518,21.557056427001953,36.244998931884766,0.9900000095367432,121,844.2000122070312,77.7090202,12.980603
1766304587085276000,2054.5202758789064,82.52800750732422,2.4832234382629395,21.567054748535156,32.233001708984375,0.9900000095367432,121,844.2000122070312,77.7090281,12.9805983
1766304588085943300,2055.520943359375,82.52800750732422,1.6244125366210938,21.577062606811523,27.954999923706055,0.27000001072883606,121,844.2000122070312,77.7090077,12.9806432
1766304589085216500,2056.5202165527344,0,1.611925482749939,21.587055206298828,24.697999954223633,0,0,844.2000122070312,77.7090102,12.9806413
1766304590085430800,2057.5204306640626,47.500240325927734,1.4240049123764038,21.597057342529297,13.805000305175781,1.6799999475479126,260,844.2000122070312,77.7089896,12.9806305
1766304591086136800,2058.52113671875,62.63909149169922,1.8443857431411743,21.60706329345703,11.11400032043457,1.1299999952316284,270,844.2000122070312,77.7089696,12.9806276
1766304592085417000,2059.5204169921876,0,1.5823172330856323,2.7984774112701416,8.600000381469727,0,0,833.7999877929688,77.7089739,12.9806197
1766304593085994500,2060.520994384766,62.63909149169922,1.302354335784912,2.808483362197876,7.940999984741211,0.3199999928474426,270,833.7999877929688,77.7089716,12.9806136
1766304594085329400,2061.520329345703,62.63909149169922,1.4087389707565308,2.818476676940918,8.003000259399414,0.2199999988079071,270,833.7999877929688,77.7089651,12.9806152
1766304595085739000,2062.520739013672,62.63909149169922,1.3257139921188354,2.8284807205200195,8.16100025177002,0.38999998569488525,270,833.7999877929688,77.7089577,12.9806206
1766304596086106600,2063.521106689453,0,0.2959076464176178,2.838484287261963,8.057000160217285,0,0,833.7999877929688,77.7089271,12.9806399
1766304597085871900,2064.520871826172,0,0.18496376276016235,2.848482131958008,7.843999862670898,0,0,833.7999877929688,77.7089144,12.9806451
1766304598085733000,2065.520733154297,0,0.41608184576034546,2.69789719581604,7.526000022888184,0,0,833.7999877929688,77.7089159,12.9806469
1766304599085293600,2066.520293457031,0,0.6487628817558289,2.707892894744873,7.205999851226807,0,0,833.7999877929688,77.7089144,12.9806485
1766304600085430000,2067.5204299316406,0,0.48692601919174194,2.7178943157196045,6.6529998779296875,0,0,833.7999877929688,77.7089229,12.9806458
1766304601085581600,2068.5205815429686,0,0.22699454426765442,2.727895736694336,6.002999782562256,0,0,833.7999877929688,77.708927,12.9806429
1766304602085582800,2069.520582763672,0,0.43721628189086914,2.7378957271575928,5.541999816894531,0,0,833.7999877929688,77.7089305,12.980636
1766304603085903400,2070.5209033203123,0,0.7031278014183044,2.747899055480957,5.114999771118164,0,0,833.7999877929688,77.7089344,12.9806313
1766304604086045400,2071.521045410156,0,0.6065002083778381,2.7579004764556885,5.019000053405762,0,0,833.7999877929688,77.708941,12.9806306
1766304605085798100,2072.520798095703,0,0.34863772988319397,4.915225505828857,4.920000076293945,0,0,833.7999877929688,77.7089455,12.980631
1766304606085792000,2073.5207919921877,0,0.4354788064956665,4.925225257873535,4.933000087738037,0,0,833.7999877929688,77.7089462,12.9806322
1766304607085285000,2074.52028515625,0,0.5188772082328796,4.935220241546631,4.889999866485596,0,0,833.7999877929688,77.7089503,12.9806312
1766304608085371000,2075.520370849609,0,0.42798784375190735,4.945220947265625,4.86899995803833,0,0,833.7999877929688,77.7089532,12.9806303
1766304609085473800,2076.520473876953,0,0.34203827381134033,4.955222129821777,4.806000232696533,0,0,833.7999877929688,77.708952,12.9806317
1766304610085993200,2077.5209931640625,0,0.5174621343612671,4.965227127075195,4.677999973297119,0,0,833.7999877929688,77.708952,12.9806318
1766304611085487600,2078.520487548828,0,0.6414877772331238,2.719113349914551,4.642000198364258,0,0,834,77.7089488,12.9806304
1766304612085988400,2079.52098828125,0,0.6743340492248535,2.7291183471679688,4.544000148773193,0,0,834,77.708947,12.9806309
1766304613085342200,2080.5203422851564,0,0.9809539914131165,2.73911190032959,4.521999835968018,0,0,834,77.7089479,12.9806307
1766304614085687600,2081.5206875,0,1.3105469942092896,2.749115228652954,4.504000186920166,0,0,834,77.7089481,12.9806306
1766304615086176300,2082.521176269531,24.463268280029297,1.6882120370864868,2.759120225906372,4.541999816894531,3.880000114440918,160,834,77.7089709,12.9805755
1766304616085533400,2083.5205334472657,21.104578018188477,1.6609852313995361,1.3474586009979248,4.486000061035156,4.599999904632568,158,833.7999877929688,77.7089843,12.9805101
1766304617086009600,2084.5210095214843,15.410233497619629,1.753941297531128,1.3574633598327637,4.484000205993652,6.139999866485596,166,833.7999877929688,77.7089896,12.9803175
1766304618085299700,2085.5202998046875,3.3206984996795654,1.0371053218841553,1.3674561977386475,4.4070000648498535,8.920000076293945,165,833.7999877929688,77.7090377,12.9801961
1766304619085706500,2086.5207065429686,2.8883063793182373,1.0396157503128052,1.377460241317749,4.24399995803833,9.720000267028809,164,833.7999877929688,77.7090528,12.9801087
1766304620086206000,2087.5212060546874,0.3877177834510803,0.959854245185852,1.387465238571167,4.050000190734863,10.470000267028809,164,833.7999877929688,77.7090716,12.9800193
1766304621085718800,2088.52071875,0.3604032099246979,0.9593088030815125,1.3974604606628418,3.9739999771118164,10.729999542236328,164,833.7999877929688,77.709094,12.9799238
1766304622085339000,2089.5203388671875,0.7158130407333374,0.9758612513542175,1.407456636428833,3.944000005722046,10.899999618530273,164,833.7999877929688,77.7091308,12.9798201
1766304623085662200,2090.520662109375,0.47188982367515564,0.9679237008094788,1.4174598455429077,3.8010001182556152,11.069999694824219,164,833.7999877929688,77.7091608,12.9797224
1766304624085200600,2091.520200683594,0.21310174465179443,0.959823727607727,1.427455186843872,3.7990000247955322,11.119999885559082,164,833.7999877929688,77.7091944,12.9796151
1766304625085578800,2092.5205788574217,0.17950275540351868,0.95909583568573,1.4374589920043945,3.7990000247955322,11.09000015258789,164,833.7999877929688,77.7092191,12.9795233
1766304626086090500,2093.521090576172,0.2930475175380707,0.9626771211624146,1.447464108467102,3.7899999618530273,11.069999694824219,164,833.7999877929688,77.7092408,12.9794096
1766304627085818400,2094.520818359375,0.4035823345184326,0.9671398997306824,1.4574614763259888,3.7899999618530273,11.039999961853027,164,833.7999877929688,77.7092682,12.9793132
1766304628085451300,2095.520451171875,0.7846614122390747,0.954927921295166,1.4674577713012695,3.7899999618530273,10.850000381469727,163,833.7999877929688,77.7092952,12.9792189
1766304629086028500,2096.521028564453,0.7868021130561829,0.9544230103492737,1.4774634838104248,3.7899999618530273,11.109999656677246,162,833.7999877929688,77.7093278,12.9791208
1766304630085654300,2097.520654296875,0.4515435993671417,0.9462289214134216,1.4874597787857056,3.7899999618530273,11.220000267028809,160,833.7999877929688,77.7093625,12.9790224
1766304631085943000,2098.5209431152343,1.905379295349121,0.9895872473716736,1.4974626302719116,3.7899999618530273,11.239999771118164,157,833.7999877929688,77.7093994,12.9789293
1766304632085425700,2099.52042578125,1.5392045974731445,0.9685655236244202,1.5074574947357178,3.7899999618530273,11.020000457763672,153,833.7999877929688,77.7094454,12.9788401
1766304633085892900,2100.5208928222655,2.7421584129333496,1.0136932134628296,1.517462134361267,3.7899999618530273,11.130000114440918,150,833.7999877929688,77.7094953,12.9787512
1766304634085441000,2101.5204409179687,0.3587004840373993,0.9468348026275635,1.527457594871521,3.7899999618530273,11.130000114440918,143,833.7999877929688,77.7095589,12.9786666
1766304635086043400,2102.5210434570313,2.5281872749328613,1.0290907621383667,1.537463665008545,3.7899999618530273,11.149999618530273,138,833.7999877929688,77.7096272,12.9785911
1766304636085475800,2103.5204758300783,6.626347541809082,1.0458099842071533,1.5474579334259033,3.7899999618530273,11.069999694824219,134,833.7999877929688,77.7097024,12.9785253
1766304637085927400,2104.5209274902345,0.28010329604148865,0.9416562914848328,1.557462453842163,3.7899999618530273,11.15999984741211,128,833.7999877929688,77.7097803,12.9784621
1766304638085620500,2105.520620361328,0.23466451466083527,0.9469373226165771,1.5674594640731812,3.7899999618530273,11.149999618530273,123,833.7999877929688,77.7098659,12.978407
1766304639085254700,2106.5202546386718,0.19479495286941528,0.9549967646598816,1.577455759048462,3.7899999618530273,11.069999694824219,118,833.7999877929688,77.7099596,12.9783658
1766304640085845500,2107.5208454589842,0.5278245806694031,0.9483647346496582,1.5874617099761963,3.7899999618530273,11.119999885559082,113,833.7999877929688,77.7100541,12.9783181
1766304641085589800,2108.52058984375,0.5752385258674622,0.9527913331985474,1.597459077835083,3.7899999618530273,11.180000305175781,109,833.7999877929688,77.7101517,12.9782856
1766304642085728500,2109.520728515625,1.1347273588180542,0.9585320949554443,1.6074604988098145,3.7899999618530273,11.079999923706055,104,833.7999877929688,77.7102536,12.9782687
1766304643085847600,2110.52084765625,0.36036813259124756,0.9437218308448792,1.6174616813659668,3.7899999618530273,11.25,100,833.7999877929688,77.710357,12.9782493
1766304644085665000,2111.5206650390624,0.44475269317626953,0.9446913599967957,1.6274598836898804,3.7899999618530273,11.210000038146973,98,833.7999877929688,77.7104607,12.978235
1766304645085719000,2112.5207189941407,0.30575892329216003,0.9438748359680176,1.637460470199585,3.7899999618530273,11.130000114440918,97,833.7999877929688,77.7105605,12.9782198
1766304646085369600,2113.5203696289063,0.3568184971809387,0.9388376474380493,1.6474568843841553,4.814000129699707,10.979999542236328,97,833.7999877929688,77.7106631,12.9782075
1766304647085935000,2114.5209350585938,0.18904940783977509,0.9415895342826843,1.6574625968933105,6.248000144958496,11.09000015258789,97,833.7999877929688,77.7107579,12.978197
1766304648085548000,2115.520548095703,0.1522061973810196,0.9357847571372986,1.6674587726593018,6.861999988555908,11.180000305175781,97,833.7999877929688,77.7108586,12.9781833
1766304649085697300,2116.520697265625,0.1978972852230072,0.9391053915023804,1.6774601936340332,8.706000328063965,11.149999618530273,97,833.7999877929688,77.7109598,12.97817
1766304650085763800,2117.5207639160158,0.20196391642093658,0.9400593042373657,1.6874608993530273,9.9350004196167,11.029999732971191,97,833.7999877929688,77.7110558,12.9781563
1766304651085360600,2118.520360595703,0.20407284796237946,0.9377362132072449,1.6974568367004395,9.9350004196167,11.069999694824219,97,833.7999877929688,77.7111556,12.9781442
1766304652085878500,2119.5208784179686,0.19410309195518494,0.9425233602523804,1.7074620723724365,9.9350004196167,11.1899995803833,97,833.7999877929688,77.7112558,12.9781309
1766304653085416200,2120.5204162597656,0.20656637847423553,0.9377988576889038,1.7174574136734009,9.9350004196167,11.180000305175781,97,833.7999877929688,77.7113574,12.9781172
1766304654086150100,2121.521150146484,0.2138759195804596,0.9410039782524109,1.7274646759033203,9.9350004196167,11.039999961853027,97,833.7999877929688,77.7114583,12.9781038
1766304655085436400,2122.5204365234376,0.19435657560825348,0.936568021774292,1.7374576330184937,9.9350004196167,11.020000457763672,97,833.7999877929688,77.7115585,12.9780905
1766304656085916400,2123.5209165039064,0.15303361415863037,0.9364045858383179,1.7474623918533325,9.9350004196167,11.119999885559082,97,833.7999877929688,77.7116587,12.9780774
1766304657086164000,2124.5211640625,0.20984283089637756,0.9413282871246338,1.75746488571167,9.9350004196167,11.600000381469727,97,833.7999877929688,77.7117637,12.9780655
1766304658085988000,2125.5209880371094,0.19157463312149048,0.9394879937171936,1.7674630880355835,9.9350004196167,12.359999656677246,97,833.7999877929688,77.7118798,12.9780496
1766304659085558300,2126.5205583496095,0.14474783837795258,0.9464367628097534,1.7774587869644165,8.90999984741211,13.100000381469727,97,833.7999877929688,77.7119972,12.9780351
1766304660086132500,2127.5211325683595,0.1297885775566101,0.9396959543228149,1.7874644994735718,7.4770002365112305,13.789999961853027,97,833.7999877929688,77.7121245,12.9780192
1766304661085915100,2128.5209150390624,0.14537763595581055,0.9461719989776611,1.7974623441696167,6.861999988555908,14.420000076293945,97,833.7999877929688,77.7122562,12.9780021
1766304662085912600,2129.520912597656,0.15668140351772308,0.9539493322372437,1.8074623346328735,5.8379998207092285,15.010000228881836,97,833.7999877929688,77.7123959,12.977982
1766304663086071000,2130.521071044922,0.17832651734352112,0.9457910060882568,1.817463994026184,3.7899999618530273,15.369999885559082,97,833.7999877929688,77.7125349,12.9779648
1766304664085638000,2131.520637939453,0.19940213859081268,0.9512153267860413,1.8274595737457275,3.7899999618530273,15.510000228881836,97,833.7999877929688,77.7126755,12.9779495
1766304665085385200,2132.520385253906,5.1407318115234375,1.3952856063842773,1.8374570608139038,3.7899999618530273,15.399999618530273,96,833.7999877929688,77.7128154,12.9779348
1766304666085594000,2133.5205939941407,2.502295970916748,1.0617464780807495,1.8474591970443726,3.7960000038146973,15.050000190734863,97,833.7999877929688,77.7129539,12.9779186
1766304667086047700,2134.5210478515623,2.586487293243408,0.9445956945419312,1.8574637174606323,3.7980000972747803,15.010000228881836,94,833.7999877929688,77.71309,12.9779021
1766304668085742300,2135.5207424316404,1.3178514242172241,0.9479367136955261,1.8674606084823608,3.7960000038146973,15.039999961853027,96,833.7999877929688,77.7132258,12.9778841
1766304669085392000,2136.520391845703,5.68400764465332,1.4060059785842896,1.8774571418762207,3.8299999237060547,14.880000114440918,96,833.7999877929688,77.7133618,12.9778747
1766304670086057000,2137.5210568847656,0.2561001777648926,0.9414183497428894,1.8874638080596924,3.8389999866485596,15.180000305175781,97,833.7999877929688,77.7135017,12.9778529
1766304671085655800,2138.520655761719,0.11710885167121887,0.9403541088104248,1.8974597454071045,3.8310000896453857,15.199999809265137,97,833.7999877929688,77.7136387,12.9778369
1766304672085199000,2139.52019921875,0.11491840332746506,0.9367079138755798,1.9074552059173584,3.8239998817443848,15.180000305175781,97,833.7999877929688,77.7137769,12.9778253
1766304673085749000,2140.5207490234375,0.12715944647789001,0.9451543688774109,1.9174606800079346,3.8310000896453857,15.170000076293945,97,833.7999877929688,77.7139153,12.9778094
1766304674086132200,2141.521132324219,0.13761165738105774,0.9426389336585999,1.9274646043777466,3.7899999618530273,15.140000343322754,98,833.7999877929688,77.7140501,12.9777871
1766304675085579800,2142.5205798339844,0.12407763302326202,0.9467166066169739,1.9374589920043945,3.7899999618530273,15.109999656677246,98,833.7999877929688,77.7141894,12.977766
1766304676085384200,2143.520384277344,0.11490819603204727,0.9376366138458252,1.9474570751190186,3.7899999618530273,15.100000381469727,98,833.7999877929688,77.7143253,12.9777448
1766304677086005000,2144.5210048828126,0.11277185380458832,0.9398539662361145,1.957463264465332,3.7899999618530273,15.079999923706055,98,833.7999877929688,77.7144629,12.9777254
1766304678085740800,2145.5207407226562,0.12434564530849457,0.9414941668510437,1.9674606323242188,3.7899999618530273,15.0600004196167,98,833.7999877929688,77.7145986,12.9777038
1766304679086135000,2146.5211350097657,0.259854793548584,0.9409200549125671,1.9774645566940308,3.7899999618530273,14.65999984741211,98,833.7999877929688,77.7147329,12.977683
1766304680085781800,2147.520781738281,0.11969561129808426,0.9434006214141846,1.9874610900878906,3.7899999618530273,14.010000228881836,98,833.7999877929688,77.7148621,12.9776649
1766304681085112300,2148.5201123046877,0.17059370875358582,0.9683234691619873,1.9974544048309326,3.7899999618530273,13.3100004196167,98,833.7999877929688,77.7149812,12.9776463
1766304682085135400,2149.520135253906,6.036334037780762,1.3029786348342896,2.0074546337127686,3.7899999618530273,12.779999732971191,99,833.7999877929688,77.7150982,12.9776256
1766304683085605600,2150.5206057128908,7.516594886779785,1.4458948373794556,2.0174593925476074,3.875999927520752,12.270000457763672,93,833.7999877929688,77.7152077,12.9776128
1766304684085693700,2151.5206936035156,10.930956840515137,1.7357319593429565,2.0274600982666016,4.257999897003174,12.1899995803833,94,833.7999877929688,77.7153173,12.9775935
1766304685085497000,2152.5204970703126,13.624155044555664,1.9924315214157104,2.0374581813812256,4.9629998207092285,12.0600004196167,95,833.7999877929688,77.7154237,12.9775723
1766304686085834800,2153.520834716797,15.851300239562988,2.1942408084869385,2.04746150970459,6.48199987411499,11.8100004196167,93,833.7999877929688,77.715528,12.9775546
1766304687085570000,2154.5205700683596,16.954294204711914,2.265489101409912,2.0574588775634766,8.154000282287598,11.5,93,833.7999877929688,77.7156245,12.9775354
1766304688085235000,2155.520234863281,18.4674072265625,2.3264713287353516,2.067455530166626,9.16100025177002,10.720000267028809,98,833.7999877929688,77.7157024,12.9775174
1766304690085787100,2157.520787109375,21.814321517944336,2.5137341022491455,2.087460994720459,13.664999961853027,10.420000076293945,100,833.7999877929688,77.7158775,12.9774752
1766304691085836000,2158.5208359375,22.833234786987305,2.5460376739501953,2.097461700439453,15.892000198364258,10.029999732971191,102,833.7999877929688,77.7159494,12.977456
1766304692086176000,2159.5211760253906,18.928939819335938,2.505809783935547,2.1074650287628174,17.649999618530273,11.029999732971191,100,833.7999877929688,77.7161144,12.9774253
1766304693085541400,2160.5205412597657,18.840377807617188,2.4978482723236084,2.1174585819244385,18.990999221801758,10.699999809265137,98,833.7999877929688,77.7161967,12.9774143
1766304694085562600,2161.5205627441405,23.98201560974121,2.2326276302337646,2.1274588108062744,18.468000411987305,7.210000038146973,99,833.7999877929688,77.7161209,12.9774324
1766304695085601500,2162.5206015625,25.755680084228516,2.2508153915405273,2.1374592781066895,18.18400001525879,6.909999847412109,98,833.7999877929688,77.7161751,12.9774135
1766304696085734400,2163.520734375,35.8097038269043,2.044424295425415,2.147460460662842,17.7450008392334,4.980000019073486,109,833.7999877929688,77.7161721,12.9774226
1766304697085766100,2164.5207661132813,63.289283752441406,1.6354085206985474,2.157460927963257,16.937000274658203,1.7300000190734863,79,833.7999877929688,77.7160334,12.9774707
1766304698085645600,2165.5206455078123,81.0077133178711,1.8737283945083618,2.167459726333618,15.21500015258789,1.2400000095367432,74,833.7999877929688,77.715982,12.9774806
1766304699086085600,2166.5210856933595,81.0077133178711,1.5975098609924316,2.177464008331299,14.434000015258789,0.550000011920929,74,833.7999877929688,77.7159721,12.9774704
1766304700085600800,2167.520600830078,0,1.809619426727295,6.67508602142334,13.949000358581543,0,0,827.7999877929688,77.7159995,12.9774612
1766304701085583600,2168.520583496094,78.24517059326172,2.185361862182617,6.685086250305176,13.201000213623047,0.25,115,827.7999877929688,77.7159925,12.977464
1766304702085261300,2169.520261230469,78.24517059326172,1.665314793586731,6.695082664489746,12.394000053405762,0.28999999165534973,115,827.7999877929688,77.715991,12.9774703
1766304703085309200,2170.5203090820314,78.24517059326172,1.2194030284881592,6.70508337020874,11.342000007629395,0.18000000715255737,115,827.7999877929688,77.7160029,12.977474
1766304704085593900,2171.52059375,0,0.4445641040802002,6.715085983276367,10.50100040435791,0,0,827.7999877929688,77.7160159,12.9774643
1766304705085448200,2172.5204482421873,0,0.552213728427887,6.7250847816467285,9.78600025177002,0,0,827.7999877929688,77.7160228,12.9774741
1766304706086114300,2173.5211142578123,0,0.482709139585495,6.104373931884766,8.484999656677246,0,0,828,77.7160306,12.9774884
1766304707085256400,2174.5202563476564,0,0.6510854363441467,6.114365100860596,8.317000389099121,0,0,828,77.7160256,12.977497
1766304708085254000,2175.52025390625,0,0.23116810619831085,6.124365329742432,7.6519999504089355,0,0,828,77.716013,12.9774858
1766304709086190800,2176.521190917969,0,0.6057108044624329,6.134374618530273,7.375,0,0,828,77.7160025,12.9774893
1766304710085206500,2177.520206542969,0,0.2250688672065735,6.144364833831787,7.298999786376953,0,0,828,77.7159968,12.9774823
1766304711085225200,2178.5202250976563,0,0.5478243231773376,6.154365062713623,7.046999931335449,0,0,828,77.7159971,12.9774811
1766304712085331500,2179.520331542969,0,0.6907379031181335,6.164365768432617,6.876999855041504,0,0,828,77.7159952,12.9774881
1766304713085275100,2180.5202751464844,0,0.6889829039573669,9.721315383911133,6.96999979019165,0,0,827.7999877929688,77.7159989,12.9774893
1766304714085884700,2181.520884765625,0,0.545949399471283,9.731321334838867,7.046000003814697,0,0,827.7999877929688,77.7160023,12.9774886
1766304715085250000,2182.52025,0,0.5150896906852722,9.741314888000488,7.209000110626221,0,0,827.7999877929688,77.7160005,12.9774892
1766304716085258200,2183.5202583007813,0,0.5535616874694824,9.751315116882324,7.48799991607666,0,0,827.7999877929688,77.7159996,12.97749
1766304717086121000,2184.5211208496094,0,0.4955579340457916,9.761323928833008,7.629000186920166,0,0,827.7999877929688,77.7160006,12.9774907
1766304718086104600,2185.5211044921875,0,0.6351291537284851,9.771324157714844,7.785999774932861,0,0,827.7999877929688,77.7160008,12.9774906
1766304719085524700,2186.520524658203,0,0.5660290718078613,9.781317710876465,7.802999973297119,0,0,827.7999877929688,77.7160004,12.9774906
1766304720085367600,2187.520367431641,0,0.5818998217582703,14.240324974060059,7.872000217437744,0,0,827.7999877929688,77.7160064,12.9774899
1766304721085216500,2188.5202165527344,0,0.6273990869522095,14.250323295593262,7.710999965667725,0,0,827.7999877929688,77.716002,12.9774913
1766304722086006500,2189.521006591797,0,0.7213109135627747,14.260331153869629,7.50600004196167,0,0,827.7999877929688,77.7160009,12.9774917
1766304723085271300,2190.5202712402343,0,0.9116231203079224,14.270323753356934,7.373000144958496,0,0,827.7999877929688,77.7160011,12.977492
1766304724086011400,2191.521011474609,0,0.8230417370796204,14.280330657958984,7.131999969482422,0,0,827.7999877929688,77.7160009,12.9774933
1766304725086044200,2192.5210441894533,0,0.9881730079650879,14.29033088684082,7.01800012588501,0,0,827.7999877929688,77.7160015,12.9774974
1766304726085887200,2193.520887207031,17.628395080566406,1.5740221738815308,2.0017709732055664,7.142000198364258,5.289999961853027,80,828,77.7160416,12.9775119
1766304727085835500,2194.520835449219,3.1846611499786377,1.0144984722137451,2.011770486831665,6.97599983215332,7.099999904632568,98,828,77.7161613,12.9774898
1766304728086041900,2195.521041748047,9.215485572814941,1.311402440071106,2.021772623062134,6.617000102996826,7.409999847412109,99,828,77.7162712,12.9774496
1766304729085551400,2196.520551269531,0.5071442127227783,0.9305498003959656,2.0317676067352295,6.198999881744385,9,98,828,77.7163366,12.9774431
1766304730085593600,2197.5205935058593,0.327775239944458,0.9374822378158569,2.0417680740356445,5.665999889373779,9.8100004196167,98,828,77.7164323,12.9774192
1766304731085588500,2198.5205883789063,0.36714601516723633,0.9380171895027161,2.0517680644989014,5.105000019073486,10.670000076293945,98,828,77.7165312,12.9774165
1766304732085512700,2199.5205126953124,0.2858063280582428,0.9397872090339661,2.061767339706421,4.482999801635742,11.4399995803833,97,828,77.7166388,12.9773975
1766304733085713200,2200.5207131347656,0.18947257101535797,0.9440829753875732,2.0717692375183105,4.090000152587891,12.050000190734863,97,828,77.716756,12.977378
1766304734085433900,2201.520433837891,0.20610132813453674,0.9459582567214966,2.081766366958618,3.877000093460083,12.819999694824219,96,828,77.7168765,12.9773636
1766304735085523200,2202.520523193359,0.2115681767463684,0.943744957447052,2.0917673110961914,3.8239998817443848,13.359999656677246,95,828,77.7169968,12.9773517
1766304736085992700,2203.520992675781,0.15473119914531708,0.9565707445144653,2.1017720699310303,3.7899999618530273,13.960000038146973,94,828,77.7171209,12.9773396
1766304737085667000,2204.5206669921877,0.11749958246946335,0.9455279111862183,2.1117687225341797,3.7899999618530273,14.529999732971191,94,828,77.7172571,12.9773315
1766304738085600800,2205.520600830078,0.1292777806520462,0.9459018707275391,2.1217682361602783,3.7899999618530273,15.0600004196167,93,828,77.7173978,12.9773237
1766304739085756200,2206.520756103516,0.13493427634239197,0.951133131980896,2.1317696571350098,5.019000053405762,15.630000114440918,93,828,77.7175478,12.9773114
1766304740085518300,2207.520518310547,0.09636035561561584,0.9491777420043945,2.1417672634124756,5.8379998207092285,16.139999389648438,93,828,77.7176951,12.9773017
1766304741085607000,2208.5206069335936,0.09221386909484863,0.9537574052810669,2.151768207550049,6.861999988555908,16.6299991607666,93,828,77.7178478,12.9772947
1766304742085312000,2209.520312011719,3.6884584426879883,0.9786090850830078,2.1617653369903564,7.886000156402588,17.1299991607666,93,828,77.7180063,12.9772861
1766304743085355300,2210.5203552246094,0.14267228543758392,0.039812784641981125,2.1717655658721924,8.90999984741211,17.90999984741211,94,828,77.7181697,12.977276
1766304744085782300,2211.5207822265625,0.15757450461387634,0.04479947313666344,2.181769847869873,9.9350004196167,18.239999771118164,94,828,77.7183297,12.9772664
1766304745085580300,2212.5205803222657,0.14191210269927979,0.04139823839068413,2.191767930984497,9.9350004196167,18.719999313354492,94,828,77.7185029,12.9772536
1766304746085345500,2213.5203454589846,0.20449146628379822,0.06106289476156235,2.201765537261963,9.9350004196167,19.15999984741211,94,828,77.7186765,12.9772433
1766304747085417200,2214.5204172363283,0.11160925775766373,0.9787353277206421,2.211766242980957,9.9350004196167,19.31999969482422,94,828,77.7188534,12.9772277
1766304748085700000,2215.5207001953127,0.13265536725521088,0.9444737434387207,2.221769094467163,9.9350004196167,19.68000030517578,95,828,77.719034,12.9772134
1766304749085489700,2216.520489746094,0.0965568944811821,0.946033775806427,2.231766939163208,9.9350004196167,20.059999465942383,95,828,77.7192217,12.9772025
1766304750086050600,2217.521050537109,0.09455811977386475,0.9366001486778259,2.2417726516723633,9.9350004196167,20.149999618530273,95,828,77.7194067,12.977185
1766304751085764400,2218.520764404297,0.3606933355331421,0.9471787214279175,2.251769781112671,9.9350004196167,20.420000076293945,95,828,77.7195933,12.9771682
1766304752085813500,2219.5208134765626,0.751971960067749,0.9653738737106323,2.261770248413086,9.9350004196167,20.3799991607666,95,828,77.7197845,12.977152
1766304753085301000,2220.520301025391,0.31127285957336426,0.9743019342422485,2.2717652320861816,9.9350004196167,20.5,95,828,77.7199712,12.9771354
1766304754085478400,2221.520478515625,0.2709055542945862,0.9855068325996399,2.281766891479492,9.9350004196167,19.989999771118164,95,828,77.7201546,12.9771158
1766304755086003500,2222.5210034179686,0.10684869438409805,0.9838840961456299,2.2917721271514893,9.9350004196167,19.700000762939453,95,828,77.7203363,12.9770964
1766304756085746400,2223.5207463378906,0.08557122200727463,0.9823498725891113,2.301769495010376,9.9350004196167,19.309999465942383,95,828,77.720512,12.977071
1766304757085380400,2224.520380371094,0.09228809177875519,0.9795697331428528,2.3117659091949463,9.9350004196167,18.899999618530273,95,828,77.7206843,12.9770534
1766304758086061300,2225.521061279297,0.08075098693370819,0.9819695949554443,2.321772813796997,9.9350004196167,18.530000686645508,95,828,77.7208533,12.9770363
1766304759085172500,2226.5201723632813,0.11013247072696686,0.9796013832092285,2.331763744354248,9.9350004196167,18.100000381469727,95,828,77.7210206,12.9770208
1766304760085293000,2227.52029296875,0.08942560106515884,0.9760645627975464,2.3417651653289795,9.9350004196167,17.6200008392334,95,828,77.7211834,12.9770043
1766304761085904000,2228.5209038085936,0.1271040439605713,0.9728789925575256,2.351771116256714,9.9350004196167,17.18000030517578,95,828,77.7213416,12.9769835
1766304762085449000,2229.5204489746093,0.10353783518075943,0.973098635673523,2.3617665767669678,9.9350004196167,16.709999084472656,95,828,77.7214953,12.9769696
1766304763086041600,2230.5210415039064,0.12010684609413147,0.9648221731185913,2.371772527694702,9.9350004196167,16.229999542236328,95,828,77.7216512,12.9769537
1766304764085200100,2231.5202001953126,0.13594837486743927,0.9567930698394775,2.3817641735076904,9.9350004196167,15.729999542236328,95,828,77.7217975,12.9769409
1766304765086062800,2232.5210627441406,0.1373913586139679,0.9442128539085388,2.391772747039795,9.9350004196167,15.350000381469727,95,828,77.7219396,12.9769269
1766304766085755600,2233.5207556152345,3.811954975128174,1.3071160316467285,2.4017696380615234,9.9350004196167,15.369999885559082,96,828,77.7220813,12.9769134
1766304767085469400,2234.520469482422,0.32431578636169434,0.9792084097862244,2.411766767501831,9.9350004196167,15.050000190734863,95,828,77.722216,12.9769025
1766304768085775600,2235.5207756347654,0.1782420426607132,0.9507814049720764,2.421769857406616,9.9350004196167,15.119999885559082,95,828,77.7223561,12.9768856
1766304769085855500,2236.52085546875,0.13896587491035461,0.9712021946907043,2.4317708015441895,9.9350004196167,14.920000076293945,96,828,77.7224991,12.9768726
1766304770086046200,2237.521046142578,0.1381015181541443,0.940915584564209,2.441772699356079,9.9350004196167,14.699999809265137,97,828,77.7226258,12.9768565
1766304771085362000,2238.5203618164064,0.13338278234004974,0.946245014667511,2.451765775680542,9.9350004196167,14.489999771118164,98,828,77.7227574,12.9768387
1766304772085753900,2239.52075390625,0.1181003600358963,0.9450848698616028,2.4617695808410645,9.9350004196167,14.300000190734863,99,828,77.7228871,12.9768197
1766304773085276000,2240.5202758789064,0.12368648499250412,0.9416221976280212,2.4717648029327393,9.9350004196167,14.079999923706055,100,828,77.7230148,12.976801
1766304774085570800,2241.520570800781,0.13586997985839844,0.9374729990959167,2.4817678928375244,9.9350004196167,13.869999885559082,100,828,77.7231373,12.9767791
1766304775085336300,2242.5203364257814,0.16653715074062347,0.9509313106536865,2.4917654991149902,9.9350004196167,13.680000305175781,100,828,77.7232615,12.9767591
1766304776085952800,2243.5209528808596,0.1364811807870865,0.9362914562225342,2.5017716884613037,9.9350004196167,13.5,99,828,77.7233836,12.9767392
1766304777085477400,2244.520477294922,0.14215144515037537,0.9534620046615601,2.5117669105529785,9.9350004196167,13.420000076293945,98,828,77.7235121,12.9767233
1766304778085969700,2245.5209697265627,0.17250706255435944,0.9419701099395752,2.5217719078063965,9.9350004196167,13.199999809265137,97,828,77.7236304,12.9767087
1766304779085691100,2246.5206911621094,0.3018876910209656,0.9474349617958069,2.531769037246704,9.9350004196167,12.8100004196167,96,828,77.7237517,12.9766928
1766304780085234400,2247.520234375,0.17503416538238525,0.935257077217102,2.541764497756958,9.9350004196167,12.390000343322754,96,828,77.7238625,12.9766815
1766304781085272300,2248.520272216797,0.31287243962287903,0.9836905598640442,2.551764965057373,9.9350004196167,12.020000457763672,95,828,77.7239738,12.9766752
1766304782086052000,2249.521052001953,0.43656235933303833,0.07932621985673904,2.561772584915161,9.9350004196167,11.65999984741211,97,828,77.7240805,12.9766639
1766304783086026800,2250.521026855469,0.6849439144134521,0.11576168239116669,2.571772336959839,9.9350004196167,10.850000381469727,94,828,77.724181,12.9766546
1766304784085947000,2251.520946777344,3.8560965061187744,0.6640915870666504,2.5817716121673584,9.9350004196167,11.119999885559082,96,828,77.7242842,12.9766414
1766304785085577000,2252.520576904297,6.773990631103516,1.2790169715881348,2.5917677879333496,9.965999603271484,10.949999809265137,94,828,77.7243862,12.9766325
1766304786085670000,2253.520669921875,9.679608345031738,1.6388566493988037,2.601768732070923,10.187999725341797,10.960000038146973,94,828,77.7244866,12.9766253
1766304787085400300,2254.520400390625,12.105169296264648,1.974345088005066,2.6117660999298096,10.491000175476074,10.550000190734863,96,828,77.7245786,12.9766096
1766304788086029300,2255.521029296875,13.025278091430664,2.148554563522339,2.621772527694702,11.234000205993652,10.65999984741211,96,828,77.724675,12.9765989
1766304789086057700,2256.5210576171876,18.222597122192383,2.1188127994537354,2.631772756576538,11.9350004196167,7.460000038146973,99,828,77.7247148,12.976586
1766304790085197000,2257.5201970214844,16.059595108032227,2.1016621589660645,2.6417641639709473,12.336999893188477,8.420000076293945,94,828,77.7247958,12.97658
1766304791086020000,2258.521020019531,27.168109893798828,2.200176477432251,2.6517722606658936,13.432000160217285,5.070000171661377,108,828,77.7247919,12.9765569
1766304792085766100,2259.5207661132813,21.264097213745117,2.262305736541748,2.6617698669433594,13.979000091552734,6.78000020980835,104,828,77.7248836,12.9765404
1766304793085353000,2260.520353027344,25.99715805053711,2.5132999420166016,2.6717655658721924,14.262999534606934,6.079999923706055,107,828,77.7249402,12.9765276
1766304794085956400,2261.520956298828,29.636938095092773,2.0087716579437256,2.681771755218506,14.470999717712402,4.289999961853027,103,828,77.7249295,12.9765395
1766304795085856800,2262.520856689453,43.3945198059082,1.6922857761383057,2.6917707920074463,14.539999961853027,2.059999942779541,100,828,77.7248919,12.9765598
1766304796085983500,2263.5209833984377,39.337677001953125,1.7499196529388428,2.7017719745635986,14.369000434875488,2.3499999046325684,94,828,77.7249359,12.9765669
1766304797085220000,2264.520220214844,53.748687744140625,1.961716890335083,2.711764335632324,14.25,1.9600000381469727,84,828,77.7249625,12.9765743
1766304798085263600,2265.520263671875,42.752540588378906,1.6949982643127441,11.34342098236084,14.01200008392334,2,97,836,77.7249882,12.9765762
1766304799085264100,2266.5202641601563,68.25920867919922,1.673863410949707,11.35342025756836,13.60099983215332,1.0700000524520874,91,836,77.7250066,12.9765732
1766304800085497000,2267.5204970703126,68.25920867919922,1.8047518730163574,11.363423347473145,13.442999839782715,0.5199999809265137,91,836,77.7250148,12.9765703
1766304801085354000,2268.520354003906,68.25920867919922,1.783882975578308,11.373421669006348,13.340999603271484,0.3499999940395355,91,836,77.7250201,12.9765633
1766304802085356800,2269.520356689453,68.25920867919922,1.1164374351501465,11.383421897888184,12.77400016784668,0.30000001192092896,91,836,77.7250144,12.9766064
