time,seconds_elapsed,bearingAccuracy,speedAccuracy,verticalAccuracy,horizontalAccuracy,speed,bearing,altitude,longitude,latitude
1766294037157796400,0.68779638671875,0,0.07070545852184296,3.911208391189575,3.7899999618530273,0.00625749072059989,0,826.3999633789062,77.6190167,13.0378433
1766294038154746600,1.68474658203125,0,0.07070538401603699,5.34427547454834,3.7899999618530273,0.003067518351599574,0,827.0999755859375,77.6190167,13.0378433
1766294039155471600,2.6854716796875,0,0.0707056075334549,5.354282379150391,3.7899999618530273,0.0065439846366643906,0,827.0999755859375,77.6190167,13.0378434
1766294040152583000,3.6825830078125,0,0.07070552557706833,5.364253520965576,3.7899999618530273,0.003196639707311988,0,827.0999755859375,77.6190167,13.0378434
1766294041147454200,4.6774541015625,0,0.07070551067590714,5.374202251434326,3.7899999618530273,0.0011858923826366663,0,827.0999755859375,77.6190167,13.0378434
1766294042157146000,5.68714599609375,0,0.07070571929216385,5.384299278259277,3.7899999618530273,0.00663571385666728,0,827.0999755859375,77.6190167,13.0378435
1766294043159207700,6.689207763671875,0,0.07070564478635788,5.394320011138916,3.7899999618530273,0.009497233666479588,0,827.0999755859375,77.6190167,13.0378436
1766294044149384400,7.679384521484375,0,0.07070579379796982,5.404221534729004,3.7899999618530273,0.010646936483681202,0,827.0999755859375,77.6190167,13.0378437
1766294045160908800,8.69090869140625,0,0.07070596516132355,5.414337158203125,3.7899999618530273,0.004669290501624346,0,827.0999755859375,77.6190167,13.0378437
1766294046160607700,9.690607666015625,0,0.07070568203926086,2.9634177684783936,3.7899999618530273,0.007948096841573715,0,824,77.6190167,13.0378438
1766294047160603100,10.69060302734375,0,0.07070565223693848,2.9734177589416504,3.7899999618530273,0.0036568506620824337,0,824,77.6190167,13.0378438
1766294048148323800,11.67832373046875,0,0.07070557773113251,2.98329496383667,3.7899999618530273,0.012386297807097435,0,824,77.6190165,13.0378438
1766294049148840200,12.678840087890626,0,0.07070550322532654,2.993299961090088,3.7899999618530273,0.013566207140684128,0,824,77.6190164,13.0378437
1766294050159404500,13.689404541015625,0,0.0707056000828743,3.003405809402466,3.7899999618530273,0.02528759278357029,0,824,77.6190161,13.0378436
1766294051157176300,14.68717626953125,0,0.07070571184158325,3.013383388519287,3.7899999618530273,0.011715336702764034,0,824,77.6190161,13.0378436
1766294052154970600,15.684970703125,0,0.07070567458868027,5.694627285003662,3.7899999618530273,0.011167658492922783,0,827.0999755859375,77.619016,13.0378437
1766294053147849500,16.677849365234376,0,0.07070566713809967,5.704555988311768,3.7899999618530273,0.02954000234603882,0,827.0999755859375,77.6190164,13.037844
1766294054154198000,17.684197998046876,0,0.07070567458868027,5.714619159698486,3.7899999618530273,0.032347410917282104,0,827.0999755859375,77.6190166,13.0378442
1766294055160255700,18.690255859375,0,0.07070571184158325,5.724679946899414,3.7899999618530273,0.0275616105645895,0,827.0999755859375,77.6190168,13.0378443
1766294056152793000,19.68279296875,0,0.07070566713809967,5.734605312347412,3.7899999618530273,0.003543675411492586,0,827.0999755859375,77.6190167,13.0378442
1766294057148834600,20.67883447265625,0,0.07070568203926086,5.744565486907959,3.7899999618530273,0.008477737195789814,0,827.0999755859375,77.6190168,13.0378443
1766294058149189600,21.679189697265624,0,0.07070572674274445,5.941003322601318,3.7899999618530273,0.0041103907860815525,0,827.0999755859375,77.6190167,13.0378443
1766294059151065600,22.681065673828126,0,0.07070579379796982,5.951022148132324,3.7899999618530273,0.0075287772342562675,0,827.0999755859375,77.6190167,13.0378444
1766294060156452600,23.68645263671875,0,0.07070581614971161,5.961075782775879,3.7899999618530273,0.007687071803957224,0,827.0999755859375,77.6190166,13.0378444
1766294061151054800,24.681054931640624,0,0.0707058310508728,5.971022129058838,3.7899999618530273,0.00825132429599762,0,827.0999755859375,77.6190166,13.0378445
1766294062152502800,25.682502685546876,0,0.07070578634738922,5.98103666305542,3.7899999618530273,0.003744338173419237,0,827.0999755859375,77.6190166,13.0378445
1766294063159227100,26.68922705078125,0,0.0707058310508728,5.991103649139404,3.7899999618530273,0.013815773651003838,0,827.0999755859375,77.6190166,13.0378447
1766294064153753900,27.68375390625,0,0.07070602476596832,6.001049041748047,3.7899999618530273,0.014291385188698769,0,827.0999755859375,77.6190167,13.0378448
1766294065158670800,28.6886708984375,4.82169246673584,0.6898332834243774,2.4056057929992676,3.7899999618530273,0.5284531116485596,359.9999694824219,827.0999755859375,77.6190164,13.0378483
1766294066152096800,29.6820966796875,1.4753391742706299,0.04893454164266586,2.4155399799346924,3.7899999618530273,2.129931926727295,4.9998908042907715,827.0999755859375,77.6190142,13.0378602
1766294067159305500,30.689305419921876,1.3697142601013184,0.04972858726978302,2.425612211227417,3.7899999618530273,2.3299901485443115,10.99969482421875,827.0999755859375,77.6190163,13.0378773
1766294068160842800,31.6908427734375,1.136611819267273,0.038910746574401855,2.4356274604797363,3.7899999618530273,2.200002908706665,16.999797821044922,827.0999755859375,77.6190224,13.0378939
1766294069159207400,32.68920751953125,5.179877758026123,0.03415032476186752,2.445611000061035,3.7899999618530273,0.4200379550457001,14.000640869140625,827.0999755859375,77.6190259,13.037901
1766294070155711000,33.6857109375,2.3678925037384033,0.038358885794878006,2.455576181411743,3.7899999618530273,1.0399832725524902,359.0002136230469,827.0999755859375,77.6190261,13.0379062
1766294071157833500,34.68783349609375,0.9886289834976196,0.04717545583844185,2.46559739112854,3.7899999618530273,3.0599193572998047,353.0001525878906,827.0999755859375,77.6190245,13.0379258
1766294072157209600,35.68720971679687,180,1.5,2.4755911827087402,4.203999996185303,3.059901237487793,353.0001525878906,827.0999755859375,77.6190216,13.0379489
1766294072278130200,35.808130126953124,180,1.5,2.590101480484009,4.500999927520752,0,90,824.5999755859375,77.6190218,13.0379477
1766294072510954200,36.04095434570313,180,1.5,2.590101480484009,4.8379998207092285,0.21755976974964142,264.7087707519531,824.5999755859375,77.6190088,13.0379465
1766294073178825200,36.7088251953125,180,0.6812606453895569,2.6000611782073975,5.0269999504089355,0.7925715446472168,89.96726989746094,824.5999755859375,77.6190097,13.0379467
1766294074154448600,37.68444873046875,106.98332977294922,0.24719606339931488,2.6100738048553467,5.046000003814697,0.3173757493495941,56.778709411621094,824.5999755859375,77.6190142,13.0379474
1766294075160690000,38.69068994140625,103.49244689941406,0.24185718595981598,2.620136260986328,5.4720001220703125,0.32821738719940186,39.79186248779297,824.5999755859375,77.6190149,13.0379486
1766294076155464700,39.685464599609375,103.22245788574219,0.23840448260307312,2.6300840377807617,5.473999977111816,0.7171518802642822,0.2305656224489212,824.5999755859375,77.6190139,13.0379535
1766294076729743600,40.25974365234375,104.64347839355469,0.27482667565345764,2.6300840377807617,5.804999828338623,0.7053958177566528,1.6738444566726685,824.5999755859375,77.6190136,13.0379556
1766294077148107500,40.678107421875,81.23955535888672,0.34445616602897644,2.640010356903076,5.827000141143799,0.7548226714134216,354.5317687988281,824.5999755859375,77.6190127,13.0379607
1766294077482152400,41.01215234375,85.78024291992188,0.3655695617198944,1.6657254695892334,5.888999938964844,0.7602995038032532,353.534423828125,824.5999755859375,77.619012,13.0379628
1766294077611895300,41.14189526367188,73.5311279296875,0.39388006925582886,1.6657254695892334,5.854000091552734,0.8029982447624207,307.2962341308594,824.5999755859375,77.6189993,13.0379609
1766294078147902200,41.677902099609376,58.291107177734375,0.4168987572193146,1.6757233142852783,5.89300012588501,0.713291347026825,334.06591796875,824.5999755859375,77.6189963,13.0379685
1766294078577271600,42.107271484375,58.3952522277832,0.43927621841430664,1.6757233142852783,5.928999900817871,0.7193308472633362,341.7288513183594,824.5999755859375,77.6189953,13.0379718
1766294079156952600,42.68695263671875,36.38362121582031,0.5534849166870117,1.6858139038085938,6.1579999923706055,0.8391478657722473,352.2015686035156,824.5999755859375,77.6189901,13.0379836
1766294080072732200,43.602732177734374,33.66360092163086,0.45166775584220886,1.6858139038085938,6.276000022888184,0.8315284252166748,345.0302429199219,824.5999755859375,77.6189906,13.0379951
1766294080157030400,43.68703051757812,9.61758804321289,0.25613167881965637,1.695814609527588,6.3429999351501465,2.0716917514801025,306.9255065917969,824.5999755859375,77.6189563,13.0379998
1766294080614183700,44.14418359375,9.290010452270508,0.29943469166755676,1.695814609527588,6.593999862670898,2.09940505027771,293.13507080078125,824.5999755859375,77.6189293,13.0380067
1766294081154049500,44.684049560546875,6.7007856369018555,0.22764557600021362,1.705784797668457,6.459000110626221,2.4247946739196777,285.0329895019531,824.5999755859375,77.6188995,13.0380159
1766294081473392000,45.00339208984375,7.310240268707275,0.2713830769062042,1.705784797668457,6.454999923706055,2.4298300743103027,279.8992614746094,824.5999755859375,77.6188883,13.0380185
1766294081902702800,45.432702880859374,8.863909721374512,0.3281715214252472,1.705784797668457,6.559000015258789,2.3436315059661865,271.80548095703125,824.5999755859375,77.6188792,13.0380208
1766294082156685800,45.68668579101563,6.191593647003174,0.23044340312480927,1.7158112525939941,6.2870001792907715,2.8197505474090576,269.3787536621094,824.5999755859375,77.6188661,13.0380219
1766294083154547700,46.68454760742188,6.675633430480957,0.2075400948524475,1.7257897853851318,5.97599983215332,3.3298399448394775,255.27874755859375,824.5999755859375,77.618827,13.0380239
1766294083556717600,47.08671752929688,6.491065979003906,0.25690487027168274,1.7257897853851318,5.744999885559082,3.3293633460998535,246.4232940673828,824.5999755859375,77.6188121,13.0380199
1766294084152272100,47.682272216796875,11.553109169006348,0.9825711846351624,1.7357670068740845,5.48199987411499,5.423431873321533,277.3356018066406,824.5999755859375,77.6188343,13.0381006
1766294085149839400,48.67983935546875,3.2209904193878174,0.9075789451599121,1.745742678642273,4.940999984741211,6.170108318328857,280.0085144042969,824.5999755859375,77.6187885,13.0381298
1766294086149840000,49.67983984375,7.253724098205566,0.9420045614242554,1.7557427883148193,4.295000076293945,6.30802059173584,281.9785461425781,824.5999755859375,77.6187321,13.0381404
1766294087158483700,50.68848364257813,7.930063724517822,0.6612730622291565,1.7658292055130005,3.6080000400543213,4.819993019104004,279.8727722167969,824.5999755859375,77.6186908,13.0381478
1766294088149323800,51.67932373046875,12.034014701843262,0.67131108045578,1.7757375240325928,3.634000062942505,3.01503324508667,275.95428466796875,824.5999755859375,77.6186707,13.0381509
1766294089158931200,52.68893115234375,9.681571006774902,0.6975380778312683,1.7858335971832275,3.7899999618530273,2.689528465270996,278.1224060058594,824.5999755859375,77.618652,13.0381526
1766294090148912000,53.678912109375,9.98051643371582,0.6861602067947388,1.7957334518432617,3.7899999618530273,3.611154317855835,287.54119873046875,824.5999755859375,77.618617,13.0381587
1766294091160802800,54.690802734375,8.377872467041016,0.9010907411575317,4.033140659332275,3.7899999618530273,4.538099765777588,282.5788879394531,823.7000122070312,77.6185698,13.0381691
1766294092154565400,55.6845654296875,8.164440155029297,0.6862420439720154,4.043078422546387,3.7899999618530273,4.812431335449219,280.07147216796875,823.7000122070312,77.6185221,13.0381757
1766294093156514800,56.686514892578124,8.309998512268066,0.6941768527030945,4.053097724914551,3.7899999618530273,4.845993995666504,288.0023498535156,823.7000122070312,77.6184778,13.0381867
1766294094150653000,57.68065283203125,7.6531195640563965,0.9282061457633972,4.063039302825928,3.7899999618530273,5.449792861938477,295.0906982421875,823.7000122070312,77.6184285,13.038206
1766294095148419000,58.67841918945312,7.1970601081848145,0.9318417310714722,4.07301664352417,3.7899999618530273,6.199225902557373,291.95831298828125,823.7000122070312,77.6183705,13.0382274
1766294096157749200,59.68774926757813,5.78440523147583,0.8949260711669922,4.083110332489014,3.7899999618530273,7.041298866271973,288.73236083984375,823.7000122070312,77.618303,13.0382467
1766294097152089300,60.68208935546875,4.541217803955078,0.8923516273498535,4.093053340911865,3.7899999618530273,7.564792156219482,286.2370910644531,823.7000122070312,77.6182311,13.0382663
1766294098152082400,61.68208251953125,4.431400775909424,0.9156902432441711,4.103053569793701,3.7899999618530273,7.8659491539001465,281.20208740234375,823.7000122070312,77.6181552,13.03828
1766294099154197800,62.68419775390625,3.9839401245117188,0.8947486877441406,4.113074779510498,3.7899999618530273,7.762953758239746,276.49884033203125,823.7000122070312,77.6180835,13.0382868
1766294100148043000,63.67804296875,3.7463037967681885,0.8011467456817627,4.123013019561768,3.7899999618530273,6.606988906860352,274.21661376953125,823.7000122070312,77.6180267,13.0382907
1766294101160089600,64.69008959960938,3.932781457901001,0.699317216873169,4.133133411407471,3.7899999618530273,4.891684055328369,278.8799133300781,823.7000122070312,77.6179892,13.0382957
1766294102150127400,65.68012744140626,7.4918951988220215,0.7021190524101257,4.143033981323242,3.7899999618530273,4.9192304611206055,280.8611755371094,823.7000122070312,77.6179477,13.0383046
1766294103151377200,66.68137719726562,0.26984402537345886,0.8394129276275635,4.153046607971191,3.7899999618530273,5.526528835296631,283.7084655761719,823.7000122070312,77.6178979,13.0383162
1766294104153643300,67.68364331054687,0.4745939373970032,0.8306358456611633,4.163069248199463,3.7899999618530273,6.126129150390625,286.4772033691406,823.7000122070312,77.6178415,13.0383323
1766294105148855300,68.67885522460938,0.7087188959121704,0.9176244139671326,5.729091167449951,3.7899999618530273,6.447587013244629,292.1280212402344,827.5999755859375,77.6177852,13.038354
1766294106149338400,69.67933837890625,8.899542808532715,0.94761723279953,5.739096164703369,3.7899999618530273,6.69622802734375,290.16558837890625,827.5999755859375,77.6177257,13.0383759
1766294107150226000,70.68022583007813,1.1709799766540527,0.8920552730560303,5.749104976654053,3.7899999618530273,7.007038116455078,278.8401184082031,827.5999755859375,77.6176606,13.0383894
1766294108150218000,71.68021801757813,1.3900808095932007,0.8265411853790283,5.7591047286987305,3.7899999618530273,7.661706924438477,274.4467468261719,827.5999755859375,77.6175854,13.0383969
1766294109159107300,72.689107421875,1.6173741817474365,0.9072638750076294,5.769193649291992,3.7899999618530273,7.669462203979492,273.10015869140625,827.5999755859375,77.6175114,13.0384003
1766294110154046500,73.68404638671875,1.8600199222564697,0.9460740685462952,5.779143333435059,3.7899999618530273,6.5210185050964355,269.3498840332031,827.5999755859375,77.617455,13.0384017
1766294111155227000,74.68522680664063,2.0832338333129883,0.8884024620056152,5.789155006408691,3.7899999618530273,5.939172267913818,280.7382507324219,827.5999755859375,77.6174034,13.0384076
1766294112157456100,75.6874560546875,2.2734005451202393,0.9188047647476196,5.799177169799805,3.7899999618530273,6.265628814697266,279.45556640625,827.5999755859375,77.6173467,13.038419
1766294113154450000,76.68444995117187,2.4812519550323486,0.9846124649047852,5.809147357940674,3.7899999618530273,6.457937717437744,275.6042175292969,827.5999755859375,77.6172847,13.0384289
1766294114152237600,77.68223754882813,2.6565818786621094,0.9372329711914062,5.819125175476074,3.7899999618530273,7.186378479003906,273.5090026855469,827.5999755859375,77.6172155,13.0384347
1766294115148945700,78.67894555664063,0.696548342704773,0.09679172188043594,5.829092025756836,3.7899999618530273,8.905898094177246,272.0159912109375,827.5999755859375,77.6171362,13.0384392
1766294116147702800,79.67770288085937,0.7052053809165955,0.09589581936597824,5.839079856872559,3.7899999618530273,8.732165336608887,274.94744873046875,827.5999755859375,77.6170543,13.0384448
1766294117159197200,80.689197265625,0.9593634605407715,0.08151130378246307,5.849194526672363,3.7899999618530273,5.4912919998168945,265.1895446777344,827.5999755859375,77.6169913,13.0384459
1766294118147574500,81.67757446289062,7.866941928863525,0.9758388996124268,5.859078407287598,3.7899999618530273,5.934703350067139,267.4986572265625,827.5999755859375,77.6169394,13.0384417
1766294119152904200,82.682904296875,0.7442595958709717,0.08941791206598282,5.869131565093994,3.7899999618530273,7.705711841583252,274.9409484863281,827.5999755859375,77.616869,13.0384474
1766294120153995300,83.68399536132813,0.4547716975212097,0.04736467823386192,5.879142761230469,3.7899999618530273,6.683513641357422,272.01483154296875,827.5999755859375,77.6168035,13.0384531
1766294121156505600,84.68650561523438,0.6278694868087769,0.0747065469622612,5.889167785644531,3.7899999618530273,7.631745338439941,270.01898193359375,827.5999755859375,77.6167352,13.0384541
1766294122160584200,85.69058422851562,0.7183014154434204,0.08732787519693375,5.8992085456848145,3.7899999618530273,7.806943893432617,276.9010009765625,827.5999755859375,77.6166628,13.0384583
1766294123149518600,86.6795185546875,0.6926217675209045,0.08216840773820877,5.909098148345947,3.7899999618530273,7.6215620040893555,271.0787048339844,827.5999755859375,77.6165934,13.0384654
1766294124158098700,87.6880986328125,2.949159860610962,0.31885746121406555,5.919183731079102,3.7899999618530273,7.057114124298096,272.6672668457031,827.5999755859375,77.6165272,13.0384682
1766294125151545600,88.68154565429687,2.9420177936553955,0.3646501302719116,3.7769687175750732,3.7899999618530273,7.842113971710205,275.4299621582031,823.0999755859375,77.6164577,13.0384756
1766294126158924500,89.68892456054688,1.4993072748184204,0.19445101916790009,3.7870426177978516,3.7899999618530273,8.316206932067871,273.1297912597656,823.0999755859375,77.6163818,13.0384826
1766294127158137600,90.6881376953125,3.6135332584381104,0.44263067841529846,3.797034740447998,3.7899999618530273,7.993585586547852,272.3164367675781,823.0999755859375,77.616306,13.038485
1766294128157819100,91.68781909179687,3.5749223232269287,0.44516730308532715,3.8070316314697266,3.7899999618530273,8.022647857666016,272.0733337402344,823.0999755859375,77.616233,13.0384877
1766294129150488300,92.68048828125,1.1770038604736328,0.152247354388237,3.81695818901062,3.7899999618530273,8.30182933807373,271.03515625,823.0999755859375,77.6161586,13.0384904
1766294130155099600,93.685099609375,0.4456912577152252,0.061311423778533936,3.8270044326782227,3.7899999618530273,8.827033996582031,271.0001525878906,823.0999755859375,77.6160795,13.0384939
1766294131157709800,94.68770971679687,0.8524834513664246,0.12409281730651855,3.8370304107666016,3.7899999618530273,9.337745666503906,271.9718933105469,823.0999755859375,77.6159957,13.0384977
1766294132153665500,95.68366552734375,2.115809202194214,0.3221922814846039,3.8469901084899902,3.7899999618530273,9.74512767791748,271.1536865234375,823.0999755859375,77.6159063,13.0384997
1766294133153831200,96.6838310546875,1.8243879079818726,0.28159835934638977,3.856991767883301,3.7899999618530273,9.911865234375,271.017822265625,823.0999755859375,77.6158166,13.0385028
1766294134148414700,97.67841479492188,0.5475900173187256,0.08585596829652786,3.8669376373291016,3.7899999618530273,10.068375587463379,271.0002136230469,823.0999755859375,77.6157236,13.0385058
1766294135157875500,98.68787548828125,0.5957834124565125,0.09107229858636856,3.8770320415496826,3.7899999618530273,9.823113441467285,271.0000915527344,823.0999755859375,77.6156309,13.038507
1766294136156464000,99.68646411132812,6.178282260894775,0.9366618394851685,3.8870179653167725,3.7899999618530273,9.588212966918945,271.0020446777344,823.0999755859375,77.615545,13.0385101
1766294137151668200,100.68166821289063,0.6432306170463562,0.9319808483123779,3.89697003364563,3.7899999618530273,9.008999824523926,270.9469909667969,823.0999755859375,77.6154662,13.0385137
1766294138155334000,101.685333984375,1.243525743484497,0.8018195629119873,3.9070067405700684,3.7899999618530273,8.832889556884766,272.8560485839844,823.0999755859375,77.6153867,13.0385175
1766294139153380000,102.68338012695312,1.6824686527252197,0.7733104825019836,3.916987180709839,3.7899999618530273,8.884515762329102,273.8996887207031,823.0999755859375,77.6153056,13.0385211
1766294140156902400,103.68690234375,1.7875611782073975,0.7817219495773315,3.9270224571228027,3.7899999618530273,8.998858451843262,273.1090393066406,823.0999755859375,77.6152222,13.0385256
1766294141148416300,104.67841625976563,1.8950673341751099,0.7566900849342346,3.9369375705718994,3.7899999618530273,9.054962158203125,271.24017333984375,823.0999755859375,77.6151373,13.0385289
1766294142151282000,105.68128198242188,1.6555830240249634,0.7745972275733948,3.9469661712646484,3.7899999618530273,9.004024505615234,272.8376770019531,823.0999755859375,77.615054,13.0385324
1766294143147583500,106.67758349609375,1.711769700050354,0.8616451621055603,3.9569292068481445,3.7899999618530273,8.772488594055176,272.04559326171875,823.0999755859375,77.6149751,13.0385347
1766294144150861300,107.680861328125,1.8353792428970337,0.7843219041824341,3.9669620990753174,3.7899999618530273,8.476181030273438,271.9749450683594,823.0999755859375,77.6148986,13.0385358
1766294145158393000,108.68839306640625,1.786699652671814,0.7629212737083435,4.751891613006592,3.7899999618530273,7.725350856781006,271.9114685058594,831.0999755859375,77.6148293,13.0385391
1766294146154730800,109.68473071289063,1.9015319347381592,0.8077663779258728,4.761855125427246,3.7899999618530273,6.432437419891357,270.94085693359375,831.0999755859375,77.6147739,13.0385409
1766294147159386400,110.68938647460938,2.0870277881622314,0.9154202342033386,4.771901607513428,3.7899999618530273,5.181904315948486,274.6913757324219,831.0999755859375,77.6147371,13.0385424
1766294148158421500,111.68842138671874,2.235862970352173,0.781262218952179,4.781891822814941,3.7899999618530273,5.111070156097412,274.0217590332031,831.0999755859375,77.614695,13.0385465
1766294149152597000,112.68259692382813,2.128390073776245,0.7903865575790405,4.791833400726318,3.7899999618530273,6.066366195678711,273.29278564453125,831.0999755859375,77.6146377,13.0385501
1766294150149607400,113.679607421875,2.114053964614868,0.8561408519744873,4.8018035888671875,3.7899999618530273,7.03493070602417,276.1432800292969,831.0999755859375,77.6145689,13.0385534
1766294151150120700,114.68012060546874,2.2382302284240723,0.8532952666282654,4.8118085861206055,3.7899999618530273,7.127892971038818,275.1492004394531,831.0999755859375,77.6144977,13.0385566
1766294152150120400,115.68012036132812,2.183140516281128,0.7992233633995056,4.821808815002441,3.7899999618530273,6.4274210929870605,275.6250305175781,831.0999755859375,77.6144405,13.0385599
1766294153150120400,116.68012036132812,17.35857391357422,1.6286568641662598,4.831808567047119,3.7899999618530273,6.03000020980835,274,831.0999755859375,77.6143853,13.0385641
1766294155150121000,118.68012084960938,2.957909107208252,0.9249889850616455,4.851809024810791,3.7899999618530273,2.680000066757202,273,831.0999755859375,77.6143331,13.038575
1766294156150121000,119.68012084960938,2.978177785873413,0.9417465329170227,4.861808776855469,3.7899999618530273,2.2799999713897705,251,831.0999755859375,77.6143074,13.0385691
1766294157150120200,120.6801201171875,2.999861001968384,0.9336411356925964,1.3454164266586304,3.7899999618530273,2.3399999141693115,239,820,77.6142837,13.0385551
1766294158150120700,121.68012060546874,3.0513739585876465,0.9566349983215332,1.3554164171218872,3.7899999618530273,2.1500000953674316,229,820,77.6142665,13.0385444
1766294159150120700,122.68012060546874,3.117811441421509,0.9757210612297058,1.365416407585144,3.7899999618530273,3.0399999618530273,213,820,77.6142499,13.0385233
1766294160150120700,123.68012060546874,3.156291961669922,0.9079571962356567,1.3754163980484009,3.7899999618530273,4.360000133514404,205,820,77.6142285,13.0384874
1766294161150120700,124.68012060546874,3.187617778778076,0.842625617980957,1.3854163885116577,3.7899999618530273,4.610000133514404,192,820,77.6142168,13.0384473
1766294162150120700,125.68012060546874,1.4392616748809814,0.8689486980438232,1.3954163789749146,3.7899999618530273,5.369999885559082,194,820,77.6142102,13.0383973
1766294163150121000,126.68012084960938,1.5916392803192139,0.8417776823043823,1.4054163694381714,3.7899999618530273,5.739999771118164,197,820,77.6142038,13.0383504
1766294164150120700,127.68012060546874,1.7709499597549438,0.8422521352767944,1.4154163599014282,3.7899999618530273,4.980000019073486,198,820,77.6141978,13.0383082
1766294165150120700,128.68012060546874,1.9390956163406372,0.8618358969688416,1.425416350364685,3.7899999618530273,5.340000152587891,199,820,77.6141877,13.0382638
1766294166150120700,129.68012060546874,7.243241310119629,0.920889675617218,1.435416340827942,3.7899999618530273,6.380000114440918,192,820,77.614178,13.0382055
1766294167150120200,130.6801201171875,2.1265416145324707,0.8426907658576965,1.4454163312911987,3.7899999618530273,7.300000190734863,194,820,77.6141678,13.0381384
1766294168150120700,131.68012060546874,2.1942038536071777,0.8328229784965515,1.4554163217544556,3.7899999618530273,7.119999885559082,192,820,77.6141597,13.0380702
1766294169150120400,132.68012036132814,2.347560167312622,0.7885195016860962,1.465416431427002,3.7899999618530273,4.679999828338623,191,820,77.6141561,13.0380265
1766294170150120400,133.68012036132814,2.5540034770965576,0.9096675515174866,1.4754164218902588,3.7899999618530273,2.9100000858306885,181,820,77.6141503,13.0380015
1766294171150120700,134.68012060546874,2.74564266204834,0.9121583700180054,1.4854164123535156,3.7899999618530273,2.5,190,820,77.6141419,13.0379765
1766294172150120400,135.68012036132814,2.924999713897705,0.9318097233772278,1.4954164028167725,3.7899999618530273,3.4200000762939453,201,820,77.6141351,13.037948
1766294173150121200,136.68012133789063,8.178299903869629,0.9330270886421204,1.0286312103271484,3.7899999618530273,3.440000057220459,193,821.0999755859375,77.6141282,13.0379206
1766294174150120700,137.68012060546874,3.232264518737793,0.8773802518844604,1.0386312007904053,3.7899999618530273,3.0199999809265137,198,821.0999755859375,77.6141231,13.0378935
1766294175150120700,138.68012060546874,3.339056968688965,0.8777961730957031,1.048631191253662,3.7899999618530273,3.680000066757202,198,821.0999755859375,77.614116,13.0378625
1766294176150121000,139.68012084960938,3.3104538917541504,0.9261481165885925,1.058631181716919,3.7899999618530273,5.119999885559082,190,821.0999755859375,77.6141127,13.0378169
1766294177150120700,140.68012060546874,3.2775838375091553,0.8632504343986511,1.0686311721801758,3.7899999618530273,6.03000020980835,187,821.0999755859375,77.6141079,13.0377633
1766294178150120700,141.68012060546874,2.968301773071289,0.8021335005760193,1.0786311626434326,3.7899999618530273,6.570000171661377,186,821.0999755859375,77.6140993,13.0377037
1766294179150120200,142.6801201171875,3.00028395652771,0.8634992241859436,1.0886311531066895,3.7899999618530273,7.070000171661377,193,821.0999755859375,77.6140909,13.0376376
1766294180150120700,143.68012060546874,2.7874348163604736,0.8598480224609375,1.0986312627792358,3.7899999618530273,7.349999904632568,186,821.0999755859375,77.6140772,13.0375739
1766294181150120700,144.68012060546874,2.7317771911621094,0.8597362637519836,1.1086312532424927,3.7899999618530273,7.070000171661377,191,821.0999755859375,77.6140657,13.037509
1766294182150120400,145.68012036132814,2.6778602600097656,0.8798167705535889,1.1186312437057495,3.7899999618530273,6.880000114440918,190,821.0999755859375,77.6140559,13.0374468
1766294183150120700,146.68012060546874,2.6975855827331543,0.8672179579734802,1.1286312341690063,3.7899999618530273,7.070000171661377,192,821.0999755859375,77.6140427,13.0373818
1766294184150120700,147.68012060546874,2.6015870571136475,0.8845985531806946,1.1386312246322632,3.7899999618530273,7.079999923706055,189,821.0999755859375,77.6140273,13.0373168
1766294185150120700,148.68012060546874,2.5240349769592285,0.8154808282852173,1.14863121509552,3.7899999618530273,7.099999904632568,184,821.0999755859375,77.614023,13.0372517
1766294186150120700,149.68012060546874,2.3707354068756104,0.8153191804885864,1.1586312055587769,3.7899999618530273,6.630000114440918,184,821.0999755859375,77.6140198,13.0371913
1766294187150120700,150.68012060546874,2.3713459968566895,0.8247928023338318,1.1686311960220337,3.7899999618530273,5.46999979019165,185,821.0999755859375,77.6140141,13.0371443
1766294188150121000,151.68012084960938,2.5010883808135986,0.94816654920578,1.1786311864852905,3.7899999618530273,3.299999952316284,184,821.0999755859375,77.6140136,13.0371184
1766294189150120700,152.68012060546874,2.608621597290039,1.0437721014022827,1.1886311769485474,3.7899999618530273,2.440000057220459,190,821.0999755859375,77.6140081,13.0370961
1766294190150120700,153.68012060546874,2.702315092086792,0.9082701802253723,1.1986311674118042,3.7899999618530273,3.319999933242798,193,821.0999755859375,77.614002,13.0370656
1766294191150121000,154.68012084960938,2.7767140865325928,0.9255845546722412,2.974504232406616,3.7899999618530273,3.5799999237060547,188,824.3999633789062,77.6139955,13.0370328
1766294192150121000,155.68012084960938,2.8951969146728516,0.9729887843132019,2.984504222869873,3.7899999618530273,1.9199999570846558,180,824.3999633789062,77.6139922,13.0370201
1766294193150120700,156.68012060546874,3.005997657775879,0.9717451930046082,2.99450421333313,3.7899999618530273,1.850000023841858,193,824.3999633789062,77.6139852,13.0370039
1766294194150120700,157.68012060546874,3.079157590866089,0.8332929015159607,3.0045042037963867,3.7899999618530273,3.130000114440918,185,824.3999633789062,77.6139802,13.0369759
1766294195150121000,158.68012084960938,3.194965362548828,1.0197715759277344,3.0145041942596436,3.7899999618530273,3.509999990463257,192,824.3999633789062,77.613971,13.0369439
1766294196150120700,159.68012060546874,3.0939292907714844,0.8768057823181152,3.0245041847229004,3.7899999618530273,5.730000019073486,191,824.3999633789062,77.6139498,13.0368845
1766294197150121000,160.68012084960938,2.922201633453369,0.8494205474853516,3.0345041751861572,3.7899999618530273,6.369999885559082,188,824.3999633789062,77.6139424,13.0368249
1766294198150120700,161.68012060546874,2.876338005065918,0.8771955370903015,3.044504165649414,3.7899999618530273,5.880000114440918,188,824.3999633789062,77.6139303,13.0367701
1766294199150120700,162.68012060546874,2.92969012260437,0.929966151714325,3.054504156112671,3.7899999618530273,5.079999923706055,188,824.3999633789062,77.6139258,13.0367246
1766294200150120700,163.68012060546874,3.0315864086151123,0.9557092785835266,3.0645041465759277,3.7899999618530273,4.429999828338623,199,824.3999633789062,77.6139099,13.0366849
1766294201150120400,164.68012036132814,3.0203866958618164,0.8210721611976624,3.0745041370391846,3.7899999618530273,5.309999942779541,193,824.3999633789062,77.613893,13.0366402
1766294202150120700,165.68012060546874,2.7618842124938965,0.794039249420166,3.0845041275024414,3.7899999618530273,6.059999942779541,190,824.3999633789062,77.6138776,13.036587
1766294203150120700,166.68012060546874,7.5777268409729,0.938689649105072,1.9367190599441528,3.7899999618530273,6.360000133514404,190,825.2000122070312,77.6138655,13.0365299
1766294204150120400,167.68012036132814,2.1915526390075684,0.8131099939346313,1.9467190504074097,3.7899999618530273,5.400000095367432,187,825.2000122070312,77.6138578,13.0364803
1766294205150120200,168.6801201171875,2.275989055633545,0.9193401336669922,1.956719160079956,3.7899999618530273,4.179999828338623,189,825.2000122070312,77.6138508,13.0364446
1766294206150120400,169.68012036132814,2.335554838180542,0.8767894506454468,1.966719150543213,3.7899999618530273,4.550000190734863,191,825.2000122070312,77.6138383,13.0364053
1766294207150120400,170.68012036132814,2.3687314987182617,0.8727279305458069,1.9767191410064697,3.7899999618530273,5.349999904632568,195,825.2000122070312,77.6138261,13.0363572
1766294208150121200,171.68012133789063,2.439816951751709,0.9505854845046997,1.9867191314697266,3.7899999618530273,5.570000171661377,194,825.2000122070312,77.6138113,13.0363097
1766294209150121000,172.68012084960938,2.509648561477661,0.9234007000923157,1.9967191219329834,3.7899999618530273,5.21999979019165,188,825.2000122070312,77.613795,13.036263
1766294210150120700,173.68012060546874,2.5638723373413086,0.859125018119812,2.0485446453094482,3.7899999618530273,5.179999828338623,188,825.5999755859375,77.6137831,13.0362186
1766294211150120700,174.68012060546874,2.5172536373138428,0.8156262040138245,2.058544635772705,3.7899999618530273,5.610000133514404,192,825.5999755859375,77.6137725,13.036169
1766294212150120700,175.68012060546874,2.532953977584839,0.8310775756835938,2.068544626235962,3.7899999618530273,6.010000228881836,194,825.5999755859375,77.6137559,13.036118
1766294213150121000,176.68012084960938,2.5947303771972656,0.8992226719856262,2.0785446166992188,3.7899999618530273,5.960000038146973,191,825.5999755859375,77.6137458,13.0360647
1766294214150120400,177.68012036132814,2.600135087966919,0.9448423981666565,2.0885446071624756,3.7899999618530273,6.21999979019165,188,825.5999755859375,77.6137324,13.0360108
1766294215150120700,178.68012060546874,2.5797312259674072,0.8025285005569458,2.0985445976257324,3.7899999618530273,6.480000019073486,188,825.5999755859375,77.6137211,13.035956
1766294216150120700,179.68012060546874,2.4225242137908936,0.8026158809661865,2.1085445880889893,3.7899999618530273,6.889999866485596,192,825.5999755859375,77.6137061,13.0358967
1766294217150120400,180.68012036132814,2.3488759994506836,0.8217623829841614,2.118544578552246,3.7899999618530273,7.019999980926514,194,825.5999755859375,77.6136883,13.0358345
1766294218150120700,181.68012060546874,2.181809663772583,0.8301931023597717,2.128544569015503,3.7899999618530273,7.610000133514404,191,825.5999755859375,77.613671,13.0357646
1766294219150121000,182.68012084960938,2.0549228191375732,0.8012380003929138,2.1385445594787598,3.7899999618530273,7.380000114440918,190,825.5999755859375,77.613659,13.0357008
1766294220150121000,183.68012084960938,1.982559084892273,0.8208193778991699,2.1485445499420166,3.7899999618530273,7.380000114440918,190,825.5999755859375,77.6136468,13.0356355
1766294221150120200,184.6801201171875,1.8917274475097656,0.8075942993164062,2.1585445404052734,3.7899999618530273,7.670000076293945,190,825.5999755859375,77.6136343,13.0355688
1766294222150120700,185.68012060546874,1.8256707191467285,0.8063756823539734,2.1685445308685303,3.7899999618530273,8.010000228881836,189,825.5999755859375,77.6136196,13.035502
1766294223150120700,186.68012060546874,1.7207976579666138,0.75448077917099,2.178544521331787,3.7899999618530273,7.369999885559082,189,825.5999755859375,77.6136064,13.0354378
1766294224150121000,187.68012084960938,1.693482518196106,0.8238314986228943,2.188544511795044,3.7899999618530273,6.639999866485596,188,825.5999755859375,77.6135963,13.0353776
1766294225150120700,188.68012060546874,1.7126940488815308,0.9028159976005554,2.198544502258301,3.7899999618530273,6.349999904632568,187,825.5999755859375,77.6135868,13.035318
1766294226150120400,189.68012036132814,1.7768456935882568,0.9101861715316772,2.2085444927215576,3.7899999618530273,5.690000057220459,182,825.5999755859375,77.6135798,13.0352667
1766294227150120700,190.68012060546874,1.83063542842865,0.8186123371124268,2.2185444831848145,3.7899999618530273,5.190000057220459,184,825.5999755859375,77.613572,13.035221
1766294228150120700,191.68012060546874,1.8527086973190308,0.7821073532104492,2.2285444736480713,3.7899999618530273,5.400000095367432,188,825.5999755859375,77.6135641,13.0351738
1766294229150120400,192.68012036132814,1.9082236289978027,0.9269293546676636,3.699423313140869,3.7899999618530273,4.920000076293945,183,834.5,77.6135586,13.0351303
1766294230150120700,193.68012060546874,1.935242772102356,0.7658498287200928,3.709423303604126,3.7899999618530273,4.599999904632568,185,834.5,77.613551,13.035091
1766294231150120700,194.68012060546874,2.0020744800567627,0.8021262288093567,3.719423294067383,3.7899999618530273,4.260000228881836,184,834.5,77.6135482,13.0350537
1766294232150120700,195.68012060546874,2.098100185394287,0.9345340728759766,3.7294232845306396,3.7899999618530273,3.5299999713897705,186,834.5,77.6135446,13.0350231
1766294233150120700,196.68012060546874,2.1845057010650635,0.8661824464797974,3.7394232749938965,3.7899999618530273,3.559999942779541,188,834.5,77.613542,13.0349852
1766294234150120700,197.68012060546874,2.272331476211548,0.9338948726654053,3.7494232654571533,3.7899999618530273,3.700000047683716,195,834.5,77.6135342,13.0349549
1766294235150120700,198.68012060546874,2.3709704875946045,0.9062976241111755,3.75942325592041,3.7899999618530273,2.7799999713897705,191,834.5,77.6135267,13.0349318
1766294236150120700,199.68012060546874,2.45369553565979,0.8873307704925537,3.769423246383667,3.7899999618530273,4.210000038146973,191,834.5,77.6135169,13.0348979
1766294237150120700,200.68012060546874,2.4406678676605225,0.840537965297699,5.171587944030762,3.7899999618530273,5.360000133514404,194,840.7999877929688,77.6135042,13.0348477
1766294238150121000,201.68012084960938,2.5225887298583984,0.88870769739151,5.181588172912598,3.7899999618530273,4.539999961853027,197,840.7999877929688,77.6134932,13.0348044
1766294239150120700,202.68012060546874,2.6368892192840576,0.9586064219474792,5.191587924957275,3.7899999618530273,4.059999942779541,184,840.7999877929688,77.6134871,13.0347676
1766294240150121000,203.68012084960938,2.7269816398620605,0.9235631227493286,5.201588153839111,3.7899999618530273,3.859999895095825,180,840.7999877929688,77.6134861,13.0347334
1766294241150121200,204.68012133789063,2.832395076751709,0.9522982239723206,5.211588382720947,3.7899999618530273,3.509999990463257,193,840.7999877929688,77.613483,13.0347012
1766294242150121000,205.68012084960938,2.9483604431152344,0.9465283155441284,5.221588134765625,3.7899999618530273,2.390000104904175,193,840.7999877929688,77.6134798,13.0346806
1766294243150120700,206.68012060546874,3.0631749629974365,0.9888814687728882,5.231588363647461,3.7899999618530273,2.509999990463257,179,840.7999877929688,77.6134777,13.0346576
1766294244150120700,207.68012060546874,3.180619955062866,0.7084482312202454,5.241588115692139,3.7899999618530273,2.5199999809265137,188,840.7999877929688,77.6134772,13.0346344
1766294245150120400,208.68012036132814,3.2799265384674072,0.6631258726119995,5.251588344573975,3.7899999618530273,2.5299999713897705,191,840.7999877929688,77.6134738,13.0346115
1766294246150120700,209.68012060546874,3.3891501426696777,0.6984862685203552,5.261588096618652,3.7899999618530273,3.0199999809265137,193,840.7999877929688,77.613466,13.0345853
1766294247150120700,210.68012060546874,3.5385987758636475,0.7149232029914856,5.271588325500488,3.7899999618530273,2.4800000190734863,175,840.7999877929688,77.6134635,13.0345614
1766294248150120700,211.68012060546874,3.528714418411255,0.08616336435079575,5.281588077545166,3.7899999618530273,1.5700000524520874,179,840.7999877929688,77.6134621,13.0345445
1766294249150121000,212.68012084960938,1.7340580224990845,0.042905572801828384,5.291588306427002,3.7899999618530273,1.590000033378601,180,840.7999877929688,77.6134611,13.03453
1766294250150121200,213.68012133789063,1.3504778146743774,0.05235980451107025,5.30158805847168,3.7899999618530273,2.490000009536743,188,840.7999877929688,77.6134584,13.0345098
1766294251150121000,214.68012084960938,1.156692624092102,0.061129115521907806,5.311588287353516,3.7899999618530273,3.390000104904175,187,840.7999877929688,77.6134542,13.0344809
1766294252150120700,215.68012060546874,1.0972990989685059,0.05185087025165558,5.321588039398193,3.7899999618530273,3.0299999713897705,181,840.7999877929688,77.6134535,13.0344519
1766294253150121000,216.68012084960938,0.8161796927452087,0.0460088811814785,5.331588268280029,3.7899999618530273,3.619999885559082,179,840.7999877929688,77.6134545,13.0344202
1766294254150120200,217.6801201171875,0.7063336372375488,0.039409615099430084,5.341588020324707,3.7899999618530273,3.5799999237060547,183,840.7999877929688,77.6134532,13.0343876
1766294255150120700,218.68012060546874,0.6876615285873413,0.030566278845071793,5.351588249206543,3.7899999618530273,2.8499999046325684,185,840.7999877929688,77.6134501,13.034359
1766294256150121000,219.68012084960938,0.9113509654998779,0.03196202591061592,5.361588001251221,3.7899999618530273,2.25,183,840.7999877929688,77.6134482,13.0343362
1766294257150120400,220.68012036132814,9.628883361816406,0.6688675880432129,1.0389411449432373,3.7899999618530273,2.7300000190734863,178,828.8999633789062,77.613447,13.0343122
1766294258150121000,221.68012084960938,1.1401838064193726,0.6942874193191528,1.0489412546157837,3.7899999618530273,2.559999942779541,193,828.8999633789062,77.6134442,13.034289
1766294259150120400,222.68012036132814,2.032355785369873,0.7135275602340698,1.0589412450790405,3.7899999618530273,2.359999895095825,205,828.8999633789062,77.6134381,13.0342689
1766294260150120700,223.68012060546874,2.9177181720733643,0.5967612862586975,1.0689412355422974,3.7899999618530273,2.430000066757202,209,828.8999633789062,77.6134299,13.0342487
1766294261150120700,224.68012060546874,3.81115460395813,0.6749151945114136,1.0789412260055542,3.7899999618530273,2.2699999809265137,210,828.8999633789062,77.6134225,13.0342298
1766294262150120700,225.68012060546874,4.605658531188965,0.6534262299537659,1.088941216468811,3.7899999618530273,2.799999952316284,211,828.8999633789062,77.6134149,13.0342064
1766294263150121000,226.68012084960938,5.40584135055542,0.6863464117050171,1.0989412069320679,3.7899999618530273,2.640000104904175,210,828.8999633789062,77.6134082,13.0341835
1766294264150121000,227.68012084960938,6.281125545501709,0.7050396203994751,1.1089411973953247,3.7899999618530273,2.700000047683716,231,828.8999633789062,77.6134005,13.0341621
1766294265150121000,228.68012084960938,7.065576553344727,0.7116926312446594,1.1189411878585815,3.7899999618530273,2.7200000286102295,235,828.8999633789062,77.6133892,13.0341424
1766294266150121000,229.68012084960938,8.007621765136719,0.9730511903762817,1.1289411783218384,3.7899999618530273,2.509999990463257,262,828.8999633789062,77.6133809,13.034126
1766294267150120700,230.68012060546874,8.809350967407227,0.7018594741821289,1.1389411687850952,3.7899999618530273,2.0799999237060547,257,828.8999633789062,77.6133713,13.0341126
1766294268150121200,231.68012133789063,9.687688827514648,0.7117592096328735,1.148941159248352,3.7899999618530273,1.659999966621399,275,828.8999633789062,77.6133635,13.0341014
1766294269150120700,232.68012060546874,4.3228631019592285,0.07183294743299484,1.1589411497116089,3.7899999618530273,1.0700000524520874,250,828.8999633789062,77.6133591,13.0340892
1766294270150120700,233.68012060546874,1.6651859283447266,0.037857189774513245,1.1689412593841553,3.7899999618530273,1.4600000381469727,246,828.8999633789062,77.6133518,13.0340785
1766294271150121000,234.68012084960938,2.9883229732513428,0.05965247377753258,1.178941249847412,3.7899999618530273,1.2799999713897705,247,828.8999633789062,77.6133439,13.0340701
1766294272150120700,235.68012060546874,2.115842342376709,0.0682787299156189,1.188941240310669,3.7899999618530273,2.069999933242798,257,828.8999633789062,77.6133302,13.0340633
1766294273150121200,236.68012133789063,1.241382122039795,0.05476616322994232,1.1989412307739258,3.7899999618530273,2.8299999237060547,262,828.8999633789062,77.6133087,13.0340588
1766294274150120700,237.68012060546874,13.99495792388916,0.6750950813293457,1.1504052877426147,3.7899999618530273,3.109999895095825,261,828.8999633789062,77.6132817,13.0340548
1766294275150120700,238.68012060546874,1.6615973711013794,0.10556299239397049,1.1604052782058716,3.7899999618530273,4.079999923706055,261,828.8999633789062,77.6132476,13.03405
1766294276150120400,239.68012036132814,5.627682209014893,0.29479655623435974,1.1704052686691284,3.7899999618530273,3.380000114440918,257,828.8999633789062,77.6132158,13.0340438
1766294277150120400,240.68012036132814,10.252142906188965,0.776068925857544,1.1804052591323853,3.7899999618530273,3.200000047683716,245,828.8999633789062,77.6131873,13.0340346
1766294278150121000,241.68012084960938,13.763081550598145,0.7402779459953308,1.190405249595642,3.7899999618530273,3.4700000286102295,253,828.8999633789062,77.6131586,13.0340213
1766294279150120700,242.68012060546874,13.071015357971191,0.7195274233818054,1.2004053592681885,3.7899999618530273,3.549999952316284,253,828.8999633789062,77.6131279,13.0340118
1766294280150120700,243.68012060546874,14.404366493225098,0.718889057636261,1.2104053497314453,3.7899999618530273,3.2200000286102295,239,828.8999633789062,77.6131027,13.0339965
1766294281150120700,244.68012060546874,7.60985803604126,0.714556872844696,1.2204053401947021,3.7899999618530273,2.8399999141693115,232,828.8999633789062,77.6130812,13.0339819
1766294282150121000,245.68012084960938,9.207587242126465,0.7898228168487549,1.230405330657959,3.7899999618530273,2.0799999237060547,242,828.8999633789062,77.6130654,13.0339714
1766294283150120700,246.68012060546874,11.10693073272705,0.935509979724884,1.2404053211212158,3.7899999618530273,1.3899999856948853,244,828.8999633789062,77.6130547,13.0339653
1766294284150120700,247.68012060546874,12.906603813171387,0.7123413681983948,1.2504053115844727,3.7899999618530273,0.8700000047683716,232,828.8999633789062,77.6130484,13.0339612
1766294285150120700,248.68012060546874,62.27834701538086,0.817330002784729,1.2604053020477295,3.7899999618530273,0.6299999952316284,215,828.8999633789062,77.6130448,13.0339573
1766294286150120700,249.68012060546874,7.074432373046875,0.6915078163146973,1.2704052925109863,3.7899999618530273,0.8999999761581421,202,828.8999633789062,77.6130421,13.0339513
1766294287150120700,250.68012060546874,3.59194016456604,0.09229927510023117,1.2804052829742432,3.7899999618530273,1.649999976158142,205,828.8999633789062,77.6130378,13.0339408
1766294288150120700,251.68012060546874,9.233089447021484,0.6430841088294983,1.028651237487793,3.7899999618530273,1.6799999475479126,238,828.7000122070312,77.6130287,13.0339308
1766294289150121000,252.68012084960938,1.7019981145858765,0.06706618517637253,1.0386512279510498,3.7899999618530273,2.5299999713897705,270,828.7000122070312,77.6130099,13.0339296
1766294290150120700,253.68012060546874,1.496215581893921,0.07401878386735916,1.0486512184143066,3.7899999618530273,3.180000066757202,289,828.7000122070312,77.6129846,13.0339389
1766294291150120700,254.68012060546874,2.311640977859497,0.16182750463485718,1.0586512088775635,3.7899999618530273,4.510000228881836,283,828.7000122070312,77.6129502,13.0339508
1766294292150120400,255.68012036132814,4.723741054534912,0.37565648555755615,1.0686511993408203,3.7899999618530273,5.130000114440918,280,828.7000122070312,77.6129108,13.0339613
1766294293150121000,256.68012084960935,5.209573745727539,0.3497845232486725,1.0786511898040771,3.7899999618530273,4.340000152587891,262,828.7000122070312,77.6128724,13.0339555
1766294294150120700,257.68012060546874,11.811038970947266,0.1686227023601532,1.088651180267334,3.7899999618530273,0.4399999976158142,266,828.7000122070312,77.6128601,13.0339556
1766294295150120400,258.68012036132814,10.019929885864258,0.1175401359796524,1.0986511707305908,3.7899999618530273,0.75,279,828.7000122070312,77.6128497,13.033956
1766294296150120400,259.68012036132814,3.39758038520813,0.09863511472940445,1.1086511611938477,3.7899999618530273,1.8700000047683716,287,828.7000122070312,77.6128323,13.0339603
1766294297150120700,260.68012060546874,3.2558369636535645,0.1722395122051239,1.1186511516571045,3.7899999618530273,3.4100000858306885,282,828.7000122070312,77.6128068,13.0339648
1766294298150120400,261.68012036132814,2.5838680267333984,0.17991705238819122,1.1286512613296509,3.7899999618530273,4.480000019073486,278,828.7000122070312,77.6127705,13.0339705
1766294299150120700,262.68012060546874,1.6419366598129272,0.12369763851165771,1.1386512517929077,3.7899999618530273,4.840000152587891,285,828.7000122070312,77.6127305,13.0339801
1766294300150120400,263.68012036132814,11.740096092224121,0.9854745864868164,1.1486512422561646,3.7899999618530273,5.429999828338623,285,828.7000122070312,77.6126852,13.0339919
1766294301150120700,264.68012060546874,0.7289636731147766,0.06952054053544998,1.1586512327194214,3.7899999618530273,6.119999885559082,287,828.7000122070312,77.6126308,13.0340112
1766294302150120700,265.68012060546874,0.6661381125450134,0.04971978813409805,1.1686512231826782,3.7899999618530273,4.789999961853027,292,828.7000122070312,77.6125867,13.0340283
1766294303150120700,266.68012060546874,1.636807918548584,0.0746966227889061,1.178651213645935,3.7899999618530273,2.930000066757202,297,828.7000122070312,77.6125574,13.0340416
1766294304150120700,267.68012060546874,2.757434129714966,0.08772069215774536,1.188651204109192,3.7899999618530273,2.049999952316284,263,828.7000122070312,77.6125323,13.0340424
1766294305150120700,268.68012060546874,2.314422607421875,0.07715893536806107,1.1986511945724487,3.7899999618530273,2.140000104904175,205,828.7000122070312,77.6125187,13.0340301
1766294306150120700,269.68012060546874,12.93075942993164,0.6610962748527527,1.2630605697631836,3.7899999618530273,2.5899999141693115,207,826.8999633789062,77.6125074,13.0340111
1766294307150120700,270.68012060546874,1.1084765195846558,0.07145673781633377,1.2730605602264404,3.7899999618530273,4.139999866485596,194,826.8999633789062,77.6124972,13.0339808
1766294308150120700,271.68012060546874,0.6797900795936584,0.06042974069714546,1.2830605506896973,3.7899999618530273,5.710000038146973,192,826.8999633789062,77.6124861,13.0339357
1766294309150120700,272.68012060546874,11.207819938659668,0.9823602437973022,1.293060541152954,3.7899999618530273,5.670000076293945,196,826.8999633789062,77.6124715,13.033888
1766294310150120700,273.68012060546874,3.0853562355041504,0.16476106643676758,1.303060531616211,3.7899999618530273,3.440000057220459,210,826.8999633789062,77.6124552,13.0338557
1766294311150120700,274.68012060546874,19.51338768005371,0.36878761649131775,1.3130605220794678,3.7899999618530273,1.2000000476837158,195,826.8999633789062,77.6124504,13.0338388
1766294312150121200,275.6801213378906,17.182226181030273,0.5350338816642761,1.3230605125427246,3.7899999618530273,2,202,826.8999633789062,77.6124412,13.0338208
1766294313150120700,276.68012060546874,6.803600311279297,0.4575100541114807,1.3330605030059814,3.7899999618530273,4.349999904632568,198,826.8999633789062,77.6124323,13.0337859
1766294314150120700,277.68012060546874,2.306013584136963,0.20815213024616241,1.3430604934692383,3.7899999618530273,5.809999942779541,200,826.8999633789062,77.6124153,13.0337433
1766294315150120700,278.68012060546874,8.44254207611084,0.9649871587753296,1.3530604839324951,3.7899999618530273,6.059999942779541,198,826.8999633789062,77.6123972,13.0336913
1766294316150120700,279.68012060546874,7.797260284423828,0.9571192860603333,1.363060474395752,3.7899999618530273,6.349999904632568,200,826.8999633789062,77.6123775,13.0336367
1766294317150120700,280.68012060546874,2.14485764503479,0.888860285282135,1.3730604648590088,3.7899999618530273,6.420000076293945,202,826.8999633789062,77.6123593,13.0335819
1766294318150120700,281.68012060546874,4.534405708312988,0.9161612391471863,1.3830605745315552,3.7899999618530273,6.659999847412109,201,826.8999633789062,77.6123388,13.0335256
1766294319150120400,282.68012036132814,5.474456787109375,0.8941184878349304,1.393060564994812,3.7899999618530273,6.289999961853027,202,826.8999633789062,77.6123197,13.0334735
1766294320150121000,283.68012084960935,6.660374164581299,0.9126604199409485,1.4030605554580688,3.7899999618530273,5.25,208,826.8999633789062,77.6123002,13.0334308
1766294321150120400,284.68012036132814,8.168904304504395,0.694756031036377,1.4130605459213257,3.7899999618530273,3.640000104904175,222,826.8999633789062,77.6122826,13.0334032
1766294322150120700,285.68012060546874,10.113471031188965,0.7135074138641357,1.4230605363845825,3.7899999618530273,2.430000066757202,251,826.8999633789062,77.6122666,13.03339
1766294323150120700,286.68012060546874,4.0043463706970215,0.09153112024068832,1.4330605268478394,3.7899999618530273,1.4700000286102295,271,826.8999633789062,77.6122566,13.0333861
1766294324150121000,287.68012084960935,10.9768648147583,0.6377682089805603,18.518400192260742,3.7899999618530273,2.1600000858306885,266,827.8999633789062,77.6122378,13.0333826
1766294325150120700,288.68012060546874,0.6491355299949646,0.04337337985634804,18.528400421142578,3.7899999618530273,4.289999961853027,293,827.8999633789062,77.6122044,13.0333926
1766294326150120700,289.68012060546874,0.513279378414154,0.03769463673233986,18.538400650024414,3.7899999618530273,4.710000038146973,302,827.8999633789062,77.6121668,13.0334106
1766294327150120700,290.68012060546874,0.6662311553955078,0.039552923291921616,18.54840087890625,3.7899999618530273,3.809999942779541,299,827.8999633789062,77.6121343,13.0334281
1766294328150120700,291.68012060546874,0.8703811168670654,0.04557978734374046,18.558401107788086,3.7899999618530273,3.359999895095825,284,827.8999633789062,77.6121028,13.0334377
1766294329150121000,292.68012084960935,1.503792643547058,0.06361938267946243,18.568401336669922,3.7899999618530273,2.7200000286102295,250,827.8999633789062,77.6120778,13.0334319
1766294330150120700,293.68012060546874,1.4706531763076782,0.08064490556716919,18.578401565551758,3.7899999618530273,3.5199999809265137,225,827.8999633789062,77.6120547,13.033411
1766294331150120400,294.68012036132814,9.184300422668457,0.5868229269981384,4.086781978607178,3.7899999618530273,4.130000114440918,221,828.7000122070312,77.6120292,13.0333831
1766294332150120700,295.68012060546874,1.3488271236419678,0.08216311782598495,4.0967817306518555,3.7899999618530273,3.9100000858306885,209,828.7000122070312,77.6120098,13.0333521
1766294333150120400,296.68012036132814,6.638655662536621,0.2955162823200226,4.106781959533691,3.7899999618530273,2.880000114440918,194,828.7000122070312,77.6120012,13.0333237
1766294334150120700,297.68012060546874,12.553705215454102,0.5764524936676025,4.116781711578369,3.7899999618530273,2.9600000381469727,195,828.7000122070312,77.6119946,13.0332972
1766294335150120700,298.68012060546874,10.421502113342285,0.5477557182312012,4.126781940460205,3.7899999618530273,3.4000000953674316,188,828.7000122070312,77.611991,13.0332676
1766294336150120700,299.68012060546874,3.531987428665161,0.3374503254890442,4.136781692504883,3.7899999618530273,6.159999847412109,172,828.7000122070312,77.6120095,13.0332135
1766294337150121200,300.6801213378906,8.309479713439941,0.9725320339202881,4.146781921386719,3.7899999618530273,6.230000019073486,165,828.7000122070312,77.6120182,13.033165
1766294338150120700,301.68012060546874,7.699799537658691,0.9794270396232605,4.156782150268555,3.7899999618530273,6.769999980926514,158,828.7000122070312,77.612042,13.0331071
1766294339150120700,302.68012060546874,7.4797844886779785,0.9153714179992676,4.166781902313232,3.7899999618530273,6.809999942779541,153,828.7000122070312,77.6120669,13.0330557
1766294340150121200,303.6801213378906,4.355463981628418,0.9722006320953369,4.176782131195068,3.7899999618530273,6.760000228881836,163,828.7000122070312,77.6120895,13.0330024
1766294341150120700,304.68012060546874,6.240967750549316,1.0447643995285034,4.186781883239746,3.7899999618530273,7.119999885559082,164,828.7000122070312,77.612107,13.0329431
1766294342150121000,305.68012084960935,6.332275867462158,0.9851745367050171,4.196782112121582,3.7899999618530273,7.659999847412109,155,828.7000122070312,77.6121391,13.0328844
1766294343150120700,306.68012060546874,7.396560192108154,1.155443787574768,4.20678186416626,3.7899999618530273,8.069999694824219,150,828.7000122070312,77.6121716,13.0328172
1766294344150120400,307.68012036132814,7.974344253540039,1.3531274795532227,4.216782093048096,3.7899999618530273,7.539999961853027,147,828.7000122070312,77.6122101,13.0327609
1766294345150120400,308.68012036132814,8.836612701416016,1.4393714666366577,4.226781845092773,3.7899999618530273,5.75,147,828.7000122070312,77.6122482,13.0327364
1766294346150120400,309.68012036132814,8.07358455657959,0.9318376183509827,4.236782073974609,3.7899999618530273,5.099999904632568,146,828.7000122070312,77.6122699,13.0326966
1766294347150120400,310.68012036132814,6.37967586517334,0.8763402104377747,4.246781826019287,3.7899999618530273,6.150000095367432,145,828.7000122070312,77.612296,13.0326491
1766294348150121200,311.6801213378906,6.5082221031188965,1.1182754039764404,4.256782054901123,3.7899999618530273,6.630000114440918,155,828.7000122070312,77.6123195,13.0325895
1766294349150121000,312.68012084960935,6.03684139251709,1.0156584978103638,4.266781806945801,3.7899999618530273,6.760000228881836,157,828.7000122070312,77.6123484,13.0325355
1766294350150120400,313.68012036132814,5.282413959503174,0.8644089102745056,4.276782035827637,3.7899999618530273,6.340000152587891,159,828.7000122070312,77.612373,13.0324865
1766294351150120700,314.68012060546874,4.569228172302246,0.8658354878425598,1.015741229057312,3.7899999618530273,6.300000190734863,161,829.8999633789062,77.6123968,13.0324337
1766294352150120700,315.68012060546874,4.846312046051025,0.90195631980896,1.0257412195205688,3.7899999618530273,5.889999866485596,176,829.8999633789062,77.612405,13.0323782
1766294353150120700,316.68012060546874,4.75299072265625,0.8999001979827881,1.0357412099838257,3.7899999618530273,6.190000057220459,190,829.8999633789062,77.6123954,13.0323227
1766294354150120400,317.68012036132814,4.6799187660217285,0.8938326835632324,1.0457412004470825,3.7899999618530273,6.639999866485596,206,829.8999633789062,77.6123757,13.0322666
1766294355150121000,318.68012084960935,4.08762788772583,0.8319514393806458,1.0557411909103394,3.7899999618530273,7.300000190734863,210,829.8999633789062,77.6123459,13.0322067
1766294356150120700,319.68012060546874,3.2141854763031006,0.8227482438087463,1.0657411813735962,3.7899999618530273,7.420000076293945,208,829.8999633789062,77.6123171,13.0321469
1766294357150120700,320.68012060546874,2.8300087451934814,0.8061190247535706,1.075741171836853,3.7899999618530273,7.820000171661377,205,829.8999633789062,77.6122856,13.032081
1766294358150121200,321.6801213378906,2.99737548828125,0.8607115745544434,1.0857411623001099,3.7899999618530273,8.170000076293945,207,829.8999633789062,77.6122524,13.0320138
1766294359150120400,322.68012036132814,2.4626669883728027,0.8468496799468994,1.0957411527633667,3.7899999618530273,8.149999618530273,208,829.8999633789062,77.6122184,13.031948
1766294360150120700,323.68012060546874,2.3665363788604736,0.8368327021598816,1.105741262435913,3.7899999618530273,8.079999923706055,207,829.8999633789062,77.6121863,13.0318835
1766294361150121200,324.6801213378906,2.3961572647094727,0.896873950958252,1.11574125289917,3.7899999618530273,6.900000095367432,203,829.8999633789062,77.6121612,13.0318288
1766294362150120700,325.68012060546874,2.426975965499878,0.878413736820221,1.1257412433624268,3.7899999618530273,6.380000114440918,205,829.8999633789062,77.6121354,13.0317775
1766294363150121200,326.6801213378906,2.4345717430114746,0.8120999932289124,1.1357412338256836,3.7899999618530273,5.929999828338623,208,829.8999633789062,77.6121114,13.03173
1766294364150120400,327.68012036132814,2.429487943649292,0.8446940183639526,1.1457412242889404,3.7899999618530273,6,214,829.8999633789062,77.6120822,13.0316868
1766294365150120700,328.68012060546874,2.5129706859588623,0.8949928283691406,1.1557412147521973,3.7899999618530273,5.739999771118164,210,829.8999633789062,77.6120563,13.0316435
1766294366150120700,329.68012060546874,2.562026262283325,0.9540610313415527,1.165741205215454,3.7899999618530273,6.039999961853027,210,829.8999633789062,77.6120295,13.0315965
1766294367150120700,330.68012060546874,2.6157398223876953,0.9170916676521301,1.175741195678711,3.7899999618530273,5.659999847412109,217,829.8999633789062,77.6120016,13.0315537
1766294368150120700,331.68012060546874,2.7072904109954834,0.9322238564491272,1.1857411861419678,3.7899999618530273,5.980000019073486,206,829.8999633789062,77.6119769,13.0315067
1766294369150120700,332.68012060546874,2.748640298843384,0.885760486125946,1.1957411766052246,3.7899999618530273,6.690000057220459,217,829.8999633789062,77.6119418,13.0314571
1766294370150120400,333.68012036132814,2.726175546646118,0.8564987182617188,1.2057411670684814,3.7899999618530273,7.170000076293945,209,829.8999633789062,77.6119067,13.0314009
1766294371150120400,334.68012036132814,2.529937744140625,0.8477935791015625,1.2157411575317383,3.7899999618530273,7.579999923706055,209,829.8999633789062,77.6118717,13.0313405
1766294372150120700,335.68012060546874,2.6448278427124023,1.0209734439849854,2.2719621658325195,3.7899999618530273,7.650000095367432,207,831.5999755859375,77.6118384,13.03128
1766294373150120700,336.68012060546874,2.294971466064453,0.836272656917572,2.2819621562957764,3.7899999618530273,7.71999979019165,205,831.5999755859375,77.6118093,13.0312159
1766294374150120700,337.68012060546874,2.2517528533935547,0.9220964908599854,2.291962146759033,3.7899999618530273,7.679999828338623,209,831.5999755859375,77.6117759,13.0311557
1766294375150120700,338.68012060546874,2.169699192047119,0.8669888377189636,2.30196213722229,3.7899999618530273,7.960000038146973,211,831.5999755859375,77.6117403,13.0310967
1766294376150120700,339.68012060546874,2.1824123859405518,0.9278913140296936,2.311962127685547,3.7899999618530273,8.220000267028809,210,831.5999755859375,77.6117004,13.0310348
1766294377150120700,340.68012060546874,2.219758987426758,0.9670787453651428,2.3219621181488037,3.7899999618530273,8.329999923706055,213,831.5999755859375,77.6116635,13.0309704
1766294378150023200,341.6800231933594,2.1585512161254883,0.8826205730438232,2.331961154937744,3.7899999618530273,7.25,214,831.5999755859375,77.6116151,13.0309323
1766294379150120700,342.68012060546874,2.2328970432281494,0.9325625896453857,2.3419620990753174,3.7899999618530273,7.150000095367432,197,831.5999755859375,77.6115876,13.0308606
1766294380150120700,343.68012060546874,2.2979772090911865,1.0816787481307983,2.351962089538574,3.7899999618530273,7.150000095367432,206,831.5999755859375,77.611554,13.0307956
1766294381150120700,344.68012060546874,2.3552749156951904,1.019308090209961,2.361962080001831,3.7899999618530273,7.159999847412109,209,831.5999755859375,77.6115237,13.030737
1766294382150120700,345.68012060546874,2.4329257011413574,1.0033537149429321,2.371962070465088,3.7899999618530273,7.230000019073486,204,831.5999755859375,77.6114963,13.0306771
1766294383150121200,346.6801213378906,2.19551682472229,0.8051190972328186,2.3819620609283447,3.7899999618530273,7.449999809265137,206,831.5999755859375,77.6114708,13.0306078
1766294384150120700,347.68012060546874,2.0359995365142822,0.7900009155273438,2.3919620513916016,3.7899999618530273,7.630000114440918,206,831.5999755859375,77.6114468,13.0305361
1766294385150120700,348.68012060546874,1.835012674331665,0.8567807078361511,2.4019622802734375,3.7899999618530273,7.639999866485596,204,831.5999755859375,77.6114219,13.0304739
1766294386150120700,349.68012060546874,1.806297779083252,0.7912253141403198,2.4119622707366943,3.7899999618530273,7.809999942779541,206,831.5999755859375,77.6113902,13.0304106
1766294387150120700,350.68012060546874,1.6883141994476318,0.7958043217658997,2.421962261199951,3.7899999618530273,7.940000057220459,206,831.5999755859375,77.6113601,13.0303466
1766294388150120700,351.68012060546874,1.6762890815734863,0.8186850547790527,2.431962251663208,3.7899999618530273,7.860000133514404,208,831.5999755859375,77.6113279,13.0302827
1766294389150121000,352.68012084960935,1.666716456413269,0.8562453985214233,2.441962242126465,3.7899999618530273,7.869999885559082,208,831.5999755859375,77.6112938,13.0302207
1766294390150120700,353.68012060546874,1.7192822694778442,1.0687875747680664,2.4519622325897217,3.7899999618530273,7.949999809265137,206,831.5999755859375,77.6112605,13.0301554
1766294391150121000,354.68012084960935,1.6876202821731567,0.867399275302887,2.4619622230529785,3.7899999618530273,7.590000152587891,209,831.5999755859375,77.6112286,13.0300944
1766294392150121000,355.68012084960935,1.7567540407180786,0.8691573143005371,1.5314449071884155,3.7899999618530273,6.650000095367432,203,831.7999877929688,77.6111991,13.0300414
1766294393150120700,356.68012060546874,1.8305376768112183,0.89239901304245,1.5414448976516724,3.7899999618530273,6.170000076293945,213,831.7999877929688,77.6111708,13.0299956
1766294394150121200,357.6801213378906,1.860945463180542,0.7838090062141418,1.5514448881149292,3.7899999618530273,6.019999980926514,211,831.7999877929688,77.6111399,13.0299488
1766294395150120700,358.68012060546874,1.8692586421966553,0.835447371006012,1.561444878578186,3.7899999618530273,5.46999979019165,206,831.7999877929688,77.6111179,13.0299075
1766294396150120400,359.68012036132814,1.932805061340332,0.8279650211334229,1.5714448690414429,3.7899999618530273,4.519999980926514,205,831.7999877929688,77.6111028,13.0298714
1766294397150120700,360.68012060546874,2.007840871810913,0.9003346562385559,1.5814448595046997,3.7899999618530273,4.71999979019165,209,831.7999877929688,77.6110827,13.0298367
1766294398150120400,361.68012036132814,1.880650281906128,0.8007342219352722,1.0174511671066284,3.7899999618530273,5.050000190734863,206,835.0999755859375,77.6110621,13.0297964
1766294399150121200,362.6801213378906,1.8913583755493164,0.8542501926422119,1.0274511575698853,3.7899999618530273,5.059999942779541,205,835.0999755859375,77.6110396,13.029755
1766294400150120700,363.68012060546874,1.9663922786712646,0.7948337197303772,1.037451148033142,3.7899999618530273,5.369999885559082,207,835.0999755859375,77.6110135,13.0297109
1766294401150120400,364.68012036132814,1.9948139190673828,0.9431952238082886,1.0474512577056885,3.7899999618530273,5.849999904632568,214,835.0999755859375,77.6109883,13.0296661
1766294402150120400,365.68012036132814,2.0383152961730957,0.846461832523346,1.0574512481689453,3.7899999618530273,7.559999942779541,210,835.0999755859375,77.6109542,13.0296061
1766294403150120700,366.68012060546874,2.106905698776245,0.9489096999168396,1.0674512386322021,3.7899999618530273,8.220000267028809,201,835.0999755859375,77.6109139,13.0295413
1766294404150120700,367.68012060546874,2.0630669593811035,0.8565505743026733,1.077451229095459,3.7899999618530273,9.59000015258789,201,835.0999755859375,77.6108804,13.0294563
1766294405150121000,368.68012084960935,2.05562424659729,0.8699116110801697,1.0874512195587158,3.7899999618530273,9.069999694824219,208,835.0999755859375,77.6108446,13.0293821
1766294406150120700,369.68012060546874,2.036994457244873,0.9621686935424805,1.0974512100219727,3.7899999618530273,8.960000038146973,209,835.0999755859375,77.6108078,13.0293097
1766294407150120400,370.68012036132814,2.025461196899414,0.8708257675170898,1.1074512004852295,3.7899999618530273,8.039999961853027,211,835.0999755859375,77.6107702,13.0292462
1766294408150120700,371.68012060546874,1.9819210767745972,0.8464280366897583,1.1174511909484863,3.7899999618530273,7.449999809265137,209,835.0999755859375,77.6107373,13.0291846
1766294409150120400,372.68012036132814,2.0111262798309326,0.8260183930397034,1.1274511814117432,3.7899999618530273,6.130000114440918,209,835.0999755859375,77.6107083,13.0291381
1766294410150120400,373.68012036132814,2.115603446960449,0.8990862369537354,1.137451171875,3.7899999618530273,3.6600000858306885,208,835.0999755859375,77.6106933,13.0291096
1766294411150120700,374.68012060546874,2.2111127376556396,0.867157518863678,1.1474511623382568,3.7899999618530273,2.109999895095825,213,835.0999755859375,77.6106833,13.0290945
1766294412150120700,375.68012060546874,2.3037779331207275,0.948448121547699,1.1574511528015137,3.7899999618530273,3.059999942779541,208,835.0999755859375,77.6106695,13.0290692
1766294413150120700,376.68012060546874,2.3762619495391846,0.9077469706535339,1.16745126247406,3.7899999618530273,4.230000019073486,217,835.0999755859375,77.6106475,13.029034
1766294414150120700,377.68012060546874,2.4606785774230957,0.9204987287521362,1.7942819595336914,3.7899999618530273,4.150000095367432,239,837.0999755859375,77.6106102,13.0290062
1766294415150120700,378.68012060546874,2.5621864795684814,0.9464367628097534,1.8042819499969482,3.7899999618530273,4.510000228881836,272,837.0999755859375,77.6105688,13.0290038
1766294416150121000,379.68012084960935,2.636117935180664,0.8999247550964355,1.814281940460205,3.7899999618530273,5.079999923706055,294,837.0999755859375,77.6105248,13.0290211
1766294417150120700,380.68012060546874,2.6977107524871826,0.8395891189575195,1.824281930923462,3.7899999618530273,4.25,298,837.0999755859375,77.6104941,13.0290377
1766294418150120700,381.68012060546874,2.8259503841400146,0.8951535820960999,1.8342819213867188,3.7899999618530273,2.130000114440918,299,837.0999755859375,77.6104817,13.0290446
1766294419150120700,382.68012060546874,2.906445026397705,0.858305037021637,1.8442819118499756,3.7899999618530273,3.4200000762939453,305,837.0999755859375,77.6104591,13.0290628
1766294420150120400,383.68012036132814,2.9285929203033447,0.8246927261352539,1.8542819023132324,3.7899999618530273,4.980000019073486,306,837.0999755859375,77.6104185,13.0290936
1766294421150120700,384.68012060546874,2.933929920196533,0.9006084203720093,1.8642818927764893,3.7899999618530273,6.159999847412109,305,837.0999755859375,77.6103739,13.0291306
1766294422150120700,385.68012060546874,2.8446238040924072,0.9318143725395203,1.874281883239746,3.7899999618530273,7.239999771118164,306,837.0999755859375,77.6103193,13.0291717
1766294423150120700,386.68012060546874,2.725236415863037,0.8699038028717041,1.8842819929122925,3.7899999618530273,7.96999979019165,302,837.0999755859375,77.6102601,13.0292128
1766294424150120400,387.68012036132814,2.559976100921631,0.833968997001648,1.8942819833755493,3.7899999618530273,8.619999885559082,300,837.0999755859375,77.6101859,13.0292527
1766294425150120400,388.68012036132814,2.3037731647491455,0.827879011631012,1.9042819738388062,3.7899999618530273,8.970000267028809,299,837.0999755859375,77.6101118,13.0292937
1766294426150120400,389.68012036132814,2.091644763946533,0.8179564476013184,1.914281964302063,3.7899999618530273,9.119999885559082,297,837.0999755859375,77.6100406,13.0293331
1766294427150120400,390.68012036132814,1.8040975332260132,0.7979456186294556,1.9242819547653198,3.7899999618530273,9.029999732971191,298,837.0999755859375,77.609967,13.0293706
1766294428150120400,391.68012036132814,1.7012176513671875,0.7981866002082825,1.9342819452285767,3.7899999618530273,8.949999809265137,300,837.0999755859375,77.6098967,13.0294123
1766294429150120400,392.68012036132814,1.6285693645477295,0.8050091862678528,1.9442819356918335,3.7899999618530273,8.229999542236328,299,837.0999755859375,77.6098327,13.0294502
1766294430150120400,393.68012036132814,1.5926895141601562,0.7996646165847778,1.9542819261550903,3.7899999618530273,7.980000019073486,298,837.0999755859375,77.6097667,13.0294833
1766294431150120400,394.68012036132814,1.5651322603225708,0.7681273818016052,1.9642819166183472,3.7899999618530273,7.869999885559082,297,837.0999755859375,77.6097,13.0295152
1766294432150120400,395.68012036132814,1.546685814857483,0.8230617642402649,1.974281907081604,3.7899999618530273,7.639999866485596,292,837.0999755859375,77.6096343,13.0295422
1766294433150120400,396.68012036132814,1.5756560564041138,0.7639449834823608,1.9842818975448608,3.7899999618530273,6.730000019073486,288,837.0999755859375,77.6095777,13.0295613
1766294434150120400,397.68012036132814,1.482252836227417,0.8181620836257935,3.044661283493042,3.7899999618530273,6.239999771118164,286,839.7999877929688,77.6095237,13.029577
1766294435150120700,398.68012060546874,1.5171988010406494,0.865813672542572,3.054661273956299,3.7899999618530273,6.489999771118164,281,839.7999877929688,77.6094669,13.029592
1766294436150120400,399.68012036132814,1.5603009462356567,0.809376060962677,3.0646612644195557,3.7899999618530273,6.690000057220459,283,839.7999877929688,77.6094069,13.0296051
1766294437150120400,400.68012036132814,1.5288342237472534,0.7766834497451782,3.0746612548828125,3.7899999618530273,7.409999847412109,283,839.7999877929688,77.6093391,13.0296208
1766294438150120400,401.68012036132814,1.5381118059158325,0.8584315180778503,3.0846612453460693,3.7899999618530273,8.010000228881836,284,839.7999877929688,77.6092662,13.0296378
1766294439150120400,402.68012036132814,1.5292335748672485,0.7940414547920227,3.094661235809326,3.7899999618530273,8.170000076293945,287,839.7999877929688,77.6091943,13.0296576
1766294440150120400,403.68012036132814,1.5704734325408936,0.8694534301757812,3.104661226272583,3.7899999618530273,7.150000095367432,286,839.7999877929688,77.6091301,13.0296749
1766294441150120400,404.68012036132814,1.6339588165283203,0.8221060037612915,3.11466121673584,3.7899999618530273,5.599999904632568,284,839.7999877929688,77.6090809,13.0296834
1766294442150120700,405.68012060546874,1.7154791355133057,0.916792631149292,3.1246612071990967,3.7899999618530273,4.550000190734863,283,839.7999877929688,77.6090392,13.029689
1766294443150120700,406.68012060546874,1.8093512058258057,0.8267762660980225,3.1346611976623535,3.7899999618530273,2.0799999237060547,282,839.7999877929688,77.6090215,13.0296923
1766294444150120700,407.68012060546874,1.8985486030578613,0.8366672992706299,3.1446611881256104,3.7899999618530273,2.25,289,839.7999877929688,77.6090018,13.0296936
1766294445150120400,408.68012036132814,1.987592339515686,0.8142457604408264,3.154661178588867,3.7899999618530273,3.3499999046325684,281,839.7999877929688,77.608971,13.0297009
1766294446150120700,409.68012060546874,10.074296951293945,0.9318071007728577,1.0286412239074707,3.7899999618530273,3.8499999046325684,277,839.7999877929688,77.6089363,13.0297056
1766294447150120700,410.68012060546874,2.1380820274353027,0.8272913694381714,1.0386412143707275,3.7899999618530273,3.1500000953674316,280,839.7999877929688,77.6089067,13.0297095
1766294448150120000,411.68011987304686,2.2425856590270996,0.8645719289779663,1.0486412048339844,3.7899999618530273,1.9700000286102295,275,839.7999877929688,77.6088875,13.029711
1766294449150120400,412.68012036132814,2.34578275680542,0.9306004643440247,1.0586411952972412,3.7899999618530273,2.759999990463257,281,839.7999877929688,77.6088637,13.0297141
1766294450150120700,413.68012060546874,2.4171738624572754,0.8241841793060303,1.068641185760498,3.7899999618530273,4.050000190734863,280,839.7999877929688,77.6088278,13.02972
1766294451150120700,414.68012060546874,2.430917263031006,0.8926079273223877,1.0786411762237549,3.7899999618530273,5.190000057220459,279,839.7999877929688,77.6087773,13.0297287
1766294452150120700,415.68012060546874,2.460765838623047,0.7764260172843933,1.0886411666870117,3.7899999618530273,5.489999771118164,282,839.7999877929688,77.6087258,13.0297443
1766294453150120400,416.68012036132814,2.4060962200164795,0.8355886936187744,1.0986411571502686,3.7899999618530273,4.71999979019165,281,839.7999877929688,77.6086863,13.0297538
1766294454150120700,417.68012060546874,2.523564577102661,0.915032684803009,1.1086411476135254,3.7899999618530273,2.799999952316284,285,839.7999877929688,77.6086625,13.0297503
1766294455150120700,418.68012060546874,2.6345882415771484,1.1181963682174683,1.1186412572860718,3.7899999618530273,2.759999990463257,300,839.7999877929688,77.6086363,13.0297487
1766294456150120400,419.68012036132814,2.729532480239868,1.0760750770568848,1.1286412477493286,3.7899999618530273,3.7200000286102295,285,839.7999877929688,77.6086027,13.0297601
1766294457150120400,420.68012036132814,2.8201918601989746,1.000426173210144,1.5078644752502441,3.7899999618530273,3.450000047683716,283,839.2000122070312,77.608574,13.0297881
1766294458150120700,421.68012060546874,2.9044101238250732,1.0007795095443726,1.517864465713501,3.7899999618530273,4.53000020980835,290,839.2000122070312,77.6085306,13.0297999
1766294459150120700,422.68012060546874,3.0085432529449463,0.9306478500366211,1.5278645753860474,3.7899999618530273,4.559999942779541,293,839.2000122070312,77.6084902,13.0298136
1766294460150120700,423.68012060546874,3.0428543090820312,0.9309527277946472,1.5378645658493042,3.7899999618530273,3.8299999237060547,306,839.2000122070312,77.6084559,13.029829
1766294461150120700,424.68012060546874,3.1517841815948486,0.9636333584785461,1.547864556312561,3.7899999618530273,3.3299999237060547,335,839.2000122070312,77.6084349,13.0298527
1766294462150120700,425.68012060546874,3.2616753578186035,0.9613956212997437,1.5578645467758179,3.7899999618530273,2.8299999237060547,358,839.2000122070312,77.6084288,13.0298794
1766294463150120400,426.68012036132814,3.361494779586792,0.9549081921577454,1.5678645372390747,3.7899999618530273,3.0899999141693115,14,839.2000122070312,77.6084342,13.0299086
1766294464150120400,427.68012036132814,3.426710367202759,0.8731024265289307,1.5778645277023315,3.7899999618530273,3.799999952316284,28,839.2000122070312,77.6084497,13.0299404
1766294465150120700,428.68012060546874,3.546618938446045,0.9316059947013855,1.5878645181655884,3.7899999618530273,3.75,13,839.2000122070312,77.6084612,13.0299744
1766294466150120700,429.68012060546874,3.6515839099884033,0.6983951926231384,1.5978645086288452,3.7899999618530273,3.319999933242798,356,839.2000122070312,77.6084603,13.0300063
1766294467150120400,430.68012036132814,3.794435977935791,0.7113909721374512,1.607864499092102,3.7899999618530273,2.9100000858306885,324,839.2000122070312,77.6084476,13.0300305
1766294468150120200,431.6801201171875,4.2768378257751465,0.2086837738752365,1.6178644895553589,3.7899999618530273,3.1500000953674316,281,839.2000122070312,77.6084224,13.0300417
1766294469150120400,432.68012036132814,1.7171661853790283,0.11653728783130646,1.6278644800186157,3.7899999618530273,4.360000133514404,285,839.2000122070312,77.608389,13.0300513
1766294470150120400,433.68012036132814,0.8978906869888306,0.08269713073968887,1.6378644704818726,3.7899999618530273,5.920000076293945,288,839.2000122070312,77.6083433,13.0300679
1766294471150120400,434.68012036132814,11.820969581604004,0.9878551363945007,1.647864580154419,3.7899999618530273,5.400000095367432,286,839.2000122070312,77.6082945,13.030082
1766294472150120400,435.68012036132814,1.1668736934661865,0.08172792941331863,1.6578645706176758,3.7899999618530273,4.5,283,839.2000122070312,77.608252,13.0300901
1766294473150120400,436.68012036132814,0.870765745639801,0.056213777512311935,1.6678645610809326,3.7899999618530273,4.139999866485596,285,839.2000122070312,77.6082145,13.0301004
1766294474150120400,437.68012036132814,0.984196126461029,0.07442955672740936,1.6778645515441895,3.7899999618530273,4.860000133514404,283,839.2000122070312,77.608169,13.0301108
1766294475150120700,438.68012060546874,1.2016971111297607,0.06526249647140503,1.6878645420074463,3.7899999618530273,3.490000009536743,280,839.2000122070312,77.6081343,13.0301176
1766294476150120700,439.68012060546874,2.4836015701293945,0.07605712860822678,1.0390411615371704,3.7899999618530273,1.9700000286102295,278,838.7000122070312,77.6081115,13.0301237
1766294477150120700,440.68012060546874,2.7859699726104736,0.11985645443201065,1.0490411520004272,3.7899999618530273,2.7699999809265137,254,838.7000122070312,77.6080869,13.0301199
1766294478150120400,441.68012036132814,5.735013008117676,0.270600289106369,1.0590412616729736,3.7899999618530273,3.049999952316284,247,838.7000122070312,77.6080608,13.0301108
1766294479150120400,442.68012036132814,3.207029342651367,0.22968325018882751,1.0690412521362305,3.7899999618530273,4.619999885559082,218,838.7000122070312,77.6080361,13.0300847
1766294480150120400,443.68012036132814,0.7622173428535461,0.06040539965033531,1.0790412425994873,3.7899999618530273,5.090000152587891,205,838.7000122070312,77.608021,13.0300408
1766294481150120700,444.68012060546874,11.894014358520508,0.9831724166870117,1.0890412330627441,3.7899999618530273,5.340000152587891,203,838.7000122070312,77.608,13.0299994
1766294482150120700,445.68012060546874,8.90717601776123,0.9343734979629517,1.099041223526001,3.7899999618530273,5.980000019073486,202,838.7000122070312,77.6079835,13.0299479
1766294483150120700,446.68012060546874,1.1614832878112793,0.9006267189979553,1.1090412139892578,3.7899999618530273,6.590000152587891,201,838.7000122070312,77.6079615,13.0298907
1766294484150120700,447.68012060546874,1.9408231973648071,0.8978605270385742,1.1190412044525146,3.7899999618530273,7.190000057220459,213,838.7000122070312,77.6079306,13.0298311
1766294485150120400,448.68012036132814,2.580350160598755,0.8216531872749329,1.1290411949157715,3.7899999618530273,7.730000019073486,214,838.7000122070312,77.6078916,13.029773
1766294486150120700,449.68012060546874,3.0402936935424805,0.8530287742614746,1.1390411853790283,3.7899999618530273,7.96999979019165,218,838.7000122070312,77.6078467,13.0297146
1766294487150120400,450.68012036132814,3.1083104610443115,0.8277886509895325,1.1490411758422852,3.7899999618530273,8.239999771118164,217,838.7000122070312,77.6078032,13.0296541
1766294488150120400,451.68012036132814,2.874281167984009,0.8394872546195984,1.159041166305542,3.7899999618530273,8.479999542236328,217,838.7000122070312,77.6077566,13.029594
1766294489150120700,452.68012060546874,3.1123669147491455,0.8773701190948486,1.1690411567687988,3.7899999618530273,8.729999542236328,217,838.7000122070312,77.6077086,13.0295328
1766294490150120400,453.68012036132814,2.9707398414611816,0.8680245280265808,1.1790411472320557,3.7899999618530273,9.109999656677246,217,838.7000122070312,77.6076572,13.0294672
1766294491150120400,454.68012036132814,2.892319917678833,0.8436388969421387,1.189041256904602,3.7899999618530273,9.010000228881836,210,838.7000122070312,77.6076147,13.0293979
1766294492150120400,455.68012036132814,3.040571451187134,0.9332805275917053,1.1990412473678589,3.7899999618530273,8.329999923706055,204,838.7000122070312,77.6075754,13.0293348
1766294493150120700,456.68012060546874,3.055204153060913,0.8931277990341187,1.2090412378311157,3.7899999618530273,7.329999923706055,210,838.7000122070312,77.6075402,13.0292807
1766294494150120400,457.68012036132814,3.1409380435943604,0.8653686046600342,1.2190412282943726,3.7899999618530273,7.619999885559082,210,838.7000122070312,77.6074975,13.0292248
1766294495150120700,458.68012060546874,2.832306385040283,0.780960738658905,1.2290412187576294,3.7899999618530273,8.300000190734863,206,838.7000122070312,77.6074609,13.0291559
1766294496150121000,459.68012084960935,2.19352388381958,0.8526792526245117,1.2390412092208862,3.7899999618530273,8.510000228881836,204,838.7000122070312,77.6074262,13.0290901
1766294497150120400,460.68012036132814,2.0328025817871094,0.820041298866272,2.5857434272766113,3.7899999618530273,8.390000343322754,204,840.2999877929688,77.6073942,13.0290207
1766294498150120700,461.68012060546874,2.0482723712921143,0.8559592366218567,2.595743417739868,3.7899999618530273,8.069999694824219,201,840.2999877929688,77.6073643,13.0289547
1766294499150120400,462.68012036132814,2.0110201835632324,0.7789023518562317,2.605743408203125,3.7899999618530273,7.429999828338623,203,840.2999877929688,77.6073342,13.0288951
1766294500150120700,463.68012060546874,1.9965763092041016,0.8755364418029785,2.615743398666382,3.7899999618530273,7.079999923706055,201,840.2999877929688,77.607308,13.0288376
1766294501150120400,464.68012036132814,2.014585494995117,0.8255602717399597,2.6257433891296387,3.7899999618530273,6.380000114440918,204,840.2999877929688,77.6072854,13.0287853
1766294502150120400,465.68012036132814,2.0523314476013184,0.8832132816314697,2.6357433795928955,3.7899999618530273,5.599999904632568,204,840.2999877929688,77.607262,13.0287416
1766294503150120400,466.68012036132814,2.0852999687194824,0.8369570374488831,2.6457433700561523,3.7899999618530273,5.610000133514404,204,840.2999877929688,77.6072383,13.0286972
1766294504150120700,467.68012060546874,2.043025016784668,0.7970626950263977,2.655743360519409,3.7899999618530273,5.619999885559082,203,840.2999877929688,77.6072171,13.0286502
1766294505150121000,468.68012084960935,2.0931644439697266,0.8370479941368103,2.665743350982666,3.7899999618530273,4.300000190734863,203,840.2999877929688,77.6071995,13.0286166
1766294506150121000,469.68012084960935,2.1651699542999268,0.928182065486908,2.675743341445923,3.7899999618530273,3.2799999713897705,201,840.2999877929688,77.6071847,13.0285927
1766294507150120700,470.68012060546874,2.2684571743011475,0.9598178863525391,2.6857433319091797,3.7899999618530273,2.490000009536743,211,840.2999877929688,77.6071756,13.0285746
1766294508150120700,471.68012060546874,5.214357376098633,0.9191612601280212,2.5314249992370605,3.7899999618530273,1.600000023841858,214,842.2000122070312,77.607168,13.0285645
1766294509150120400,472.68012036132814,2.4779844284057617,0.8506697416305542,2.5414249897003174,3.7899999618530273,2.450000047683716,202,842.2000122070312,77.6071618,13.0285413
1766294510150120400,473.68012036132814,2.5016582012176514,0.8115711808204651,2.551424980163574,3.7899999618530273,4.230000019073486,201,842.2000122070312,77.6071479,13.0285068
1766294511150120400,474.68012036132814,2.588249921798706,1.006829023361206,2.561424970626831,3.7899999618530273,5.179999828338623,205,842.2000122070312,77.6071256,13.0284648
1766294512150120700,475.68012060546874,2.6330199241638184,1.0511656999588013,2.571424961090088,3.7899999618530273,6.510000228881836,197,842.2000122070312,77.6071042,13.0284082
1766294513150121000,476.68012084960935,2.619013547897339,0.8987565040588379,2.581425189971924,3.7899999618530273,7.139999866485596,193,842.2000122070312,77.607082,13.0283454
1766294514150120400,477.68012036132814,2.6718523502349854,0.9161067008972168,2.5914251804351807,3.7899999618530273,6.460000038146973,196,842.2000122070312,77.6070616,13.0282931
1766294515150120400,478.68012036132814,2.7964956760406494,1.0493545532226562,2.6014251708984375,3.7899999618530273,4.730000019073486,206,842.2000122070312,77.6070481,13.0282494
1766294516150120200,479.6801201171875,2.841928005218506,0.866365909576416,2.6114251613616943,3.7899999618530273,4.679999828338623,205,842.2000122070312,77.6070296,13.0282008
1766294517150120400,480.68012036132814,2.855384349822998,0.8788045048713684,2.621425151824951,3.7899999618530273,6.050000190734863,205,842.2000122070312,77.607009,13.0281513
1766294518150120400,481.68012036132814,2.7662770748138428,0.8679795265197754,2.631425142288208,3.7899999618530273,6.550000190734863,201,842.2000122070312,77.6069833,13.0280989
1766294519150120400,482.68012036132814,9.041566848754883,0.9456083178520203,1.0286911725997925,3.7899999618530273,6.769999980926514,203,843.2999877929688,77.6069574,13.0280421
1766294520150120700,483.68012060546874,2.70225191116333,0.8692423701286316,1.0386911630630493,3.7899999618530273,7.210000038146973,200,843.2999877929688,77.6069338,13.0279815
1766294521150120400,484.68012036132814,2.625471830368042,0.8516977429389954,1.0486911535263062,3.7899999618530273,7.269999980926514,202,843.2999877929688,77.6069066,13.0279224
1766294522150120700,485.68012060546874,2.595010995864868,0.7889021039009094,1.0586912631988525,3.7899999618530273,6.179999828338623,202,843.2999877929688,77.6068861,13.0278686
1766294523150120400,486.68012036132814,2.7407407760620117,0.9304728507995605,1.0686912536621094,3.7899999618530273,2.940000057220459,209,843.2999877929688,77.6068761,13.0278422
1766294524150121000,487.68012084960935,2.8478105068206787,0.9741426706314087,1.0786912441253662,3.7899999618530273,1.2699999809265137,230,843.2999877929688,77.6068683,13.027837
1766294525150120700,488.68012060546874,2.018404722213745,0.08810944855213165,1.088691234588623,3.7899999618530273,2.809999942779541,204,843.2999877929688,77.6068567,13.0278197
1766294526150120700,489.68012060546874,12.649099349975586,0.840642511844635,1.0286811590194702,3.7899999618530273,4.289999961853027,205,843.7999877929688,77.6068391,13.0277881
1766294527150120700,490.68012060546874,11.312317848205566,0.9832561016082764,1.038681149482727,3.7899999618530273,5.619999885559082,199,843.7999877929688,77.6068185,13.0277384
1766294528150120700,491.68012060546874,1.0330662727355957,0.0847262516617775,1.0486812591552734,3.7899999618530273,5.269999980926514,198,843.7999877929688,77.6068043,13.0276911
1766294529150120700,492.68012060546874,4.071908473968506,0.19135405123233795,1.0586812496185303,3.7899999618530273,3.0299999713897705,205,843.7999877929688,77.6067892,13.0276617
1766294530150120700,493.68012060546874,14.738387107849121,0.1658160239458084,1.068681240081787,3.7899999618530273,0.3499999940395355,202,843.7999877929688,77.6067837,13.0276543
1766294531150120700,494.68012060546874,4.140084743499756,0.14772765338420868,1.078681230545044,3.7899999618530273,2.299999952316284,200,843.7999877929688,77.6067769,13.0276327
1766294532150120700,495.68012060546874,2.2495405673980713,0.17363359034061432,1.0886812210083008,3.7899999618530273,4.96999979019165,209,843.7999877929688,77.6067581,13.0275966
1766294533150120700,496.68012060546874,11.433621406555176,0.982610285282135,1.0986812114715576,3.7899999618530273,5.559999942779541,208,843.7999877929688,77.6067334,13.0275531
1766294534150120700,497.68012060546874,0.49431630969047546,0.05724893882870674,1.1086812019348145,3.7899999618530273,7.429999828338623,202,843.7999877929688,77.6067057,13.0274957
1766294535150120700,498.68012060546874,6.5983662605285645,0.917071521282196,1.1186811923980713,3.7899999618530273,7.78000020980835,197,843.7999877929688,77.6066824,13.0274302
1766294536150120700,499.68012060546874,0.6703729033470154,0.9355998635292053,1.1286811828613281,3.7899999618530273,8.170000076293945,200,843.7999877929688,77.606658,13.0273599
1766294537150120400,500.68012036132814,1.1611943244934082,0.8391371965408325,1.138681173324585,3.7899999618530273,8.170000076293945,202,843.7999877929688,77.6066269,13.0272921
1766294538150120400,501.68012036132814,1.6173317432403564,0.7646800875663757,1.1486811637878418,3.7899999618530273,8.40999984741211,205,843.7999877929688,77.6065948,13.0272229
1766294539150120400,502.68012036132814,1.9361733198165894,0.8339298963546753,1.1586811542510986,3.7899999618530273,7.650000095367432,203,843.7999877929688,77.6065652,13.02716
1766294540150120700,503.68012060546874,2.338945150375366,0.8067032098770142,1.168681263923645,3.7899999618530273,5.960000038146973,202,843.7999877929688,77.6065434,13.0271131
1766294541150120400,504.68012036132814,2.773885726928711,0.9638554453849792,1.1786812543869019,3.7899999618530273,4.300000190734863,206,843.7999877929688,77.6065249,13.0270781
1766294542150120400,505.68012036132814,3.2084054946899414,0.9875850081443787,1.1886812448501587,3.7899999618530273,3.359999895095825,215,843.7999877929688,77.6065087,13.0270523
1766294543150120400,506.68012036132814,3.6299996376037598,0.9542387127876282,1.1986812353134155,3.7899999618530273,3.759999990463257,206,843.7999877929688,77.6064867,13.0270244
1766294544150120400,507.68012036132814,2.041952610015869,0.17316828668117523,1.2086812257766724,3.7899999618530273,5.460000038146973,193,843.7999877929688,77.6064744,13.0269811
1766294545150120700,508.68012060546874,8.469375610351562,0.9776674509048462,2.7213828563690186,3.7899999618530273,6.090000152587891,195,845.2999877929688,77.6064596,13.0269295
1766294546150120700,509.68012060546874,3.2449188232421875,0.2906043231487274,2.7313828468322754,3.7899999618530273,5.769999980926514,203,845.2999877929688,77.6064394,13.026881
1766294547150120400,510.68012036132814,7.005998134613037,0.4577522873878479,2.7413828372955322,3.7899999618530273,4.21999979019165,210,845.2999877929688,77.6064211,13.0268435
1766294548150120700,511.68012060546874,5.366546630859375,0.2749512195587158,2.751382827758789,3.7899999618530273,3.309999942779541,207,845.2999877929688,77.6064068,13.0268124
1766294549150120700,512.6801206054688,1.5707162618637085,0.14653468132019043,2.761382818222046,3.7899999618530273,6,207,845.2999877929688,77.6063865,13.0267651
1766294550150120700,513.6801206054688,7.602265357971191,0.9778779149055481,2.7713828086853027,3.7899999618530273,6.829999923706055,203,845.2999877929688,77.6063598,13.0267071
1766294551150120700,514.6801206054688,0.8418473601341248,0.10181909054517746,2.7813827991485596,3.7899999618530273,7.769999980926514,209,845.2999877929688,77.6063294,13.026645
1766294552150120400,515.6801203613281,0.6248829364776611,0.07923982292413712,1.0382112264633179,3.7899999618530273,8.140000343322754,214,845.8999633789062,77.606289,13.026586
1766294553150120700,516.6801206054688,3.764129638671875,0.4733763635158539,1.0482112169265747,3.7899999618530273,8.119999885559082,211,845.8999633789062,77.6062511,13.0265241
1766294554150120400,517.6801203613281,8.16664981842041,0.9362868666648865,1.0582112073898315,3.7899999618530273,7.420000076293945,204,845.8999633789062,77.6062253,13.0264611
1766294555150120700,518.6801206054688,9.141575813293457,1.1242512464523315,1.0682111978530884,3.7899999618530273,7.960000038146973,208,845.8999633789062,77.6061886,13.0263984
1766294556150120700,519.6801206054688,4.879265785217285,0.9124360680580139,1.0782111883163452,3.7899999618530273,8.449999809265137,205,845.8999633789062,77.6061549,13.0263267
1766294557150120700,520.6801206054688,4.952593803405762,0.9191560745239258,1.088211178779602,3.7899999618530273,8.539999961853027,205,845.8999633789062,77.6061212,13.0262555
1766294558150120700,521.6801206054688,4.904967784881592,0.9257217049598694,1.0982111692428589,3.7899999618530273,8.710000038146973,211,845.8999633789062,77.6060834,13.0261848
1766294559150120200,522.6801201171875,5.729033946990967,1.1543875932693481,1.1082111597061157,3.7899999618530273,8.390000343322754,206,845.8999633789062,77.6060475,13.0261141
1766294560150120400,523.6801203613281,5.9817328453063965,0.94996178150177,1.1182111501693726,3.7899999618530273,7.019999980926514,209,845.8999633789062,77.6060196,13.0260626
1766294561150120700,524.6801206054688,5.606604099273682,0.884398877620697,1.128211259841919,3.7899999618530273,6.710000038146973,206,845.8999633789062,77.6059929,13.0260095
1766294562150120400,525.6801203613281,4.682394981384277,0.8900030255317688,1.1382112503051758,3.7899999618530273,8.010000228881836,207,845.8999633789062,77.6059664,13.0259374
1766294563150120700,526.6801206054688,3.2164182662963867,0.8303404450416565,1.1482112407684326,3.7899999618530273,9.130000114440918,205,845.8999633789062,77.6059388,13.025858
1766294564150120700,527.6801206054688,2.68955397605896,0.8384422659873962,1.1582112312316895,3.7899999618530273,9.5,207,845.8999633789062,77.6058973,13.0257802
1766294565150120700,528.6801206054688,2.5699801445007324,0.857228696346283,1.1682112216949463,3.7899999618530273,9.039999961853027,205,845.8999633789062,77.6058605,13.025707
1766294566150120700,529.6801206054688,2.5450899600982666,0.835000216960907,1.1782112121582031,3.7899999618530273,8.180000305175781,204,845.8999633789062,77.6058275,13.0256417
1766294567150120400,530.6801203613281,2.6889214515686035,0.8149713277816772,1.18821120262146,3.7899999618530273,8.359999656677246,209,845.8999633789062,77.6057904,13.0255754
1766294568150120400,531.6801203613281,2.5551626682281494,0.8604410886764526,1.1982111930847168,3.7899999618530273,8.539999961853027,206,845.8999633789062,77.6057571,13.0255047
1766294569150120400,532.6801203613281,2.5443620681762695,0.8378022909164429,1.2082111835479736,3.7899999618530273,7.269999980926514,202,845.8999633789062,77.6057297,13.025446
1766294570150120700,533.6801206054688,2.7859575748443604,0.8559406399726868,1.2182111740112305,3.7899999618530273,6.46999979019165,207,845.8999633789062,77.6057036,13.0253957
1766294571150120700,534.6801206054688,3.0337584018707275,1.2492704391479492,1.2282111644744873,3.7899999618530273,6.480000019073486,205,845.8999633789062,77.6056775,13.0253443
1766294572150120700,535.6801206054688,3.0790085792541504,1.1475114822387695,1.0188511610031128,3.7899999618530273,7.099999904632568,206,844.5,77.6056435,13.025296
1766294573150120700,536.6801206054688,2.9185450077056885,0.8954338431358337,1.0288511514663696,3.7899999618530273,8.920000076293945,209,844.5,77.6055996,13.0252134
1766294574150120700,537.6801206054688,2.646664619445801,0.895865261554718,1.038851261138916,3.7899999618530273,9.510000228881836,210,844.5,77.6055519,13.0251278
1766294575150120400,538.6801203613281,2.2569727897644043,0.8348954916000366,1.0488512516021729,3.7899999618530273,9.600000381469727,209,844.5,77.6055103,13.0250488
1766294576150120700,539.6801206054688,2.218740463256836,0.8516130447387695,1.0588512420654297,3.7899999618530273,9.279999732971191,211,844.5,77.6054647,13.0249768
1766294577150120700,540.6801206054688,2.107621669769287,0.8382390737533569,1.0688512325286865,3.7899999618530273,8.720000267028809,213,844.5,77.6054214,13.0249114
1766294578150120400,541.6801203613281,2.1418564319610596,0.9380713105201721,1.0788512229919434,3.7899999618530273,8.149999618530273,215,844.5,77.6053791,13.02485
1766294579150120700,542.6801206054688,2.2641685009002686,0.9877881407737732,1.0888512134552002,3.7899999618530273,6.989999771118164,204,844.5,77.6053522,13.0247949
1766294580150121000,543.6801208496094,2.378265142440796,1.0593427419662476,1.098851203918457,3.7899999618530273,6.929999828338623,213,844.5,77.6053203,13.0247439
1766294581150120700,544.6801206054688,2.3881568908691406,0.8977989554405212,1.1088511943817139,3.7899999618530273,7.199999809265137,211,844.5,77.6052886,13.024685
1766294582150120700,545.6801206054688,2.3005783557891846,0.871545672416687,1.1188511848449707,3.7899999618530273,7.269999980926514,213,844.5,77.6052534,13.0246316
1766294583150120700,546.6801206054688,2.1694459915161133,0.7883477807044983,1.1288511753082275,3.7899999618530273,7.900000095367432,213,844.5,77.6052116,13.0245732
1766294584150120400,547.6801203613281,1.8864387273788452,0.7841908931732178,1.1388511657714844,3.7899999618530273,8.289999961853027,213,844.5,77.6051693,13.024504
1766294585150120700,548.6801206054688,1.708654522895813,0.7720071077346802,1.1488511562347412,3.7899999618530273,7.760000228881836,212,844.5,77.6051317,13.0244453
1766294586150120700,549.6801206054688,1.7372803688049316,0.9469383955001831,1.1588512659072876,3.7899999618530273,7.71999979019165,210,844.5,77.6050932,13.0243802
1766294587150120400,550.6801203613281,1.798160433769226,1.0386569499969482,1.1688512563705444,3.7899999618530273,7.880000114440918,215,844.5,77.6050538,13.0243204
1766294588150120700,551.6801206054688,1.8738853931427002,0.9255275130271912,1.1788512468338013,3.7899999618530273,8.329999923706055,218,844.5,77.6050022,13.0242492
1766294589150121000,552.6801208496094,1.9249264001846313,0.8817415237426758,1.188851237297058,3.7899999618530273,7.630000114440918,214,844.5,77.6049598,13.0242018
1766294590150120700,553.6801206054688,1.9189820289611816,0.8307852745056152,1.198851227760315,3.7899999618530273,7.420000076293945,211,844.5,77.6049244,13.0241455
1766294591150120700,554.6801206054688,2.0229413509368896,0.8965322971343994,1.2088512182235718,3.7899999618530273,7.21999979019165,212,844.5,77.6048895,13.0240896
1766294592150120700,555.6801206054688,2.105638265609741,1.0665228366851807,1.2188512086868286,3.7899999618530273,7,211,844.5,77.6048569,13.0240368
1766294593150120700,556.6801206054688,2.1027681827545166,1.1183369159698486,2.251535415649414,3.7899999618530273,6.570000171661377,212,842.7000122070312,77.6048192,13.0239932
1766294594150120400,557.6801203613281,2.1644680500030518,1.1136739253997803,2.261535406112671,3.7909998893737793,6.239999771118164,213,842.7000122070312,77.6047908,13.0239462
1766294595150120700,558.6801206054688,2.2287209033966064,1.2701101303100586,2.2715353965759277,3.871999979019165,6.489999771118164,213,842.7000122070312,77.6047574,13.0238944
1766294596150120400,559.6801203613281,2.099745273590088,0.8157981038093567,2.2815353870391846,3.871999979019165,8.09000015258789,211,842.7000122070312,77.6047097,13.0238231
1766294597150120700,560.6801206054688,1.904176950454712,0.8401408791542053,2.2915353775024414,3.871999979019165,8.84000015258789,210,842.7000122070312,77.6046715,13.0237574
1766294598150120700,561.6801206054688,1.6742126941680908,0.7862628102302551,2.3015353679656982,3.8889999389648438,9.029999732971191,212,842.7000122070312,77.6046344,13.0236888
1766294599150120700,562.6801206054688,1.5738197565078735,0.7703979015350342,2.311535358428955,3.88700008392334,8.979999542236328,212,842.7000122070312,77.6045937,13.0236197
1766294600150120700,563.6801206054688,1.4495476484298706,0.7839034795761108,2.321535587310791,3.7899999618530273,9.180000305175781,212,842.7000122070312,77.6045431,13.0235489
1766294601150120400,564.6801203613281,1.5250470638275146,1.1403733491897583,2.331535577774048,3.7899999618530273,9.09000015258789,214,842.7000122070312,77.6045005,13.0234795
1766294602150120700,565.6801206054688,1.4610682725906372,0.7836599946022034,2.3415355682373047,3.7899999618530273,8.460000038146973,214,842.7000122070312,77.6044578,13.0234215
1766294603150120400,566.6801203613281,1.4607713222503662,0.8300098180770874,2.3515355587005615,3.7899999618530273,8.109999656677246,212,842.7000122070312,77.6044187,13.0233609
1766294604150121000,567.6801208496094,1.5464434623718262,0.9589596390724182,2.3615355491638184,3.7899999618530273,5.46999979019165,218,842.7000122070312,77.6043912,13.0233233
1766294605150120700,568.6801206054688,1.6314868927001953,1.4466094970703125,2.371535539627075,3.7899999618530273,4.989999771118164,205,842.7000122070312,77.6043662,13.0232879
1766294606150121000,569.6801208496094,1.7154574394226074,1.1088457107543945,2.381535530090332,3.7899999618530273,3.940000057220459,209,842.7000122070312,77.604351,13.0232599
1766294607150120700,570.6801206054688,1.797993540763855,1.0292236804962158,2.391535520553589,3.7899999618530273,5.199999809265137,216,842.7000122070312,77.6043224,13.0232208
1766294608150120700,571.6801206054688,1.836371660232544,0.9033691883087158,2.4015355110168457,3.7899999618530273,6.880000114440918,218,842.7000122070312,77.6042772,13.0231693
1766294609150120400,572.6801203613281,7.540694713592529,0.9460878372192383,1.0285911560058594,3.7899999618530273,8.119999885559082,218,842.0999755859375,77.6042304,13.0231105
1766294610150120700,573.6801206054688,1.7454588413238525,0.8720348477363586,1.0385912656784058,3.7899999618530273,8.5,216,842.0999755859375,77.6041809,13.0230492
1766294611150120700,574.6801206054688,1.7527012825012207,0.824790358543396,1.0485912561416626,3.7899999618530273,8.699999809265137,215,842.0999755859375,77.6041304,13.0229937
1766294612150120400,575.6801203613281,1.628427505493164,0.8609327673912048,1.0585912466049194,3.7899999618530273,8.3100004196167,215,842.0999755859375,77.6040875,13.0229328
1766294613150120700,576.6801206054688,1.6461215019226074,0.8119078278541565,1.0685912370681763,3.7899999618530273,7.949999809265137,214,842.0999755859375,77.6040445,13.0228742
1766294614150120700,577.6801206054688,1.6292150020599365,0.8231366276741028,1.078591227531433,3.7899999618530273,8.079999923706055,215,842.0999755859375,77.6040034,13.022814
1766294615150121000,578.6801208496094,1.7168623208999634,0.9589516520500183,1.08859121799469,3.7899999618530273,8.039999961853027,213,842.0999755859375,77.6039621,13.0227535
1766294616150120400,579.6801203613281,1.6560977697372437,0.8455331921577454,1.0985912084579468,3.7899999618530273,6.949999809265137,215,842.0999755859375,77.6039259,13.0227054
1766294617150120400,580.6801203613281,1.7170919179916382,0.8545504212379456,1.1085911989212036,3.7899999618530273,5.059999942779541,215,842.0999755859375,77.6038979,13.0226719
1766294618150120700,581.6801206054688,1.8057199716567993,0.9666101336479187,1.1185911893844604,3.7899999618530273,2.740000009536743,212,842.0999755859375,77.6038824,13.0226604
1766294619150120700,582.6801206054688,1.8933943510055542,0.9139299988746643,1.058631181716919,3.7899999618530273,1.940000057220459,211,841.7999877929688,77.6038745,13.0226463
1766294620150120400,583.6801203613281,1.9695360660552979,0.972748875617981,1.0686311721801758,3.7899999618530273,2.9700000286102295,210,841.7999877929688,77.6038593,13.0226123
1766294621150120400,584.6801203613281,2.0338404178619385,0.8862636089324951,1.0786311626434326,3.7899999618530273,5.110000133514404,204,841.7999877929688,77.6038347,13.0225656
1766294622150121000,585.6801208496094,2.1148393154144287,0.9638941884040833,1.0886311531066895,3.7899999618530273,5.739999771118164,212,841.7999877929688,77.6038112,13.0225164
1766294623150120400,586.6801203613281,2.185042381286621,0.9649827480316162,1.0986312627792358,3.7899999618530273,5.46999979019165,216,841.7999877929688,77.6037766,13.0224763
1766294624150120400,587.6801203613281,2.2633302211761475,1.0147188901901245,1.1086312532424927,3.7899999618530273,6.110000133514404,204,841.7999877929688,77.6037548,13.0224282
1766294625150120200,588.6801201171875,2.328200340270996,0.9774393439292908,1.1186312437057495,3.7899999618530273,6.889999866485596,210,841.7999877929688,77.603723,13.0223695
1766294626150120400,589.6801203613281,2.3670506477355957,0.94661545753479,1.1286312341690063,3.7899999618530273,7.349999904632568,214,841.7999877929688,77.6036881,13.0223147
1766294627150120700,590.6801206054688,2.3786184787750244,0.892422080039978,1.1386312246322632,3.7899999618530273,7.699999809265137,212,841.7999877929688,77.6036465,13.0222593
1766294628150120700,591.6801206054688,2.4481706619262695,1.0006062984466553,1.14863121509552,3.7899999618530273,8.3100004196167,215,841.7999877929688,77.6035996,13.0221966
1766294629150120400,592.6801203613281,2.400223731994629,0.8286581039428711,1.1586312055587769,3.7899999618530273,8.520000457763672,215,841.7999877929688,77.6035538,13.0221351
1766294630150120400,593.6801203613281,2.481926679611206,1.251241683959961,1.1686311960220337,3.7899999618530273,8.390000343322754,215,841.7999877929688,77.6035047,13.0220772
1766294631150120200,594.6801201171875,2.4639992713928223,0.9665507078170776,1.1786311864852905,3.7899999618530273,7.840000152587891,212,841.7999877929688,77.6034661,13.0220201
1766294632150121000,595.6801208496094,2.471086263656616,0.9750238060951233,1.1886311769485474,3.7899999618530273,7.570000171661377,217,841.7999877929688,77.603424,13.021957
1766294633150120700,596.6801206054688,2.4979419708251953,0.8814972639083862,1.1986311674118042,3.7899999618530273,6.900000095367432,207,841.7999877929688,77.6033931,13.021908
1766294634150120700,597.6801206054688,2.540943145751953,0.9098528623580933,1.208631157875061,3.7899999618530273,5.820000171661377,204,841.7999877929688,77.6033655,13.0218587
1766294635150120400,598.6801203613281,2.6400413513183594,0.8985967040061951,1.2186311483383179,3.7899999618530273,4.329999923706055,210,841.7999877929688,77.6033426,13.0218262
1766294636150120700,599.6801206054688,2.751016855239868,1.02565598487854,1.2286312580108643,3.7899999618530273,2.369999885559082,221,841.7999877929688,77.6033323,13.021807
1766294637150120400,600.6801203613281,2.858048915863037,0.9878308773040771,1.238631248474121,3.7899999618530273,0.9300000071525574,219,841.7999877929688,77.6033277,13.0217987
1766294638150120200,601.6801201171875,2.9682159423828125,0.9827815890312195,1.01845121383667,3.7899999618530273,0.2199999988079071,225,840.2999877929688,77.6033302,13.0217967
1766294639150120700,602.6801206054688,0,0.06978262960910797,1.0284512042999268,3.7899999618530273,0,0,840.2999877929688,77.6033384,13.021794
1766294640150121000,603.6801208496094,5.700062274932861,0.9184419512748718,1.0384511947631836,3.7899999618530273,0.9100000262260437,243,840.2999877929688,77.6033311,13.021789
1766294641150120700,604.6801206054688,1.3351389169692993,0.052056483924388885,1.0484511852264404,3.7899999618530273,2.5,254,840.2999877929688,77.6033122,13.0217837
1766294642150120700,605.6801206054688,2.5839943885803223,0.18814465403556824,1.0584511756896973,3.7899999618530273,4.690000057220459,259,840.2999877929688,77.6032784,13.0217732
1766294643150120400,606.6801203613281,2.082014560699463,0.19968833029270172,1.068451166152954,3.7899999618530273,6.170000076293945,276,840.2999877929688,77.6032289,13.021773
1766294644150120400,607.6801203613281,8.098407745361328,0.9704450368881226,1.078451156616211,3.7899999618530273,6.369999885559082,288,840.2999877929688,77.6031751,13.0217892
1766294645150120200,608.6801201171875,6.909523963928223,0.878866970539093,1.0582668781280518,3.7899999618530273,7.650000095367432,290,840.2999877929688,77.6031129,13.0218157
1766294646150120700,609.6801206054688,2.2313432693481445,0.2982773780822754,1.0682668685913086,3.7899999618530273,8.609999656677246,290,840.2999877929688,77.603042,13.0218425
1766294647150120400,610.6801203613281,2.1361100673675537,0.30418917536735535,1.0782668590545654,3.7899999618530273,9.170000076293945,293,840.2999877929688,77.6029678,13.0218773
1766294648150120400,611.6801203613281,5.237676620483398,0.9179791808128357,1.0882668495178223,3.7899999618530273,9.239999771118164,292,840.2999877929688,77.6028898,13.0219087
1766294649150120400,612.6801203613281,1.329686164855957,0.7683263421058655,1.0982669591903687,3.7899999618530273,9.279999732971191,293,840.2999877929688,77.6028111,13.0219409
1766294650150120200,613.6801201171875,1.9293177127838135,0.806618332862854,1.1082669496536255,3.7899999618530273,8.989999771118164,294,840.2999877929688,77.6027362,13.0219762
1766294651150120400,614.6801203613281,2.437157392501831,0.8050544261932373,1.1182669401168823,3.7899999618530273,8.739999771118164,295,840.2999877929688,77.6026648,13.0220068
1766294652150120400,615.6801203613281,2.988278388977051,0.9174559116363525,1.1282669305801392,3.7899999618530273,8.449999809265137,295,840.2999877929688,77.6025948,13.0220388
1766294653150120400,616.6801203613281,3.5700173377990723,1.056588888168335,1.138266921043396,3.7899999618530273,8.140000343322754,293,840.2999877929688,77.6025262,13.0220679
1766294654150120400,617.6801203613281,4.115939617156982,1.3402831554412842,1.1482669115066528,3.7899999618530273,7.800000190734863,296,840.2999877929688,77.6024635,13.0220962
1766294655150120400,618.6801203613281,4.432249546051025,1.202735185623169,1.1582669019699097,3.803999900817871,7.949999809265137,295,840.2999877929688,77.602394,13.0221216
1766294656150120400,619.6801203613281,4.747157096862793,1.0748571157455444,1.1682668924331665,3.8580000400543213,7.239999771118164,296,840.2999877929688,77.6023403,13.0221541
1766294657150120700,620.6801206054688,5.0775909423828125,1.2090141773223877,1.1782668828964233,3.9679999351501465,6.349999904632568,300,840.2999877929688,77.6023089,13.0221756
1766294658150120200,621.6801201171875,5.443970680236816,1.0720475912094116,1.1882668733596802,4.056000232696533,5.460000038146973,303,840.2999877929688,77.6022787,13.0221996
1766294659150120400,622.6801203613281,5.940669536590576,1.3968899250030518,1.198266863822937,4.289999961853027,5.449999809265137,304,840.2999877929688,77.6022353,13.0222247
1766294660150121000,623.6801208496094,6.433225154876709,1.6101208925247192,1.2082668542861938,4.835000038146973,5.46999979019165,307,840.2999877929688,77.602193,13.0222548
1766294661150120700,624.6801206054688,6.936241149902344,1.7691055536270142,1.2182668447494507,5.438000202178955,5.239999771118164,308,840.2999877929688,77.6021561,13.0222825
1766294662150120400,625.6801203613281,7.393795967102051,1.7034282684326172,1.228266954421997,5.811999797821045,5.519999980926514,303,840.2999877929688,77.6021056,13.0223146
1766294663150120400,626.6801203613281,7.61140251159668,1.845641016960144,1.238266944885254,6.808000087738037,5.329999923706055,308,840.2999877929688,77.6020697,13.022338
1766294664150120400,627.6801203613281,7.986259460449219,1.8190521001815796,1.2482669353485107,6.973999977111816,5.309999942779541,311,840.2999877929688,77.6020266,13.022365
1766294665150120400,628.6801203613281,8.197800636291504,1.5711408853530884,5.413798809051514,7.425000190734863,5.159999847412109,313,843.7000122070312,77.6019988,13.0223973
1766294666150120400,629.6801203613281,7.979103088378906,1.1039247512817383,5.423798561096191,7.613999843597412,4.289999961853027,306,843.7000122070312,77.6019981,13.022407
1766294667150120700,630.6801206054688,6.750828266143799,1.1085426807403564,5.433798789978027,7.285999774932861,4.590000152587891,310,843.7000122070312,77.6019217,13.0224334
1766294668150120200,631.6801201171875,5.060685157775879,0.9926565289497375,5.443798542022705,6.75,4.800000190734863,292,843.7000122070312,77.6018284,13.022391
1766294669150120400,632.6801203613281,4.703779220581055,0.977000892162323,5.453798770904541,5.710999965667725,4.840000152587891,304,843.7000122070312,77.6018133,13.0224216
1766294670150121000,633.6801208496094,4.58048152923584,1.1745226383209229,5.463798522949219,4.888999938964844,5,294,843.7000122070312,77.6017813,13.0224486
1766294671150120400,634.6801203613281,4.415857315063477,0.8613236546516418,5.473798751831055,4.203999996185303,4.730000019073486,295,843.7000122070312,77.6017503,13.0224625
1766294672150120700,635.6801206054688,4.406285762786865,0.8944336175918579,5.483798503875732,3.8459999561309814,3.809999942779541,294,843.7000122070312,77.6017241,13.0224788
1766294673150120700,636.6801206054688,4.536466121673584,0.8755046129226685,1.0381711721420288,3.7899999618530273,3.299999952316284,307,836.5999755859375,77.6016995,13.0224945
1766294674150121000,637.6801208496094,4.696067810058594,0.9984636902809143,1.0481711626052856,3.7899999618530273,3.2100000381469727,301,836.5999755859375,77.6016781,13.0225117
1766294675150120700,638.6801206054688,4.750976085662842,0.9835906028747559,1.0581711530685425,3.7899999618530273,4.329999923706055,297,836.5999755859375,77.6016409,13.0225363
1766294676150120700,639.6801206054688,4.355587959289551,0.8479094505310059,1.0681712627410889,3.7899999618530273,5.150000095367432,294,836.5999755859375,77.601599,13.0225576
1766294677150120400,640.6801203613281,3.83748459815979,0.8684377670288086,1.0781712532043457,3.7899999618530273,5.610000133514404,295,836.5999755859375,77.6015533,13.0225817
1766294678150120700,641.6801206054688,3.886733293533325,0.950019359588623,1.0881712436676025,3.7899999618530273,5.269999980926514,301,836.5999755859375,77.6015114,13.022607
1766294679150120400,642.6801203613281,3.894981861114502,0.9903205633163452,1.0981712341308594,3.7899999618530273,4.920000076293945,297,836.5999755859375,77.6014733,13.02263
1766294680150120400,643.6801203613281,3.754359006881714,0.8472276926040649,1.1081712245941162,3.7899999618530273,5.179999828338623,302,836.5999755859375,77.6014246,13.0226539
1766294681150120200,644.6801201171875,3.516317129135132,0.8438127040863037,1.118171215057373,3.7899999618530273,5.820000171661377,297,836.5999755859375,77.60138,13.0226877
1766294682150120700,645.6801206054688,3.1524100303649902,0.7841181755065918,1.1281712055206299,3.7899999618530273,6.170000076293945,300,836.5999755859375,77.6013316,13.0227141
1766294683150120700,646.6801206054688,2.938974618911743,0.8533941507339478,1.1381711959838867,3.7899999618530273,5.960000038146973,297,836.5999755859375,77.6012834,13.0227393
1766294684150120700,647.6801206054688,2.7990052700042725,0.8106652498245239,1.1481711864471436,3.7899999618530273,5.420000076293945,299,836.5999755859375,77.6012423,13.022762
1766294685150120700,648.6801206054688,2.6950271129608154,0.7950868010520935,1.1581711769104004,3.7899999618530273,4.940000057220459,298,836.5999755859375,77.6012043,13.0227838
1766294686150120400,649.6801203613281,2.6957035064697266,0.8152632117271423,1.1681711673736572,3.7899999618530273,4.619999885559082,297,836.5999755859375,77.6011638,13.0228066
1766294687150120400,650.6801203613281,2.621183395385742,0.8048626780509949,1.178171157836914,3.7899999618530273,4.710000038146973,297,836.5999755859375,77.6011233,13.0228207
1766294688150120400,651.6801203613281,2.684522867202759,0.9331334233283997,1.188171148300171,3.7899999618530273,4.369999885559082,305,836.5999755859375,77.601089,13.0228403
1766294689150120400,652.6801203613281,2.7348852157592773,0.9159180521965027,1.25223970413208,3.7899999618530273,4.579999923706055,300,834.7999877929688,77.6010506,13.0228648
1766294690150120400,653.6801203613281,2.7827301025390625,0.9165520071983337,1.262239694595337,3.7899999618530273,4.789999961853027,303,834.7999877929688,77.6010139,13.0228901
1766294691150120700,654.6801206054688,2.878638744354248,0.958342969417572,1.2722396850585938,3.7899999618530273,4.179999828338623,292,834.7999877929688,77.6009813,13.0229094
1766294692150120200,655.6801201171875,2.9805850982666016,0.9740351438522339,1.2822396755218506,3.7899999618530273,2.440000057220459,313,834.7999877929688,77.6009616,13.0229201
1766294693150120700,656.6801206054688,10.706713676452637,0.921320378780365,1.2922396659851074,3.7899999618530273,2,290,834.7999877929688,77.6009469,13.0229265
1766294694150120700,657.6801206054688,1.1731314659118652,0.05125618353486061,1.3022396564483643,3.7899999618530273,2.799999952316284,259,834.7999877929688,77.6009259,13.0229239
1766294695150120200,658.6801201171875,0.7334160804748535,0.04649956524372101,1.312239646911621,3.7899999618530273,4.070000171661377,221,834.7999877929688,77.6009036,13.0229021
1766294696150120000,659.6801198730469,0.5783064961433411,0.04768778011202812,1.322239637374878,3.7899999618530273,5.289999961853027,195,834.7999877929688,77.6008955,13.0228568
1766294697150120400,660.6801203613281,0.5638912320137024,0.054163552820682526,1.3322396278381348,3.7899999618530273,6.159999847412109,191,834.7999877929688,77.6008823,13.0228079
1766294698150120400,661.6801203613281,0.5440572500228882,0.05771319195628166,1.3422396183013916,3.7899999618530273,6.809999942779541,197,834.7999877929688,77.6008658,13.0227537
1766294699150120400,662.6801203613281,1.632521390914917,0.18983283638954163,1.352239727973938,3.7899999618530273,7.480000019073486,201,834.7999877929688,77.6008419,13.0226922
1766294700150120400,663.6801203613281,2.5363550186157227,0.31219616532325745,1.3622397184371948,3.7899999618530273,7.929999828338623,201,834.7999877929688,77.6008166,13.0226272
1766294701150120400,664.6801203613281,1.3604521751403809,0.1803525984287262,1.3722397089004517,3.7899999618530273,8.520000457763672,200,834.7999877929688,77.6007915,13.0225553
1766294702150120400,665.6801203613281,0.44249314069747925,0.05721272900700569,1.3822396993637085,3.7899999618530273,8.300000190734863,200,834.7999877929688,77.6007652,13.0224871
1766294703150120400,666.6801203613281,5.94893741607666,0.9168185591697693,1.3922396898269653,3.7899999618530273,8.25,199,834.7999877929688,77.6007378,13.0224157
1766294704150120400,667.6801203613281,1.3229491710662842,0.7506103515625,1.4022396802902222,3.7899999618530273,7.960000038146973,200,834.7999877929688,77.6007142,13.0223485
1766294705150120400,668.6801203613281,1.9154143333435059,0.8200104832649231,1.412239670753479,3.7899999618530273,8,198,834.7999877929688,77.6006901,13.022281
1766294706150120400,669.6801203613281,2.372220039367676,0.8299139738082886,1.4222396612167358,3.7899999618530273,8.140000343322754,201,834.7999877929688,77.6006668,13.022212
1766294707150120400,670.6801203613281,2.4509453773498535,0.798672080039978,1.4322396516799927,3.7899999618530273,8.289999961853027,199,834.7999877929688,77.6006411,13.02214
1766294708150120400,671.6801203613281,2.2488577365875244,0.8284180760383606,1.4422396421432495,3.7899999618530273,8.649999618530273,202,834.7999877929688,77.6006143,13.0220695
1766294709150120400,672.6801203613281,2.411790132522583,0.8311379551887512,1.4522396326065063,3.7899999618530273,8.970000267028809,201,834.7999877929688,77.6005859,13.0219941
1766294710150120400,673.6801203613281,2.1903305053710938,0.8128987550735474,1.0177011489868164,3.7899999618530273,9.119999885559082,200,834.3999633789062,77.6005567,13.0219171
1766294711150120400,674.6801203613281,2.0263538360595703,0.8670458197593689,1.0277012586593628,3.7899999618530273,9.5600004196167,200,834.3999633789062,77.6005263,13.0218367
1766294712150120400,675.6801203613281,2.0303330421447754,0.8324171900749207,1.0377012491226196,3.7899999618530273,9.880000114440918,196,834.3999633789062,77.6004991,13.021753
1766294713150120400,676.6801203613281,1.8867385387420654,0.8090984225273132,1.0477012395858765,3.7899999618530273,10.170000076293945,196,834.3999633789062,77.6004714,13.0216658
1766294714150120400,677.6801203613281,1.7347373962402344,0.7695564031600952,1.0577012300491333,3.7899999618530273,10.399999618530273,197,834.3999633789062,77.600441,13.0215723
1766294715150120400,678.6801203613281,1.5764687061309814,0.7976958155632019,1.0677012205123901,3.7899999618530273,10.569999694824219,199,834.3999633789062,77.6004109,13.0214799
1766294716150121000,679.6801208496094,1.5804862976074219,0.8643248677253723,1.077701210975647,3.7899999618530273,10.729999542236328,199,834.3999633789062,77.6003792,13.021389
1766294717150120400,680.6801203613281,1.5585263967514038,0.7738657593727112,1.0877012014389038,3.7899999618530273,10.789999961853027,201,834.3999633789062,77.6003437,13.021297
1766294718150120400,681.6801203613281,1.6241884231567383,0.9217383861541748,1.0977011919021606,3.7899999618530273,10.899999618530273,205,834.3999633789062,77.6003053,13.021205
1766294719150120400,682.6801203613281,1.6485962867736816,0.8437237739562988,1.1077011823654175,3.7899999618530273,11.029999732971191,208,834.3999633789062,77.6002572,13.0211172
1766294720150120700,683.6801206054688,1.6395736932754517,0.8220435976982117,1.1177011728286743,3.7899999618530273,11.09000015258789,209,834.3999633789062,77.6002109,13.0210279
1766294721150120700,684.6801206054688,1.6697429418563843,0.8224297165870667,1.1277011632919312,3.7899999618530273,10.25,208,834.3999633789062,77.6001674,13.020944
1766294722150120700,685.6801206054688,1.633034110069275,0.8435438871383667,1.137701153755188,3.7899999618530273,9.739999771118164,206,834.3999633789062,77.6001292,13.0208684
1766294723150120400,686.6801203613281,1.6898080110549927,0.8573014736175537,1.1477012634277344,3.7899999618530273,9.890000343322754,201,834.3999633789062,77.6000943,13.0207834
1766294724150120400,687.6801203613281,1.6699131727218628,0.809151291847229,1.1577012538909912,3.7899999618530273,10.15999984741211,205,834.3999633789062,77.6000595,13.0206993
1766294725150120400,688.6801203613281,1.5716545581817627,0.8404066562652588,1.167701244354248,3.7899999618530273,10.270000457763672,205,834.3999633789062,77.6000206,13.0206155
1766294726150120400,689.6801203613281,1.5198408365249634,0.7932222485542297,1.1777012348175049,3.7899999618530273,10.420000076293945,206,834.3999633789062,77.5999805,13.0205292
1766294727150120400,690.6801203613281,1.4719237089157104,0.8303346633911133,1.1877012252807617,3.7899999618530273,10.520000457763672,206,834.3999633789062,77.5999375,13.0204418
1766294728150120200,691.6801201171875,1.4620798826217651,0.7954296469688416,1.1977012157440186,3.7899999618530273,9.850000381469727,204,834.3999633789062,77.5999025,13.0203618
1766294729150120200,692.6801201171875,1.4368282556533813,0.757045328617096,1.2077012062072754,3.7899999618530273,7.989999771118164,203,834.3999633789062,77.5998754,13.0202957
1766294730150120400,693.6801203613281,1.4436619281768799,0.7789613604545593,1.2177011966705322,3.7899999618530273,5.659999847412109,201,834.3999633789062,77.5998549,13.0202504
1766294731150120400,694.6801203613281,1.518218994140625,0.8342078924179077,1.227701187133789,3.7899999618530273,3.059999942779541,199,834.3999633789062,77.5998457,13.0202251
1766294732150120200,695.6801201171875,1.603248119354248,0.9473763704299927,1.237701177597046,3.7899999618530273,2.859999895095825,194,834.3999633789062,77.5998382,13.0202005
1766294733150120400,696.6801203613281,1.6773345470428467,0.839799702167511,1.2477011680603027,3.7899999618530273,4.829999923706055,191,834.3999633789062,77.5998275,13.020155
1766294734150120400,697.6801203613281,1.6850240230560303,0.7612495422363281,1.2577011585235596,3.7899999618530273,6.449999809265137,192,834.3999633789062,77.5998153,13.0200981
1766294735150120400,698.6801203613281,1.5936475992202759,0.8029769062995911,1.2677011489868164,3.7899999618530273,7.71999979019165,190,834.3999633789062,77.5998029,13.0200282
1766294736150120400,699.6801203613281,1.5637097358703613,0.8011651635169983,1.2777012586593628,3.7899999618530273,8.75,189,834.3999633789062,77.5997896,13.0199519
1766294737150120200,700.6801201171875,1.5236207246780396,0.8286768794059753,1.2877012491226196,3.7899999618530273,9.390000343322754,194,834.3999633789062,77.599771,13.0198668
1766294738150120400,701.6801203613281,1.5420342683792114,0.8559302687644958,1.2977012395858765,3.7899999618530273,9.899999618530273,204,834.3999633789062,77.599736,13.0197832
1766294739150120400,702.6801203613281,1.537195086479187,0.872634768486023,1.3077012300491333,3.7899999618530273,10.430000305175781,207,834.3999633789062,77.5996923,13.0196971
1766294740150120400,703.6801203613281,1.5106064081192017,0.7682300806045532,1.3177012205123901,3.7899999618530273,10.8100004196167,208,834.3999633789062,77.5996462,13.0196115
1766294741150120400,704.6801203613281,1.2941502332687378,0.8104411959648132,1.327701210975647,3.7899999618530273,11.119999885559082,208,834.3999633789062,77.5995988,13.0195227
1766294742150120400,705.6801203613281,1.2629696130752563,0.7729380130767822,1.3377012014389038,3.7899999618530273,11.3100004196167,208,834.3999633789062,77.5995494,13.0194327
1766294743150120400,706.6801203613281,1.1435881853103638,0.765056312084198,1.3477011919021606,3.7899999618530273,11.369999885559082,208,834.3999633789062,77.5994993,13.0193432
1766294744150120700,707.6801206054688,1.1127853393554688,0.8396084904670715,1.3577011823654175,3.7899999618530273,11.329999923706055,208,834.3999633789062,77.5994508,13.0192543
1766294745150120200,708.6801201171875,1.155488133430481,0.8145323991775513,1.3677011728286743,3.7899999618530273,11.449999809265137,209,834.3999633789062,77.5993979,13.0191638
1766294746150121000,709.6801208496094,1.1601461172103882,0.8313040137290955,1.3777011632919312,3.7899999618530273,11.420000076293945,208,834.3999633789062,77.5993483,13.0190723
1766294747150120400,710.6801203613281,1.1577801704406738,0.8333101272583008,1.387701153755188,3.7899999618530273,11.350000381469727,210,834.3999633789062,77.5992945,13.0189822
1766294748150120700,711.6801206054688,1.1965463161468506,0.8350862264633179,1.3977012634277344,3.7899999618530273,11.050000190734863,215,834.3999633789062,77.5992373,13.018899
1766294749150120700,712.6801206054688,1.2169605493545532,0.7898759245872498,1.4077012538909912,3.7899999618530273,10.609999656677246,220,834.3999633789062,77.599178,13.0188251
1766294750150120200,713.6801201171875,1.184833288192749,0.7882167100906372,1.417701244354248,3.7899999618530273,10.369999885559082,222,834.3999633789062,77.599115,13.0187546
1766294751150120400,714.6801203613281,1.212652325630188,0.9208337068557739,1.5231609344482422,3.7899999618530273,10.350000381469727,225,834.5,77.5990483,13.0186873
1766294752150120700,715.6801206054688,1.2790199518203735,0.8656948208808899,1.533160924911499,3.7899999618530273,10.149999618530273,228,834.5,77.5989817,13.0186235
1766294753150120700,716.6801206054688,1.3140171766281128,0.8430284261703491,1.5431609153747559,3.7899999618530273,10.020000457763672,226,834.5,77.5989152,13.0185602
1766294754150120400,717.6801203613281,1.3072571754455566,0.8141072392463684,1.5531609058380127,3.7899999618530273,9.119999885559082,225,834.5,77.5988597,13.0185012
1766294755150120700,718.6801206054688,1.3280913829803467,0.7870361804962158,1.563161015510559,3.7899999618530273,9.039999961853027,222,834.5,77.5988054,13.0184406
1766294756150120200,719.6801201171875,1.305840015411377,0.7780230641365051,1.573161005973816,3.7899999618530273,9.100000381469727,220,834.5,77.5987498,13.0183792
1766294757150120400,720.6801203613281,1.3222142457962036,0.8074898719787598,1.5831609964370728,3.7899999618530273,9.170000076293945,224,834.5,77.598693,13.0183205
1766294758150120400,721.6801203613281,1.3376446962356567,0.8272375464439392,1.5931609869003296,3.7899999618530273,9.079999923706055,224,834.5,77.5986362,13.0182613
1766294759150120400,722.6801203613281,1.414876103401184,1.0071607828140259,1.6031609773635864,3.7899999618530273,9.449999809265137,220,834.5,77.5985712,13.0181924
1766294760150120700,723.6801206054688,1.4843083620071411,1.1228424310684204,1.6131609678268433,3.7899999618530273,9.119999885559082,212,834.5,77.5985241,13.0181256
1766294761150120400,724.6801203613281,1.4933066368103027,0.8227522969245911,1.6231609582901,3.7899999618530273,9.029999732971191,204,834.5,77.598492,13.0180527
1766294762150120200,725.6801201171875,1.4741482734680176,0.8014310598373413,1.633160948753357,3.7899999618530273,9.100000381469727,201,834.5,77.598464,13.0179774
1766294763150120700,726.6801206054688,1.4735805988311768,0.7812943458557129,1.6431609392166138,3.7899999618530273,9.170000076293945,200,834.5,77.598433,13.0179008
1766294764150120400,727.6801203613281,1.442399263381958,0.7871905565261841,1.6531609296798706,3.7899999618530273,9.15999984741211,203,834.5,77.5983979,13.017825
1766294765150120400,728.6801203613281,1.38381826877594,0.8151593208312988,1.6631609201431274,3.7899999618530273,8.649999618530273,204,834.5,77.5983651,13.0177541
1766294766150120700,729.6801206054688,1.3778796195983887,0.7925975918769836,1.6731609106063843,3.7899999618530273,7.5,206,834.5,77.5983383,13.0176931
1766294767150120200,730.6801201171875,1.3966693878173828,0.8748469352722168,1.6831609010696411,3.7899999618530273,7.699999809265137,203,834.5,77.5983077,13.0176299
1766294768150121000,731.6801208496094,1.4312207698822021,0.7680329084396362,1.6931610107421875,3.7899999618530273,8.34000015258789,202,834.5,77.5982803,13.0175616
1766294769150121000,732.6801208496094,1.4747353792190552,0.8853001594543457,1.7031610012054443,3.7899999618530273,8.4399995803833,205,834.5,77.5982495,13.0174916
1766294770150120700,733.6801206054688,1.5242584943771362,0.8145248293876648,1.7131609916687012,3.7899999618530273,8.369999885559082,202,834.5,77.5982177,13.0174206
1766294771150120700,734.6801206054688,1.451185941696167,0.7509588003158569,1.723160982131958,3.7899999618530273,8.600000381469727,203,834.5,77.5981812,13.0173477
1766294772150120400,735.6801203613281,1.31740403175354,0.7762655019760132,1.7331609725952148,3.7899999618530273,9.050000190734863,204,834.5,77.5981474,13.0172711
1766294773150120400,736.6801203613281,1.2906962633132935,0.791264533996582,1.7431609630584717,3.7899999618530273,9.359999656677246,203,834.5,77.5981146,13.017196
1766294774150120700,737.6801206054688,1.2529850006103516,0.7979206442832947,1.7531609535217285,3.7899999618530273,9.539999961853027,202,834.5,77.5980821,13.0171168
1766294775150120400,738.6801203613281,1.262609601020813,0.766917884349823,1.7631609439849854,3.7899999618530273,9.59000015258789,204,834.5,77.5980489,13.0170358
1766294776150120200,739.6801201171875,1.1835768222808838,0.7538440227508545,1.7731609344482422,3.7899999618530273,9.399999618530273,204,834.5,77.5980132,13.0169591
1766294777150120400,740.6801203613281,1.1322898864746094,0.8369298577308655,1.783160924911499,3.7899999618530273,9.470000267028809,205,834.5,77.5979777,13.0168804
1766294778150120700,741.6801206054688,1.158989667892456,0.7733988761901855,1.7931609153747559,3.7899999618530273,9.470000267028809,205,834.5,77.5979439,13.0168007
1766294779150120000,742.6801198730469,1.1137324571609497,0.7772703766822815,1.8031609058380127,3.7899999618530273,9.430000305175781,205,834.5,77.5979083,13.0167246
1766294780150120400,743.6801203613281,1.1875697374343872,0.8883823752403259,1.813161015510559,3.7899999618530273,9.170000076293945,205,834.5,77.5978722,13.016649
1766294781150120400,744.6801203613281,1.223968267440796,0.7705860733985901,1.823161005973816,3.7899999618530273,9.029999732971191,206,834.5,77.5978348,13.0165789
1766294782150120400,745.6801203613281,1.2513420581817627,0.7659921646118164,1.8331609964370728,3.7899999618530273,8.609999656677246,205,834.5,77.5978027,13.0165084
1766294783150120400,746.6801203613281,1.2434303760528564,0.7632558941841125,1.8431609869003296,3.7899999618530273,8.029999732971191,206,834.5,77.5977693,13.0164461
1766294784150120400,747.6801203613281,1.2867692708969116,0.7939431071281433,1.8531609773635864,3.7899999618530273,7.199999809265137,205,834.5,77.5977426,13.0163891
1766294785150120400,748.6801203613281,1.3470885753631592,0.7902042865753174,1.8631609678268433,3.7899999618530273,5.840000152587891,205,834.5,77.5977167,13.0163423
1766294786150121000,749.6801208496094,1.405086874961853,0.7618663311004639,1.8731609582901,3.7899999618530273,4.769999980926514,207,834.5,77.5976941,13.0163057
1766294787150120400,750.6801203613281,1.486707091331482,0.9195104837417603,1.883160948753357,3.7899999618530273,3.5799999237060547,213,834.5,77.5976784,13.0162784
1766294788150120400,751.6801203613281,1.5786775350570679,0.944786787033081,1.8931609392166138,3.7899999618530273,3,239,834.5,77.5976591,13.0162604
1766294789150120700,752.6801206054688,1.6727453470230103,0.9345936179161072,1.9031609296798706,3.7899999618530273,3.0899999141693115,264,834.5,77.5976294,13.016253
1766294790150120700,753.6801206054688,1.7688639163970947,0.9492372870445251,1.9131609201431274,3.7899999618530273,3.6700000762939453,274,834.5,77.5975951,13.016251
1766294791150120400,754.6801203613281,1.866869568824768,0.9195253849029541,1.785232663154602,3.7899999618530273,3.4100000858306885,294,843.2000122070312,77.5975661,13.0162607
1766294792150120400,755.6801203613281,1.9697710275650024,0.8984270095825195,1.7952326536178589,3.7899999618530273,2.359999895095825,303,843.2000122070312,77.5975463,13.0162716
1766294793150121000,756.6801208496094,2.0708818435668945,0.8795821666717529,1.8052326440811157,3.7899999618530273,2.9700000286102295,293,843.2000122070312,77.5975228,13.0162826
1766294794150121000,757.6801208496094,2.1551883220672607,0.8989687561988831,1.8152326345443726,3.7899999618530273,3.8299999237060547,297,843.2000122070312,77.597492,13.0162977
1766294795150121000,758.6801208496094,2.2381885051727295,0.9396112561225891,1.8252326250076294,3.7899999618530273,4.599999904632568,296,843.2000122070312,77.5974539,13.0163178
1766294796150120200,759.6801201171875,2.267063617706299,0.8820181488990784,1.8352326154708862,3.7899999618530273,5.179999828338623,291,843.2000122070312,77.5974053,13.016345
1766294797150121000,760.6801208496094,2.335045576095581,0.8904030919075012,1.845232605934143,3.7899999618530273,4.639999866485596,297,843.2000122070312,77.5973596,13.0163561
1766294798150120700,761.6801206054688,2.417447328567505,1.021836757659912,1.8552325963974,3.7899999618530273,5.670000076293945,301,843.2000122070312,77.5973122,13.0163839
1766294799150120400,762.6801203613281,2.4764397144317627,0.8968895077705383,1.8652325868606567,3.7899999618530273,6.389999866485596,289,843.2000122070312,77.5972533,13.0164105
1766294800150120400,763.6801203613281,2.43638277053833,0.851864218711853,1.8752325773239136,3.7899999618530273,6.670000076293945,287,843.2000122070312,77.5971924,13.0164299
1766294801150120400,764.6801203613281,2.5209786891937256,0.9168400764465332,1.88523268699646,3.7899999618530273,5.050000190734863,285,843.2000122070312,77.5971442,13.016447
1766294802150120400,765.6801203613281,2.612595558166504,0.823628842830658,1.8952326774597168,3.7899999618530273,2.7200000286102295,281,843.2000122070312,77.5971238,13.0164503
1766294803150120700,766.6801206054688,2.690077304840088,0.9745036959648132,1.9052326679229736,3.7899999618530273,4.050000190734863,293,843.2000122070312,77.597087,13.0164642
1766294804150120200,767.6801201171875,2.7074155807495117,0.9177587032318115,1.9152326583862305,3.7899999618530273,5.75,293,843.2000122070312,77.597037,13.0164845
1766294805150121000,768.6801208496094,11.75042724609375,1.2129331827163696,1.0289912223815918,3.7899999618530273,6.670000076293945,294,840.5999755859375,77.5969714,13.0165119
1766294806150120400,769.6801203613281,2.8355960845947266,1.1438732147216797,1.0389912128448486,3.7899999618530273,6.699999809265137,296,840.5999755859375,77.5969122,13.0165415
1766294807150120400,770.6801203613281,2.8126375675201416,1.0460513830184937,1.0489912033081055,3.7899999618530273,6.710000038146973,294,840.5999755859375,77.5968527,13.0165629
1766294808150120700,771.6801206054688,2.9001286029815674,1.3638452291488647,1.0589911937713623,3.818000078201294,6.699999809265137,294,840.5999755859375,77.5967932,13.0165867
1766294809150120200,772.6801201171875,2.8303515911102295,0.9664732813835144,1.0689911842346191,3.818000078201294,6.550000190734863,289,840.5999755859375,77.5967346,13.0166071
1766294810150120400,773.6801203613281,2.8105640411376953,0.8913158178329468,1.078991174697876,3.818000078201294,6.639999866485596,293,840.5999755859375,77.5966807,13.0166399
1766294811150120400,774.6801203613281,2.6544480323791504,0.8511423468589783,1.0889911651611328,3.818000078201294,4.96999979019165,294,840.5999755859375,77.5966384,13.0166548
1766294812150120700,775.6801206054688,2.745968818664551,0.8569541573524475,1.0989911556243896,3.822999954223633,2.6700000762939453,291,840.5999755859375,77.5966213,13.0166633
1766294813150120400,776.6801203613281,2.8261048793792725,0.8134142756462097,1.1089911460876465,3.818000078201294,2.049999952316284,296,840.5999755859375,77.5966048,13.0166773
1766294814150120400,777.6801203613281,2.9175963401794434,1.0002168416976929,1.1189912557601929,3.7899999618530273,2.799999952316284,294,840.5999755859375,77.596582,13.0166863
1766294815150120700,778.6801206054688,3.0147342681884766,1.325748085975647,1.0287312269210815,3.7899999618530273,2.740000009536743,293,839.5999755859375,77.5965586,13.0166931
1766294816150120700,779.6801206054688,3.0971086025238037,0.9461688995361328,1.0387312173843384,3.7899999618530273,1.2799999713897705,286,839.5999755859375,77.5965491,13.0167051
1766294817150120200,780.6801201171875,3.1849329471588135,0.9179806113243103,1.0487312078475952,3.7899999618530273,1.899999976158142,294,839.5999755859375,77.5965315,13.0167149
1766294818150120400,781.6801203613281,3.2826802730560303,1.028363823890686,1.058731198310852,3.7899999618530273,2.130000114440918,293,839.5999755859375,77.5965085,13.0167247
1766294819150121000,782.6801208496094,3.3959739208221436,0.9975702166557312,1.0687311887741089,3.7899999618530273,1.3799999952316284,277,839.5999755859375,77.596488,13.0167318
1766294820150120700,783.6801206054688,3.512132167816162,0.9500849843025208,1.0787311792373657,3.7899999618530273,0.6700000166893005,264,839.5999755859375,77.5964738,13.0167352
1766294821150120700,784.6801206054688,8.583695411682129,0.922181248664856,1.0887311697006226,3.7899999618530273,1.2599999904632568,276,839.5999755859375,77.5964561,13.0167372
1766294822150120700,785.6801206054688,15.635139465332031,0.25859543681144714,1.0987311601638794,3.7899999618530273,1.059999942779541,290,839.5999755859375,77.5964413,13.01674
1766294823150120700,786.6801206054688,79.13678741455078,0.9832465052604675,1.1087311506271362,3.7899999618530273,0.27000001072883606,276,839.5999755859375,77.5964351,13.0167406
1766294824150120700,787.6801206054688,0,0.07059739530086517,1.0288511514663696,3.7899999618530273,0,0,839.7999877929688,77.5964324,13.016739
1766294825150120700,788.6801206054688,56.498470306396484,0.7629654407501221,1.038851261138916,3.7899999618530273,0.6899999976158142,275,839.7999877929688,77.5964262,13.0167398
1766294826150120700,789.6801206054688,5.265264987945557,0.17282837629318237,1.0488512516021729,3.7899999618530273,2.119999885559082,305,839.7999877929688,77.5964125,13.0167482
1766294827150120400,790.6801203613281,1.5880881547927856,0.0697731301188469,1.0588512420654297,3.7899999618530273,2.819999933242798,305,839.7999877929688,77.5963933,13.0167623
1766294828150120400,791.6801203613281,1.5158804655075073,0.0922100841999054,1.0688512325286865,3.7899999618530273,3.9100000858306885,301,839.7999877929688,77.5963654,13.0167789
1766294829150120700,792.6801206054688,1.882723093032837,0.09194035083055496,1.0788512229919434,3.7899999618530273,3.140000104904175,295,839.7999877929688,77.5963374,13.0167927
1766294830150120400,793.6801203613281,15.466132164001465,0.12948022782802582,1.0888512134552002,3.7899999618530273,0.4399999976158142,295,839.7999877929688,77.5963255,13.0167974
1766294831150120400,794.6801203613281,12.889936447143555,0.7246608138084412,1.098851203918457,3.7899999618530273,0.17000000178813934,295,839.7999877929688,77.5963229,13.0167982
1766294832150120400,795.6801203613281,0,0.0695314034819603,1.1088511943817139,3.7899999618530273,0,0,839.7999877929688,77.5963209,13.0167999
1766294833150120700,796.6801206054688,0,0.07066091895103455,1.1188511848449707,3.7899999618530273,0,0,839.7999877929688,77.5963197,13.0168012
1766294834150120400,797.6801203613281,0,0.07070315629243851,1.1288511753082275,3.7899999618530273,0,0,839.7999877929688,77.5963194,13.0168018
1766294835150120700,798.6801206054688,0,0.07070579379796982,1.1388511657714844,3.7899999618530273,0,0,839.7999877929688,77.596318,13.0168019
1766294836150121000,799.6801208496094,0,0.07074208557605743,1.0387111902236938,3.7899999618530273,0,0,839.5999755859375,77.5963166,13.0168018
