time,seconds_elapsed,altitude,speedAccuracy,bearingAccuracy,latitude,altitudeAboveMeanSeaLevel,bearing,horizontalAccuracy,verticalAccuracy,longitude,speed
1765959400999506700,-9.247493408203125,823.2208251710981,0.860886150012613,-1,12.954825041827275,909.6308288332075,-1,21.76776650746417,4.000000000000017,77.57381354465855,0
1765959410304250000,0.05725,823.2208251710981,0.860886150012613,-1,12.954825041827275,909.6308288332075,-1,21.76776650746417,4.000000000000017,77.57381354465855,0
1765959410304435000,0.05743505859375,0,6,-1,12.954823718318938,909.6822540485584,-1,34.395013999999996,5.286372404448782,77.57381647170868,0
1765959410318699800,0.07169970703125,832.9007952166045,-1,-1,12.954823257636333,919.3107988787139,-1,36.568789301176416,10.241583035050311,77.5738161641414,-1
1765959410708404000,0.461404052734375,832.9007952166045,-1,-1,12.954853912899532,919.3107988787139,-1,32.61084536921834,10.241660680631927,77.57383159316394,-1
1765959410948583700,0.701583740234375,823.8936767578125,0.03999999910593033,-1,12.954836290658939,910.3036804199219,-1,18.23956013279722,4,77.57382121638469,0
1765959411999586000,1.7525859375,824.29736328125,0.8100000023841858,-1,12.954829099032068,910.7073669433594,-1,21.72908629098264,4,77.57381780243306,0
1765959412999590700,2.752590576171875,824.3409423828125,0.7200000286102295,-1,12.954827204896123,910.7509460449219,-1,28.699637588137403,4,77.57381838524387,0
1765959413999594800,3.7525947265625,824.5126953125,0.7599999904632568,57.62037742319801,12.954811243466969,910.9226989746094,156.4453125,11.749238221201958,4,77.5738423637567,0
1765959414999597600,4.75259765625,825.6279296875,0.7900000214576721,66.43264650921344,12.954817414295817,912.0379333496094,157.5,21.767766507464174,4,77.57381983108593,0.5400000214576721
1765959415999599900,5.752599853515625,825.5498046875,0.7200000286102295,86.88730771478494,12.954814271082128,911.9598083496094,165.9375,21.767766507464174,4,77.57381957962883,0.23000000417232513
1765959416999502600,6.752502685546875,825.80859375,0.7200000286102295,85.23051555800411,12.954812678520526,912.2185974121094,200.390625,21.767766507464174,4,77.57381807088626,0.25
1765959417999497000,7.7524970703125,825.7957763671875,0.7200000286102295,85.23051555800411,12.954813223344232,912.2057800292969,200.390625,21.767766507464174,4,77.57381522103918,0
1765959418999497500,8.75249755859375,825.794189453125,0.07000000029802322,85.23051555800411,12.954814019625033,912.2041931152344,200.390625,21.767766507464174,4,77.57381396375371,0
1765959419999499800,9.752499755859375,825.508544921875,1.0099999904632568,-1,12.954813307163263,911.9185485839844,-1,21.767766507464174,4,77.57381463430596,0.27000001072883606
1765959420999500300,10.752500244140625,825.81591796875,0.8999999761581421,55.862515542173924,12.954808194202329,912.2259216308594,206.71875,21.767766507464174,4,77.5738123711921,0.8299999833106995
1765959421999505400,11.75250537109375,826.124267578125,0.75,77.47081960422267,12.954803584155584,912.5342712402344,201.09375,21.767766507464174,3,77.57381178445888,0.36000001430511475
1765959422999511300,12.75251123046875,825.913330078125,1.0099999904632568,74.26464684554864,12.954799938027705,912.3233337402344,214.453125,21.767766507464174,3,77.57381111390663,0.550000011920929
1765959423999517400,13.752517333984375,825.9133300771937,1.009999990463253,148.79772834932066,12.954795839111991,912.323333739303,214.45312435720925,21.767766507464135,3.0000000000002847,77.57380824663828,0.550000011920927
1765959424999526100,14.752526123046875,827.6838383357972,0.7200000286101763,23.81244835500304,12.954797113369565,914.0938419979066,266.4843699482048,21.7677665074634,3.0000000000056026,77.57377282160873,2.450000047683535
1765959425999534000,15.7525341796875,828.313233117573,0.7799999713896822,20.85881309332056,12.954821670439458,914.7232367796823,298.4765569978054,21.76776650746299,3.0000000000085927,77.57374575067392,3.0299999713894277
1765959426999546600,16.752546630859374,828.1313482709229,0.7400000095366688,21.038971731664464,12.954851257393791,914.5413519330323,322.0312463777188,21.767766507463122,3.0000000000076406,77.57373728871589,2.8499999046322815
1765959427999557000,17.75255712890625,828.0678717633709,0.9999999999998902,27.282312348008862,12.954885195845215,914.4778754254803,345.58593597268055,21.767766507463023,3.0000000000083316,77.57374059863439,2.970000028609903
1765959428999566000,18.752566162109375,827.4089366970584,0.7799999713896261,16.373628184882776,12.954929725949242,913.8189403591678,2.1093752935096206,21.76776650746223,3.000000000014082,77.57375257635202,3.8599998950951093
1765959429999571200,19.7525712890625,826.635987794958,0.7185619110416004,13.384821245441323,12.95497562247253,913.0459914570674,5.976563435691889,21.767766507461708,3.000000000017883,77.57376382277054,4.349999904631544
1765959430999577000,20.7525771484375,825.119874513708,0.7185619110416005,13.384821245441167,12.955037274938812,911.5298781758174,8.789063873125354,21.888257638264168,3.0000000000180864,77.57379452388643,4.349999904631545
1765959431999583700,21.752583740234375,825.0437028221786,0.7185619110415797,12.629928298246398,12.955082701688282,911.453706484288,4.570313258875746,21.89897676883306,3.000000000020338,77.57379480144988,4.610000133513186
1765959432999590000,22.75258984375,825.9670428009704,0.9800000190732066,16.57784995051086,12.955129752140332,912.3770464630798,358.59374975714866,21.767766507461182,3.000000000021687,77.57378907589808,4.78999996185166
1765959433999595300,23.75259521484375,825.9282245784998,0.9800000190731852,15.977445469366893,12.955176640766847,912.3382282406092,358.59374974802176,21.767766507460955,3.0000000000233467,77.57378920282903,4.969999790190123
1765959434999599400,24.752599365234374,825.9431171584874,1.3500000238414434,22.009746270178297,12.955222933861474,912.3531208205968,357.8906246220788,21.767766507460955,3.000000000023346,77.57378570739574,4.969999790190123
1765959435999604000,25.75260400390625,825.6809101812541,0.8700000047680968,13.987057237110971,12.955271834495836,912.0909138433635,4.921875893342229,21.767766507460866,3.000000000024008,77.57379774812286,5.039999961851437
1765959436999608800,26.75260888671875,826.422365446575,0.7185619110415213,11.048191907385615,12.95532281389061,912.8323691086844,358.9453122995977,21.767766507460554,3.00000000002625,77.57379077399968,5.269999980924693
1765959437999612000,27.75261181640625,826.8546164231375,0.7185619110415215,11.048191907385082,12.955368975522639,913.2646200852469,3.164063100937141,21.767766507460557,3.00000000002625,77.5737974496579,5.269999980924694
1765959438999614700,28.75261474609375,827.1121847834438,0.7185619110415211,11.048191907385503,12.955420875844553,913.5221884455532,358.5937497328068,21.767766507460557,3.00000000002625,77.57379248774538,5.269999980924693
1765959439999617500,29.752617431640626,827.2281514964998,0.7185619110415306,11.261889803090938,12.955465603880779,913.6381551586092,1.7578128276366423,21.76776650746069,3.000000000025264,77.57379715260765,5.170000076292227
1765959440999621400,30.752621337890623,828.3676781943068,0.7185619110414931,10.471937363382004,12.955518813464998,914.7776818564162,1.2586487786408899e-16,21.767766507460145,3.0000000000292184,77.57379049442483,5.559999942777403
1765959441999623700,31.752623779296876,828.3781762430444,0.7185619110414931,10.471937363381901,12.955568179061279,914.7881799051538,359.2968748590395,21.767766507460145,3.0000000000292197,77.57378894367486,5.559999942777402
1765959442999626800,32.75262670898437,828.3090844443068,0.7185619110414931,10.471937363381954,12.955620732972019,914.7190881064162,2.460937993224718,21.767766507460145,3.0000000000292193,77.57379478987318,5.559999942777401
1765959443999627300,33.752627197265625,822.9257864160463,1.1567151842542882,17.526201106859002,12.955698065302157,909.3357900781557,3.0792764611914705,14.245954364528224,9.531139490851931,77.57382621503548,5.347750629076278
1765959444999629000,34.752629150390625,822.6912845009938,1.2655901379369687,19.42395679872914,12.955742273776217,909.1012881631032,4.111738658925302,14.245954435795872,9.280617543582073,77.57383310412293,5.2795005851946435
1765959445999630800,35.752630859375,822.8225493747741,1.2691483197347095,19.912539876050598,12.955790513716648,909.2325530368835,0.5322642152676227,14.245954451331338,9.087776966102068,77.57383581103713,5.164432733185112
1765959446999633000,36.7526328125,822.9640458766371,1.0352107486432507,16.59346192314724,12.955830948583506,909.3740495387465,359.19413827341685,14.24595442928054,9.086441123700508,77.5738326124285,5.055057734189776
1765959447999633200,37.752633056640626,822.8990823812783,1.2655505945858612,20.892120774407328,12.955872697589422,909.3090860433877,0.14582182112526312,14.245954522886647,8.40183777503,77.57383204299525,4.908338127284125
1765959448999635000,38.752635009765626,822.7954050609842,1.26286426158496,24.332061401110007,12.95590659705261,909.2054087230936,359.4256782190948,14.245954546965532,8.156191393783308,77.57383551889168,4.205475696826706
1765959449999634700,39.752634765625,822.5277185626328,1.1548644680252198,27.355598371491155,12.955933725821925,908.9377222247422,358.3839354061996,14.245954560360774,8.334809902592328,77.57383752725805,3.420755507189015
1765959450999635200,40.75263525390625,822.2106349971145,1.2733730832305215,37.672029603760244,12.955958297398169,908.6206386592239,358.053212706335,14.245954559941401,8.14628808953372,77.57383367988041,2.738830823590858
1765959451999635700,41.7526357421875,822.0204633465037,1.2734586314921101,32.157394444482094,12.95599016461529,908.430467008613,1.852265093900532,14.245954565256117,8.26715381666962,77.57383706750299,3.2087232503611327
1765959452999636700,42.75263671875,821.830264667049,1.2703875663365012,29.018838071707222,12.956023687448495,908.2402683291584,4.69677397656409,14.245954584238051,8.688979278653235,77.57384229243337,3.5471661895571303
1765959453999636200,43.75263623046875,821.6406582966447,1.0431028256775223,22.235597286589286,12.956058473957047,908.0506619587541,0.9405323081487584,14.245954539927261,9.342640097193687,77.5738438273932,3.8009770181810243
1765959454999637200,44.75263720703125,821.5228772070259,1.1682521469452036,22.890646395107137,12.95609807600158,907.9328808691353,0.01330883476214085,14.245954535459521,9.443672932365354,77.57384142302935,4.1352607367661935
1765959455999637200,45.75263720703125,821.4895689748228,1.1930663216741677,21.51656852507214,12.95614441330418,907.8995726369321,358.30912469965847,14.245954465125525,9.255021894137121,77.57383832160426,4.4928568444602375
1765959456999637500,46.75263745117188,821.3770931297913,1.2622163938720206,23.73291022837175,12.956183031473133,907.7870967919007,357.8010593391391,14.245954397506367,8.751406182923951,77.57383797599667,4.309357246588211
1765959457999637200,47.75263720703125,821.2506202496588,1.2109282055867001,22.199456859793226,12.956223209684863,907.6606239117682,0.8287460656531469,14.245954373095218,8.433447514677807,77.57383816282126,4.419799807261059
1765959458999636200,48.75263623046875,821.038727035746,1.1535626433811963,18.374049917302102,12.95627177064105,907.4487306978554,0.5624807176575229,14.245954382027866,8.476448103130885,77.57384713250156,5.086982769445625
1765959459999636200,49.75263623046875,821.0461221551523,1.1561726698696557,17.658709773968262,12.95632674603534,907.4561258172616,0.5335438741403519,14.245954394978954,9.001629911545947,77.57385275947816,5.305116396094247
1765959460999635700,50.7526357421875,821.0691356025636,1.2693612997450519,17.801735886274248,12.956382753463657,907.479139264673,359.1394810201105,14.245954419971303,9.441243123104035,77.57385474571979,5.777732110093166
1765959461999635500,51.75263549804688,821.1593214711174,1.1559927923956026,14.275517634459241,12.956449092719383,907.5693251332268,358.2669456274547,14.245954352522801,9.920934265658099,77.57385117723277,6.56145233018127
1765959462999634700,52.752634765625,821.2814275706187,1.1617547308447045,13.227658994544285,12.956516907613516,907.6914312327281,359.62249755859375,14.245954334555966,10.205861603964243,77.5739677129794,7.116541672199216
1765959463999634700,53.752634765625,821.3021532641724,1.1976438452701297,12.738850774667831,12.956589570261794,907.7121569262818,359.62249755859375,14.24595439678148,10.139791647689593,77.5739672248219,7.61789303304554
1765959464999633000,54.7526328125,821.4325476987287,1.2771267921751286,12.549949679426113,12.956668729353597,907.8425513608381,359.62249755859375,14.245954413262632,9.977072629744388,77.5739666930205,8.2457403722029
1765959465999632400,55.75263232421875,821.6832516985014,1.1577273035724769,10.676077083114288,12.956747747581407,908.0932553606108,359.62249755859375,14.245954368195267,10.009062658964652,77.57396616216552,8.78680608144163
1765959466999630800,56.752630859375,821.996532571502,1.2743354878977518,11.220679939827873,12.9568361622812,908.4065362336114,359.62249755859375,14.245954378381843,10.06178548817373,77.57396556818797,9.202396858966475
1765959467999630300,57.75263037109375,822.007962051779,1.1654327985844244,11.102675316586868,12.956900383642571,908.4179657138884,5.38356876373291,14.245954265266672,10.307565564985472,77.57397294492999,8.505401065677898
1765959468999630300,58.75263037109375,822.6106534805149,1.2597524799802253,12.994190540595271,12.956971829060329,909.0206571426243,5.38356876373291,14.245954045763018,10.045026527527993,77.57397980981271,7.855217925500039
1765959469999628500,59.75262866210937,821.9981985865161,1.1535711199660785,12.387320072612834,12.957033082529874,908.4082022486255,5.38356876373291,14.245953943062299,9.666356068824955,77.57398569539195,7.545721889467367
1765959470999627500,60.75262744140625,821.3168727410957,1.1690576143871516,13.069268791625623,12.957085340364952,907.7268764032051,5.38356876373291,24.698523265504654,9.647248818457015,77.57399071661798,7.247929918874447
1765959471999626800,61.75262670898437,821.3303658142686,1.0484320151044526,11.61676313976915,12.957132067357081,907.740369476378,326.8065746995304,30.379165803581472,9.818511658883546,77.57398833891729,7.3128576103603935
1765959472999625200,62.752625244140624,821.2254274487495,1.1575141498659967,12.293696726318222,12.95719979948807,907.6354311108589,313.68783530612814,14.24595427178438,9.514708900483976,77.5736599066009,7.629176741170131
1765959473999718000,63.7527177734375,821.574545619078,1.1608176740401777,11.647373141763318,12.957235122904203,907.9845492811874,306.4656820921608,14.245954441961972,9.129020882679518,77.57359315491591,8.075577877895734
1765959474999623400,64.75262353515625,821.5363110462204,1.2705577211611951,12.318596823213854,12.957263821686293,907.9463147083297,297.7887167485909,14.245954631804043,8.693889464303373,77.57351612185793,8.357393769882256
1765959475999622000,65.75262182617188,821.8847205201164,1.2707664236126126,14.38252078878311,12.95727946341872,908.2947241822258,292.3295790986335,14.245954771971368,8.641372855925752,77.57345767088223,7.159187262791401
1765959476999620600,66.75262060546875,822.0153876794502,1.165946038610118,15.181567532663157,12.957257945343606,908.4253913415596,275.27020263671875,14.245954863007933,8.92708113284915,77.5734028892302,6.222846939661147
1765959477999619800,67.75261987304688,822.1304579265416,1.3072600176007083,22.78784004048828,12.957260719309929,908.5404615886509,275.27020263671875,14.24595479625497,8.690351818296662,77.5733722272921,4.648102884220421
1765959478999617500,68.75261743164063,822.1983268577605,1.1837487391259018,21.795459390937324,12.9572638535461,908.6083305198699,275.27020263671875,14.24595487924022,9.270458699372988,77.57333758312765,4.400542815153242
1765959479999617000,69.75261694335937,822.2346161492169,1.292901123416436,21.871760548005177,12.95724484250793,908.6446198113263,270.4193420410156,14.245954910068866,9.314395766744784,77.57329191502723,4.7896495562882295
1765959480999615200,70.752615234375,822.3112461660057,1.3124636388401296,19.386130986207935,12.957245247600683,908.7212498281151,270.4193420410156,14.245955012652121,9.63457937774974,77.5732354824551,5.485551296041433
1765959481999614200,71.7526142578125,822.7508224435151,1.20319586297676,18.72440560249965,12.95724557286209,909.1608261056244,270.4193420410156,14.24595512686039,10.190648688621875,77.57319017079072,5.206140913710851
1765959482999613200,72.75261328125,822.1439383113757,1.089357410348952,16.518665921223317,12.957245936001767,908.553941973485,270.4193420410156,14.24595524512867,10.622449658726357,77.57313958297514,5.343524637987251
1765959483999611400,73.752611328125,822.8353115972131,1.1665681612599945,14.671242878924579,12.957246443793862,909.2453152593225,270.4194641113281,14.245955087999691,10.27630827597623,77.57306885342868,6.442441727667286
1765959484999610400,74.7526103515625,822.9242931725457,1.2895681355213449,14.419435216316352,12.957246984970078,909.3342968346551,270.4194641113281,14.24595493681677,10.587114849969463,77.5729934841666,7.246222943451666
1765959485999608600,75.75260864257812,822.6080270530656,1.1783292371040135,13.075242266049605,12.957247498703268,909.018030715175,270.4194641113281,14.245954852852122,11.007185732170173,77.57292193712192,7.302066956471062
1765959486999606500,76.7526064453125,822.5782460225746,1.1881547833844393,14.647942834129793,12.957247911800119,908.988249684684,270.4194641113281,14.245954796167673,10.642802798864478,77.57286440546281,6.57241795211317
1765959487999605800,77.75260571289063,822.0938706314191,1.1825455640322118,14.357214257387694,12.957248378434384,908.5038742935285,270.4194641113281,14.24595468950293,10.82690239883485,77.5727994179335,6.673975466720337
1765959488999604200,78.75260424804688,821.9249167488888,1.195085271797534,14.302370316635999,12.957248801782113,908.3349204109982,270.39044189453125,14.245954814322932,11.01852315410929,77.5727402267963,6.7706205898119824
1765959489999602400,79.7526025390625,822.2909569190815,1.2762935811877107,13.895226141847846,12.95724933090048,908.7009605811909,270.39044189453125,14.24595471306817,11.208346028650856,77.57266106234268,7.442483790039794
1765959490999601000,80.75260083007812,822.3565627336502,1.2854840018320077,13.848756788860001,12.957264687513922,908.7665663957596,270.39044189453125,14.245954841964961,11.37896448529092,77.57259074986487,7.521230103794249
1765959491999600000,81.75260009765626,822.2867306983098,1.3427319179656432,14.78076964779258,12.957254633320103,908.6967343604192,270.5274963378906,14.24595465907097,10.90189235455225,77.57252146729644,7.360833955953016
1765959492999599000,82.75259912109375,822.3054119395092,1.2003913595972604,14.690899932992473,12.957240903461617,908.7154156016186,270.5274963378906,14.245954464661144,11.311728444774118,77.57246460690627,6.620734543213589
1765959493999597300,83.75259741210938,822.3020755760372,1.1940638867867979,14.276286501920847,12.957241927833477,908.7120792381465,270.5274963378906,14.245954534594372,10.834678334988443,77.572394280532,6.777108001662604
1765959494999595000,84.75259497070313,822.4382249293849,1.3228512499176523,21.639817284669444,12.95724634459318,908.8482285914943,270.5274963378906,14.245954360926385,10.482010720293685,77.57235781243475,4.953154886254644
1765959495999593200,85.75259326171874,822.7255261484534,1.1931312677760681,27.901620733695218,12.957246034421404,909.1355298105627,270.5274963378906,14.245954424130653,11.017115239430085,77.57233597343429,3.4643886562140493
1765959496999592200,86.75259228515625,821.3965557329357,1.1637086624991304,43.00315728815221,12.957248856245966,907.806559395045,270.5274963378906,14.245954514336589,11.388188570192284,77.57232573236621,2.19212108921328
1765959497999590700,87.75259057617187,821.5427926704288,1.1713965535274768,55.2935615922167,12.957249907806181,907.9527963325381,270.5274963378906,14.245954491069497,11.452202377117,77.57231368016583,1.7164630314132843
1765959498999589400,88.75258935546876,821.3430765243247,1.284628840326118,69.59297733869357,12.957256206364791,907.7530801864341,270.5274963378906,14.245954492702587,11.306962653257935,77.57230178541015,1.4955191215629842
1765959499999587800,89.752587890625,821.4636125257239,1.1701900171928696,59.47713755215954,12.957260273247742,907.8736161878332,270.5274963378906,14.245954493071874,11.474243973361466,77.5722880109717,1.5942026399252582
1765959500999586000,90.7525859375,821.0217592958361,1.2863932461215999,43.19196777358234,12.957264946805058,907.4317629579455,270.5274963378906,14.245954485589538,11.181041216397746,77.57226086225077,2.413198987238053
1765959501999583700,91.75258374023437,821.1603900184855,1.1705580882514992,29.07188741068327,12.957269019610688,907.5703936805949,270.5274963378906,14.245954466575823,11.31537872027494,77.57222621055605,3.262547076296334
1765959502999583200,92.75258325195313,820.9146571652964,1.2191180147608396,33.830035477759935,12.957273285003703,907.3246608274058,278.21359623582055,14.245954467557386,10.941518803053462,77.57220155288952,2.9199672678479267
1765959503999581200,93.75258129882812,820.8436549156904,1.202776258257202,39.33025076005181,12.95728176332673,907.2536585777998,284.73725688020977,14.245954472337731,11.096596778635078,77.57217971504635,2.4779399638263553
1765959504999579600,94.75257958984375,820.9085396472365,1.1770896273393392,50.33327488280843,12.957282231850916,907.3185433093458,276.70849581705227,14.245954512490712,11.295637528810918,77.57216515760075,1.894939594705911
1765959505999577600,95.75257763671875,820.5817373069003,1.2723846412594728,98.43539974525106,12.957280290828653,906.9917409690097,270.89077639764326,14.245954569609934,11.101713997536795,77.57216307240594,1.0473494309671505
1765959506999576800,96.75257690429687,820.6234688162804,1.2818252549739149,85.57249611729004,12.957281370205527,907.0334724783897,271.96182062428784,14.245954562828423,11.096706207214108,77.5721508072539,1.213744669772371
1765959507999574800,97.75257470703124,821.1173517294228,1.1426600286129835,99.68489595592031,12.957277119164935,907.5273553915322,262.72822005101017,14.245954576073256,11.428759643932377,77.5721453334894,0.9273776275580267
1765959508999572200,98.752572265625,820.9643660699949,1.1604294692409296,89.15242236690388,12.957287211745726,907.3743697321042,291.2591559668684,14.245954588944686,11.418404786716442,77.57213900909721,1.0542329156296824
1765959509999571500,99.75257153320312,820.9449365306646,1.1720424837562078,40.06425715288548,12.957304919196691,907.3549401927739,309.7547969883822,14.24595454045562,11.148533777607547,77.57211651654315,2.370310224299197
1765959510999570400,100.7525703125,821.1725789364427,1.171237125162086,31.12961298226115,12.957334185791504,907.5825825985521,336.35673204661373,14.245954546060844,10.713837254624016,77.57210456423519,3.048456264260359
1765959511999568400,101.752568359375,821.2123541943729,1.2216302096421563,39.25369534044594,12.95735536892846,907.6223578564823,351.43434087222334,14.245954551611712,9.97664170673259,77.5721081501762,2.5215833201230815
1765959512999567000,102.75256713867188,821.200552851893,1.3389115949183263,48.603005616707286,12.957376440768147,907.6105565140024,351.01173494329436,14.245954584287041,9.535488825077712,77.57210599963958,2.232078391916719
1765959513999565600,103.75256567382813,821.0608761245385,1.2301110102429365,23.668851539546708,12.957436737897208,907.4708797866479,345.88520817918476,14.245954673342728,9.995138086370941,77.57209581835616,4.2111822475941825
1765959514999563800,104.75256372070312,820.9279598305002,1.0728127633838385,20.738091323328085,12.957479926022119,907.3379634926096,347.74385749268924,14.245954688430476,10.276527257276623,77.57209682300974,4.1917233224089685
1765959515999561700,105.75256176757813,821.188430457376,1.160965946460753,15.725708756875903,12.957549042910523,907.5984341194853,358.06643957022067,14.245954610653122,10.007177699360046,77.57210231856158,5.981943547483656
1765959516999560400,106.752560546875,821.2166682081297,1.1754990878833855,14.742289478308045,12.957614765573378,907.6266718702391,353.64308712694464,14.245954559682907,10.128183381439571,77.57209166129415,6.460935003717554
1765959517999558400,107.75255834960937,821.4190036188811,1.281349306215756,15.83731053172747,12.95766970154637,907.8290072809905,348.6717529296875,14.245954494531214,9.717040739485332,77.57203746956039,6.555792658529352
1765959518999557400,108.75255737304687,821.6900555342436,1.3491406479499226,16.452629594349688,12.957733671337275,908.100059196353,348.6717529296875,14.245954586862686,8.821874625892914,77.5720244031876,6.6444340241937425
1765959519999557400,109.75255737304687,822.0626130308956,1.5282550295131323,19.762407873627268,12.957791116547101,908.472616693005,348.6717529296875,14.24595468084591,8.18225800151406,77.57201266951431,6.2659805528748045
1765959520999553800,110.7525537109375,822.3413796443492,1.2746192666183913,18.037509546183767,12.957835533160294,908.7513833064586,348.6717529296875,14.245954659552092,8.065857652652866,77.57200359704555,5.725766295702664
1765959521999552300,111.75255224609376,822.4098231066018,1.3311750138319565,21.246981621714006,12.957878710663454,908.8198267687112,348.6717529296875,14.245954602578433,8.15122141429523,77.5719947776738,5.07657697790786
1765959522999551200,112.75255126953125,822.8367168037221,1.0626655479377551,23.890763365886635,12.957903302388855,909.2467204658315,348.6717529296875,14.245954590195264,8.512368274270294,77.57198975460423,3.6036886811252176
1765959523999549000,113.752548828125,823.0780195500702,1.378824748094122,27.196207020266804,12.95794419701945,909.4880232121795,348.6717529296875,14.245954587004077,7.904959085805005,77.57198140152964,4.107753255071792
1765959524999548000,114.7525478515625,823.31572891213,1.2045711367273901,28.66987738140107,12.957977456126756,909.7257325742394,348.6717529296875,14.245954544994209,8.128093371416318,77.57197460807414,3.403936473369549
1765959525999545600,115.75254565429688,823.6027351990342,1.1877574778275897,36.45590229540542,12.957996681360358,910.0127388611436,348.6717529296875,14.245954570040963,8.112957225769627,77.57197068115222,2.6389936225635524
1765959526999543600,116.75254345703125,823.5392316104844,1.2578820439948915,41.862091596333606,12.958019921922759,909.9492352725938,348.6717529296875,14.245954564730363,7.982441903337141,77.57196593406837,2.4340869861387064
1765959527999542300,117.75254223632813,822.994503906928,1.2342812219830093,180,12.958017613342435,909.4045075690374,348.6717529296875,14.24595452200621,7.705926475042209,77.57196640561897,1.3210674679541679
1765959528999540700,118.75254077148438,823.0896566603333,1.3751334219416056,48.09001379285975,12.958051457253374,909.4996603224427,348.6717529296875,14.245954564500396,7.554926985820121,77.57195949271072,2.3170154935772924
1765959529999539000,119.7525390625,822.8283508261666,1.4993065698807009,60.559000724559695,12.95807202044273,909.238354488276,348.6717529296875,14.245954594305012,7.216738263558924,77.57195529250161,2.006055176269412
1765959530999536600,120.75253662109375,822.9500928902999,1.2622883665653586,24.442182801964606,12.958123704444274,909.3600965524092,348.6717529296875,14.245954568856645,7.251247253750409,77.57194473559464,4.184621149287248
1765959531999535600,121.75253564453125,822.8183373976499,1.4408085100651649,21.849705491585958,12.95820495307575,909.2283410597593,17.047067642211914,14.245954520657557,7.032659228458912,77.57198695414155,5.34315871691286
1765959532999533800,122.75253393554688,822.632091592066,1.3846313916883033,14.487960776648558,12.958297846081694,909.0420952541754,17.047067642211914,14.245954314585333,6.7489012742337575,77.57198652381291,7.743970125257977
1765959533999531300,123.75253125,822.8173667052761,1.3579542627500563,15.272453525031787,12.958361441590286,909.2273703673854,352.4119567871094,14.24595445403491,6.662511039028179,77.57192920153342,7.204680531366838
1765959534999530800,124.75253076171875,822.826717345044,1.2966554984608494,14.920236126470924,12.958422756414906,909.2367210071534,352.4119567871094,14.245954566135598,6.682756613280402,77.57192087333527,7.041952859604403
1765959535999529700,125.75252978515626,823.0436197239906,1.4579211305035342,14.453784352697594,12.958500883420378,909.4536233860999,352.4119567871094,14.24595461265839,6.661197343328339,77.5719102615973,8.173158118513479
1765959536999527200,126.75252709960938,823.2493070093915,1.2870972941126484,12.433298058422508,12.95857598385633,909.6593106715009,352.4119567871094,14.245954559078273,6.718901472292367,77.57190006093676,8.38821517760582
1765959537999526100,127.75252612304688,823.6997817149386,1.5130705056281482,17.358678748081456,12.958632287072167,910.109785377048,352.4119567871094,14.24595458412057,6.137120287209193,77.57189241342641,7.062794641173828
1765959538999523300,128.7525234375,823.9898394998163,1.445841211730133,15.662284069408905,12.958706507441548,910.3998431619257,353.04266357421875,14.245954522333871,6.295155688350362,77.57188428540356,7.479908827875638
1765959539999522600,129.7525224609375,823.7278511822224,1.606993556996021,20.250947304602253,12.95875781665965,910.1378548443317,353.04266357421875,14.24595462435619,6.110691775402209,77.57187790148954,6.4299202446404715
1765959540999520300,130.75252026367187,823.952778515406,1.2794561495351602,17.5119494615655,12.95881963638102,910.3627821775153,353.04266357421875,14.245954646694294,6.655033916117131,77.57187020985657,5.9200440435906225
1765959541999518500,131.7525185546875,823.9667149623856,1.1074156643870043,24.038794782490864,12.958845720329101,910.376718624495,353.04266357421875,14.245954606608926,7.6117112131747975,77.57186696448323,3.7327713648021033
1765959542998865700,132.75186572265625,824.015532576479,1.3213127410655723,53.841493544599565,12.958857983155879,910.4255362385884,353.04266357421875,14.245954593128106,8.35465931624439,77.57186543873722,1.9884636022831612
1765959543998869500,133.75186938476563,824.0554406186566,1.2900389413636675,51.67388545823863,12.958881901622519,910.465444280766,353.04266357421875,14.24595457930932,8.997920722993596,77.5718624627928,2.0228235094406917
1765959544998880500,134.75188061523437,823.9664513273165,1.0941014100621267,31.339725137516634,12.958916226464774,910.3764549894258,353.04266357421875,14.245954585241464,9.286399247781983,77.57185819208247,2.828775313929973
1765959545998892300,135.7518923339844,824.1961412820965,1.2142509638602337,30.306093943954345,12.958951714565307,910.6061449442059,353.04266357421875,14.245954567526592,9.487503471963388,77.57185377663116,3.2458443862049684
1765959546998914000,136.7519140625,824.3436225606129,1.1682565297425693,30.099499618222705,12.958986171106146,910.7536262227222,358.2216408051719,14.245954580282957,9.547421930720022,77.57188716783654,3.1448356561529014
1765959547998938000,137.75193823242188,823.8359447084367,1.3260772044108549,42.152370131561916,12.959009816146896,910.2459483705461,357.1374195587166,14.245954556722651,9.390512750971379,77.57189172475012,2.5490606781919203
1765959548998957300,138.75195727539062,823.2153635546565,1.2253782162851983,36.520164953904086,12.959035115092398,909.6253672167659,338.2867574321317,14.245954479870198,9.563446040582013,77.57187850126834,2.7181049112967246
1765959549998981600,139.75198168945312,823.5332960430533,1.3018613955319032,28.19755430190639,12.959081465090916,909.9432997051626,352.7457567822617,14.245954511306794,9.889648436079112,77.57187721839806,3.7409473407277374
1765959550999006700,140.7520068359375,823.2408814160153,1.2281464978739414,26.812872976808965,12.959115216011023,909.6508850781247,341.75965012591223,14.245954459308535,10.118329138299408,77.5718633437079,3.7111591010572744
1765959551999028500,141.75202856445313,823.2056987928227,1.451294310265286,24.107920822183104,12.959174574807147,909.615702454932,353.6196836501184,14.245954494161714,9.425938478467963,77.5718681866403,4.877778932232854
1765959552999051300,142.75205126953125,822.8380631403998,1.2184237748355546,19.460820349708232,12.959230987337552,909.2480668025091,350.8198612473327,14.245954366876354,10.201616638246989,77.57186219796968,5.072869074430305
1765959553999081200,143.75208129882813,823.1421462390572,1.2653484781845707,20.675457375906728,12.959280512516898,909.5521499011666,353.809612715461,14.245954461415696,9.730086657644963,77.57185889390544,4.958886428297805
1765959554999106300,144.75210620117187,823.3315295064822,1.306163880908579,19.974944269227606,12.959335230995597,909.7415331685916,352.51256996290005,14.245954653088623,9.314797580680485,77.571853913575,5.298679154093089
1765959555999124000,145.7521240234375,823.8697179351002,1.2343969623030344,18.392968378854267,12.959392238761529,910.2797215972096,355.2519558841131,14.245954657019915,9.757431995971473,77.57184995099642,5.437937918403606
1765959556999152000,146.75215209960936,824.1663618031889,1.0499824766143278,14.454055741803355,12.959457805431102,910.5763654652983,358.55294525163424,14.245954665628425,10.411434690402109,77.57185091622061,5.885983356051837
1765959557999182000,147.75218212890624,824.7394415661693,1.1773090890344644,18.69394937878728,12.959505397787034,911.1494452282786,355.4219459984943,14.245954534384179,10.57741635145488,77.57183983901506,5.102581367394716
1765959558999210800,148.7522106933594,824.8725198023021,1.3552626737819438,38.492707145417064,12.95951457569281,911.2825234644115,353.05767822265625,14.245954526721334,10.158168239414819,77.57178304409288,2.852324471113946
1765959559999238400,149.75223828125,824.8397621233016,1.19424001477782,15.619482488056367,12.959598837074621,911.249765785411,353.05767822265625,14.245954240999543,10.252774128790197,77.57177258311079,6.193510278877439
1765959560999263200,150.75226318359375,824.8655658466741,1.1759882468400653,14.149394223610114,12.959670079910055,911.2755695087835,353.05767822265625,14.245954301522424,10.441012744072928,77.57176373837,6.73433697852586
1765959561999286500,151.75228662109376,824.8076331196353,1.1740848169828677,15.95575182545502,12.959721995784106,911.2176367817447,353.05767822265625,14.2459543098537,10.485732009438259,77.5717572930534,5.962288869462985
1765959562999309000,152.75230908203125,824.9306988595054,1.2510979648253795,13.522898578146277,12.959782893856449,911.3407025216147,331.4666748046875,14.2459545921002,10.101734120946256,77.57174856112101,7.4964291800723055
1765959563999331000,153.7523310546875,825.0911969998851,1.3326662450425784,14.293330614174224,12.959844687528205,911.5012006619945,331.4666748046875,14.245954721944967,9.786751680923723,77.57171430481908,7.554765703858711
1765959564999350300,154.75235034179687,825.0660625239834,1.1886008855363772,12.846115184982203,12.959949093061482,911.4760661860928,355.5464782714844,14.245954757672104,9.824415291080447,77.57173415988805,7.497227389088404
1765959565999368700,155.75236865234376,824.987588243559,1.228387854474216,14.550875418231644,12.960006698422813,911.3975919056684,352.8260498046875,14.245954781618524,9.917240298328418,77.57172200968492,6.840436593378872
1765959566999387000,156.75238696289063,824.7780111199245,1.2200634545700864,19.90456007820939,12.960045864764163,911.1880147820339,349.660880313598,14.245954768360209,9.915139944418145,77.57174416512682,4.9666528630313
1765959567999402800,157.75240283203124,824.858798744157,1.2149010432763645,31.62845874861767,12.96006667046666,911.2688024062663,348.68302873387705,14.24595469709822,9.631916532411763,77.57174230883403,3.112391101648651
1765959568999418600,158.75241870117188,825.35699817352,1.3301147819136054,59.61291312693277,12.960074622123887,911.7670018356293,342.6896740420712,14.245954678247916,9.035124812990674,77.57173873081814,1.8078231489092473
1765959569999433200,159.75243310546875,825.7414163425565,1.2959820428248574,55.70053863351446,12.960091340787711,912.1514200046659,346.668698321613,14.245954693545062,8.575512200318567,77.57173260305582,1.8849011884957318
1765959570999446800,160.75244677734375,825.8006169134751,1.204088525571855,31.848096807612144,12.960128254499544,912.2106205755845,347.64525259328866,14.24595475200982,8.673148771437258,77.57171996881972,3.063304425079997
1765959571999460600,161.75246069335938,825.305614083074,1.3719000065312086,33.124173154926346,12.960164221816258,911.7156177451834,349.3444469910236,14.245954729203863,8.323731579572131,77.5717095749588,3.355902038595206
1765959572999471600,162.7524716796875,825.2438435284421,1.1978098185489903,22.627094752025325,12.9602147141851,911.6538471905515,351.6012895024778,14.245954740517531,8.600756539669417,77.57170011342686,4.28930968213258
1765959573999484200,163.7524841308594,825.4603382041678,1.179764027967391,19.05792672331773,12.960271254285907,911.8703418662772,1.0444665829344837,14.24595470375902,8.890027036558662,77.57170532513241,5.015991927735266
1765959574999495200,164.7524951171875,825.4551943195984,1.1912446553039182,17.97022681266314,12.960331605653517,911.8651979817078,359.4744914226755,14.245954718372586,9.277559580669267,77.57171150228851,5.371369593989785
1765959575999506000,165.752505859375,825.498702888377,1.1825768261025873,15.610358493594482,12.960394663006761,911.9087065504864,356.91177825744944,14.245954632343755,9.717072787986133,77.57170345757962,6.138384476024469
1765959576999516000,166.75251586914064,826.136065647006,1.3035109419538882,16.856283439263205,12.960449372564277,912.5460693091154,353.3565368652344,14.245954628047844,10.005679552192664,77.57166901820347,6.265808312416162
1765959577999524900,167.75252490234374,826.4469869323075,1.2890397736546308,22.297060108996952,12.960477782534266,912.8569905944169,337.1698359075131,14.245954515494248,10.182242976025611,77.57167208993802,4.683982708621467
1765959578999533000,168.75253295898438,826.4728045035154,1.176073506437177,20.251474117331846,12.960494035003205,912.8828081656247,313.4643926480288,14.245954354984008,10.617332545845086,77.57167469567796,4.705208542006965
1765959579999542300,169.7525422363281,826.1957350978628,1.2973387969977874,19.920608683223584,12.960532028916896,912.6057387599722,300.0393929326321,14.245954440503029,11.09654666138667,77.57161586754412,5.276890507248276
1765959580999550000,170.7525500488281,825.9643557453528,1.3089979992778156,18.623699815272442,12.960539443437986,912.3743594074622,267.9241943359375,14.24595450399667,11.023504921485621,77.57152727322364,5.69519266782707
1765959581999557400,171.75255737304687,825.488285808824,1.2230749936304852,15.356656352353891,12.960546635920638,911.8982894709334,267.9241943359375,14.245954660911034,10.804823919267136,77.57146368592853,6.453506864762741
1765959582999564500,172.752564453125,825.366583481431,1.2390311454040135,13.75481294692968,12.960542564759272,911.7765871435404,267.9241943359375,14.245954770003053,10.441310038896571,77.57139197767428,7.299025561525469
1765959583999571200,173.7525712890625,825.3226544810459,1.3045670732104429,16.067320576613852,12.960530496081061,911.7326581431553,268.6690368652344,14.245954788496359,9.916830538125536,77.57133604331256,6.579025207618053
1765959584999577000,174.7525771484375,824.800842821598,1.3039505003073981,14.345494234156003,12.96054023548612,911.2108464837074,268.6690368652344,14.24595459450537,9.640625871566499,77.57125702050703,7.365049718005775
1765959585999584300,175.75258422851562,824.3685242403299,1.3044532899877164,13.86871207660882,12.960552465700196,910.7785279024392,268.6690368652344,14.245954438200918,8.56367649733576,77.57118378805498,7.6211349062062475
1765959586999590000,176.75258984375,824.0030448613688,1.3706876621278559,14.597556489069126,12.960541678518746,910.4130485234782,269.0963439941406,14.245954372282434,8.681212975344751,77.57110643759435,7.608058993721839
1765959587999594800,177.7525947265625,823.6984387580305,1.2559033828225856,13.13660427658329,12.960552681856623,910.1084424201399,269.0963439941406,14.245954231949478,9.005932338356208,77.57102909802082,7.746201457811785
1765959588999599600,178.752599609375,823.5752910925075,1.2403186966101736,12.773223916603433,12.960558311845068,909.9852947546169,269.0963439941406,14.245954069190661,9.391576367885323,77.57095205917662,7.867846737503389
1765959589999605200,179.75260522460937,823.3153270352632,1.331767893699137,13.679632138344532,12.960552394284289,909.7253306973726,267.8687744140625,14.245954057976546,9.386282949915776,77.57087459840183,7.8882302822144625
1765959590999610400,180.7526103515625,823.3188437996432,1.1736621597405223,12.84764411593449,12.960556732083107,909.7288474617526,267.8687744140625,14.245954261749596,9.86942361908436,77.57081052488046,7.4020563455597355
1765959591999614500,181.75261450195313,823.2581471307203,1.0697560631705427,12.264007565676087,12.960552590371998,909.6681507928297,267.8687744140625,14.245954238601698,10.423908900142001,77.57074175096523,7.067821751800841
1765959592999619000,182.752619140625,822.9544420074672,1.2714932685486409,15.70198452437373,12.960547906174526,909.3644456695765,267.8687744140625,14.24595418683236,10.763708139558634,77.5706789708373,6.561247285906705
1765959593999622400,183.75262231445313,824.3911300580949,1.2841126004149368,17.667610722019877,12.9605612516612,910.8011337202042,267.8687744140625,14.245954192442843,10.6927987707127,77.57062047301835,5.888944861104479
1765959594999626800,184.75262670898437,823.9116574162617,1.2415679831033768,16.81187136031484,12.960551934247528,910.3216610783711,268.43896484375,14.24595423157487,10.59998437856732,77.57056298992364,5.983958756167713
1765959595999630800,185.752630859375,823.4935283446684,1.107922044331341,14.379728494235945,12.960550093172968,909.9035320067778,268.43896484375,14.245954145285198,10.088183223421492,77.5705062553907,6.243040418472356
1765959596999634200,186.75263427734376,822.9041857263073,1.2717911001617257,15.646377525512472,12.960545768991695,909.3141893884167,268.43896484375,14.245954296015766,9.036520370392338,77.57044285966626,6.586213842137767
1765959597999637200,187.75263720703126,822.3586507858709,1.2844732181580218,16.55058649017853,12.960547466069839,908.7686544479802,268.43896484375,14.245954454130448,7.764275534040639,77.57039173845078,6.28839078273923
1765959598999641300,188.75264135742188,822.151108160615,1.2653606106776574,17.000591406513657,12.960533983419813,908.5611118227243,268.43896484375,14.245954538349425,7.709724040609536,77.57034339131971,6.0308435337500566
1765959599999644400,189.75264453125,822.3791696196422,1.2303184201126247,18.273800854944902,12.960518649208211,908.7891732817516,268.43896484375,14.245954556121564,7.744883815454486,77.57029015206447,5.455432262732933
1765959600999647500,190.7526474609375,821.8715322213247,1.3702677978333384,17.643054953912266,12.960518117229268,908.2815358834341,268.43896484375,14.245954413567915,8.326397809063918,77.57021807694095,6.293138362247373
1765959601999650600,191.75265063476562,821.2402931787074,1.3247112712194034,15.470810362355097,12.960509587659702,907.6502968408167,268.43896484375,14.24595431790859,8.845373382725784,77.57014332443917,6.9380060782866195
1765959602999654000,192.75265380859375,820.8001771671697,1.2533158694973379,20.48538125768096,12.960498357117672,907.2101808292791,268.43896484375,14.245954404072986,9.312326746784924,77.57010427765414,4.956969057818568
1765959603999656400,193.75265649414064,820.5048354072496,1.3054687220585197,38.44194560345448,12.960513864575871,906.914839069359,268.43896484375,14.245954428542044,9.165569525244582,77.57009774230417,2.7509130005257965
1765959604999659000,194.75265893554686,820.5788870677352,1.310239913426773,180,12.960520076439341,906.9888907298446,268.43896484375,14.24595452629396,8.167976453922291,77.5700868794989,1.7037872076213312
1765959605999661600,195.75266162109375,820.3851653710008,1.2981107513935397,75.97061453171533,12.9605259998781,906.7951690331101,268.43896484375,14.245954541770484,7.481800994860728,77.57007506630566,1.3841245379013005
1765959606999664400,196.7526643066406,820.342720550485,1.2985995190518083,68.74326234671031,12.960522230066902,906.7527242125943,268.43896484375,14.24595453962777,7.061171287365836,77.57005642608247,1.5304613665496962
1765959607999666700,197.75266674804686,820.3095319475979,1.3197662681062734,48.72514897535349,12.960526923612218,906.7195356097072,268.43896484375,14.245954518870326,6.878633353821348,77.5700271720046,2.194631448640152
1765959608999668500,198.75266845703126,820.1369420224801,1.3162897832390126,45.78034901349526,12.960529550337146,906.5469456845894,268.43896484375,14.245954515187297,6.790470295523892,77.57000436912084,2.329637423490945
1765959609999671600,199.75267163085937,820.3063688185066,1.331757720932607,70.91073323918918,12.960533693408525,906.716372480616,268.43896484375,14.245954548795835,6.548331115112859,77.56999566942511,1.5217762577012055
1765959610999673600,200.75267358398438,820.271413278766,1.2964538379324073,133.22130696905305,12.960533654517617,906.6814169408754,267.9544677734375,14.245954567706468,6.721215102533286,77.56998924305937,0.7885370979159468
1765959611999676000,201.75267602539063,820.2784100165591,0.7185619110417696,180,12.96053283697903,906.6884136786684,267.9544677734375,14.245954590575272,7.394415001370781,77.56999169826315,0
1765959612999677700,202.752677734375,820.2784100165591,0.7185619110417696,180,12.96053283697903,906.6884136786684,267.9544677734375,14.245954590575272,7.953357137167023,77.56999169826315,0
1765959613999679500,203.75267944335937,820.2784100165591,0.7185619110417696,180,12.96053283697903,906.6884136786684,267.9544677734375,14.24595459057527,8.578645975699462,77.56999169826315,0
1765959614999682300,204.75268237304687,820.2167267957702,0.7185619110417696,180,12.960521293819738,906.6267304578796,267.9544677734375,14.245954590575272,9.033074806668596,77.56997804968687,0.04430814627711835
1765959615999684600,205.7526845703125,820.1326156016439,1.22440349721752,180,12.960516999884183,906.5426192637533,267.9544677734375,14.24595459057527,8.691172333559074,77.56997422504863,0.079283938212619
1765959616999685600,206.752685546875,820.1624049423262,1.177955567685481,180,12.960518281035355,906.5724086044356,267.9544677734375,14.24595459057527,8.70565241971639,77.56997393973818,0.11875397862985736
1765959617999688000,207.75268798828125,820.2847811179236,1.2033025023825323,-1,12.960515840405234,906.6947847800329,-1,14.24595459057527,8.434508124895885,77.56997561530287,0.18132289440101484
1765959618999690200,208.75269018554687,820.297339875251,0.7185619110417696,-1,12.960517997481903,906.7073435373604,-1,14.24595459057527,8.634639650176501,77.56997332581285,0.10984462947058375
1765959619999692300,209.7526923828125,820.2044994952157,1.3251966152847712,-1,12.960514124376138,906.6145031573251,-1,14.24595459057527,8.068369830089608,77.56997782628733,0.40515465917272736
1765959620999692800,210.75269287109376,820.0907602710649,1.4486327673834203,54.59633898308934,12.960539916131541,906.5007639331743,305.7398718828612,14.245954578517829,7.07423524465939,77.56994937472227,2.149964533875685
1765959621999695400,211.7526953125,820.101565006189,1.2826134589244136,39.774075452765324,12.960531503477556,906.5115686682984,275.00749369403337,14.245954514295786,7.654383913372181,77.56991755617504,2.6129618447157714
1765959622999697000,212.75269677734374,819.8851643186063,1.28985848018079,65.54950265213057,12.960527875737371,906.2951679807156,266.3340641231481,14.245954550798007,7.442811314917848,77.56991066891405,1.5943872006515294
1765959623999699200,213.75269921875,819.7032770859078,1.270640802817606,58.43224775170061,12.960525680151319,906.1132807480171,262.0567412583034,14.24595454435624,7.072617276543841,77.56989088978786,1.7619323202981414
1765959624999700500,214.75270043945312,819.5836238227785,1.2710485172846533,99.74380890002719,12.960536190064882,905.9936274848878,267.16676402015526,14.245954561098259,7.428043945873814,77.56988268229308,1.032449429567987
1765959625999701800,215.75270166015625,819.36667631194,1.269201929487098,87.74511812854979,12.960543814486314,905.7766799740493,271.22888645670344,14.24595455936922,7.830136066469459,77.56987129586825,1.1718072446638224
1765959626999703300,216.75270336914062,819.2283632261679,1.2689543488897412,50.43866771820801,12.96054184793925,905.6383668882772,269.20185550280314,14.245954519029533,7.926195180858001,77.56984369202827,2.0383431782670445
1765959627999705300,217.75270532226563,819.2514150310308,0.9108700543607406,37.651173188000875,12.960531468148103,905.6614186931401,263.83018144544127,14.245954367176436,12.3390407370769,77.56982870279788,1.9593228672923955
1765959628999706600,218.75270654296875,818.9356795363128,0.9103139824697056,43.04618304553456,12.96053336756968,905.3456831984222,267.87119512749155,14.245954395242217,12.432826823020873,77.56981481920985,1.703660090192123
1765959629999708200,219.75270825195312,819.1392370024696,0.9121022428928719,54.40724061921249,12.9605304635044,905.549240664579,268.9609217388696,14.245954429818404,12.744097628533913,77.56980509325815,1.3584225161073094
1765959630999710200,220.75271020507813,818.6770308157429,0.9032699287735642,42.63354033190351,12.960529667255049,905.0870344778523,269.5669426171826,14.245954364117148,13.22771062179296,77.56978819780942,1.6793418889906537
1765959631999711500,221.75271142578126,818.9087581234053,0.9069911573411992,30.20527759696757,12.960529496782586,905.3187617855147,271.1572971151318,14.245954238157506,13.443877253630248,77.56975860481135,2.430794208375542
1765959632999713000,222.75271313476563,818.82044326514,0.92303369642158,27.451923494613062,12.960529103225001,905.2304469272494,272.47471909084004,14.245954207319201,13.12926721128698,77.56973208385982,2.7236821183975812
1765959633999715000,223.75271508789064,817.9587104376405,0.9104128409778856,21.642283667761628,12.960523913069398,904.3687140997499,266.2847564937694,14.245954105002568,13.128793013235883,77.56969688801303,3.382150936727227
1765959634999716000,224.75271606445312,817.7142109014094,0.9147158734202321,22.99711426055021,12.96052558501942,904.1242145635188,269.2182088450348,14.24595414713062,13.078467393308738,77.56966757583061,3.196210881284024
1765959635999718100,225.75271826171874,817.8762406036258,0.9152344188235022,22.639131200521515,12.96052541173224,904.2862442657351,269.5801398578053,14.245954373722887,12.901891344420946,77.56963713545323,3.2707504514632038
1765959636999719400,226.75271948242187,817.5404404262081,0.9268741355000766,22.800628797473664,12.960519293640864,903.9504440883175,262.92788465026115,14.245954538340799,12.02491180827807,77.56960613853875,3.2840590652280253
1765959637999721500,227.75272143554687,817.5263549424708,0.933327947543374,25.061437916588613,12.960514592672967,903.9363586045802,259.99085306740955,14.245954589120528,10.48558680010025,77.56958105828726,3.010145079705243
1765959638999721500,228.75272143554687,817.7163444226608,0.9224817392796187,18.53620336597203,12.960543294807502,904.1263480847701,283.34307752367204,14.245954617443335,11.20650782083185,77.56953592472193,4.031155164893034
1765959639999723000,229.75272290039064,818.2130193095654,0.9539699220621909,18.530526069345374,12.96053321070727,904.6230229716748,274.2412644631686,14.245954557956795,11.211368093214993,77.56949677191515,4.170568282583674
1765959640999725300,230.75272534179686,818.4601126927882,0.9714912256812672,18.924239149881878,12.960531823053435,904.8701163548976,272.99717706065934,14.245954453055376,11.772271179522066,77.56945900464088,4.158355005000218
1765959641999726800,231.75272680664062,818.3791576307267,0.9832286121561868,22.446304967862034,12.96053498651419,904.7891612928361,276.79211905286274,14.24595441224733,11.719100736324018,77.56943382249317,3.5493219289304316
1765959642999727600,232.7527275390625,817.3936029141769,0.9247163202221049,20.78541237535662,12.960530512430081,903.8036065762863,270.6007685216018,14.245954325574584,11.989826599364477,77.56939906519221,3.574212139075239
1765959643999729400,233.7527294921875,818.0783010767773,1.0081230209860266,21.1708764479871,12.96052819185298,904.4883047388867,268.9340449857581,14.24595431583308,10.943509970171261,77.5693600481437,3.8555364456774823
1765959644999731500,234.7527314453125,818.1884798491374,1.0955364001168129,19.32975674311115,12.960524995099435,904.5984835112467,268.4623008733249,14.245954467482086,8.9278755076321,77.56931118259683,4.591804065640544
1765959645999732500,235.752732421875,817.9139503603801,0.9987909488232212,14.493320760203108,12.960523166196733,904.3239540224895,269.0609056149225,14.245954371010223,8.463361178201676,77.56925056950386,5.581246749992601
1765959646999734000,236.75273413085938,818.3911347165704,0.9657887708752017,12.42259006186163,12.960520822052182,904.8011383786798,269.3625982134338,14.24595422329192,8.994002326518684,77.5691827324227,6.3001406181739
1765959647999735000,237.75273510742187,818.3303504539654,1.0078775634193768,13.235410292332066,12.9605231593654,904.7403541160747,270,14.245954285473665,8.233086768285023,77.56912814440737,6.170570978552577
1765959648999735800,238.75273583984375,818.1446348913014,0.9987891722831166,14.34472760687984,12.960523683636,904.5546385534108,270,14.245954312306493,7.470641968906015,77.56908205556526,5.641476937185391
1765959649999738000,239.75273803710937,817.8147970391437,1.049538568596457,16.803786122470747,12.960521949158402,904.2248007012531,270,14.245954351349472,7.615776865200365,77.5690399874255,5.057603353179867
1765959650999739600,240.75273974609374,817.5599946938455,1.0682757031975,16.827632299174905,12.960507940012254,903.9699983559549,270,14.245954342553368,7.557821390521681,77.56899339290968,5.138324866081833
1765959651999740700,241.75274072265626,817.5909500718117,1.142057840092557,19.752764037596414,12.960507940012091,904.000953733921,270,14.245954444769794,7.17450031889365,77.56895275450542,4.681359742588183
1765959652999741700,242.75274169921875,817.762388439849,1.0558686399768773,16.040928354070005,12.96052429788336,904.1723921019584,270,14.245954478429491,7.291626987075065,77.56888805152768,5.332982242871727
1765959653999743700,243.75274365234375,817.994461350143,0.9236654221632004,12.997166114723257,12.960520477169787,904.4044650122523,270,14.245954342494604,8.379059105538522,77.56882771699628,5.758577227189252
1765959654999744500,244.75274462890624,817.9491090904921,1.0110217698500445,15.76108350864667,12.960513209449582,904.3591127526015,270,14.245954295112352,8.604328201816003,77.56878022130306,5.197734751231982
1765959655999746300,245.7527463378906,817.6343660270795,0.9566264701489948,14.053087786751455,12.960505875781761,904.0443696891889,270,14.245954232973776,8.950861395893389,77.56872177848761,5.514628178334203
1765959656999747800,246.75274780273438,817.7805500812829,0.9678767548313958,12.398902735802716,12.96049064265752,904.1905537433922,270,14.245954072847866,9.168580944874394,77.56864892371641,6.325438827878552
1765959657999749000,247.7527490234375,817.89728971757,0.9429970272402106,11.508018491275841,12.960481123284374,904.3072933796793,270,14.245954065212363,9.511934501039926,77.56858323487411,6.63817350514365
1765959658999751000,248.7527509765625,818.490210628137,0.9799026285409432,11.642179044622264,12.960486669179643,904.9002142902464,285.3318176269531,14.245953778081144,10.1389744019021,77.56851537891154,6.796754095714348
1765959659999752000,249.752751953125,817.9764706175774,0.9750020828445668,10.440643444681667,12.960490138558082,904.3864742796868,285.3318176269531,14.245954061969282,10.249693695496052,77.56844528994918,7.563649352850031
1765959660999752700,250.75275268554688,817.4745655013248,0.9608120465800261,9.788868267540684,12.960473714659106,903.8845691634342,266.9635009765625,14.24595437203415,10.172626297148978,77.56836421246823,7.9534366365849465
1765959661999754800,251.7527546386719,817.5290858531371,0.9632083593966484,9.010601346868347,12.960467543509822,903.9390895152465,266.9635009765625,14.245954151457067,10.02216838447457,77.56827492143518,8.662129504197706
1765959662999755300,252.75275537109374,818.8742911787704,0.9945140253958606,8.341889381928883,12.96046539797962,905.2842948408797,267.6598815917969,14.245954449455585,8.963615812258448,77.5681747113945,9.640772115286984
1765959663999756800,253.7527568359375,817.9111582171172,1.0224903104338,7.905606769305836,12.960504911870242,904.3211618792266,267.6598815917969,14.245954494325433,8.711530100697141,77.56806968013848,10.478993963496235
1765959664999758800,254.7527587890625,817.3960467576981,0.9572517069368978,7.505966837701471,12.960496714806396,903.8060504198074,267.6598815917969,14.24595435182134,10.279854295755316,77.56796938458976,10.333401669495208
1765959665999759600,255.75275952148436,815.2133566327393,0.9485974433827805,8.141928683627432,12.960494783001767,901.6233602948487,267.6598815917969,14.245954127538315,10.661506908860433,77.56788522145953,9.401427252421207
1765959666999761200,256.75276123046876,815.2828065436333,0.9167764187064023,9.538532575157696,12.960496330233068,901.6928102057427,267.6598815917969,14.245954006331505,11.234319161870504,77.56782158555713,7.7721521879777855
1765959667999762200,257.75276220703125,815.777154667303,0.9260773948517331,9.081948888382417,12.96049381443578,902.1871583294123,267.8134460449219,14.245953885084587,11.60740524911889,77.5677357873991,8.261531545753142
1765959668998195200,258.7511953125,816.1177254617214,0.9380492852426818,8.884009411902477,12.9604932987156,902.5277291238308,267.8134460449219,14.245953902449855,11.134141399108495,77.56765400551599,8.556222996648975
1765959669998177800,259.751177734375,815.6946601327509,0.9950999992837144,10.74082939076109,12.96048790555849,902.1046637948602,267.8134460449219,14.245954174796674,9.71773385795893,77.56759180253894,7.506713918213103
1765959670998196500,260.75119653320314,815.9470798820257,0.9405463609016159,12.78775934971151,12.960500526028557,902.3570835441351,267.8134460449219,14.245954025356093,11.213524060770267,77.56755512296826,5.960701072267065
1765959671998200000,261.7511999511719,816.1151125635952,0.9461816431114025,12.756632667243165,12.960492492255774,902.5251162257046,267.44244384765625,14.245954109939262,11.331056958846785,77.56749826258692,6.006807973481687
1765959672998216200,262.75121630859377,816.1130182035267,0.9244376466826381,12.1792041882892,12.960490008521356,902.5230218656361,267.44244384765625,14.245954156834932,11.707634498229568,77.56743709927117,6.149499455747862
1765959673998258700,263.7512587890625,816.0362067082897,0.9155525196116374,12.451084270271487,12.960490166894035,902.4462103703991,267.44244384765625,14.245954253512679,11.944937152214909,77.56738366649118,5.956392424772005
1765959674998288600,264.75128857421873,816.0241339718923,0.911910599182955,12.400176589081841,12.96048942887756,902.4341376340017,267.44244384765625,14.245954253710861,12.18237872063573,77.56732892848818,5.956440305864924
1765959675998302500,265.75130249023437,815.6122095379978,0.9300537565928004,13.377109211381997,12.960484938317945,902.0222132001072,267.44244384765625,14.245954116550216,13.106282133078132,77.56727965970317,5.633451236340607
1765959676998354000,266.7513540039063,814.7341736806557,0.9594606118105536,13.825142100753167,12.960479172854072,901.144177342765,267.44244384765625,14.245954278856395,12.383574960646287,77.56722870966881,5.610117456308736
1765959677998356700,267.75135668945313,814.8384920274839,0.9279417747854435,13.172684674820742,12.960482529054135,901.2484956895933,267.44244384765625,14.245954447360539,12.89051357859944,77.56717513133822,5.703768601679967
1765959678998368300,268.7513681640625,815.5443052370101,0.9126303945686184,13.911196174927134,12.960486932593902,901.9543088991195,267.44244384765625,14.245954361834496,13.657467896702869,77.56712800252049,5.311482793899865
1765959679998420200,269.75142016601563,815.7431741822511,0.9456722596985818,15.942093315389917,12.960485278507019,902.1531778443605,270.1912841796875,14.245954438728997,13.34828357410958,77.56708640013561,4.803381163621418
1765959680998436000,270.75143603515625,816.3025828730315,0.9193974956619445,15.939274765794071,12.960486962147703,902.7125865351409,270.1912841796875,14.24595441337875,13.750744516928622,77.56704645297027,4.6640105041727615
1765959681998454000,271.7514541015625,816.2543774731457,0.9385735606548128,17.206792066386416,12.960485156480843,902.6643811352551,270.1912841796875,14.245954447472684,13.392966701470566,77.56701168622948,4.413874892293014
1765959682998506000,272.7515061035156,816.1817998420447,0.9336302179269086,16.20291168075463,12.960486335363132,902.5918035041541,270.1912841796875,14.245954563228974,13.229482248154548,77.56696859377325,4.665771233125331
1765959683998558000,273.75155786132814,815.6112654339522,0.9320024320166324,16.123887773592056,12.960489912184473,902.0212690960616,270.1912841796875,14.245954596208126,12.761898814054145,77.56692678028024,4.682347365603592
1765959684998608600,274.7516086425781,815.8052497785538,0.9504194585777083,17.005414946353692,12.960488757814263,902.2152534406632,270.1912841796875,14.245954507130643,12.203844800288513,77.56688494352447,4.528359812711374
1765959685998655700,275.7516557617187,816.2731915907934,0.9497867112330253,15.914325016408341,12.960486533260497,902.6831952529028,270.1912841796875,14.24595431165259,11.632136401388527,77.56683489676433,4.83618687426203
1765959686998699800,276.75169970703126,816.7586412420496,0.9472142593432484,14.86213349978404,12.960481691752912,903.168644904159,270.1912841796875,14.245954223500744,12.443075133666497,77.56678277590993,5.160346431841911
1765959687998741500,277.7517414550781,816.8623275840655,0.938070804589494,14.024267454146447,12.960474887296305,903.2723312461749,270.1912841796875,14.245954139765404,12.717119468341775,77.56673030633189,5.4165473685962935
1765959688998781000,278.75178100585936,816.9406117331237,0.9378937928391751,13.896391498511846,12.960471174602779,903.350615395233,268.949951171875,14.245954144895162,12.228737092633125,77.56668020081291,5.467790538637277
1765959689998818300,279.751818359375,817.0409785108641,0.9969860462804963,14.592063307544452,12.960474292305115,903.4509821729735,268.949951171875,14.245954244201434,11.12400222325052,77.56662948875885,5.535637207686843
1765959690998855200,280.75185522460936,817.1522354632616,1.0439771953364123,15.144326841113505,12.960477435081426,903.562239125371,268.949951171875,14.245954364221532,9.45724724395211,77.56657983986258,5.585501437950657
1765959691998889000,281.7518889160156,817.3046860713512,0.9919570530274705,12.306394039842774,12.96047109444925,903.7146897334605,268.949951171875,14.24595420731806,10.511355870233768,77.56650776455054,6.531604450808609
1765959692998921000,282.7519208984375,818.2804898926988,1.0233790713571773,12.496576445599448,12.960461123410566,904.6904935548082,268.949951171875,14.245954192445286,9.652520587961522,77.56644834555256,6.625055799774872
1765959693998952200,283.7519521484375,818.0271312566474,1.0448493497597957,11.888991016484436,12.96045487708134,904.4371349187568,268.949951171875,14.245954256868604,8.626501719681377,77.56637483975791,7.119119976189013
1765959694998981000,284.7519812011719,817.9418860180303,1.0307728764304906,11.992982495954285,12.960438760225756,904.3518896801397,268.949951171875,14.245954278756308,8.526749431559027,77.56631506712948,6.964497845244933
1765959695999008800,285.7520087890625,817.8199860733002,1.0324014676671314,11.271452897189699,12.960444484768317,904.2299897354096,268.949951171875,14.245954174166544,8.342406571949203,77.56623409509498,7.421468457785155
1765959696999035400,286.75203540039064,817.6553439870477,1.0061373945863592,11.126203327382326,12.960468945186424,904.065347649157,268.949951171875,14.245954223410124,8.279015147542225,77.56616640864664,7.326200572975368
1765959697999059700,287.7520598144531,818.861424844712,1.036113408311588,11.15581175601426,12.960457426055697,905.2714285068214,268.949951171875,14.245954222392893,7.971426448398644,77.5660910265565,7.518601299510166
1765959698999084000,288.752083984375,818.5057507837191,1.0614795528808865,10.355922674225829,12.960457778587756,904.9157544458285,268.949951171875,14.24595418655545,8.119021833620119,77.56600316840863,8.305313624036117
1765959699999106300,289.7521062011719,818.8270795745775,0.984807021313935,8.798511239796447,12.960456195235338,905.2370832366869,268.949951171875,14.245954003771692,8.536187035716488,77.56590736078863,9.069999518207108
1765959700999128300,290.7521284179688,819.5588102219626,1.0292699789465005,8.693303001861906,12.960458668943517,905.968813884072,268.949951171875,14.245954049282664,7.943986916961827,77.56580980155776,9.58656148981014
1765959701999148800,291.7521486816406,819.6257325513288,1.0703727457450491,8.646461470065693,12.96046395000258,906.0357362134382,269.5868225097656,14.245954098331874,7.748204666037568,77.56571146757283,10.025535811193901
1765959702999169500,292.75216943359374,819.4061278188601,1.004165169229576,8.241854218854447,12.960458950791844,905.8161314809695,270,14.245954043134745,8.078218991839563,77.56562038783225,9.872365122217193
1765959703999187500,293.7521875,819.8989726500586,1.0036886446320108,7.724958430772242,12.96045183819287,906.3089763121679,270,14.245953881166827,8.493472579445765,77.56551494276913,10.522081557262931
1765959704999205600,294.75220556640625,820.4430488655344,1.011358589556938,7.550544142620548,12.960460463262763,906.8530525276437,270,14.24595371819606,8.204400018860559,77.56541091297005,10.845953493811034
1765959705999228400,295.752228515625,821.2465870045125,1.0786409183374308,8.249391883904556,12.960463539992807,907.6565906666219,270,14.245953868295961,7.865592265222199,77.5653184679496,10.571687865737788
1765959706999241500,296.75224145507815,820.7857423564419,1.1081430855528691,9.931511988821628,12.960479144924115,907.1957460185513,270,14.245954088726629,7.55762473621572,77.56525568409528,9.038968707155094
1765959707999257300,297.75225732421876,820.683822222054,0.926541319928281,8.692214287886012,12.960464520489296,907.0938258841634,268.40673828125,14.245954037380702,8.53060867731913,77.56516695077681,8.637164067089305
1765959708999272700,298.7522727050781,820.4830442797393,1.0155279109816724,10.176031672296505,12.960454485031425,906.8930479418486,268.40673828125,14.245954027043453,9.011855465371884,77.56509828182554,8.085568170995352
1765959709999292000,299.7522919921875,820.1201441641897,1.0213356013625015,11.412862150545283,12.960460519639822,906.5301478262991,268.40673828125,14.245954130140715,8.614763200066694,77.56504025126704,7.248492310135227
1765959710999302400,300.7523024902344,820.1993054905906,0.9987939313250548,11.666427719025739,12.960463036938815,906.6093091527,268.40673828125,14.245954122449652,8.953880442430421,77.56497556648043,6.936008875792038
1765959711999316500,301.75231640625,820.4568567089736,1.0229533021474386,12.39052388012527,12.960458011747212,906.866860371083,268.40673828125,14.245954122815483,8.847475198948093,77.56491660425945,6.689638968799121
1765959712999330000,302.752330078125,821.0832287669182,0.9265667746846195,10.864318261249181,12.960464112841912,907.4932324290276,268.40673828125,14.245953982626562,9.785086585643162,77.56484847607797,6.908117296560017
1765959713999342300,303.75234228515626,821.231558133848,0.9281407166767209,11.745959910975339,12.96046248371708,907.6415617959574,268.40673828125,14.245954064364854,9.788654112853424,77.56479118136605,6.4006733596290415
1765959714999355400,304.75235546875,821.5091019440442,0.9489012485649774,12.070591062867209,12.960457434177334,907.9191056061536,266.88397216796875,14.245954132201305,9.659079523082461,77.56473168411416,6.366124243683672
1765959715999367400,305.7523674316406,821.6382982162759,1.0333213373633992,14.725733368348324,12.960445344407464,908.0483018783852,266.88397216796875,14.245954326329382,8.460872417312821,77.56468544841793,5.68478789375832
1765959716999379200,306.75237915039065,821.1689474843442,1.101898977079191,14.701714266983872,12.96044045629553,907.5789511464536,266.88397216796875,14.245954410106952,7.086148758563462,77.56462370395712,6.071367425511876
1765959717999391000,307.75239086914064,822.1143716266379,0.9439304811294849,9.940617910017867,12.960446203316952,908.5243752887473,266.88397216796875,14.245954108858557,8.107288873985564,77.5645282998808,7.691756757419097
1765959718999403000,308.7524030761719,822.2158657340333,1.0051586780641717,10.677264034372255,12.960437906794693,908.6258693961427,266.88397216796875,14.245954118398876,7.745905552896775,77.56446012166266,7.62161363888952
1765959719999413500,309.75241357421874,821.6907501835376,0.9945051745052477,11.842335103269358,12.96043430697601,908.100753845647,266.88397216796875,14.245954181281716,8.10699292329317,77.56440501047202,6.804546565697034
1765959720999424500,310.7524245605469,821.5651713851839,1.0342553112613357,13.64922782948401,12.960430646575771,907.9751750472933,266.88397216796875,14.245954282992756,7.797511986972618,77.56435413921515,6.138896800423506
1765959721999435000,311.75243505859373,822.0423970595002,1.1502003091692394,16.174987682534763,12.960432212747019,908.4524007216096,268.4434814453125,14.245954363399989,6.9781334981038246,77.5643035369085,5.761046306645675
1765959722999444200,312.7524443359375,821.7656026296318,1.186723154876532,17.192941015738327,12.960422324320266,908.1756062917411,268.4434814453125,14.245954432135157,6.43650742955932,77.56425057530129,5.592545042546305
1765959723999454500,313.75245434570314,822.0932058747858,1.1230741075517008,15.002741658007341,12.96041716854,908.5032095368952,268.4434814453125,14.245954381347106,6.790780401573788,77.56418681981756,6.065205333359307
1765959724999463700,314.7524636230469,822.5838239369914,0.9706650078806986,11.422422902749839,12.960413669858173,908.9938275991008,268.4434814453125,14.245954306317978,7.656923400131229,77.56410938414608,6.881022173154369
1765959725999473700,315.7524736328125,822.799016318284,0.9241756726760986,10.559500004773698,12.960416450275131,909.2090199803934,268.4434814453125,14.24595412121594,8.809398207827904,77.56403886146143,7.085636952673311
1765959726999482600,316.7524826660156,822.9658127082512,0.9523038682940551,10.176753131237835,12.960420412330263,909.3758163703606,268.4434814453125,14.24595408523013,9.192955285034275,77.56396505478122,7.573573220095963
1765959727999492400,317.75249243164063,823.188728556037,0.9999416559686114,11.157980413878047,12.960416862199402,909.5987322181463,268.4434814453125,14.245954182617496,8.706789415595606,77.56390019298793,7.2509058272990545
1765959728999501300,318.75250122070315,821.7871589493006,0.994762732883424,12.323755708680515,12.960424322286054,908.19716261141,268.4434814453125,14.245954207110067,8.722144565325678,77.56384901695526,6.531787642604501
1765959729999510000,319.7525100097656,821.61400013417,1.1204137761623691,14.221731565950831,12.960413056800931,908.0240037962794,268.4434814453125,14.245954331313532,7.402077939032292,77.56379195998389,6.3769155955083745
1765959730999519000,320.75251904296874,822.7514405427501,1.0257424524210466,11.738112516238608,12.96041934008347,909.1614442048594,268.4434814453125,14.245954219439973,7.935112176379043,77.56371359838099,7.073956753400869
1765959731999527200,321.7525270996094,822.9069836148992,0.9964601172857208,12.192802984589987,12.960413024929405,909.3169872770086,268.4434814453125,14.245954181217487,8.154024704430256,77.56366055262409,6.613274066928456
1765959732999536000,322.7525361328125,822.9822557736188,0.9968870037001172,14.960511452925187,12.960400713406887,909.3922594357282,268.4434814453125,14.245954251043203,7.947566348634626,77.563623575721,5.391535212682182
1765959733999543300,323.7525432128906,822.5996859483421,1.1062256614797656,17.22006780966992,12.9603999667304,909.0096896104515,268.4434814453125,14.24595432878585,7.279867194937141,77.56356859791848,5.2053624154869444
1765959734999552300,324.7525522460937,822.489629432559,0.9575914645345424,12.338962683750518,12.960385570744178,908.8996330946684,268.4434814453125,14.245954245189854,8.406692675194808,77.56349289923875,6.288032025603196
1765959735999559400,325.7525593261719,822.4452110463753,0.9778664886471659,12.382676057633166,12.960395862167932,908.8552147084847,268.2203063964844,14.245954276841383,8.657083598075225,77.56343188071985,6.398834911566376
1765959736999567600,326.7525676269531,822.6204728223383,0.9259216046692549,12.812193155866307,12.960398419814956,909.0304764844477,268.2203063964844,14.245954270476485,8.956324989805227,77.56338084051764,5.8557319081642225
1765959737999576600,327.75257666015625,822.1133714690804,0.947470084327227,20.669373906596515,12.960389789623157,908.5233751311898,268.2203063964844,14.24595433343608,9.273114713870688,77.56336374249932,3.71175023552653
1765959738999582700,328.75258276367185,821.834215936251,0.9181874687450992,43.66313647739287,12.960387308090757,908.2442195983604,261.36727946905387,14.245954457774602,10.024863725585577,77.56336715121363,1.6854369565659146
1765959739999591000,329.7525908203125,821.677212071605,0.921172558958182,28.74652580036011,12.960386775771834,908.0872157337144,267.21416643579045,14.245954376673813,10.377682825737676,77.56333094836936,2.5798231562978478
1765959740999598600,330.7525986328125,821.8068406376988,0.9367889139904133,18.197990383449138,12.96038515381257,908.2168442998081,269.08080662968126,14.245954243616717,10.78312061945328,77.56327480316259,4.167850648134788
1765959741999605800,331.7526057128906,822.7113312911242,0.9264886595526951,12.184098212536034,12.960392152056983,909.1213349532336,268.2203063964844,14.24595414000393,11.185978177618685,77.56320137875856,6.1543530537132
1765959742999614000,332.75261401367186,822.6813776632771,0.9279789208565654,11.409069036427173,12.960390055995997,909.0913813253865,268.2203063964844,14.245954129338463,12.006530735576998,77.56313902675562,6.583049944982967
1765959743999620900,333.7526208496094,822.361060702242,0.930498275365901,10.94412271908649,12.960381975681528,908.7710643643513,268.3487548828125,14.24595415556139,12.176887471959363,77.56307501242999,6.8877038550244
1765959744999628500,334.7526286621094,822.0832029730082,0.9294740737015601,10.197173465314501,12.960374129477586,908.4932066351175,268.3487548828125,14.245954484815528,11.382090221380675,77.5630037146454,7.385692127904298
1765959745999635200,335.75263525390625,822.0689196586609,0.9484375434856901,9.602729354056482,12.96037131178771,908.4789233207703,268.3487548828125,14.24595442156749,11.285713242083608,77.56292322752822,8.002822567176382
1765959746999643000,336.7526428222656,822.1676909737289,0.9457078734177355,8.406715334457097,12.960373995127389,908.5776946358383,268.3487548828125,14.245954422790346,11.629924655296564,77.56282708760355,9.11454084795556
1765959747999649500,337.7526494140625,822.7844634288922,0.9525553543536517,8.285571288671076,12.960367937649242,909.1944670910016,268.3487548828125,14.245954446182784,11.441717874927132,77.56274029921138,9.307475833349129
1765959748999656700,338.75265673828125,821.3557114517316,0.9837931474031602,9.261964364800875,12.96036552720832,907.765715113841,268.3066711425781,14.245954415891632,11.109153825647628,77.56266726235026,8.603138069275994
1765959749999663900,339.7526638183594,820.9317259481177,0.9219219209913745,9.041580702259699,12.960368156133484,907.341729610227,268.3066711425781,14.245954237160847,12.167844518593315,77.56259088323334,8.255125286631644
1765959750999671300,340.75267138671876,820.7329219756648,0.913282201055434,9.25638456343391,12.960366555392755,907.1429256377742,268.3066711425781,14.245954538206338,12.370250596271958,77.56251760778255,7.989214620317325
1765959751999678200,341.75267822265624,821.1365335369483,0.9175304343646351,9.831514323871994,12.960374715615462,907.5465371990576,268.3066711425781,14.245954628393124,12.277595251085419,77.56245114884504,7.561950246482408
1765959752999685400,342.7526853027344,820.6825907472521,0.9466078843006449,11.569609153964693,12.960386425901678,907.0925944093615,268.3066711425781,14.245954622929437,11.65327163211966,77.56239658097303,6.62621477735482
1765959753999692000,343.7526921386719,820.4178241044283,0.9456652218406719,14.6273268768498,12.960372432385716,906.8278277665377,268.3066711425781,14.24595461698501,11.01309392613202,77.56236233565167,5.232270616983676
1765959754999699200,344.75269921875,820.2819423843175,0.9732626859965259,18.359744087659713,12.960371590211082,906.6919460464269,268.3066711425781,14.245954525751202,10.25222374862522,77.56233328919951,4.290279209473798
1765959755999706400,345.7527062988281,820.4908156339079,0.9693196978631544,23.260939821020095,12.960370953778247,906.9008192960173,268.3066711425781,14.245954493742323,10.018755352601225,77.56231133881667,3.376500482015818
1765959756999712500,346.7527124023438,820.3685332993045,0.9748873227352409,24.52815957475535,12.960385134678965,906.7785369614139,268.3066711425781,14.245954517455601,8.585100930602364,77.56228225775284,3.219988023247615
1765959757999720000,347.75271997070314,819.8503791531548,0.9554026349197408,24.17707424818393,12.960369226120566,906.2603828152642,268.3066711425781,14.24595452285148,7.772366158208877,77.56225175208083,3.1948058590674946
1765959758999726800,348.7527268066406,819.6505800923333,0.9400358567987142,28.08752310607959,12.96036855375072,906.0605837544426,268.3066711425781,14.24595451701413,9.0520768191162,77.56222856220714,2.697396702010705
1765959759999733500,349.7527333984375,820.1754504088312,0.9349930895219355,47.952825222421275,12.960368369172803,906.5854540709406,268.3066711425781,14.245954539845942,10.669456684260318,77.56222219624415,1.5791189904370717
1765959760999740000,350.7527399902344,820.00638897717,0.9326776136255766,115.11691912779196,12.960368397596483,906.4163926392794,268.3066711425781,14.245954564015765,11.144832038766975,77.56222317653548,0.6434444302871837
1765959761999746000,351.75274609375,819.6937943706289,0.9248244495185914,44.759726518473165,12.960367774187079,906.1037980327383,268.3066711425781,14.245954547013689,11.48753234234874,77.56220167516693,1.5996582725464439
1765959762999753000,352.7527529296875,820.3661368684843,0.9403698601539521,27.448255305815543,12.960366741101058,906.7761405305937,268.3066711425781,14.24595446916791,11.194918398333051,77.56216604439396,2.7755082619474774
1765959763999759000,353.7527590332031,820.0675850957632,0.9148328551576393,19.622803037194014,12.960365482352103,906.4775887578726,268.3066711425781,14.245954305175518,11.425651013566046,77.56212263035633,3.7764727961154745
1765959764999766800,354.75276684570315,819.6786263305694,0.91742184425991,16.972980943817046,12.960364210726862,906.0886299926788,268.3066711425781,14.245954213316613,11.66746523436587,77.5620787721991,4.375578357075477
1765959765999773400,355.7527734375,819.7087918957695,0.9441377903048446,16.317348789238093,12.960362867978889,906.1187955578789,268.3066711425781,14.245954164491362,11.549322232513736,77.56203246110145,4.687348023522767
1765959766999780000,356.7527800292969,819.5001689968631,0.9327291718381882,13.890982719397575,12.960364957953328,905.9101726589724,268.3066711425781,14.245954088937225,11.49659089444899,77.56197591337163,5.435397807622424
1765959767999786500,357.7527863769531,819.3815666623414,0.9189661775554455,12.633049828559047,12.960358418440547,905.7915703244507,268.3066711425781,14.245953920253168,12.002489176692697,77.56191932536143,5.88919518604645
1765959768999792000,358.7527922363281,819.6028796201572,0.955346836133277,11.053390959078103,12.96035868278913,906.0128832822666,268.1426696777344,14.245953839642029,11.800277128283806,77.56184125743027,7.002602734000809
1765959769999799800,359.7527998046875,819.762275269255,0.9537041048451006,9.99144783774387,12.960354292499389,906.1722789313644,268.1426696777344,14.245953920455689,11.531641696674692,77.56176437760357,7.734369805235942
1765959770999806000,360.75280590820313,820.1704889638349,0.931718345535319,8.266749613855803,12.960353049653115,906.5804926259443,268.1426696777344,14.245953781787202,11.827447772559463,77.56166644346474,9.12946591178354
1765959771999813000,361.7528132324219,819.9531064778566,0.9299074195377229,7.494593741388677,12.960349293838382,906.363110139966,268.1426696777344,14.24595362391035,12.068058914121236,77.56156735688849,10.053972824165333
1765959772999818800,362.7528188476563,818.9378943191841,0.9278504965175166,7.255423835277175,12.96035011723087,905.3478979812935,268.1426696777344,14.245953496235622,12.301756764737611,77.56146034571299,10.808836968453507
1765959773999826400,363.75282641601564,818.2155299577862,0.9513365783097726,7.250814304414879,12.96034997452457,904.6255336198956,268.0223083496094,14.245953545773283,12.081386135021809,77.5613554784311,11.056455773798515
1765959774999832000,364.75283203125,818.0594873167574,0.9473236431696718,7.253823192352576,12.960341378353897,904.4694909788668,268.0223083496094,14.245953583830309,11.893638581999818,77.56125650042794,10.970484706086332
1765959775999839200,365.7528391113281,817.7268673209473,0.9398169061257422,7.254096844661761,12.960337459754184,904.1368709830567,268.0223083496094,14.245953265125157,12.502605941065823,77.56115497151389,11.085024185114445
1765959776999845000,366.7528452148438,817.2269775327295,0.9076454544455307,7.253396853921455,12.960337796375745,903.6369811948389,268.0223083496094,14.245953627383475,12.546122217335116,77.56105108254135,11.159969098331418
1765959777999852300,367.75285229492187,816.5052758017555,0.9439623124017585,7.316761041591545,12.960328018366406,902.9152794638649,268.25408935546875,14.24595452264025,12.32693711567062,77.56095991010147,10.427363862105086
1765959778999859000,368.75285888671874,814.946591665037,1.0173665525080453,8.889576985097113,12.960339135150285,901.3565953271464,268.25408935546875,14.245954494881039,10.445372427955,77.56087943002176,9.232349060993206
1765959779999864800,369.75286474609373,814.7760447636247,0.9657383406079072,10.945412565853804,12.960328274459814,901.186048425734,268.25408935546875,14.245954129119903,11.539906092345237,77.56083249639516,7.111655451485411
1765959780999871200,370.7528713378906,814.3460357738659,0.9164302727271088,14.371998633060112,12.960325444591358,900.7560394359753,268.25408935546875,14.245954209444173,12.310565796308609,77.56079949810614,5.12695005988945
1765959781999878100,371.75287817382815,814.9767536753789,0.9183876331150324,22.06060817733928,12.96032184201831,901.3867573374882,268.25408935546875,14.245954278800621,12.385483076851505,77.56078201788158,3.3703857191985556
1765959782999885000,372.75288500976563,814.8382214913145,0.9262832874460585,24.807690186147482,12.960319439381655,901.2482251534238,268.25408935546875,14.245954339212997,12.19772790129099,77.5607593752699,3.0117565579803216
1765959783999891200,373.75289111328124,814.6876300359145,0.95170929273671,21.172203227423072,12.960317953990343,901.0976336980239,268.25408935546875,14.24595428578159,11.87688691629483,77.56072323258098,3.624835615526315
1765959784999897000,374.75289697265623,814.8347739735618,0.9596956341096956,18.212378269492326,12.960312979839347,901.2447776356712,268.25408935546875,14.245954258355816,11.750187083593156,77.56068293078322,4.267602401688112
1765959785999903200,375.7529033203125,814.9107547746971,1.0372683234751037,16.45877024091289,12.960309684903155,901.3207584368065,268.25408935546875,14.245954415322599,10.1674367470171,77.56063111691068,5.106590871778319
1765959786999910100,376.75291015625,814.3304056497291,1.0115275130816186,12.430750602900531,12.960325651246754,900.7404093118384,268.9981689453125,14.245954237132892,9.621812887817356,77.56055182668534,6.5907206615126945
1765959787999917000,377.7529169921875,813.7427312210202,0.9376893814325297,8.766989762384123,12.960323213717505,900.1527348831296,268.9981689453125,14.245953926696426,9.891308150365035,77.56044991855374,8.657895057349917
1765959788999923200,378.7529230957031,813.5595197230577,1.001387785092116,8.994360416014933,12.960318787195629,899.9695233851671,266.5716857910156,14.245954047392415,8.472468810173874,77.5603626659717,9.017856642673861
1765959789999929900,379.7529299316406,813.3716171523556,0.9534655460471361,8.187406707872864,12.960313655455359,899.781620814465,266.5716857910156,14.245953914147284,9.316703689660628,77.56027265178564,9.432877084486055
1765959790999937000,380.75293701171876,813.7082183258608,1.0215506158501966,8.727379057008715,12.960300744950862,900.1182219879702,266.5716857910156,14.245954042709227,8.591105862117802,77.56018358815078,9.484651442698377
1765959791999942700,381.75294262695314,812.80891612079,0.9783095817659644,8.597951438384367,12.960301744907497,899.2189197828993,266.5716857910156,14.245953970632707,9.176025317599521,77.56009998614809,9.214007434981369
1765959792999949600,382.7529494628906,812.4115106640384,0.9554119365106682,8.61312753948972,12.960297726482125,898.8215143261477,266.5716857910156,14.245953749525595,10.52991346779205,77.56001610331518,8.981251275199794
1765959793999956000,383.7529560546875,811.6701541421935,0.9675161292704195,8.806327578453365,12.960300763399102,898.0801578043029,267.3694152832031,14.245953817468683,11.223801916217264,77.55993427392707,8.890191908463368
1765959794999375000,384.752375,811.7093204241246,0.9664683322493663,8.569643067943867,12.960284013084271,898.119324086234,267.2311706542969,14.24595385580623,11.411995666342987,77.55984736728324,9.136634457366238
1765959795999385900,385.7523857421875,810.7139725992456,0.9748899755118093,9.12044900465293,12.96029561771482,897.123976261355,267.2311706542969,14.245953950692956,11.212161192301203,77.55977474685545,8.652016996387575
1765959796999396900,386.75239697265624,810.506602993235,0.9874886896289459,9.588271271779256,12.96027712396621,896.9166066553444,267.2311706542969,14.24595405628287,10.129983417735623,77.55970212684313,8.340593247352109
1765959797999405300,387.7524052734375,809.7178050698712,0.9673588998772795,9.944362654197205,12.960289697282068,896.1278087319806,267.2311706542969,14.245954115368932,10.66453875778518,77.55963381924795,7.868062051178334
1765959798999418600,388.75241870117185,809.151070621796,0.9697734174320443,10.429564821648293,12.960286811917452,895.5610742839053,267.2311706542969,14.245954147946575,10.75696672974586,77.55956678271032,7.5153569450750854
1765959799999437300,389.7524372558594,808.6007616026327,0.9867467694384764,11.255151916209659,12.96026793582374,895.0107652647421,267.2311706542969,14.245954467557672,9.962143978646846,77.55950841699153,7.084369920871417
1765959800999459600,390.75245947265626,807.9038880355656,1.000545045564301,11.782135545781031,12.960265103237735,894.313891697675,267.2311706542969,14.245954494103511,8.68563673643577,77.55944869872992,6.85728389821754
1765959801999474200,391.75247412109377,808.5658815000206,0.9846019950841535,12.956320446478633,12.960262780470476,894.97588516213,267.2311706542969,14.245954421303063,8.44511126522817,77.5593997288901,6.1565416905095
1765959802999495000,392.7524948730469,808.9001145781949,0.9491788933827157,12.759252829843424,12.960260072184973,895.3101182403043,267.2311706542969,14.245954330457629,9.83988922801642,77.559342631314,6.02782477303014
1765959803999507500,393.75250756835936,808.4522490082309,0.9825164989973508,16.72555609572761,12.960258449335173,894.8622526703402,267.2311706542969,14.245954354712444,9.733650291997371,77.55930841742993,4.758605243238993
1765959804999536600,394.7525366210937,808.3536275681108,0.9943402013318532,20.288234731792404,12.96025705852566,894.7636312302202,267.2311706542969,14.245954398906138,9.530874280691638,77.55927909556529,3.969154688742154
1765959805999557000,395.75255712890623,808.2445563450456,0.9530167565749806,19.648604618014563,12.960255622001409,894.6545600071549,267.2311706542969,14.245954354245002,10.075513652963696,77.55924880993412,3.928050628778737
1765959806999573500,396.7525734863281,808.4259853418916,0.955962259270723,20.6857469487943,12.960262902853266,894.835989004001,312.4402574924011,14.245954382805618,10.213187198091777,77.55923121396752,3.744536137358048
1765959807999590400,397.7525903320313,808.6541592897847,0.9478792081476939,18.68522987093783,12.960379407539484,895.0641629518941,0.9671128392219543,14.245954455032205,10.270697205452683,77.55922223916039,4.108694018368623
1765959808999613700,398.75261376953125,808.9165339767933,0.9263886893042684,16.45884841410608,12.960424692634144,895.3265376389027,0.9671128392219543,14.245954500077248,11.157570049295714,77.5592209089419,4.556226402860879
1765959809999637500,399.7526374511719,809.3932187398896,0.9172365732997849,15.327102870057983,12.960469859368047,895.8032224019989,0.9671128392219543,14.245954491306655,11.197608786502201,77.55921634026787,4.83817704921408
1765959810999660800,400.75266088867187,809.0151423215866,0.9164420517661681,15.258553512603775,12.960513121393786,895.425145983696,0.9671128392219543,14.245954497522222,11.055969123627026,77.55921143724338,4.866235951364959
1765959811999682800,401.75268286132814,809.1123502273113,0.9140773376502208,14.84775864345467,12.96055938146438,895.5223538894206,0.9671128392219543,14.245954535811777,10.425261722202384,77.55921006033894,4.988083719242406
1765959812999704300,402.75270434570314,809.6684226468205,0.9641266743329503,17.108562692456623,12.96059761203443,896.0784263089299,0.9671128392219543,14.24595457091564,8.942484241337295,77.55920698154996,4.561021131270586
1765959813999725300,403.75272534179686,808.9519640486687,1.0875024048593167,25.207988112377038,12.960622269186166,895.3619677107781,0.9671128392219543,14.24595458240669,6.455964927043501,77.5592054974795,3.494035670544213
1765959814999744500,404.75274462890627,809.0639025373384,1.0509971611778737,43.67675660550555,12.960624810620171,895.4739061994478,0.9671128392219543,14.245954587503217,5.294987431036257,77.55921205876199,1.9486782857124083
1765959815999764000,405.7527639160156,808.9278967194259,1.1886996469777928,140.7010222714782,12.96061149860122,895.3379003815353,0.9671128392219543,14.245954593409206,4.542935532040242,77.55922829832194,0.6719818969376156
1765959816999781600,406.75278173828127,808.9395909002051,1.311535353012961,180,12.960608942714764,895.3495945623145,0.9671128392219543,14.24595459057527,5.518815906399118,77.55922668445145,0
1765959817999799800,407.7527998046875,808.9395909002051,1.2817939260738014,180,12.960608942714764,895.3495945623145,0.9671128392219543,14.245954590575272,5.376818716757948,77.55922668445145,0
1765959818999816700,408.7528166503906,808.9395909002051,1.2091917061796478,180,12.960608942714764,895.3495945623145,0.9671128392219543,14.24595459057527,5.207681457153919,77.55922668445145,0
1765959819999833000,409.7528330078125,808.9395909002051,1.2128255228019829,180,12.960608942714764,895.3495945623145,0.9671128392219543,14.24595459057527,5.055645446539301,77.55922668445145,0
1765959820999849500,410.7528493652344,808.9395909002051,1.3022916128755693,180,12.960608942714764,895.3495945623145,0.9671128392219543,14.24595459057527,4.968864929330422,77.55922668445145,0
1765959821999865600,411.7528654785156,809.3412759583443,0.9855455523296023,180,12.960593273864266,895.7512796204537,0.9671128392219543,14.245954590575272,4.796040447248605,77.55923385291125,0
1765959822999880200,412.75288012695313,809.3412759583443,0.9695491755117253,180,12.960593273864266,895.7512796204537,0.9671128392219543,14.245954590575272,4.8085974954769934,77.55923385291125,0
1765959823999894000,413.75289404296876,809.3412759583443,1.473337874896056,180,12.960593273864266,895.7512796204537,0.9671128392219543,14.245954590575272,4.721631029326221,77.55923385291125,0
1765959824999908900,414.7529089355469,809.3412759583443,1.4342798904618965,180,12.960593273864266,895.7512796204537,0.9671128392219543,14.24595459057527,4.700524576238972,77.55923385291125,0
1765959825999923200,415.7529230957031,809.3412759583443,1.4179261333678952,180,12.960593273864266,895.7512796204537,0.9671128392219543,14.24595459057527,5.018708915097598,77.55923385291125,0
1765959826999935700,416.7529357910156,809.3412759583443,1.419098256278678,180,12.960593273864266,895.7512796204537,0.9671128392219543,14.245954590575272,5.078755844990587,77.55923385291125,0
1765959827999948800,417.75294873046874,809.3412759583443,1.468941225663203,180,12.960593273864266,895.7512796204537,0.9671128392219543,14.24595459057527,4.804262942833789,77.55923385291125,0
1765959828999961900,418.7529619140625,809.3412759583443,1.3349013633107434,180,12.960593273864266,895.7512796204537,0.9671128392219543,14.245954590575272,4.7497602848507015,77.55923385291125,0
1765959829999975000,419.75297485351564,809.3412759583443,1.2904009629988185,180,12.960593273864266,895.7512796204537,0.9671128392219543,14.24595459057527,4.674443079526158,77.55923385291125,0
1765959830999987000,420.7529870605469,809.3412759583443,1.3057044565801312,180,12.960593273864266,895.7512796204537,0.9671128392219543,14.24595459057527,4.467266749142342,77.55923385291125,0
1765959831999998500,421.7529985351562,809.3412759583443,1.224165792227477,180,12.960593273864266,895.7512796204537,0.9671128392219543,14.24595459057527,4.3257470644078735,77.55923385291125,0
1765959833000010000,422.7530100097656,809.3412759583443,1.3118071613594386,180,12.960593273864266,895.7512796204537,0.9671128392219543,14.24595459057527,4.320868267229077,77.55923385291125,0
1765959834000022000,423.75302197265626,809.3412759583443,1.2082098223628908,180,12.960593273864266,895.7512796204537,33.100772185254435,14.245954590575272,4.306054451072429,77.55923385291125,0
1765959835000032800,424.75303271484376,809.3412759583443,1.2226430638207524,180,12.960593273864266,895.7512796204537,33.100772185254435,14.24595459057527,4.209257139644681,77.55923385291125,0
1765959836000044800,425.753044921875,809.3412759583443,1.199348264469288,180,12.960593273864266,895.7512796204537,33.100772185254435,14.24595459057527,4.1922433015840825,77.55923385291125,0
1765959837000055300,426.75305517578124,809.3412759583443,0.9866553094333597,180,12.960593273864266,895.7512796204537,33.100772185254435,14.24595459057527,4.071964735335358,77.55923385291125,0
1765959838000066000,427.75306616210935,809.3412759583443,0.9888296868753667,180,12.960593273864266,895.7512796204537,33.100772185254435,14.24595459057527,3.941860417588447,77.55923385291125,0
1765959839000076300,428.753076171875,809.3412759583443,0.9656529070493013,180,12.960593273864266,895.7512796204537,33.100772185254435,14.24595459057527,3.9223141021197114,77.55923385291125,0
1765959840000087600,429.7530876464844,809.3412759583443,1.461197383993748,180,12.960593273864266,895.7512796204537,33.100772185254435,14.24595459057527,4.0854322540972765,77.55923385291125,0
1765959841000097000,430.75309692382814,809.3412759583443,1.440459845622297,180,12.960593273864266,895.7512796204537,33.100772185254435,14.24595459057527,4.322273120136397,77.55923385291125,0
1765959842000107800,431.75310766601564,809.3412759583443,1.4538192558986065,180,12.960593273864266,895.7512796204537,33.100772185254435,14.24595459057527,4.324465737570753,77.55923385291125,0
1765959843000117200,432.7531171875,809.3412759583443,1.4576112213230301,180,12.960593273864266,895.7512796204537,33.100772185254435,14.24595459057527,4.81074231687386,77.55923385291125,0
1765959844000126700,433.7531267089844,809.3412759583443,1.4509738572339819,180,12.960593273864266,895.7512796204537,33.100772185254435,14.245954590575272,4.723031671697332,77.55923385291125,0
1765959845000137000,434.7531369628906,809.3412759583443,1.4020505138829298,180,12.960593273864266,895.7512796204537,33.100772185254435,14.245954590575272,4.591211860590926,77.55923385291125,0
1765959846000146000,435.75314599609374,809.3412759583443,1.4463695727902426,180,12.960593273864266,895.7512796204537,33.100772185254435,14.245954590575272,4.741892587203763,77.55923385291125,0
1765959847000155400,436.7531552734375,809.3412759583443,1.3334924847395568,180,12.960593273864266,895.7512796204537,33.100772185254435,14.24595459057527,4.582263376218937,77.55923385291125,0
1765959848000166000,437.75316577148436,809.3412759583443,1.3633247355158755,180,12.960593273864266,895.7512796204537,33.100772185254435,14.24595459057527,4.560860955840701,77.55923385291125,0
1765959849000175400,438.75317529296876,809.3412759583443,1.3827373986512133,180,12.960593273864266,895.7512796204537,33.100772185254435,14.24595459057527,4.4233150326212245,77.55923385291125,0
1765959850000184000,439.7531840820312,809.3412759583443,1.3090949225242816,180,12.960593273864266,895.7512796204537,33.100772185254435,14.24595459057527,4.431418269657732,77.55923385291125,0
1765959851000193000,440.75319311523435,809.3412759583443,1.2070715081434942,180,12.960593273864266,895.7512796204537,33.100772185254435,14.24595459057527,4.374692310965883,77.55923385291125,0
1765959852000202200,441.7532021484375,809.3412759583443,1.2160113912590906,180,12.960593273864266,895.7512796204537,33.100772185254435,14.24595459057527,4.291571347081741,77.55923385291125,0
1765959853000212000,442.7532119140625,809.3412759583443,1.2187929203390244,180,12.960593273864266,895.7512796204537,33.100772185254435,14.245954590575272,4.2561061297583045,77.55923385291125,0
1765959854000220400,443.7532204589844,809.3412759583443,1.120218690601189,180,12.960593273864266,895.7512796204537,33.100772185254435,14.24595459057527,4.211168855853898,77.55923385291125,0
1765959855000230000,444.75322998046875,809.3412759583443,1.5939876710869685,180,12.960593273864266,895.7512796204537,33.100772185254435,14.24595459057527,4.206906675252071,77.55923385291125,0
1765959856000238800,445.75323876953127,809.3412759583443,1.4629620018680531,180,12.960593273864266,895.7512796204537,33.100772185254435,14.24595459057527,4.427732391905475,77.55923385291125,0
1765959857000247000,446.7532470703125,809.3412759583443,1.5065449620513243,180,12.960593273864266,895.7512796204537,33.100772185254435,14.24595459057527,4.35416838715755,77.55923385291125,0
1765959858000256800,447.7532568359375,809.6089958399534,1.525935238196161,180,12.960564732023716,896.0189995020628,47.09739790075088,14.24595459057527,4.2638398569020906,77.55927267653875,0
1765959859000265200,448.75326513671877,809.6089958399534,1.5462864783844323,180,12.960564732023716,896.0189995020628,47.09739790075088,14.245954590575272,4.277077271712171,77.55927267653875,0
1765959860000274200,449.7532741699219,809.6089958399534,1.5102004090140502,180,12.960564732023716,896.0189995020628,47.09739790075088,14.245954590575272,4.576178863367504,77.55927267653875,0
1765959861000283000,450.75328295898436,809.6089958399534,1.4911958497649738,180,12.960564732023716,896.0189995020628,47.09739790075088,14.24595459057527,4.627482909709376,77.55927267653875,0
1765959862000291300,451.7532912597656,809.4017871217802,1.466379146619121,180,12.960575412820361,895.8117907838896,47.0973938455868,14.245954590698148,4.854279726948609,77.55926718588066,0.07347155071119588
1765959863000300500,452.7533005371094,809.6806395789608,1.4955977276284849,180,12.960573266143944,896.0906432410702,47.097395257776775,14.245954590638618,4.501966565418312,77.55926982988075,0.04405048258405292
1765959864000308500,453.75330859375,809.4800773719326,1.4224554386141475,180,12.960578643482318,895.8900810340419,47.09738996198802,14.245954590575272,4.50919778040067,77.55925867098242,0
1765959865000316700,454.7533166503906,809.4475632552058,1.3811942140087392,180,12.960576808454713,895.8575669173151,47.09738965512491,14.245954590575272,4.97852636370296,77.55925702548512,0
1765959866000326700,455.75332666015623,809.4475632552058,1.417307597851595,180,12.960576808454713,895.8575669173151,47.09738965512491,14.24595459057527,4.99976713779913,77.55925702548512,0
1765959867000334000,456.753333984375,809.4475632552058,1.415618739332334,180,12.960576808454713,895.8575669173151,47.09738965512491,14.245954590575272,4.921788583389378,77.55925702548512,0
1765959868000342000,457.7533420410156,809.4475632552058,1.4008958519205779,180,12.960576808454713,895.8575669173151,47.09738965512491,14.24595459057527,4.987234260068065,77.55925702548512,0
1765959869000351200,458.75335131835936,809.4475632552058,1.3942964747533795,180,12.960576808454713,895.8575669173151,47.09738965512491,14.24595459057527,5.0103765736646055,77.55925702548512,0
1765959870000359700,459.7533596191406,809.4475632552058,1.4084716009539882,180,12.960576808454713,895.8575669173151,47.09738965512491,14.245954590575272,4.793899928660134,77.55925702548512,0
1765959871000367900,460.75336791992186,809.4475632552058,1.4215707418071133,180,12.960576808454713,895.8575669173151,47.09738965512491,14.24595459057527,4.631876535211972,77.55925702548512,0
1765959872000375300,461.7533752441406,809.4475632552058,1.3980174195223025,180,12.960576808454713,895.8575669173151,47.09738965512491,14.24595459057527,4.640249328380748,77.55925702548512,0
1765959873000384800,462.753384765625,809.4475632552058,1.354584028745563,180,12.960576808454713,895.8575669173151,47.09738965512491,14.24595459057527,4.394654248989222,77.55925702548512,0
1765959874000393000,463.75339306640626,809.4475632552058,1.3323784789845445,180,12.960576808454713,895.8575669173151,47.09738965512491,14.245954590575272,4.51863568438408,77.55925702548512,0
1765959875000401000,464.75340087890623,809.4475632552058,1.3285669864801608,180,12.960576808454713,895.8575669173151,47.09738965512491,14.24595459057527,4.555397433408062,77.55925702548512,0
1765959876000410000,465.75341015625,809.4475632552058,1.3390736003035897,180,12.960576808454713,895.8575669173151,47.09738965512491,14.24595459057527,4.627807331950877,77.55925702548512,0
1765959877000418000,466.75341796875,809.4475632552058,1.2804725034809692,180,12.960576808454713,895.8575669173151,47.09738965512491,14.245954590575272,4.361057807355675,77.55925702548512,0
1765959878000426800,467.7534267578125,809.4475632552058,1.270204024295893,180,12.960576808454713,895.8575669173151,47.09738965512491,14.24595459057527,4.301380647083339,77.55925702548512,0
1765959879000434400,468.7534343261719,809.4475632552058,1.1717497012990057,180,12.960576808454713,895.8575669173151,47.09738965512491,14.245954590575272,4.316143387216799,77.55925702548512,0
1765959880000443000,469.75344287109374,809.4475632552058,1.159409691396343,180,12.960576808454713,895.8575669173151,47.09738965512491,14.245954590575272,4.524386908263173,77.55925702548512,0
1765959881000450000,470.7534499511719,809.5294106127694,1.4046535723184015,180,12.9605805017276,895.9394142748788,47.09738512933442,14.245954590575266,4.881397357564178,77.5592470692445,0
1765959882000458800,471.75345874023435,809.5294106127694,1.368618727186682,180,12.9605805017276,895.9394142748788,47.09738512933442,14.245954590575272,5.0645145305943045,77.5592470692445,0
1765959883000467700,472.7534677734375,809.5294106127694,1.3656242414032145,180,12.9605805017276,895.9394142748788,47.09738512933442,14.245954590575272,5.2069255369001,77.5592470692445,0
1765959884000475600,473.7534755859375,809.5762989008799,1.4260657952049072,180,12.960577191163633,895.9863025629893,47.09738788599382,14.245954590259224,5.002308972278619,77.55925263987369,0.04785863298516611
1765959885000484000,474.75348413085936,809.5493650082499,1.4330569966477817,180,12.960578920139197,895.9593686703593,47.09738558255342,14.24595459000028,4.927022042262518,77.55924750241037,0.05601518175709698
1765959886000491500,475.7534914550781,809.657145052217,1.3883979557508161,180,12.96057241684325,896.0671487143263,47.09738922002047,14.245954590391586,5.38813035069768,77.55925385950174,0.01770873172746789
1765959887000500200,476.75350024414064,809.5924451546744,1.4179482871574745,180,12.960572684803266,896.0024488167837,47.09738990075005,14.245954588994913,5.428890730618991,77.55925574022244,0.11615063970247078
1765959888000508400,477.7535083007813,809.5757530219853,1.385902324284275,180,12.96057278924679,895.9857566840947,47.097392584964894,14.245954588776566,5.633145461054005,77.55926271310068,0.23433432533402074
1765959889000516400,478.75351635742186,809.6044724080712,1.4037698422785925,180,12.960574713657453,896.0144760701805,47.097389570540706,14.245954589610934,5.857996065863988,77.55925583250453,0.18030630736739447
1765959890000525000,479.7535251464844,809.5205695265904,1.3426712684854913,176.77288712585184,12.960588026120478,895.9305731886998,32.690587944763074,14.245954588813767,5.810164448041003,77.55925905152426,0.5913768892547342
1765959891000532700,480.75353271484374,809.6144361728802,1.0295287885470277,97.60206816712976,12.960601203565103,896.0244398349896,12.6834013667936,14.245954583917547,5.629400180975854,77.559256149389,0.8454232688045312
1765959892000541200,481.7535412597656,809.6749967793003,1.092511231938791,79.89570092705259,12.960604149473793,896.0850004414096,33.02439311909169,14.245954587941776,5.3254886345034835,77.55927634649967,1.0893619081471526
1765959893000549600,482.7535495605469,809.7216375395656,0.9853789583110459,43.27021048902583,12.96063162009385,896.1316412016749,22.452798476194587,14.245954576572535,5.825140453727384,77.5592756519977,1.8436413002481649
1765959894000557300,483.7535573730469,810.0605868212879,1.0503398421824566,43.906476560796364,12.960649671363882,896.4705904833972,13.648080683831447,14.24595459327172,5.5040941264998375,77.55926831743888,1.9303400026701445
1765959895000565500,484.7535654296875,810.1258863741532,1.1028513094238204,41.75773415004894,12.96067210428748,896.5358900362626,357.13974451179126,14.24595461703237,5.477964088728482,77.55924870063747,2.1337476401583815
1765959896000574200,485.75357421875,810.2391753271222,1.0146719377549167,31.53864604180894,12.960706500256723,896.6491789892316,359.16604399447715,14.245954624806732,5.907734049614701,77.55924999414503,2.6003379441033614
1765959897000581600,486.75358154296873,810.0457989266142,1.0374320246024764,30.948358562068517,12.960731575994101,896.4558025887236,3.4067742532520935,14.245954624561742,6.20326576357716,77.55925704896802,2.7157176667688048
1765959898000590300,487.75359033203125,810.3768623964861,1.0728374600621262,31.442533376876664,12.960760440361327,896.7868660585955,1.9835993878419982,14.2459545959674,6.137728782376277,77.55925760201636,2.757121284394716
1765959899000597500,488.7535974121094,810.4133399594575,1.054321826352378,27.496568356745744,12.960797525978737,896.8233436215669,357.39885657555936,14.245954589192488,6.160182921230774,77.55925004995979,3.0995241467840025
1765959900000606500,489.7536064453125,810.2008673269302,1.0786009153242984,30.132453371358622,12.960826673506313,896.6108709890395,6.7355982970376775,14.245954538605304,6.102396523238962,77.55925849886574,2.8986764403559224
1765959901000614700,490.7536147460938,810.1537785138935,1.1130055133139427,36.24097025246953,12.960850787655387,896.5637821760029,7.694917628476307,14.245954534903703,5.783758642138518,77.55925854113036,2.487261010332926
1765959902000622300,491.75362231445314,810.1955188317224,1.1023635248481058,38.27051303756599,12.960873940060804,896.6055224938318,1.7711636987395296,14.245954580084604,5.848270085766389,77.55925397720851,2.3329824705222335
1765959903000630300,492.7536303710938,810.4789393888786,1.0732518096250891,28.829562018327476,12.960908784719601,896.888943050988,356.58941955346455,14.245954590428902,5.921995214290959,77.55924946324069,3.010986531744551
1765959904000638500,493.75363842773436,810.7453907057643,1.0513473675467724,26.03584037132022,12.96094096181189,897.1553943678737,357.06924227777483,14.24595457512922,5.914929561369034,77.55924767699263,3.2638420045250935
1765959905000646700,494.7536467285156,810.7350778402761,1.0510210504497683,27.079928556744857,12.960967338276573,897.1450815023854,356.73347215012984,14.245954585536317,5.872410682360712,77.55924902149756,3.1416470237553855
1765959906000655000,495.75365502929685,810.6252550752833,1.031762445947623,27.521991973341173,12.960998848081086,897.0352587373927,1.8230510484330156,14.245954634581024,6.487209327170754,77.55925194356558,3.03705324538765
1765959907000663800,496.75366381835937,811.1178058171645,0.961404684842034,22.664442024935116,12.96103301744977,897.5278094792739,359.44564409453614,14.245954734085153,7.3060733428757745,77.5592455142452,3.425832423263728
1765959908000671000,497.7536708984375,810.8152247779071,0.9749677798064222,20.618819422521852,12.961073187191465,897.2252284400165,0.9560459293240486,14.245954795174171,7.695015952267618,77.5592448176202,3.830935122912465
1765959909000679400,498.7536794433594,811.1739513296634,0.9651586519591392,15.989386512789967,12.961125204507027,897.5839549917728,7.301086496539346,14.245954918342479,8.31106959720141,77.55925163255851,4.88714906390713
1765959910000687000,499.75368701171874,811.0779396779835,1.0126045131551813,13.777021782481826,12.961185798244047,897.4879433400929,5.467083933108247,14.24595506180188,9.16376663142148,77.55925266743722,5.952290701917812
1765959911000696000,500.75369604492187,811.5449869511649,0.959680329577566,12.858824237628193,12.961238887681207,897.9549906132743,9.942186777007738,14.24595489582798,9.463622891783535,77.55926803483305,6.036808355489522
1765959912000704300,501.7537043457031,810.9004441779107,1.0786231097925971,14.876578934295472,12.961289618261546,897.3104478400201,15.386858146955836,14.24595476640167,9.790999528702475,77.55928819879513,5.87494743592028
1765959913000712400,502.75371240234375,810.8116118917242,1.2186144969884676,17.500219842399883,12.961338614577885,897.2216155538335,20.43764353273904,14.24595468377639,8.253274216418742,77.55930866605291,5.6421749843992215
1765959914000719600,503.7537197265625,810.5845860699192,1.1275615992561094,20.047189026903133,12.961364461607749,896.9945897320285,25.44880782049907,14.245954646007124,8.916083423875687,77.55932390039897,4.555813961586732
1765959915000727600,504.7537275390625,810.6386796478182,0.9856785905269012,27.35302717042325,12.961380283911847,897.0486833099276,14.241596237562753,14.245954704518875,10.832793114730267,77.55931998603292,2.916421460442888
1765959916000736300,505.753736328125,810.4518221914768,0.9542794647201057,42.279902656753094,12.961392566379484,896.8618258535862,3.463709831237793,14.24595469793201,11.688836916095525,77.55920267659316,1.818038213227093
1765959917000744400,506.75374438476564,810.5031406441703,0.9542024406055609,47.60460854787914,12.961403537517254,896.9131443062797,3.463709831237793,14.245954709815353,12.476215350409017,77.55920335367132,1.6136060210471388
1765959918000752400,507.7537524414063,810.4554620264098,0.9704382787947086,71.49618021142308,12.961404720337617,896.8654656885192,3.463709831237793,14.245954711094575,13.081473423581272,77.55920342666832,1.0977397688569142
1765959919000760000,508.75376000976564,810.2829932942986,0.9137447343759489,62.829391326442774,12.961413301790058,896.692996956408,3.463709831237793,14.245954733064718,14.305934628158507,77.55920395626767,1.1760425810062238
1765959920000769300,509.7537692871094,810.3624981930479,0.9360809025843204,77.96932299379388,12.9614222491913,896.7725018551573,3.463709831237793,14.24595473491115,14.98884249014089,77.55920450845203,0.9698572573922242
1765959921000821000,510.7538210449219,810.2231951812282,0.9371814699479308,147.17945821093187,12.961425732503985,896.6331988433376,3.463709831237793,14.245954675870315,15.68652835752897,77.55920472342245,0.505886191936255
1765959922000827400,511.7538273925781,810.1827078768983,1.2744913923668397,180,12.961422465808077,896.5927115390077,3.463709831237793,14.245954605954221,16.74097263014039,77.55920452181994,0.09031720160078466
1765959923000821500,512.7538215332031,810.2834118390456,1.3801087740494131,180,12.961428572479763,896.693415501155,3.463709831237793,14.245954636538015,16.708138666485926,77.55920489869023,0.2854446763466992
1765959924000806700,513.753806640625,810.276257940568,1.354516966432456,180,12.961431966606309,896.6862616026774,3.463709831237793,14.245954630388914,17.438066882980266,77.55920510815693,0.22022301976131706
1765959925000802300,514.7538022460938,810.2152018342167,0.9585987153570605,180,12.961434094950173,896.6252054963261,3.463709831237793,14.245954590575272,19.087476545568602,77.55920523950638,0
1765959926000791600,515.7537915039062,810.2152018342167,0.9548463722854291,180,12.961434094950153,896.6252054963261,3.463709831237793,14.24595459057527,20.37186766762708,77.5592052395067,0
1765959927000779500,516.7537795410157,810.3447708813474,1.117668358399957,109.63555915620745,12.961483787294624,896.7547745434567,35.097599029541016,14.245954752539896,20.70950833550686,77.55926805809132,0.8199592416011161
1765959928000765000,517.7537648925781,810.1296084746718,0.921080519432488,180,12.961456917103204,896.5396121367812,16.46326987243238,14.245954756241243,21.793416154781802,77.5593280020453,1.0100306659644458
1765959929000747800,518.7537478027343,810.1521390387788,0.9002556552373223,180,12.961468029564216,896.5621427008882,15.189587935106747,14.245954766556133,23.11950881594849,77.55933025079179,1.1211940617435456
1765959930000729300,519.7537292480469,810.5867381067947,0.8884188349263163,40.66587595520975,12.961485356075448,896.996741768904,24.860822659066088,14.245955042691813,23.752498026662067,77.55934222293823,1.7152075616204372
1765959931000716300,520.7537163085938,810.3789152558893,0.8975185408053838,180,12.961497687181494,896.7889189179987,19.111215186140672,14.245954877446232,24.150265007512825,77.55934225011934,1.4571762924033687
1765959932000701400,521.7537014160156,810.1398653220385,0.8965568608875738,67.58969428353069,12.961533702423987,896.5498689841479,35.097599029541016,14.245954859334548,24.585641632559412,77.55930382407014,1.061308344931626
1765959933000693800,522.7536938476562,810.0041618244722,0.9007749923295084,44.402464069581654,12.961550400807083,896.4141654865816,35.097599029541016,14.245955019310854,25.05549679863476,77.55931578905279,1.638074482914905
1765959934000680000,523.7536799316406,809.8470915826038,0.8986166861139411,43.607702975692476,12.961563260315577,896.2570952447131,35.097599029541016,14.245955247075692,25.370619076168694,77.55932500334454,1.669396011360273
1765959935000666400,524.7536662597656,810.0485858339816,0.9301321371519798,32.78804984361422,12.961583066389139,896.458589496091,35.097599029541016,14.24595548253159,24.36752883419337,77.55933919511892,2.294095676365227
1765959936000654800,525.7536547851563,809.9028026079759,0.9372691377470653,24.070915063040104,12.961612723743658,896.3128062700853,35.097599029541016,14.245955584806351,23.273196580190408,77.55936044572893,3.1541993183831223
1765959937000644900,526.7536447753906,809.7350954012945,0.9591263533136127,19.824763613617996,12.961630064963375,896.1450990634039,22.033485412597656,14.245955444305153,21.066545036499154,77.55940054367882,3.9200334936846786
1765959938000636400,527.7536364746094,810.2057651020586,0.9685779018460902,18.365752071323513,12.961664854352914,896.615768764168,22.033485412597656,14.24595581863706,21.309244214012452,77.55941489936714,4.266890663348744
1765959939000627700,528.7536276855469,811.2873515337706,0.9744112282000791,14.611090687912304,12.961730273267579,897.6973551958799,42.70563888549805,14.24595604565655,20.731912132762496,77.55945549814658,5.384603077522567
1765959940000619500,529.7536196289062,810.8273748382926,0.9223190072197248,12.305330413964194,12.961776398198735,897.237378500402,42.70563888549805,14.245956134078453,21.389797555527007,77.55949890455877,6.071047956633912
1765959941000614100,530.7536142578125,810.7329028146341,0.962897184701982,12.167644435575296,12.961820887385345,897.1429064767435,42.70563888549805,14.245956037110096,20.30345686369658,77.55954077163744,6.411243146622781
1765959942000608000,531.7536079101562,811.4538763016462,0.9314194706447694,10.83016167989415,12.961870331845256,897.8638799637556,42.70563888549805,14.245956382104483,21.82715342664062,77.55958730193369,6.958131379175857
1765959943000603000,532.7536027832032,811.1540585123003,0.9365645300981371,10.672264087883038,12.961916863690314,897.5640621744096,38.20143508911133,14.245956346626437,21.800018493639882,77.55963219375329,7.106303487101612
1765959944000598300,533.7535983886719,810.9684776766226,0.9403239960902929,10.157875614782826,12.961964005030648,897.378481338732,38.20143508911133,14.245956140450652,21.697151630281898,77.55969148443646,7.49873443977885
1765959945000594700,534.7535947265625,810.49008519575,0.9650633707985298,11.180456660594016,12.962010558246748,896.9000888578594,38.20143508911133,14.245955716629586,21.08701551628612,77.55972727439543,6.993998375286596
1765959946000592400,535.7535922851563,810.7286003530025,0.92695394085457,9.949542458361783,12.962073689438048,897.1386040151119,38.20143508911133,14.245955880693549,21.81900095458833,77.5597718999124,7.546790817225983
1765959947000589300,536.7535893554688,810.7552139880136,0.9360318362676855,10.292520719008053,12.96212457416502,897.1652176501229,38.20143508911133,14.245955824480774,21.712480143034412,77.55981162169711,7.365425369513826
1765959948000588000,537.7535881347657,810.3590967301279,0.9203507941887722,10.661487759189567,12.962173894628078,896.7691003922373,38.20143508911133,14.24595566800669,22.062227148365594,77.559846247279,6.993719632660575
1765959949000586000,538.7535859375,811.8707279320806,0.9482139230561609,10.552691318668382,12.962234004748503,898.28073159419,38.20143508911133,14.245955057489715,15.126630971009156,77.55988418947476,7.278967453188724
1765959950000585200,539.7535852050781,813.218024270609,0.9303253561249502,10.302229337082373,12.962288635056973,899.6280279327184,38.20143508911133,14.245954861379227,12.593044165419858,77.55992121101661,7.288536367351242
1765959951000585500,540.7535854492188,813.1069259587675,0.9451361848401089,10.573443139860942,12.962340594892455,899.5169296208769,38.20143508911133,14.245954698912007,11.541464868677876,77.5599587572641,7.232792787474193
1765959952000584200,541.7535842285156,812.2163399672136,0.9336506082269027,10.609189677636962,12.962388099901688,898.626343629323,38.20143508911133,14.245954836457514,11.122995888337988,77.56000119105957,7.1289790764500225
1765959953000585200,542.7535852050781,813.0825279057026,0.9431719007338565,10.382898137444576,12.962445194044337,899.492531567812,38.46648406982422,14.24595490165914,10.630967980168121,77.56004473130646,7.356335433999406
1765959954000586800,543.7535866699219,812.4656344093382,0.9927252336730412,11.340438318380558,12.96249266381074,898.8756380714476,38.46648406982422,14.245954899692348,9.641225307616875,77.56008389292272,7.09234849764475
1765959955000586500,544.7535864257812,812.7995477188379,1.1037507975038607,13.432635690041543,12.962542815739653,899.2095513809472,38.46648406982422,14.245954760037595,7.797579159003866,77.56011035450913,6.657925718379953
1765959956000589300,545.7535893554688,812.7942999815568,1.087680893794346,12.536559917116895,12.962596038090231,899.2043036436662,38.266326904296875,14.245954646589116,6.85740452384222,77.5601591441164,7.030068314851148
1765959957000590000,546.7535900878906,812.7147047603503,1.0522410354881135,11.375203910551015,12.962647157111418,899.1247084224597,38.266326904296875,14.245954580513617,7.118221307286541,77.56021531123297,7.495349194777092
1765959958000592000,547.753591796875,813.2429284285754,1.0093479552014866,10.484064860327704,12.96270721629224,899.6529320906848,38.266326904296875,14.245954444530614,7.125631442755479,77.56026122825266,7.7980261279753424
1765959959000594400,548.7535944824219,813.0044783139601,1.008296583740371,10.506993425837704,12.962751051675188,899.4144819760695,38.266326904296875,14.245954446743852,7.032147943756939,77.56032362458392,7.776009229238087
1765959960000597000,549.7535969238281,812.9001918453723,1.0597584708868792,11.550136838429003,12.962813247703982,899.3101955074817,38.65953826904297,14.245954299477702,6.907573098076489,77.56035422558136,7.434545073183624
1765959961000599300,550.7535993652343,812.8554922165349,0.9563050670724695,10.572385732207445,12.96286392699457,899.2654958786443,38.65953826904297,14.245954468133078,7.134279380074453,77.56039556410511,7.329077867938616
1765959962000602600,551.7536025390625,813.1539219012484,1.0016666208179825,11.248149819343766,12.962921716741445,899.5639255633578,35.778228759765625,14.245954573611112,6.972935204954558,77.56042981489571,7.215689620564999
1765959963000605700,552.7536057128906,813.3658021744341,0.9985292941193897,10.980313931914685,12.962969073941409,899.7758058365434,35.778228759765625,14.245954479090997,7.260699561446313,77.56048539677104,7.368366824491516
1765959964000609300,553.753609375,813.0799661865458,0.984832834404975,10.215982425485407,12.963044630337881,899.4899698486552,35.778228759765625,14.245954464292518,7.590313749570697,77.56052831566521,7.81080030603407
1765959965000611600,554.7536115722656,813.9475415144116,0.9703635051472326,9.440603426878353,12.963138736635322,900.357545176521,38.49353790283203,14.24595462032325,8.145288150244488,77.56056645711035,8.326288219217572
1765959966000615200,555.753615234375,813.859534194693,0.9759592723419458,9.242053515967232,12.963203296444824,900.2695378568023,38.04409408569336,14.245954609922835,7.78142431487374,77.56061378944057,8.555543044006463
1765959967000619500,556.7536196289062,813.530364934355,0.986939597996997,9.057717847689418,12.963262979958191,899.9403685964644,38.04409408569336,14.245954639518274,8.066410009121363,77.56066728902792,8.828953286102935
1765959968000623000,557.753623046875,813.9532967526466,0.9752308061809382,8.650303867758875,12.963329077915898,900.3633004147559,38.04409408569336,14.245954662409952,8.461680772686075,77.56072031694377,9.133599174729689
1765959969000627500,558.7536274414063,813.055073371157,0.9647013132661565,8.161745130875108,12.96339893092907,899.4650770332664,38.04409408569336,14.245954810340594,8.884209292981412,77.5607808306678,9.571542015979155
1765959970000631800,559.7536318359375,812.0994898984209,0.9446919525290616,8.404074093253227,12.963453951365517,898.5094935605302,38.04409408569336,14.245954834804595,9.408511926963142,77.56083166601991,9.088897090055653
1765959971000635600,560.7536357421875,813.2623617267236,0.9748491959387444,8.441257179305326,12.963535549719351,899.672365388833,38.04409408569336,14.24595472933471,9.149426451225125,77.56086648002912,9.357654812430113
1765959972000640500,561.753640625,813.3256002794951,1.0239177330267595,8.887603466140463,12.963598053295906,899.7356039416045,38.04409408569336,14.245954652821498,8.791750919577863,77.5609266985107,9.334785227153086
1765959973000645400,562.7536452636718,813.0997165786102,1.1076655090058578,9.799209255499452,12.963663835112403,899.5097202407196,38.04409408569336,14.245954697163015,7.597237144823918,77.56097810222558,9.159223076463368
1765959974000650500,563.753650390625,813.7309418115765,1.1095711711756362,10.313422451484172,12.963725785555779,900.1409454736859,37.0550651550293,14.245954753378179,7.035481873437152,77.56102127241678,8.71530336552868
1765959975000654600,564.7536545410156,813.6593229640275,1.1015433796078908,10.440916821922798,12.963780872035946,900.0693266261369,37.0550651550293,14.245954721900322,6.324438920224671,77.56107463195755,8.548248226412538
1765959976000659000,565.7536589355469,813.715291342698,0.9940226578476761,9.347657020742966,12.963832011699898,900.1252950048074,37.0550651550293,14.245954810898171,7.02545719854678,77.56113750494215,8.615890600561155
1765959977000664800,566.7536647949219,814.0607466604561,1.0599940865580981,10.49750078025295,12.96389911116281,900.4707503225654,37.12419509887695,14.24595483479344,6.69941583156899,77.56117558762358,8.179847949716919
1765959978000669400,567.7536694335937,813.8626270182431,0.9278332723482812,9.28258414326685,12.963953222406909,900.2726306803524,37.12419509887695,14.24595486052141,7.6036814849285985,77.56122599997877,8.09882573892541
1765959979000675000,568.7536750488281,813.299653083086,1.0217590049435035,10.89899854172499,12.964001484509247,899.7096567451954,37.12419509887695,14.245954825107741,7.2027453733096465,77.56127175035846,7.594916457089486
1765959980000679400,569.7536794433594,812.3846781970933,1.1216127447430388,12.348544888386469,12.964058651237274,898.7946818592027,37.12419509887695,14.24595476401507,6.526958844191542,77.56131392562042,7.3492610060205275
1765959981000684500,570.7536845703125,812.1659596534446,0.9299702360298652,9.810297364006525,12.964124906353964,898.575963315554,37.12419509887695,14.245954790414729,7.397854742617415,77.56135203219812,7.6709375444085435
1765959982000689400,571.753689453125,812.5318209240213,1.0522961126670107,11.900814390205195,12.96416484482172,898.9418245861307,36.79490280151367,14.24595475669417,6.811267005050851,77.5614013801834,7.164153501665836
1765959983000695300,572.7536953125,811.6242372682318,1.2431012330800406,16.16357660215432,12.964202415234643,898.0342409303412,36.79490280151367,14.245954673901123,5.614598786819776,77.56143718259976,6.224121332846648
1765959984000701000,573.7537009277344,811.6132383141667,1.304791533373523,18.674299141469444,12.964232513234599,898.023241976276,36.79490280151367,14.245954661754574,4.829277821117559,77.56147401719002,5.657650934506746
1765959985000706300,574.7537062988281,811.3760314397514,1.3771728783543795,22.429667684448635,12.964257927352083,897.7860351018608,36.79490280151367,14.245954604087316,4.010545863132631,77.56149079474316,4.971991083118614
1765959986000712000,575.7537119140625,811.2091862540692,1.384377755348679,22.14156875225755,12.96430510030042,897.6191899161786,36.79490280151367,14.24595460701811,3.9030037289237516,77.56151065961747,5.06296222291187
1765959987000716800,576.753716796875,810.585040718317,1.5503999966349835,24.729458853812634,12.964343903136534,896.9950443804264,36.79490280151367,14.245954603229011,3.312997054526813,77.56153777266982,5.071535547908629
1765959988000722000,577.7537219238282,810.9900241466239,1.4801544871779078,24.316738454340392,12.964388037826216,897.4000278087333,36.79490280151367,14.245954624602113,3.3834361111069406,77.56155961913817,4.931908314766447
1765959989000728000,578.7537280273438,810.0991191640496,1.503738559952246,23.643362728539387,12.964428092682946,896.509122826159,36.79490280151367,14.245954660523918,3.3397620279131766,77.56160491264127,5.142864727684948
1765959990000734200,579.7537341308594,810.4580046832561,1.0464459340051224,14.41166174764688,12.964497996008243,896.8680083453655,36.79490280151367,14.245954624707828,4.188011411872657,77.56165098810072,5.883561457653098
1765959991000739000,580.7537390136719,810.119083520025,0.9477214569863708,12.985478358635579,12.964542583345933,896.5290871821344,37.229007720947266,14.24595462383395,4.767287151417308,77.56168052805008,5.913719270805532
1765959992000745200,581.7537451171875,809.4998810468242,0.9451144781906192,13.472091274006434,12.964587985744846,895.9098847089335,37.229007720947266,14.24595461199782,5.083933809258998,77.56171372547367,5.681841351667058
1765959993000751000,582.7537512207032,809.0482054464519,0.9470959868645987,16.144018275059892,12.964620014833187,895.4582091085613,37.229007720947266,14.245954605179284,5.683901077753126,77.56174263948797,4.748797439452322
1765959994000756500,583.7537565917969,808.941726917401,0.9218234400948017,16.767113663713307,12.964653475834016,895.3517305795103,37.229007720947266,14.24595460866126,6.010385414189931,77.56176816183336,4.452332491250299
1765959995000762000,584.7537622070313,808.7774323746562,0.9637499941604035,15.700587693718907,12.964696653152743,895.1874360367656,37.229007720947266,14.245954608764098,6.320087902037378,77.56179703056246,4.973628052507887
1765959996000768300,585.7537683105469,807.6991017172113,0.9893007755872006,15.466181014041302,12.964744388442003,894.1091053793207,37.229007720947266,14.245954575905467,6.139324002117537,77.56181781807426,5.1658060525811935
1765959997000774700,586.7537746582032,808.0338850114495,1.008816216724966,13.877468231250003,12.964796914380168,894.4438886735588,36.98040008544922,14.245954534861548,6.240876145730045,77.56185107722337,5.888912848383698
1765959998000780000,587.7537800292969,807.750501784496,0.9901234678889074,13.252346387484444,12.964831778679114,894.1605054466054,36.98040008544922,14.245954558991642,6.630457195119876,77.56189773822521,6.0528515889229455
1765959999000786000,588.7537858886719,808.5813017077744,0.9081325564359023,10.891467458029153,12.964877820016309,894.9913053698838,36.98040008544922,14.245954573913313,7.406652651344249,77.56194309246621,6.745519985950853
1765960000000792000,589.7537919921875,808.6952677313238,0.911112983106501,9.452748952195911,12.96494163832629,895.1052713934332,35.92729187011719,14.245954496865602,7.977139947981778,77.56198355776671,7.801513108617064
1765960001000797700,590.7537976074219,807.9449764359742,0.9208637872975104,8.58016710378464,12.965016251535097,894.3549800980836,34.775394439697266,14.2459545265785,8.572232865577321,77.56202876751263,8.696296649966571
1765960002000803600,591.7538034667969,807.6524105537683,0.9218086437225532,8.394447265452788,12.965085224125751,894.0624142158777,34.576358795166016,14.245954564369942,8.87952460569801,77.5620757852073,8.89787390500491
1765960003000809700,592.7538098144531,807.2580007975921,0.9075044666909284,8.316617159030185,12.96515642899879,893.6680044597015,34.576358795166016,14.245954455248686,9.259884344538063,77.56212214683949,8.841796260668588
1765960004000815400,593.7538154296875,805.7052092030644,0.9096312448860595,8.356708604946043,12.965228105641627,892.1152128651738,34.576358795166016,14.245954473456452,9.782250891652446,77.56216706940319,8.80128290543585
1765960005000821000,594.7538210449219,805.9798676064238,0.9213841200713327,8.266820505617826,12.965300001716187,892.3898712685332,32.833641052246094,14.245954487981074,9.929298622150524,77.56221841817384,9.030717708763557
1765960006000827400,595.7538273925782,806.7574009001255,0.9079233204936206,7.417112423581114,12.965385787901793,893.1674045622349,32.833641052246094,14.245954445018135,10.355199329985638,77.5622714617274,9.907620164568572
1765960007000833800,596.7538337402344,805.774069734849,0.916550784172838,7.558417733495612,12.965459764582148,892.1840733969584,32.65861129760742,14.245954408188148,10.546625539720628,77.56231835499777,9.825432030992971
1765960008000839700,597.7538395996094,805.1896775849164,0.9117490825199093,7.666785580911069,12.965534263015762,891.5996812470257,32.65861129760742,14.245954292637794,11.083589708419739,77.56236389141552,9.636061662572871
1765960009000845600,598.7538454589844,803.6519013503566,0.9048501066166096,8.531360379918583,12.965591038846075,890.061905012466,32.65808868408203,14.245954311762187,11.069473782481696,77.56240322426095,8.581829828217659
1765960010000851700,599.7538518066406,802.6697674309835,0.909139641134065,7.5735080903442284,12.965677684527664,889.0797710930929,32.65808868408203,14.24595415790481,11.437056787176033,77.5624551864431,9.707321110130339
1765960011000857600,600.7538576660156,802.7449002331123,0.9052786562970311,8.01307159365687,12.965746393146935,889.1549038952217,33.28916549682617,14.24595426172564,11.668588459105052,77.56249579611233,9.150194593355822
1765960012000863500,601.7538635253907,801.907637710683,0.9043086399414734,9.013248130720935,12.965803473546098,888.3176413727924,33.28916549682617,14.245954233538551,11.61032161983827,77.5625298618529,8.12095708835281
1765960013000870000,602.7538698730468,801.5125222224742,0.9080564272063462,10.094300930319761,12.965854890492704,887.9225258845836,31.42256736755371,14.245954219085869,11.951456919695367,77.56256115507395,7.27931985900379
1765960014000876000,603.7538759765625,801.6266632927582,0.930729746918784,11.334632061964095,12.965901469980215,888.0366669548675,31.42256736755371,14.245954519717072,11.733590679382338,77.56259524186302,6.650462504853951
1765960015000881200,604.7538811035156,801.3432294782251,0.9715965050663566,14.68703429650307,12.965934585827029,887.7532331403345,31.42256736755371,14.245954667436386,11.008904684032915,77.56261550009823,5.35594071495861
1765960016000887300,605.7538872070312,800.9678535880521,0.9128329575399722,16.96511262868868,12.965962394746086,887.3778572501615,31.42256736755371,14.245954593403935,11.393545217224302,77.56262888872148,4.348599237763714
1765960017000894000,606.7538940429688,801.3076738994569,0.9095485160079609,17.684647485576612,12.965990497930576,887.7176775615662,31.42256736755371,14.245954573497684,11.758763259720634,77.5626527494728,4.165479111428524
1765960018000900900,607.7539008789063,801.7389033986256,0.9090603627905541,14.924778727922952,12.966037061534575,888.1489070607349,31.42256736755371,14.245954473627036,11.875348536120681,77.56267240151932,4.934281464048503
1765960019000906000,608.7539060058593,802.0661901207641,0.9126902880702806,13.868035664419597,12.96608041978675,888.4761937828735,31.42256736755371,14.245954415965512,11.923067465858097,77.56270255433064,5.3273449493459575
1765960020000912400,609.7539123535156,802.1325969416648,0.902503499053815,12.139668449961789,12.966131641659805,888.5426006037742,31.42256736755371,14.245954485027559,12.074550234281569,77.56273683316658,6.021311850751811
1765960021000918000,610.75391796875,802.0080783180892,0.9220511714659638,11.309922942015145,12.966181516220297,888.4180819801986,32.97764205932617,14.245954524676902,11.878066609504419,77.56278134221283,6.605873202989848
1765960022000924700,611.7539245605469,802.176244944334,0.9006444148764665,10.921331771123278,12.96623789622733,888.5862486064434,32.97764205932617,14.24595452418628,12.262179894348389,77.56280690539161,6.681125947894099
1765960023000930300,612.7539304199219,801.6698340252042,0.9488853265741983,11.035242364498295,12.966294866047035,888.0798376873136,32.97764205932617,14.245954482225438,10.841943700881608,77.56284225891109,6.966923466017873
1765960024000937000,613.7539370117188,801.3098747320473,0.9858760949636858,12.419500175777243,12.966337700983969,887.7198783941567,32.97764205932617,14.245954444087914,9.658522684561897,77.56287754840528,6.428635927616838
1765960025000943400,614.753943359375,801.3546055154875,0.9211231347448389,12.002164570795156,12.966381150450742,887.7646091775969,29.769203186035156,14.24595437465197,11.204801192298065,77.56291468219011,6.216974057551009
1765960026000949000,615.7539489746093,802.1040724851191,0.9003964704478358,11.540019118251687,12.966436212505212,888.5140761472285,29.769203186035156,14.245954369814658,11.544816665895441,77.56294135898015,6.318563410008914
1765960027000955600,616.7539555664063,802.2042939066887,0.9083531648857625,11.154565355633295,12.966490408119101,888.6142975687981,29.769203186035156,14.24595435196609,11.854392083462113,77.56297337836318,6.591508192706536
1765960028000960500,617.7539604492188,802.0938363960013,0.9082231188866123,10.112846746377311,12.966554617994143,888.5038400581107,29.769203186035156,14.245954337773137,11.865638749031488,77.56301210459218,7.2748012786046345
1765960029000967000,618.753966796875,801.8668773118407,0.9096883860394375,9.601897404421308,12.966618280026175,888.27688097395,29.769203186035156,14.245954376094879,11.829455254799546,77.5630510171853,7.676614770218261
1765960030000972800,619.7539729003906,802.3928967574611,0.9090754848886842,9.243536538173379,12.966681883203616,888.8029004195705,30.168235778808594,14.245954352718629,11.921593627702574,77.56309041706874,7.964784120953249
1765960031000979700,620.7539797363281,801.471890732646,0.934248938063756,8.887135082738512,12.966749724893882,887.8818943947554,30.96300506591797,14.245954358968625,11.641896430668158,77.56313699897152,8.515257376031109
1765960032000985300,621.7539853515625,802.8925688834861,0.9275451263147041,8.251430980104496,12.966826894394703,889.3025725455955,29.677041200371512,14.245954315712144,12.206581041478463,77.5631788776309,9.095684799415766
1765960033000991200,622.7539912109376,802.151144397445,0.9046728674025408,7.62062393879091,12.966902632216636,888.5611480595544,31.978629459210058,14.245954659291963,12.943961507931078,77.56323536522261,9.618416165264456
1765960034000998400,623.7539982910156,801.9588990639895,0.9031703354051704,7.433126276737316,12.9669819519627,888.3689027260989,31.080143780055824,14.245954767548684,13.407223539525265,77.56328524966278,9.845315258382467
1765960035001004800,624.7540048828125,801.3481037281454,0.9056006541485531,7.644516532667384,12.9670537477223,887.7581073902547,31.72385303782878,14.245954870010593,13.633823757944995,77.5633344922231,9.59776863684129
1765960036001010000,625.7540100097656,800.500710465014,0.9246433734224786,8.395364601135297,12.967116884779928,886.9107141271234,34.55991744995117,14.24595461576827,12.840513997471072,77.56337781671446,8.91397121293045
1765960037001016600,626.7540166015625,800.6939522344619,0.9048392208600071,8.865484504195445,12.967175341296315,887.1039558965713,34.55991744995117,14.245954740619053,13.474846408444648,77.56341593088709,8.267805603846451
1765960038001022000,627.7540219726562,800.6112474612892,0.9068344905111625,8.923797305751282,12.967236682773635,887.0212511233985,34.55991744995117,14.245954782456781,13.42340932714466,77.56345839050842,8.232638595112922
1765960039001029000,628.7540290527344,799.7043506996706,0.900985550227426,8.581395464741439,12.967299320560079,886.11435436178,35.542198181152344,14.245954633572202,13.269258027521731,77.56350674919707,8.490967835181456
1765960040001034800,629.7540346679688,799.5899889236316,0.907620090025445,8.783774883612223,12.967357436743791,885.999992585741,36.75001907348633,14.245954664490974,13.18312312781471,77.5635518785072,8.365237419749446
1765960041001041000,630.754041015625,800.3381010163575,0.9060082666370497,8.915958974892789,12.967416065918146,886.7481046784669,36.75001907348633,14.245954808947618,13.274947499574143,77.56359806774977,8.232353815626782
1765960042001047000,631.7540471191406,800.0798595352098,0.9125247454029378,9.538388639139878,12.967467146171133,886.4898631973192,36.75001907348633,14.245954840115125,13.228082119064224,77.5636412780251,7.7517233729349675
1765960043001053400,632.7540534667969,799.8680869974196,0.9133645517253716,10.649228776726051,12.967515198565792,886.278090659529,36.75001907348633,14.245954560737694,13.934416703307232,77.56367507192098,6.949462095264112
1765960044001059000,633.7540590820313,799.3236815156415,0.9506270384366357,13.03375984866828,12.967549506670332,885.7336851777509,36.75001907348633,14.245954547977101,12.920847009962085,77.56370376737856,5.902142730514925
1765960045001065200,634.7540651855469,799.2530557652935,0.947245156028554,14.395308925116813,12.967586542996367,885.6630594274029,36.75001907348633,14.245954656397135,12.635677250382688,77.5637271414652,5.325413468991729
1765960046001071600,635.7540715332032,800.0101303635165,0.9072911675595573,15.683398919262586,12.967614838043993,886.4201340256259,36.75001907348633,14.24595466796117,13.068608440258904,77.56375285457416,4.686430770884359
1765960047000537900,636.7535378417969,800.1425434378907,0.9577534553981724,19.329086203483683,12.96763980100103,886.5525471000001,37.238555908203125,14.245954595972739,12.377563340363169,77.5637756774591,4.01280184665576
1765960048000536300,637.7535363769531,800.0216834358871,0.9031477247191846,18.16426705649023,12.967677127985239,886.4316870979965,37.238555908203125,14.245954585046904,12.771185874249955,77.56379012903454,4.02828595241744
1765960049000536800,638.7535368652344,799.4047102481127,0.914017082231579,16.177313959894434,12.967711568193698,885.814713910222,37.238555908203125,14.245954687108702,12.661819186483848,77.5638238217755,4.570387771462308
1765960050000529400,639.753529296875,799.1205919738859,0.9249240048344668,15.346628684132531,12.96774707005849,885.5305956359953,34.377044677734375,14.245954873361192,12.655831916363042,77.56385273586639,4.873630543098938
1765960051000519000,640.7535187988282,798.9350516628474,0.9066297134882727,12.783184338694598,12.967797615207383,885.3450553249568,34.377044677734375,14.245954892243486,13.223476521561933,77.56388563445539,5.73968191607883
1765960052000514300,641.7535144042969,798.3269337685779,0.900516965822011,10.885107546626953,12.967858436997364,884.7369374306872,34.377044677734375,14.245954895407223,13.442057274779938,77.5639191369767,6.686497236593012
1765960053000505900,642.753505859375,798.1375163244084,0.9251696230511485,9.78442411981032,12.967917745256246,884.5475199865177,36.03593444824219,14.245954701272108,13.110038239343114,77.56396893957037,7.647349106939487
1765960054000488000,643.7534880371094,798.6611778493971,0.9310313468761895,10.176381950668313,12.967965433013228,885.0711815115064,36.03593444824219,14.245954174023847,12.544277102774121,77.56401180846316,7.413044162107576
1765960055000476200,644.7534760742187,798.6988145243376,0.9481501802946727,10.529337906598473,12.968022876464579,885.108818186447,36.03593444824219,14.245954152089404,12.141798033390055,77.5640484900756,7.296057577148928
1765960056000466400,645.7534665527344,798.5908205844462,0.9598132430999152,11.517568242299305,12.96807041022772,885.0008242465556,36.03799057006836,14.245954321253631,11.859763028320295,77.56408044466318,6.750031321391101
1765960057000458200,646.7534582519531,799.4164570560679,0.9180878808651878,10.735744258548205,12.968121878329512,885.8264607181773,36.116416931152344,14.245954381298253,12.796464336004288,77.56411514203413,6.927576235313748
1765960058000453400,647.7534533691406,799.5656813150272,0.9242301822366724,10.190412755830293,12.968177465478316,885.9756849771366,36.116416931152344,14.245954221605615,12.676583600296098,77.56415737519593,7.34828784370472
1765960059000443400,648.753443359375,800.275899338536,0.9122252575191405,9.036274519980754,12.968243408744828,886.6859030006453,36.116416931152344,14.245954306536392,12.574964005871953,77.56420663982254,8.172681873870633
1765960060000428800,649.7534287109376,800.7786592897028,0.9121396741811818,8.461833483968208,12.968312957925512,887.1886629518121,36.116416931152344,14.24595448618932,12.684245967813872,77.564255766875,8.723739115674393
1765960061000422400,650.7534223632813,800.462265859358,0.9156309490237579,8.52207263436634,12.968377817471865,886.8722695214674,36.116416931152344,14.245954598075045,12.652913132813069,77.56430289773029,8.704160133163093
1765960062000418300,651.7534182128907,800.3280480736867,0.9113762716516678,8.946619304159503,12.968434029096663,886.738051735796,39.229515075683594,14.24595457445692,12.565446266413264,77.5643478856468,8.25408409115604
1765960063000414200,652.7534143066406,800.153462043032,0.9330650524421719,9.304562642064221,12.968492178338352,886.5634657051414,39.229515075683594,14.245954847352115,12.374727042468741,77.56439529038882,8.126079253156487
1765960064000411100,653.7534111328125,800.1606976157054,0.9231907170657865,9.014324976034825,12.9685535024849,886.5707012778148,38.47812271118164,14.245954768697542,12.429011154044186,77.56444174991226,8.297878872640837
1765960065000408000,654.7534079589843,800.5294955102727,0.9303676958619485,9.398136406854253,12.968608035672652,886.939499172382,38.47812271118164,14.24595483694861,12.224990141060422,77.56448432009282,8.019852026554602
1765960066000406300,655.75340625,801.0226105563343,0.9309917251936809,9.437912112497509,12.968663396496774,887.4326142184436,38.47812271118164,14.245954934451612,12.14644276936277,77.5645304990477,7.985547581823565
1765960067000404700,656.7534047851562,801.2756211543456,0.9159781602482072,8.934232237333163,12.968724312818004,887.685624816455,39.14686965942383,14.245954977914494,12.620110241220825,77.56457956422804,8.299106104911008
1765960068000406500,657.7534064941407,801.7512194197625,0.9138044456198516,8.831750280150668,12.968782325468153,888.1612230818719,39.14686965942383,14.24595493252697,12.786866669029727,77.5646298095848,8.37374662939452
1765960069000401400,658.7534013671875,801.6731947083026,0.9159961370484809,8.94811599533442,12.968841689302781,888.083198370412,39.14686965942383,14.245954835295267,12.621887539228696,77.56467764761004,8.292853313422475
1765960070000401400,659.7534013671875,801.486498597078,0.9253362551633034,9.176130832642825,12.968900497548638,887.8965022591874,40.39042663574219,14.245955019541059,12.403870186804083,77.56472458133364,8.171084474690598
1765960071000401000,660.7534008789063,801.6559281647205,0.9222392073021836,9.385542347945695,12.968956118068117,888.0659318268299,40.39042663574219,14.245955078043156,12.417260698190145,77.56476929303152,7.961943831700032
1765960072000401400,661.7534013671875,802.9072418604046,0.9102217549945706,9.128399322041794,12.969012934500732,889.317245522514,40.39042663574219,14.245954818748242,12.517632626566652,77.56481487766648,8.06461087524466
1765960073000401400,662.7534013671875,802.9639365961775,0.930810604875912,9.369955869021862,12.969065255848998,889.3739402582869,40.39042663574219,14.245954818947222,12.157310997682353,77.56486254575388,8.04286451222057
1765960074000402000,663.7534018554687,803.2849142076448,0.9129744517235041,9.779573083875384,12.969112057290472,889.6949178697541,40.934749603271484,14.245954507913552,12.632798578722735,77.56490674986391,7.559158537249088
1765960075000403200,664.7534033203125,803.7503881668672,0.9225306633217119,10.458463583861041,12.969161253237287,890.1603918289766,40.934749603271484,14.245954430846144,12.5236798453572,77.56494520314098,7.139046215403801
1765960076000404500,665.7534045410156,804.1157590411603,0.9110538332225423,11.245132384905974,12.969201517660892,890.5257627032697,40.934749603271484,14.24595446597289,12.791914009926261,77.56498083769117,6.553781521566734
1765960077000405200,666.7534052734375,804.4427982475609,0.9146621655229751,10.91602874178155,12.969245503265006,890.8528019096702,40.934749603271484,14.24595446835429,13.207457954900146,77.56502743155882,6.7817012377613315
1765960078000407300,667.7534072265624,804.6511624753475,0.9127575984395264,10.433860487631062,12.96929312856954,891.0611661374569,40.934749603271484,14.24595477179482,13.286564122106995,77.56507447085275,7.081433323646071
1765960079000409900,668.7534099121094,804.6787511622533,0.9278157487650698,9.973047083879257,12.96934527226822,891.0887548243627,41.97869873046875,14.245954687023108,13.294985109604468,77.56512498786064,7.532554524076236
1765960080000411400,669.7534113769532,804.8561972668394,0.9029886510677806,9.177303542857965,12.969397563805536,891.2662009289488,42.23320388793945,14.245954735001188,13.583560976579703,77.56518144967455,7.96684950450835
1765960081000413400,670.7534133300782,804.5420094551519,0.9090958705745065,9.057609655141604,12.969450810218596,890.9520131172612,42.915917665231035,14.245954981569644,13.488222055813464,77.56523393767533,8.13261994428432
1765960082000415200,671.7534152832031,804.865764549002,0.9188208990930117,8.94659739234546,12.969508209956343,891.2757682111114,42.26576313834721,14.245955034853898,13.458415875521581,77.56528699430659,8.32072639794329
1765960083000418300,672.7534182128907,804.3777670525014,0.9504168495047434,9.053516079098783,12.969565643096491,890.7877707146108,42.55540000506987,14.245955015588889,12.70266915587942,77.5653425368828,8.504190711917046
1765960084000420000,673.7534201660156,805.0719803925604,0.9417646209235943,8.820957620582844,12.969623839536917,891.4819840546697,42.52753493455137,14.24595488994006,12.644192867252833,77.56539920862345,8.650017010365511
1765960085000423200,674.7534230957032,805.2959062550217,0.9522059036798582,8.774155846581197,12.96968474296111,891.7059099171311,41.765657884537774,14.245955008193945,12.149378410279903,77.56545471665379,8.792438623862328
1765960086000426000,675.7534260253906,804.8651074888185,0.9059003314254644,8.323563964642517,12.96974082062799,891.2751111509278,42.710220330612124,14.245955126239947,12.91130592131864,77.56551121346125,8.816865959707975
1765960087000429000,676.7534289550781,805.6919112857431,0.935188196471212,8.625008993143762,12.969797907229173,892.1019149478525,42.11497116088867,14.245955284896052,13.097324572035257,77.56556623430839,8.783483618636483
1765960088000432600,677.7534326171875,805.4246046664193,0.9348810930719312,8.99091556552072,12.969854141355398,891.8346083285287,42.11497116088867,14.245955232788125,13.001558953302446,77.56561230035535,8.425618883278394
1765960089000435200,678.7534353027344,805.8564600115642,0.9298446145389823,8.467587270615565,12.969922249250944,892.2664636736736,42.11497116088867,14.245955054622732,12.38102020268499,77.56566644948145,8.89768965293895
1765960090000438800,679.7534387207031,804.906652440317,0.9744330763615666,8.722196018016549,12.96998406037544,891.3166561024264,42.11497116088867,14.24595500829931,11.097707141768955,77.56572200847813,9.04032027412785
1765960091000442600,680.7534426269531,806.7408631071448,0.9364943866874287,8.546133944669027,12.970042556564255,893.1508667692542,42.11497116088867,14.245955268710041,11.636438609604857,77.56577432391035,8.872875744170097
1765960092000446200,681.7534462890625,806.5989377927035,0.9581885990219661,9.114000408734919,12.970096140775242,893.0089414548129,42.11497116088867,14.245955085911218,10.934862258158658,77.56582692834711,8.518538141306854
1765960093000449500,682.7534494628907,807.5719186188653,0.9565252349835791,10.554959613488103,12.9701370365799,893.9819222809747,42.11497116088867,14.245954998761757,10.631852114495068,77.56586112444104,7.334849789906875
1765960094000453000,683.753453125,808.2053177105263,0.9477936600176172,10.5697383372438,12.970182343621879,894.6153213726357,42.11497116088867,14.245955104376103,11.084447584640554,77.56590907956503,7.252936807755368
1765960095000456400,684.7534565429687,807.9002620046958,0.9663317941877032,10.220312798639494,12.970237065580827,894.3102656668052,42.11497116088867,14.245954941114885,10.873406958169783,77.56596012389048,7.6605304753461825
1765960096000460800,685.7534606933593,808.9523572688922,0.9781404542423561,9.942882212672076,12.970285913559836,895.3623609310016,42.11497116088867,14.245955094875114,10.120798414420141,77.56601625100984,7.960394405539531
1765960097000465000,686.75346484375,809.262787738815,0.9537855489823213,9.475760671181112,12.970344777688165,895.6727914009243,48.045379638671875,14.24595517904447,10.275816365421893,77.56606529234467,8.146771903283629
1765960098000468700,687.75346875,808.7444700989872,0.99064134969165,10.27489262522121,12.97039475482079,895.1544737610966,48.045379638671875,14.24595503483983,9.296553757754761,77.56611191631076,7.812221758240087
1765960099000472000,688.7534721679688,809.3882758170366,0.948210244833674,10.371433658770684,12.970433426763517,895.798279479146,48.045379638671875,14.245954994708997,9.361862956022248,77.56616462567384,7.404446785536068
1765960100000476400,689.7534763183594,809.4898466486484,0.9628803618650899,12.04271793178721,12.970471370247934,895.8998503107578,48.3065071105957,14.245954804453428,9.519357690023634,77.56620217496946,6.475138562207236
1765960101000480500,690.75348046875,809.3571964539587,0.9651566739722762,12.49315361866473,12.970514514819515,895.7672001160681,48.3065071105957,14.245954820963592,9.310923833132232,77.56623960189957,6.259533552751077
1765960102000484900,691.7534848632813,809.7677347986028,0.9711370089778109,12.7019767693526,12.970557473613455,896.1777384607121,48.3065071105957,14.245954693239106,9.399055013035436,77.56627752766155,6.191444570686994
1765960103000488200,692.75348828125,810.3086973493919,0.9593621500416469,12.806056932392314,12.970597806553746,896.7187010115013,48.3065071105957,14.24595459589874,9.548716728310728,77.5663162907172,6.05755115967379
1765960104000493000,693.7534931640625,809.9393012626097,0.9488480842254255,13.806369000272715,12.970628212363344,896.349304924719,48.3065071105957,14.245954471754118,9.533129998019565,77.56635229399828,5.568313781928709
1765960105000497000,694.7534968261718,811.0833651283756,1.0626326834982598,16.896108547838928,12.970661489252807,897.493368790485,48.30592727661133,14.245954458826164,8.573452566178737,77.56638075971986,5.072739342733733
1765960106000501200,695.7535012207031,811.0355181889609,1.064891789725959,15.634134249396906,12.970701609354029,897.4455218510702,40.258140563964844,14.24595458554556,8.012833718122604,77.56642089964465,5.509205160293289
1765960107000506400,696.7535063476563,810.930206278339,0.9261040465946054,12.781072939155893,12.97074511602686,897.3402099404484,40.258140563964844,14.245954471932523,8.696692362817535,77.56645694223732,5.867672375073031
1765960108000510000,697.7535100097656,811.4865874247625,0.9408506530149603,11.452587546788026,12.970794307211884,897.8965910868719,57.5377082824707,14.245954449446293,8.801610169077502,77.56650701057339,6.649137241960142
1765960109000514600,698.7535146484375,811.0713617773727,0.9193870174350083,10.344082708838101,12.970848033378338,897.481365439482,57.5377082824707,14.245954586544121,9.126112732210263,77.56655028474641,7.201475334542855
1765960110000519000,699.7535187988282,810.667435775511,0.9314472673328933,9.964544414995387,12.970897483261949,897.0774394376203,30.091825485229492,14.24595477977837,9.21940159646878,77.56660039178269,7.574220854972627
1765960111000523500,700.7535234375,810.5201146984473,1.0379550715113608,10.868406921303741,12.97095380108665,896.9301183605567,30.091825485229492,14.245955025591536,8.799300230871511,77.56664622045163,7.740478415306847
1765960112000528100,701.7535280761718,810.5018261456862,0.9668501871642508,9.220858661311714,12.971018370258497,896.9118298077956,30.091825485229492,14.245954786945946,9.343465979137331,77.56670544204542,8.495305476531247
1765960113000532700,702.7535327148438,810.136410785839,0.9609679712550909,9.130333595182012,12.971084461920281,896.5464144479483,30.091825485229492,14.245954592949806,9.369737485090763,77.56674694611917,8.525678969382563
1765960114000536600,703.7535366210938,809.8872434021905,0.982028849681955,9.60007035312841,12.971157576583161,896.2972470642999,26.727523803710938,14.24595452165454,8.495796591776793,77.56677396526189,8.285478403755903
1765960115000541700,704.7535417480469,808.8782798452303,0.955258084145645,9.744814491785363,12.97122241637444,895.2882835073397,26.727523803710938,14.24595454622673,9.223371745024567,77.56681510073064,7.921420699823903
1765960116000546600,705.7535466308593,809.4091148050502,0.9554397967878703,10.36940670734336,12.97127976788126,895.8191184671596,27.082849502563477,14.2459545877842,9.46896468442543,77.56684777365713,7.463830435892805
1765960117000550400,706.7535502929687,809.8454352179542,1.0080717721781796,12.451327876489238,12.97133208473078,896.2554388800636,27.082849502563477,14.245954586887855,8.784602413065793,77.56685702159439,6.559810488822868
1765960118000555300,707.7535551757812,809.4231826253235,1.0271192149650792,12.683291630899886,12.971387062898522,895.8331862874329,27.082849502563477,14.245954602540833,8.529768151898109,77.56688568725305,6.560200163434843
1765960119000559600,708.7535595703125,809.12445262447,0.9742064099226292,11.650084861173493,12.971446538854348,895.5344562865794,4.629532337188721,14.245954481230227,8.73643923790952,77.56689505268582,6.771101146395441
1765960120000564500,709.753564453125,809.2768780142069,1.0250995276045751,12.452457429948552,12.971508317348412,895.6868816763163,4.629532337188721,14.245954492275809,8.59272487573604,77.56690015366836,6.668110840309751
1765960121000568300,710.753568359375,808.7654186710715,1.1177899300660123,14.546790509567908,12.971553935372178,895.1754223331809,348.3509216308594,14.245954526341839,7.664454486934314,77.56687968225246,6.214348228590025
1765960122000574200,711.75357421875,808.2599212573841,1.1537617042141806,15.707799274762646,12.971602746094604,894.6699249194935,343.5770263671875,14.245954519672306,6.741803792224684,77.56686254208026,5.932723005427918
1765960123000578000,712.753578125,808.8303624177352,1.0568529465475365,13.524425164852616,12.971661406586527,895.2403660798445,343.5770263671875,14.245954427404929,7.245942068164057,77.56684491187653,6.33088291024153
1765960124000583200,713.7535832519532,808.5806849310175,1.0453911842141805,12.312505804629543,12.971724049689286,894.9906885931268,343.4442443847656,14.24595442592603,7.10819803829064,77.56682605020207,6.876297221919635
1765960125000587300,714.7535871582031,808.2100826688111,1.1974928610182691,13.071589842862878,12.971793233309743,894.6200863309205,345.19757080078125,14.245954472685854,5.857124635912447,77.56680646390406,7.417450602101563
1765960126000592600,715.7535925292968,808.9225724628195,1.4703881078006809,15.886441737127894,12.97185691505564,895.3325761249289,345.19757080078125,14.24595453761001,4.21103400597853,77.56678930474864,7.499466549274317
1765960127000596700,716.7535966796875,809.3572792001069,1.5322001559872593,16.27594966129486,12.971929252047595,895.7672828622162,345.19757080078125,14.245954477596985,3.863889029192894,77.56678111371326,7.625549582405222
1765960128000602000,717.7536020507813,808.962862377055,0.9857709345519851,11.125550565148147,12.971983092464578,895.3728660391644,345.19757080078125,14.245954325816946,6.420666664151737,77.56674928334049,7.180976540949547
1765960129000607000,718.7536069335938,808.1609698561952,1.1025940484418768,14.122183575311478,12.97203005729206,894.5709735183045,345.19757080078125,14.245954363657242,6.928987763317961,77.56673403473778,6.320629540574497
1765960130000610800,719.7536108398438,809.0591106144711,1.1909186598410926,14.760055429482307,12.972095375060844,895.4691142765805,345.19757080078125,14.245954392508178,6.755822725742787,77.5667060090293,6.5368879267681965
1765960131000615700,720.7536157226563,809.1100297821686,0.9334766938859597,10.098674850339599,12.972187390858462,895.5200334442779,344.7046203613281,14.245954389317667,8.041036451966026,77.56669741708764,7.487629579560178
1765960132000620800,721.7536208496093,808.5963615654036,0.9264732277675192,10.483934589381269,12.972252499635635,895.006365227513,345.84417724609375,14.245954452693525,8.44725984340916,77.56668730946119,7.160262143880311
1765960133000625700,722.7536257324218,808.9058622997254,0.96841781633341,12.31889814084305,12.97229763116519,895.3158659618348,345.84417724609375,14.245954490994807,8.700226566740174,77.56667350237839,6.368666610633202
1765960134000630000,723.7536301269531,809.2090032007545,0.9294074688845932,11.809787005490369,12.972355353356813,895.6190068628639,345.84417724609375,14.245954619627597,9.252827263492392,77.56665764205867,6.372988693139787
1765960135000635100,724.7536352539063,809.073545246385,0.9241519665950012,10.882225468586318,12.972419570075571,895.4835489084944,346.2513732910156,14.245954733403497,9.837351723839001,77.56664276461947,6.8795258082020405
1765960136000639500,725.7536394042969,808.7883866243064,0.9322758194294593,10.275042739599243,12.972489198047258,895.1983902864158,346.4755554199219,14.24595469025121,10.054630832171522,77.56662631008788,7.351848587947928
1765960137000644000,726.7536440429687,809.7696944382042,0.9362829573218419,9.540070131703201,12.972566013004885,896.1796981003135,346.4755554199219,14.245954673225752,10.075281441374194,77.5666134244613,7.937827461554462
1765960138000648700,727.7536486816406,809.6458832425997,0.9163076977897892,9.000168495622246,12.972641260243972,896.055886904709,346.4755554199219,14.24595463811786,10.378540015698706,77.56659400069938,8.242992826852346
1765960139000654300,728.753654296875,809.065935540013,0.9650874276529049,10.298068425492287,12.972704937901511,895.4759392021224,346.4755554199219,14.245954598506946,9.319512842343375,77.56657803410886,7.59353090926309
1765960140000658400,729.7536584472656,807.3985279267654,1.1415153650037153,14.839268098017573,12.972745402229098,893.8085315888748,346.4755554199219,14.245954536590162,6.807185534342125,77.56655108049821,6.200371171585828
1765960141000663800,730.7536638183594,808.6409041816369,1.0473425492626365,19.05388365211859,12.972766486623527,895.0509078437462,344.76715087890625,14.245954558449306,7.218697473714657,77.56654816111164,4.453597423310913
1765960142000668700,731.7536687011718,808.953406136483,1.0342249203132092,18.26150657238981,12.97280978636238,895.3634097985923,344.76715087890625,14.24595465064189,7.2235911185415285,77.56654397338974,4.587514242023782
1765960143000672800,732.7536728515626,809.1241907300428,1.0365008082504592,17.059484535579223,12.972856275990356,895.5341943921521,344.76715087890625,14.245954699095202,7.1565525696081895,77.56654181553421,4.921497186234942
1765960144000678400,733.7536784667968,809.3114526942372,1.0392988203288722,17.296333742511596,12.972891414127497,895.7214563563466,344.76715087890625,14.245954694067713,7.335371708770776,77.5665145668144,4.867404328707584
1765960145000683300,734.7536833496093,809.355391212739,1.076578469203899,19.382322847634217,12.972931212345584,895.7653948748484,344.76715087890625,14.245954594466992,6.90261144633316,77.56651896038116,4.5005026088295335
1765960146000687900,735.7536879882813,809.5993389571086,0.9891594573557969,21.66870303759299,12.97295316548786,896.0093426192179,344.1800231933594,14.245954624540634,7.233839749574488,77.56649572968101,3.696821375189659
1765960147000692000,736.7536918945312,809.504773597233,1.036559402732502,25.158255646066763,12.972979988535256,895.9147772593424,344.1800231933594,14.245954597557192,6.968114730834634,77.56648798001677,3.338386670098032
1765960148000696600,737.7536965332031,809.588709672913,1.0246415122044323,25.887743949111194,12.97300896049619,895.9987133350223,344.1800231933594,14.245954610385303,6.775462288904079,77.56647960948659,3.2070459771786783
1765960149000701700,738.7537016601563,809.7856539189816,1.026376632289349,26.411819216519078,12.973036518259153,896.1956575810909,344.1800231933594,14.245954614153213,6.575911811536346,77.56647164753998,3.148329584246622
1765960150000706800,739.7537067871094,809.8701403439045,1.0876755865273842,25.141508027655203,12.973068597916146,896.2801440060139,346.8836669921875,14.245954590944066,5.966802773516734,77.5664643671502,3.5050179765834697
1765960151000711400,740.7537114257813,810.1909535909072,1.0410983630928161,22.50222711852425,12.973109969611547,896.6009572530165,346.8836669921875,14.245954589390177,6.495190191717204,77.56645453770396,3.746050257683887
1765960152000715800,741.7537158203126,809.7717137280852,0.9902798749867064,23.706271467763735,12.973138005625577,896.1817173901945,346.8836669921875,14.24595462889046,6.756221035644745,77.56646498027122,3.3829007001609854
1765960153000721000,742.7537209472656,810.2987859649584,1.658172580043105,27.925417788976016,12.973184590448556,896.7087896270677,346.8836669921875,14.245954705074778,6.820671333417678,77.56643680863948,4.80019834153734
1765960154000725500,743.7537255859374,810.5342291379347,1.7220435299303833,22.657849265999964,12.973240132399983,896.9442328000441,346.2239685058594,13.898957420441748,7.183232670511914,77.5664073704017,6.146216653710906
1765960155000730000,744.7537302246094,811.0174848502502,1.9508593994446795,27.16210977194348,12.973286224373055,897.4274885123596,344.66448974609375,13.133753979081769,5.908094062928904,77.56638058803615,5.7762572673387576
1765960156000735700,745.7537358398438,810.8605114361271,1.8153040104084008,26.766935828688283,12.973329755844505,897.2705150982365,344.66448974609375,12.803770865236102,5.448677113971891,77.56637904258227,5.491695467734339
1765960157000740400,746.753740234375,811.1437518494204,1.7135797146736913,24.90896287635726,12.973376101281126,897.5537555115297,344.66448974609375,12.323393816061037,5.048679710950044,77.56635940004885,5.569030007206563
1765960158000745000,747.7537448730469,810.5537683842704,1.7284295529076772,26.136998149492197,12.973428141332331,896.9637720463797,344.66448974609375,11.853348788696225,5.606721086389327,77.56635085656873,5.29731433179498
1765960159000749800,748.7537497558594,810.7753235744312,1.634908988942315,31.820694673133765,12.973473865600543,897.1853272365406,344.66448974609375,11.432563714595997,6.8380554359537475,77.56633574341997,4.143958003704987
1765960160000754400,749.7537543945313,810.5814117612317,1.6785388539245454,53.24263488603611,12.973490960618806,896.9914154233411,344.66448974609375,11.089307245197976,6.5866388959153275,77.56632623983816,2.454979055252631
1765960161000759000,750.7537590332031,810.7882164251059,1.6970729672861682,65.21577380874314,12.973509613015878,897.1982200872153,344.66448974609375,10.808461090441252,6.453822278036278,77.56632115274952,1.9989314524189823
1765960162000764400,751.7537644042969,811.0394984045997,1.743771325886883,98.43193972903568,12.973525145992122,897.4495020667091,344.66448974609375,10.574422664077998,6.087330589237325,77.5663169950259,1.4312527404166984
1765960163000769000,752.7537690429688,811.1226666104048,3.7158408731229313,180,12.973528733932776,897.5326702725142,344.66448974609375,10.37639014414982,5.890381692567301,77.56631969256073,0.7613696920431359
1765960164000773600,753.7537736816406,811.2252328190953,3.825052977764413,180,12.973537095438227,897.6352364812046,344.66448974609375,10.206648001166498,5.555698709128161,77.56631950367317,0.1382967336198398
1765960165000778200,754.7537783203124,811.0468114782125,3.782506080292278,180,12.973542556936538,897.4568151403219,344.66448974609375,10.059538138357853,5.708187765159939,77.56631730350853,0.5468896198350365
1765960166000783400,755.7537834472656,811.0063500348479,3.7784385544460894,180,12.973558726454236,897.4163536969572,344.66448974609375,9.930817000983431,5.761257320375648,77.5663137191932,0.31688574529764857
1765960167000788700,756.7537888183593,810.9525209739804,3.76855373979489,180,12.973566830025982,897.3625246360898,344.66448974609375,9.817239528821698,5.647324439784844,77.5663116195936,0.37988151098769585
1765960168000793300,757.7537934570313,810.9400904234499,3.759949677129972,180,12.973574797392963,897.3500940855592,344.66448974609375,9.716281776754874,5.8604793590713955,77.56630867249302,0.5694177236109182
1765960169000798200,758.7537980957031,811.1009426778182,3.7683615844756138,180,12.973575719266123,897.5109463399276,344.66448974609375,9.625951157922145,5.721849155870477,77.56630569545041,0.22501298249969717
1765960170000802600,759.7538024902344,811.0705653419718,3.738785561328228,180,12.973577395083685,897.4805690040812,344.66448974609375,9.544653600984471,5.764507089861311,77.56630777426398,0.17891890781859282
1765960171000807700,760.7538076171875,811.0818213317543,3.771141176341933,180,12.97357695300808,897.4918249938637,344.66448974609375,9.467420921329037,5.471378376009173,77.56630651291661,0.14047922088578313
1765960172000812500,761.7538125,811.0740658612922,3.7270020741742016,180,12.973580261048687,897.4840695234016,344.66448974609375,9.39404987541782,5.842889309517302,77.56630667388953,0.052539025690445475
1765960173000594700,762.7535947265625,811.1554999696091,3.737429282628788,180,12.973580793072179,897.5655036317185,344.66448974609375,9.324347382210503,5.998214546908312,77.56630657288123,0.02353007406632227
1765960174000592000,763.753591796875,811.1764230104163,3.7252800812850215,180,12.973580662881535,897.5864266725257,344.66448974609375,9.258130013490193,6.12179863593713,77.56630659541963,0
1765960175000587000,764.7535869140625,811.1764230104163,3.743208975766339,180,12.973580662881535,897.5864266725257,344.66448974609375,9.195223512815684,6.069455780574954,77.56630659541963,0
1765960176000581000,765.7535810546875,811.3758990354836,3.7360785848302838,180,12.97358744786395,897.785902697593,344.66448974609375,9.135462336892491,6.181708007138812,77.56630914237316,0.028739828127284178
1765960177000578300,766.7535783691407,811.3760808371007,3.7372409819933003,180,12.97358730890717,897.7860844992101,344.66448974609375,9.078689220316155,6.143253259625139,77.56630918548015,0
1765960178000571000,767.7535708007813,811.3760808371007,3.742448257584718,180,12.97358730890717,897.7860844992101,344.66448974609375,9.024754759300345,6.081975821043268,77.56630918548015,0
1765960179000559900,768.7535598144531,811.3760808371007,3.737328966505209,180,12.97358730890717,897.7860844992101,344.66448974609375,9.018967079242328,6.057043913848158,77.56630918548015,0
1765960180000543200,769.7535432128906,811.3760808371007,1.4519754178235558,180,12.97358730890717,897.7860844992101,344.66448974609375,8.968018725280212,5.058602847713594,77.56630918548015,0
1765960181000530200,770.7535302734375,811.3760808371007,1.287151035484682,180,12.97358730890717,897.7860844992101,344.66448974609375,8.9196177890162,5.040579188513784,77.56630918548015,0
1765960182000518400,771.7535183105468,811.3760808371007,1.2507275234727993,180,12.97358730890717,897.7860844992101,344.66448974609375,8.88566692764521,5.201824866643019,77.56630918548015,0
1765960183000503600,772.7535036621093,811.3760808371007,1.2589862261615505,180,12.97358730890717,897.7860844992101,344.66448974609375,8.84138358126295,5.394654284010891,77.56630918548015,0
1765960184000488700,773.7534887695313,811.3760808371007,1.1043812238114878,180,12.97358730890717,897.7860844992101,344.66448974609375,8.799314402199801,5.293334277056416,77.56630918548015,0
1765960185000473900,774.7534738769531,811.3760808371007,1.0966348124320178,180,12.97358730890717,897.7860844992101,344.66448974609375,8.759348682089811,5.716943568181211,77.56630918548015,0
1765960186000464000,775.7534638671875,811.3760808371007,1.1986989846957823,180,12.97358730890717,897.7860844992101,344.66448974609375,8.721381247985322,5.7991311761545195,77.56630918548015,0
1765960187000455000,776.7534548339844,811.3760808371007,1.1028097126976446,180,12.97358730890717,897.7860844992101,344.66448974609375,8.685312185586055,5.6561422900315135,77.56630918548015,0
1765960188000446700,777.7534467773437,811.3760808371007,3.4858991349290473,180,12.97358730890717,897.7860844992101,344.66448974609375,8.651046576306753,5.825676369438605,77.56630918548015,0
1765960189000437800,778.7534377441406,811.4562353147194,3.844483303779106,180,12.97360299192271,897.8662389768288,344.62969970703125,8.618494241529143,5.382855691296572,77.56630834727255,1.0495021009934986
1765960190000430600,779.7534306640625,811.4359777616337,3.8204142916185524,180,12.973623940255267,897.8459814237431,344.62969970703125,8.587569517128687,5.387878670435698,77.56630672683637,1.7175581932667594
1765960191000424700,780.7534248046875,811.3413622863591,3.8025607263980596,180,12.973630248609945,897.7513659484684,344.62969970703125,8.558191048340532,5.354146499799302,77.56630569114293,1.1446864092000242
1765960192000418600,781.7534184570312,811.5071572856978,3.767342288456211,180,12.973649106439517,897.9171609478071,344.62969970703125,8.530281489051568,5.435981271247294,77.56630911095336,1.6593131143169282
1765960193000413400,782.7534133300782,811.7914016107097,3.7597442753738806,180,12.973663401097149,898.2014052728191,344.62969970703125,8.503767434361631,5.609100931784461,77.5663109396863,1.0496881017818231
1765960194000409000,783.7534091796875,811.8378764335066,3.796734113777997,180,12.973667284538243,898.247880095616,344.62969970703125,8.47857905866013,5.674084905864571,77.56630857999055,0.7448414749343365
1765960195000404700,784.7534047851562,811.9641659399495,3.756881598043178,180,12.97367510285509,898.3741696020588,344.62969970703125,8.454650108581323,5.614051378863,77.56630840417829,0.7274867528475824
1765960196000401000,785.7534008789063,811.9630493819714,3.782361261073301,180,12.973680541759098,898.3730530440807,344.62969970703125,8.431917601920155,5.741416731116866,77.56630806900161,0.6354334771642999
1765960197000398000,786.7533981933594,811.9329385273159,3.7913967836487745,180,12.973683195888043,898.3429421894252,344.62969970703125,8.410321720970806,5.624997286639796,77.56630793211072,0.4208077978360844
1765960198000394500,787.75339453125,811.8783848378807,3.75978553228238,180,12.973692388797922,898.2883884999901,344.62969970703125,8.389805634223034,5.426945571054184,77.56630562175383,0.5224418554709562
1765960199000392000,788.7533918457032,811.8627967303619,3.7928080526730623,180,12.97369024766664,898.2728003924713,344.62969970703125,8.370315352911977,5.47542064195226,77.56630608283284,0.0785430130767283
1765960200000391000,789.7533908691406,811.84653985966,3.789687642673492,180,12.973692039957823,898.2565435217693,344.62969970703125,8.351799585506782,5.043635309949914,77.56630738513772,0.05371974598491537
1765960201000389000,790.7533891601563,811.8511414602399,3.7785859648151643,180,12.973691694717857,898.2611451223493,344.62969970703125,8.334209605793298,4.781944709116879,77.56630736841164,0
1765960202000387600,791.7533876953125,811.8511414602399,3.771573854391833,180,12.973691694717857,898.2611451223493,344.62969970703125,8.317499125503632,4.389953771164907,77.56630736841164,0
1765960203000385500,792.7533854980469,811.8511414602399,3.785709791345587,180,12.973691694717857,898.2611451223493,344.62969970703125,8.301624169228448,4.147878865104263,77.56630736841164,0
1765960204000384800,793.753384765625,811.8511414602399,3.7577559173918265,180,12.973691694717857,898.2611451223493,344.62969970703125,8.286542960767028,4.201398650604584,77.56630736841164,0
1765960205000385000,794.7533850097657,811.8511414602399,3.7406344361663044,180,12.973691694717857,898.2611451223493,344.62969970703125,8.272215812728675,4.190708123549114,77.56630736841164,0
1765960206000384800,795.753384765625,811.8511414602399,3.7617381386293016,180,12.973691694717857,898.2611451223493,344.62969970703125,8.258605022092242,4.086846614546419,77.56630736841164,0
1765960207000384300,796.7533842773438,811.8511414602399,3.7512114749874383,180,12.973691694717857,898.2611451223493,344.62969970703125,8.377274699717777,3.9598027587908873,77.56630736841164,0
1765960208000385800,797.7533857421874,811.8511414602399,3.7155523322496564,180,12.973691694717857,898.2611451223493,344.62969970703125,8.481629306795385,4.068766178806516,77.56630736841164,0
1765960209000384500,798.7533845214843,811.8511414602399,3.7440349380064193,180,12.973691694717857,898.2611451223493,344.62969970703125,8.526183012697569,4.205293347727177,77.56630736841164,0
1765960210000385800,799.7533857421874,811.8511414602399,3.7697448315268165,180,12.973691694717857,898.2611451223493,344.62969970703125,8.49987386206269,4.27401078484466,77.56630736841164,0
1765960211000385800,800.7533857421874,811.8511414602399,3.7428685891764766,180,12.973691694717857,898.2611451223493,344.62969970703125,8.474880168959556,4.311344891688601,77.56630736841164,0
1765960212000387000,801.7533869628907,811.8511414602399,3.741567385601411,180,12.973691694717857,898.2611451223493,344.62969970703125,8.45113616051158,4.332511963644493,77.56630736841164,0
1765960213000387800,802.7533879394531,811.8511414602399,3.743633757242521,180,12.973691694717857,898.2611451223493,344.62969970703125,8.428579352486,4.3513976160668415,77.56630736841164,0
1765960214000389600,803.7533896484375,811.8511414602399,3.729617963117129,180,12.973691694717857,898.2611451223493,344.62969970703125,8.4071503848617,4.3840026823541,77.56630736841164,0
1765960215000390700,804.753390625,811.8511414602399,3.7551221303502302,180,12.973691694717857,898.2611451223493,344.62969970703125,8.386792865618613,4.415459281352227,77.56630736841164,0
1765960216000391700,805.7533916015625,811.766697213985,4.063243312378185,180,12.973705209297792,898.1767008760944,344.62969970703125,8.367453222377735,4.554886730218293,77.566304545112,0.020347691567252926
1765960217000394000,806.7533940429687,811.7357062567025,4.053240572065035,180,12.973706357827147,898.1457099188119,344.62969970703125,8.349080561266815,4.54843250977145,77.56630642844354,0.028499106797754192
1765960218000394800,807.7533947753906,811.750520311296,4.0471720469013865,180,12.973706167480058,898.1605239734054,344.62969970703125,8.399182950462,4.673225446919493,77.5663065521952,0.021826056556126575
1765960219000396800,808.7533967285157,811.5549583947286,4.068547587061288,180,12.973705486252413,897.964962056838,344.62969970703125,8.395244619031189,4.899594356965882,77.56630980653244,0.047702909098315996
1765960220000399400,809.7533994140625,811.5608857581392,4.085447808810184,180,12.973706321011768,897.9708894202486,344.62969970703125,8.37548238716569,5.07141864625074,77.56631102167391,0.06044620416833627
1765960221000401000,810.7534008789063,811.6158762946725,4.057123488654041,180,12.97370761768362,898.0258799567819,344.62969970703125,8.356708269178661,5.176639832320874,77.56630992291868,0.031498249414619615
1765960222000403000,811.7534028320313,811.6135162767023,4.0681334981292805,180,12.973707382098215,898.0235199388117,344.62969970703125,8.415015031436285,5.36647165761435,77.56631020975233,0
1765960223000405500,812.7534055175781,811.240656525828,4.041227698447433,180,12.973701049087294,897.6506601879373,344.62969970703125,8.394264281114681,5.364103190474594,77.56629554776474,0.05029165932570035
1765960224000407800,813.7534077148438,811.2300337841734,4.061924844033982,180,12.973701205954272,897.6400374462828,344.62969970703125,8.374551067975634,5.364564342881597,77.5662955037955,0.06208128262599084
1765960225000410000,814.75341015625,811.3307425407693,4.062127086034918,180,12.973704078757246,897.7407462028787,344.62969970703125,8.355823513501909,5.4270488304711035,77.5662946985699,0.01924099032307499
1765960226000412400,815.7534123535156,811.319737858139,3.969733342627846,180,12.973703761635253,897.7297415202484,344.62969970703125,8.45506148348914,5.360613906336677,77.56629478745674,0
1765960227000415200,816.7534152832031,811.319737858139,3.962744863316532,180,12.973703761635274,897.7297415202484,344.62969970703125,8.458024187563224,5.739309873468944,77.56629478745681,0
1765960228000417500,817.7534174804688,811.319737858139,3.9735300413734262,180,12.973703761635404,897.7297415202484,344.62969970703125,8.435122978185062,5.842918946407045,77.5662947874573,0
1765960229000419800,818.753419921875,811.319737858139,2.6721441250459907,180,12.973703761635406,897.7297415202484,344.62969970703125,8.413366829275809,6.001003230281777,77.5662947874573,0
1765960230000422400,819.7534223632813,811.319737858139,2.7393031200844065,180,12.973703761635381,897.7297415202484,344.62969970703125,8.392698487812018,6.04632780430629,77.56629478745721,0
1765960231000425200,820.7534252929687,811.319737858139,2.7257267132411975,180,12.973703761635406,897.7297415202484,344.62969970703125,8.373063563421416,6.015418541296265,77.5662947874573,0
1765960232000428000,821.7534279785157,811.319737858139,4.080547747999268,180,12.97370376163534,897.7297415202484,344.62969970703125,8.354410385250345,6.016808641370487,77.56629478745705,0
1765960233000431000,822.7534311523438,811.319737858139,4.0611321621182315,180,12.973703761635303,897.7297415202484,344.62969970703125,8.336689865987825,5.981214503771956,77.56629478745691,0
1765960234000433400,823.7534333496094,811.319737858139,4.0536427034816915,180,12.973703761635385,897.7297415202484,344.62969970703125,8.319855372688433,6.070034044761084,77.56629478745722,0
1765960235000435700,824.7534357910156,811.319737858139,4.053028369471232,180,12.973703761635406,897.7297415202484,344.62969970703125,8.303862604054013,6.147650916386776,77.5662947874573,0
1765960236000439000,825.7534389648438,811.319737858139,4.064852338865259,180,12.973703761635406,897.7297415202484,344.62969970703125,8.288669473851312,6.1723640071309305,77.5662947874573,0
1765960237000442600,826.7534426269531,811.9770636027679,4.065348900001956,180,12.973703777949291,898.3870672648773,344.62969970703125,8.274236003281398,6.172400004037045,77.56629478288275,0.6029772746120279
1765960238000446000,827.7534460449219,811.9270790712908,4.059855662004523,180,12.973723786922553,898.3370827334002,344.62969970703125,8.260524216036801,6.115503234955328,77.56630567424077,1.4333239905778032
1765960239000448800,828.7534487304688,811.7926397509873,4.0479614184818,180,12.973717861849835,898.2026434130967,344.62969970703125,8.24749799087601,6.022610622778777,77.56630458173986,0.058608880500909746
1765960240000451000,829.753451171875,811.820042271167,4.059743052176802,180,12.973712005586762,898.2300459332764,344.62969970703125,8.235123091558384,5.941635954971717,77.56630403330347,0.0859868678863138
1765960241000455000,830.7534548339844,811.8104119691998,4.059643697748034,180,12.97371143698175,898.2204156313092,344.62969970703125,8.223366936951548,5.81406940033789,77.56630547062018,0.07215352728367344
1765960242000458200,831.7534582519531,811.8377844616771,4.034413991914233,180,12.973711019342089,898.2477881237864,344.62969970703125,8.212198590020568,5.803508934594497,77.56630556763972,0.056689005430811415
1765960243000460000,832.7534599609374,811.8185364222154,4.068212940891356,180,12.97371279508268,898.2285400843248,344.62969970703125,8.20158866027954,5.7271017224436935,77.56630578990212,0.030170520287860776
1765960244000463400,833.7534633789063,811.8356558857486,4.058149388514805,180,12.973712503465592,898.2456595478579,344.62969970703125,8.19150922697035,5.62291326654448,77.56630678417623,0.009833021122885189
1765960245000466400,834.7534665527344,811.8344228910282,3.9781282609453057,180,12.97371011065597,898.2444265531376,344.62969970703125,8.181933765500302,5.388053603318323,77.56630715455087,0
1765960246000469800,835.7534697265625,811.8344228910282,3.988253328607194,180,12.97371011065597,898.2444265531376,344.62969970703125,8.172837077225287,5.324687177654811,77.56630715455087,0
1765960247000473000,836.7534731445312,811.7622127262875,3.742987351449907,180,12.973707981370637,898.1722163883969,344.62969970703125,8.164195223681226,5.338197897547418,77.56630856148921,0.032177812084221914
1765960248000476000,837.7534758300782,811.7374477721751,3.7497261234492263,180,12.973706832561904,898.1474514342844,344.62969970703125,8.155985462644816,5.277716076325913,77.56630839753207,0.03358046082576703
1765960249000479000,838.7534790039062,811.8050391944125,3.7262032189407748,180,12.973707541193077,898.2150428565219,344.62969970703125,8.148186189318176,5.501141850315005,77.56630831952445,0.013367544016058023
1765960250000482800,839.7534829101562,811.8270059954375,3.760213272735342,180,12.973703457389925,898.2370096575469,344.62969970703125,8.140776879631728,5.5470274804008355,77.566308458133,0
1765960251000484900,840.7534848632813,812.0806526038796,3.735529921926928,180,12.973705712349702,898.490656265989,344.62969970703125,8.133738037016421,5.649619895391508,77.56630890310255,0.06312843054829248
1765960252000489200,841.7534892578125,811.9969784077257,3.740813243058804,180,12.973707456003327,898.4069820698351,344.62969970703125,8.129384486579983,5.641200271060679,77.56630911978786,0.09431618091800835
1765960253000492000,842.7534919433593,811.8905671071261,3.7486085151169037,180,12.973707393533669,898.3005707692355,344.62969970703125,8.122915262200864,5.6518537819717825,77.56631021929014,0.08866750458957708
1765960254000495400,843.7534953613281,811.8292076792568,3.736160781801863,180,12.973706111088717,898.2392113413662,344.62969970703125,8.11676949866039,5.725804061919524,77.5663095903464,0.06307063807579151
1765960255000498200,844.7534982910156,811.707563358359,3.7709669449299,180,12.973705246076698,898.1175670204684,344.62969970703125,8.110931023737166,5.740337618526942,77.56630972090363,0.06255740974355647
1765960256000501800,845.7535017089843,811.7317202305421,3.724613034891283,180,12.973705399466281,898.1417238926515,344.62969970703125,8.105384472657086,5.676074341971041,77.56630971429051,0.06375205161408325
1765960257000505000,846.7535051269531,811.673482241109,3.7714542171624186,180,12.973703988304646,898.0834859032184,344.62969970703125,8.10011524898247,5.705811054917438,77.56630888407892,0.04711759342514517
1765960258000508200,847.7535080566406,811.7206235611811,3.726529092992429,180,12.973699616135896,898.1306272232905,344.62969970703125,8.095109485930442,5.723922385866454,77.56630698290559,0.015317376649621862
1765960259000512300,848.7535122070312,811.6747401664034,3.7516306415798386,180,12.973697977170021,898.0847438285127,344.62969970703125,8.090354011754496,5.731323974370914,77.56630581054877,0.018145848865583666
1765960260000515600,849.753515625,811.6351065393537,3.7384742800207036,180,12.973699890366493,898.0451102014631,344.62969970703125,8.085836311363604,5.72765065861248,77.56630526949505,0.023464547994434034
1765960261000518400,850.7535183105468,811.6092309588566,3.7481050744633277,180,12.973701280703798,898.019234620966,344.62969970703125,8.081544496238937,5.770314812007905,77.56630480084193,0.04153173173369606
1765960262000522200,851.7535222167969,811.5814043208957,3.757362786844091,180,12.97370003912851,897.991407983005,344.62969970703125,8.077467271813722,5.780013870679886,77.56630363337763,0.05704802699139748
1765960263000525600,852.7535256347657,811.5475322706625,3.731948382326157,180,12.973700578714036,897.9575359327719,344.62969970703125,8.073593908067442,5.8157170721437375,77.56630291675964,0.04762811560027524
1765960264000528600,853.7535285644532,811.5237193722278,3.737508603787205,180,12.97369870553203,897.9337230343372,344.62969970703125,8.069914212240874,5.864438543070285,77.56630177147413,0.02797281668699241
1765960265000532500,854.7535324707031,811.4959491081536,3.7653508804130325,180,12.973698126583457,897.905952770263,344.62969970703125,8.066418501645497,5.859840267228341,77.56630041651214,0.028915573468665256
1765960266000536000,855.7535361328125,811.4347011325881,3.7416913632581963,180,12.973698969806138,897.8447047946975,344.62969970703125,8.063097576938752,5.845151462156331,77.56629949181192,0.05392039697732487
1765960267000539000,856.7535388183594,811.3773512979969,3.7555211972887226,180,12.9737002571543,897.7873549601063,344.62969970703125,8.059942698161313,5.777509029662602,77.5662973543009,0.0710487808874191
1765960268000541200,857.7535412597656,811.3165677208453,3.7405143091931508,180,12.973700442934861,897.7265713829547,344.62969970703125,8.056945563312258,5.752391199341931,77.56629518758784,0.06965473716227191
1765960269000545000,858.753544921875,811.3378669694066,3.7686800483836915,180,12.973701463132796,897.747870631516,344.62969970703125,8.089351340249804,5.614578509115492,77.566292910268,0.0706356842234423
1765960270000548900,859.753548828125,811.3803332187235,3.7598023457614462,180,12.973700930368594,897.7903368808329,344.62969970703125,8.084883773163952,5.556898752715905,77.56629147755928,0.051818900061800954
1765960271000551200,860.7535512695313,811.3970062620938,3.750373580725622,180,12.973701869569954,897.8070099242032,344.62969970703125,8.080639584300428,5.605437461357874,77.56629269065564,0.029908206701147196
1765960272000555500,861.7535554199219,811.3742936486378,3.748911363225266,180,12.973702534795695,897.7842973107472,344.62969970703125,8.076607605195337,5.492312405960446,77.56629076677774,0.032840703755257175
1765960273000558000,862.7535581054688,811.3745013177395,3.7453036435923743,180,12.973702376038265,897.7845049798489,344.62969970703125,8.072777224334441,5.494507013737334,77.56629081602729,0
1765960274000562400,863.7535625,811.3517986014485,3.7536313184852688,180,12.973702878546439,897.7618022635579,344.62969970703125,8.069138363341391,5.39418707836978,77.56629120362751,0.009389690749014393
1765960275000565500,864.7535654296875,811.3390313284472,3.736190593163133,180,12.973703285499614,897.7490349905565,344.62969970703125,8.164392895761162,5.549206479729578,77.56628903382989,0.007929014299757719
1765960276000569000,865.7535690917969,811.3743264069781,3.7347057256253127,180,12.973704872264953,897.7843300690874,344.62969970703125,8.156173251637215,5.410396210730309,77.56628845129705,0.035314006755294315
1765960277000572400,866.7535725097656,811.316767334938,3.7613337476727575,180,12.973707127428325,897.7267709970474,344.62969970703125,8.148364588252347,5.284280160815104,77.56628684112061,0
1765960278000575500,867.7535754394531,811.316767334938,3.7451838527902095,180,12.973707127428325,897.7267709970474,344.62969970703125,8.140946358839729,5.148065357458099,77.56628684112061,0
1765960279000578600,868.7535786132812,811.4887852445245,3.75282525882042,180,12.973717261348437,897.8987889066339,344.62969970703125,8.133899063696248,5.463753330614217,77.56628301071129,1.0427416662912785
1765960280000583200,869.7535832519532,811.4891538815573,1.593594143016562,43.76964552391836,12.973750968834832,897.8991575436667,344.62969970703125,8.127204220564986,5.726822589846405,77.56626838218013,2.9416454408840065
1765960281000585500,870.7535854492188,811.032352309674,2.6898318858202894,74.78460418801377,12.973772950652902,897.4423559717834,344.62969970703125,8.120843963456691,5.950406090104866,77.566259346428,2.8000401754964934
1765960282000589300,871.7535893554688,811.0286510298029,2.713680088904444,73.88112423851423,12.973795540699385,897.4386546919122,344.62969970703125,8.114801787140504,5.9847222367843935,77.5662485743619,2.8145520399054886
1765960283000592100,872.7535920410156,811.1771058114246,2.718025911898512,65.90066671985025,12.973826269828201,897.5871094735339,344.62969970703125,8.109061680597305,6.012135781691872,77.56623814514616,3.3207265895364926
1765960284000596000,873.7535959472656,811.601674258709,2.711712086380968,59.91442686900181,12.973859246330697,898.0116779208183,344.62969970703125,8.103608624018651,6.16213562733709,77.56622993071608,3.6647878577308735
1765960285000599000,874.7535991210938,811.5715208165348,2.728194601034233,55.47459613854789,12.973891876131164,897.9815244786441,344.62969970703125,8.09842820493893,5.821915765550865,77.56622527574804,3.9839032422451175
1765960286000602400,875.7536022949218,811.6226042704657,2.721956847564524,51.91134436812441,12.973925454521822,898.032607932575,344.62969970703125,8.093506836660202,5.599372648315691,77.5662185192494,4.24659255545157
1765960287000605700,876.7536057128906,811.7558204457164,2.7170851376696414,47.41125695000939,12.973967762048078,898.1658241078258,344.62969970703125,8.088831483768884,5.5680959975492605,77.56620715459833,4.643165420708977
1765960288000609800,877.7536098632812,811.934851527214,2.7168687558205833,47.285797011866926,12.97400518342447,898.3448551893234,344.62969970703125,8.0843899297044,5.598206523400878,77.56619587914088,4.6552587028082915
1765960289000612600,878.7536125488281,811.9751826990396,2.7081114365080396,43.48115081095668,12.974048072389312,898.385186361149,344.62969970703125,8.080170466171738,5.467864679311654,77.56618022065229,5.046033391407338
1765960290000616200,879.7536162109375,811.8751735417172,2.718794920583081,41.979698207307926,12.974091670115518,898.2851772038266,343.2007141113281,8.189860067717785,5.390169816179383,77.56616377082018,5.2444929602490005
1765960291000619800,880.7536198730469,812.3334018783644,2.7172908555017865,42.87767327131956,12.974130475274173,898.7434055404738,343.2007141113281,8.221640635253463,5.209971719596788,77.56615018769439,5.134982849406412
1765960292000623400,881.7536232910156,812.6950172260404,2.7124883898707353,40.19938149771984,12.974175471593865,899.1050208881497,343.2007141113281,8.358993088539979,5.275454673838262,77.56613607397739,5.4649049085802766
1765960293000626700,882.7536267089844,812.9291840158403,2.719699694349098,37.22037563185265,12.974231521067935,899.3391876779497,343.2007141113281,8.341043446984578,5.331729646001047,77.56611843701688,5.91826256489214
1765960294000630000,883.7536301269531,813.2954377038404,2.72407746617139,39.86916823946789,12.974279677904311,899.7054413659498,334.3531188964844,8.323358619838963,5.004394541939098,77.56610301651614,5.5315494773995555
1765960295000633600,884.7536335449219,813.5412360308692,2.7298880841763262,43.573473777456705,12.974322976887247,899.9512396929786,334.3531188964844,8.307190666208829,5.063282458235963,77.56609089211776,5.068875977850822
1765960296000637000,885.7536369628906,813.6793169202283,2.7255474922921747,44.79155308862445,12.9743682940894,900.0893205823377,334.3531188964844,8.36772253476729,4.986210172261211,77.56607692367533,4.922253716712125
1765960297000640000,886.7536398925781,813.7943970290944,2.719586454628756,51.580287875497206,12.974401728341224,900.2044006912038,334.6469421386719,8.401126462109112,4.958550152549981,77.56606171391226,4.262944173498486
1765960298000644000,887.7536440429687,814.0486185504124,2.714878062973815,69.60261880312254,12.974414623312569,900.4586222125217,334.6469421386719,8.381070096844974,5.155311791343664,77.56604945123372,3.136634490538074
1765960298999325000,888.7523249511719,814.1669427389279,2.7067485210028868,87.47876159958979,12.974435798963446,900.5769464010373,334.6469421386719,8.36201658254241,5.025579619950861,77.5660508962158,2.454187355855095
1765960299999315700,889.7523156738281,814.1469776015729,2.710698823349236,84.99690678616454,12.974461978995272,900.5569812636822,334.6469421386719,8.375196721414795,5.201176879028687,77.56604464139569,2.5305194188552314
1765960300999327500,890.7523273925781,814.2100811200216,2.7146472068684058,107.01815960536483,12.974484807767684,900.620084782131,328.2818298339844,8.470268940155194,5.175836135627836,77.56603660772258,2.019584419703726
1765960301999321000,891.7523210449219,814.0718489270657,2.718679365510442,157.46323242154946,12.974485441233998,900.4818525891751,328.2818298339844,8.589447552558156,5.054621399606714,77.5660162796807,1.3745619169669072
1765960302999323600,892.7523237304688,814.0404811352491,4.067945795378792,180,12.974492204837087,900.4504847973585,328.2818298339844,8.559975171255905,5.193433388068132,77.56601201725044,0.512391182698244
1765960303999341600,893.7523415527344,814.166048024781,4.072889361568689,180,12.974492712164048,900.5760516868904,328.2818298339844,8.599302641889475,4.969874402606239,77.56601169753044,0.1450681280594167
1765960304999342300,894.7523422851563,814.0208528684452,4.071502389981979,180,12.974501506668114,900.4308565305546,328.2818298339844,8.886734249156522,5.043658862176569,77.56600615522211,0.4866844700029137
1765960305999346700,895.7523466796875,814.0077006751671,4.055102460202879,180,12.974503616126253,900.4177043372765,328.2818298339844,8.842397535255651,5.18389562737583,77.56600482583988,0.22484970915347544
1765960306999367700,896.7523676757812,813.9903705585748,4.082093125935644,180,12.974504751822554,900.4003742206842,328.2818298339844,8.998765913785851,5.147714403294573,77.56600411012411,0.21178546818228502
1765960307999376400,897.7523764648438,813.9218153487891,4.0545010320550645,180,12.97451765887237,900.3318190108985,328.2818298339844,9.065058183517246,4.983742681596995,77.56599597608422,1.1001679351637794
1765960308999384000,898.7523840332032,813.8923904327676,4.083506673336918,180,12.974526935163729,900.302394094877,328.2818298339844,9.01180527663481,4.9948921995759825,77.56599013015283,1.172783098727042
1765960309999405300,899.7524052734375,813.9208444328979,4.068963334742408,180,12.97453447568338,900.3308480950072,328.2818298339844,8.961215010633616,5.127721032528339,77.56598537810663,0.7849458521829266
1765960310999412000,900.7524118652344,813.8334292192012,4.077727546055097,180,12.974554519359861,900.2434328813106,328.2818298339844,8.913154266191878,5.2794298797407855,77.56597274655454,1.4155998783322084
1765960311999422500,901.7524223632812,813.8745369296521,4.076871781483561,180,12.974561416553406,900.2845405917615,328.2818298339844,8.867496551580363,5.249963012696204,77.56596839993374,0.6770044926702334
1765960312999445500,902.7524455566406,813.8559814570472,3.7492908501221054,180,12.974562722176083,900.2659851191565,328.2818298339844,8.824121720259107,5.191620931177918,77.56596757712896,0.06114551251224594
1765960313999470600,903.752470703125,813.773121399805,3.7319410242024675,180,12.974565492374358,900.1831250619143,328.2818298339844,8.782915634606528,5.2121320404406015,77.56596583134557,0.1242713771796054
1765960314999493600,904.7524936523438,813.6921221669763,3.7350026080194447,180,12.974571107166193,900.1021258290857,328.2818298339844,8.846649300611368,5.318620983210875,77.5659622928983,0.10868526754363672
1765960315999516000,905.7525158691407,813.5889623761177,3.734269469621162,180,12.974568815005224,899.9989660382271,328.2818298339844,8.804316835040082,5.32806526818907,77.56596373742032,0.04062308639773401
1765960316999538000,906.7525378417969,813.5955239981413,3.7718902754990125,180,12.974567646177277,900.0055276602507,328.2818298339844,8.76410099316776,5.359587643796905,77.5659644740184,0.0315490906736492
1765960317999557600,907.7525576171874,813.567547253333,3.742566474789757,180,12.974565738535262,899.9775509154424,328.2818298339844,8.725895943512901,5.266137042806837,77.56596567621767,0.03133652805947618
1765960318999577600,908.7525776367188,813.5375650944188,3.722896847786664,180,12.974566571525916,899.9475687565282,328.2818298339844,8.724055386792207,5.293966596911262,77.5659651512643,0.026908309619353848
1765960319999596000,909.7525959472656,813.5912314625457,3.751446795827329,180,12.974570009390517,900.0012351246551,328.2818298339844,8.980882335462358,5.46150269278765,77.5659629847184,0.0560677736445478
1765960320999613700,910.7526137695312,813.5470656575635,3.7698877994010958,180,12.974572356140055,899.9570693196729,328.2818298339844,8.964249494882568,5.35478342562062,77.56596150579315,0.07178813888526128
1765960321999630800,911.752630859375,813.5410593980923,3.754960527515508,180,12.97457210481455,899.9510630602017,328.2818298339844,8.916037019964753,5.1763262824516785,77.56596166417857,0
1765960322999647200,912.7526472167968,813.5410593980923,3.735542224593504,180,12.974572104814925,899.9510630602017,328.2818298339844,9.20306601598512,5.101028995262193,77.56596166417918,0
1765960323999661600,913.7526616210937,813.5410593980923,3.7356721362739402,180,12.97457210481435,899.9510630602017,328.2818298339844,9.142912715185865,5.135085173580415,77.56596166417823,0
1765960324999676700,914.7526767578125,813.5410593980923,1.3065817212709683,180,12.974572104814346,899.9510630602017,328.2818298339844,9.085767079426573,4.768823331005385,77.56596166417823,0
1765960325999691000,915.7526909179687,813.5410593980923,0.9847511608389908,180,12.974572104814621,899.9510630602017,328.2818298339844,9.031478725455244,4.50695921473236,77.56596166417869,0
1765960326999705000,916.752705078125,813.5410593980923,1.1027798775335713,180,12.974572104814857,899.9510630602017,328.2818298339844,8.979904789182482,4.4486402314998355,77.56596166417907,0
1765960327999717600,917.7527175292969,813.5410593980923,0.9867111863276781,180,12.974572104815039,899.9510630602017,328.2818298339844,8.930909549723358,4.198705887157075,77.56596166417937,0
1765960328999730200,918.7527302246094,813.5410593980923,0.9675900733936236,180,12.97457210481535,899.9510630602017,328.2818298339844,8.884364072237192,4.526435263269713,77.56596166417988,0
1765960329999742200,919.7527421875,813.5410593980923,0.9774964994629863,180,12.974572104814348,899.9510630602017,328.2818298339844,8.840145868625331,4.8508573973868,77.56596166417823,0
1765960330999755000,920.7527551269532,813.5410593980923,1.451365008863923,180,12.974572104814351,899.9510630602017,328.2818298339844,8.798138575194063,5.02712280875147,77.56596166417825,0
1765960331999765500,921.752765625,813.5410593980923,1.4479740144461848,180,12.974572104814857,899.9510630602017,328.2818298339844,8.75823164643436,4.866179398982138,77.56596166417907,0
1765960332999776800,922.7527768554687,813.5410593980923,1.4364449002730197,180,12.974572104814348,899.9510630602017,328.2818298339844,8.720320064112643,4.82968389275331,77.56596166417823,0
1765960333999787800,923.7527878417969,813.8432525331154,3.7320240605741883,180,12.974603633729755,900.2532561952248,328.2818298339844,8.684304060905855,4.666399812138875,77.56594179461337,0.08676673978758603
1765960334999797800,924.7527978515625,813.7723594382405,3.8349939262912023,180,12.97460409828236,900.1823631003499,328.2818298339844,8.650088857861661,4.287268143430389,77.56594150185254,0
1765960335999808000,925.7528081054687,813.7723594382405,3.8254065019204293,180,12.974604098282343,900.1823631003499,328.2818298339844,8.617584414968578,3.825872127966736,77.5659415018525,0
1765960336999817500,926.7528173828125,813.7723594382405,3.7536470316940993,180,12.974604098281143,900.1823631003499,328.2818298339844,8.58670519422015,5.0222732490923185,77.56594150185053,0
1765960337999827000,927.7528269042969,813.7723594382405,3.8076379316883813,180,12.974604098281192,900.1823631003499,328.2818298339844,8.557369934509142,5.026883343452351,77.5659415018506,0
1765960338999836000,928.7528359375,813.7723594382405,3.772311034572539,180,12.974604098281139,900.1823631003499,328.2818298339844,8.529501437783685,5.126107058938709,77.56594150185052,0
1765960339999848000,929.7528479003906,813.7723594382405,3.763478363044842,180,12.97460409828169,900.1823631003499,328.2818298339844,8.5030263658945,5.145957564533628,77.56594150185143,0
1765960340999853600,930.752853515625,813.7723594382405,3.7432132363962434,180,12.974604098282008,900.1823631003499,328.2818298339844,8.477875047599776,4.609715910117914,77.56594150185195,0
1765960341999862500,931.7528625488281,813.7723594382405,3.7299935677780125,180,12.974604098281143,900.1823631003499,328.2818298339844,8.453981295219787,4.61839217849121,77.56594150185053,0
1765960342999870000,932.7528698730468,813.7723594382405,3.7461995992495263,180,12.974604098282153,900.1823631003499,328.2818298339844,8.431282230458798,4.570989409470055,77.5659415018522,0
1765960343999878400,933.7528784179688,813.7961173951626,3.747297216660063,180,12.97461258422499,900.206121057272,328.2818298339844,8.409718118939276,4.514148093379436,77.56593615399144,0.017712485340879453
1765960344999886000,934.7528859863281,813.7952513629571,3.7508303486569683,180,12.974612904242436,900.2052550250664,328.2818298339844,8.389232212993859,4.426299757781912,77.56593595231706,0.021542445586755984
1765960345999894000,935.7528940429687,813.7951964419335,3.747066120432268,180,12.974612716061465,900.2052001040429,328.2818298339844,8.369770602339614,4.3126692341367105,77.56593607090798,0
1765960346999901200,936.7529011230469,813.7951964419335,3.749081466215439,180,12.974612716060172,900.2052001040429,328.2818298339844,8.454392691486444,4.153226718018124,77.56593607090583,0
1765960347999908600,937.7529086914062,813.7951964419335,3.7494753737715403,180,12.974612716061419,900.2052001040429,328.2818298339844,8.51104423642316,4.135682823047975,77.5659360709079,0
1765960348999916000,938.752916015625,813.7951964419335,3.7490061037434494,180,12.974612716061564,900.2052001040429,328.2818298339844,8.487203798784254,4.2472558148608135,77.56593607090814,0
1765960349999922700,939.7529226074219,813.8337904326618,3.749795129677896,180,12.974610125501258,900.2437940947711,328.2818298339844,8.508403946521588,4.309625307363808,77.56593770348378,0.08744746195058242
1765960350999929900,940.7529299316407,813.9770838422701,4.055929767648255,180,12.974608128864102,900.3870875043795,328.2818298339844,8.48298374901156,4.660686961575732,77.56593896176992,0.013806081315519272
1765960351999937500,941.7529375,813.9783579967916,3.977793390518882,180,12.974605517445868,900.388361658901,328.2818298339844,8.458834561442629,5.0184194305924725,77.56594060749052,0.021963467338578214
1765960352999943700,942.7529436035156,813.9833883587271,4.073128199682822,180,12.974606396972609,900.3933920208365,328.2818298339844,8.435892833302217,5.469412127711143,77.56594005321128,0.021224363359528927
1765960353999951400,943.7529514160157,814.0213785516098,4.07372986247297,180,12.974605852940945,900.4313822137192,328.2818298339844,8.727263522273335,5.740329536304459,77.5659403960619,0.03652993256218095
1765960354999957500,944.7529575195313,814.0243156310171,4.0639063254171,180,12.974605607573425,900.4343192931265,328.2818298339844,8.690900345786371,6.047677007960362,77.56594055069198,0.05064487412821499
1765960355999964200,945.7529641113281,814.0482096234336,4.057644581179979,180,12.974603850500786,900.458213285543,328.2818298339844,8.938287886554097,6.69438225282301,77.56594165800342,0.04287172942754567
1765960356999970300,946.7529702148438,813.9190761270002,4.06883386077516,180,12.974602605110984,900.3290797891095,328.2818298339844,8.89137349208748,6.738241357499294,77.56594244284967,0.044560673214818255
1765960357999977200,947.7529772949218,814.0253576599061,4.070571719999007,180,12.974602176180179,900.4353613220155,328.2818298339844,8.846804817873931,6.779389861371492,77.56594271316179,0.03074301008316821
1765960358999983900,948.7529838867188,813.9767144080251,4.057841392378309,180,12.974603462727588,900.3867180701345,328.2818298339844,8.804464577255796,6.6954678842723885,77.56594190237851,0.02823388287711798
1765960359999989500,949.7529895019532,813.9124323213473,4.063825707719462,180,12.974600884043216,900.3224359834567,328.2818298339844,9.080512212847701,6.958030234336663,77.56594352746963,0.01937548175932532
1765960360999995600,950.7529956054688,813.920399251394,4.065410615932967,180,12.974598770232577,900.3304029135033,328.2818298339844,9.219218852035695,6.847804304727121,77.56594485959536,0.02831685936653932
1765960362000001500,951.7530014648438,813.8780506914482,4.043923180333272,180,12.974597065987194,900.2880543535575,328.2818298339844,9.508626505180828,6.863191822107525,77.56594593361362,0.034860444444929695
1765960363000007400,952.7530073242187,813.8305957438424,4.075480557395206,180,12.974594485467922,900.2405994059518,328.2818298339844,9.658070694988089,6.859417577238175,77.56594755985968,0.030643753909959496
1765960364000013300,953.7530134277343,813.8454335452989,4.061712164061106,180,12.974591080747299,900.2554372074082,328.2818298339844,9.954997433341882,6.8809337131446995,77.56594970552,0.03216815367542781
1765960365000019200,954.7530192871094,813.8032045215368,4.07022079768007,180,12.974588328925906,900.2132081836462,328.2818298339844,9.93919070617761,6.9486444801880705,77.56595143972113,0.03680688174270548
1765960366000025300,955.753025390625,813.7831833492965,4.056556781456192,180,12.974587132614406,900.1931870114058,328.2818298339844,9.990305824968214,6.980669503899458,77.56595219363858,0.029310318965383803
1765960367000031700,956.7530317382813,813.7677826657891,4.080435720856892,180,12.974584437565628,900.1777863278985,328.2818298339844,10.223355564045674,7.0265932445085815,77.56595389206035,0.03324550803525677
1765960368000036600,957.7530366210938,813.7688001375645,4.066346914042465,180,12.97458439199812,900.1788037996739,328.2818298339844,10.15956369071285,7.172635173148621,77.56595392077811,0.024022513730850178
1765960369000042500,958.7530424804687,813.7531851604581,4.063609786820154,180,12.974586310940714,900.1631888225675,328.2818298339844,10.158269998117355,7.325840904724321,77.56595271145898,0.020350569276386486
1765960370000049200,959.7530490722656,813.6802683118731,4.060808863806518,180,12.974584768230311,900.0902719739825,328.2818298339844,10.050356497826344,7.262211674769662,77.5659536836772,0.03956866828527121
1765960371000059400,960.7530593261719,813.6926024947315,4.053107736083758,180,12.974584303944312,900.1026061568409,328.2818298339844,9.989052700997066,7.060336869629138,77.56595397627054,0.13526274233719363
1765960372000060200,961.7530600585937,813.4891632739455,4.05264785424103,180,12.97458575285018,899.8991669360548,328.2818298339844,9.889600067114316,7.142614245000624,77.5659530631694,0.026256520200545436
1765960373000065300,962.7530651855469,813.4845356829464,4.068989334973647,180,12.974585507029946,899.8945393450558,328.2818298339844,9.795120064243237,6.775997128081839,77.56595321808534,0
1765960374000072400,963.7530725097656,813.4845356829464,3.9753963644492076,180,12.974585507029301,899.8945393450558,328.2818298339844,9.778570570261603,6.434008179580709,77.56595321808427,0
1765960375000077600,964.7530776367188,813.4845356829464,3.9613107733358097,180,12.974585507029941,899.8945393450558,328.2818298339844,9.689642041748524,6.3111518967098235,77.56595321808533,0
1765960376000083200,965.7530832519532,813.4845356829464,3.9682554549137574,180,12.974585507029301,899.8945393450558,328.2818298339844,9.605159939661096,6.215152009741826,77.56595321808427,0
1765960377000089000,966.7530891113281,813.4845356829464,3.984700159908129,180,12.974585507030007,899.8945393450558,328.2818298339844,9.598751583198991,6.179132520691546,77.56595321808544,0
1765960378000093700,967.75309375,813.4845356829464,3.6135775205907352,180,12.974585507029994,899.8945393450558,328.2818298339844,9.518814004039042,5.982036574237477,77.56595321808541,0
1765960379000098800,968.7530988769531,813.4845356829464,2.7450923797314313,180,12.974585507029403,899.8945393450558,328.2818298339844,9.44287330383709,5.719895023443687,77.56595321808445,0
1765960380000105500,969.75310546875,813.4845356829464,4.067181026607215,180,12.974585507029296,899.8945393450558,328.2818298339844,9.370729638645235,5.741735859419289,77.56595321808426,0
1765960381000111000,970.7531110839843,813.4845356829464,2.719742488587524,180,12.974585507029298,899.8945393450558,328.2818298339844,9.302193156712974,5.537092787732224,77.56595321808426,0
1765960382000116500,971.7531164550782,813.4845356829464,4.058609395424298,180,12.974585507030042,899.8945393450558,328.2818298339844,9.237083498877325,5.686541404729322,77.5659532180855,0
1765960383000121900,972.7531218261719,813.4845356829464,4.067367705811795,180,12.974585507029415,899.8945393450558,328.2818298339844,9.175229323933458,5.718789778562709,77.56595321808446,0
1765960384000127200,973.7531271972656,813.4845356829464,4.065047415759914,180,12.974585507029913,899.8945393450558,328.2818298339844,9.116467857736787,5.673041626631092,77.56595321808528,0
1765960385000132600,974.7531325683593,813.4845356829464,4.034957889558975,180,12.974585507030502,899.8945393450558,328.2818298339844,9.273332003131172,5.8900828186776835,77.56595321808625,0
1765960386000138200,975.7531381835937,813.4845356829464,4.035842546523121,180,12.97458550703049,899.8945393450558,328.2818298339844,9.209665402974613,5.757380562824488,77.56595321808624,0
1765960387000143600,976.7531435546875,813.4845356829464,4.033397467573064,180,12.974585507029941,899.8945393450558,328.2818298339844,9.175021140231198,5.661038793795177,77.56595321808533,0
1765960388000148700,977.7531486816406,813.4845356829464,4.046310037695176,180,12.974585507029808,899.8945393450558,328.2818298339844,9.127611580616728,5.65450822920174,77.56595321808511,0
1765960389000153900,978.7531538085938,813.5840052766725,4.050529759458872,180,12.974594140808026,899.9940089387819,328.2818298339844,9.071231004143465,5.622887881261349,77.5659477770669,0.18391695620981985
1765960390000159000,979.7531589355468,813.8194772396237,4.072613984144904,180,12.974595472046204,900.229480901733,328.2818298339844,9.01766945195561,5.818184585248564,77.56594693811711,0.05461187851106607
1765960391000164900,980.7531647949219,813.8224896341562,4.056822039416755,180,12.974595348349384,900.2324932962656,328.2818298339844,9.031658119748073,5.980531473627915,77.56594701607226,0
1765960392000170200,981.7531701660156,813.8224896341562,4.028483022055306,180,12.974595348348881,900.2324932962656,328.2818298339844,8.980075213760667,6.018122587809866,77.56594701607143,0
1765960393000175900,982.75317578125,813.8224896341562,4.050022686758785,180,12.974595348348853,900.2324932962656,328.2818298339844,8.931071453072633,6.04327742324583,77.56594701607139,0
1765960394000181800,983.753181640625,813.8224896341562,4.071701120365953,180,12.974595348349204,900.2324932962656,328.2818298339844,8.884517880419,6.03105306880512,77.56594701607197,0
1765960395000187400,984.7531875,813.8224896341562,4.067385712494977,180,12.974595348348304,900.2324932962656,328.2818298339844,8.918381469621922,6.137979993088961,77.56594701607048,0
1765960396000191700,985.7531916503906,813.6603723037988,4.064466337296074,180,12.974600116473942,900.0703759659082,328.2818298339844,8.979000706810778,6.267660959158711,77.5659440111921,0
1765960397000197400,986.753197265625,813.6603723037988,4.065079156723335,180,12.974600116474772,900.0703759659082,328.2818298339844,9.170154624590317,6.366173095567,77.56594401119347,0
1765960398000203000,987.753203125,813.6603723037988,4.045377268107424,180,12.974600116474713,900.0703759659082,328.2818298339844,9.190200314404583,6.43178527696803,77.56594401119338,0
1765960399000208000,988.7532077636719,813.7355612888932,3.6132138070937736,180,12.974601280486365,900.1455649510026,328.2818298339844,9.326625603706121,6.440156156575509,77.56594327763075,0
1765960400000212700,989.7532126464844,813.7355612888932,3.558736016584407,180,12.974601280486276,900.1455649510026,328.2818298339844,9.421193960216305,6.573799194693814,77.5659432776306,0
1765960401000219000,990.7532189941406,813.7355612888932,3.586649581268533,180,12.974601280486063,900.1455649510026,328.2818298339844,9.442644280536632,6.6383443041352415,77.56594327763025,0
1765960402000223700,991.7532236328125,813.7355612888932,4.064624749843072,180,12.974601280486656,900.1455649510026,328.2818298339844,9.559384390113289,6.787867077076843,77.56594327763122,0
1765960403000228900,992.7532287597656,813.7355612888932,4.067004186526763,180,12.974601280485757,900.1455649510026,328.2818298339844,9.561387416458002,6.758411287342756,77.56594327762974,0
1765960404000234800,993.7532348632812,813.7355612888932,4.05065434445569,180,12.974601280486953,900.1455649510026,328.2818298339844,9.707229879673408,6.81814547074316,77.56594327763172,0
1765960405000240000,994.753240234375,813.7355612888932,4.060163570964447,180,12.974601280486432,900.1455649510026,328.2818298339844,9.780451104647085,6.768217587762229,77.56594327763086,0
1765960406000244700,995.7532446289063,813.7355612888932,4.050037089004909,180,12.974601280485519,900.1455649510026,328.2818298339844,9.69142854941473,6.725906443605708,77.56594327762936,0
1765960407000250400,996.7532504882812,813.7355612888932,4.04511929025922,180,12.974601280486329,900.1455649510026,328.2818298339844,9.724788240910067,6.750539499944798,77.5659432776307,0
1765960408000255200,997.7532551269531,813.7355612888932,4.055845610922659,180,12.974601280486372,900.1455649510026,328.2818298339844,9.638548828864565,6.803157880672952,77.56594327763075,0
1765960409000260900,998.7532607421875,813.7355612888932,4.026837531465607,180,12.974601280486615,900.1455649510026,328.2818298339844,9.745798594694358,6.885064351858196,77.56594327763116,0
1765960410000265500,999.7532653808594,813.7355612888932,4.027080768068663,180,12.97460128048552,900.1455649510026,328.2818298339844,9.940257809668068,7.054082753391204,77.56594327762936,0
1765960411000271600,1000.7532717285156,813.7355612888932,4.08145062943982,180,12.974601280485723,900.1455649510026,328.2818298339844,9.915237177874578,6.876278046959598,77.56594327762969,0
1765960412000276000,1001.7532758789063,813.7355612888932,3.96276568542903,180,12.97460128048666,900.1455649510026,328.2818298339844,9.879183422510238,6.830724189920114,77.56594327763123,0
1765960413000281300,1002.75328125,813.7355612888932,4.062741944113595,180,12.974601280486521,900.1455649510026,328.2818298339844,9.802410402368574,6.682853427276539,77.565943277631,0
1765960414000286700,1003.7532866210937,813.9574175402522,4.05928990517027,180,12.974609846321764,900.3674212023616,328.2818298339844,9.848818826685008,6.77447876531207,77.56594748433747,0.15740375200077683
1765960415000292400,1004.7532922363281,813.909704413265,2.6695903375204195,180,12.974608061818785,900.3197080753744,328.2818298339844,9.889651809583084,6.646797650468577,77.56594963480096,0
1765960416000297200,1005.7532971191406,813.909704413265,4.063864969890462,180,12.974608061818785,900.3197080753744,328.2818298339844,10.160103045035484,6.683421820167282,77.56594963480096,0
1765960417000302800,1006.753302734375,813.8678912511095,4.063632997731218,180,12.974606724448451,900.2778949132189,328.2818298339844,10.24799612793624,6.686944543462961,77.56595502696854,0.043536552198270746
1765960418000308000,1007.7533078613282,813.8739907806739,4.04935186639606,180,12.974606575464467,900.2839944427833,328.2818298339844,10.182649064508427,6.344919664716858,77.56595528428872,0
1765960419000313300,1008.7533132324219,813.8739907806739,4.048190258773302,180,12.974606575464467,900.2839944427833,328.2818298339844,10.129613937398204,5.939778408299999,77.56595528428872,0
1765960420000318500,1009.753318359375,813.8739907806739,4.061072256122881,180,12.974606575464467,900.2839944427833,328.2818298339844,10.023133240528294,6.229842129721681,77.56595528428872,0
1765960421000324600,1010.7533247070312,813.8268926320598,4.066300652955746,147.4553023168219,12.974640261483929,900.2368962941691,328.2818298339844,9.921976598660805,6.472208378346674,77.56593492335944,2.227046138443834
1765960422000329000,1011.7533288574218,813.8920766692609,2.7112608724860805,75.0391338533902,12.974647818582854,900.3020803313702,315.2872009277344,9.825877756200859,6.472961666758754,77.56589873862754,2.917609414278965
1765960423000334800,1012.7533349609375,814.2047684751451,2.7033336531331544,80.91839287393549,12.974662502001229,900.6147721372545,315.2872009277344,9.734583866632715,6.522848512519975,77.56588391589361,2.6638548210549726
1765960424000339500,1013.7533393554687,814.0818040575832,2.7099358288948143,82.55194224100845,12.974672356680387,900.4918077196926,315.2872009277344,9.64785466545075,7.001116225455324,77.56587396771816,2.643886423539066
1765960424999210800,1014.7522106933594,814.2624346408993,2.7048696546191993,73.36141384496585,12.974689968004322,900.6724383030087,315.2872009277344,9.565461943465346,6.915071913892826,77.5658561893021,2.961075670075184
1765960425999211800,1015.7522116699218,814.3661510506645,2.7146933121322845,62.380239753049594,12.974712964384437,900.7761547127739,315.2872009277344,9.487188845987989,6.614458355377572,77.56583297474215,3.50289423386154
1765960426999224300,1016.7522243652344,814.6938914377242,2.7054548217644068,57.233250447545856,12.974732936864342,901.1038950998336,315.2872009277344,9.412829363701757,6.62347409964334,77.56581281276749,3.797873309666558
1765960427999227000,1017.7522268066406,814.926622999832,2.6994556785878485,45.00143024660006,12.974778167369351,901.3366266619414,311.6738586425781,9.342187871288099,6.7891318958989375,77.56578479541444,4.837643719299126
1765960428999237600,1018.7522375488281,814.9001067113131,2.7071388066265123,38.04486307760571,12.974814381569361,901.3101103734225,311.6738586425781,9.262696356460875,7.011509637204603,77.56573800749571,5.758758229669998
1765960429999259000,1019.7522587890625,814.881427725777,2.6977051572624706,37.597426902232144,12.974843861083434,901.2914313878864,311.6738586425781,9.19254659786098,7.1240357316866705,77.56569032969044,5.808968643820439
1765960430999271700,1020.7522717285157,815.0738093471155,2.7059871040326726,34.67016090460924,12.974884256520555,901.4838130092248,311.6738586425781,9.104313006049832,7.148968298518075,77.56564259043574,6.319746346125371
1765960431999343400,1021.7523432617188,815.0423624049872,2.703458219371038,32.7345779012363,12.974926167055923,901.4523660670966,312.041259765625,8.988542424151733,7.147465719993968,77.56559439314681,6.687945867338672
1765960432999312400,1022.7523125,815.0747852027416,2.7078913311830655,31.06431881510571,12.97496762170322,901.484788864851,312.041259765625,8.831764139830787,7.041621402020184,77.56553872067639,7.06113259630382
1765960433999326700,1023.7523266601562,815.0066244779155,2.713860805138682,30.435761467183855,12.975006591243995,901.4166281400248,312.041259765625,8.655907938134723,6.922257280420211,77.56548190244371,7.2243072070304954
1765960434999342800,1024.7523427734375,815.0178975146264,2.7049801376949105,28.710200333125456,12.975051033555502,901.4279011767358,309.36810302734375,8.494513448928735,6.687805376804114,77.56542259178445,7.633336763304498
1765960435999366700,1025.7523666992188,815.1003686664626,2.709008942693841,29.825115325975634,12.975091067285808,901.510372328572,309.36810302734375,8.360676491318644,6.364838012737001,77.56536877468024,7.358596834516026
1765960436999383000,1026.7523830566406,815.0371519206092,2.7005938337656126,31.042773292958064,12.975127536523669,901.4471555827186,309.36810302734375,8.267015478105002,6.0717770606750285,77.56531539952688,7.048347370966611
1765960437999395300,1027.7523952636718,814.984604191035,2.7073314524584524,32.723313154512475,12.975165444958103,901.3946078531444,309.36810302734375,8.20555094196364,6.106670356846728,77.56527106676525,6.703391075603031
1765960438999420200,1028.7524201660156,814.8949934514239,2.7042264678193084,33.16668189296848,12.975200531488959,901.3049971135333,309.36810302734375,8.158961893076887,6.283098380686289,77.56522276221631,6.606123125338163
1765960439999443000,1029.7524428710938,814.5110011007637,2.708238571307299,34.32214558019321,12.97523526357586,900.921004762873,309.36810302734375,8.122882619110891,6.066372827459705,77.56517562730471,6.393620501926466
1765960440999466500,1030.7524665527344,814.5165392700583,2.713445293732533,41.71067161937874,12.975265948303425,900.9265429321676,309.36810302734375,8.096042426204137,6.194674913811916,77.56513905945026,5.2708184740407455
1765960441999488300,1031.75248828125,814.4941223161295,2.7064318184278933,47.087487200887,12.9752933415666,900.9041259782389,309.36810302734375,8.080035355731708,6.352522532900912,77.56510754001621,4.6556415781216245
1765960442999508200,1032.7525083007813,814.3902431270108,2.703275798636679,52.15252030016433,12.975318845453858,900.8002467891201,309.36810302734375,8.068601744591918,6.152817150137646,77.56507994927742,4.195401083116405
1765960443999528400,1033.752528564453,814.2378170387819,2.711325646738307,88.20146982203522,12.97533061863386,900.6478207008913,309.36810302734375,8.060026530636748,6.205603977095415,77.56507050985174,2.4634461471961226
1765960444999548000,1034.7525478515624,813.933876090683,1.6237077156514876,85.42542637224405,12.975335860034786,900.3438797527924,308.48040771484375,8.053356924799324,5.913915739236743,77.56506859674208,1.2037843988962356
1765960445999566000,1035.7525661621094,813.6969205932692,3.6550001069616274,180,12.975342912818755,900.1069242553785,308.48040771484375,8.048021230466698,5.5705901435670615,77.56506475145018,0.8519680852674563
1765960446999583000,1036.7525830078125,813.4674312416464,3.638922550839188,180,12.975350771129122,899.8774349037558,308.48040771484375,8.043655666218042,5.416777792795318,77.56506543532042,0.5788862334285183
1765960447999599600,1037.752599609375,813.3296936852857,3.6685350311370155,180,12.97535398110182,899.7396973473951,308.48040771484375,8.040017699035577,5.328137887217526,77.56506597625872,0.44037473743465494
1765960448999616500,1038.7526164550782,813.392410566099,3.7451315780258785,180,12.975358612768101,899.8024142282084,308.48040771484375,8.036939415377729,5.354051686877954,77.56506570613907,0.29920437195744737
1765960449999632400,1039.7526323242187,813.2862313613296,3.682477024471284,180,12.975359049478298,899.6962350234389,308.48040771484375,8.034300885417077,5.324306391052136,77.56506672282273,0.2902909392585039
1765960450999647200,1040.752647216797,813.2050474500284,3.676642344139657,180,12.975361985666103,899.6150511121377,308.48040771484375,8.151031086681375,5.14065891239946,77.56506744453148,0.30162723134408903
1765960451999661800,1041.7526618652344,813.07644657325,3.6698374724756477,180,12.975363881480856,899.4864502353594,308.48040771484375,8.335686573993486,5.263991784115561,77.56506696116044,0.3531441010044513
1765960452999677000,1042.752677001953,812.8869115803391,3.74731669013372,180,12.975366959951895,899.2969152424484,308.48040771484375,8.315940304765268,5.198773921923979,77.56507017809957,0.267879313904539
1765960453999691000,1043.7526909179687,812.8823482235894,3.7627124812759067,180,12.975368640703385,899.2923518856987,308.48040771484375,8.298388065229956,5.237710319734464,77.56507247087586,0.18908536301262102
1765960454999704000,1044.7527041015626,812.9041898502037,3.676358980176067,180,12.97536804598209,899.3141935123131,308.48040771484375,8.440100484657723,5.154684456121499,77.56507321722238,0
1765960455999717000,1045.7527170410156,812.9041898502037,3.646494571156999,180,12.97536804598209,899.3141935123131,308.48040771484375,8.418095460424837,4.967293210694103,77.56507321722238,0
1765960456999729400,1046.7527294921874,812.9041898502037,3.687750354181924,180,12.97536804598209,899.3141935123131,308.48040771484375,8.397190687403596,4.986479924991523,77.56507321722238,0
1765960457999742200,1047.7527421875,812.8143178606406,3.6421790173056476,180,12.975362726033346,899.22432152275,308.48040771484375,8.377331153033415,5.531338337234864,77.56506579731898,0
1765960458999754800,1048.7527546386718,812.8143178606406,3.660320559967194,180,12.975362726034689,899.22432152275,308.48040771484375,8.358464595381744,5.477828783107055,77.56506579732007,0
1765960459999766800,1049.752766845703,812.8143178606406,3.6659337352667394,180,12.975364193791009,899.22432152275,309.36810302734375,8.340541365612657,5.406672662062066,77.56506657117504,0
1765960460999777800,1050.7527778320311,812.8143178606406,3.6677946592398065,180,12.975364193791009,899.22432152275,309.36810302734375,8.325540358879683,5.490444846007001,77.56506657117504,0
1765960461999788300,1051.7527883300781,812.8143178606406,3.666652048818281,180,12.975364193792482,899.22432152275,309.36810302734375,8.309263340935699,5.517006880600898,77.56506657117626,0
1765960462999799600,1052.752799560547,812.8143178606406,3.6661027888586695,180,12.975364193792482,899.22432152275,309.36810302734375,8.293800173888913,5.862045420478218,77.56506657117626,0
1765960463999810800,1053.7528107910157,812.8143178606406,3.6801535399687717,180,12.975364193792482,899.22432152275,309.36810302734375,8.279110165194467,5.088743308598629,77.56506657117626,0
1765960464999820800,1054.7528208007811,813.1535555524752,3.70096444254313,180,12.975359773686579,899.5635592145845,308.48040771484375,8.265154657110157,5.183587025009007,77.56506958454666,0.06428635123401398
1765960465999831000,1055.7528310546875,813.1710423585027,3.7253522267385866,180,12.975360717807787,899.5810460206121,309.36810302734375,8.251896924268634,5.281224403857874,77.56507089100523,0.07145424185678693
1765960466999841500,1056.7528415527345,813.2367848791182,3.674804431797993,180,12.975359927938936,899.6467885412276,309.36810302734375,8.239302077883607,5.338250530515097,77.56507187262653,0
1765960467999851800,1057.7528518066406,813.2367848791182,3.6476879439364915,180,12.975359927938936,899.6467885412276,309.36810302734375,8.227336973989425,5.350480835224217,77.56507187262653,0
1765960468999861500,1058.7528615722656,813.2367848791182,3.6796994990762815,180,12.975359927938936,899.6467885412276,309.36810302734375,8.215970125289955,5.433925842207209,77.56507187262653,0
1765960469999870500,1059.7528703613282,813.2367848791182,3.657323357711855,180,12.975359927938936,899.6467885412276,309.36810302734375,8.205171619025457,5.420451203050233,77.56507187262653,0
1765960470999880200,1060.7528801269532,813.2367848791182,3.6600840168133306,180,12.975359927939321,899.6467885412276,309.36810302734375,8.194913038074182,5.42820523726207,77.56507187262686,0
1765960471999890400,1061.7528903808593,813.2367848791182,3.640568034843468,180,12.975359927939321,899.6467885412276,309.36810302734375,8.185167386170475,5.335316952466906,77.56507187262686,0
1765960472999899600,1062.7528996582032,813.2367848791182,3.690867465234322,180,12.975359927939321,899.6467885412276,309.36810302734375,8.17590901686195,5.520163152878254,77.56507187262686,0
1765960473999908000,1063.752908203125,813.2367848791182,3.653289729970179,180,12.975359927939321,899.6467885412276,309.36810302734375,8.167113566018854,5.378725117745748,77.56507187262686,0
1765960474999917800,1064.7529177246095,813.2367848791182,3.676112502222999,180,12.975359927939321,899.6467885412276,309.36810302734375,8.158757887717911,5.338020831227588,77.56507187262686,0
1765960475999925800,1065.75292578125,813.2367848791182,3.6670958080538374,180,12.975359927939321,899.6467885412276,309.36810302734375,8.150819993332016,5.334794841726479,77.56507187262686,0
1765960476999934700,1066.752934814453,813.2367848791182,3.6874243488860152,180,12.975359927940492,899.6467885412276,309.36810302734375,8.143278993665415,5.360449775976559,77.56507187262784,0
1765960477999943200,1067.7529431152343,813.2367848791182,3.643742488802735,180,12.975359927941188,899.6467885412276,309.36810302734375,8.136115043982144,5.361860745365011,77.56507187262842,0
1765960478999952400,1068.7529523925782,813.2367848791182,3.659852548173942,180,12.975359927941188,899.6467885412276,309.36810302734375,8.129309291783038,5.360238786019002,77.56507187262842,0
1765960479999960800,1069.7529609375,813.2367848791182,3.6912610272329056,180,12.975359927941188,899.6467885412276,309.36810302734375,8.122843827193886,5.367814152568273,77.56507187262842,0
1765960480999969000,1070.7529689941407,813.2076864121482,3.670301120023707,180,12.975361521404341,899.6176900742576,309.36810302734375,8.116701635834191,5.350443286482355,77.56506989232824,0
1765960481999977700,1071.752977783203,813.2039295192808,3.653843607418688,180,12.97536169819618,899.6139331813902,309.36810302734375,8.110866554067634,5.299530575012586,77.56506967261952,0.0208241845892271
1765960482999986200,1072.7529860839843,813.2152219889686,3.6744536004174138,180,12.975361851566138,899.6252256510779,309.36810302734375,8.105323226340358,5.18898918216183,77.56506948201655,0
1765960483999994400,1073.7529943847655,813.2152219889686,3.6951848842141963,180,12.975361851566138,899.6252256510779,309.36810302734375,8.100057065023341,5.038552950696755,77.56506948201655,0
1765960485000002800,1074.7530029296875,813.2152219889686,3.688190908723512,180,12.975361851566138,899.6252256510779,309.36810302734375,8.095054211772174,4.9619812266950465,77.56506948201655,0
1765960486000010000,1075.7530100097656,813.2152219889686,3.663411111883978,180,12.975361851566138,899.6252256510779,309.36810302734375,8.090301501183566,4.932701026765096,77.56506948201655,0
1765960487000019000,1076.7530190429688,813.2152219889686,3.6646262493239816,180,12.975361851566138,899.6252256510779,309.36810302734375,8.085786426124388,4.9754828627489,77.56506948201655,0
1765960488000026600,1077.753026611328,813.2152219889686,3.65673319541811,180,12.975361851566138,899.6252256510779,309.36810302734375,8.081497104818169,4.954881815176758,77.56506948201655,0
1765960489000034300,1078.753034423828,813.2152219889686,3.671432893006424,180,12.975361851566138,899.6252256510779,309.36810302734375,8.07742224957726,5.10714819937941,77.56506948201655,0
1765960490000042500,1079.7530424804688,813.2152219889686,3.6433950439502034,180,12.975361851566138,899.6252256510779,309.36810302734375,8.073551137098397,5.252099788875478,77.56506948201655,0
1765960491000051500,1080.7530515136718,813.2152219889686,3.6691031678194026,180,12.975361851566138,899.6252256510779,309.36810302734375,8.069873580243478,5.212623584998996,77.56506948201655,0
1765960492000058600,1081.75305859375,813.2152219889686,3.6401545522962957,180,12.975361851566138,899.6252256510779,309.36810302734375,8.066379901231306,5.240396626455472,77.56506948201655,0
1765960493000066600,1082.7530666503906,813.2152219889686,3.6663669089076136,180,12.975361851566138,899.6252256510779,309.36810302734375,8.06306090616974,5.2460868444750925,77.56506948201655,0
1765960494000073700,1083.7530737304687,813.2152219889686,3.6416097919168964,180,12.975361851566138,899.6252256510779,309.36810302734375,8.059907860861252,5.258006729906982,77.56506948201655,0
1765960495000082000,1084.75308203125,813.2152219889686,3.679323041634525,180,12.975361851566138,899.6252256510779,309.36810302734375,8.056912467818188,5.251644777469242,77.56506948201655,0
1765960496000089300,1085.7530893554688,813.2152219889686,3.666657242519869,180,12.975361851566138,899.6252256510779,309.36810302734375,8.054066844427279,5.264974855223645,77.56506948201655,0
1765960497000097300,1086.7530971679687,813.2152219889686,3.6866338711497004,180,12.975361851566138,899.6252256510779,309.36810302734375,8.051363502205916,5.27395372705494,77.56506948201655,0
1765960498000105500,1087.75310546875,813.2152219889686,3.6468303079687323,180,12.975361851566138,899.6252256510779,309.36810302734375,8.048795327095618,5.264207665637955,77.56506948201655,0
1765960499000112600,1088.753112548828,813.2152219889686,3.666011570367835,180,12.975361851566138,899.6252256510779,309.36810302734375,8.046355560740837,5.277696827239654,77.56506948201655,0
1765960500000121000,1089.75312109375,813.2152219889686,3.664992886109911,180,12.975361851566138,899.6252256510779,309.36810302734375,8.044037782703793,5.271960497483699,77.56506948201655,0
1765960501000128000,1090.7531279296875,813.0925538437441,3.6861204745916196,180,12.975364212873677,899.5025575058535,308.48040771484375,8.041835893572873,5.275071025425151,77.56506389002162,0.007913730626442631
1765960502000135700,1091.7531357421874,813.0799189768732,3.6658730986996613,180,12.975364297765665,899.4899226389825,308.48040771484375,8.039744098892301,5.264970136274099,77.56506378112314,0.010327319060846527
1765960503000143000,1092.7531430664062,813.0925909141079,3.6437656988211358,180,12.975363750015296,899.5025945762172,308.48040771484375,8.037756893941312,5.222674321617469,77.56506448377154,0.01146357736828028
1765960504000150800,1093.7531508789064,813.0759062543511,3.670773521097525,180,12.975363805712217,899.4859099164605,308.48040771484375,8.152169686811515,5.195225560059613,77.56506441232058,0.011560351051697337
1765960505000158500,1094.7531584472656,813.0558974696323,3.6749848340886135,180,12.975363671479752,899.4659011317417,308.48040771484375,8.144561202464743,5.04861351075534,77.56506458451271,0.017542726784262833
1765960506000166000,1095.7531657714844,813.0476186377928,3.6678337097841833,180,12.9753631564838,899.4576222999021,308.48040771484375,8.137333142333233,5.0857888070698705,77.56506524514374,0.017583332967579017
1765960507000173000,1096.7531730957032,813.0488081732765,3.661293402025055,180,12.975363980250576,899.4588118353859,308.48040771484375,8.13046648523888,5.06281474049057,77.56506418842724,0
1765960508000180200,1097.7531801757812,813.0488081732765,3.6565862478115516,180,12.97536398024715,899.4588118353859,308.48040771484375,8.123943160976934,5.323276995370019,77.56506418842446,0
1765960509000188400,1098.7531884765624,812.9916738271713,3.6891971081804082,180,12.975365877697403,899.4016774892807,309.36810302734375,8.117746002830913,5.495136477501081,77.56506447846242,0.025308499314781747
1765960510000196000,1099.7531960449219,812.9875521920621,3.675070551738523,180,12.975365790554893,899.3975558541715,309.36810302734375,8.111858702781685,5.673503728744653,77.56506458676014,0
1765960511000203500,1100.7532036132814,812.9875521920621,3.6651984230368564,180,12.975365790554893,899.3975558541715,309.36810302734375,8.106265767642599,5.947837798990993,77.56506458676014,0
1765960512000211200,1101.7532111816406,812.9159383056685,3.637658824888798,180,12.97536512137566,899.3259419677779,308.48040771484375,8.100952477679582,6.176159693636515,77.56506272461083,0.14614136286365442
1765960513000218400,1102.7532182617188,812.9386587105691,3.677246921633773,180,12.975366192638385,899.3486623726785,309.36810302734375,8.095904854597952,6.420913391606682,77.56506408707806,0.04985341633065401
1765960514000226000,1103.7532260742187,812.9219550527632,3.697466082814747,180,12.975366348991985,899.3319587148726,309.36810302734375,8.091109611883757,6.56932737661627,77.56506389276731,0.04902067414901992
1765960515000233200,1104.7532331542968,812.9572371114045,3.6684007305365105,180,12.97536572429685,899.3672407735139,309.36810302734375,8.086554131905945,6.7666180457832485,77.56506466911662,0
1765960516000241200,1105.7532412109374,813.0375184565783,3.670027622309493,180,12.975365704915177,899.4475221186876,309.36810302734375,8.082226425310647,6.876830659059279,77.56506469320297,0
1765960517000248800,1106.7532487792969,812.8552405871451,3.718786879468219,180,12.975367231168454,899.2652442492545,309.36810302734375,8.078115104120428,6.975113127896895,77.5650627964293,0.08037889898846445
1765960518000255700,1107.753255859375,812.9269425766543,3.6600990254578227,180,12.975368000894923,899.3369462387636,309.36810302734375,8.074209348842858,7.051801492133511,77.56506183983957,0
1765960519000263200,1108.7532631835938,812.9269425766543,3.669418766735344,180,12.975368000895026,899.3369462387636,309.36810302734375,8.070498881400717,7.144539379659627,77.56506183983966,0
1765960520000270300,1109.7532702636718,812.9269425766543,3.6528007361384787,180,12.975368000895026,899.3369462387636,309.36810302734375,8.066973937330681,7.205374188304809,77.56506183983966,0
1765960521000277500,1110.7532775878906,812.9269425766543,3.6595236921729883,180,12.975368000895026,899.3369462387636,309.36810302734375,8.063625240464146,7.247653053329044,77.56506183983966,0
1765960522000285700,1111.7532856445312,812.9269425766543,1.3535436148924587,180,12.975368000895685,899.3369462387636,309.36810302734375,8.060443978440938,7.451632501933504,77.56506183984021,0
1765960523000292600,1112.7532927246093,812.9269425766543,1.2162801248638235,180,12.975368000895685,899.3369462387636,309.36810302734375,8.057421779518894,7.517755493067239,77.56506183984021,0
1765960524000300000,1113.7533000488281,812.9269425766543,1.264347346071202,180,12.975368000896744,899.3369462387636,309.36810302734375,8.054550690542948,7.620510551772326,77.56506183984109,0
1765960525000308000,1114.753307861328,812.9269425766543,1.2663706448060479,180,12.975368000896744,899.3369462387636,309.36810302734375,8.0518231560158,7.539800212177657,77.56506183984109,0
1765960526000315100,1115.7533151855469,812.9269425766543,1.0551481615778908,180,12.975368000897653,899.3369462387636,309.36810302734375,8.04923199821501,7.8725039890400295,77.56506183984186,0
1765960527000321500,1116.7533215332032,812.9269425766543,1.1516628831147397,180,12.975368000897653,899.3369462387636,309.36810302734375,8.04677039830426,7.9616813440251955,77.56506183984186,0
1765960528000330000,1117.753330078125,812.9269425766543,0.9352582332197925,180,12.975368000897653,899.3369462387636,309.36810302734375,8.044431878389046,8.11795555931485,77.56506183984186,0
1765960529000337200,1118.753337158203,812.9269425766543,0.948187210761637,180,12.975368000897653,899.3369462387636,309.36810302734375,8.042210284469594,7.935943247601179,77.56506183984186,0
1765960530000343800,1119.75334375,812.9269425766543,1.3392542455186538,180,12.975368000897653,899.3369462387636,309.36810302734375,8.040099770246115,7.423121405392271,77.56506183984186,0
1765960531000351000,1120.7533510742187,812.9269425766543,1.3454159318768804,180,12.975368000897653,899.3369462387636,309.36810302734375,8.038094781733808,7.042754951836345,77.56506183984186,0
1765960532000359200,1121.7533591308593,812.9269425766543,1.3336834780771152,180,12.975368000897653,899.3369462387636,309.36810302734375,8.03619004264712,7.653186965540814,77.56506183984186,0
1765960533000367000,1122.7533671875,812.9269425766543,1.3281189816858243,180,12.975368000897653,899.3369462387636,309.36810302734375,8.03438054051476,7.687621115777438,77.56506183984186,0
1765960534000373800,1123.753373779297,812.9269425766543,1.335120189268664,180,12.975368000897653,899.3369462387636,309.36810302734375,8.032661513489023,7.499629782504452,77.56506183984186,0
1765960535000381000,1124.753380859375,812.9269425766543,1.327177438546832,180,12.975368000897653,899.3369462387636,309.36810302734375,8.031028437814571,7.589854476128943,77.56506183984186,0
1765960536000388900,1125.7533889160156,812.9269425766543,1.3138154751786153,180,12.975368000897653,899.3369462387636,309.36810302734375,8.029477015923844,7.540650601575823,77.56506183984186,0
1765960537000396300,1126.7533962402345,812.9269425766543,1.3120031216207064,180,12.975368000897653,899.3369462387636,309.36810302734375,8.028003165127652,7.52895886665674,77.56506183984186,0
1765960538000403500,1127.753403564453,812.9269425766543,1.2938093753977085,180,12.975368000897653,899.3369462387636,309.36810302734375,8.026603006871271,7.543940793658896,77.56506183984186,0
1765960539000410000,1128.75341015625,812.9269425766543,1.3023914459309325,180,12.975368000897653,899.3369462387636,309.36810302734375,8.025272856527707,7.725226893324545,77.56506183984186,0
1765960540000417300,1129.7534172363282,812.9269425766543,1.2959486949786176,180,12.975368000897653,899.3369462387636,309.36810302734375,8.024009213701321,7.820716553615746,77.56506183984186,0
1765960541000425200,1130.7534252929688,812.9269425766543,1.2685187807558238,180,12.975368000897653,899.3369462387636,309.36810302734375,8.022808753016255,7.782791901817476,77.56506183984186,0
1765960542000432400,1131.753432373047,812.9269425766543,1.2977339772039282,180,12.975368000897653,899.3369462387636,309.36810302734375,8.021668315365442,7.780098176267002,77.56506183984186,0
1765960543000440000,1132.7534401855469,812.9269425766543,1.2649886082225617,180,12.975368000897653,899.3369462387636,309.36810302734375,8.020584899597171,7.848534747410049,77.56506183984186,0
1765960544000447200,1133.753447265625,812.9269425766543,1.2178719529254096,180,12.975368000897653,899.3369462387636,309.36810302734375,8.019555654617312,7.915835740350528,77.56506183984186,0
1765960545000455000,1134.7534548339843,812.9269425766543,1.1555435363764546,180,12.975368000897653,899.3369462387636,309.36810302734375,8.018577871886446,7.710832964459227,77.56506183984186,0
1765960546000462300,1135.7534624023438,812.9269425766543,1.2229118225556463,180,12.975368000897653,899.3369462387636,309.36810302734375,8.017648978292122,7.80449295209148,77.56506183984186,0
1765960547000469800,1136.7534697265626,813.9329909775406,3.7083175754203057,180,12.975357950096152,900.34299463965,308.48040771484375,8.01676653017681,7.191279121507533,77.565071923819,0.07673890385173478
1765960548000476400,1137.7534763183594,813.8585744732991,3.7326817016501646,180,12.975356353587431,900.2685781354085,308.48040771484375,8.015928203276687,7.031336644302041,77.56507397180307,0.10844648536040533
1765960549000484000,1138.7534841308593,813.7782982764766,3.6884414444532023,180,12.975356386168539,900.1883019385859,308.48040771484375,8.015131792853296,6.623729287786802,77.5650739300089,0.024747354498041416
1765960550000490800,1139.7534907226564,813.5399111397564,3.6777504382402952,180,12.975358240423066,899.9499148018658,308.48040771484375,8.01437520293839,6.474832551457345,77.5650715513978,0.20328020449495451
1765960551000018700,1140.7530187988282,813.512502297759,3.682221715639445,180,12.97536093378278,899.9225059598684,308.48040771484375,8.013656446981189,6.44391195747398,77.56506809639234,0.45385171905243166
1765960552000022500,1141.7530224609375,813.8035629913211,1.8098154103837005,56.099259352169476,12.97537693085061,900.2135666534305,308.48040771484375,8.012973631119003,6.133007277549686,77.56504757554212,2.585404198960692
1765960553000031000,1142.7530310058594,813.2960120849311,1.6594421155690056,44.44726220759682,12.975389710845418,899.7060157470405,301.9940185546875,8.012324964069988,7.555759857014733,77.56502499971685,2.955430139924909
1765960554000019500,1143.75301953125,814.029763577506,1.6647420225391902,38.37057170867563,12.975405285241333,900.4397672396153,301.9940185546875,8.011708745180568,7.546264841651435,77.56499957957985,3.2770813401926207
1765960555000023000,1144.7530229492188,814.0626021921635,1.6744625321460562,30.96803732982954,12.975428683332131,900.4726058542728,301.9940185546875,8.011123341927625,7.726951056459349,77.56496138982521,4.227022074045276
1765960556000031000,1145.7530310058594,813.8837892003357,1.7376997905682323,23.2174515645795,12.975462929108865,900.2937928624451,301.9940185546875,8.010567126417882,7.728611786686948,77.56490549476887,5.9973130551923175
1765960557000023800,1146.7530239257812,813.3579520005733,1.6508315914518075,23.86224237440604,12.975492121825745,899.7679556626827,300.0555725097656,8.009574297926358,7.8466902544881165,77.56485731081322,5.601702214500515
1765960558000019200,1147.7530192871093,813.1298378352076,1.6507060800772684,21.932182345785183,12.975520468648885,899.539841497317,300.0555725097656,8.008776278480653,7.875705875444647,77.56480735943246,6.0985369067897635
1765960559000027400,1148.75302734375,813.6925740800798,1.7744260258817772,22.702350165958286,12.97554804996496,900.1025777421892,300.05609130859375,8.008063966327887,8.083092221292558,77.56475875689408,6.261295365545979
1765960560000026000,1149.7530261230468,814.4976876741275,1.7328215381404704,20.03034445227848,12.975581973272416,900.9076913362369,300.05609130859375,8.006977600571624,8.047825220545196,77.56469897900026,6.775035406210584
1765960561000021000,1150.7530209960937,814.7060256069526,1.762467092392253,20.140758206441532,12.975632118171601,901.116029269062,313.49566650390625,8.005712974853225,7.86079428104821,77.56464408932334,7.045755115913319
1765960562000028400,1151.7530283203125,814.1979576060548,2.6460091838644364,27.680623011834342,12.975688964234909,900.6079612681642,313.49566650390625,8.004227168374355,7.492317529123011,77.56458299790798,7.734709635042092
1765960563000020000,1152.7530200195313,813.5881808781996,2.7053802364367217,26.12928360957429,12.975742450606186,899.998184540309,314.59527587890625,8.003003828773913,7.296742301685697,77.56452537618297,8.389287348503778
1765960564000012800,1153.7530126953125,813.1821523299441,2.705236549653737,28.481852225894567,12.975835017692216,899.5921559920534,343.7075500488281,8.002038152829172,7.376300217277276,77.56449182152959,7.69535913649578
1765960565000020500,1154.7530205078126,812.7405761191621,2.7001114520396334,30.252997766236195,12.975896538119667,899.1505797812715,343.7075500488281,8.00141190530745,7.2731833001673705,77.5644734870946,7.229949191305011
1765960566000032800,1155.7530327148438,812.082170419395,2.696751483307987,31.199829745943024,12.975971673460759,898.4921740815043,356.09716796875,8.001002353788211,7.354628345728089,77.56447710532309,6.9995462275839815
1765960567000043500,1156.7530434570313,811.5121589004993,2.6948798130580185,29.939405425483965,12.9760435023766,897.9221625626087,3.7857484817504883,8.00071344051813,7.367198230596393,77.56448239685795,7.262361031652356
1765960568000054800,1157.7530546875,811.4537540543824,2.695319019023418,30.217009873954478,12.976112749501137,897.8637577164918,8.910221099853516,8.000499101169233,7.326864753038493,77.56449148777793,7.210130246952158
1765960569000064500,1158.753064453125,811.0707806181163,2.6965357613796335,32.948246050738774,12.976172959203579,897.4807842802256,14.105250358581543,8.000354925337037,7.442854793999775,77.56450607264223,6.607545022731303
1765960570000075300,1159.7530751953125,810.9038991527632,2.6939597641221327,34.19166136827989,12.976230327935381,897.3139028148726,14.105250358581543,8.000255965360854,7.520026622297271,77.56452077195631,6.3588415393764475
1765960571000085500,1160.7530854492188,810.0892358981073,2.691398499311127,34.522659541628705,12.976285634300751,896.4992395602167,14.105250358581543,8.00020027635001,7.5371114225957765,77.56453494284503,6.257388423099524
1765960572000095000,1161.7530949707032,809.7058657426387,2.6952970262635385,33.08600500215274,12.97634438283116,896.1158694047481,14.105250358581543,8.000163286999774,7.376123761040592,77.56454999569918,6.555658928946776
1765960573000105000,1162.7531049804688,809.1807471252978,2.6970746878412433,31.719307444119863,12.976406006909516,895.5907507874072,14.105250358581543,8.000130476952048,7.457733171766682,77.56456578534693,6.848273942035537
1765960574000114700,1163.7531147460938,808.7579612368718,2.7035757773247746,30.213252203705654,12.97647405036994,895.1679648989812,14.105250358581543,8.000099849191518,7.363403746358501,77.56458321982551,7.223535162486135
1765960575000124000,1164.7531240234375,808.7795714670792,2.6993665184682274,32.17850016888131,12.976532144306871,895.1895751291886,14.105250358581543,8.000074909722898,7.239719496753049,77.56459810497827,6.770958293068721
1765960576000134000,1165.7531337890625,808.6142407385632,2.6904747918603285,35.63445640765126,12.976582742848656,895.0242444006726,10.424325942993164,8.000058803021274,7.197541118089668,77.56459808767157,6.085029471963304
1765960577000142600,1166.753142578125,808.1151560675353,2.693851495098615,36.91390317450575,12.976637614279039,894.5251597296447,10.424325942993164,8.000047734532833,7.245627152207357,77.564608381214,5.855980547632931
1765960578000151600,1167.7531516113281,807.5068902149796,2.687012420139533,32.73633401427732,12.976704900099262,893.916893877089,10.424325942993164,8.000038053728922,7.330207073673803,77.56462100361901,6.596311733766504
1765960579000161500,1168.7531616210938,807.2809293726459,2.69793101551445,30.239933909130492,12.9767717291315,893.6909330347553,10.166675567626953,8.00002997855868,7.2774950632975,77.56463347775332,7.199821086582407
1765960580000169200,1169.753169189453,807.3174321604893,2.6956301665778186,28.629062569489033,12.97684115981101,893.7274358225986,10.166675567626953,8.000022943512855,7.230774911607657,77.56464617364858,7.609784704328333
1765960581000178200,1170.7531782226563,807.0572061920539,2.7016785687962885,27.099126142020143,12.976908530238918,893.4672098541632,10.166675567626953,8.00001682559299,7.244825606842597,77.56467559229588,8.060671431124375
1765960582000187400,1171.7531875,806.8452179515734,2.6916008036194663,26.865345531888565,12.976979143997928,893.2552216136828,11.374675750732422,8.000012066195252,7.403319149324003,77.56468253711697,8.103941622439557
1765960583000195600,1172.7531955566405,806.7797220638022,2.701555266285537,27.612944513232396,12.97704425996457,893.1897257259116,11.374675750732422,8.000008829452824,7.4757938865823395,77.56469105024871,7.916054879232433
1765960584000203500,1173.7532036132814,806.7859776094556,2.6910406936291693,27.811285017769993,12.977109466774262,893.195981271565,11.374675750732422,8.000006488563768,7.4812824715507205,77.56470060838133,7.830829052403656
1765960585000213200,1174.7532131347657,806.6703978860751,2.6981251220174696,27.738564060968834,12.977180236983395,893.0804015481845,11.374675750732422,8.000004568007698,7.391131508367274,77.56471480881088,7.873839215511187
1765960586000220700,1175.753220703125,806.4102040445432,2.692804606664315,30.58073904388086,12.977241187058175,892.8202077066526,11.374675750732422,8.000003256488496,7.312063744380804,77.56472472499095,7.126935862802903
1765960587000229400,1176.7532294921875,806.2065967833623,2.7049580531253765,34.7582636441824,12.977294850539339,892.6166004454717,11.374675750732422,8.00000245901099,7.202573496074945,77.56473175525156,6.289384848106034
1765960588000237800,1177.7532377929688,805.9602537686005,2.7048947444958307,43.469714173565436,12.977336085258704,892.3702574307099,11.374675750732422,8.000001949256564,7.369561731226599,77.56473603116739,5.016316578664757
1765960589000245500,1178.7532456054687,805.901295626536,2.7000344361887056,62.40985191744591,12.977361776047866,892.3112992886454,11.374675750732422,8.000001645352535,7.517522645728298,77.56473579055975,3.4553699026548834
1765960590000253400,1179.7532534179688,805.906427660957,2.696845723363199,76.6472756697392,12.97738319371065,892.3164313230664,11.374675750732422,8.000001424189515,7.585733085005759,77.56473809662292,2.7568255754766446
1765960591000261600,1180.75326171875,805.7921214029193,2.6955761057190752,93.39194067841044,12.977392103190688,892.2021250650287,11.374675750732422,8.000001260714445,7.824728729685555,77.56473281788769,2.164468644003878
1765960592000269300,1181.7532692871093,805.9606887623668,2.7013418871446855,101.73686237860473,12.977412474953136,892.3706924244761,10.482003211975098,8.000001101672927,7.932683572782637,77.56473866853621,2.040962838003616
1765960593000277500,1182.7532775878906,805.9628491923213,2.7002762191063603,86.82833090008687,12.977437473177455,892.3728528544307,10.482003211975098,8.000000997066664,7.896121722207819,77.56474234328249,2.4064174576083577
1765960594000285700,1183.7532856445312,805.677637909539,2.7014225605009914,62.82696651337137,12.977470070066927,892.0876415716484,10.482003211975098,8.00000088779964,7.547984399465337,77.56474921449356,3.2082318187500136
1765960595000293400,1184.7532934570313,805.6207255031914,2.699427376501235,51.22345788791927,12.977513180082234,892.0307291653007,10.482003211975098,8.000000764824213,7.235266749891507,77.56476125806996,4.205432375438783
1765960596000301800,1185.7533017578126,805.4009144948795,2.699675200464111,40.715919329321444,12.977568129423169,891.8109181569889,10.482003211975098,8.00000066034667,7.0880136005033245,77.56477206295733,5.348098982031832
1765960597000310500,1186.753310546875,805.4392965007573,2.7025120257271023,35.16470306280766,12.977628724273249,891.8493001628667,10.482003211975098,8.0000005406216,6.9113828963030866,77.56478384078922,6.218608866400952
1765960598000317700,1187.753317626953,805.7536735450849,2.7004321115348415,30.384881552554273,12.977700951316002,892.1636772071943,11.573552131652832,8.00000043198507,6.844721856028654,77.5647996239567,7.200974158848627
1765960599000325000,1188.7533251953125,805.4439708143473,2.6987653132408167,28.320289274781633,12.977775234726153,891.8539744764566,10.228879928588867,8.000000199847037,6.807079599430133,77.56481039162384,7.719989396774602
1765960600000332500,1189.7533325195313,805.7289098575711,2.702429165763702,30.058781255071043,12.977837125098846,892.1389135196805,10.228879928588867,8.000000153113191,6.951885113177036,77.5648207824342,7.28476074938624
1765960601000340500,1190.753340576172,805.6703683221713,2.7013718124304162,31.859059655909086,12.97789852735253,892.0803719842806,2.697523593902588,8.000000100625757,6.872426271646448,77.56482819110015,6.870504205079795
1765960602000347600,1191.75334765625,806.4873162629083,2.699488512314031,31.56661327263089,12.977962518325109,892.8973199250177,350.47491455078125,8.000000058212065,6.5747263692539635,77.56482914387315,6.909187663467512
1765960603000355800,1192.7533559570313,806.1923655150458,2.707295877247232,29.584633060346537,12.97803130179873,892.6023691771552,350.47491455078125,8.000000005512444,6.318411056109318,77.56481518049476,7.413506260528819
1765960604000363800,1193.7533637695312,806.3289842847735,2.7080251333556546,28.155129072388558,12.978101035533465,892.7389879468828,339.56097412109375,7.999999957566522,6.2254990683221845,77.56479272216723,7.791728199003976
1765960605000371500,1194.7533713378907,806.4137972462922,2.710961167713093,27.633551502724472,12.97816912359621,892.8238009084016,339.56097412109375,7.99999993349539,5.950339298453859,77.56477211299078,7.946337805442263
1765960606000379600,1195.753379638672,806.9202699782327,2.7007164537952932,27.465161148593893,12.978236381007704,893.330273640342,339.56097412109375,7.999999937553298,5.860049043671179,77.56475243997058,7.963434714916305
1765960607000386300,1196.7533862304688,807.2061640974134,2.7015524910692394,26.715169632107177,12.97830237246555,893.6161677595228,339.56097412109375,7.999999963991637,5.996302330074618,77.56471467601536,8.189773075259422
1765960608000394200,1197.7533942871094,807.1779689220712,2.703097586847512,26.683836878056663,12.978365515596979,893.5879725841805,341.2864990234375,7.999999859090824,6.2143807952272105,77.56468289901095,8.205195398156153
1765960609000402000,1198.7534018554688,806.9664596281946,2.713170989098624,26.57314635102451,12.978428660253813,893.376463290304,341.2864990234375,7.999999922342621,6.239733129297841,77.56464881972425,8.272488047224003
1765960610000409900,1199.7534099121094,807.4033436644822,2.7035929330517297,26.274704424847208,12.97849265248269,893.8133473265916,340.5810852050781,7.999999926529665,6.410591171623321,77.56461662042055,8.334548263456037
1765960611000417800,1200.7534177246093,807.2934737456962,2.703824843546614,26.113438484429984,12.978563373047288,893.7034774078056,340.5810852050781,7.999999949751943,6.416547494095072,77.56459055838435,8.387756533001848
1765960612000425000,1201.7534250488281,807.5031144954264,2.7076336701479096,25.868096387912676,12.978634944014093,893.9131181575358,338.7750244140625,8.00000001124966,6.064464350259292,77.56456751645231,8.477500289292857
1765960613000432600,1202.7534326171874,807.68605783768,2.7118676303155604,25.12394782651938,12.978713760699346,894.0960614997894,338.7750244140625,8.000000106013761,6.10842873306165,77.5645419302875,8.74245359934987
1765960614000439000,1203.7534389648438,807.7584576485679,2.706378514494414,24.23814215989489,12.97879731906183,894.1684613106772,338.7750244140625,8.000000117700777,6.181806576248041,77.56451391598146,9.04452586202099
1765960615000447700,1204.7534477539064,807.6935895653442,2.7073642887408695,23.791976443868773,12.978877155845057,894.1035932274535,338.7750244140625,8.000000074226564,6.289848915932597,77.56448419809655,9.219028061434123
1765960616000454400,1205.7534543457032,807.82010105066,2.702353321425058,23.247257307888,12.978961204966739,894.2301047127694,335.07061767578125,8.000000061653893,6.379477986624489,77.5644554446655,9.41790690890708
1765960617000462600,1206.7534626464844,807.9660559687763,2.7138162950434643,23.31169922239651,12.979042185992576,894.3760596308857,342.2929382324219,8.000000074510146,6.294626748452004,77.56442828697342,9.431746550712687
1765960618000469200,1207.7534692382812,807.7073102928698,2.7096227658041445,23.67251591754692,12.979124416166256,894.1173139549792,342.2929382324219,8.000000101402609,6.519104083888418,77.56441358010508,9.274725278163585
1765960619000476400,1208.7534763183594,807.9174818061292,2.707171255883312,24.62288146069301,12.97919903845104,894.3274854682386,348.0590515136719,8.000000097523689,6.4047678958296075,77.56437947136611,8.908276873276693
1765960620000484400,1209.753484375,808.2695190133527,2.7015262501708897,25.060519836376063,12.979277158449758,894.6795226754621,348.0590515136719,8.00000010486844,6.6554700300323955,77.5643626254772,8.733266585018365
1765960621000492500,1210.7534924316406,808.467918084003,2.7024227930363884,24.64677201440091,12.979370854881127,894.8779217461124,359.75921630859375,8.000000155548527,6.955986384356965,77.5643562813491,8.883757207121187
1765960622000498400,1211.7534985351563,808.2013642219827,2.699685062393697,25.370884178822646,12.979448085604414,894.611367884092,359.75921630859375,8.000000140052904,6.921918879384132,77.56435595039507,8.62211338470897
1765960623000506600,1212.7535065917968,808.2345177978277,2.7007522988385326,26.805487311343924,12.979521354315157,894.6445214599371,359.75921630859375,8.000000159196377,6.9251488624987205,77.56436851060536,8.163915827819842
1765960624000513000,1213.7535129394532,807.9884984754026,2.7017012459549625,29.135911629608287,12.9795874795101,894.398502137512,359.75921630859375,8.000000094214592,7.0054291618374815,77.56436139000441,7.512325163891454
1765960625000521200,1214.7535212402345,807.9415984200314,2.702005071208932,34.9408055913732,12.979639989288208,894.3516020821407,359.75921630859375,8.000000050193321,7.028692553624446,77.56435294169586,6.264322581401691
1765960626000529400,1215.753529296875,807.8598196143284,2.6987099647502895,45.39842891107507,12.97967432679643,894.2698232764378,359.75921630859375,8.000000037051782,7.060907067707226,77.56434590103001,4.809957365915098
1765960627000535800,1216.7535358886719,808.0911331810057,2.710641600725146,54.10649332381488,12.979706459918987,894.5011368431151,3.9928104877471924,8.000000018306721,6.964809449233921,77.56433982074921,4.0592506812657865
1765960628000543500,1217.7535434570314,808.2131522977725,2.7059986766238473,61.940655348947445,12.97973573422706,894.6231559598818,3.9928104877471924,8.000000022785894,6.826001519513559,77.56432755152528,3.5362606240712964
1765960629000551000,1218.7535510253906,808.5089804399759,2.705087914696085,96.10420100083036,12.979748886855978,894.9189841020852,3.9928104877471924,8.000000011469842,6.700065607612486,77.56432645734773,2.253403331284906
1765960630000558600,1219.75355859375,808.3056510016322,2.704799733252434,130.9352643047824,12.979754577451802,894.7156546637416,3.9928104877471924,8.000000007689515,6.660176905338844,77.56432512738837,1.6524349657564654
1765960631000565500,1220.7535654296876,808.3603004952893,3.8056431401808957,180,12.979765190430994,894.7703041573986,3.9928104877471924,8.000000007775164,6.35878868856198,77.56432702366222,1.1884471490250474
1765960632000573200,1221.7535732421875,808.2648255536333,4.0464328148737625,180,12.979767087367772,894.6748292157426,3.9928104877471924,8.000000008229385,5.807050388515681,77.56432914412609,1.088553205437156
1765960633000580400,1222.7535803222656,808.1913417717442,3.4972753839147717,116.27648695347355,12.97978947585891,894.6013454338536,3.9928104877471924,8.000000031361164,6.078606830390244,77.56432395071353,2.434756991782674
1765960634000587000,1223.7535869140625,808.1274093864486,2.70570389463817,61.238031356829,12.97982690340566,894.5374130485579,3.9928104877471924,8.000000051517365,6.444161595587466,77.56431397421146,3.5788368362973975
1765960635000594700,1224.7535947265626,808.1364997848868,2.7050412219390263,51.72147911348089,12.979865867511194,894.5465034469962,347.56988525390625,8.000000059575813,6.474731626329805,77.56430653759887,4.235230992910241
1765960636000601900,1225.7536018066405,808.2774110548198,1.3093939035039905,19.35485052785961,12.979922720905709,894.6874147169292,349.42320611690985,8.00000008654166,6.18361592325973,77.56429792909348,5.481699653778407
1765960637000609800,1226.7536098632813,808.187653019093,0.9159614702538008,11.858848318897675,12.979984348518922,894.5976566812024,352.3114602212128,8.624595584646867,6.3212100488457805,77.56429184466367,6.258493421636338
1765960638000617000,1227.7536169433595,808.1557687520981,0.9208357251708027,11.330299213279039,12.980044378062635,894.5657724142075,354.0066400554287,9.269443599373044,6.747914609023421,77.56429040102265,6.585058203696163
1765960639000624600,1228.7536247558594,808.4898290755227,0.9307202016923599,10.796942811673686,12.980111199575424,894.8998327376321,353.3838849927071,10.065009826354476,7.513587703211454,77.5642806957738,6.9805892281050665
1765960640000631000,1229.7536311035155,808.5983789665624,0.9310874134623528,9.88412362551688,12.980180020486616,895.0083826286718,347.56988525390625,10.977556895127686,9.196165065148072,77.56424910205021,7.629944760216803
1765960641000639200,1230.7536391601564,808.7393703600392,0.9310544316816308,8.942852646691122,12.980269371340619,895.1493740221485,356.82641627041744,11.901703995314511,10.87233495143261,77.5642718074533,8.433923888939653
1765960642000646400,1231.753646484375,808.2401307690889,0.9398198612266307,8.70394238917826,12.980352040135203,894.6501344311982,357.212045093317,12.662810108779768,11.964056766537052,77.56427146639521,8.749157438344232
1765960643000653800,1232.7536538085938,808.2311420449987,0.9354852555246078,8.238401690375095,12.980439770217883,894.6411457071081,356.360643748437,13.242021548290063,13.19350479580047,77.56426337179123,9.201073940203917
1765960644000661500,1233.7536616210937,808.5489103188738,0.9410003698443972,8.112915616557892,12.980525513078035,894.9589139809832,356.1441638621514,13.614939500896602,13.849204423922142,77.56425480852828,9.398151710227097
1765960645000669000,1234.7536689453125,808.7789936419576,0.94367442402669,8.236590070902182,12.980611575835518,895.188997304067,355.87845207038816,13.858036392322568,14.116130655849734,77.56424847754226,9.283056135740587
1765960646000676000,1235.7536760253906,808.4595684986562,0.9489897718508581,8.964080106249572,12.980689017385329,894.8695721607655,357.41443022707386,14.002895446882697,14.76285453297499,77.56425061637528,8.578260495052556
1765960647000682800,1236.7536828613281,808.0319317691028,0.9905545711189508,11.325112197144394,12.980742163701791,894.4419354312122,0.8989037590600422,14.076910724163564,14.61885489633874,77.56425812175188,7.085192067356023
1765960648000691200,1237.7536911621094,807.9992361394688,0.9383496368218798,12.441229466156855,12.980787378158503,894.4092398015782,0.18176797462505154,14.119171714362206,15.66271463736661,77.56425636314292,6.110479972258493
1765960649000697900,1238.7536977539062,808.1596703780815,0.9427837482126437,12.50110150774039,12.98084385493113,894.5696740401909,355.8659315985645,14.144941081148508,16.1601539453858,77.5642506216892,6.109505201023001
1765960650000705300,1239.7537053222657,808.9762601526454,0.9767181973530489,10.832286200894318,12.980923319903312,895.3862638147548,359.0984362935532,14.168570426116515,16.1966447955758,77.56425419626815,7.291650979542303
1765960651000712200,1240.7537121582031,808.6735054217279,0.9235690420963715,9.241151376946195,12.981005362138141,895.0835090838373,0.5169574379145744,14.191403503295797,17.22518562761847,77.56425716918648,8.09512595473156
1765960652000720100,1241.7537202148437,808.8382714344189,0.9386501290201265,8.834812307635174,12.981089193242681,895.2482750965282,358.48494701844743,14.210470468246857,17.547594571621687,77.56425418811845,8.60526062309932
1765960653000726300,1242.7537263183594,808.102785824798,0.9268883400124596,8.240010650969877,12.98117413927647,894.5127894869074,355.16899470199183,14.223093820528366,18.22829683207345,77.56424030405444,9.114030014865444
1765960654000734000,1243.7537338867187,807.4419805118814,0.915748224471155,8.020460112070625,12.981260209266408,893.8519841739908,354.8501001467857,14.231736995238927,18.698689191254473,77.56423264081859,9.242318118562666
1765960655000742000,1244.7537419433593,806.9589262120426,0.9536151146190973,9.468020876006472,12.98132586553536,893.368929874152,353.42266656557746,14.236662699201421,18.55041443827004,77.56422455908688,8.14411559376321
1765960656000750000,1245.75375,805.9968795562163,0.9281849578933654,11.420911227191194,12.981375661668269,892.4068832183257,355.9884450076014,14.23942794395737,19.04328977732936,77.56422443545793,6.558212380856804
1765960657000756700,1246.7537568359376,805.6273836130276,0.9211144359797903,16.671770036948686,12.981399362084213,892.037387275137,355.9684390707854,14.241059692538162,19.40974295504089,77.56422364256503,4.444866956160266
1765960658000764000,1247.7537639160157,805.8969049649313,0.9540149590817119,20.158579031841168,12.981429883724193,892.3069086270407,1.6460245245463057,14.242038702976528,18.77654548586581,77.56422817107453,3.830095006161937
1765960659000771000,1248.7537709960939,807.7123805778101,0.9188160194538639,14.426855647792763,12.981488241767043,894.1223842399195,359.8669349051259,14.242691392810809,19.56542593461759,77.56422604740057,5.126831112439686
1765960660000779300,1249.753779296875,807.7172668119892,0.9284058016540404,11.57251724111906,12.981557491363711,894.1272704740986,353.5060631443846,14.243212670389768,19.634344944697528,77.56421310719358,6.478407206412556
1765960661000785700,1250.7537856445313,808.0012209620327,0.9106701119622667,10.541171659787594,12.981624613556512,894.411224624142,356.68223539027434,14.243757289424384,20.0622575453893,77.56421369917926,6.9812626123913155
1765960662000793000,1251.75379296875,807.9658848075196,0.9255961598622142,9.46366835417498,12.981704237756041,894.375888469629,353.5124694271152,14.244310622085289,19.886680978811125,77.56420119075489,7.918669506962722
1765960663000801000,1252.7538010253907,807.1562743298709,0.9267839733636111,8.738357281081583,12.981786883488933,893.5662779919803,347.3006591796875,14.244833042792672,19.846683445000348,77.56418170353174,8.59285899756878
1765960664000808200,1253.7538081054688,806.5754717867821,0.9212002119210123,8.093650012452672,12.98187205034509,892.9854754488915,337.7054443359375,14.245260331516231,20.392735499494258,77.56413962111266,9.215735801750437
1765960665000817700,1254.7538176269532,805.966035249643,0.9228848432842652,8.34241528262867,12.981932808996866,892.3760389117524,326.3603820800781,14.245511265330764,20.916983342858522,77.56408299754838,8.954119055306782
1765960666000822000,1255.7538220214844,804.9182334467769,0.9393879628071911,8.486269622515042,12.981996488654383,891.3282371088862,312.4290771484375,14.245670185703332,20.959106608387128,77.5640302193091,8.960161156349914
1765960667000830000,1256.7538298339844,803.0106563540176,0.9196650444019406,8.963321546656244,12.98203072785696,889.4206600161269,312.4290771484375,14.245764089670162,21.271953739818947,77.56396898972234,8.298486768544949
1765960668000837400,1257.7538374023438,801.2385499626398,0.9301473456933497,10.003243059349447,12.98207174433583,887.6485536247492,312.4290771484375,14.24582286200286,21.12557864983021,77.56392323265608,7.5087707314482754
1765960669000844500,1258.753844482422,799.4251835113391,0.9367615119171778,13.803184797040114,12.982092638364035,885.8351871734485,312.4290771484375,14.24585605873499,20.610852824545983,77.5638999237519,5.459637256838841
1765960670000851500,1259.7538515625,798.7636338388547,0.9206447718615951,18.694241264070698,12.982106822913671,885.1736375009641,312.4290771484375,14.245876050682735,20.533552272186608,77.56388409978531,3.9511257252232075
1765960671000858600,1260.753858642578,797.8928687265143,0.9298098303414026,17.371211543636917,12.98213328654206,884.3028723886237,312.4290771484375,14.245889072777935,20.397066120595902,77.56385457755482,4.303123227776421
1765960672000865500,1261.7538654785155,797.7518554199487,0.9280993320210856,14.034959624153512,12.982168182952059,884.1618590820581,306.30157470703125,14.245898323889241,21.045581238110184,77.56381184992904,5.346229870124333
1765960673000873700,1262.7538737792968,797.5620097471401,0.9157495682638539,11.905966553507616,12.982206409234708,883.9720134092495,306.30157470703125,14.245905903100198,21.451518754689832,77.56375878892652,6.227017456888017
1765960674000881200,1263.7538811035156,797.4824310019612,0.9126630602936461,10.875363816448832,12.982245676334449,883.8924346640706,306.30157470703125,14.245913724795042,21.786261448849427,77.56370428319997,6.797146755320435
1765960675000889300,1264.7538894042968,796.727079291828,0.9374018581612753,10.795113444234115,12.982281063345694,883.1370829539374,303.3918151855469,14.245921997925157,21.228211066690914,77.56364890828459,7.030098794680037
1765960676000895000,1265.7538950195312,796.5360927861184,0.916783942065308,10.523013512506006,12.982316785047995,882.9460964482278,303.3918151855469,14.245928908743824,21.516337706410138,77.56359364899973,7.056652959507727
1765960676999901200,1266.752901123047,796.454904246144,0.9230599788539989,10.061846719688885,12.982354797025332,882.8649079082534,281.2754821777344,14.245934109107731,21.978710949845855,77.56353733739896,7.429025079667815
1765960677999894800,1267.7528947753906,795.5005122311413,0.9128588536576813,8.629652666908294,12.982358088687176,881.9105158932507,281.59173583984375,14.245939595351272,22.47224220189323,77.56344720019906,8.562622472349986
1765960678999900400,1268.752900390625,794.7216947311535,0.9161783108782439,8.006383853184305,12.982373862455216,881.1316983932629,281.59173583984375,14.2459445188736,22.472615677246846,77.56335877515099,9.261733795434372
1765960679999901000,1269.7529008789063,794.1649849824607,0.9278312012158907,7.562064638898646,12.982393989825306,880.5749886445701,281.6097717285156,14.24594773459886,22.12823468211695,77.56326451389133,9.935445538722451
1765960680999895000,1270.7528950195313,795.0698146428913,0.9195849923287956,7.258502565089138,12.982414706029079,881.4798183050007,281.6097717285156,14.245950503711182,18.635218470068263,77.56316383100463,10.553358067414983
1765960681999900400,1271.752900390625,795.7314629070461,0.9204396391822673,7.25564431916127,12.982439687102042,882.1414665691555,281.6097717285156,14.24595212205128,19.185185453716,77.56306108163398,11.018294770926138
1765960682999901700,1272.752901611328,795.517009075731,0.9146720337884008,7.257173041296912,12.982464497242667,881.9270127378404,275.89306640625,14.245952428611512,20.520422839995955,77.56295484389047,11.38548702807536
1765960683999895300,1273.752895263672,794.1629018196836,0.9240982667172768,7.255880638424097,12.982478641205722,880.572905481793,275.89306640625,14.245953194959203,20.94406780952524,77.56284873145631,11.559634739866986
1765960684999905800,1274.7529057617187,793.7155740922317,0.9513052444943244,7.253454931388927,12.982486600057156,880.1255777543411,276.4014892578125,14.245954609999457,20.704525081061384,77.56273151598224,12.179909810809644
1765960685999897600,1275.752897705078,793.2240154445171,0.9164602517980425,7.255754076870126,12.982498052489024,879.6340191066265,275.1528625488281,14.245953861298625,21.234097706615152,77.56261523119078,12.516240258342924
1765960686999894300,1276.7528942871095,794.5317894909531,0.9242865050394583,7.258038280211672,12.982508207859324,880.9417931530625,273.4603271484375,14.245954046676054,21.12202930509289,77.56248471461652,13.315407950090867
1765960687999903500,1277.7529035644532,795.2554465578869,0.9510525213499099,7.252310822694194,12.982523892582758,881.6654502199963,273.3766784667969,14.245953762843197,19.853301689518396,77.56236255984984,13.341673282551517
1765960688999901700,1278.752901611328,794.3801981369033,0.9513893305587949,7.258254760163454,12.982542586647238,880.7902017990127,273.3766784667969,14.2459537303282,19.85010073618413,77.56224542277832,13.233343641989002
1765960689999903000,1279.7529030761718,794.1634436491877,2.7014576574356504,16.393577150283896,12.982542344677142,880.5734473112971,273.3766784667969,11.119089178058072,15.21051196429652,77.56212462979599,13.352254158666813
1765960690999913700,1280.7529138183593,793.3440582854673,2.7240624854319324,16.43467379301376,12.982552199354712,879.7540619475767,274.97186279296875,9.540210048491339,12.913892360050442,77.56200228309402,13.428574637314666
1765960691999920400,1281.7529204101563,793.0703422045335,2.715426535349091,16.118592184445802,12.98255933676533,879.4803458666429,278.01043701171875,8.748405259766981,12.252423947109824,77.56187452914106,13.649347550577742
1765960692999926300,1282.7529262695311,792.3189694229513,2.7129503615346025,16.93797069224887,12.982567061695294,878.7289730850607,278.01043701171875,8.366684147380681,11.493366744299045,77.56175801651679,12.973037107673365
1765960693999933200,1283.7529331054689,792.7408868577331,2.707259812715693,17.230538679150726,12.982587884137814,879.1508905198425,283.0931396484375,8.185285535453747,11.207781678168896,77.56164446347343,12.731203180736564
1765960694999940400,1284.7529404296874,792.3918989179656,2.705609850011079,16.819328442604483,12.982610881339879,878.801902580075,283.0931396484375,8.093311230317282,11.07807081445283,77.56152467802626,13.034358706495201
1765960695999946500,1285.7529465332032,792.3759027998894,2.702920568833899,16.861898104649757,12.982635068138228,878.7859064619988,282.5506896972656,8.046490817289495,11.163488863449484,77.5614076530625,12.988574853522927
1765960696999953700,1286.7529536132813,791.5201850738376,2.7085191515799907,17.682558905756686,12.982652569602173,877.930188735947,282.5506896972656,8.02340470968943,11.12011175748274,77.56129548930728,12.408565697239828
1765960697999961300,1287.7529614257812,791.1562999431044,2.705927931798095,22.130280389041737,12.982670347702918,877.5663036052138,282.5506896972656,8.012365401287418,11.14754406733473,77.5612143039272,9.902007761131701
1765960698999967500,1288.752967529297,792.5428053112701,2.7038357875450156,30.290190419131175,12.98268610015394,878.9528089733794,282.5506896972656,8.007386910623385,11.383959438565178,77.5611603919702,7.2318651035926225
1765960699999974700,1289.752974609375,791.5806474760175,2.703217968594854,34.841425679558604,12.982694907141527,877.9906511381269,282.5506896972656,8.004806494884182,11.69673980155892,77.56110790424218,6.285094515465574
1765960700999981000,1290.7529809570312,791.7238702131435,2.7026593514822617,37.912465339925554,12.982702069122016,878.1338738752529,279.4676513671875,8.003605041655435,11.718949257746555,77.5610583101056,5.776197275602161
1765960701999988000,1291.7529880371094,792.3810783848166,2.7076883934412073,38.22373364813745,12.982710291126253,878.791082046926,279.4676513671875,8.002884106838724,11.850031621478244,77.56100967568945,5.733789243301097
1765960702999995600,1292.7529956054686,793.0446567395702,2.698301642052143,35.11572764072068,12.982734950393995,879.4546604016796,293.28033447265625,8.002403481724214,11.74169200309927,77.56095566005231,6.219571864575263
1765960704000003300,1293.7530034179688,793.4152033925056,2.7035747975357713,33.04966195352102,12.982771295842985,879.825207054615,293.28033447265625,8.002021878955237,11.327633431244546,77.56090462086448,6.615908353748888
1765960705000011000,1294.753010986328,793.8180966014042,2.7021526770522795,32.446240616928044,12.982802227553055,880.2281002635136,300.8844045574527,8.001705763529458,11.185296310986523,77.560854974309,6.734483886622216
1765960706000018200,1295.7530180664062,792.6488622035831,2.7016619425589004,31.575705093988372,12.982843713293292,879.0588658656925,305.3091832597058,8.001401949927777,11.234732695653289,77.56080720762698,6.932908227301372
1765960707000027600,1296.7530275878905,793.1767245912924,2.7003758296237774,30.763338422841795,12.982876942697553,879.5867282534018,305.64577531268264,8.001144698669938,11.211431401437888,77.56075246140233,7.111984966257032
1765960708000032300,1297.7530322265625,793.4321206044406,2.696023737866822,29.42955242385642,12.98291588328917,879.84212426655,306.3376830612916,8.00088869947262,11.245259600948012,77.56069533886135,7.422127618469239
1765960709000039700,1298.753039794922,794.0281232800335,2.70203612067052,28.711730271010165,12.98288494853013,880.4381269421428,293.5079650878906,8.000658999657547,11.177505087019206,77.56060722780164,7.621080814835198
1765960710000046600,1299.7530466308594,794.1136291958392,2.702235004616377,28.20758474244567,12.982995814070934,880.5236328579485,307.55460297279325,8.000489008270028,11.189713321082477,77.56058305958038,7.75986834117367
1765960711000054300,1300.7530541992187,796.1270096246153,2.705728157114664,28.8297859546694,12.983033994342076,882.5370132867247,306.88941475533636,8.000358522467105,9.936743752853458,77.5605277451633,7.602320078575556
1765960712000061400,1301.7530615234375,797.8554842760786,2.692183553625988,30.05973719877626,12.983076623929259,884.265487938188,311.65153300370804,8.000265314937481,9.279108827695996,77.56047905701719,7.247166494081751
1765960713000069600,1302.753069580078,798.3481450695544,2.699489325197505,36.9540562929269,12.983111927253589,884.7581487316638,316.54094571361793,8.000207413325256,8.93535996300687,77.560450804725,5.909424598756631
1765960714000076800,1303.753076904297,799.0785195510834,2.699112356572569,35.94745109290644,12.983157474841487,885.4885232131928,322.44438630790756,8.000172843408823,8.647309211715756,77.56041768989564,6.070094387206324
1765960715000084500,1304.7530844726562,799.7126366235316,2.700010007972551,42.23691796124097,12.983195369194856,886.122640285641,325.17699377703843,8.000148167091167,8.354775378601808,77.56039337995031,5.1610443333805085
1765960716000091600,1305.7530915527343,799.9985182182863,2.7002376633245277,59.16853166891639,12.983217054785134,886.4085218803957,324.5216367801061,8.000129633238574,8.321194034966274,77.56037707720415,3.667665853461422
1765960717000099300,1306.7530993652344,800.3352451203391,2.701260677029878,78.85974993749387,12.983232735891283,886.7452487824485,322.8011260632202,8.000115222281789,8.329920434821313,77.56036487490749,2.7258998207868714
1765960718000106800,1307.753106689453,800.4602233953774,2.7020451983324474,102.10079109997544,12.98324437651552,886.8702270574868,321.70725208189305,8.000103688244764,8.402744406488209,77.5603560183418,2.0691652868805384
1765960719000114200,1308.7531142578125,800.7101271795109,2.696684596816668,83.47027144335672,12.983263730314071,887.1201308416203,324.2315878843181,8.000094252051547,8.51344162365567,77.56034482407057,2.511157444477113
1765960720000121300,1309.7531213378907,800.9272627802566,2.695613200846362,72.94431782497497,12.983298101491009,887.337266442366,338.4469115156585,8.000086386828453,8.453196031504884,77.56034189791434,2.9770683041403805
1765960721000129300,1310.7531293945312,801.0026158662513,2.6914784366187154,109.49396216172508,12.983313016302011,887.4126195283607,356.34249461950975,8.00007974953505,8.314881766331375,77.56035160198049,1.9592180297586181
1765960722000137000,1311.7531369628907,801.2638419121504,2.6983534348614975,92.56935509847489,12.983332418751855,887.6738455742598,1.4561293328635059,8.000074044466198,8.308870300230375,77.56035595189881,2.252333016401341
1765960723000144600,1312.75314453125,801.6383191291243,2.7012641392260845,69.49647786779292,12.98336362791074,888.0483227912337,359.09877485878366,8.000069112826456,8.390470093372107,77.56035410573797,3.0951940121296513
1765960724000152000,1313.7531520996095,802.3176096305251,2.694900255000981,50.05355409218149,12.98328587554154,888.7276132926345,344.1917542218536,13.59068626546696,8.256892192956462,77.56034885371166,4.295562877192992
1765960725000159500,1314.753159423828,802.5863791964948,2.6919642149548872,38.60315439003381,12.983455161108118,888.9963828586042,3.367443084716797,8.000060886554406,7.901215967017257,77.56021508401706,5.629766779821062
1765960726000166400,1315.7531665039062,802.9022141871974,2.697450572491164,33.78101795612968,12.983516084231626,889.3122178493068,3.367443084716797,8.000057497717457,7.603338007114242,77.56021873940425,6.455490826473048
1765960727000175000,1316.753175048828,803.1770696183667,2.702092401866107,31.580512997249222,12.983580236972848,889.587073280476,3.367443084716797,8.000052056311857,7.319394219272238,77.56022258856765,6.931408481474206
1765960728000182300,1317.753182373047,803.1867192350328,1.5259431711609825,15.030503117330307,12.98365080902884,889.5967228971422,357.24456787109375,8.0000437578752,8.276007514695932,77.56022425488403,8.22715651530151
1765960729000189700,1318.7531896972657,803.2923137983307,1.5273289027143988,13.990420630516857,12.983731737714246,889.7023174604401,357.24456787109375,8.00003243853898,8.41105419148075,77.56022028318549,8.846564912382293
1765960730000197400,1319.753197265625,803.1205876190215,1.5410223553640274,14.169224812513631,12.98380787436257,889.5305912811309,357.24456787109375,8.00002248173083,7.80035660050941,77.56021654666502,8.80359828974965
1765960731000205000,1320.753205078125,802.7480377787724,1.5255731750276376,14.768842565392946,12.983879258219782,889.1580414408818,357.24456787109375,8.000014940340934,7.121122021004783,77.56021304338717,8.344685533009635
1765960732000212700,1321.7532126464844,802.4780745580792,1.5211407236063892,14.711351769904686,12.983953218850083,888.8880782201886,357.2633361816406,8.000010039539742,6.370811233969996,77.56020877598542,8.365802644842757
1765960733000220400,1322.7532204589843,802.7904893467203,1.5467479065542862,14.502821868670924,12.984032389924415,889.2004930088297,357.2633361816406,8.000006655364695,5.60884473058514,77.56020491701582,8.634420297632937
1765960734000227800,1323.753227783203,802.7948707509786,1.5015687614094697,13.832966602707604,12.984111004028147,889.204874413088,357.2633361816406,8.000004342113904,4.868286280398682,77.56020108519634,8.795175231165347
1765960735000235500,1324.753235595703,803.0039661983028,1.5558404598756,13.879106156788911,12.984193154305263,889.4139698604122,356.9720764160156,8.000002892772624,4.994124151388498,77.5601967760079,9.073652237878033
1765960736000243700,1325.7532436523438,802.9454215234146,1.5058071167545526,12.955718989898273,12.984279596505017,889.3554251855239,356.9720764160156,8.000001923884483,5.255119674803166,77.56020237077274,9.405858523860687
1765960737000251400,1326.7532514648437,803.3723999895155,1.5262669286970787,12.896155340103135,12.98436566340983,889.7824036516249,356.9720764160156,8.000001199944089,5.275894139334639,77.5601788854984,9.586866246127247
1765960738000258800,1327.7532587890626,803.8395752981305,1.5421642660214372,12.409445296125556,12.98446941153877,890.2495789602399,356.9720764160156,8.000000794256904,5.806243739807915,77.56016434134915,10.045137097942762
1765960739000266500,1328.7532666015625,804.1750718662515,1.5404576161450148,12.30477770860742,12.984559237525067,890.5850755283609,356.9720764160156,8.000000572127773,5.8504199631603795,77.56015560266512,10.071723455222571
1765960740000273200,1329.7532731933593,804.489719895646,1.5405888669243655,12.512584427206344,12.984649978102311,890.8997235577554,356.62579345703125,8.00000040509584,5.669496435827269,77.5601496588593,9.9275984537105
1765960741000282400,1330.7532824707032,804.8805338228121,1.5249992493272762,12.733163920049751,12.984725919854677,891.2905374849215,356.62579345703125,8.00000032670238,6.231090760596525,77.56015074747357,9.578372427237708
1765960742000289000,1331.7532890625,805.142724243924,1.4946280681233295,12.23212423305955,12.984812545160816,891.5527279060334,356.62579345703125,8.00000030235985,6.100677481635509,77.56014793906644,9.670690079386095
1765960743000297000,1332.753296875,805.6036434443668,1.5369554918450672,12.950325617501372,12.984898447075059,892.0136471064761,356.62579345703125,8.000000254136319,5.83965050028547,77.5601474959553,9.534391543610763
1765960744000303900,1333.753303955078,805.8936487399042,1.5321832960452275,13.711698492481657,12.984972298067662,892.3036524020135,356.62579345703125,8.000000182939448,5.8644416196536575,77.56014483995457,8.786194519528056
1765960745000312300,1334.7533122558593,805.8811767213047,1.5168666295952127,14.214894723259459,12.985047038347627,892.291180383414,356.6480407714844,8.840226952077654,6.757946213402064,77.56013735324788,8.52625342345043
1765960746000320000,1335.7533200683595,806.25025530532,1.5001413156186802,13.5212400925033,12.98512743108393,892.6602589674294,356.6480407714844,8.540852087688679,6.633477425082889,77.5601271310971,8.594095966584751
1765960747000328200,1336.753328125,806.3126872321591,1.5201755859135335,14.354060163248825,12.985199775048217,892.7226908942685,356.6480407714844,8.360938138722547,6.503757102106079,77.56011704978543,8.349717189959321
1765960748000335000,1337.7533352050782,806.50736207515,1.5660743851825967,14.849942351330085,12.985270554120893,892.9173657372594,356.6480407714844,8.245858735831098,6.594782249922894,77.56011648117133,8.274842787238148
1765960749000342800,1338.7533427734375,806.2960013020784,1.5405402429630692,14.929960208849076,12.98534579647879,892.7060049641877,356.6480407714844,8.829856942651162,6.722919200611157,77.56011090153696,8.27574566748157
1765960750000350700,1339.753350830078,806.5196761814877,1.547308215528997,14.914766007022392,12.985419016241707,892.9296798435971,356.6480407714844,8.558329198297342,6.258475544672527,77.56010798154742,8.245448972500691
1765960751000358100,1340.7533581542968,806.6148939924315,1.5245447301894597,14.98472046014504,12.985484589795304,893.0248976545408,356.6480407714844,8.389838378862112,6.653312669441578,77.56009732130319,8.077596051863962
1765960752000365600,1341.7533654785157,806.6891015172005,1.5413711631674865,14.721779860007711,12.985557753508196,893.0991051793098,356.6480407714844,8.266078674205891,6.831987100819589,77.56009220715721,8.338130672752117
1765960753000373800,1342.753373779297,806.4528274219483,1.5517360747269513,14.710939851182944,12.985631831125572,892.8628310840577,356.6480407714844,8.180358079422001,6.9712433163841965,77.56008709128442,8.512404135030954
1765960754000381400,1343.7533813476562,806.4564095661044,1.4848776857498147,13.530124053034251,12.98571392154033,892.8664132282138,357.1448669433594,8.117090259997166,6.720290884829564,77.56008175847799,8.769914133724287
1765960755000389000,1344.7533891601563,806.2136297049001,1.5260955133289607,13.501074524220702,12.98579792371143,892.6236333670095,357.1448669433594,8.075421532523066,6.766619013041624,77.56007418802217,9.154206357982215
1765960756000396300,1345.7533962402345,806.2549854302779,1.5199328434962716,13.274727039896284,12.985881487238698,892.6649890923873,358.0733947753906,8.048195758003079,6.9272507625263025,77.56006923644766,9.25464327322214
1765960757000404200,1346.753404296875,806.2153288051486,1.5298061412726638,13.156637934795947,12.985966458840098,892.625332467258,357.6327209472656,8.03040206575587,6.892219545468585,77.56006473105147,9.386883291730742
1765960758000412400,1347.7534123535156,806.3213720368221,1.5291186646877777,12.992112495403074,12.986050400062373,892.7313756989315,357.6327819824219,8.019364698955993,6.929426076147444,77.56006153689526,9.487518310314496
1765960759000419600,1348.7534196777344,806.2206507436931,1.5608219916982884,13.131547879094548,12.986135974469631,892.6306544058025,357.6327819824219,8.141940487879458,6.638182922120518,77.56005989420252,9.622777454292825
1765960760000427500,1349.7534274902343,806.1972785089165,1.537093900484585,12.889191407051497,12.986222265007823,892.6072821710259,356.7851257324219,8.088886676657465,6.681389933574542,77.56005572016565,9.664380047133454
1765960761000435200,1350.7534353027345,806.2471704510972,1.537100142001038,12.840174325636356,12.986311204499643,892.6571741132066,356.7851257324219,8.054420619293298,6.9842809044857965,77.56005418704089,9.668450782635102
1765960762000443400,1351.753443359375,806.1017070589587,1.5119902760175765,12.585968437205402,12.98640152386482,892.5117107210681,356.7851257324219,8.03318261229849,7.509349279236384,77.56005049157727,9.73415314920196
1765960763000450600,1352.7534504394532,806.1644058544189,1.5247243394361985,12.413988480744425,12.986497106488699,892.5744095165282,356.7851257324219,8.019719763188583,7.9818573785074305,77.56004584283895,9.93742777468087
1765960764000458500,1353.7534584960938,806.2309553772211,1.5021364389859322,12.156704249285728,12.986590055051897,892.6409590393305,356.7851257324219,8.011158203026643,7.9643752334782505,77.56004091328299,9.999730169138788
1765960765000466700,1354.753466796875,806.675492930226,1.5264177779504335,12.61519376519526,12.986677682459836,893.0854965923354,351.7770690917969,8.00639313051769,7.833144214238984,77.56003172148579,9.764089826316079
1765960766000474400,1355.7534743652343,807.103095642291,1.4745487147458034,11.95181017127931,12.98676536540237,893.5130993044004,351.7770690917969,8.003666265597946,7.46233872751891,77.56002148798716,9.651197582812106
1765960767000481800,1356.753481689453,806.9851478748024,1.4976648308660738,12.56524195556009,12.986853389288285,893.3951515369117,351.7770690917969,8.00210658318724,7.060836799406451,77.56000770074965,9.600448342050488
1765960768000489700,1357.7534897460937,807.009201310575,1.522546969679677,12.391198697257403,12.986948395321155,893.4192049726844,347.4905090332031,8.001188404215705,6.834100857728303,77.55999447471106,9.955663007435518
1765960769000496400,1358.7534963378907,806.9799517169595,2.6854541240742975,21.35784271971166,12.987045962020277,893.3899553790689,347.4905090332031,8.00065921960337,6.620880459559454,77.5599774407667,10.186197047658883
1765960770000503800,1359.75350390625,807.4055229462683,2.7176743932652627,20.895854792304856,12.98714133882589,893.8155266083777,347.4905090332031,8.000367754846012,6.5776704487893305,77.55995140968533,10.533520317247683
1765960771000512000,1360.7535119628906,807.5770945185795,2.70719632700428,20.787184367201654,12.98723327471771,893.9870981806889,343.33062744140625,8.000204889760996,7.202777888735131,77.55992244130546,10.549118053962172
1765960772000520200,1361.7535202636718,807.682361596264,2.7003917100156367,20.602393746703125,12.9873270418654,894.0923652583733,343.33062744140625,8.000114115251362,7.437952529988275,77.5598995240659,10.618503288345153
1765960773000528100,1362.753528076172,808.2143153268844,2.707042370556766,20.771373898796423,12.987418474290642,894.6243189889938,342.47882080078125,8.000063486860418,7.486382018140339,77.55987269969626,10.557358094256838
1765960774000536000,1363.7535361328125,808.4276289045811,2.7050782730161678,21.260108461661087,12.987505051591814,894.8376325666904,342.47882080078125,8.000036015560843,7.474534358504369,77.55984795382724,10.307334220425439
1765960775000543200,1364.7535432128907,808.6279416009784,2.7083417968121752,21.185590486060086,12.98759551287673,895.0379452630877,342.47882080078125,8.000020083540626,7.4640673728274045,77.55981347006288,10.356060294379771
1765960776000550700,1365.7535505371093,808.6850302051753,2.698526811108155,20.132377046042812,12.987697270566835,895.0950338672847,342.47882080078125,8.000010732091107,7.50999008495182,77.55977483972705,10.859283177727425
1765960777000558800,1366.7535588378905,808.8091941149905,2.713718404182344,19.93230977071272,12.987791181356275,895.2191977770999,337.96966552734375,8.000005812338639,7.054038427973774,77.5597332820574,11.030641833688279
1765960778000566500,1367.75356640625,809.2103738086298,2.7168480277926177,19.70514911748728,12.987888741019662,895.6203774707392,337.96966552734375,8.000003059738432,6.907941147533535,77.55970213969708,11.169461008016162
1765960779000574200,1368.75357421875,809.5080153401941,2.704255636478217,19.555838198323983,12.98798115141158,895.9180190023035,337.96966552734375,8.000001696643228,7.5067804743146285,77.55965952324621,11.201694171866512
1765960780000581600,1369.7535815429687,809.9956998704001,2.7008358499962397,19.29488641822673,12.988077641658679,896.4057035325095,331.53326416015625,8.000000962201973,7.288152740927679,77.55961571007391,11.338441091246093
1765960781000589600,1370.7535895996093,809.6997903781012,2.704015344197891,18.750386071261982,12.98817462805305,896.1097940402105,332.98651123046875,8.000000482336059,7.620535647882711,77.55956261141849,11.6846511472744
1765960782000597800,1371.75359765625,809.8252600487322,2.7066460261567395,18.472860783046766,12.988268525161669,896.2352637108415,332.98651123046875,8.000000330992581,7.399782801280917,77.55950886200968,11.87176792440644
1765960783000604400,1372.7536044921876,809.7844656165689,2.7092967970662065,18.306359577523956,12.988359507683,896.1944692786783,326.7620544433594,8.741618561199681,7.672469219908663,77.55945266286143,11.99165190580343
1765960784000612600,1373.7536125488282,810.4402128215879,2.702337854549472,18.68185154899271,12.988443533813609,896.8502164836973,326.7620544433594,8.398301789219666,7.321395494665515,77.5593952021071,11.719417452610008
1765960785000619800,1374.7536198730468,809.5952390907332,2.7085784247596756,20.504164665342046,12.988512431283082,896.0052427528426,326.7620544433594,8.22070172358923,7.096478934868735,77.55934108522274,10.702953865260588
1765960786000628000,1375.7536279296876,810.0111673502252,2.7199568134494903,23.111413053733546,12.9885791749058,896.4211710123345,326.7620544433594,8.124184222803935,6.377921292375006,77.55929164397001,9.535949387140569
1765960787000636200,1376.7536362304688,810.0565824918449,2.719246511495479,28.164383634430752,12.98863107365931,896.4665861539543,326.7620544433594,8.074479616242462,5.618871209442721,77.55925510936176,7.821511982944811
1765960788000643300,1377.753643310547,810.1546386023983,2.719766052904175,31.389565631745796,12.988680701303366,896.5646422645077,326.7620544433594,8.046947129340026,5.651465736657362,77.55921826909977,7.016726022566669
1765960789000651500,1378.7536516113282,810.5097872940823,2.722304546293227,35.913231199215716,12.988727311213676,896.9197909561917,326.7620544433594,8.033395498416121,5.595408775737018,77.55918711907235,6.1400233596699065
1765960790000658200,1379.753658203125,810.7133658090606,2.7230104046714314,39.77518889467799,12.988769419706745,897.12336947117,326.7620544433594,8.025046584955735,5.426800405801019,77.55916255728754,5.543235862988229
1765960791000666000,1380.753666015625,810.6711126565933,2.7195698046571413,39.891700106620775,12.988803293610646,897.0811163187027,326.7620544433594,8.020037258456409,5.453322359273302,77.55913634807976,5.51249559380677
1765960792000675000,1381.7536750488282,810.777753780596,2.700358823736056,41.18904331376769,12.988838013566701,897.1877574427053,326.7620544433594,8.01669776176984,6.207754555706375,77.55911482234032,5.296562121505592
1765960793000681500,1382.7536813964844,810.9520627465099,2.711202039696374,38.02702441644826,12.988890784323944,897.3620664086193,326.7620544433594,8.014312360639257,5.813842537723472,77.55909017428188,5.763092611441544
1765960794000689400,1383.753689453125,811.1823977278545,2.7035946953298553,36.233762485833395,12.988930614354068,897.5924013899639,326.7620544433594,8.012523315170286,6.405692145331243,77.55905748341286,6.03296187841439
1765960795000697000,1384.7536970214844,811.1228688266128,2.6991938811568628,33.42162247414897,12.988984897585606,897.5328724887222,329.7353515625,8.010977059090374,6.461080859682626,77.55902951708124,6.514160058895076
1765960796000705000,1385.753705078125,811.3033716985956,2.6977931757286773,31.569492555434,12.98904096884809,897.713375360705,329.7353515625,8.009385505793645,6.299603699895712,77.55899897720995,6.912216778773112
1765960797000713000,1386.753712890625,811.5244584558532,2.7057969330829774,30.032304847458914,12.989099741189799,897.9344621179625,329.43194580078125,8.007657373920452,5.99471215532202,77.55896454602019,7.293950695238012
1765960798000720400,1387.7537204589844,811.5995560195297,2.69829905870973,28.40355019813768,12.989166842618289,898.0095596816391,329.43194580078125,8.005756991480066,5.999702443906002,77.55893387738631,7.69285597236477
1765960799000728000,1388.7537280273436,811.8242561621591,2.710096682960125,27.913035353215044,12.98922934773522,898.2342598242685,329.43194580078125,8.00414410619854,6.085737096747353,77.55889529538436,7.864173563519564
1765960800000736500,1389.7537365722656,811.8884505499154,2.709826579345547,27.366178230319033,12.989292514648582,898.2984542120248,329.43194580078125,8.002946670447995,6.090249839995536,77.55885512587395,8.022073731349257
1765960801000743400,1390.753743408203,811.9993619630113,2.701660468551124,27.24720713544309,12.989355878159216,898.4093656251207,329.43194580078125,8.00194790790602,6.101011576890412,77.5588110961294,8.032916952195956
1765960802000751000,1391.7537512207032,812.155468005687,2.712858529894058,26.863990621190005,12.989419077909554,898.5654716677964,329.43194580078125,8.001306348318217,5.836130533401993,77.55876822685664,8.182258040963125
1765960803000591400,1392.7535913085937,812.4618911128491,2.715461529461811,26.34980946759922,12.989489461087135,898.8718947749585,329.43194580078125,8.000849183615296,5.742300238489775,77.55872759716418,8.35028898608135
1765960804000592600,1393.7535925292968,812.6888675196096,2.715324984660154,27.19265806452579,12.989550049592369,899.098871181719,329.43194580078125,8.672302608555567,5.956372803240722,77.55868950321951,8.090972270346183
1765960805000598000,1394.7535979003906,812.7900381796062,2.7155385920511255,25.890879161581637,12.989627267481538,899.2000418417156,329.5041809082031,8.424434160592545,5.752975494850882,77.5586454331024,8.49823959883623
1765960806000587300,1395.7535871582031,812.587462306954,2.719898792738541,25.52797455633478,12.989697533893878,898.9974659690633,329.5041809082031,8.29311771916383,5.324407445022235,77.55861077578473,8.633213472570928
1765960807000577300,1396.753577392578,813.0216019470245,2.711181127494263,24.420888110282903,12.989778239000703,899.4316056091338,329.5041809082031,8.179484921768532,5.536304937116461,77.55856530440926,8.994199633809501
1765960808000572700,1397.7535727539062,812.584718667902,2.706523991036318,23.991297770390883,12.989850793532588,898.9947223300114,329.5041809082031,8.113048063475587,5.464752885019368,77.55851803557474,9.140884806829344
1765960809000556000,1398.7535561523437,812.7865501688793,2.708237652291077,23.158328453223707,12.989934018708762,899.1965538309887,329.5041809082031,8.067641683133322,6.015598157936139,77.55846907299772,9.47558767305733
1765960810000503300,1399.7535034179687,812.4858983261511,2.710388081394122,23.36428567909463,12.990005614261984,898.8959019882604,329.501708984375,8.039262277654307,5.937770335892891,77.55842017561176,9.399720017633394
1765960811000479700,1400.753479736328,812.5228715119883,2.714548522764572,23.635990465906822,12.990084683744247,898.9328751740977,329.501708984375,8.022141349142329,6.004323418956694,77.55837157301985,9.30591161318904
1765960812000464000,1401.7534638671875,812.7473162868991,2.708284295813321,23.62578198270082,12.99015661004984,899.1573199490085,329.501708984375,8.013133161594455,5.897300286203478,77.55833074714137,9.28824030767177
1765960813000441000,1402.7534411621093,812.7786788353696,2.7043160150950087,23.91080866981387,12.990226005455124,899.188682497479,329.501708984375,8.007785726132198,5.897312971540063,77.55828839048925,9.162913423643637
1765960814000435500,1403.753435546875,812.7803251054138,2.7085961368271145,27.13860168096398,12.990286228658462,899.1903287675232,329.501708984375,8.004635622168685,5.8155722248699515,77.558251052599,8.083599626264109
1765960815000415500,1404.7534155273438,812.801940751262,2.710845622637438,29.29560281991356,12.990343592077114,899.2119444133714,329.501708984375,8.002875267023795,6.089264787581636,77.55821712119128,7.496689815359609
1765960816000388000,1405.7533881835936,812.8960419408977,2.7119214902936397,27.81065198173376,12.990414857944446,899.3060456030071,329.10235595703125,8.001890729911311,5.88526821119054,77.55817663604749,7.900338755152515
1765960817000381400,1406.7533813476562,813.0512445969507,2.7043367624984733,27.260055639496073,12.990479578067633,899.4612482590601,329.10235595703125,8.001288251870958,5.853412765070854,77.55814173908364,8.036359298201285
1765960818000374800,1407.7533747558593,813.2614927589893,2.7143368915020916,26.909362855909865,12.990542440666358,899.6714964210987,329.10235595703125,8.000863734783355,5.799137701442548,77.5580981629064,8.170295939127103
1765960819000370400,1408.753370361328,813.238946493715,2.7089643825662417,27.393434471174285,12.990604860214205,899.6489501558244,329.10235595703125,8.000578656849633,5.559741759528148,77.55806045063908,8.010663636539864
1765960820000365800,1409.7533657226563,813.0718337101862,2.7156944169800545,29.59437913564614,12.99065959671874,899.4818373722956,329.10235595703125,8.000392227334517,5.484864017043135,77.55802241580912,7.4349689770166085
1765960821000361700,1410.7533618164061,813.4218361442909,2.71187590162587,29.570059334836134,12.990715162526064,899.8318398064002,329.064453125,8.000274868291239,5.414488782879479,77.55798326689212,7.429550955932294
1765960822000359200,1411.7533591308593,813.746238685213,2.7053186105295066,29.973657760193085,12.990770677055963,900.1562423473224,329.064453125,8.000192645076085,5.266826536670644,77.55794738350933,7.311053994293815
1765960823000356000,1412.753356201172,813.9867673879489,2.721740954219498,31.192270245384634,12.990823803696788,900.3967710500583,329.064453125,8.000135878186487,5.0710403783619835,77.55791230511983,7.067685955722013
1765960824000353300,1413.7533532714845,814.1779023483396,2.714421321875045,31.268845675260113,12.990885600512888,900.5879060104489,329.064453125,8.000092422439636,5.744795007554389,77.55787690522197,7.025756411136253
1765960825000352800,1414.7533527832031,814.316746073775,2.699074923407015,31.821318945903272,12.990935646947891,900.7267497358844,329.064453125,8.000067788093613,6.386685491125338,77.55784900896059,6.86779425736941
1765960826000351200,1415.7533513183594,814.3270135540515,2.7057423145728543,31.572392650924332,12.990991078590154,900.7370172161609,329.064453125,8.000051812744232,6.396466241953267,77.55781917317671,6.941648380883377
1765960827000351200,1416.7533513183594,814.1644966993481,2.7091752437065533,31.042339312220786,12.991049012922485,900.5745003614575,331.130126953125,8.469402946147442,6.286740517842714,77.5577905941435,7.071503392683102
1765960828000351000,1417.7533510742187,813.8568241391331,2.706862983625054,30.941970272072197,12.991106859505267,900.2668278012425,331.130126953125,8.351712876789172,6.024873138973149,77.55775978781044,7.082962194556454
1765960829000350700,1418.753350830078,813.9953179694712,2.7175806676652643,30.086629805915326,12.991165826353283,900.4053216315806,325.7124938964844,8.262502922291898,5.757724029210071,77.55772582115775,7.316742485171107
1765960830000351500,1419.7533515625,814.0502985147759,2.7114940734970756,28.05050170712508,12.991235884233864,900.4603021768853,325.7124938964844,8.191333342393715,5.334179950285016,77.55769963687995,7.8319915233124195
1765960831000352500,1420.7533525390625,814.2730417111889,2.712082151777648,26.082574267524617,12.99129637066563,900.6830453732982,325.7130432128906,8.133409226756987,5.0306779803782105,77.5576429434945,8.42531728141733
1765960832000353800,1421.7533537597656,814.4558122511953,2.7113854385590708,25.43040302960954,12.99135746676316,900.8658159133047,325.7130432128906,8.090993048021673,4.686834716232577,77.5576004644405,8.63921892145768
1765960833000354800,1422.7533547363282,814.7592119313776,2.718525998207527,24.760707695834853,12.991424410213666,901.169215593487,325.57763671875,8.060013991272386,4.799247434555965,77.55755983425729,8.895827978088334
1765960834000356600,1423.753356689453,814.6688820980489,2.7152860583778553,24.05410903784196,12.991488356765531,901.0788857601583,325.57763671875,8.038865362972274,5.141984247784288,77.55750929852191,9.146551658519709
1765960835000359200,1424.7533591308593,814.5265736049041,2.717002775096258,23.336082384779996,12.991554936622071,900.9365772670135,325.57763671875,8.025110384714257,5.040212724509029,77.55745775027563,9.434080022041906
1765960836000361000,1425.7533608398437,814.4799506440759,2.7109183846429517,22.61925338417136,12.99162358766814,900.8899543061852,325.57763671875,8.016083698044646,5.0789628568835825,77.55740689040728,9.710605077713831
1765960837000364300,1426.7533642578126,814.3951594363898,2.716607502826083,22.842046160205157,12.99169096247549,900.8051630984992,325.57763671875,8.01020158401354,5.105109923772475,77.55735746822043,9.635066842503834
1765960838000367000,1427.7533671875,814.2948540775105,2.7072138424458645,23.609165505932726,12.99175341304742,900.7048577396199,325.57763671875,8.556302652801627,5.550409253050478,77.557305248343,9.289169320889101
1765960839000369200,1428.753369140625,814.2304926579818,2.7131999938892704,23.58704255640379,12.991822051725654,900.6404963200912,325.57763671875,8.343902476660856,5.797229808496275,77.55724770461656,9.316787187067956
1765960840000372700,1429.7533728027345,814.0791138857603,2.7135430874747515,22.958941242145144,12.991892467621406,900.4891175478697,325.57763671875,8.23077662006324,5.65537486530567,77.55718200048527,9.574323334357668
1765960841000376600,1430.7533764648438,813.9469374185428,2.7047274669396546,24.469399003385597,12.99195631409472,900.3569410806522,325.6203918457031,8.355258818029906,5.635430484507912,77.55713704364256,8.95311347428066
1765960842000380200,1431.753380126953,813.7668752325699,2.7133580628832905,29.42779536619603,12.991998038047102,900.1768788946792,325.6203918457031,8.223097198340955,5.773373530436089,77.55710175883772,7.467026956705816
1765960843000383500,1432.753383544922,813.68942744378,2.7092951606556235,38.36589824738939,12.992039246819209,900.0994311058894,325.6203918457031,8.16108606717222,5.762549429940143,77.5570824773233,5.718129705323587
1765960844000387000,1433.7533869628905,813.3709118952975,2.7035487194646777,48.25749162159944,12.992065172957092,899.7809155574068,325.6203918457031,8.128868840941685,5.508579913771257,77.55706699327256,4.461624072598424
1765960845000391000,1434.7533908691407,813.0864860070869,2.6894092695550658,52.731623932485604,12.992083881796344,899.4964896691963,325.6203918457031,8.107390689571318,5.491007757048594,77.55704942541622,3.8756688461816178
1765960846000395000,1435.7533950195314,812.9960947642103,2.6990458855837045,51.95130397287369,12.992112061524836,899.4060984263197,325.6203918457031,8.092049160970578,5.387462836293435,77.55702385802945,4.018850823591535
1765960847000400600,1436.7534006347655,812.8389340853319,2.694374440100838,53.11355762023907,12.992144106269784,899.2489377474412,325.6203918457031,8.080543006704804,5.239171897745146,77.55699918299692,3.889311341737462
1765960848000404000,1437.7534040527344,812.6497044051066,2.66322146782508,60.1802913010873,12.992169522744208,899.059708067216,325.6203918457031,8.07159377866648,5.368614318721038,77.55698711643404,2.972639500768887
1765960849000408600,1438.7534086914063,812.5070443740115,2.6766922112985077,55.70236327366731,12.992201003279986,898.9170480361208,325.6203918457031,8.064434385887363,5.376124282343887,77.55696414309021,3.314484471585976
1765960850000413000,1439.753412841797,812.424543812871,2.6818659670644145,52.563361388788586,12.992237319601012,898.8345474749804,325.6203918457031,8.058576707907536,5.782074563703962,77.55693854309217,3.651877503676771
1765960851000417300,1440.7534172363282,812.3512914599851,2.6718885624759587,57.96057275000337,12.992266733516054,898.7612951220945,325.6203918457031,8.053695308318026,6.054270069661113,77.55691320206934,3.314245509068532
1765960852000422400,1441.7534223632813,812.4309911718592,2.690775736543152,54.29092780316708,12.992298163019699,898.8409948339686,323.2464294433594,8.049564894447288,5.94409314447543,77.5568897987,3.7508419827046935
1765960853000427800,1442.753427734375,812.4986082594842,2.70086288972206,43.043196121679514,12.992341820784098,898.9086119215935,323.2464294433594,8.046024539831588,5.887182869320515,77.55685326831059,4.994251865664373
1765960854000432400,1443.753432373047,812.689134224318,2.705245907567236,37.48591958950435,12.992397448539826,899.0991378864273,323.2464294433594,8.042956270343325,5.69452933047681,77.55683079584063,5.8321166894969005
1765960855000436700,1444.753436767578,812.7324602911249,2.707307607437147,37.822596880364785,12.992441187050792,899.1424639532343,323.2464294433594,8.04002109342449,5.487408688848562,77.5567977154349,5.786138359963284
1765960856000442600,1445.753442626953,812.8556154379621,2.71813072663587,37.31498224691071,12.992481717353614,899.2656191000715,323.79888916015625,8.036971098962635,5.4173977313474095,77.55675674044055,5.894857562054503
1765960857000447200,1446.753447265625,812.5461038723588,2.7068056097116466,43.90943858315509,12.992520172804536,898.9561075344682,323.2464294433594,8.03433035234964,5.5348257646844194,77.55674242513017,4.9911038928621645
1765960858000452600,1447.7534526367187,812.2674094270915,2.700880692976771,40.88108661642927,12.992563644441509,898.6774130892009,323.79888916015625,8.032041671456435,5.299174687308184,77.556719643942,5.286842221243812
1765960859000457700,1448.7534577636718,812.859244720079,2.7158187461236993,36.88230774383337,12.992610727918814,899.2692483821884,323.79888916015625,8.030039049223888,5.35623678481852,77.55670589436177,5.961308851398292
1765960860000463600,1449.7534636230469,813.0933429189026,2.711296417598752,33.676266020411,12.992663415433295,899.503346581012,323.79888916015625,8.027798018558247,5.326165383553941,77.55667316952443,6.522163648653182
1765960861000468700,1450.75346875,813.354002488777,2.719892866030057,31.999501766739357,12.99271817398872,899.7640061508864,323.79888916015625,8.024252236394787,5.012475330553146,77.55663534355911,6.886681699433745
1765960862000474400,1451.7534743652343,813.6951275942847,2.7122501186670687,29.475758087359264,12.992777216327559,900.1051312563941,323.79888916015625,8.01882552589651,5.5052175504493,77.5565816146063,7.45593151679625
1765960863000480300,1452.7534802246093,814.0089047588408,2.71104022207682,27.270302575744072,12.992833787688982,900.4189084209502,323.79888916015625,8.013397936559684,5.597779920842353,77.55652755687916,8.05503393593962
1765960864000484400,1453.753484375,814.0271654818207,2.705712905421243,25.31250832129164,12.99289649169598,900.4371691439301,323.79888916015625,8.008905722573305,5.952643593414692,77.55647468753192,8.661125998623614
1765960865000490500,1454.7534904785157,814.1720792772248,2.7010705538787785,23.597808729264223,12.992968010412257,900.5820829393342,323.79888916015625,8.005738590608615,6.067551488172428,77.55642489854907,9.273393839464218
1765960866000496400,1455.7534963378907,814.1582795083523,2.6999850439902717,23.717384941139375,12.993038310134862,900.5682831704617,323.79888916015625,8.0035790317134,6.0994733830820795,77.55637539060602,9.223941278868661
1765960867000502000,1456.753501953125,814.3266547275707,2.7068797720948186,23.618659722297114,12.993106600562271,900.7366583896801,323.79888916015625,8.002279593662369,6.0836806475009935,77.55632635611427,9.28544209785946
1765960868000508000,1457.7535078125,814.5313339661807,2.7069372421263624,24.02489262523902,12.993166774270355,900.9413376282901,323.79888916015625,8.00147284412056,6.35687765268088,77.55627365812113,9.127670054545273
1765960869000513000,1458.7535129394532,814.7709353044629,2.708334426708742,23.739283672176867,12.99323264514862,901.1809389665723,323.79888916015625,8.000926902217625,6.29746716854946,77.55621685739106,9.242422289677897
1765960870000518400,1459.753518310547,814.9597382862121,2.7019280044456906,23.668596242446718,12.993307871415364,901.3697419483215,324.6734619140625,8.0005682537747,6.204121259547432,77.55616900124558,9.246982786272783
1765960871000524800,1460.7535249023438,815.0771862808615,2.704309940838131,24.478986561927492,12.993369960694313,901.4871899429709,324.6734619140625,8.00036035195292,6.105709902015897,77.55611708372491,8.94934855371616
1765960872000530200,1461.7535302734375,815.0305455736816,2.7082952067731325,24.36847358942726,12.993436256389659,901.440549235791,324.6734619140625,8.000225061778224,6.052161318354942,77.55606032722444,9.004417939130283
1765960873000536800,1462.7535368652343,814.7586384834722,2.709864233322866,24.03255986618524,12.993506867990535,901.1686421455815,323.6746826171875,8.000142515756101,5.756392682627666,77.55601178908852,9.136606829567484
1765960874000541700,1463.753541748047,814.7742661163211,2.711797667974094,23.736230504004222,12.993585009255701,901.1842697784305,323.6746826171875,8.000089516333592,5.434262914502408,77.5559731828462,9.257270856937643
1765960875000548000,1464.753548095703,814.8350587403402,2.7152989453715874,23.887986858031315,12.993660399485785,901.2450624024495,323.6746826171875,8.000055935934078,4.927758820348879,77.55593281890525,9.210134018110939
1765960876000553200,1465.7535532226561,814.8527207123116,2.7079532647195754,23.59225564755058,12.993729743739971,901.2627243744209,323.6746826171875,8.000033345476211,5.396682495661398,77.55587055334784,9.300430077675736
1765960877000558800,1466.7535588378905,814.5040473006666,2.7090632616686126,23.874310529754077,12.993803624141174,900.914050962776,327.1251525878906,8.000019534341252,5.309010803239425,77.55582729372192,9.193812905637262
1765960878000565000,1467.7535649414062,814.4125014189631,2.71560752387022,23.5289472716458,12.993882180779888,900.8225050810724,325.8273010253906,8.000011434257031,5.158703166176604,77.55578993420863,9.350906992249518
1765960879000571400,1468.7535712890624,814.2245316561311,2.7092564750908803,22.243584820769804,12.993958920151321,900.6345353182405,325.8750915527344,8.000006372645233,5.097145162519574,77.55572638308595,9.868570830268643
1765960880000577000,1469.7535769042968,814.1540572680533,2.715615196080726,22.068056823309178,12.99403480186988,900.5640609301627,325.8750915527344,8.000003641453299,4.960900057898227,77.55567596283119,9.970436461083981
1765960881000583700,1470.7535837402343,814.2551760310307,0.7184669168645565,7.254952501258539,12.994108617960578,900.6651796931401,325.8750915527344,8.000002131141862,4.383777388251342,77.55562508081486,9.420364744684246
1765960882000589300,1471.7535893554686,814.1388692315668,0.6956907418721647,7.249149210803177,12.994169921327481,900.5488728936762,325.8750915527344,8.000001231116205,3.845360807508275,77.55558198845607,8.210194669613312
1765960883000595200,1472.7535952148437,814.1850799135864,0.718069947034166,8.501729785669067,12.994220666230397,900.5950835756958,325.8750915527344,8.00000071822008,3.4355247977949976,77.5555464177944,6.727228243727224
1765960884000600300,1473.753600341797,814.1184751065448,0.7168107212110103,9.584937397013988,12.994269756005592,900.5284787686542,325.8750915527344,8.00000047708401,3.2264843514449,77.55551606086665,5.803061426869764
1765960885000607000,1474.7536069335938,814.4257658328861,0.7057258686835841,10.911374474196297,12.994304283937893,900.8357694949955,325.8750915527344,8.000000344838163,3.258353424340865,77.55549418736435,4.306713280899035
1765960886000612400,1475.7536123046875,814.2519136089832,3.400171033377504,43.80430160618744,12.994345481163696,900.6619172710925,325.8750915527344,8.00000029670385,4.752364212658086,77.55547035749935,6.194457975276567
1765960887000619000,1476.7536188964843,813.4064084310085,2.7301807061346053,49.87272114733644,12.9943632943073,899.8164120931178,325.8750915527344,8.000000231161458,4.6487542238510215,77.55544253805374,4.324412926441706
1765960888000625000,1477.753625,813.3479930749163,2.7211835985284805,40.70217773353414,12.994412151809856,899.7579967370257,329.4482421875,8.00000021125235,4.965197239349801,77.5554164168634,5.377309130063977
1765960889000630000,1478.753630126953,813.3169426983222,2.7383945754019736,35.47368242987082,12.994462830797818,899.7269463604316,329.4482421875,8.000000195351156,4.857571660034611,77.5553859122851,6.244554937958186
1765960890000636000,1479.7536359863282,813.4381514657289,2.7157494809381073,30.12256228495834,12.994524561170111,899.8481551278383,329.4482421875,8.000000157955245,5.134063129972355,77.55534875569313,7.303077449715873
1765960891000642300,1480.7536423339843,813.813097265549,2.6997122790073678,29.326957659861478,12.994587005507936,900.2231009276584,329.4482421875,8.000000129763228,5.583471798152165,77.55532729562398,7.459079381856673
1765960892000648400,1481.7536484375,813.9469591956586,2.7054908480272,27.896379912989776,12.994648394345763,900.3569628577679,329.4482421875,8.000000134658466,5.760972415081499,77.55528835367419,7.858369446408547
1765960893000654600,1482.7536545410155,813.8997589573264,2.7067996002164354,28.608511561923166,12.994710418191502,900.3097626194358,329.4482421875,8.000000113365232,5.9437769565122425,77.55525265218618,7.666504104853722
1765960894000660000,1483.7536599121095,813.9860689323395,2.7105638137519303,33.91867610808918,12.99475457799269,900.3960725944489,329.4482421875,8.000000123853882,6.233858328741687,77.55522332569808,6.474868891104176
1765960895000667100,1484.753667236328,813.6655217735097,2.713658088336233,42.61471849048936,12.994793530742234,900.075525435619,329.4482421875,8.00000012370144,6.290454929112093,77.55520363918693,5.159764204200182
1765960896000672800,1485.7536728515624,813.8764939252287,2.7101507845891137,54.49372875491826,12.994818526786466,900.2864975873381,329.4482421875,8.00000010754041,6.48509702859343,77.5551853449321,4.029505868607027
1765960897000678400,1486.7536784667968,814.2475355984643,2.69372323174489,64.41944445770584,12.994828795821396,900.6575392605737,329.4482421875,8.000000077312366,6.502941167328819,77.55514949557747,3.3856778258148594
1765960898000684300,1487.7536843261719,814.2223715223372,2.687613880804712,81.69709597615197,12.994823980535106,900.6323751844466,284.1681287333917,8.00000005211231,6.518801459638898,77.55512160579117,2.6627572919214306
1765960899000690400,1488.7536904296876,814.2526216749102,2.7063556587035356,89.88076355326606,12.994820405220754,900.6626253370196,271.72239979568445,8.00000002363573,6.62461947701156,77.55510096585462,2.427654570172141
1765960900000696000,1489.753696044922,813.9832942830399,2.7026417646310557,72.8580030143837,12.994820860733082,900.3932979451492,258.16781975557495,8.00000002688718,6.791897865392038,77.55510673401348,2.9415111940341103
1765960901000702500,1490.7537023925781,814.4283265257254,2.7031937739038523,59.95805327679092,12.994793000149684,900.8383301878348,240.45135498046875,8.000000014401467,6.607856265304702,77.55504284744816,3.6389354322575254
1765960902000708000,1491.7537080078125,814.7857560859993,2.701003207884108,49.384956300209495,12.994769608563873,901.1957597481087,240.45135498046875,7.99999999518001,6.503999113510748,77.55500242752831,4.415089281067302
1765960903000715500,1492.7537155761718,814.8732797140256,2.7128021918799043,41.20023118761492,12.994750847359926,901.2832833761349,240.45135498046875,7.999999969337124,6.093993617300112,77.55495046404955,5.332542746143243
1765960904000720400,1493.7537204589844,815.1424805279821,2.711513880909766,37.4423883372203,12.994718393202813,901.5524841900915,240.45135498046875,7.999999958915053,6.309829092969844,77.55490609841296,5.865272114813716
1765960905000726800,1494.7537268066405,815.547487013042,2.7059212774926324,34.32456171851577,12.99468836560675,901.9574906751513,240.45135498046875,7.999999942650439,6.337330067305401,77.55485140193878,6.383742498735016
1765960906000733200,1495.753733154297,815.7504900386557,2.703123921215875,32.32449953995345,12.994657073671245,902.1604937007651,240.45135498046875,7.999999927137563,6.279848823042841,77.55479339763886,6.772343547879882
1765960907000739600,1496.753739501953,816.2227926636115,2.7054105144164264,35.85490911361656,12.994630226229877,902.6327963257208,240.45135498046875,7.9999999227988905,6.941240267168933,77.55474650483174,6.103641772412424
1765960908000744700,1497.7537446289064,816.3252326957881,2.6987144226732083,50.759724214999935,12.994616762298987,902.7352363578975,240.45135498046875,7.999999997813106,7.698889675570601,77.55472319190987,4.27101090135988
1765960909000750600,1498.7537504882812,816.6032589254901,2.6994775132348483,58.09840088994983,12.994608625825231,903.0132625875995,240.45135498046875,8.000000017647452,7.5597604828448715,77.55469310784409,3.6893631360587236
1765960910000757200,1499.7537573242187,816.8742779698223,2.698783335212241,51.893350343908686,12.994584582714959,903.2842816319317,240.45135498046875,8.000000033663213,7.289489440603746,77.55466565527394,4.1460450446642545
1765960911000764000,1500.7537639160157,817.2487062262371,2.6911359762133995,53.724017216152305,12.994575795874304,903.6587098883465,240.45135498046875,8.000000062548601,6.985454569398168,77.55464984926522,4.011476544722744
1765960912000769000,1501.7537690429688,817.2566998191178,2.701770153582828,51.64676245059224,12.994578778849846,903.6667034812272,297.95772199360914,8.000000084293648,6.673868966399905,77.55463479071904,4.197222946713209
1765960913000775400,1502.753775390625,817.2752968706191,2.7074700365788904,52.38801797094591,12.994658296094745,903.6853005327284,338.1366271972656,8.000000027057629,6.265608547607039,77.55450792801614,4.14704755631922
1765960914000781300,1503.75378125,817.6586143989116,2.713541276220942,52.009585066719254,12.99469437376103,904.068618061021,338.1366271972656,7.999999980089374,5.937851075739171,77.55449316589066,4.176978469411409
1765960915000787700,1504.7537875976564,817.6030128188431,2.7217579390449105,49.294139052899084,12.994729169777985,904.0130164809525,333.74456787109375,7.999999961211201,5.847368803524289,77.5544660480518,4.455688474282056
1765960916000793300,1505.7537934570312,817.8657902739942,2.719223271472702,46.350841272206345,12.994771451228482,904.2757939361036,333.74456787109375,7.999999979799062,5.2773225226059,77.55444478035487,4.727151221233623
1765960917000799700,1506.7537998046876,817.6400595223531,2.7068185515476197,41.09769045974575,12.994819380251343,904.0500631844625,332.4346923828125,7.999999990019388,5.69330322433596,77.55441970291227,5.335909568758095
1765960918000806000,1507.753805908203,817.6602763887495,2.6991685257246694,47.13572971424928,12.99485232082227,904.0702800508589,332.4346923828125,7.9999999573185425,6.194369420517941,77.55440216784653,4.6394576405657615
1765960919000812500,1508.7538125,817.4365717833862,2.703383496513622,81.4212488451688,12.994866949280546,903.8465754454955,332.4346923828125,7.9999999821795,6.442900490852929,77.55439438076722,2.664676071710006
1765960920000817700,1509.7538176269532,817.2727562841028,2.704100405191114,103.23998009503183,12.994879821295674,903.6827599462122,332.4346923828125,7.999999997258269,6.643277076256652,77.55438752868226,1.9890406481084646
1765960921000824600,1510.7538244628906,817.0436912709847,2.69931017808042,66.36495414534413,12.994904697694803,903.4536949330941,332.4346923828125,8.000000016153868,6.74196393883988,77.5543742863738,2.666336977089189
1765960922000830200,1511.7538303222657,817.1494297934696,2.7066849233646644,60.57036926008331,12.99493249738825,903.559433455579,332.4346923828125,8.000000031066921,6.710551153964831,77.5543594879331,3.4029976211154347
1765960923000836900,1512.7538369140625,817.2160815270618,2.7090868416647735,57.040698429136064,12.99496278085053,903.6260851891711,332.4346923828125,8.000000029106056,6.571324114634616,77.55434336731628,3.769111044986022
1765960924000842500,1513.753842529297,817.2455084985122,2.6956493564219395,64.68432922460573,12.994990532722914,903.6555121606216,332.4346923828125,8.000000014845977,6.391583187058565,77.55434418694554,3.2648799114858136
1765960925000848400,1514.753848388672,817.4290782650933,2.699218790844282,61.823258935066136,12.99501041068087,903.8390819272026,332.4346923828125,7.99999995617639,6.579331648558382,77.55431825232829,3.480586125383813
1765960926000855000,1515.7538549804688,817.3544309362769,2.302106376744512,65.15615527027786,12.995023400777772,903.7644345983863,332.4346923828125,7.999999949342208,6.269047101924785,77.55429559767335,2.8068664401766164
1765960927000860200,1516.7538601074218,817.5337768886238,0.9527697918897156,32.89111114286352,12.995037554712532,903.9437805507332,332.4346923828125,7.999999966239386,5.953493610107753,77.55428450813318,2.3470817453474595
1765960928000868000,1517.7538681640624,817.797458502464,0.9109958469161142,29.423022553030954,12.99506198699973,904.2074621645734,332.4346923828125,7.999999981308804,5.96050307638878,77.55427504979825,2.5005846996424115
1765960929000842000,1518.7538420410156,818.0644667427987,0.9500575912467258,25.024967047966737,12.995095432201525,904.4744704049081,332.4346923828125,8.000000031464564,5.715989152209518,77.55427196764278,3.060168308220942
1765960930000843000,1519.7538430175782,817.9929977580905,1.037691427882664,20.996156313480746,12.995127010454754,904.4030014201999,331.1927490234375,8.000000078428586,5.185495299379792,77.55425319505986,4.00159941570436
1765960931000841500,1520.7538415527345,818.9950573584065,1.091972057730368,19.792730889588842,12.99516191482239,905.4050610205159,331.1927490234375,8.000000066030605,4.633609321274393,77.55423362146507,4.438755066214686
1765960932000840200,1521.7538400878907,819.3272400749847,0.9823538842405349,16.259459143960548,12.995204413423172,905.7372437370941,331.1927490234375,8.000000050449316,4.667981211891278,77.55420978918512,4.871881849606243
1765960933000829200,1522.7538291015626,819.7020614901558,0.9686424311228344,14.064024795914822,12.99525853704701,906.1120651522651,331.1927490234375,8.000000067715531,5.3643529859667485,77.55417943755384,5.556857999049888
1765960934000814800,1523.7538149414063,819.7957005733624,1.0176702118475085,14.342403081446871,12.995307975780673,906.2057042354718,331.1927490234375,8.000000117474853,5.22455026495987,77.5541517134304,5.730271224729548
1765960935000797200,1524.7537971191407,818.873598838225,2.7288898236719206,38.10100744235751,12.99536142714795,905.2836025003344,333.0738830566406,8.000000103999731,6.208395581480447,77.55412270068149,5.8029652910284275
1765960936000785400,1525.7537854003906,819.0660190256312,2.769747612778265,40.11715558188885,12.99540748019171,905.4760226877406,333.0738830566406,8.000000108160828,6.135747295520688,77.55409884838477,5.588671290938897
1765960937000769800,1526.7537697753905,819.5478065581992,2.7665069818812946,41.04601304918076,12.995452059457056,905.9578102203086,333.0738830566406,8.000000030941667,5.765270661994417,77.55407575939168,5.421797951444919
1765960938000753000,1527.7537529296876,819.1469589304179,2.7526819569464123,34.312653402823905,12.995515973093495,905.5569625925273,332.904052734375,7.999999951080063,5.844400271778935,77.55404253557029,6.499484015095876
1765960939000736300,1528.753736328125,819.3169233547524,2.778735074224958,32.041483040382886,12.995573351012036,905.7269270168617,332.904052734375,7.99999997026608,5.391777857300444,77.55401259926005,7.025101180123851
1765960940000720400,1529.7537204589844,819.9368260186166,2.791256455016158,30.19778669968509,12.99563629254149,906.3468296807259,332.904052734375,8.00000003127637,4.845663485796454,77.55397976020895,7.481208667593878
1765960941000703000,1530.7537028808595,819.3972480697557,2.8847399793628967,29.63497267837271,12.995702212896804,905.8072517318651,332.904052734375,7.999999996785646,3.644362772804788,77.55394536697635,7.8875056680482585
1765960942000685600,1531.753685546875,819.4801960550249,2.928335400438519,30.687880203805,12.995753668413982,905.8901997171342,332.904052734375,7.999999992664054,3,77.5539185203609,7.731972400827455
1765960943000668200,1532.7536682128907,819.2482768082991,2.764539747748306,38.632655670830275,12.995747159363988,905.6582804704085,324.22845458984375,8.000000050676434,4.449809653368972,77.55390819177582,5.7981100949042546
1765960944000653300,1533.7536533203124,819.9756449563429,2.7309721790910984,45.15780505252908,12.995762273551962,906.3856486184523,324.22845458984375,8.000000043033566,4.557960512301248,77.55387768949016,4.888707681470408
1765960945000639000,1534.7536389160157,819.7389263603836,2.731243440203404,38.1363869852909,12.995826215350467,906.148930022493,324.8758850097656,8.000000095803687,5.03552743883511,77.55382973745449,5.80244966419776
1765960946000627000,1535.753626953125,819.8530448349193,2.7180510375753104,39.93014975190026,12.995858089673948,906.2630484970286,324.8758850097656,8.000000074479594,5.522613644602548,77.55379328542914,5.515475163838892
1765960947000613600,1536.7536135253906,820.1046239119023,2.7218032721374743,44.61893871106112,12.995890591773891,906.5146275740117,324.8758850097656,8.000000085471553,5.855867705546356,77.55376454708819,4.940537774777485
1765960948000604000,1537.7536040039063,820.4355512671173,2.726972628721222,42.51103273967185,12.995933688180543,906.8455549292266,324.8758850097656,8.072807754561952,5.7108120192591825,77.55373225217093,5.18855022781806
1765960949000594000,1538.7535939941406,820.1918230485171,2.726006161714163,32.94011178140597,12.996003842638165,906.6018267106265,324.8758850097656,8.058524777217789,5.922193002029687,77.5536926849897,6.705450936392371
1765960950000585000,1539.7535849609376,820.0736032687128,2.732933363357495,28.515936362642368,12.996057008811468,906.4836069308221,324.8758850097656,9.271551748458839,6.213988972248945,77.5536521562023,7.765351408874187
1765960951000576300,1540.753576171875,820.5382516952232,2.72704484484966,27.3435614736113,12.996109845042598,906.9482553573325,323.4369812011719,9.087427323782578,5.620241013119307,77.55362713335391,8.080982995849533
1765960952000568300,1541.753568359375,820.4604960400611,2.7158335553085444,28.557738422973067,12.996151105264392,906.8704997021705,323.4369812011719,9.108910905960247,6.726270017070535,77.55359697225107,7.705372314701439
1765960953000562000,1542.7535620117187,819.9475758355111,2.712133605336539,29.62061148091677,12.996208257964321,906.3575794976205,323.4369812011719,8.914781220745635,6.583534114257833,77.55357214198436,7.418834152028036
1765960954000556000,1543.7535561523437,820.1704185931012,2.7078515422856793,31.88694392434875,12.996256811068962,906.5804222552106,323.4369812011719,8.755930296263223,6.358502548603604,77.55354734655181,6.880890850741083
1765960955000550400,1544.7535502929688,820.5536376666278,2.7143807466140477,33.87963470480641,12.996303815295837,906.9636413287371,323.4369812011719,8.642464635549157,6.186921582599432,77.55352410109904,6.489276465502576
1765960956000545500,1545.7535456542969,821.0220608999953,2.708332298149838,34.8271597899211,12.996334426570495,907.4320645621046,323.4369812011719,8.562156529802019,6.14003864527904,77.55348474540274,6.2912192279772565
1765960957000540700,1546.7535407714843,820.9610480545089,2.70731838953872,33.856698628419686,12.996379210276476,907.3710517166182,321.6042785644531,8.49771482111699,6.08235403115224,77.55344879322806,6.472979047891136
1765960958000537300,1547.7535373535156,821.0774731282145,2.7001190026642807,34.39155486333689,12.996425404647383,907.4874767903239,321.6042785644531,8.429824262386774,5.833225044036013,77.55341146281448,6.356617375308333
1765960959000533800,1548.7535336914063,821.2042707838118,2.7139165887230097,35.36495734693568,12.996474962434823,907.6142744459212,321.6042785644531,8.370225927394097,5.598992815080915,77.55338457873567,6.211114403503442
1765960960000531200,1549.75353125,821.2586005786434,2.715613754751954,34.201425711836485,12.996521046779108,907.6686042407528,309.27557373046875,8.303490192550107,5.802155704621872,77.55333673614153,6.430603701613688
1765960961000529400,1550.753529296875,821.1331038353965,2.711420044757569,33.629894882718176,12.996563809117593,907.5431074975058,309.27557373046875,8.241897381585751,5.772070842732696,77.55328604665584,6.531169450106883
1765960962000526800,1551.7535268554689,821.0767531758174,2.704550400024251,37.30665191359338,12.996603419341136,907.4867568379268,309.27557373046875,8.192331214137202,5.5918719267116765,77.5532470548788,5.874037938981442
1765960963000525600,1552.7535256347655,821.0669903997332,2.7139857880962923,47.97290443490258,12.996619246346091,907.4769940618426,309.27557373046875,8.160276008384177,5.374836991422403,77.55320682662982,4.582809616417388
1765960964000523500,1553.7535234375,820.9341839822009,2.717650655139528,65.91699134965944,12.996626143305473,907.3441876443103,298.80816650390625,8.137379452095518,5.083842126990977,77.55318191574064,3.326390504608493
1765960965000522500,1554.7535224609376,820.8389890724793,2.706332615996734,55.827707788011274,12.996649760381889,907.2489927345887,299.9212646484375,8.12020707005905,5.225234114331812,77.55313899841977,3.8965549598641425
1765960966000522500,1555.7535224609376,820.8377496488392,2.704164943429556,56.052324843633095,12.996670239599425,907.2477533109486,299.9212646484375,8.106850764072476,5.720579787711065,77.55310271117077,3.9019662656731606
1765960967000522200,1556.753522216797,821.1021622084081,2.7041357351286965,55.91336774168864,12.996689060848093,907.5121658705175,299.9212646484375,8.096165670418914,5.810079159599784,77.55306936169464,3.914215211060392
1765960968000522500,1557.7535224609376,821.1249163355678,2.708788359779964,56.68054986519837,12.996709592060567,907.5349199976772,299.9212646484375,8.087423332550754,5.967750718801336,77.55303298233024,3.8718263759628964
1765960969000521700,1558.7535217285156,821.005959042348,2.6958886620644535,62.4358520749286,12.996725259599225,907.4159627044573,298.6006164550781,8.080138081934667,6.041507291627054,77.5530038186086,3.496104594525276
1765960970000522500,1559.7535224609376,821.6708180001006,2.6992303520945735,74.84825863447725,12.996741826189353,908.0808216622099,298.6006164550781,8.073973638963858,6.389749345603633,77.55297283355614,2.903692290799229
1765960971000522800,1560.753522705078,821.4300551749766,1.8480661381610144,78.13038859786836,12.996750197252682,907.840058837086,298.6006164550781,8.068689805954046,6.535543437594219,77.55295717686552,1.8677932025573762
1765960972000523500,1561.7535234375,820.7666116701439,1.6394344304213748,24.758228278929916,12.996758655811837,907.1766153322533,288.13543701171875,8.064110517133402,6.88587165890979,77.55294437907686,2.400730743635196
1765960973000525300,1562.753525390625,821.636172272265,1.6522930747327336,39.90344172124739,12.996772749623037,908.0461759343743,232.5808101929,8.060103636510087,7.025367400509655,77.55293087660907,3.308626584818842
1765960974000526000,1563.7535261230469,822.1020683385432,1.5272477593960383,32.532380326679025,12.996740607128574,908.5120720006526,208.02437290900036,8.056568076095177,7.046045065594912,77.55291858124619,3.806026955954477
1765960975000527400,1564.75352734375,822.0087486747652,1.5622058007221804,28.03423888796835,12.996708907176316,908.4187523368746,184.8191680908203,8.053425298138043,7.022312507462249,77.55285075190045,4.515265862758337
1765960976000529400,1565.753529296875,822.4102138960734,1.5515655926641756,34.551977385218855,12.9966795080952,908.8202175581828,184.8191680908203,8.050613394320264,7.034117557899247,77.55284822429392,3.585993923679163
1765960977000530200,1566.7535302734375,822.6441489355639,1.5653844816557625,36.18631293212407,12.996658878901286,909.0541525976732,184.8191680908203,8.048082712818072,6.9578308890174885,77.55284645068468,2.661759593987691
1765960978000532200,1567.7535322265626,822.4995585214347,1.567798977759097,35.579817932096375,12.996624822694969,908.909562183544,184.8191680908203,8.045678526620522,6.7449857402498195,77.55284352268265,3.556445969562932
1765960979000534500,1568.7535344238281,822.8317041890696,1.568760830701402,27.705231157408466,12.996583285233159,909.241707851179,184.8191680908203,8.043394606348349,6.791162500858553,77.55283995147262,4.5603174523625905
1765960980000536300,1569.7535363769532,823.2217034744099,1.5222331878076765,34.39755430064388,12.996555507963226,909.6317071365193,184.8191680908203,8.041224905218664,7.10406458266985,77.55283756330242,3.3357215077603652
1765960981000538600,1570.7535385742187,823.3778110733256,1.5915525943500644,50.96212391974421,12.996538486371955,909.787814735435,184.8191680908203,8.039163691000882,6.979391284383989,77.55283609985939,2.2744559886274276
1765960982000541200,1571.7535412597656,823.7795618567616,1.5940854583955617,180,12.99653070935877,910.189565518871,184.8191680908203,8.037205541511971,6.7663920912001,77.5528430479548,1.0270711163889408
1765960983000544000,1572.7535439453125,823.5580932842568,1.7414426785775716,180,12.996531498221458,909.9680969463661,184.8191680908203,8.03534526916317,7.175620014806863,77.5528176140185,1.1744543487203911
1765960984000546000,1573.7535461425782,823.6287671513855,1.7608910027164009,180,12.996533274790051,910.0387708134949,270.414278863421,8.033577993203943,7.191166676719934,77.55280501319062,1.5076774172726628
1765960985000548400,1574.7535483398437,824.5360864866525,1.776155090241538,180,12.996537352338965,910.9460901487619,279.22772993801124,8.031899088519312,7.184476516585301,77.55281889150595,2.842279071458769
1765960986000551700,1575.7535517578126,824.5305500393733,1.8148197655754437,41.0913820928142,12.996539862680638,910.9405537014827,278.8636177840582,8.030304117830905,7.1314241795397315,77.55281032920355,3.3796244714999526
1765960987000553700,1576.7535537109375,824.6944883055985,1.835231246107983,36.51865654747957,12.996474926759904,911.1044919677079,272.73675537109375,8.028788873527862,6.908070445247525,77.55268506314191,3.8521466539886933
1765960988000556800,1577.7535568847657,825.2956482870504,1.841189945167464,32.32444478078365,12.996477062925825,911.7056519491598,272.73675537109375,8.02734946325541,6.848983579515792,77.55263949166812,4.300379905626941
1765960989000560400,1578.7535603027343,825.1443250216544,1.8328704313852782,30.772994940480917,12.99647929118482,911.5543286837637,272.73675537109375,8.025981978473608,6.890118390657458,77.55259195549576,4.630193264648786
1765960990000563000,1579.7535629882811,825.328305831179,1.8050277259138012,28.77399865599913,12.996481544883382,911.7383094932884,272.73675537109375,8.024682847466531,6.572635576539496,77.55254387659322,5.030937868842313
1765960991000565000,1580.7535649414062,825.8390411594883,1.8676998341245397,23.943663927299788,12.996483976218654,912.2490448215976,272.73675537109375,8.023448674477068,6.057912305104602,77.55249200813209,5.71716463489519
1765960992000568800,1581.7535688476562,825.9771059565246,3.344708820274388,46.18277474296061,12.99648674047496,912.387109618634,272.7624206542969,8.021721072454518,6.844029571594247,77.5524335621821,5.82893651325503
1765960993000572200,1582.753572265625,826.4154543308541,2.7100411792574897,37.6583858450357,12.996489306179903,912.8254579929635,272.55322265625,8.020272996527387,6.582417994497944,77.55237932287572,5.756493710982632
1765960994000574500,1583.7535744628906,826.5917768031359,2.705624727271363,36.110989379708634,12.996491841856814,913.0017804652452,272.55322265625,8.018960449496603,6.490557757261534,77.55232133486228,6.02431942662187
1765960995000578000,1584.753578125,826.443600224331,2.7103268010417314,37.049997484325594,12.996494242609943,912.8536038864404,272.55322265625,8.017729742342922,6.4445385100401245,77.55226643238726,5.91037299710382
1765960996000581400,1585.753581298828,826.3018797058612,2.71361072955583,47.336774716720655,12.996495925372587,912.7118833679706,272.55322265625,8.016621661119041,6.034033449953312,77.55222794952797,4.632003470831624
1765960997000585000,1586.7535849609376,826.2935001319274,2.7056670165727916,64.72138434540918,12.996497235007089,912.7035037940368,272.55322265625,8.015643954922727,6.915051313479952,77.55219799969063,3.3806167289729965
1765960998000588000,1587.7535881347656,826.0048762848601,2.70339317580517,91.57148081921602,12.996498007409516,912.4148799469694,272.55322265625,8.014774854288962,6.721583261758005,77.55218033571447,2.387601508950247
1765960999000592000,1588.753591796875,825.8127830754966,3.4182929900162446,180,12.996498233602967,912.2227867376059,272.55322265625,8.013997219402365,6.471612386454634,77.55217516291798,1.3430412093610749
1765961000000595200,1589.7535952148437,825.8618233883753,4.0639295675867615,180,12.996498125789433,912.2718270504847,272.55322265625,8.013297329617284,5.968474831549963,77.55217762849229,0.28218658046996686
1765961001000598800,1590.7535988769532,825.7967020096257,4.073298794453739,180,12.996498132177388,912.2067056717351,272.55322265625,8.012632462765549,5.572520696447404,77.55217748240639,0.22962438314143757
1765961002000601300,1591.7536013183594,825.6685099871829,4.075261348127353,180,12.996497993893774,912.0785136492923,272.55322265625,8.012000836561988,5.044674250219883,77.55218064478498,0.06633746020610928
1765961003000605700,1592.7536057128907,825.682019260712,4.070069992173907,180,12.996498148669552,912.0920229228213,272.55322265625,8.01140079588933,4.847379074982649,77.552177105241,0.16485423341459857
1765961004000609000,1593.7536091308593,825.9207167783752,4.062266360896187,180,12.99649822320748,912.3307204404846,272.55322265625,8.010830756481122,4.860004190781774,77.55217540065938,0.24923088307477734
1765961005000612600,1594.7536125488282,826.1693518226966,4.09936345058646,180,12.996498461114989,912.579355484806,272.55322265625,8.010289223924119,5.079303503493758,77.55216996000085,0.6102449807875197
1765961006000616200,1595.7536162109375,826.2015293007717,3.99091201585067,180,12.996498356163753,912.611532962881,272.55322265625,8.010289217343338,4.7838137817436355,77.55217236011607,0.13188434877765692
1765961007000619500,1596.7536196289063,826.2433645818383,4.074681943968194,180,12.996498304055415,912.6533682439476,272.55322265625,8.009774755649984,5.1561042007454265,77.552173551782,0.02280433355115671
1765961008000624600,1597.7536247558594,826.2035047253594,4.069742789660174,180,12.996498242610404,912.6135083874688,272.55322265625,8.009286018108652,4.899991531564899,77.55217495695327,0.06131240451250879
1765961009000626700,1598.7536267089845,826.1837525600567,4.086843865643346,180,12.99649813060606,912.5937562221661,272.55322265625,8.008821716987393,5.156319169145378,77.5521775183614,0.08718008608558273
1765961010000630800,1599.753630859375,826.160391096957,4.090874886192412,180,12.996498325922452,912.5703947590664,272.55322265625,8.008380630692981,5.444838749284627,77.552173051696,0.0538232752951248
1765961011000634600,1600.7536345214844,826.3150016032159,4.075321071873015,180,12.99649844960324,912.7250052653253,272.55322265625,8.007961597977413,5.501558859612709,77.55217022327062,0.11856951114124852
1765961012000638000,1601.753637939453,826.4312686109915,4.047417913528099,180,12.996498631410073,912.8412722731009,272.55322265625,8.007563515419418,5.746929935340956,77.55216606556174,0.1793289355713187
1765961013000642800,1602.7536428222656,826.3538680644706,3.575855280714035,180,12.996498851158538,912.76387172658,272.55322265625,8.007185343422043,6.062882836193651,77.55216104016141,0
1765961014000650000,1603.7536499023438,826.4152718121186,2.726550074849983,180,12.996498864140952,912.825275474228,272.55322265625,8.052623580967111,5.820354812213992,77.55216074327554,0
1765961015000657200,1604.7536572265626,826.4152718121186,4.0728611538960635,180,12.99649886414093,912.825275474228,272.55322265625,8.049992401918756,5.841946013331533,77.55216074327552,0
1765961016000663300,1605.753663330078,826.6504976600409,4.062920189168348,180,12.996499239801679,913.0605013221502,272.55322265625,8.047492778719917,5.4995981705962755,77.5521521523572,0.1811592264264554
1765961017000670500,1606.7536704101562,826.6669394411147,4.065668075059022,180,12.99649946707158,913.076943103224,272.55322265625,8.045118134566415,5.609304418882825,77.55214695495656,0.443310618089651
1765961018000676400,1607.7536762695313,826.5168319670483,4.073220308553584,180,12.996498932316701,912.9268356291577,272.55322265625,8.042862235619797,5.9633774279855984,77.55215918418011,0.08057639567649358
1765961019000683300,1608.7536833496094,826.5191189739853,4.040846981439287,180,12.996498914633428,912.9291226360947,272.55322265625,8.040719123815338,5.90245134037384,77.5521595885772,0
1765961020000688400,1609.7536884765625,825.7351979147643,4.06327805268301,180,12.996498956690923,912.1452015768737,272.55322265625,8.038683169686927,5.9099132406741335,77.552158626726,0.21198474798577957
1765961021000694800,1610.7536948242187,825.7752138637006,4.040128598611209,180,12.996498938407843,912.18521752581,272.55322265625,8.036749012366244,5.873155871021351,77.55215904484152,0.24915606591519543
1765961022000700700,1611.7537006835937,825.7060722289607,4.0468935018978565,180,12.996498909839694,912.1160758910701,272.55322265625,8.034911559957266,6.00452702710155,77.55215969815417,0.1728091964584095
1765961023000705000,1612.753705078125,825.3025668896735,4.066809712643026,180,12.996498962070618,911.7125705517828,272.55322265625,8.033165980842117,5.9360074911670475,77.55215850366908,0
1765961024000710000,1613.7537099609376,825.3025668896735,3.9693937279309086,180,12.996498962070605,911.7125705517828,272.55322265625,8.031507681800012,5.90438326087714,77.55215850366908,0
1765961025000710400,1614.7537104492187,825.2900959756225,4.056382178757307,180,12.996498999756382,911.7000996377319,272.55322265625,8.029932295051672,5.886764943943577,77.5521576418376,0.1939874609817009
1765961026000713000,1615.753712890625,825.3099170243368,4.065194540110356,180,12.996498959579414,911.7199206864461,272.55322265625,8.028435682265851,5.999933223835692,77.5521585606372,0.10812236573556787
1765961027000713500,1616.7537133789062,825.2953945640475,4.0672382451142175,180,12.996498932065345,911.7053982261568,272.55322265625,8.027013898968317,6.04630091709863,77.55215918985355,0.09444813177006808
1765961028000715000,1617.7537150878907,825.5509432768449,4.080133084410031,180,12.99649896946348,911.9609469389543,272.55322265625,8.025663203976011,5.71494834322876,77.55215833461838,0.12197474972902288
1765961029000718000,1618.7537180175782,825.5195461325347,4.080613554061048,180,12.996499032752999,911.9295497946441,272.55322265625,8.024380045411608,5.229858590083129,77.5521568872555,0.4947109431572305
1765961030000720400,1619.7537204589844,825.2957186521962,4.070052227026399,180,12.99649885733317,911.7057223143056,272.55322265625,8.023161042657044,5.164340700059847,77.55216089889313,0.24813743385369516
1765961031000722400,1620.7537224121095,825.1174446698278,4.054899410602912,180,12.996498988668721,911.5274483319372,272.55322265625,8.184871702709643,4.741630654194201,77.5521578953897,0.6723976264632708
1765961032000724200,1621.7537241210937,825.1596285728738,1.410695545159209,180,12.996498879069577,911.5696322349831,272.55322265625,8.21793642777358,4.241033176277599,77.55216040179846,0.44099513560608433
1765961033000726800,1622.7537268066405,825.345986452885,1.3890859080294196,180,12.996498814112513,911.7559901149943,272.55322265625,8.20703960716762,3.9595955192349654,77.5521618873017,0.4005387350201899
1765961034000729600,1623.7537294921874,825.4581499006599,1.4112425939078632,180,12.996498711616024,911.8681535627693,272.55322265625,8.196687630246714,3.915486810119772,77.55216423128579,0.5118672575124928
1765961035000731400,1624.7537314453125,825.4950584284961,1.4675710252460132,156.1993035992396,12.996498728525692,911.9050620906055,272.55322265625,8.186853253568499,3.543271798554133,77.55216384458575,0.7603776372924701
1765961036000733400,1625.7537333984376,825.4520887285471,1.4190613166150488,180,12.996498172895839,911.8620923906565,272.55322265625,8.17751058325863,3.5246249010367565,77.55217655120086,0.19125004928097006
1765961037000736500,1626.7537365722656,825.3425361113623,1.4711622991366307,180,12.99649814152007,911.7525397734717,272.55322265625,8.168635051528634,3.469333381391351,77.55217726872027,0.0656005021651854
1765961038000738600,1627.7537385253906,825.3251588251442,1.3669295520350617,180,12.996497787993095,911.7351624872535,272.55322265625,8.160203298321456,3.958600023808984,77.55218535347495,0.059395031129399936
1765961039000742000,1628.7537419433593,825.5662235124037,1.4673118461417385,180,12.99649740074469,911.976227174513,272.55322265625,8.15219313411415,4.380916981499569,77.55219420941735,0.08548356541524144
1765961040000744700,1629.7537446289064,825.5956066874787,1.455071864289748,180,12.996497140309579,912.0056103495881,272.55322265625,8.144583476523135,4.7392929113827185,77.55220016526755,0.034206788209803836
1765961041000748000,1630.753748046875,826.1150397881866,1.3979277156275352,180,12.996497080247492,912.5250434502959,272.55322265625,8.13735431455216,5.309150629310514,77.55220153885485,0.23438724893074106
1765961042000751000,1631.7537512207032,825.9127071276307,1.4570206661442018,180,12.996496635744203,912.3227107897401,272.55322265625,8.130486595997276,5.0033250684683965,77.5522117041257,0.18570679761713732
1765961043000754400,1632.7537543945311,825.913688948378,0.9309314821567287,180,12.996496929563719,912.3236926104873,272.55322265625,8.1239622574051,4.9527245731306815,77.55220498480125,0
1765961044000756700,1633.7537568359376,825.9553383057937,1.478908515502843,180,12.99649699022337,912.3653419679031,272.55322265625,8.117764165611197,4.770225141679122,77.55220359759211,0.41394592211033737
1765961045000760300,1634.7537602539062,825.8400340462103,1.420319898733706,180,12.996497021047052,912.2500377083197,272.55322265625,8.111875958400146,4.926034431245991,77.55220289268175,0.4314613264809901
1765961046000763400,1635.7537634277344,825.8514626976103,4.091004694284929,180,12.996497081990633,912.2614663597196,272.55322265625,8.106282161236589,5.270723113920061,77.5522014989736,0.4332026951568134
1765961047000766500,1636.753766357422,825.830249382183,4.079080017341493,180,12.996497029856869,912.2402530442923,272.55322265625,8.10096803342056,5.780684821849332,77.55220269120574,0
1765961048000769500,1637.75376953125,825.830249382183,4.080120540317226,180,12.996497029857133,912.2402530442923,272.55322265625,8.095919631749535,5.763477561263927,77.55220269120575,0
1765961049000774000,1638.7537739257812,825.830249382183,4.087346640314881,180,12.996497029857135,912.2402530442923,272.55322265625,8.091123650162057,5.821211200198134,77.55220269120575,0
1765961050000776700,1639.753776611328,825.830249382183,4.074140661586977,180,12.996497029857135,912.2402530442923,272.55322265625,8.086567467653953,5.945422697583186,77.55220269120575,0
1765961051000780800,1640.7537807617186,825.352397880517,3.9875426440215023,180,12.996496474435881,911.7624015426263,272.55322265625,8.082239094271255,5.98741845630681,77.55221539303068,0
1765961052000786400,1641.753786376953,825.5154721997678,4.072176361713635,180,12.996496400170438,911.9254758618772,272.55322265625,8.078127143734854,6.17881829907528,77.55221709140272,0.06442897116771613
1765961053000787200,1642.753787109375,825.3430763138458,4.072901737992775,180,12.996496716936761,911.7530799759552,272.55322265625,8.074220830713527,6.144492334177519,77.55220984730398,0.6537299022010502
1765961054000790500,1643.7537905273437,825.4941873038188,4.076406312495542,180,12.996497347973,911.9041909659281,272.55322265625,8.07050980696497,5.802703382408484,77.55219541624243,1.067437933522347
1765961055000740600,1644.7537407226562,826.1774478703737,4.079476009686366,180,12.996497442563788,912.5874515324831,272.55322265625,8.066984279535582,5.499679053591051,77.55219325309324,0.5130991865653017
1765961056000741400,1645.7537414550782,826.317788968794,4.081125608539242,180,12.996497723230842,912.7277926309034,272.55322265625,8.063635073354702,4.909402439444089,77.55218683457556,0.8455194216157629
1765961057000738000,1646.7537380371093,826.1824784008786,2.703047811401169,180,12.996498023424675,912.592482062988,272.55322265625,8.060453308469867,3.881946513997849,77.55217996947813,0.902010118068462
1765961058000728000,1647.7537280273436,826.2598955882713,1.4005730022265748,180,12.996497867506454,912.6698992503807,272.55322265625,8.057430632202832,4.372234986923117,77.55218353515178,0.48312498038784885
1765961059000720400,1648.7537204589844,826.3063173638657,1.46565122942423,180,12.99649798100789,912.716321025975,272.55322265625,8.054559098327031,4.175528490744482,77.5521809395123,0.47079047517776323
1765961060000706000,1649.7537060546874,826.2100737486035,1.3045627887411255,180,12.9964981463577,912.6200774107128,272.55322265625,8.364128869886363,4.257673972063165,77.55217715814295,0.43801763120888576
1765961061000687600,1650.7536875,826.1845703544095,1.1690299721196387,98.47011391658495,12.99650795753538,912.5945740165189,332.1714933596384,8.658220141410128,3.9587967733474576,77.5521718093676,0.9338849663696083
1765961062000673800,1651.753673828125,826.1797217624262,0.8210351833546325,180,12.99649824388187,912.5897254245356,272.55322265625,8.937606877891021,4.27715216803324,77.55217492787646,0
1765961063000658400,1652.7536584472657,826.1797217624262,1.0082390174097842,180,12.996498243881737,912.5897254245356,272.55322265625,9.203024263525233,4.364288419634058,77.55217492787645,0
1765961064000644000,1653.7536440429687,826.0850702533498,1.6247357260522868,180,12.996498112587043,912.4950739154592,272.55322265625,9.4551707792641,4.202920860700657,77.55217793043064,0.07236974163633947
1765961065000629800,1654.7536296386718,825.9018244976178,1.6505623980377297,180,12.996497955985998,912.3118281597272,272.55322265625,9.694709969316538,4.447954680150296,77.55218151170476,0.04880148428677499
1765961066000615700,1655.7536157226561,825.8316422933713,1.6047076783557799,180,12.996497672264766,912.2416459554806,272.55322265625,9.922272200191554,4.4091899194892905,77.55218800008107,0.037774265652865874
1765961067000604200,1656.753604248047,825.7165667703375,1.6089314407638384,180,12.996497444053873,912.1265704324469,272.55322265625,10.13845631330795,4.5479123313024585,77.55219321899577,0.14154556641187313
1765961068000589300,1657.7535893554686,825.6776259317994,1.673327256199176,180,12.996497316266876,912.0876295939088,272.55322265625,10.343831224909856,4.645223015461699,77.5521961413325,0.186633203326683
1765961069000574200,1658.75357421875,825.7092116717249,1.5723585028044682,180,12.996497020994838,912.1192153338343,272.55322265625,10.538937394174871,5.25060535973561,77.5522028938671,0.13097645421020881
1765961070000559400,1659.7535593261719,825.68549002707,1.3667790732962886,180,12.996496778047552,912.0954936891794,272.55322265625,10.724288260390026,5.358722754441152,77.55220844979543,0.020911142743233715
1765961071000546300,1660.7535463867187,825.6001773020253,1.5619909905748384,180,12.99649682824565,912.0101809641346,272.55322265625,10.900371560508333,5.26375188698276,77.55220730181463,0.33631116705424724
1765961072000534000,1661.7535339355468,825.7212736196816,1.731219464237547,180,12.996496739208142,912.131277281791,272.55322265625,11.067650709731652,4.609502988854313,77.55220933800882,0.4013660276379578
1765961073000522800,1662.753522705078,825.6122565539554,1.6903795486223472,180,12.996496616543181,912.0222602160648,272.55322265625,11.226565885915084,4.495895591810376,77.55221214320822,0.5535363903842228
1765961074000512000,1663.7535119628906,825.5880203656852,1.561884381497658,180,12.996496441945705,911.9980240277946,272.55322265625,11.377535340315875,5.007056756242721,77.55221613605175,0.23940429585582604
1765961075000502800,1664.753502685547,825.5318450592458,1.4692040696149897,180,12.996496431257823,911.9418487213552,272.55322265625,11.520956316080309,5.470477330682949,77.55221638046915,0.01888943376849273
1765961076000493000,1665.7534931640625,825.4891640515998,1.4625497610314344,180,12.996496510096945,911.8991677137092,272.55322265625,11.657206229611491,6.065780136755218,77.5522145775029,0.019605070445302412
1765961077000484900,1666.7534848632813,825.443764434196,1.4097352193157873,180,12.996496613277818,911.8537680963054,272.55322265625,11.786643644258566,6.4198973959425425,77.5522122178728,0.0877433013175544
1765961078000477000,1667.7534768066407,825.6041041919962,1.0692600582413825,180,12.996496746603922,912.0141078541055,272.55322265625,11.909609222600395,6.088372219415449,77.55220916886724,0.4312925337617728
1765961079000470500,1668.7534704589843,825.5382306370884,1.09929015251312,157.74899558895297,12.996505046246888,911.9482342991978,324.1204170734442,12.02642645476585,5.354064314070032,77.5522137195663,0.5037582161763237
1765961080000464000,1669.7534638671875,825.4179331297055,1.4837267606613298,180,12.996496553510978,911.8279367918149,272.55322265625,12.137402871742154,5.1887623525464095,77.55221358467006,0
1765961081000458800,1670.7534587402345,825.4179331297055,1.3758860248665403,180,12.996496553511012,911.8279367918149,272.55322265625,12.24283045768381,5.820145050004926,77.55221358467006,0
1765961082000452600,1671.7534526367187,825.4179331297055,1.4209678397130134,180,12.996496553511012,911.8279367918149,272.55322265625,12.342986664328382,6.238249639974426,77.55221358467006,0
1765961083000448500,1672.7534484863281,825.1609407179058,1.13509041959498,180,12.996496917308766,911.5709443800151,272.55322265625,12.438135060640729,5.940299062799294,77.55220526501617,0
1765961084000443400,1673.753443359375,825.1669010417536,1.6441341411691865,180,12.996497157155286,911.576904703863,272.55322265625,12.528526035712362,5.76421036962995,77.552199780003,0.19066119373268614
1765961085000439300,1674.7534392089844,825.2132334075868,1.7141903429591967,180,12.996497398155979,911.6232370696962,272.55322265625,12.614397464809345,5.291930391762015,77.55219426859654,0
1765961086000435700,1675.7534357910156,825.3037476930767,1.5628398607853728,180,12.996497817703318,911.7137513551861,272.55322265625,12.695975318774705,5.705532951146845,77.55218467403387,0.3667708858364827
1765961087000432600,1676.7534326171874,825.5451319105923,1.6173892518899462,180,12.996588800693852,911.9551355727017,327.2178119189892,12.77347428223418,5.527299428507283,77.55219321101364,0.39970644438233693
1765961088000429800,1677.7534299316405,825.6672723582014,1.34190568068478,105.97301707399404,12.996587876726744,912.0772760203108,40.21317332737168,12.84709823127293,5.076879660258473,77.5522157397293,0.869385350510044
1765961089000427500,1678.7534274902343,825.7152934204787,1.4894714115341268,98.30421997598573,12.996593764053562,912.1252970825881,52.2216007275989,12.917041061451059,3.6319578864827697,77.55222876170411,1.187831143516544
1765961090000424000,1679.753423828125,825.8537000827491,1.753537321656116,105.78562665533292,12.99660267348793,912.2637037448585,50.4690449804742,12.983486755735722,3,77.55223575619276,1.332606285311662
1765961091000422700,1680.753422607422,825.8372031105682,2.0173025234023294,108.52043887280685,12.99661207956864,912.2472067726776,51.237752639965635,13.046610157250274,3,77.5522509323796,1.503062110992387
1765961092000420000,1681.7534201660155,825.8589410185814,2.2614409079639914,121.09935562069964,12.996618299029354,912.2689446806908,51.390458608318326,13.106577386804398,3,77.55226072812735,1.512234886583447
1765961093000419600,1682.7534196777344,825.9212400373071,2.4092256911402923,180,12.996607148783278,912.3312436994165,53.87307231365773,13.163546253184304,3,77.55226164449257,1.0490170791230504
1765961094000417300,1683.7534172363282,825.9911646191031,2.6160818001187036,180,12.996615923878728,912.4011682812124,53.8247117520854,13.202122249486084,3,77.55227388550729,1.0805136362660233
1765961095000416800,1684.753416748047,826.022050710395,2.8841509650032062,180,12.996619455999893,912.4320543725044,53.87009327485861,15.701470171494131,3,77.5522788984755,1.0596169209653843
1765961096000415200,1685.7534152832031,826.0956391599029,2.9507020207973524,180,12.996609649147578,912.5056428220123,53.87008653613823,16.181777362551916,3,77.55224849310993,0.2741758701679447
1765961097000415200,1686.7534152832031,826.0958126727492,3.295936745517398,180,12.996613593639163,912.5058163348585,53.87008674145646,18.97816674391837,3,77.55224927969795,0.28922695069013765
1765961098000414500,1687.7534145507811,826.1752835698426,3.1314300250127367,180,12.996630275002111,912.585287231952,53.87009090148663,18.677474445206823,3,77.55226764232845,0.65442757604745
1765961099000414000,1688.7534140625,826.3985784379765,2.9316988447314913,148.08679331600194,12.996656350719643,912.8085821000859,54.902249776950114,19.50822650427066,3,77.55231962852025,1.6034943055294852
1765961100000414500,1689.7534145507811,826.3891990510747,2.7458847976448935,180,12.996586620789458,912.7992027131841,71.4702335231818,17.485733029239828,3,77.55232277030846,1.0629796889778313
1765961101000414200,1690.7534143066407,826.2127231871709,2.7118525270038525,180,12.996569191156283,912.6227268492803,71.47022926824116,13.611791660820314,3,77.55230928803289,0.46521163569111584
1765961102000414500,1691.7534145507811,826.2170532243326,2.6754904769337124,174.93293387099573,12.99655232072448,912.627056886442,88.30179242119436,14.478481263138528,3,77.5523556955939,1.2287041188385635
1765961103000414000,1692.7534140625,826.0562065728009,2.8291333546040227,180,12.996549900125087,912.4662102349102,92.44942807610866,17.246098261943292,3,77.55236833796633,1.1449144829901805
1765961104023806200,1693.7768061523439,825.9706263830885,2.9711920041618285,180,12.996529895628347,912.3806300451979,104.73037383020787,20.013623659845567,3,77.55237889477571,1.2453190161620389
1765961105018879500,1694.7718793945312,825.8433838058263,3.0858302255078165,180,12.996504698232913,912.2533874679357,114.52727075479682,22.829763401215704,3,77.55238446808903,1.3608916556621349
1765961106018562800,1695.7715627441407,825.7550296103582,3.2340249398338807,180,12.996495895514274,912.1650332724676,117.23564318606729,25.770828500655263,3,77.55238344716427,1.40626343869783
1765961107018219000,1696.7712189941406,825.3875286867842,3.36664245344587,180,12.996498043452512,911.7975323488936,115.8768280541238,28.984673144828847,3,77.55239610982228,1.4882689510375262
1765961108017917700,1697.7709177246093,825.4528230577707,1.5776612343323044,180,12.996501084158062,911.8628267198801,115.8562766824644,17.16155468233053,3,77.55239014302595,0
1765961109019470000,1698.772469970703,825.4528230577707,1.784844384240541,180,12.996501084158062,911.8628267198801,115.8562766824644,17.485124706181423,3,77.55239014302595,0
1765961114187907000,1703.940906982422,826.3593566894531,-1,-1,12.996492248864621,912.7693603515625,-1,5,3,77.55215322553107,-1
1765961116000426200,1705.7534262695312,832.626708984375,0.07999999821186066,95.50717720207028,12.99654843629851,919.0367126464844,148.7109375,18.546363738876504,16,77.55215074817995,0
1765961117000427500,1706.7534274902343,832.6267089573666,0.7185619110417696,-1,12.996548436293379,919.036712619476,-1,18.546545578174136,15.999999999999998,77.55215074817943,0
1765961118000428800,1707.7534287109374,832.6267089573666,0.7185619110417696,-1,12.996542197805308,919.036712619476,-1,18.011974400877396,3.9999999999999987,77.55215009684035,0
1765961119000430000,1708.7534301757812,832.6267089573666,0.7185619110417696,-1,12.99653474007963,919.036712619476,-1,17.351328268542755,4.000000000000002,77.55214931820487,0
1765961120000435000,1709.7534350585938,832.6267089573666,0.7185619110417696,-1,12.996528912376032,919.036712619476,-1,16.81702439464833,4.000000000000001,77.55214870975438,0
1765961121000433400,1710.7534333496094,832.6267089573666,0.7185619110417696,-1,12.996538301499202,919.036712619476,-1,12.702718064310485,3.9999999999999973,77.55213695189173,0
1765961122000435000,1711.7534350585938,832.6267089573666,0.7185619110417696,-1,12.996537618234875,919.036712619476,-1,12.659105719320603,4.0000000000000036,77.55213696788054,0
1765961123000436500,1712.7534365234376,832.6267089573666,0.7185619110417696,-1,12.996537575835733,919.036712619476,-1,12.656398341110124,4.000000000000001,77.5521369688727,0
1765961124000442600,1713.753442626953,832.6267089573666,0.7185619110417696,-1,12.996534517956333,919.036712619476,-1,12.459288038257123,4.000000000000001,77.55213704042905,0
1765961125000449300,1714.75344921875,832.6267089573666,0.7185619110417696,-1,12.996531930709498,919.036712619476,-1,12.290046535226367,3.9999999999999964,77.55213710097227,0
1765961126000453400,1715.7534533691405,832.6267089573666,0.7185619110417696,-1,12.996531343123259,919.036712619476,-1,12.251287832434736,4,77.55213711472217,0
1765961127000458800,1716.7534587402345,832.6267089573666,0.7185619110417696,-1,12.996530971778213,919.036712619476,-1,12.2267043411914,4,77.55213712335697,0
1765961128000464000,1717.7534638671875,832.6267089573666,0.7185619110417696,-1,12.99653060122438,919.036712619476,-1,12.202160540827833,4.000000000000003,77.55213713202839,0
1765961129000468200,1718.7534682617188,832.6267089573666,2.0012807972127,-1,12.996530452057124,919.036712619476,-1,12.19226504511185,4.000000000093338,77.5521371355191,0
1765961130000473600,1719.7534736328125,832.6267089573666,2.1130842227436966,-1,12.996527852712758,919.036712619476,-1,12.018449242550565,4.000000000135669,77.55213719634699,0
1765961131000477400,1720.7534775390625,826.5354003664106,2.2248876482746938,-1,12.996526129805487,912.94540402852,-1,11.901127077618153,4.000000000000005,77.55213649101877,0
