time,seconds_elapsed,bearingAccuracy,speedAccuracy,verticalAccuracy,horizontalAccuracy,speed,bearing,altitude,longitude,latitude
1766299729143277300,0.55827734375,0,0.07154769450426102,1.182932734489441,3.7899999618530273,0,0,839.5,77.5965591,13.0167682
1766299730150220000,1.565219970703125,0,0.07159550487995148,1.0127521753311157,3.7899999618530273,0,0,839.5,77.5965592,13.0167683
1766299731156898600,2.571898681640625,0,0.07079677283763885,1.0228190422058105,3.7899999618530273,0,0,839.5,77.5965593,13.0167684
1766299732154363400,3.56936328125,0,0.070704884827137,1.032793641090393,3.7899999618530273,0,0,839.5,77.5965593,13.0167684
1766299733145218800,4.56021875,0,0.2052127867937088,1.0427021980285645,3.7899999618530273,0,0,839.5,77.5965593,13.0167684
1766299734154696700,5.56969677734375,11.470537185668945,0.5421837568283081,1.0527969598770142,3.7899999618530273,3.049999952316284,132,839.5,77.5965762,13.0167549
1766299735143899000,6.55889892578125,26.528324127197266,1.0723559856414795,1.0420689582824707,3.7899999618530273,2.5299999713897705,135,839.5,77.5965935,13.016739
1766299736152124700,7.567124755859375,21.74519157409668,1.2670334577560425,1.0521512031555176,3.7899999618530273,3.700000047683716,125,839.5,77.5966215,13.0167207
1766299737144140300,8.559140380859375,12.16008472442627,0.6888322234153748,1.062071442604065,3.7899999618530273,1.6299999952316284,113,839.5,77.5966469,13.0167162
1766299738156881400,9.57188134765625,11.804463386535645,0.5024486780166626,1.0721988677978516,3.7899999618530273,2.75,110,839.5,77.5966757,13.0167119
1766299739145068000,10.560068115234374,9.116512298583984,0.8338865637779236,1.0820807218551636,3.7899999618530273,5.920000076293945,109,839.5,77.5967422,13.0166997
1766299740152054500,11.567054443359375,9.145223617553711,0.8474828600883484,1.0921505689620972,3.7899999618530273,6,123,839.5,77.5967802,13.0166577
1766299741147889400,12.562889404296875,15.021021842956543,1.4201650619506836,1.1021088361740112,3.7899999618530273,6.090000152587891,121,839.5,77.5968333,13.0166261
1766299742145612800,13.56061279296875,8.589773178100586,1.368263602256775,1.1120861768722534,3.7899999618530273,6.909999847412109,120,839.5,77.5968959,13.0165828
1766299743145353500,14.560353515625,6.485438346862793,1.1523089408874512,1.1220835447311401,3.7899999618530273,7.610000133514404,120,839.5,77.5969737,13.0165439
1766299744154886400,15.569886474609374,3.9303030967712402,0.8634498119354248,1.1321789026260376,3.7899999618530273,7.519999980926514,116,839.5,77.59706,13.0165293
1766299745144506400,16.55950634765625,4.202880859375,1.0142790079116821,1.1420750617980957,4.814000129699707,6.5,114,839.5,77.5971155,13.0165002
1766299746151530500,17.566530517578126,4.3301262855529785,0.7907549142837524,1.152145266532898,6.248000144958496,4.25,116,839.5,77.5971563,13.0164802
1766299747150815200,18.565815185546874,4.649557590484619,0.9361324310302734,1.1621381044387817,7.4770002365112305,4.400000095367432,124,839.5,77.5971947,13.0164635
1766299748143268000,19.55826806640625,4.901644229888916,1.0884159803390503,1.172062635421753,7.886000156402588,5.639999866485596,112,839.5,77.5972488,13.0164363
1766299749146451000,20.561450927734374,5.03537654876709,1.1773622035980225,1.1820944547653198,8.90999984741211,6.510000228881836,95,839.5,77.5973106,13.0164226
1766299750148602600,21.5636025390625,6.974365234375,1.0178248882293701,1.0285260677337646,9.9350004196167,7.579999923706055,106,841,77.5973907,13.0163991
1766299751151814700,22.566814697265624,2.4597792625427246,0.2916032373905182,1.0385581254959106,9.9350004196167,7.639999866485596,115,841,77.5974513,13.0163749
1766299752150298000,23.565298095703124,6.979640483856201,0.858130693435669,1.0485429763793945,9.9350004196167,7.949999809265137,114,841,77.5975191,13.0163449
1766299753145371400,24.560371337890626,13.302508354187012,1.091380000114441,1.058493733406067,9.9350004196167,5.300000190734863,114,841,77.5975613,13.0163282
1766299754153603800,25.568603759765626,17.162628173828125,0.7449231743812561,1.0685759782791138,9.9350004196167,2.7799999713897705,123,841,77.5975883,13.0163102
1766299755143382000,26.558382080078125,15.51181697845459,0.6218168139457703,1.042313814163208,9.9350004196167,2.5799999237060547,122,842.7999877929688,77.5976107,13.0162908
1766299756146250500,27.56125048828125,10.751081466674805,0.37598171830177307,1.0523425340652466,9.9350004196167,0.699999988079071,133,842.7999877929688,77.5976114,13.0162829
1766299757145788700,28.56078857421875,11.047981262207031,0.7127751708030701,1.062337875366211,9.9350004196167,0.6800000071525574,133,842.7999877929688,77.5976168,13.0162775
1766299758147842800,29.5628427734375,11.737747192382812,0.6996152400970459,1.0723583698272705,9.9350004196167,0.699999988079071,133,842.7999877929688,77.5976225,13.0162738
1766299759143731500,30.5587314453125,0,0.06759538501501083,1.0823173522949219,8.90999984741211,0,0,842.7999877929688,77.5976242,13.0162726
1766299760146732000,31.56173193359375,0,0.07063156366348267,1.092347264289856,7.4770002365112305,0,0,842.7999877929688,77.5976262,13.0162717
1766299761144008000,32.55900805664062,0,0.07069932669401169,1.1023200750350952,6.861999988555908,0,0,842.7999877929688,77.5976269,13.0162719
1766299762149765600,33.564765625,11.791985511779785,0.7280286550521851,1.2453585863113403,5.019000053405762,0.23999999463558197,133,846.5999755859375,77.5976272,13.016271
1766299763153967400,34.56896728515625,1.8460694551467896,0.06352033466100693,1.255400538444519,3.7899999618530273,2.2100000381469727,162,846.5999755859375,77.5976313,13.0162567
1766299764155799000,35.57079907226562,1.4218332767486572,0.0814691036939621,1.2654188871383667,3.7899999618530273,3.680000066757202,165,846.5999755859375,77.597638,13.016229
1766299765154177000,36.56917700195312,2.685577630996704,0.099362313747406,1.2754026651382446,3.7899999618530273,2.380000114440918,155,846.5999755859375,77.5976452,13.0162067
1766299766153661400,37.56866137695312,1.124706745147705,0.0887303575873375,1.2853975296020508,3.7899999618530273,5.070000171661377,156,846.5999755859375,77.5976618,13.0161717
1766299767145294600,38.560294677734376,11.180240631103516,0.9957906603813171,1.295313835144043,3.7899999618530273,5.760000228881836,167,846.5999755859375,77.5976681,13.0161213
1766299768148639700,39.5636396484375,0.43691006302833557,0.05260193347930908,1.3053473234176636,3.7899999618530273,7.730000019073486,173,846.5999755859375,77.5976744,13.016056
1766299769150436900,40.56543676757813,0.37956029176712036,0.0490439273416996,1.315365195274353,3.7899999618530273,8.289999961853027,174,846.5999755859375,77.5976848,13.0159854
1766299770151182600,41.5661826171875,5.3428635597229,0.899042010307312,1.3253726959228516,3.7899999618530273,8.260000228881836,176,846.5999755859375,77.5976905,13.0159122
1766299771151428400,42.56642846679687,5.999772071838379,0.9278678894042969,1.335375189781189,3.7899999618530273,8.65999984741211,184,846.5999755859375,77.5976881,13.0158329
1766299772144459800,43.55945971679687,4.895092487335205,0.9349089860916138,1.3453054428100586,3.7899999618530273,8.949999809265137,187,846.5999755859375,77.59768,13.015752
1766299773145895200,44.560895263671874,5.8458333015441895,1.0864861011505127,1.355319857597351,3.7899999618530273,8.899999618530273,195,846.5999755859375,77.5976672,13.01567
1766299774149386000,45.564385986328126,4.157448768615723,0.8796291351318359,1.3653547763824463,3.7899999618530273,8.899999618530273,203,846.5999755859375,77.5976374,13.0155939
1766299775146267600,46.561267578125,4.080751895904541,0.9600100517272949,1.3753235340118408,3.7899999618530273,9.069999694824219,206,846.5999755859375,77.597605,13.0155181
1766299776146902000,47.56190209960938,4.330554485321045,1.19048273563385,1.3853299617767334,3.7899999618530273,9.220000267028809,210,846.5999755859375,77.5975661,13.0154437
1766299777143343900,48.55834375,2.6233389377593994,0.8494322299957275,1.3952943086624146,3.7899999618530273,9.40999984741211,211,846.5999755859375,77.5975258,13.0153717
1766299778153754600,49.56875463867188,2.2912187576293945,0.8042804002761841,1.4053984880447388,3.7899999618530273,9.260000228881836,208,846.5999755859375,77.5974841,13.0152994
1766299779154802200,50.56980224609375,2.0439059734344482,0.8216262459754944,1.4154088497161865,3.7899999618530273,8.989999771118164,207,846.5999755859375,77.5974429,13.0152267
1766299780147623700,51.56262377929688,1.8640992641448975,0.7951418161392212,1.4253370761871338,3.7899999618530273,9.010000228881836,208,846.5999755859375,77.5974002,13.0151555
1766299781144458000,52.5594580078125,6.900698184967041,0.9655961394309998,2.2325592041015625,3.7899999618530273,9.050000190734863,208,845.2000122070312,77.597361,13.0150865
1766299782151078400,53.56607836914063,1.5423763990402222,0.7829796671867371,2.2426254749298096,3.7899999618530273,8.899999618530273,209,845.2000122070312,77.5973214,13.0150168
1766299783146493700,54.56149365234375,1.4447599649429321,0.7839237451553345,2.252579689025879,3.7899999618530273,9.09000015258789,208,845.2000122070312,77.5972737,13.01495
1766299784143340000,55.55834008789063,1.3332418203353882,0.7616370320320129,2.2625482082366943,3.7899999618530273,9.369999885559082,208,845.2000122070312,77.5972334,13.0148764
1766299785149117400,56.564117431640625,1.1460607051849365,0.7642325162887573,2.2726058959960938,3.7899999618530273,9.680000305175781,208,845.2000122070312,77.5971914,13.0147992
1766299786150043100,57.56504321289062,1.1516603231430054,0.7699663639068604,2.2826151847839355,3.7899999618530273,10.029999732971191,204,845.2000122070312,77.5971532,13.0147188
1766299787150488300,58.56548828125,1.1319421529769897,0.792695939540863,2.2926197052001953,3.7899999618530273,10.579999923706055,207,845.2000122070312,77.5971097,13.0146353
1766299788145860000,59.560860107421874,1.1036051511764526,0.7826612591743469,2.3025734424591064,3.7899999618530273,11.119999885559082,209,845.2000122070312,77.5970561,13.0145487
1766299789147886800,60.56288696289062,1.1728805303573608,0.8385825157165527,2.312593698501587,3.7899999618530273,11.420000076293945,209,845.2000122070312,77.5970066,13.0144574
1766299790151467300,61.56646728515625,1.1332464218139648,0.786810040473938,2.322629451751709,3.7899999618530273,11.510000228881836,211,845.2000122070312,77.5969504,13.0143682
1766299791151044000,62.56604418945312,1.0591239929199219,0.7573488354682922,2.332625150680542,3.7899999618530273,11.399999618530273,211,845.2000122070312,77.5968935,13.0142885
1766299792145023700,63.56002368164062,0.964146614074707,0.7789593935012817,2.3425650596618652,3.7899999618530273,11.399999618530273,212,845.2000122070312,77.5968359,13.0141979
1766299793153547000,64.56854711914062,0.9460283517837524,0.7804416418075562,2.3526501655578613,3.7899999618530273,10.8100004196167,212,845.2000122070312,77.5967795,13.0141139
1766299794153582600,65.56858251953125,0.9649994373321533,0.780600905418396,2.3626506328582764,3.7899999618530273,10.479999542236328,213,845.2000122070312,77.596726,13.0140352
1766299795151199500,66.56619946289062,0.9746082425117493,0.761947751045227,2.372626781463623,3.7899999618530273,10,214,845.2000122070312,77.596674,13.0139596
1766299796146430000,67.56142993164063,1.0116175413131714,0.8934600949287415,2.3825790882110596,3.7899999618530273,9.720000267028809,212,845.2000122070312,77.5966264,13.0138827
1766299797153315300,68.5683154296875,1.057368278503418,0.8027949929237366,2.3926479816436768,3.7899999618530273,9.010000228881836,211,845.2000122070312,77.5965813,13.0138123
1766299798146903600,69.56190356445312,1.0851726531982422,0.7591205835342407,2.4025838375091553,3.7899999618530273,8.020000457763672,210,845.2000122070312,77.5965474,13.0137484
1766299799147307300,70.56230737304688,1.0854135751724243,0.7465732097625732,2.412587881088257,3.7899999618530273,7.559999942779541,209,845.2000122070312,77.5965099,13.0136927
1766299800148076300,71.563076171875,1.1079226732254028,0.8324449062347412,2.422595500946045,3.7899999618530273,7.760000228881836,212,845.2000122070312,77.5964738,13.0136331
1766299801151584800,72.56658471679688,1.1847864389419556,1.0919708013534546,2.4326305389404297,3.7899999618530273,8,213,845.2000122070312,77.5964341,13.0135727
1766299802143825000,73.55882495117187,6.0027923583984375,1.2238781452178955,1.0112582445144653,3.7899999618530273,8.65999984741211,215,850.5999755859375,77.5963875,13.0135084
1766299803148786000,74.56378588867187,1.180572271347046,0.801362931728363,1.0213078260421753,3.7899999618530273,9.579999923706055,214,850.5999755859375,77.5963278,13.0134299
1766299804151131400,75.56613134765625,1.1346440315246582,0.8483436107635498,1.0313313007354736,3.7899999618530273,9.84000015258789,212,850.5999755859375,77.596281,13.0133567
1766299805145857800,76.56085791015624,1.1893277168273926,0.8776004910469055,1.041278600692749,3.7899999618530273,9.720000267028809,211,850.5999755859375,77.5962342,13.0132808
1766299806145858000,77.56085815429688,1.2384189367294312,0.8342562913894653,1.0512785911560059,3.7899999618530273,10.09000015258789,214,850.5999755859375,77.5961747,13.0132015
1766299807145858000,78.56085815429688,7.34928035736084,1.5650995969772339,1.0612785816192627,3.7899999618530273,10.09000015258789,213,850.5999755859375,77.5961232,13.0131257
1766299809145857800,80.56085791015624,1.798050045967102,0.7902992963790894,1.0812785625457764,3.7899999618530273,10.720000267028809,211,850.5999755859375,77.5960196,13.0129601
1766299810145857800,81.56085791015624,1.4815518856048584,0.836026132106781,1.0912785530090332,3.7899999618530273,10.140000343322754,208,850.5999755859375,77.5959807,13.0128832
1766299811145857800,82.56085791015624,1.384886384010315,0.8008324503898621,1.10127854347229,3.7899999618530273,9.800000190734863,206,850.5999755859375,77.5959317,13.0128005
1766299812145857500,83.560857421875,1.2820583581924438,0.7689091563224792,1.1112785339355469,3.7899999618530273,10.119999885559082,208,850.5999755859375,77.5958834,13.0127174
1766299813145857800,84.56085791015624,1.1596314907073975,0.8145503997802734,1.1212785243988037,3.7899999618530273,10.449999809265137,205,850.5999755859375,77.5958406,13.0126379
1766299814145857800,85.56085791015624,1.1470872163772583,0.8095962405204773,1.13127863407135,3.7899999618530273,10.680000305175781,202,850.5999755859375,77.5958021,13.0125474
1766299815145858000,86.56085815429688,1.1821237802505493,0.8049612045288086,1.141278624534607,3.7899999618530273,10.800000190734863,201,850.5999755859375,77.5957621,13.0124609
1766299816145857800,87.56085791015624,1.1568572521209717,0.7991052865982056,1.1512786149978638,3.7899999618530273,11,198,850.5999755859375,77.5957272,13.0123621
1766299817145857800,88.56085791015624,1.1296212673187256,0.7726748585700989,1.1612786054611206,3.7899999618530273,10.90999984741211,196,850.5999755859375,77.5957008,13.0122639
1766299818145857800,89.56085791015624,1.101450800895691,0.8100361227989197,1.1712785959243774,3.7899999618530273,10.770000457763672,196,850.5999755859375,77.5956688,13.012174
1766299819145858000,90.56085815429688,1.1341835260391235,0.7781348824501038,1.1812785863876343,3.7899999618530273,9.800000190734863,192,850.5999755859375,77.5956456,13.012086
1766299820145857800,91.56085791015624,1.1854838132858276,0.855479896068573,1.1912785768508911,3.7899999618530273,8.279999732971191,193,850.5999755859375,77.595624,13.0120113
1766299821145857500,92.560857421875,1.2532771825790405,0.7681663632392883,1.201278567314148,3.7899999618530273,8.119999885559082,192,850.5999755859375,77.5956089,13.0119372
1766299822145857800,93.56085791015624,1.3090028762817383,0.8533158302307129,1.2112785577774048,3.7899999618530273,6.909999847412109,197,850.5999755859375,77.5955932,13.0118759
1766299823145857800,94.56085791015624,1.3949214220046997,0.8066061735153198,3.222620964050293,3.7899999618530273,6.25,200,853.8999633789062,77.595574,13.0118268
1766299824145857800,95.56085791015624,1.456447720527649,0.9384476542472839,3.23262095451355,3.7899999618530273,4.940000057220459,208,853.8999633789062,77.5955562,13.0117854
1766299825145857800,96.56085791015624,1.5522005558013916,0.8880776762962341,3.2426209449768066,3.7899999618530273,5.929999828338623,209,853.8999633789062,77.5955277,13.0117389
1766299826145857800,97.56085791015624,2.5645267963409424,0.23832614719867706,3.2526209354400635,3.7899999618530273,5.989999771118164,196,853.8999633789062,77.5955091,13.0116846
1766299827145857500,98.560857421875,4.047090530395508,0.38587331771850586,3.2626209259033203,3.7899999618530273,6.150000095367432,194,853.8999633789062,77.5954939,13.0116306
1766299828145857800,99.56085791015624,4.473733901977539,0.5004109144210815,3.272620916366577,3.7899999618530273,7.21999979019165,199,853.8999633789062,77.5954741,13.0115713
1766299829145857800,100.56085791015624,2.132734775543213,0.2805323600769043,3.282620906829834,3.7899999618530273,8.470000267028809,195,853.8999633789062,77.5954569,13.0114955
1766299830145857800,101.56085791015624,1.1762242317199707,0.08429038524627686,3.292620897293091,3.7899999618530273,4.599999904632568,201,853.8999633789062,77.5954409,13.0114525
1766299831145857800,102.56085791015624,3.5131282806396484,0.17464953660964966,3.3026208877563477,3.7899999618530273,3.200000047683716,203,853.8999633789062,77.5954243,13.0114204
1766299832145857800,103.56085791015624,3.401785135269165,0.163699671626091,3.3126208782196045,3.7899999618530273,3.0999999046325684,209,853.8999633789062,77.595411,13.0113907
1766299833145857800,104.56085791015624,1.1325165033340454,0.05364528298377991,3.3226208686828613,3.7899999618530273,3.0399999618530273,207,853.8999633789062,77.5953965,13.011363
1766299834145857800,105.56085791015624,16.45013999938965,0.8357471823692322,1.3167771100997925,3.7899999618530273,3.259999990463257,211,852.5,77.5953811,13.0113387
1766299835145857800,106.56085791015624,10.822061538696289,0.955083966255188,1.3267771005630493,3.7899999618530273,2.5999999046325684,218,852.5,77.5953679,13.0113154
1766299836145858000,107.56085815429688,6.0971503257751465,0.9203125238418579,1.3367770910263062,3.7899999618530273,2.440000057220459,220,852.5,77.5953535,13.0112973
1766299837145858000,108.56085815429688,11.099738121032715,1.1972590684890747,1.346777081489563,3.7899999618530273,2.3399999141693115,224,852.5,77.595338,13.0112807
1766299838145858000,109.56085815429688,15.962122917175293,1.2395601272583008,1.3567770719528198,3.7899999618530273,2.6600000858306885,209,852.5,77.5953241,13.0112586
1766299839145857800,110.56085791015624,10.726835250854492,0.93058180809021,1.3667770624160767,3.7899999618530273,2.259999990463257,200,852.5,77.5953182,13.0112359
1766299840145858000,111.56085815429688,12.478791236877441,1.0523520708084106,1.3767770528793335,3.7899999618530273,2.9000000953674316,204,852.5,77.5953087,13.0112094
1766299841145857800,112.56085791015624,15.925031661987305,1.4331218004226685,1.3867770433425903,3.7899999618530273,4.449999809265137,205,852.5,77.5952967,13.0111684
1766299842145857800,113.56085791015624,5.175230503082275,1.0208076238632202,1.3967771530151367,3.7899999618530273,5.739999771118164,201,852.5,77.5952706,13.0111066
1766299843145857800,114.56085791015624,5.386502742767334,0.9354773759841919,1.4067771434783936,3.7899999618530273,6.170000076293945,195,852.5,77.5952579,13.0110556
1766299844145857500,115.560857421875,5.2118330001831055,0.924998939037323,1.4167771339416504,3.7899999618530273,5.289999961853027,196,852.5,77.5952352,13.0110048
1766299845145857800,116.56085791015624,5.0808610916137695,0.9323686361312866,1.4267771244049072,3.7899999618530273,4.099999904632568,197,852.5,77.5952186,13.0109696
1766299846145858000,117.56085815429688,4.938754558563232,0.9729967713356018,1.436777114868164,3.7899999618530273,3.7100000381469727,195,852.5,77.5952029,13.0109407
1766299847145858000,118.56085815429688,5.125179767608643,0.9910845756530762,1.446777105331421,3.7899999618530273,3.549999952316284,199,852.5,77.5951811,13.0109119
1766299848145857800,119.56085791015624,11.075057983398438,0.9683831334114075,1.028518557548523,3.7899999618530273,4.590000152587891,202,851.2000122070312,77.5951553,13.0108652
1766299849145857800,120.56085791015624,4.553205966949463,1.0367344617843628,1.0385185480117798,3.7899999618530273,3.7799999713897705,196,851.2000122070312,77.5951406,13.0108313
1766299850145857800,121.56085791015624,4.675195693969727,0.8634999990463257,1.0485185384750366,3.7899999618530273,3.549999952316284,206,851.2000122070312,77.595125,13.0108046
1766299851145857800,122.56085791015624,5.052917003631592,0.990536630153656,1.0585185289382935,3.7899999618530273,2.690000057220459,207,851.2000122070312,77.595112,13.0107797
1766299852145857800,123.56085791015624,5.119328498840332,0.7832852005958557,1.0685185194015503,3.7899999618530273,3.309999942779541,213,851.2000122070312,77.5950934,13.0107524
1766299853145857500,124.560857421875,5.387770175933838,0.9743202328681946,1.0785186290740967,3.7899999618530273,3.4600000381469727,205,851.2000122070312,77.5950795,13.010722
1766299854145857800,125.56085791015624,5.390575408935547,0.9975535273551941,1.0885186195373535,3.7899999618530273,3.9800000190734863,201,851.2000122070312,77.5950696,13.010685
1766299855145857800,126.56085791015624,5.487620830535889,1.078726887702942,1.0985186100006104,3.7899999618530273,5.039999961853027,204,851.2000122070312,77.5950563,13.0106254
1766299856145858300,127.5608583984375,5.121497631072998,0.9025205373764038,1.1085186004638672,3.7899999618530273,3.3299999237060547,202,851.2000122070312,77.5950406,13.0106005
1766299857145858300,128.5608583984375,5.278292655944824,1.1386427879333496,1.118518590927124,3.7899999618530273,3.3499999046325684,207,851.2000122070312,77.5950257,13.010562
1766299858145858000,129.56085815429688,5.290563583374023,0.9243202805519104,1.1285185813903809,3.7899999618530273,3.450000047683716,208,851.2000122070312,77.5950043,13.0105268
1766299859145857800,130.56085791015624,5.522286415100098,0.9422587752342224,1.1385185718536377,3.7899999618530273,3.2100000381469727,197,851.2000122070312,77.5949945,13.010501
1766299860145857800,131.56085791015624,5.526906967163086,0.866571307182312,1.1485185623168945,3.7899999618530273,3.4200000762939453,204,851.2000122070312,77.5949821,13.0104699
1766299861145857800,132.56085791015624,5.523760795593262,0.9274847507476807,1.1585185527801514,3.7899999618530273,4.039999961853027,197,851.2000122070312,77.5949698,13.0104317
1766299862145857800,133.56085791015624,5.276844501495361,0.8663641214370728,1.1685185432434082,3.7899999618530273,4.789999961853027,194,851.2000122070312,77.5949591,13.0103889
1766299863145858000,134.56085815429688,5.063639163970947,0.9579412341117859,1.178518533706665,3.7899999618530273,5.119999885559082,199,851.2000122070312,77.5949488,13.0103385
1766299864145857800,135.56085791015624,4.6150803565979,0.8573666214942932,1.1885185241699219,3.7899999618530273,5.039999961853027,192,851.2000122070312,77.5949376,13.0102994
1766299865145857800,136.56085791015624,4.196530818939209,0.8840416669845581,1.1985186338424683,3.7899999618530273,5.110000133514404,198,851.2000122070312,77.5949243,13.0102542
1766299866145857800,137.56085791015624,4.167378902435303,0.9958480596542358,1.208518624305725,3.7899999618530273,5.300000190734863,204,851.2000122070312,77.594897,13.0102093
1766299867145857800,138.56085791015624,3.7111449241638184,0.8802696466445923,1.218518614768982,3.7899999618530273,5.46999979019165,207,851.2000122070312,77.5948702,13.0101604
1766299868145858000,139.56085815429688,3.7495598793029785,1.0079749822616577,1.2285186052322388,3.7899999618530273,6.96999979019165,201,851.2000122070312,77.5948402,13.0100994
1766299869145857800,140.56085791015624,2.6841328144073486,0.8124512434005737,1.3111380338668823,3.7899999618530273,7.699999809265137,197,850.7999877929688,77.5948143,13.0100278
1766299870145857500,141.560857421875,2.571742057800293,0.9122276306152344,1.3211380243301392,3.7899999618530273,6.510000228881836,192,850.7999877929688,77.5947946,13.0099708
1766299871145857800,142.56085791015624,2.5329952239990234,0.8246804475784302,1.3311381340026855,3.7899999618530273,5.909999847412109,189,850.7999877929688,77.5947794,13.0099191
1766299872145857800,143.56085791015624,2.5278091430664062,0.8529354929924011,1.3411381244659424,3.7899999618530273,5.639999866485596,196,850.7999877929688,77.5947659,13.0098735
1766299873145857800,144.56085791015624,2.4639358520507812,0.7921767234802246,1.3511381149291992,3.7899999618530273,6.019999980926514,197,850.7999877929688,77.5947465,13.0098234
1766299874145857500,145.560857421875,2.393226146697998,0.8221110701560974,1.361138105392456,3.7899999618530273,6.050000190734863,197,850.7999877929688,77.5947257,13.009768
1766299875145857800,146.56085791015624,2.4111011028289795,0.8404433727264404,1.371138095855713,3.7899999618530273,5.730000019073486,200,850.7999877929688,77.5947053,13.0097177
1766299876145857800,147.56085791015624,2.297309160232544,0.8072481751441956,1.3811380863189697,3.7899999618530273,5.369999885559082,201,850.7999877929688,77.5946877,13.0096725
1766299877145857500,148.560857421875,2.3373913764953613,0.9334924817085266,1.3911380767822266,3.7899999618530273,4.980000019073486,201,850.7999877929688,77.5946684,13.0096313
1766299878145857800,149.56085791015624,2.221355438232422,0.765563428401947,1.4011380672454834,3.7899999618530273,4.599999904632568,201,850.7999877929688,77.5946552,13.0095911
1766299879145857800,150.56085791015624,2.295203924179077,0.8898253440856934,1.4111380577087402,3.7899999618530273,3.5,198,850.7999877929688,77.5946459,13.0095616
1766299880145857800,151.56085791015624,2.352635622024536,0.7834686636924744,1.421138048171997,3.7899999618530273,3.759999990463257,203,850.7999877929688,77.5946298,13.0095289
1766299881145857500,152.560857421875,2.3539085388183594,0.7943461537361145,1.431138038635254,3.7899999618530273,4.210000038146973,200,850.7999877929688,77.5946137,13.0094955
1766299882145858000,153.56085815429688,2.45820689201355,0.9813886284828186,1.038658618927002,3.7899999618530273,3.0999999046325684,193,851.8999633789062,77.5946043,13.00947
1766299883145858000,154.56085815429688,2.5632715225219727,0.9948303699493408,1.0486586093902588,3.7899999618530273,2.490000009536743,194,851.8999633789062,77.5946008,13.0094489
1766299884145857800,155.56085791015624,2.6658685207366943,1.002825140953064,1.0586585998535156,5.019000053405762,3.4100000858306885,202,851.8999633789062,77.5945876,13.0094236
1766299885145857800,156.56085791015624,2.7576236724853516,0.9594433307647705,1.0686585903167725,5.8379998207092285,3.5299999713897705,204,851.8999633789062,77.594576,13.0093929
1766299886145858000,157.56085815429688,2.840937376022339,0.7306370139122009,1.0786585807800293,6.248000144958496,3.9600000381469727,205,851.8999633789062,77.5945607,13.0093604
1766299887145858000,158.56085815429688,2.89400577545166,0.711256206035614,1.0886585712432861,6.248000144958496,4.730000019073486,201,851.8999633789062,77.5945439,13.0093202
1766299888145857800,159.56085791015624,2.9426684379577637,0.6463491320610046,1.098658561706543,5.8379998207092285,4.610000133514404,207,851.8999633789062,77.5945271,13.0092801
1766299889145857800,160.56085791015624,3.0436859130859375,0.8633482456207275,1.1086585521697998,5.8379998207092285,5.429999828338623,186,851.8999633789062,77.594516,13.0092261
1766299890145857500,161.560857421875,3.1448707580566406,0.9401921033859253,1.1186585426330566,4.814000129699707,5.690000057220459,199,851.8999633789062,77.5945042,13.009179
1766299891145858000,162.56085815429688,3.0938830375671387,0.8278781771659851,1.1286585330963135,3.7899999618530273,6.079999923706055,200,851.8999633789062,77.5944833,13.0091279
1766299892145857800,163.56085791015624,2.9617960453033447,0.8033617734909058,1.1386585235595703,3.7899999618530273,5.690000057220459,203,851.8999633789062,77.5944642,13.0090797
1766299893145857800,164.56085791015624,2.7520697116851807,0.8634234070777893,1.1486586332321167,3.7899999618530273,5.210000038146973,201,851.8999633789062,77.5944462,13.0090393
1766299894145858000,165.56085815429688,2.7579033374786377,0.8466284275054932,1.1586586236953735,3.7899999618530273,4.329999923706055,197,851.8999633789062,77.5944319,13.0090016
1766299895145857800,166.56085791015624,2.7272095680236816,0.9412570595741272,1.0423685312271118,3.7899999618530273,4.920000076293945,194,853.5,77.5944162,13.008961
1766299896145857800,167.56085791015624,2.765605926513672,0.8917428255081177,1.0523685216903687,3.7899999618530273,6.150000095367432,204,853.5,77.5943926,13.008913
1766299897145857800,168.56085791015624,2.7614383697509766,0.9528248310089111,1.062368631362915,3.7899999618530273,7.199999809265137,198,853.5,77.5943668,13.008846
1766299898145857800,169.56085791015624,2.748849868774414,0.9333310723304749,1.0723686218261719,3.7899999618530273,7.909999847412109,194,853.5,77.5943429,13.0087694
1766299899145857800,170.56085791015624,2.732555866241455,0.9382342100143433,1.0823686122894287,3.7899999618530273,7.889999866485596,197,853.5,77.5943195,13.0087006
1766299900145857500,171.560857421875,2.658984899520874,0.8865394592285156,1.0923686027526855,3.7899999618530273,7.619999885559082,196,853.5,77.5943026,13.0086283
1766299901145857500,172.560857421875,2.51309871673584,0.862167477607727,1.1023685932159424,3.7899999618530273,7.059999942779541,191,853.5,77.594285,13.0085653
1766299902145857800,173.56085791015624,2.3947653770446777,0.7683783769607544,1.1123685836791992,3.7899999618530273,5.739999771118164,192,853.5,77.5942709,13.0085144
1766299903145857800,174.56085791015624,2.4633641242980957,0.9173174500465393,1.122368574142456,3.7899999618530273,4.699999809265137,195,853.5,77.5942624,13.0084769
1766299904145857800,175.56085791015624,2.5060739517211914,0.8299572467803955,1.132368564605713,3.7899999618530273,4.019999980926514,197,853.5,77.59425,13.0084451
1766299905145857800,176.56085791015624,2.5705020427703857,0.9180182814598083,1.1423685550689697,3.7899999618530273,4.199999809265137,198,853.5,77.5942343,13.0084087
1766299906145857800,177.56085791015624,2.5833065509796143,0.9204848408699036,1.0187585353851318,3.7899999618530273,4.840000152587891,195,855.8999633789062,77.5942196,13.0083686
1766299907145858000,178.56085815429688,2.5896501541137695,0.7873877882957458,1.0287585258483887,3.7899999618530273,4.840000152587891,198,855.8999633789062,77.5942011,13.0083251
1766299908145857800,179.56085791015624,2.6668686866760254,0.9292741417884827,1.038758635520935,3.7899999618530273,4.5,198,855.8999633789062,77.5941837,13.0082864
1766299909145857500,180.560857421875,2.7258782386779785,0.99143385887146,1.048758625984192,3.7899999618530273,4.789999961853027,198,855.8999633789062,77.5941669,13.0082433
1766299910145857500,181.560857421875,2.7937467098236084,1.0038810968399048,1.0587586164474487,3.7899999618530273,4.400000095367432,202,855.8999633789062,77.5941504,13.0082031
1766299911145857800,182.56085791015624,2.831557035446167,0.7969133853912354,1.0687586069107056,3.7899999618530273,3.6600000858306885,196,855.8999633789062,77.5941384,13.0081683
1766299912145857500,183.560857421875,2.8469648361206055,0.8542779684066772,1.0787585973739624,3.7899999618530273,3.869999885559082,195,855.8999633789062,77.5941256,13.0081358
1766299913145857800,184.56085791015624,2.9489235877990723,0.9846975803375244,1.0887585878372192,3.7899999618530273,2.9000000953674316,191,855.8999633789062,77.5941163,13.0081099
1766299914145857800,185.56085791015624,2.9349491596221924,0.8658625483512878,1.098758578300476,3.7899999618530273,3.9700000286102295,197,855.8999633789062,77.5941051,13.0080783
1766299915145857800,186.56085791015624,2.975476026535034,0.6986275315284729,1.108758568763733,3.7899999618530273,3.8499999046325684,199,855.8999633789062,77.5940918,13.0080464
1766299916145857500,187.560857421875,3.091503381729126,0.7153910994529724,1.1187585592269897,3.7899999618530273,2.7799999713897705,203,855.8999633789062,77.594082,13.0080242
1766299917145857800,188.56085791015624,5.921433448791504,0.7252930402755737,1.0271285772323608,3.7899999618530273,3.4100000858306885,190,856.2999877929688,77.5940762,13.0079954
1766299918145857800,189.56085791015624,3.230233907699585,0.6986334919929504,1.0371285676956177,3.7899999618530273,4.559999942779541,197,856.2999877929688,77.5940676,13.0079557
1766299919145857800,190.56085791015624,3.3036458492279053,0.7968080043792725,1.0471285581588745,3.7899999618530273,4.75,204,856.2999877929688,77.5940526,13.0079139
1766299920145857800,191.56085791015624,3.4367499351501465,0.8559596538543701,1.0571285486221313,3.7899999618530273,3.200000047683716,184,856.2999877929688,77.5940477,13.0078806
1766299921145857800,192.56085791015624,3.5047833919525146,0.7343399524688721,1.0671285390853882,3.7899999618530273,3.2899999618530273,196,856.2999877929688,77.5940385,13.0078498
1766299922145857800,193.56085791015624,3.562657117843628,0.7662783861160278,1.077128529548645,3.7899999618530273,3.819999933242798,197,856.2999877929688,77.5940285,13.0078133
1766299923145857500,194.560857421875,3.6252167224884033,0.7536207437515259,1.0871285200119019,3.7899999618530273,3.9600000381469727,196,856.2999877929688,77.5940174,13.0077759
1766299924145857500,195.560857421875,3.68375825881958,0.7299445271492004,1.0971286296844482,3.7899999618530273,3.569999933242798,198,856.2999877929688,77.594008,13.0077405
1766299925145857800,196.56085791015624,3.655824661254883,0.7215143442153931,1.107128620147705,3.7899999618530273,4.260000228881836,203,856.2999877929688,77.5939966,13.0077019
1766299926145857800,197.56085791015624,3.5692498683929443,0.7046130895614624,1.117128610610962,3.7899999618530273,4.820000171661377,204,856.2999877929688,77.5939803,13.0076599
1766299927145857800,198.56085791015624,3.574024200439453,0.9471601247787476,1.1271286010742188,3.7899999618530273,5.420000076293945,204,856.2999877929688,77.5939701,13.0076091
1766299928145857500,199.560857421875,3.3964409828186035,0.831848680973053,1.1371285915374756,3.7899999618530273,6.25,207,856.2999877929688,77.5939441,13.0075589
1766299929145857800,200.56085791015624,3.24354887008667,0.8872535228729248,1.1471285820007324,3.7899999618530273,6.789999961853027,210,856.2999877929688,77.5939159,13.0075056
1766299930145857800,201.56085791015624,2.5785746574401855,0.7930418252944946,1.1571285724639893,3.7899999618530273,7.110000133514404,208,856.2999877929688,77.5938858,13.0074487
1766299931145857800,202.56085791015624,2.3892433643341064,0.8513319492340088,1.167128562927246,3.7899999618530273,6.909999847412109,208,856.2999877929688,77.5938592,13.0073975
1766299932145857800,203.56085791015624,2.388084888458252,0.9461338520050049,1.177128553390503,3.7899999618530273,6.409999847412109,205,856.2999877929688,77.593834,13.0073434
1766299933145857800,204.56085791015624,2.40250825881958,0.9492059946060181,1.1871285438537598,3.7899999618530273,6.760000228881836,208,856.2999877929688,77.5938093,13.0072907
1766299934145857800,205.56085791015624,2.40983510017395,0.9576404690742493,1.1971285343170166,3.7899999618530273,7.440000057220459,196,856.2999877929688,77.5937847,13.0072236
1766299935145857800,206.56085791015624,2.39764142036438,0.8755936026573181,1.2071285247802734,3.7899999618530273,7.579999923706055,200,856.2999877929688,77.5937618,13.0071558
1766299936145857800,207.56085791015624,2.3650598526000977,0.8384998440742493,1.2171286344528198,3.7899999618530273,6.980000019073486,199,856.2999877929688,77.5937378,13.0070989
1766299937145858000,208.56085815429688,2.2459678649902344,0.7999494075775146,1.1545087099075317,3.7899999618530273,6.309999942779541,200,859.5,77.59372,13.0070473
1766299938145857800,209.56085791015624,2.264759063720703,0.884537398815155,1.1645087003707886,3.7899999618530273,5.289999961853027,205,859.5,77.5937042,13.0070027
1766299939145857500,210.560857421875,2.3434276580810547,0.8725706338882446,1.1745086908340454,3.7899999618530273,4.510000228881836,202,859.5,77.5936885,13.0069655
1766299940145857800,211.56085791015624,2.364973306655884,0.8407525420188904,1.1845086812973022,3.7899999618530273,4.610000133514404,200,859.5,77.5936722,13.0069274
1766299941145857800,212.56085791015624,2.392831325531006,0.8877915740013123,1.1945087909698486,3.7899999618530273,4.889999866485596,208,859.5,77.5936529,13.0068879
1766299942145857800,213.56085791015624,2.4545814990997314,0.8681554198265076,1.2045087814331055,3.7899999618530273,4.46999979019165,213,859.5,77.5936327,13.0068541
1766299943145857800,214.56085791015624,2.5181126594543457,0.8517501354217529,1.2145087718963623,3.7899999618530273,4.070000171661377,209,859.5,77.5936149,13.0068222
1766299944145857800,215.56085791015624,10.500840187072754,1.0646095275878906,1.028578519821167,3.7899999618530273,3.809999942779541,204,859.8999633789062,77.5935968,13.0067938
1766299945145857800,216.56085791015624,2.6668808460235596,1.0456115007400513,1.0385786294937134,3.7899999618530273,3.25,212,859.8999633789062,77.593581,13.0067686
1766299946145857800,217.56085791015624,2.740239381790161,0.9387309551239014,1.0485786199569702,3.7899999618530273,4.230000019073486,211,859.8999633789062,77.593562,13.0067375
1766299947145857800,218.56085791015624,2.8306875228881836,1.0076826810836792,1.058578610420227,3.7899999618530273,3.9000000953674316,217,859.8999633789062,77.5935415,13.0067101
1766299948145858000,219.56085815429688,2.9032249450683594,0.6854844689369202,1.0685786008834839,3.7899999618530273,3.549999952316284,214,859.8999633789062,77.5935226,13.0066843
1766299949145857800,220.56085791015624,2.9074740409851074,0.8700153827667236,1.0785785913467407,3.7899999618530273,5.010000228881836,204,859.8999633789062,77.5935081,13.0066411
1766299950145857800,221.56085791015624,2.8230490684509277,0.8350324034690857,1.0885785818099976,3.7899999618530273,6,201,859.8999633789062,77.5934877,13.0065893
1766299951145858000,222.56085815429688,2.8466548919677734,0.8979202508926392,1.0985785722732544,3.7899999618530273,6.119999885559082,211,859.8999633789062,77.5934599,13.00654
1766299952145857800,223.56085791015624,2.7510268688201904,0.8125725388526917,1.1085785627365112,3.7899999618530273,6.800000190734863,214,859.8999633789062,77.5934238,13.0064898
1766299953145857800,224.56085791015624,2.569833755493164,0.8405255079269409,1.118578553199768,3.7899999618530273,6.710000038146973,212,859.8999633789062,77.5933891,13.0064371
1766299954145857800,225.56085791015624,2.4175407886505127,0.8837270736694336,1.128578543663025,3.7899999618530273,7.039999961853027,206,859.8999633789062,77.5933588,13.0063792
1766299955145857800,226.56085791015624,2.3699378967285156,0.8226131796836853,1.1385785341262817,3.7899999618530273,6.960000038146973,205,859.8999633789062,77.5933326,13.0063213
1766299956145857800,227.56085791015624,2.3533504009246826,0.856965959072113,1.1485785245895386,3.7899999618530273,6.170000076293945,205,859.8999633789062,77.5933115,13.006269
1766299957145858000,228.56085815429688,2.3305561542510986,0.8632829785346985,1.158578634262085,3.7899999618530273,6.889999866485596,203,859.8999633789062,77.5932853,13.0062136
1766299958145858000,229.56085815429688,2.310779094696045,0.9426743388175964,1.1685786247253418,3.7899999618530273,6.460000038146973,201,859.8999633789062,77.5932628,13.006161
1766299959145857800,230.56085791015624,2.3803250789642334,1.174061894416809,1.1785786151885986,3.7899999618530273,5.849999904632568,201,859.8999633789062,77.5932448,13.0061036
1766299960145858000,231.56085815429688,2.40336537361145,1.0632874965667725,1.1885786056518555,3.7899999618530273,6.360000133514404,191,859.8999633789062,77.5932251,13.0060467
1766299961145857800,232.56085791015624,2.4902467727661133,1.1598865985870361,1.1985785961151123,3.7899999618530273,5.940000057220459,171,859.8999633789062,77.593217,13.0059938
1766299962145857800,233.56085791015624,2.5223023891448975,0.8452168703079224,1.2085785865783691,3.7899999618530273,4.929999828338623,168,859.8999633789062,77.5932349,13.0059573
1766299963145857800,234.56085791015624,2.581200361251831,0.8874228000640869,1.218578577041626,3.7899999618530273,3.859999895095825,174,859.8999633789062,77.5932398,13.0059241
1766299964145858000,235.56085815429688,2.6687827110290527,0.937212347984314,1.0183786153793335,3.7899999618530273,3.950000047683716,174,861.0999755859375,77.5932423,13.0058891
1766299965145858000,236.56085815429688,2.756552219390869,0.9522597789764404,1.0283786058425903,3.7899999618530273,3.5299999713897705,176,861.0999755859375,77.593246,13.00586
1766299966145858000,237.56085815429688,2.849299430847168,0.9638527631759644,1.0383785963058472,3.7899999618530273,3.759999990463257,160,861.0999755859375,77.5932566,13.0058285
1766299967145858300,238.5608583984375,2.9507453441619873,1.0138053894042969,1.048378586769104,3.7899999618530273,4.480000019073486,153,861.0999755859375,77.5932748,13.0057932
1766299968145857800,239.56085791015624,3.0374464988708496,0.9236228466033936,1.0583785772323608,3.7899999618530273,4.050000190734863,172,861.0999755859375,77.593282,13.0057572
1766299969145857800,240.56085791015624,3.050870656967163,0.8370821475982666,1.0683785676956177,3.7899999618530273,4.400000095367432,166,861.0999755859375,77.593288,13.0057185
1766299970145857800,241.56085791015624,2.9803547859191895,0.8506749868392944,1.0783785581588745,3.7899999618530273,5.920000076293945,156,861.0999755859375,77.5933007,13.0056668
1766299971145858300,242.5608583984375,2.761011838912964,0.8101812601089478,1.0883785486221313,3.7899999618530273,7.139999866485596,158,861.0999755859375,77.5933225,13.005603
1766299972145857800,243.56085791015624,2.63883900642395,0.8610358834266663,1.0983785390853882,3.7899999618530273,7.119999885559082,167,861.0999755859375,77.5933341,13.0055412
1766299973145857800,244.56085791015624,2.5827476978302,0.8645380735397339,1.108378529548645,3.7899999618530273,7.170000076293945,173,861.0999755859375,77.5933369,13.0054751
1766299974145857800,245.56085791015624,2.5690276622772217,0.7826172709465027,1.1183785200119019,3.7899999618530273,6.909999847412109,169,861.0999755859375,77.5933443,13.0054116
1766299975145857500,246.560857421875,2.481879949569702,0.8318313956260681,1.1283786296844482,3.7899999618530273,7.690000057220459,162,861.0999755859375,77.5933632,13.0053442
1766299976145857800,247.56085791015624,2.2911441326141357,0.8850325345993042,1.138378620147705,3.7899999618530273,8.5,167,861.0999755859375,77.5933818,13.0052687
1766299977145858000,248.56085815429688,2.1398537158966064,0.8291071653366089,1.148378610610962,3.7899999618530273,9.1899995803833,167,861.0999755859375,77.5933984,13.0051875
1766299978145858000,249.56085815429688,1.8981894254684448,0.7832549214363098,1.1583786010742188,3.7899999618530273,9.770000457763672,164,861.0999755859375,77.5934204,13.005104
1766299979145858300,250.5608583984375,1.4770126342773438,0.7601213455200195,1.1683785915374756,3.7899999618530273,9.6899995803833,162,861.0999755859375,77.5934467,13.0050214
1766299980145857500,251.560857421875,1.3480892181396484,0.7627514600753784,1.1783785820007324,3.7899999618530273,9.930000305175781,160,861.0999755859375,77.5934756,13.0049381
1766299981145857500,252.560857421875,1.2893422842025757,0.857546865940094,1.1883785724639893,3.7899999618530273,9.739999771118164,160,861.0999755859375,77.5935027,13.0048519
1766299982145858300,253.5608583984375,1.3148777484893799,0.8408820629119873,1.198378562927246,3.7899999618530273,8.970000267028809,162,861.0999755859375,77.5935209,13.0047749
1766299983145858300,254.5608583984375,1.3589657545089722,0.8821223974227905,1.208378553390503,3.7899999618530273,7.630000114440918,166,861.0999755859375,77.5935418,13.0047087
1766299984145858000,255.56085815429688,1.4142112731933594,0.8649076223373413,1.2183785438537598,3.7899999618530273,7.150000095367432,164,861.0999755859375,77.5935572,13.0046445
1766299985145858000,256.56085815429685,1.4353487491607666,0.9100425243377686,6.6737589836120605,3.7899999618530273,6.980000019073486,168,858.3999633789062,77.593574,13.004582
1766299986145857800,257.56085791015624,1.4962273836135864,0.8477619886398315,6.683758735656738,3.7899999618530273,7.340000152587891,168,858.3999633789062,77.593589,13.0045161
1766299987145858300,258.5608583984375,1.5219911336898804,0.8365177512168884,6.693758964538574,3.7899999618530273,8.4399995803833,160,858.3999633789062,77.5936121,13.0044414
1766299988145857800,259.56085791015624,1.5018762350082397,0.774606466293335,6.703758716583252,3.7899999618530273,9.760000228881836,160,858.3999633789062,77.593641,13.0043545
1766299989145857800,260.56085791015624,1.363499641418457,0.7877576947212219,6.713758945465088,3.7899999618530273,10.510000228881836,163,858.3999633789062,77.5936678,13.0042632
1766299990145857800,261.56085791015624,1.1892446279525757,0.7820674180984497,6.723758697509766,3.7899999618530273,10.729999542236328,162,858.3999633789062,77.5936957,13.0041734
1766299991145857800,262.56085791015624,1.17152738571167,0.8076363205909729,6.733758926391602,3.7899999618530273,10.25,164,858.3999633789062,77.5937209,13.0040844
1766299992145857800,263.56085791015624,1.2239328622817993,0.8113772869110107,6.743758678436279,3.7899999618530273,9.5,162,858.3999633789062,77.5937471,13.0040036
1766299993145857800,264.56085791015624,1.2710399627685547,0.8323057889938354,6.753758907318115,3.7899999618530273,7.920000076293945,166,858.3999633789062,77.5937648,13.0039337
1766299994145857800,265.56085791015624,1.348390817642212,0.7982589602470398,6.763758659362793,3.7899999618530273,5.940000057220459,158,858.3999633789062,77.5937823,13.0038823
1766299995145857800,266.56085791015624,1.403713583946228,0.880840539932251,6.773758888244629,3.7899999618530273,5.849999904632568,162,858.3999633789062,77.5938003,13.0038328
1766299996145857800,267.56085791015624,1.4641228914260864,0.816514790058136,6.783758640289307,3.7899999618530273,6.650000095367432,166,858.3999633789062,77.5938174,13.0037742
1766299997145857800,268.56085791015624,1.4851893186569214,0.8114194869995117,6.793758869171143,3.7899999618530273,7.03000020980835,164,858.3999633789062,77.5938344,13.0037116
1766299998145857500,269.560857421875,1.524348497390747,0.8169775009155273,6.80375862121582,3.7899999618530273,6.710000038146973,165,858.3999633789062,77.5938529,13.0036544
1766299999145857500,270.560857421875,1.606286883354187,0.9402280449867249,6.813758850097656,3.7899999618530273,6.210000038146973,167,858.3999633789062,77.5938674,13.0036008
1766300000145857800,271.56085791015624,1.6715439558029175,0.8090541958808899,6.823758602142334,3.7899999618530273,6.550000190734863,162,858.3999633789062,77.5938833,13.003542
1766300001145857800,272.56085791015624,1.6901639699935913,0.7753982543945312,6.83375883102417,3.7899999618530273,7.210000038146973,160,858.3999633789062,77.5939062,13.0034825
1766300002145857800,273.56085791015624,1.6966420412063599,0.8190557956695557,6.843758583068848,3.7899999618530273,7.550000190734863,164,858.3999633789062,77.5939253,13.0034177
1766300003145858000,274.56085815429685,1.5742311477661133,0.7709987759590149,6.853758811950684,3.7899999618530273,8.640000343322754,165,858.3999633789062,77.5939472,13.0033411
1766300004145857800,275.56085791015624,1.377795934677124,0.7665822505950928,6.863758563995361,3.7899999618530273,9.789999961853027,166,858.3999633789062,77.5939679,13.0032524
1766300005145857800,276.56085791015624,5.673861503601074,0.9670209288597107,6.873758792877197,3.7899999618530273,11.020000457763672,165,858.3999633789062,77.5939961,13.0031544
1766300006145857800,277.56085791015624,1.0658904314041138,0.7683518528938293,6.883758544921875,3.7899999618530273,12.039999961853027,164,858.3999633789062,77.5940265,13.0030495
1766300007145857800,278.56085791015624,0.9672067761421204,0.7676579356193542,6.893758773803711,3.7899999618530273,12.880000114440918,164,858.3999633789062,77.5940591,13.0029373
1766300008145857500,279.560857421875,0.9237595200538635,0.7821967601776123,6.903759002685547,3.7899999618530273,13.550000190734863,165,858.3999633789062,77.5940932,13.0028182
1766300009145857800,280.56085791015624,0.8942118287086487,0.8159387707710266,6.913758754730225,3.7899999618530273,14.09000015258789,162,858.3999633789062,77.5941312,13.0026972
1766300010145857800,281.56085791015624,0.8840442299842834,0.7884794473648071,6.9237589836120605,3.7899999618530273,14.520000457763672,161,858.3999633789062,77.5941726,13.0025708
1766300011145857500,282.560857421875,0.8257094025611877,0.7653204798698425,6.933758735656738,3.7899999618530273,14.90999984741211,162,858.3999633789062,77.5942148,13.0024419
1766300012145857800,283.56085791015624,0.7766659259796143,0.7946521043777466,6.943758964538574,3.7899999618530273,15.1899995803833,162,858.3999633789062,77.5942585,13.0023105
1766300013145857800,284.56085791015624,0.7505765557289124,0.761690080165863,6.953758716583252,3.7899999618530273,15.390000343322754,162,858.3999633789062,77.5943,13.0021785
1766300014145857500,285.560857421875,0.7030362486839294,0.7654345035552979,6.963758945465088,3.7899999618530273,15.460000038146973,163,858.3999633789062,77.5943403,13.0020467
1766300015145857500,286.560857421875,0.7305535078048706,0.7856687903404236,6.973758697509766,3.7899999618530273,14.630000114440918,163,858.3999633789062,77.5943804,13.0019202
1766300016145857800,287.56085791015624,0.7649403810501099,0.7765005230903625,6.983758926391602,3.7899999618530273,12.460000038146973,161,858.3999633789062,77.5944156,13.0018143
1766300017145858000,288.56085815429685,0.8401837944984436,0.9226496815681458,6.993758678436279,3.7899999618530273,10.640000343322754,163,858.3999633789062,77.594446,13.0017221
1766300018145858000,289.56085815429685,0.8989730477333069,0.8649457693099976,7.003758907318115,3.7899999618530273,10.4399995803833,163,858.3999633789062,77.594475,13.0016345
1766300019145857800,290.56085791015624,0.9367779493331909,0.773714005947113,7.013758659362793,3.7899999618530273,11.739999771118164,163,858.3999633789062,77.5945062,13.0015309
1766300020145857500,291.560857421875,0.8744243383407593,0.8114715218544006,7.023758888244629,3.7899999618530273,12.699999809265137,164,858.3999633789062,77.594539,13.0014194
1766300021145857800,292.56085791015624,0.8998153209686279,0.7817168831825256,7.033758640289307,3.7899999618530273,13.420000076293945,162,858.3999633789062,77.5945755,13.0013046
1766300022145857500,293.560857421875,0.8845719695091248,0.7836282253265381,7.043758869171143,3.7899999618530273,13.90999984741211,160,858.3999633789062,77.5946189,13.0011857
1766300023145857800,294.56085791015624,0.8568485379219055,0.7711647748947144,7.05375862121582,3.7899999618530273,13.569999694824219,162,858.3999633789062,77.5946576,13.001069
1766300024145857500,295.560857421875,0.8636706471443176,0.767612874507904,7.063758850097656,3.7899999618530273,12.819999694824219,163,858.3999633789062,77.5946893,13.000959
1766300025145857800,296.56085791015624,0.8699269890785217,0.7478439807891846,1.5681705474853516,3.7899999618530273,11.289999961853027,161,856.7999877929688,77.5947173,13.0008608
1766300026145857500,297.560857421875,0.9288407564163208,0.9062799215316772,1.5781705379486084,3.7899999618530273,10.350000381469727,160,856.7999877929688,77.5947471,13.0007771
1766300027145857500,298.560857421875,0.981163501739502,0.7572190761566162,1.5881705284118652,3.7899999618530273,11.350000381469727,165,856.7999877929688,77.5947755,13.0006778
1766300028145857800,299.56085791015624,0.9263531565666199,0.756449282169342,1.598170518875122,3.7899999618530273,12.050000190734863,164,856.7999877929688,77.5948051,13.0005716
1766300029145858000,300.56085815429685,0.8945266008377075,0.7895262241363525,1.608170509338379,3.7899999618530273,11.619999885559082,162,856.7999877929688,77.5948347,13.0004711
1766300030145857500,301.560857421875,0.9178501963615417,0.8169180154800415,1.6181704998016357,3.7899999618530273,10.359999656677246,163,856.7999877929688,77.5948636,13.0003826
1766300031145857500,302.560857421875,0.983268141746521,0.7934872508049011,1.6281704902648926,3.7899999618530273,8.800000190734863,158,856.7999877929688,77.5948889,13.000307
1766300032145857800,303.56085791015624,1.0363783836364746,0.7434502840042114,1.6381704807281494,3.7899999618530273,7.199999809265137,159,856.7999877929688,77.5949142,13.0002479
1766300033145857800,304.56085791015624,1.0941523313522339,0.7452762722969055,1.6481704711914062,3.7899999618530273,6.639999866485596,156,856.7999877929688,77.594938,13.0001928
1766300034145857800,305.56085791015624,1.1593904495239258,0.8928214311599731,1.6581705808639526,3.7899999618530273,6.28000020980835,151,856.7999877929688,77.5949565,13.0001413
1766300035145857500,306.560857421875,1.2431447505950928,0.8917447924613953,1.6681705713272095,3.7899999618530273,5.409999847412109,157,856.7999877929688,77.5949768,13.0000966
1766300036145857800,307.56085791015624,1.3332133293151855,0.9732356071472168,1.6781705617904663,3.7899999618530273,4.010000228881836,153,856.7999877929688,77.594993,13.0000642
1766300037145857800,308.56085791015624,1.4234254360198975,0.876671552658081,1.6881705522537231,3.7899999618530273,3.5,148,856.7999877929688,77.5950089,13.000036
1766300038145857500,309.560857421875,1.5214314460754395,0.9309723973274231,4.504824161529541,3.7899999618530273,2.0299999713897705,147,863.3999633789062,77.5950174,13.000021
1766300039145857800,310.56085791015624,1.620641827583313,0.9724629521369934,4.514824390411377,3.7899999618530273,1.059999942779541,139,863.3999633789062,77.5950184,13.0000126
1766300040145857800,311.56085791015624,1.720402717590332,0.9357333779335022,4.524824142456055,3.7899999618530273,2.4200000762939453,162,863.3999633789062,77.5950278,12.999991
1766300041145857800,312.56085791015624,1.8225139379501343,0.9480071663856506,4.534824371337891,3.7899999618530273,3.109999895095825,167,863.3999633789062,77.5950325,12.9999633
1766300042145857800,313.56085791015624,1.9295579195022583,0.9327197670936584,4.544824123382568,3.7899999618530273,2.109999895095825,184,863.3999633789062,77.5950326,12.9999428
1766300043145857800,314.56085791015624,2.0365114212036133,0.9410585761070251,4.554824352264404,3.7899999618530273,2.2200000286102295,187,863.3999633789062,77.5950294,12.9999239
1766300044145857800,315.56085791015624,2.1412994861602783,1.0255495309829712,4.564824104309082,3.7899999618530273,3.549999952316284,189,863.3999633789062,77.5950248,12.999893
1766300045145857800,316.56085791015624,2.2366809844970703,0.9310370683670044,4.574824333190918,3.7899999618530273,5.090000152587891,164,863.3999633789062,77.595037,12.9998436
1766300046145857800,317.56085791015624,2.300276517868042,0.8955554962158203,4.584824085235596,3.7899999618530273,7.159999847412109,159,863.3999633789062,77.5950654,12.9997865
1766300047145857500,318.560857421875,0.3852701485157013,0.06062484532594681,4.594824314117432,3.7899999618530273,10.100000381469727,161,863.3999633789062,77.5950945,12.9997021
1766300048145857800,319.56085791015624,0.3499331474304199,0.06069309264421463,4.604824542999268,3.7899999618530273,11.130000114440918,163,863.3999633789062,77.5951232,12.9996124
1766300049145857500,320.560857421875,0.31352290511131287,0.05624653771519661,4.614824295043945,3.7899999618530273,11.510000228881836,163,863.3999633789062,77.5951514,12.9995164
1766300050145857500,321.560857421875,0.33065474033355713,0.060507189482450485,4.624824523925781,3.7899999618530273,11.739999771118164,164,863.3999633789062,77.5951835,12.9994186
1766300051145857800,322.56085791015624,0.3173912465572357,0.0587850846350193,4.634824275970459,3.7899999618530273,11.890000343322754,168,863.3999633789062,77.5952052,12.9993145
1766300052145857500,323.560857421875,0.2605957090854645,0.04964494705200195,4.644824504852295,3.7899999618530273,12.229999542236328,165,863.3999633789062,77.5952313,12.9992082
1766300053145857800,324.56085791015624,0.3010613024234772,0.057864509522914886,4.654824256896973,3.7899999618530273,12.34000015258789,164,863.3999633789062,77.5952592,12.9991012
1766300054145858000,325.56085815429685,0.8989437222480774,0.17663896083831787,4.664824485778809,3.7899999618530273,12.630000114440918,163,863.3999633789062,77.595292,12.9989933
1766300055145857800,326.56085791015624,4.296999454498291,0.9637235403060913,4.674824237823486,3.7899999618530273,12.65999984741211,161,863.3999633789062,77.5953265,12.9988851
1766300056145857500,327.560857421875,0.8696927428245544,0.8101850748062134,4.684824466705322,3.7899999618530273,12.8100004196167,162,863.3999633789062,77.5953634,12.9987745
1766300057145857800,328.56085791015624,1.3405503034591675,0.7652538418769836,4.69482421875,3.7899999618530273,12.970000267028809,164,863.3999633789062,77.5953987,12.9986621
1766300058145857800,329.56085791015624,1.298027753829956,0.9312628507614136,1.740676999092102,3.7899999618530273,13.09000015258789,163,859.0999755859375,77.5954334,12.9985483
1766300059145857800,330.56085791015624,1.350632905960083,0.7792537212371826,1.7506769895553589,3.7899999618530273,13.079999923706055,165,859.0999755859375,77.5954687,12.9984341
1766300060145857800,331.56085791015624,1.3632497787475586,0.776252806186676,1.7606770992279053,3.7899999618530273,13.100000381469727,165,859.0999755859375,77.5955004,12.9983204
1766300061145857800,332.56085791015624,1.3825578689575195,0.7889971733093262,1.770677089691162,3.7899999618530273,13.1899995803833,161,859.0999755859375,77.5955352,12.9982051
1766300062145857800,333.56085791015624,1.2764884233474731,0.7698820233345032,1.780677080154419,3.7899999618530273,13.260000228881836,160,859.0999755859375,77.5955752,12.9980887
1766300063145857800,334.56085791015624,1.0208810567855835,0.7645567655563354,1.7906770706176758,3.7899999618530273,13.15999984741211,161,859.0999755859375,77.5956146,12.997978
1766300064145857800,335.56085791015624,0.9953433871269226,0.7730715870857239,1.8006770610809326,3.7899999618530273,13.220000267028809,160,859.0999755859375,77.5956551,12.9978656
1766300065145857500,336.560857421875,0.9522500038146973,0.762477695941925,1.8106770515441895,3.7899999618530273,13.289999961853027,162,859.0999755859375,77.5956938,12.9977501
1766300066145858000,337.56085815429685,1.0377517938613892,0.8566668629646301,1.8206770420074463,3.7899999618530273,13.34000015258789,163,859.0999755859375,77.59573,12.9976355
1766300067145857800,338.56085791015624,1.1172680854797363,0.8650112748146057,1.8306770324707031,3.7899999618530273,13.210000038146973,163,859.0999755859375,77.595767,12.9975236
1766300068145857500,339.560857421875,1.1265815496444702,0.765631914138794,1.84067702293396,3.7899999618530273,13.220000267028809,167,859.0999755859375,77.5957962,12.9974067
1766300069145857500,340.560857421875,1.114598035812378,0.7730425000190735,1.8506770133972168,3.7899999618530273,13.279999732971191,169,859.0999755859375,77.5958204,12.997291
1766300070145857500,341.560857421875,1.0171394348144531,0.7818910479545593,1.8606770038604736,3.7899999618530273,13.399999618530273,168,859.0999755859375,77.5958444,12.997173
1766300071145858000,342.56085815429685,1.0945744514465332,0.8428133130073547,1.8706769943237305,3.7899999618530273,13.350000381469727,170,859.0999755859375,77.5958686,12.9970534
1766300072145858000,343.56085815429685,1.0824135541915894,0.9025189280509949,1.8806769847869873,3.7899999618530273,13.279999732971191,172,859.0999755859375,77.595885,12.9969362
1766300073145858000,344.56085815429685,1.1173808574676514,0.9213880896568298,1.8906770944595337,3.7899999618530273,13.420000076293945,173,859.0999755859375,77.5959007,12.9968146
1766300074145857800,345.56085791015624,1.1638281345367432,0.9024479985237122,1.9006770849227905,3.7899999618530273,13.420000076293945,172,859.0999755859375,77.5959146,12.9966928
1766300075145858000,346.56085815429685,1.1138310432434082,0.7755243182182312,1.9106770753860474,3.7899999618530273,12.920000076293945,172,859.0999755859375,77.5959284,12.9965769
1766300076145857800,347.56085791015624,1.0394327640533447,0.7753776907920837,1.9206770658493042,3.7899999618530273,12.0600004196167,173,859.0999755859375,77.5959392,12.9964688
1766300077145857800,348.56085791015624,1.049990177154541,0.7764581441879272,1.930677056312561,3.7899999618530273,11.40999984741211,173,859.0999755859375,77.5959509,12.996367
1766300078145857800,349.56085791015624,0.9878430962562561,0.7785651087760925,1.9406770467758179,3.7899999618530273,11.369999885559082,174,859.0999755859375,77.5959623,12.9962654
1766300079145857800,350.56085791015624,6.041407108306885,0.9649974703788757,4.159874439239502,3.7899999618530273,10.329999923706055,175,851.2000122070312,77.5959697,12.9961723
1766300080145857800,351.56085791015624,0.9583767056465149,0.7893577218055725,4.169874668121338,3.7899999618530273,8.010000228881836,178,851.2000122070312,77.5959727,12.9961006
1766300081145858000,352.56085815429685,1.0144762992858887,0.8642311096191406,4.179874420166016,3.7899999618530273,6.519999980926514,181,851.2000122070312,77.5959739,12.9960429
1766300082145857800,353.56085791015624,1.0902948379516602,0.9066174626350403,4.189874649047852,3.7899999618530273,5.710000038146973,170,851.2000122070312,77.5959786,12.9959932
1766300083145857800,354.56085791015624,1.164415717124939,0.8830163478851318,4.199874401092529,3.7899999618530273,6.190000057220459,176,851.2000122070312,77.5959831,12.995937
1766300084145857800,355.56085791015624,1.2282752990722656,0.8148500323295593,4.209874629974365,3.7899999618530273,7.400000095367432,174,851.2000122070312,77.5959902,12.9958707
1766300085145857500,356.560857421875,1.2779568433761597,0.8713433742523193,4.219874382019043,3.7899999618530273,8.229999542236328,170,851.2000122070312,77.5960021,12.9957937
1766300086145857800,357.56085791015624,1.3161277770996094,0.7801426649093628,4.229874610900879,3.7899999618530273,8.350000381469727,171,851.2000122070312,77.5960146,12.9957206
1766300087145857800,358.56085791015624,1.3078123331069946,0.8038679361343384,4.239874362945557,3.7899999618530273,8.670000076293945,170,851.2000122070312,77.5960274,12.9956438
1766300088145858000,359.56085815429685,1.293526530265808,0.8008811473846436,4.249874591827393,3.7899999618530273,9.229999542236328,170,851.2000122070312,77.5960428,12.9955606
1766300089145857500,360.560857421875,1.2541581392288208,0.7810578942298889,4.25987434387207,3.7899999618530273,9.539999961853027,170,851.2000122070312,77.5960599,12.9954774
1766300090145857800,361.56085791015624,1.2646574974060059,0.798884928226471,4.269874572753906,3.7899999618530273,9.260000228881836,170,851.2000122070312,77.596075,12.9953934
1766300091145857500,362.560857421875,1.2089184522628784,0.7926905751228333,4.279874324798584,3.7899999618530273,9.850000381469727,172,851.2000122070312,77.596088,12.9953044
1766300092145857500,363.560857421875,1.2011818885803223,0.7538043856620789,4.28987455368042,3.7899999618530273,9.579999923706055,174,851.2000122070312,77.5960975,12.9952194
1766300093145857800,364.56085791015624,1.1599369049072266,0.8175317645072937,4.299874782562256,3.7899999618530273,9.199999809265137,175,851.2000122070312,77.5961049,12.9951349
1766300094145857500,365.560857421875,1.202661395072937,0.8192071318626404,4.309874534606934,3.7899999618530273,9.170000076293945,169,851.2000122070312,77.5961197,12.9950557
1766300095145857800,366.56085791015624,1.2531213760375977,0.8404954671859741,4.3198747634887695,3.7899999618530273,8.729999542236328,163,851.2000122070312,77.596138,12.9949764
1766300096145857800,367.56085791015624,1.305047869682312,0.8232889771461487,4.329874515533447,3.7899999618530273,7.760000228881836,169,851.2000122070312,77.5961535,12.9949084
1766300097145857800,368.56085791015624,1.3926090002059937,0.9446108937263489,4.339874744415283,3.7899999618530273,6.78000020980835,184,851.2000122070312,77.5961538,12.9948503
1766300098145857500,369.560857421875,1.4618581533432007,0.8993913531303406,4.349874496459961,3.7899999618530273,7.179999828338623,194,851.2000122070312,77.5961379,12.9947847
1766300099145857500,370.560857421875,1.5451390743255615,0.962986171245575,4.359874725341797,3.7899999618530273,7.489999771118164,202,851.2000122070312,77.5961163,12.9947214
1766300100145858000,371.56085815429685,12.09239673614502,1.4494093656539917,8.230696678161621,3.7899999618530273,7.75,202,851.2000122070312,77.5960878,12.9946545
1766300101145857800,372.56085791015624,4.476962089538574,1.4759763479232788,8.240696907043457,3.7899999618530273,7.800000190734863,205,851.2000122070312,77.596057,12.994589
1766300102145857800,373.56085791015624,4.252227783203125,1.051521897315979,8.250697135925293,3.7899999618530273,7.579999923706055,205,851.2000122070312,77.5960264,12.9945253
1766300103145858000,374.56085815429685,3.227396011352539,0.9288904666900635,8.260696411132812,3.7899999618530273,6.010000228881836,209,851.2000122070312,77.5959935,12.9944795
1766300104145857800,375.56085791015624,3.0449283123016357,0.8224382996559143,8.270696640014648,3.7899999618530273,5.380000114440918,211,851.2000122070312,77.5959631,12.9944396
1766300105145857800,376.56085791015624,2.8416361808776855,0.8420499563217163,8.280696868896484,3.7899999618530273,6.940000057220459,209,851.2000122070312,77.5959326,12.9943849
1766300106145857800,377.56085791015624,2.6518232822418213,0.8428731560707092,8.29069709777832,3.7899999618530273,6.800000190734863,203,851.2000122070312,77.5959036,12.994325
1766300107145857800,378.56085791015624,2.667818307876587,0.9159662127494812,8.30069637298584,3.7899999618530273,4.889999866485596,193,851.2000122070312,77.5958923,12.9942825
1766300108145857800,379.56085791015624,2.726236343383789,0.943295419216156,8.310696601867676,3.7899999618530273,2.9800000190734863,170,851.2000122070312,77.5958938,12.9942522
1766300109145858000,380.56085815429685,2.7739953994750977,0.9309884309768677,8.320696830749512,3.7899999618530273,2.4700000286102295,144,851.2000122070312,77.5959039,12.9942313
1766300110145857800,381.56085791015624,2.829526901245117,0.9470803141593933,8.330697059631348,3.7899999618530273,2.309999942779541,133,851.2000122070312,77.5959223,12.9942199
1766300111145857500,382.560857421875,2.891252040863037,0.9806571006774902,8.340696334838867,3.7899999618530273,2.890000104904175,98,851.2000122070312,77.5959463,12.9942082
1766300112145858000,383.56085815429685,2.9423744678497314,0.9577903151512146,8.350696563720703,3.7899999618530273,4.210000038146973,112,851.2000122070312,77.595982,12.9941978
1766300113145858300,384.5608583984375,2.8431310653686523,0.7974667549133301,8.360696792602539,3.7899999618530273,6.070000171661377,112,851.2000122070312,77.596036,12.9941832
1766300114145857800,385.56085791015624,2.1887521743774414,0.7886999249458313,8.370697021484375,3.7899999618530273,7.579999923706055,111,851.2000122070312,77.5961015,12.994162
1766300115145857800,386.56085791015624,1.8087525367736816,0.7791172862052917,8.380697250366211,3.7899999618530273,8.569999694824219,112,851.2000122070312,77.5961762,12.9941408
1766300116145857800,387.56085791015624,1.7016421556472778,0.7812903523445129,8.39069652557373,3.7899999618530273,9.069999694824219,113,851.2000122070312,77.5962548,12.9941094
1766300117145857800,388.56085791015624,1.652475118637085,0.8335583209991455,8.400696754455566,3.7899999618530273,8.859999656677246,113,851.2000122070312,77.5963309,12.9940802
1766300118145857800,389.56085791015624,1.5639349222183228,0.7618654370307922,8.410696983337402,3.7899999618530273,8.3100004196167,112,851.2000122070312,77.596405,12.9940531
1766300119145857800,390.56085791015624,1.5768920183181763,0.7838189601898193,8.420697212219238,3.7899999618530273,6.670000076293945,115,851.2000122070312,77.596463,12.9940297
1766300120145857500,391.560857421875,1.6418617963790894,0.8842850923538208,8.430696487426758,3.7899999618530273,5.659999847412109,124,851.2000122070312,77.596511,12.9940068
1766300121145857800,392.56085791015624,1.7105644941329956,0.8055169582366943,8.440696716308594,3.7899999618530273,4.71999979019165,126,851.2000122070312,77.5965449,12.9939818
1766300122145857800,393.56085791015624,1.7655483484268188,0.7938052415847778,8.45069694519043,3.7899999618530273,4.71999979019165,122,851.2000122070312,77.5965828,12.993958
1766300123145858300,394.5608583984375,1.8333325386047363,0.89399653673172,8.460697174072266,3.7899999618530273,5.159999847412109,124,851.2000122070312,77.5966244,12.993931
1766300124145858000,395.56085815429685,1.8923976421356201,0.8649537563323975,8.470696449279785,3.7899999618530273,5.329999923706055,129,851.2000122070312,77.5966624,12.9939038
1766300125145857800,396.56085791015624,1.9884575605392456,0.9099007248878479,8.480696678161621,3.7899999618530273,4.96999979019165,142,851.2000122070312,77.5966949,12.9938718
1766300126145857800,397.56085791015624,2.064901828765869,0.92461758852005,8.490696907043457,3.7899999618530273,5.630000114440918,132,851.2000122070312,77.5967296,12.9938341
1766300127145857500,398.560857421875,2.1320319175720215,0.8422035574913025,8.500697135925293,3.7899999618530273,5.710000038146973,138,851.2000122070312,77.5967627,12.993797
1766300128145857800,399.56085791015624,2.159965753555298,0.764728307723999,8.510696411132812,3.7899999618530273,5.78000020980835,138,851.2000122070312,77.5968003,12.9937595
1766300129145857500,400.560857421875,2.098876953125,0.8286036252975464,8.520696640014648,3.7899999618530273,6.409999847412109,138,851.2000122070312,77.5968403,12.9937163
1766300130145857800,401.56085791015624,1.9518027305603027,0.7898528575897217,8.530696868896484,3.7899999618530273,7.559999942779541,137,851.2000122070312,77.5968893,12.9936683
1766300131145857800,402.56085791015624,1.7446465492248535,0.7584429979324341,8.54069709777832,3.7899999618530273,8.670000076293945,138,851.2000122070312,77.5969441,12.9936098
1766300132145857800,403.56085791015624,1.4998477697372437,0.749608039855957,8.55069637298584,3.7899999618530273,9.170000076293945,136,851.2000122070312,77.5970033,12.9935501
1766300133145857500,404.560857421875,1.3313841819763184,0.7806212902069092,8.560696601867676,3.7899999618530273,10.079999923706055,133,851.2000122070312,77.59707,12.9934829
1766300134145857800,405.56085791015624,1.2207756042480469,0.7923229932785034,8.570696830749512,3.7899999618530273,10.779999732971191,131,851.2000122070312,77.5971429,12.9934153
1766300135145857800,406.56085791015624,1.1833361387252808,0.7638179659843445,8.580697059631348,3.7899999618530273,11.279999732971191,129,851.2000122070312,77.597225,12.9933506
1766300136145857800,407.56085791015624,1.2146666049957275,0.8440523147583008,8.590696334838867,3.7899999618530273,11.470000267028809,121,851.2000122070312,77.5973103,12.9932916
1766300137145857800,408.56085791015624,1.2200827598571777,0.7860812544822693,8.600696563720703,3.7899999618530273,11.59000015258789,117,851.2000122070312,77.5974026,12.9932406
1766300138145857800,409.56085791015624,1.1036734580993652,0.7935428619384766,8.610696792602539,3.7899999618530273,11.5,119,851.2000122070312,77.5974933,12.9931878
1766300139145858000,410.56085815429685,1.0577812194824219,0.7844048142433167,8.620697021484375,3.7899999618530273,11.3100004196167,122,851.2000122070312,77.5975801,12.9931315
1766300140145857500,411.560857421875,1.0319314002990723,0.8410458564758301,8.630697250366211,3.7899999618530273,10.970000267028809,118,851.2000122070312,77.5976646,12.993083
1766300141145857500,412.560857421875,1.0755773782730103,0.8581783771514893,8.64069652557373,3.7899999618530273,10.609999656677246,114,851.2000122070312,77.5977535,12.9930405
1766300142145857800,413.56085791015624,1.122001051902771,0.7846548557281494,8.650696754455566,3.7899999618530273,10.170000076293945,111,851.2000122070312,77.5978419,12.9930077
1766300143006000000,414.4210002441406,0,0,8.650696754455566,9.52400016784668,0,0,851.2000122070312,77.5978419,12.9930077
1766300143145857800,414.56085791015624,1.177393913269043,0.8301141262054443,8.660696983337402,9.52400016784668,8.989999771118164,112,851.2000122070312,77.5979191,12.9929801
1766300144145857800,415.56085791015624,1.2113054990768433,0.7974792718887329,8.670697212219238,8.704999923706055,7.53000020980835,112,851.2000122070312,77.5979829,12.9929534
1766300145145857300,416.56085717773436,1.2836679220199585,0.7881383299827576,8.680696487426758,8.704999923706055,6.550000190734863,104,851.2000122070312,77.59804,12.9929348
1766300146145857500,417.560857421875,1.346659541130066,0.942514955997467,8.690696716308594,9.52400016784668,5.989999771118164,98,851.2000122070312,77.598095,12.9929216
1766300147145858000,418.56085815429685,1.4387681484222412,0.9431464672088623,8.70069694519043,9.52400016784668,4.980000019073486,112,851.2000122070312,77.5981407,12.9929091
1766300148145857500,419.560857421875,1.5321345329284668,0.9396442770957947,8.710697174072266,3.7899999618530273,5.460000038146973,99,851.2000122070312,77.5981881,12.9928943
1766300149145857500,420.560857421875,1.612199068069458,0.800312876701355,8.720696449279785,3.7899999618530273,5.800000190734863,104,851.2000122070312,77.5982386,12.9928814
1766300150145857500,421.560857421875,1.7052558660507202,0.9010475873947144,8.730696678161621,3.7899999618530273,6.130000114440918,90,851.2000122070312,77.5982931,12.9928746
1766300151145857500,422.560857421875,1.7965476512908936,0.859316885471344,8.740696907043457,3.7899999618530273,5.269999980926514,93,851.2000122070312,77.598341,12.9928702
1766300152145857500,423.560857421875,1.8991131782531738,0.8877121210098267,8.750697135925293,3.7899999618530273,3.630000114440918,96,851.2000122070312,77.598373,12.9928669
1766300153145858000,424.56085815429685,2.0138182640075684,0.9823005795478821,8.760696411132812,3.7899999618530273,2.119999885559082,78,851.2000122070312,77.5983921,12.992866
1766300154145857500,425.560857421875,4.19273042678833,0.13725098967552185,6.675108909606934,3.7899999618530273,2.109999895095825,98,851.8999633789062,77.5984116,12.9928649
1766300155145857500,426.560857421875,1.9020363092422485,0.08205880224704742,6.685108661651611,3.7899999618530273,2.7699999809265137,114,851.8999633789062,77.5984348,12.9928563
1766300156145857500,427.560857421875,2.393094301223755,0.0889686569571495,6.695108890533447,3.7899999618530273,2.390000104904175,109,851.8999633789062,77.598457,12.99285
1766300157145858000,428.56085815429685,1.5246881246566772,0.06460774689912796,6.705108642578125,3.7899999618530273,2.7200000286102295,115,851.8999633789062,77.5984785,12.9928407
1766300158145857500,429.560857421875,0.7691985368728638,0.036732275038957596,6.715108871459961,3.7899999618530273,3.059999942779541,112,851.8999633789062,77.5985035,12.9928302
1766300159145857500,430.560857421875,0.7557917833328247,0.039369165897369385,6.725108623504639,3.7899999618530273,3.3399999141693115,103,851.8999633789062,77.5985322,12.992823
1766300160145857500,431.560857421875,9.935710906982422,0.5043452978134155,6.735108852386475,3.7899999618530273,3.2799999713897705,98,851.8999633789062,77.5985624,12.9928191
1766300161145857500,432.560857421875,9.5065336227417,1.0004879236221313,1.708742618560791,3.7899999618530273,3.369999885559082,92,851.7000122070312,77.598593,12.992816
1766300162145857800,433.56085791015624,6.498310089111328,0.9606035947799683,1.7187426090240479,3.7899999618530273,3.5799999237060547,110,851.7000122070312,77.5986248,12.9928099
1766300163145857800,434.56085791015624,10.276763916015625,1.1050899028778076,1.7287425994873047,3.7899999618530273,3.809999942779541,120,851.7000122070312,77.5986568,12.9927937
1766300164145857500,435.560857421875,14.560349464416504,1.4195126295089722,1.7387425899505615,3.7899999618530273,3.9600000381469727,126,851.7000122070312,77.598689,12.9927768
1766300165145857800,436.56085791015624,3.332165479660034,0.8921787738800049,1.7487425804138184,3.7899999618530273,4.050000190734863,111,851.7000122070312,77.5987255,12.9927659
1766300166145858300,437.5608583984375,4.208359241485596,1.1742002964019775,1.7587425708770752,3.7899999618530273,4.71999979019165,119,851.7000122070312,77.5987671,12.99275
1766300167145857800,438.56085791015624,4.883179664611816,0.8949376940727234,1.768742561340332,3.7899999618530273,5.860000133514404,111,851.7000122070312,77.5988312,12.9927468
1766300168145857800,439.56085791015624,5.070706844329834,0.9063003063201904,1.7787425518035889,3.7899999618530273,6.550000190734863,106,851.7000122070312,77.5988936,12.9927323
1766300169145857500,440.560857421875,4.994209289550781,0.9347944855690002,1.7887425422668457,3.7899999618530273,7.679999828338623,109,851.7000122070312,77.5989686,12.9927151
1766300170145857800,441.56085791015624,4.25588321685791,0.8803201913833618,1.798742651939392,3.7899999618530273,8.6899995803833,113,851.7000122070312,77.5990483,12.9926872
1766300171145857800,442.56085791015624,4.432011604309082,0.9871307015419006,1.808742642402649,3.7899999618530273,9.350000381469727,112,851.7000122070312,77.5991289,12.9926564
1766300172145857500,443.560857421875,4.246420860290527,0.9173857569694519,1.8187426328659058,3.7899999618530273,9.829999923706055,118,851.7000122070312,77.599213,12.992618
1766300173145857500,444.560857421875,3.323326826095581,0.8834399580955505,1.8287426233291626,3.7899999618530273,10.239999771118164,113,851.7000122070312,77.5992959,12.992576
1766300174145857500,445.560857421875,2.6983659267425537,0.8322522044181824,1.8387426137924194,3.7899999618530273,10.470000267028809,112,851.7000122070312,77.5993847,12.9925393
1766300175145857800,446.56085791015624,2.744889497756958,0.8237202763557434,1.8487426042556763,3.7899999618530273,10.640000343322754,110,851.7000122070312,77.5994759,12.9925022
1766300176145858000,447.56085815429685,2.2919416427612305,0.8281978964805603,1.858742594718933,3.7899999618530273,10.90999984741211,106,851.7000122070312,77.5995725,12.9924722
1766300177145857500,448.560857421875,2.189039945602417,0.8021119236946106,1.86874258518219,3.7899999618530273,10.880000114440918,106,851.7000122070312,77.5996674,12.9924447
1766300178145857800,449.56085791015624,2.3929224014282227,0.9462327361106873,1.8787425756454468,3.7899999618530273,10.520000457763672,108,851.7000122070312,77.599756,12.9924174
1766300179145857800,450.56085791015624,2.579024076461792,0.9842104911804199,1.8887425661087036,3.7899999618530273,10.185352325439453,106.1002197265625,851.7000122070312,77.5998467,12.9923882
1766300180145857800,451.56085791015624,2.7145073413848877,0.965028703212738,1.8987425565719604,3.7899999618530273,8.300881385803223,103.68888854980469,851.7000122070312,77.5999187,12.9923677
1766300181145857500,452.560857421875,2.8208227157592773,0.9679602384567261,1.9087425470352173,3.7899999618530273,7.667935371398926,109.29390716552734,851.7000122070312,77.5999843,12.9923495
1766300182145857500,453.560857421875,3.0136594772338867,1.1518044471740723,3.1954305171966553,3.7899999618530273,6.650386810302734,113.74969482421875,850.8999633789062,77.600038,12.9923256
1766300183145857800,454.56085791015624,3.107445001602173,0.910854697227478,3.205430507659912,3.7899999618530273,6.324995994567871,116.63116455078125,850.8999633789062,77.6000865,12.9922989
1766300184145857800,455.56085791015624,3.2558493614196777,0.9340769052505493,3.215430736541748,3.7899999618530273,5.108938217163086,132.50987243652344,850.8999633789062,77.6001225,12.9922663
1766300185145857800,456.56085791015624,3.447866916656494,0.9707230925559998,3.225430727005005,3.7899999618530273,3.959918260574341,159.4104766845703,850.8999633789062,77.6001413,12.9922288
1766300186145857800,457.56085791015624,3.604553699493408,0.8762359619140625,3.2354307174682617,3.7899999618530273,3.6185648441314697,179.6732177734375,850.8999633789062,77.6001392,12.9921937
1766300187145857500,458.560857421875,3.7654428482055664,0.9337177872657776,3.2454307079315186,3.7899999618530273,4.161483287811279,196.22459411621094,850.8999633789062,77.6001245,12.9921528
1766300188145857500,459.560857421875,3.827634572982788,0.9361249208450317,3.2554306983947754,3.7899999618530273,5.242824077606201,210.19871520996094,850.8999633789062,77.6000963,12.9921061
1766300189145857500,460.560857421875,9.24559211730957,0.9539235234260559,3.48738694190979,3.7899999618530273,5.946411609649658,212.40658569335938,850.8999633789062,77.6000592,12.9920562
1766300190145857800,461.56085791015624,2.747936725616455,0.859163761138916,3.497386932373047,3.7899999618530273,6.896430015563965,209.60690307617188,850.8999633789062,77.6000235,12.9919982
1766300191145857500,462.560857421875,2.70841121673584,0.8205348253250122,3.5073869228363037,3.7899999618530273,7.109638690948486,202.13998413085938,850.8999633789062,77.5999953,12.9919354
1766300192145857800,463.56085791015624,2.442713975906372,0.845513641834259,3.5173869132995605,3.7899999618530273,7.612027645111084,200.8023223876953,850.8999633789062,77.5999695,12.9918668
1766300193145857800,464.56085791015624,2.1814186573028564,0.7996315956115723,3.5273869037628174,3.7899999618530273,7.958698749542236,201.97723388671875,850.8999633789062,77.5999424,12.9917965
1766300194145857300,465.56085717773436,1.9543591737747192,0.7677887678146362,3.537386894226074,3.7899999618530273,8.081782341003418,203.66639709472656,850.8999633789062,77.5999112,12.9917248
1766300195145857500,466.560857421875,1.994104027748108,0.8893823623657227,3.547386884689331,3.7899999618530273,8.27491283416748,200.95484924316406,850.8999633789062,77.5998803,12.9916524
1766300196145857800,467.56085791015624,1.9502149820327759,0.909555196762085,3.557386875152588,3.7899999618530273,8.34272289276123,193.4435577392578,850.8999633789062,77.5998583,12.9915779
1766300197145857500,468.560857421875,1.8307496309280396,0.7814871668815613,3.5673868656158447,3.7899999618530273,9.224371910095215,193.4284210205078,850.8999633789062,77.5998389,12.9914922
1766300198145857800,469.56085791015624,1.4907863140106201,0.8113319277763367,3.5773868560791016,3.7899999618530273,10.097185134887695,195.24285888671875,850.8999633789062,77.5998125,12.9913996
1766300199145858300,470.5608583984375,1.3479326963424683,0.7986302375793457,3.5873868465423584,3.7899999618530273,10.449667930603027,195.21246337890625,850.8999633789062,77.599786,12.9913047
1766300200145857800,471.56085791015624,1.3148757219314575,0.7939652800559998,3.5973868370056152,3.7899999618530273,10.202336311340332,191.3633575439453,850.8999633789062,77.599763,12.9912142
1766300201145858000,472.56085815429685,1.349450707435608,0.8471595048904419,3.607386827468872,3.7899999618530273,10.05095100402832,190.96337890625,850.8999633789062,77.5997438,12.9911257
1766300202145857800,473.56085791015624,1.383774757385254,0.8276315927505493,3.617386817932129,3.7899999618530273,9.675287246704102,185.40142822265625,850.8999633789062,77.5997316,12.9910408
1766300203145857500,474.560857421875,1.4608415365219116,1.0566335916519165,3.6273868083953857,3.7899999618530273,9.646488189697266,185.92462158203125,850.8999633789062,77.5997249,12.9909552
1766300204145857500,475.560857421875,1.5255781412124634,0.9330977201461792,3.6373867988586426,3.7899999618530273,9.8289155960083,190.43038940429688,850.8999633789062,77.5997118,12.9908688
1766300205145857800,476.56085791015624,1.4392585754394531,0.8374571204185486,3.6473867893218994,3.7899999618530273,9.328789710998535,192.4010772705078,850.8999633789062,77.5996875,12.9907893
1766300206145857500,477.560857421875,1.488176703453064,0.935200035572052,3.6573867797851562,3.7899999618530273,9.382429122924805,192.95150756835938,850.8999633789062,77.5996667,12.9907068
1766300207145857800,478.56085791015624,1.4239420890808105,0.8044478893280029,3.667386770248413,3.7899999618530273,9.813307762145996,197.4515380859375,850.8999633789062,77.5996396,12.9906184
1766300208145857800,479.56085791015624,6.668736457824707,0.9679588675498962,3.898083448410034,3.7899999618530273,9.573534965515137,198.9466094970703,846.7999877929688,77.5996081,12.9905365
1766300209145857800,480.56085791015624,1.4241563081741333,0.8317962884902954,3.908083438873291,3.7899999618530273,9.842497825622559,205.71702575683594,846.7999877929688,77.5995698,12.9904571
1766300210145857800,481.56085791015624,1.4219779968261719,0.8469340801239014,3.918083429336548,3.7899999618530273,10.065184593200684,203.70877075195312,846.7999877929688,77.5995297,12.9903745
1766300211145858000,482.56085815429685,1.429702877998352,0.8816874027252197,3.9280834197998047,3.7899999618530273,10.253106117248535,200.86097717285156,846.7999877929688,77.5994927,12.9902822
1766300212145857800,483.56085791015624,1.438141942024231,0.815667986869812,3.9380834102630615,3.7899999618530273,10.469770431518555,195.9884490966797,846.7999877929688,77.5994636,12.9901874
1766300213145857800,484.56085791015624,1.4114251136779785,0.8101306557655334,3.9480834007263184,3.7899999618530273,10.717352867126465,195.26942443847656,846.7999877929688,77.5994383,12.9900924
1766300214145858000,485.56085815429685,1.3158137798309326,0.7876706719398499,3.958083391189575,3.7899999618530273,10.938125610351562,196.0017547607422,846.7999877929688,77.5994096,12.9899978
1766300215145857500,486.560857421875,1.2126152515411377,0.8228115439414978,3.968083381652832,3.7899999618530273,11.207243919372559,196.1475830078125,846.7999877929688,77.5993785,12.9899006
1766300216145858000,487.56085815429685,1.1914708614349365,0.7909881472587585,3.978083372116089,3.7899999618530273,11.338480949401855,197.7766876220703,846.7999877929688,77.5993458,12.9898021
1766300217145857800,488.56085791015624,1.2327286005020142,0.8185927271842957,3.988083600997925,3.7899999618530273,11.12911319732666,197.0082550048828,846.7999877929688,77.599314,12.9897061
1766300218145857500,489.560857421875,1.166671633720398,0.8591822385787964,3.9980835914611816,3.7899999618530273,10.35451602935791,197.29737854003906,846.7999877929688,77.5992863,12.9896196
1766300219145857800,490.56085791015624,1.2274771928787231,0.9127776622772217,4.008083343505859,3.7899999618530273,9.988465309143066,198.39381408691406,846.7999877929688,77.5992582,12.9895363
1766300220145857800,491.56085791015624,1.2105162143707275,0.7831218242645264,4.018083572387695,3.7899999618530273,10.47602367401123,198.3044891357422,846.7999877929688,77.5992291,12.9894455
1766300221145857800,492.56085791015624,1.1392430067062378,0.7963671684265137,4.028083324432373,3.7899999618530273,11.215919494628906,198.43414306640625,846.7999877929688,77.5991963,12.9893458
1766300222145857800,493.56085791015624,1.0935138463974,0.7701468467712402,4.038083553314209,3.7899999618530273,11.40803050994873,197.2928466796875,846.7999877929688,77.5991649,12.9892457
1766300223145857800,494.56085791015624,1.156602382659912,0.8080653548240662,4.048083305358887,3.7899999618530273,11.556783676147461,198.79107666015625,846.7999877929688,77.5991296,12.9891458
1766300224145857800,495.56085791015624,1.160349726676941,0.8170927166938782,4.058083534240723,3.7899999618530273,11.569520950317383,198.96823120117188,846.7999877929688,77.5990966,12.9890454
1766300225145857500,496.560857421875,0.9875839948654175,0.7625874280929565,4.0680832862854,3.7899999618530273,11.556532859802246,198.12774658203125,846.7999877929688,77.5990615,12.9889457
1766300226145857500,497.560857421875,0.9878700971603394,0.7842352390289307,4.078083515167236,3.7899999618530273,11.583748817443848,200.52960205078125,846.7999877929688,77.5990246,12.9888465
1766300227145857800,498.56085791015624,0.9860466718673706,0.7560946345329285,4.088083267211914,3.7899999618530273,11.504512786865234,199.1846160888672,846.7999877929688,77.5989876,12.9887472
1766300228145857800,499.56085791015624,0.8773699402809143,0.7437249422073364,4.09808349609375,3.7899999618530273,11.498571395874023,199.0229949951172,846.7999877929688,77.5989523,12.9886498
1766300229145857800,500.56085791015624,0.8392093181610107,0.7495988607406616,4.108083248138428,3.7899999618530273,11.486310958862305,199.85025024414062,846.7999877929688,77.5989168,12.9885515
1766300230145857800,501.56085791015624,0.899683952331543,0.8502014875411987,4.118083477020264,3.7899999618530273,11.47169303894043,199.9651336669922,846.7999877929688,77.5988796,12.9884553
1766300231145857800,502.56085791015624,0.9265880584716797,0.8081936240196228,4.1280837059021,3.7899999618530273,11.47256851196289,198.28843688964844,846.7999877929688,77.5988448,12.9883567
1766300232145857500,503.560857421875,0.9813076853752136,1.223351001739502,4.138083457946777,3.7899999618530273,11.4315824508667,198.029052734375,846.7999877929688,77.598811,12.9882598
1766300233145857800,504.56085791015624,1.0409016609191895,0.8974552750587463,4.148083686828613,3.7899999618530273,11.417136192321777,197.9966583251953,846.7999877929688,77.5987783,12.9881621
1766300234145857800,505.56085791015624,1.0168970823287964,0.759905993938446,4.158083438873291,3.7899999618530273,11.461207389831543,199.72540283203125,846.7999877929688,77.5987448,12.9880684
1766300235145857800,506.56085791015624,1.0742168426513672,0.956100344657898,4.168083667755127,3.7899999618530273,11.114702224731445,198.8743438720703,846.7999877929688,77.5987086,12.9879764
1766300236145857800,507.56085791015624,1.1508218050003052,1.0174120664596558,4.178083419799805,3.7899999618530273,11.177266120910645,199.02293395996094,846.7999877929688,77.5986739,12.9878811
1766300237145857800,508.56085791015624,1.0525280237197876,0.7798681855201721,4.188083648681641,3.7899999618530273,11.389198303222656,199.0968780517578,846.7999877929688,77.5986417,12.9877833
1766300238145857800,509.56085791015624,1.0161809921264648,0.8200669884681702,4.198083400726318,3.7899999618530273,11.489707946777344,201.51593017578125,846.7999877929688,77.5986045,12.987684
1766300239145858000,510.56085815429685,1.024994969367981,0.7959690690040588,4.208083629608154,3.7899999618530273,11.455511093139648,201.06959533691406,846.7999877929688,77.5985668,12.9875873
1766300240145857800,511.56085791015624,0.9906205534934998,0.8455430269241333,4.218083381652832,3.7899999618530273,11.425680160522461,200.99256896972656,846.7999877929688,77.5985289,12.98749
1766300241145857800,512.5608579101563,1.0138899087905884,0.786208987236023,4.228083610534668,3.7899999618530273,11.387590408325195,200.1386260986328,846.7999877929688,77.59849,12.9873926
1766300242145857800,513.5608579101563,1.0766347646713257,0.801118016242981,4.238083362579346,3.7899999618530273,11.407965660095215,200.03298950195312,846.7999877929688,77.598453,12.9872946
1766300243145857800,514.5608579101563,1.0418702363967896,0.8061367869377136,4.248083591461182,3.7899999618530273,11.386907577514648,197.43345642089844,846.7999877929688,77.5984181,12.9871962
1766300244145857800,515.5608579101563,1.0487689971923828,0.8826504945755005,4.258083343505859,3.7899999618530273,11.432083129882812,198.74612426757812,846.7999877929688,77.5983848,12.9870974
1766300245145857800,516.5608579101563,1.0469508171081543,0.8102731704711914,4.268083572387695,3.7899999618530273,11.453408241271973,200.62083435058594,846.7999877929688,77.5983471,12.9870004
1766300246145857800,517.5608579101563,1.0675768852233887,0.7990909218788147,4.278083324432373,3.7899999618530273,11.172018051147461,201.59231567382812,846.7999877929688,77.5983099,12.9869074
1766300247145857800,518.5608579101563,1.1494688987731934,0.9244980812072754,4.288083553314209,3.7899999618530273,11.29067325592041,202.75624084472656,846.7999877929688,77.598271,12.9868139
1766300248145857800,519.5608579101563,1.14100980758667,0.8726500868797302,4.298083305358887,3.7899999618530273,11.313455581665039,202.96261596679688,846.7999877929688,77.5982296,12.9867201
1766300249145857800,520.5608579101563,1.1819802522659302,0.9916501045227051,4.308083534240723,3.7899999618530273,10.525766372680664,202.7536163330078,846.7999877929688,77.59819,12.9866331
1766300250145857800,521.5608579101563,6.186420440673828,1.0692110061645508,2.02693510055542,3.7899999618530273,11.032140731811523,201.39697265625,844.7999877929688,77.598155,12.9865399
1766300251145857800,522.5608579101563,1.237230658531189,1.0216883420944214,2.0369350910186768,3.7899999618530273,11.355545997619629,199.20486450195312,844.7999877929688,77.5981208,12.9864373
1766300252145857800,523.5608579101563,1.277769684791565,0.8594415187835693,2.0469350814819336,3.7899999618530273,11.265618324279785,201.8128662109375,844.7999877929688,77.5980834,12.9863343
1766300253145858300,524.5608583984375,1.2967880964279175,0.8927975296974182,2.0569350719451904,3.7899999618530273,11.147429466247559,202.89674377441406,844.7999877929688,77.5980437,12.9862429
1766300254145857800,525.5608579101563,1.2724895477294922,0.8352845907211304,2.0669350624084473,3.7899999618530273,11.246748924255371,203.01358032226562,844.7999877929688,77.5980016,12.9861509
1766300255145857800,526.5608579101563,1.2720773220062256,1.1090221405029297,2.076935052871704,3.7899999618530273,11.400102615356445,204.84912109375,844.7999877929688,77.5979572,12.9860552
1766300256145857500,527.560857421875,1.3372650146484375,0.9812155365943909,2.086935043334961,3.7899999618530273,11.40927505493164,202.20741271972656,844.7999877929688,77.5979156,12.9859602
1766300257145857500,528.560857421875,1.328756332397461,0.8757336139678955,2.0969350337982178,3.7899999618530273,11.388824462890625,202.01296997070312,844.7999877929688,77.59788,12.98587
1766300258145857800,529.5608579101563,1.3317852020263672,1.0278154611587524,2.1069350242614746,3.7899999618530273,10.941977500915527,201.86976623535156,844.7999877929688,77.5978435,12.9857795
1766300259145857800,530.5608579101563,1.3363707065582275,0.9784280061721802,2.1169350147247314,3.7899999618530273,10.866418838500977,201.96878051757812,844.7999877929688,77.5978044,12.9856865
1766300260145857800,531.5608579101563,1.3277509212493896,0.8422839045524597,2.1269350051879883,3.7899999618530273,10.679884910583496,201.0155029296875,844.7999877929688,77.5977698,12.9855954
1766300261145857800,532.5608579101563,1.2508747577667236,0.9488743543624878,2.136934995651245,3.7899999618530273,10.577107429504395,202.82806396484375,844.7999877929688,77.5977336,12.9855032
1766300262145857300,533.5608571777344,1.288278341293335,0.8456448316574097,2.146934986114502,3.7899999618530273,10.54432201385498,203.91697692871094,844.7999877929688,77.5976918,12.9854112
1766300263145857800,534.5608579101563,1.3191423416137695,0.9631364941596985,2.156934976577759,3.7899999618530273,9.862730026245117,203.79066467285156,844.7999877929688,77.5976541,12.9853272
1766300264145858000,535.5608581542969,1.3847973346710205,0.9773429036140442,2.1669352054595947,3.7899999618530273,8.972804069519043,202.77362060546875,844.7999877929688,77.5976209,12.9852522
1766300265145857800,536.5608579101563,1.3855401277542114,0.9583256244659424,2.1769351959228516,3.802000045776367,7.865124702453613,197.88922119140625,844.7999877929688,77.5976,12.985188
1766300266145857800,537.5608579101563,1.3815300464630127,0.8225252628326416,2.1869351863861084,3.802000045776367,6.550698280334473,196.6337127685547,844.7999877929688,77.5975823,12.9851342
1766300267145857800,538.5608579101563,1.4500136375427246,0.9514101147651672,2.1969351768493652,3.803999900817871,5.756713390350342,203.0575408935547,844.7999877929688,77.5975633,12.9850919
1766300268145857800,539.5608579101563,1.4767234325408936,0.8230160474777222,2.206935167312622,3.802000045776367,5.3259453773498535,203.77978515625,844.7999877929688,77.5975417,12.9850509
1766300269145857800,540.5608579101563,1.5228477716445923,0.9562898278236389,2.216935157775879,3.802000045776367,5.505049705505371,200.30674743652344,844.7999877929688,77.5975231,12.985005
1766300270145858000,541.5608581542969,1.5750885009765625,0.7820314168930054,3.5557403564453125,3.7899999618530273,6.026108741760254,204.93612670898438,845.0999755859375,77.5974997,12.9849527
1766300271145857500,542.560857421875,1.5929985046386719,0.7990602850914001,3.5657403469085693,3.7899999618530273,6.440558433532715,205.12611389160156,845.0999755859375,77.5974737,12.9848971
1766300272145857500,543.560857421875,1.5905770063400269,0.7871804237365723,3.575740337371826,3.7899999618530273,6.375070571899414,206.86541748046875,845.0999755859375,77.5974451,12.984842
1766300273145857800,544.5608579101563,1.5918444395065308,0.7812203168869019,3.585740327835083,3.7899999618530273,6.455617427825928,207.95269775390625,845.0999755859375,77.597416,12.9847885
1766300274145857800,545.5608579101563,1.6705788373947144,0.9381399154663086,3.59574031829834,3.7899999618530273,5.968628406524658,204.06149291992188,845.0999755859375,77.59739,12.9847373
1766300275145857800,546.5608579101563,1.701850414276123,0.8141947984695435,3.6057403087615967,3.7899999618530273,5.081826686859131,205.51516723632812,845.0999755859375,77.5973716,12.9846938
1766300276145857800,547.5608579101563,1.7948025465011597,0.9543563723564148,3.6157402992248535,3.7899999618530273,4.14813756942749,206.21542358398438,845.0999755859375,77.5973545,12.9846598
1766300277145857800,548.5608579101563,1.8873640298843384,0.9478310346603394,3.6257402896881104,3.7899999618530273,4.136714935302734,207.5556640625,845.0999755859375,77.5973359,12.9846271
1766300278145857500,549.560857421875,1.9388844966888428,0.7804553508758545,3.1363017559051514,3.7899999618530273,5.024260520935059,203.73802185058594,847.8999633789062,77.5973169,12.9845825
1766300279145857800,550.5608579101563,1.848146677017212,0.8725788593292236,3.146301746368408,3.7899999618530273,5.853257179260254,203.33180236816406,847.8999633789062,77.5972949,12.9845277
1766300280145857500,551.560857421875,1.885218858718872,0.8425244092941284,3.156301736831665,3.7899999618530273,6.895920753479004,207.03736877441406,847.8999633789062,77.5972673,12.9844651
1766300281145857800,552.5608579101563,1.876451849937439,0.7864354848861694,3.166301727294922,3.7899999618530273,7.806325912475586,201.785888671875,847.8999633789062,77.5972391,12.9843938
1766300282145857500,553.560857421875,1.8758666515350342,0.8522375226020813,3.1763017177581787,3.7899999618530273,8.343024253845215,191.868896484375,847.8999633789062,77.5972162,12.9843166
1766300283145857500,554.560857421875,1.912835717201233,0.9092161059379578,3.1863017082214355,3.7899999618530273,8.721200942993164,190.47976684570312,847.8999633789062,77.5972006,12.9842365
1766300284145858000,555.5608581542969,1.9225091934204102,0.8464870452880859,3.1963016986846924,3.7899999618530273,9.317536354064941,184.91456604003906,847.8999633789062,77.5971923,12.9841501
1766300285145857800,556.5608579101563,1.7986308336257935,0.8186028003692627,3.206301689147949,3.7899999618530273,9.89116096496582,186.8920135498047,847.8999633789062,77.5971804,12.9840582
1766300286145857500,557.560857421875,1.7948012351989746,0.8183300495147705,3.216301679611206,3.7899999618530273,10.116607666015625,185.28778076171875,847.8999633789062,77.59717,12.9839655
1766300287145857500,558.560857421875,1.58177649974823,0.8526439070701599,3.226301670074463,3.7899999618530273,10.274694442749023,184.16590881347656,847.8999633789062,77.5971617,12.9838715
1766300288145857800,559.5608579101563,1.4925283193588257,0.8018310070037842,3.2363016605377197,3.7899999618530273,10.280972480773926,183.1107635498047,847.8999633789062,77.597153,12.9837784
1766300289145857300,560.5608571777344,1.4614903926849365,0.7711790800094604,3.2463016510009766,3.7899999618530273,10.000905990600586,185.65811157226562,847.8999633789062,77.5971433,12.9836889
1766300290145857500,561.560857421875,1.4515193700790405,0.814879298210144,3.2563016414642334,3.7899999618530273,9.774003982543945,180.45384216308594,847.8999633789062,77.5971363,12.9836028
1766300291145857500,562.560857421875,1.3943426609039307,0.823170006275177,3.2663016319274902,3.7899999618530273,9.583921432495117,181.8657684326172,847.8999633789062,77.5971338,12.9835175
1766300292145857500,563.560857421875,1.407869577407837,0.8275880813598633,3.276301860809326,3.7899999618530273,9.213683128356934,178.31097412109375,847.8999633789062,77.5971325,12.9834375
1766300293145857500,564.560857421875,1.3919998407363892,0.7663637399673462,3.286301851272583,3.7899999618530273,8.831347465515137,177.14410400390625,847.8999633789062,77.5971359,12.9833604
1766300294145857800,565.5608579101563,1.436037302017212,1.0259630680084229,3.29630184173584,3.7899999618530273,8.538454055786133,175.3089141845703,847.8999633789062,77.5971415,12.9832871
1766300295145857800,566.5608579101563,1.4849438667297363,1.062503695487976,3.3063018321990967,3.7899999618530273,7.886775970458984,172.81358337402344,847.8999633789062,77.5971467,12.9832239
1766300296145857500,567.560857421875,1.5377016067504883,1.210179328918457,3.3163018226623535,3.7899999618530273,7.303514003753662,166.72828674316406,847.8999633789062,77.5971546,12.9831688
1766300297145857800,568.5608579101563,1.6116169691085815,1.0399495363235474,3.3263018131256104,3.7899999618530273,6.378658294677734,176.82229614257812,847.8999633789062,77.5971573,12.9831208
1766300298145857500,569.560857421875,1.6750880479812622,1.0983846187591553,3.336301803588867,3.805000066757202,5.730964660644531,178.14952087402344,847.8999633789062,77.5971578,12.9830788
1766300299145857300,570.5608571777344,1.7619041204452515,1.2460565567016602,3.346301794052124,3.938999891281128,4.971454620361328,190.6097869873047,847.8999633789062,77.5971544,12.983046
1766300300145857500,571.560857421875,1.8440665006637573,1.0382630825042725,3.356301784515381,3.950000047683716,4.622509002685547,184.0810089111328,847.8999633789062,77.5971436,12.983018
1766300301145857500,572.560857421875,1.9187631607055664,0.9070091247558594,3.3663017749786377,3.9830000400543213,5.215936183929443,183.2478790283203,847.8999633789062,77.5971363,12.9829707
1766300302145857500,573.560857421875,2.0212061405181885,1.2347469329833984,3.3763017654418945,4.072999954223633,5.40728235244751,172.73785400390625,847.8999633789062,77.5971375,12.9829212
1766300303145857800,574.5608579101563,2.101302146911621,1.3834401369094849,3.3863017559051514,4.314000129699707,5.9767374992370605,176.31671142578125,847.8999633789062,77.5971417,12.9828513
1766300304145857800,575.5608579101563,2.1359987258911133,0.7982264161109924,3.396301746368408,4.184000015258789,5.775769233703613,174.24180603027344,847.8999633789062,77.5971494,12.982799
1766300305145858000,576.5608581542969,2.125852108001709,0.8860247135162354,3.406301736831665,4.210999965667725,5.954488754272461,172.07765197753906,847.8999633789062,77.5971574,12.9827431
1766300306145857500,577.560857421875,2.135132312774658,0.8650906682014465,3.416301727294922,4.158999919891357,6.377695083618164,176.49794006347656,847.8999633789062,77.5971632,12.9826834
1766300307145857800,578.5608579101563,2.095855712890625,0.7929811477661133,3.4263017177581787,4.085999965667725,6.719388484954834,180.6638641357422,847.8999633789062,77.5971633,12.98262
1766300308145858000,579.5608581542969,1.9745688438415527,0.7821456789970398,3.4363017082214355,3.882999897003174,6.917332172393799,181.924072265625,847.8999633789062,77.5971613,12.9825565
1766300309145857800,580.5608579101563,1.888847827911377,0.8219932913780212,3.4463016986846924,3.867000102996826,7.232983112335205,181.09368896484375,847.8999633789062,77.5971575,12.9824906
1766300310145857800,581.5608579101563,1.8932693004608154,0.8837873935699463,3.456301689147949,3.8410000801086426,7.51499080657959,181.96823120117188,847.8999633789062,77.5971531,12.9824219
1766300311145857500,582.560857421875,1.8762459754943848,0.8350633978843689,3.466301679611206,3.7899999618530273,7.85696268081665,184.8177032470703,847.8999633789062,77.5971463,12.9823506
1766300312145857500,583.560857421875,1.677398920059204,0.8097308278083801,3.476301670074463,3.7899999618530273,8.30733585357666,186.9697265625,847.8999633789062,77.5971361,12.9822752
1766300313145858000,584.5608581542969,1.5824722051620483,0.8319590091705322,3.4863016605377197,3.7899999618530273,8.671662330627441,185.27374267578125,847.8999633789062,77.5971262,12.9821946
1766300314145857500,585.560857421875,1.563995599746704,0.8152024149894714,3.4963016510009766,3.7899999618530273,8.566333770751953,181.306396484375,847.8999633789062,77.5971222,12.9821165
1766300315145857500,586.560857421875,1.5897265672683716,0.8314384818077087,3.5063016414642334,3.7899999618530273,8.75777530670166,181.9666290283203,847.8999633789062,77.5971199,12.9820367
1766300316145857800,587.5608579101563,1.5107412338256836,0.8409271836280823,3.5163018703460693,3.7899999618530273,8.808393478393555,179.2114715576172,847.8999633789062,77.5971153,12.981953
1766300317145857800,588.5608579101563,1.4748797416687012,0.7909935712814331,3.526301860809326,3.7899999618530273,8.849847793579102,181.80653381347656,847.8999633789062,77.5971129,12.9818707
1766300318145857800,589.5608579101563,1.3945982456207275,0.8375474214553833,3.536301851272583,3.7899999618530273,9.297439575195312,182.99085998535156,847.8999633789062,77.5971079,12.9817846
1766300319145857500,590.560857421875,1.3664982318878174,0.8213469982147217,3.54630184173584,3.7899999618530273,9.922798156738281,178.31741333007812,847.8999633789062,77.5971044,12.9816907
1766300320145857500,591.560857421875,1.2805434465408325,0.7676300406455994,3.849297046661377,3.7899999618530273,9.830460548400879,176.17794799804688,852.2000122070312,77.5971107,12.9816009
1766300321145857800,592.5608579101563,1.2215420007705688,0.7678251266479492,3.859297037124634,3.7899999618530273,9.05167293548584,176.17800903320312,852.2000122070312,77.597117,12.9815223
1766300322145857800,593.5608579101563,1.2975797653198242,0.9227381944656372,3.8692970275878906,3.7899999618530273,8.354674339294434,166.5325469970703,852.2000122070312,77.5971313,12.9814546
1766300323145857800,594.5608579101563,1.3481155633926392,0.8074489831924438,3.8792970180511475,3.7899999618530273,7.909002304077148,165.50758361816406,852.2000122070312,77.5971531,12.9813884
1766300324145857500,595.560857421875,1.4014350175857544,0.790496826171875,3.8892970085144043,3.7899999618530273,7.210782527923584,167.37213134765625,852.2000122070312,77.597171,12.9813285
1766300325145857800,596.5608579101563,1.4496890306472778,0.7729573249816895,3.899296998977661,3.7899999618530273,5.769589424133301,165.96633911132812,852.2000122070312,77.5971838,12.9812834
1766300326145857500,597.560857421875,1.5394117832183838,0.9439579248428345,3.909296989440918,3.7899999618530273,4.231218338012695,171.50271606445312,852.2000122070312,77.597192,12.9812569
1766300327145857500,598.560857421875,1.63007390499115,0.886627197265625,3.919296979904175,3.7899999618530273,2.817803382873535,165.022216796875,852.2000122070312,77.5971975,12.9812431
1766300328145857500,599.560857421875,1.7252737283706665,0.860498309135437,3.9292969703674316,3.7899999618530273,1.6607306003570557,163.6782989501953,852.2000122070312,77.597203,12.9812375
1766300329145857500,600.560857421875,67.46458435058594,1.005441427230835,3.764695405960083,3.7899999618530273,1.144861102104187,163.98382568359375,850.2000122070312,77.5972052,12.9812337
1766300330145857500,601.560857421875,5.046761989593506,0.9285470247268677,3.77469539642334,3.7899999618530273,0.6955673694610596,168.716552734375,850.2000122070312,77.5972043,12.9812313
1766300331145857500,602.560857421875,45,0.06970354169607162,3.7846953868865967,3.7899999618530273,0.6854007840156555,168.54364013671875,850.2000122070312,77.5972056,12.9812303
1766300332145857500,603.560857421875,45,0.0703752264380455,3.7946953773498535,3.7899999618530273,0.6674532890319824,167.93626403808594,850.2000122070312,77.5972081,12.9812283
1766300333145857500,604.560857421875,45,0.07069531083106995,3.8046953678131104,3.7899999618530273,0.6352788209915161,167.47415161132812,850.2000122070312,77.5972091,12.9812268
1766300334145857800,605.5608579101563,45,0.07069284468889236,3.814695358276367,3.7899999618530273,0.5868397355079651,167.37649536132812,850.2000122070312,77.5972092,12.9812261
1766300335145857500,606.560857421875,45,0.0706944540143013,3.824695348739624,3.7899999618530273,0.5252629518508911,167.58236694335938,850.2000122070312,77.5972089,12.9812261
1766300336145857500,607.560857421875,45,0.07069523632526398,3.834695339202881,3.7899999618530273,0.4643542170524597,168.0286407470703,850.2000122070312,77.5972086,12.9812259
1766300337145857500,608.560857421875,45,0.07069433480501175,15.916223526000977,3.7899999618530273,0.4040442407131195,168.17625427246094,850.2000122070312,77.5972084,12.981226
1766300338145857500,609.560857421875,45,0.07069550454616547,15.926223754882812,3.7899999618530273,0.3480300307273865,168.2337646484375,850.2000122070312,77.5972084,12.981226
1766300339145857300,610.5608571777344,45,0.07069744914770126,15.936223983764648,3.7899999618530273,0.2948053479194641,167.70457458496094,850.2000122070312,77.5972085,12.9812263
1766300340145857500,611.560857421875,45,0.07069595158100128,15.946224212646484,3.7899999618530273,0.24401943385601044,166.3841552734375,850.2000122070312,77.5972087,12.9812269
1766300341145857500,612.560857421875,45,0.07069534063339233,15.956223487854004,3.7899999618530273,0.20153969526290894,164.6475372314453,850.2000122070312,77.597209,12.9812274
1766300342145857500,613.560857421875,45,0.07069490104913712,15.96622371673584,3.7899999618530273,0.16813994944095612,160.05909729003906,850.2000122070312,77.5972097,12.9812278
1766300343145857500,614.560857421875,45,0.07069527357816696,15.976223945617676,3.7899999618530273,0.1407499760389328,157.33938598632812,850.2000122070312,77.5972101,12.9812281
1766300344145857800,615.5608579101563,45,0.07069750875234604,15.986224174499512,3.7899999618530273,0.11797445267438889,156.40179443359375,850.2000122070312,77.5972101,12.9812282
1766300345145857500,616.560857421875,45,0.0706949234008789,11.361916542053223,3.7899999618530273,0.10513288527727127,156.42587280273438,867.2999877929688,77.59721,12.9812285
1766300346145857500,617.560857421875,0,0.07069521397352219,11.371916770935059,3.7899999618530273,0.04415499046444893,0,867.2999877929688,77.5972099,12.9812286
1766300347145857500,618.560857421875,0,0.07069738954305649,11.381916999816895,3.7899999618530273,0.019419586285948753,0,867.2999877929688,77.5972099,12.9812286
1766300348145857500,619.560857421875,0,0.07069649547338486,11.391916275024414,3.7899999618530273,0.0068511804565787315,0,867.2999877929688,77.5972099,12.9812286
1766300349145857800,620.5608579101563,0,0.07069544494152069,11.40191650390625,3.7899999618530273,0.002191938227042556,0,867.2999877929688,77.5972099,12.9812286
1766300350145857800,621.5608579101563,0,0.07069452852010727,11.411916732788086,3.7899999618530273,0.0006622069631703198,0,867.2999877929688,77.5972099,12.9812286
1766300351145857500,622.560857421875,0,0.07069642841815948,4.11669921875,3.7899999618530273,0.0060938820242881775,0,849.7999877929688,77.5972098,12.9812286
1766300352145857500,623.560857421875,0,0.07069617509841919,4.126698970794678,3.7899999618530273,0.00303454021923244,0,849.7999877929688,77.5972098,12.9812286
1766300353145857500,624.560857421875,0,0.07069667428731918,4.136699199676514,3.7899999618530273,0.004994561430066824,0,849.7999877929688,77.5972099,12.9812286
1766300354145857500,625.560857421875,0,0.07069629430770874,4.146698951721191,3.7899999618530273,0.0026710955426096916,0,849.7999877929688,77.5972099,12.9812286
1766300355145857300,626.5608571777344,79.3302230834961,0.7272262573242188,4.156699180603027,3.7899999618530273,0.2793596684932709,157.9704132080078,849.7999877929688,77.5972108,12.9812266
1766300356145857500,627.560857421875,4.1233296394348145,0.7227057218551636,4.166698932647705,3.7899999618530273,0.5581670999526978,155.93756103515625,849.7999877929688,77.5972133,12.9812234
1766300357145857800,628.5608579101563,1.5013936758041382,0.07185450196266174,7.3396382331848145,3.7899999618530273,3.0697598457336426,160.0001983642578,850.8999633789062,77.5972205,12.9812071
1766300358145857500,629.560857421875,0.8841623663902283,0.043374765664339066,7.349637985229492,3.7899999618530273,3.1499955654144287,153.00027465820312,850.8999633789062,77.5972334,12.9811811
1766300359145857800,630.5608579101563,0.7482026815414429,0.045838888734579086,7.359638214111328,3.7899999618530273,3.9299657344818115,145.0002899169922,850.8999633789062,77.5972521,12.981155
1766300360145857800,631.5608579101563,0.5062727332115173,0.04059213027358055,7.369637966156006,3.7899999618530273,5.139960289001465,145.00001525878906,850.8999633789062,77.5972801,12.981124
1766300361145857500,632.560857421875,0.44493281841278076,0.04035766422748566,7.379638195037842,3.7899999618530273,5.819977760314941,142.00009155273438,850.8999633789062,77.5973105,12.9810844
1766300362145858000,633.5608581542969,0.325787216424942,0.03837880864739418,7.3896379470825195,3.7899999618530273,7.559948444366455,140.0000457763672,850.8999633789062,77.5973493,12.9810351
1766300363145857500,634.560857421875,0.24359789490699768,0.03339339792728424,1.7422759532928467,3.7899999618530273,8.787615776062012,145.9904022216797,850.2000122070312,77.597392,12.980975
1766300364145857800,635.5608579101563,0.2229950726032257,0.030445385724306107,1.7522759437561035,3.7899999618530273,8.76005744934082,147.99664306640625,850.2000122070312,77.5974335,12.9809074
1766300365145857800,636.5608579101563,5.290680885314941,0.9122048616409302,1.7622759342193604,3.7899999618530273,8.800321578979492,150.34661865234375,850.2000122070312,77.5974711,12.9808367
1766300366145857500,637.560857421875,3.9735894203186035,0.8635090589523315,1.7722759246826172,3.7899999618530273,9.122257232666016,154.71133422851562,850.2000122070312,77.5975062,12.9807596
1766300367145857500,638.560857421875,4.868760108947754,0.9338152408599854,1.782275915145874,3.7899999618530273,9.25158405303955,156.05665588378906,850.2000122070312,77.5975397,12.9806813
1766300368145858000,639.5608581542969,4.10288143157959,0.8782739043235779,1.7922759056091309,3.7899999618530273,9.605671882629395,157.95169067382812,850.2000122070312,77.5975729,12.9805989
1766300369145857500,640.560857421875,2.712810516357422,0.8828821182250977,1.8022758960723877,3.7899999618530273,10.027137756347656,156.32247924804688,850.2000122070312,77.5976076,12.980512
1766300370145857500,641.560857421875,2.798555374145508,0.8643444180488586,1.8122758865356445,3.7899999618530273,10.519524574279785,155.9446258544922,850.2000122070312,77.5976462,12.9804219
1766300371145857800,642.5608579101563,3.0066728591918945,0.910478413105011,1.822275996208191,3.7899999618530273,10.973082542419434,154.5250701904297,850.2000122070312,77.5976889,12.9803299
1766300372145857800,643.5608579101563,2.226264476776123,0.8465129733085632,1.8322759866714478,3.7899999618530273,11.296819686889648,153.29229736328125,850.2000122070312,77.5977338,12.9802364
1766300373145857800,644.5608579101563,2.289973020553589,1.0485800504684448,1.8422759771347046,3.7899999618530273,11.319340705871582,153.08985900878906,850.2000122070312,77.5977804,12.9801453
1766300374145857500,645.560857421875,2.485753059387207,1.3186085224151611,1.8522759675979614,3.7899999618530273,11.496492385864258,152.9102783203125,850.2000122070312,77.5978313,12.9800505
1766300375145857500,646.560857421875,1.7786760330200195,0.7900235056877136,1.8622759580612183,3.7899999618530273,11.343035697937012,155.43807983398438,850.2000122070312,77.5978707,12.9799572
1766300376145857800,647.5608579101563,1.3701082468032837,0.7942689061164856,1.872275948524475,3.7899999618530273,11.347175598144531,155.884765625,850.2000122070312,77.5979105,12.9798639
1766300377145857800,648.5608579101563,1.4658418893814087,0.9970121383666992,1.882275938987732,3.7899999618530273,11.303803443908691,155.2852783203125,850.2000122070312,77.5979539,12.9797724
1766300378145857800,649.5608579101563,1.2112762928009033,0.7612348794937134,1.8922759294509888,3.7899999618530273,11.29676342010498,155.0528564453125,850.2000122070312,77.5980009,12.9796811
1766300379145857800,650.5608579101563,1.215083360671997,0.806528627872467,1.9022759199142456,3.7899999618530273,11.312447547912598,154.2240447998047,850.2000122070312,77.5980466,12.9795894
1766300380145857800,651.5608579101563,1.2574554681777954,0.8174037337303162,1.9122759103775024,3.7899999618530273,11.313401222229004,154.82965087890625,850.2000122070312,77.5980918,12.9794971
1766300381145857500,652.560857421875,1.1221526861190796,0.8493368029594421,1.9222759008407593,3.7899999618530273,11.275004386901855,156.5724334716797,850.2000122070312,77.5981325,12.9794039
1766300382145857500,653.560857421875,1.197479486465454,1.018428921699524,11.43670654296875,3.7899999618530273,10.887444496154785,155.75888061523438,849.7999877929688,77.5981695,12.9793156
1766300383145857500,654.560857421875,1.1801495552062988,0.7889311909675598,11.446706771850586,3.7899999618530273,9.206252098083496,157.7703094482422,849.7999877929688,77.5981996,12.9792479
1766300384145857500,655.560857421875,1.1643861532211304,0.7652875781059265,11.456707000732422,3.7899999618530273,7.648715972900391,158.38226318359375,849.7999877929688,77.5982237,12.9791901
1766300385145857800,656.5608579101563,1.2341893911361694,0.8120514750480652,11.466706275939941,3.7899999618530273,5.8319597244262695,162.83607482910156,849.7999877929688,77.59824,12.9791477
1766300386145857500,657.560857421875,1.3200535774230957,0.9293444752693176,11.476706504821777,3.7899999618530273,4.042104244232178,159.70486450195312,849.7999877929688,77.5982496,12.9791189
1766300387145857500,658.560857421875,1.4072788953781128,0.9306678175926208,11.486706733703613,3.7899999618530273,2.384941816329956,163.1483154296875,849.7999877929688,77.598256,12.9791066
1766300388145857500,659.560857421875,1.497302532196045,0.829540491104126,4.071049213409424,3.7899999618530273,1.2040767669677734,170.1012420654297,847.7000122070312,77.5982585,12.9791043
1766300389145857500,660.560857421875,45,0.9962158799171448,4.08104944229126,3.7899999618530273,1.1889983415603638,170.00650024414062,847.7000122070312,77.5982575,12.9791024
1766300390145858000,661.5608581542969,45,0.07069752365350723,4.0910491943359375,3.7899999618530273,1.1522831916809082,170.00303649902344,847.7000122070312,77.598257,12.9791002
1766300391145857500,662.560857421875,45,0.07059261947870255,4.101049423217773,3.7899999618530273,1.0963053703308105,170.39280700683594,847.7000122070312,77.5982557,12.9790976
1766300392145857500,663.560857421875,1.888417363166809,1.0250966548919678,4.111049175262451,3.7899999618530273,0.36734095215797424,170.96388244628906,847.7000122070312,77.5982572,12.9790981
1766300393145857500,664.560857421875,45,0.0701901987195015,4.121049404144287,3.7899999618530273,0.3566198945045471,170.6150360107422,847.7000122070312,77.5982594,12.9791015
1766300394145857500,665.560857421875,45,0.07068173587322235,4.131049156188965,3.7899999618530273,0.10559628903865814,177.95973205566406,847.7000122070312,77.5982589,12.9791028
1766300395145857500,666.560857421875,0,0.07069609314203262,4.141049385070801,3.7899999618530273,0.02521597035229206,0,847.7000122070312,77.5982592,12.9791037
1766300396145857500,667.560857421875,0,0.07069733738899231,2.5845534801483154,3.7899999618530273,0.08227813988924026,0,847.7000122070312,77.5982582,12.9791045
1766300397145857500,668.560857421875,0,0.07069724053144455,2.5945534706115723,3.7899999618530273,0.06969960778951645,0,847.7000122070312,77.598258,12.979105
1766300398145857500,669.560857421875,0,0.07069732248783112,2.604553461074829,3.7899999618530273,0.03069630078971386,0,847.7000122070312,77.5982584,12.979105
1766300399145857500,670.560857421875,0,0.07069730013608932,2.614553451538086,3.7899999618530273,0.04923629388213158,0,847.7000122070312,77.5982589,12.9791044
1766300400145857500,671.560857421875,0,0.07069679349660873,2.6245534420013428,3.7899999618530273,0.08237139135599136,0,847.7000122070312,77.5982588,12.9791033
1766300401145857500,672.560857421875,0,0.07069823145866394,2.6345534324645996,3.7899999618530273,0.08248353749513626,0,847.7000122070312,77.5982588,12.9791026
1766300402145857500,673.560857421875,0,0.07070233672857285,18.52389907836914,3.7899999618530273,0.07779134809970856,0,847.7000122070312,77.5982592,12.979102
1766300403145857800,674.5608579101563,0,0.0706978440284729,18.533897399902344,3.7899999618530273,0.0826173722743988,0,847.7000122070312,77.5982592,12.9791012
1766300404145857500,675.560857421875,0,0.07069677859544754,18.54389762878418,3.7899999618530273,0.05588756874203682,0,847.7000122070312,77.5982593,12.9791009
1766300405145857500,676.560857421875,0,0.07070226222276688,18.553897857666016,3.7899999618530273,0.03633293882012367,0,847.7000122070312,77.5982594,12.9791007
1766300406145857500,677.560857421875,0,0.07070227712392807,18.56389808654785,3.7899999618530273,0.017527369782328606,0,847.7000122070312,77.5982595,12.9791007
1766300407145858000,678.5608581542969,0,0.07069730758666992,18.573898315429688,3.7899999618530273,0.011949130333960056,0,847.7000122070312,77.5982595,12.9791006
1766300408145857500,679.560857421875,0,0.07069636881351471,3.834792137145996,3.7899999618530273,0.0048891836777329445,0,847.7000122070312,77.5982595,12.9791006
1766300409145857500,680.560857421875,0,0.07069732993841171,3.844792127609253,3.7899999618530273,0.0016862566117197275,0,847.7000122070312,77.5982595,12.9791006
1766300410145857500,681.560857421875,0,0.07070090621709824,3.8547921180725098,3.7899999618530273,0.006793739274144173,0,847.7000122070312,77.5982595,12.9791005
1766300411145857500,682.560857421875,0,0.07070071250200272,3.8647921085357666,3.7899999618530273,0.0032755681313574314,0,847.7000122070312,77.5982595,12.9791005
1766300412145857500,683.560857421875,0,0.07069756090641022,3.8747920989990234,3.7899999618530273,0.006252666469663382,0,847.7000122070312,77.5982596,12.9791005
1766300413145857500,684.560857421875,0,0.07069756835699081,3.8847920894622803,3.7899999618530273,0.0031015570275485516,0,847.7000122070312,77.5982595,12.9791005
1766300414145857300,685.5608571777344,0,0.07069633901119232,5.877732753753662,3.7899999618530273,0.00421287352219224,0,848.3999633789062,77.5982596,12.9791005
1766300415145857800,686.5608579101563,0,0.07070091366767883,5.88773250579834,3.7899999618530273,0.0038381796330213547,0,848.3999633789062,77.5982595,12.9791005
1766300416145857500,687.560857421875,0,0.07070097327232361,5.897732734680176,3.7899999618530273,0.0021698037162423134,0,848.3999633789062,77.5982595,12.9791005
1766300417145857500,688.560857421875,0,0.07070071995258331,5.9077324867248535,3.7899999618530273,0.0008389144786633551,0,848.3999633789062,77.5982595,12.9791005
1766300418145857800,689.5608579101563,0,0.07070056349039078,5.9177327156066895,3.7899999618530273,0.0002815859334077686,0,848.3999633789062,77.5982595,12.9791005
1766300419145857500,690.560857421875,0,0.07070057094097137,5.927732467651367,3.7899999618530273,0.00008761903882259503,0,848.3999633789062,77.5982595,12.9791005
1766300420145858000,691.5608581542969,0,0.07070083916187286,7.155925273895264,3.7899999618530273,0.006283420138061047,0,847.7000122070312,77.5982595,12.9791004
1766300421145857500,692.560857421875,0,0.07070060074329376,7.1659255027771,3.7899999618530273,0.0031223592814058065,0,847.7000122070312,77.5982595,12.9791004
1766300422145857500,693.560857421875,0,0.07070068269968033,7.175925254821777,3.7899999618530273,0.0011597949778661132,0,847.7000122070312,77.5982595,12.9791004
1766300423145857500,694.560857421875,0,0.07070064544677734,7.185925483703613,3.7899999618530273,0.0003816455719061196,0,847.7000122070312,77.5982595,12.9791004
1766300424145857800,695.5608579101563,0,0.0707007423043251,7.195925235748291,3.7899999618530273,0.00011733357678167522,0,847.7000122070312,77.5982595,12.9791004
1766300425145857500,696.560857421875,0,0.07069741934537888,7.205925464630127,3.7899999618530273,0.00003450959047768265,0,847.7000122070312,77.5982595,12.9791004
1766300426145857800,697.5608579101563,0,0.07069621235132217,18.522178649902344,3.7899999618530273,0.000009832682735577691,0,847.7000122070312,77.5982595,12.9791004
1766300427145857500,698.560857421875,0,0.07069920748472214,18.53217887878418,3.7899999618530273,0.000002734361032707966,0,847.7000122070312,77.5982595,12.9791004
1766300428145857500,699.560857421875,0,0.070697121322155,18.542179107666016,3.7899999618530273,7.456839625774592e-7,0,847.7000122070312,77.5982595,12.9791004
1766300429145857800,700.5608579101563,0,0.0706971138715744,18.55217742919922,3.7899999618530273,2.0005583678539551e-7,0,847.7000122070312,77.5982595,12.9791004
1766300430145857500,701.560857421875,0,0.07069707661867142,18.562177658081055,3.7899999618530273,0.006122461054474115,0,847.7000122070312,77.5982594,12.9791004
1766300431145857500,702.560857421875,0,0.0706971064209938,18.57217788696289,3.7899999618530273,0.0030424047727137804,0,847.7000122070312,77.5982594,12.9791004
1766300432145857500,703.560857421875,0,0.07069709897041321,4.436849117279053,3.7899999618530273,0.001130098826251924,0,847.7000122070312,77.5982594,12.9791004
1766300433145858000,704.5608581542969,0,0.07069705426692963,4.446849346160889,3.7899999618530273,0.0003718739317264408,0,847.7000122070312,77.5982594,12.9791004
1766300434145857500,705.560857421875,0,0.07069705426692963,4.456849098205566,3.7899999618530273,0.00011432948667788878,0,847.7000122070312,77.5982594,12.9791004
1766300435145857500,706.560857421875,0,0.07069553434848785,4.466849327087402,3.7899999618530273,0.000033626060030655935,0,847.7000122070312,77.5982594,12.9791004
1766300436145857500,707.560857421875,0,0.07069703936576843,4.47684907913208,3.7899999618530273,0.0061320411041378975,0,847.7000122070312,77.5982593,12.9791004
1766300437145857500,708.560857421875,0,0.07069706171751022,4.486849308013916,3.7899999618530273,0.0030450685881078243,0,847.7000122070312,77.5982593,12.9791004
1766300438145858000,709.5608581542969,0,0.07069708406925201,3.3596386909484863,3.7899999618530273,0.0011308247921988368,0,848.2999877929688,77.5982593,12.9791004
1766300439145857500,710.560857421875,0,0.07069709897041321,3.369638681411743,3.7899999618530273,0.00037206886918284,0,848.2999877929688,77.5982593,12.9791004
1766300440145857500,711.560857421875,0,0.07069706171751022,3.379638671875,3.7899999618530273,0.006236841436475515,0,848.2999877929688,77.5982592,12.9791004
1766300441145857500,712.560857421875,0,0.07069705426692963,3.389638662338257,3.7899999618530273,0.003076043678447604,0,848.2999877929688,77.5982592,12.9791004
1766300442145857500,713.560857421875,0,0.07069588452577591,3.3996386528015137,3.7899999618530273,0.007262143772095442,0,848.2999877929688,77.5982591,12.9791004
1766300443145857500,714.560857421875,0,0.07069707661867142,3.4096386432647705,3.7899999618530273,0.0034169438295066357,0,848.2999877929688,77.5982591,12.9791004
1766300444145857500,715.560857421875,0,0.07069706171751022,3.3555445671081543,3.7899999618530273,0.0012451549991965294,0,847.7000122070312,77.5982591,12.9791004
1766300445145857500,716.560857421875,0,0.07069674879312515,3.365544557571411,3.7899999618530273,0.006528155878186226,0,847.7000122070312,77.598259,12.9791004
1766300446145857500,717.560857421875,0,0.07069675624370575,3.375544548034668,3.7899999618530273,0.003166366368532181,0,847.7000122070312,77.598259,12.9791004
1766300447145857500,718.560857421875,0,0.07069592922925949,3.385544538497925,3.7899999618530273,0.007288862951099873,0,847.7000122070312,77.5982589,12.9791004
1766300448145857500,719.560857421875,0,0.07069587707519531,3.3955445289611816,3.7899999618530273,0.0034245892893522978,0,847.7000122070312,77.5982589,12.9791004
1766300449145857800,720.5608579101563,0,0.0706959217786789,3.4055445194244385,3.7899999618530273,0.0012472879607230425,0,847.7000122070312,77.5982589,12.9791004
1766300450145857500,721.560857421875,0,0.07069917023181915,3.4155445098876953,3.7899999618530273,0.00652873981744051,0,847.7000122070312,77.5982588,12.9791004
1766300451145857500,722.560857421875,0,0.07069682329893112,3.4255447387695312,3.7899999618530273,0.0031665239948779345,0,847.7000122070312,77.5982588,12.9791004
1766300452145857500,723.560857421875,0,0.07069932669401169,3.435544729232788,3.7899999618530273,0.0011664445046335459,0,847.7000122070312,77.5982588,12.9791004
1766300453145857500,724.560857421875,0,0.07068280875682831,3.445544719696045,3.7899999618530273,0.006504656281322241,0,847.7000122070312,77.5982587,12.9791004
1766300454145857500,725.560857421875,0,0.07068341225385666,3.4555447101593018,3.7899999618530273,0.0070329997688531876,0,847.7000122070312,77.5982587,12.9791003
1766300455145857500,726.560857421875,0,0.07068348675966263,3.4655447006225586,3.7899999618530273,0.0033324246760457754,0,847.7000122070312,77.5982587,12.9791003
1766300456145857300,727.5608571777344,0,0.07068413496017456,3.9586856365203857,3.7899999618530273,0.0012209746055305004,0,847.7000122070312,77.5982587,12.9791003
1766300457145857500,728.560857421875,0,0.07068455219268799,3.9686856269836426,3.7899999618530273,0.0062511698342859745,0,847.7000122070312,77.5982586,12.9791003
1766300458145858000,729.5608581542969,0,0.070685014128685,3.9786856174468994,3.7899999618530273,0.003079006215557456,0,847.7000122070312,77.5982586,12.9791003
1766300459145857500,730.560857421875,0,0.070679672062397,3.9886856079101562,3.7899999618530273,0.00641983188688755,0,847.7000122070312,77.5982586,12.9791002
1766300460145857500,731.560857421875,0,0.0706801488995552,3.998685598373413,3.7899999618530273,0.007220898289233446,0,847.7000122070312,77.5982585,12.9791003
1766300461145857500,732.560857421875,0,0.07068061083555222,4.00868558883667,3.7899999618530273,0.005353719461709261,0,847.7000122070312,77.5982585,12.9791002
1766300462145857500,733.560857421875,0,0.07068103551864624,5.879990100860596,3.7899999618530273,0.0026179091073572636,0,847.7000122070312,77.5982585,12.9791002
1766300463145857500,734.560857421875,0,0.07068143039941788,5.889989852905273,3.7899999618530273,0.0009735441999509931,0,847.7000122070312,77.5982585,12.9791002
1766300464145857300,735.5608571777344,0,0.07068181037902832,5.899990081787109,3.7899999618530273,0.006583227775990963,0,847.7000122070312,77.5982585,12.9791001
1766300465145857800,736.5608579101563,0,0.07068096846342087,5.909989833831787,3.7899999618530273,0.0032151895575225353,0,847.7000122070312,77.5982585,12.9791001
1766300466145857800,737.5608579101563,0,0.07068263739347458,5.919990062713623,3.7899999618530273,0.0011872440809383988,0,847.7000122070312,77.5982585,12.9791001
1766300467145857500,738.560857421875,0,0.07069960236549377,5.929989814758301,3.7899999618530273,0.0003894984838552773,0,847.7000122070312,77.5982585,12.9791001
1766300468145857800,739.5608579101563,0,0.0706997960805893,3.0763306617736816,3.7899999618530273,0.00011952445493079722,0,847.7000122070312,77.5982585,12.9791001
1766300469145857500,740.560857421875,0,0.07069989293813705,3.0863306522369385,3.7899999618530273,0.00003510866008582525,0,847.7000122070312,77.5982585,12.9791001
1766300470145857500,741.560857421875,0,0.07070227712392807,3.0963306427001953,3.7899999618530273,0.0061225201934576035,0,847.7000122070312,77.5982584,12.9791001
1766300471145857300,742.5608571777344,0,0.0707002505660057,3.106330633163452,3.7899999618530273,0.0030424194410443306,0,847.7000122070312,77.5982584,12.9791001
1766300472145857500,743.560857421875,0,0.07070085406303406,3.116330623626709,3.7899999618530273,0.0011301024351269007,0,847.7000122070312,77.5982584,12.9791001
1766300473145857500,744.560857421875,0,0.07070264220237732,3.126330614089966,3.7899999618530273,0.0003718750085681677,0,847.7000122070312,77.5982584,12.9791001
1766300474145857800,745.5608579101563,0,0.07070065289735794,7.229471206665039,3.7899999618530273,0.00011432971223257482,0,848.3999633789062,77.5982584,12.9791001
1766300475145857500,746.560857421875,0,0.07070078700780869,7.239471435546875,3.7899999618530273,0.00003362611460033804,0,848.3999633789062,77.5982584,12.9791001
1766300476145857500,747.560857421875,0,0.07070357352495193,7.249471187591553,3.7899999618530273,0.000009580959158483893,0,848.3999633789062,77.5982584,12.9791001
1766300477145858000,748.5608581542969,0,0.0707029178738594,7.259471416473389,3.7899999618530273,0.0000026643581350072054,0,848.3999633789062,77.5982584,12.9791001
1766300478145857500,749.560857421875,0,0.07071192562580109,7.269471168518066,3.7899999618530273,7.265936119438265e-7,0,848.3999633789062,77.5982584,12.9791001
1766300479145857500,750.560857421875,0,0.07070312649011612,7.279471397399902,3.7899999618530273,1.9493421632432728e-7,0,848.3999633789062,77.5982584,12.9791001
1766300480145858000,751.5608581542969,0,0.07070475816726685,3.77272367477417,3.7899999618530273,5.156301696729315e-8,0,847.7000122070312,77.5982584,12.9791001
1766300481145857500,752.560857421875,0,0.7281771302223206,3.7827236652374268,3.7899999618530273,0.06154617667198181,0,847.7000122070312,77.5982593,12.9791
1766300482145857500,753.560857421875,8.299400329589844,0.2489756941795349,3.7927236557006836,3.7899999618530273,1.9391762018203735,162.00074768066406,847.7000122070312,77.5982632,12.9790888
1766300483145857800,754.5608579101563,7.345846176147461,0.385888934135437,3.8027236461639404,3.7899999618530273,3.3960609436035156,167.99205017089844,847.7000122070312,77.5982691,12.9790648
1766300484145857500,755.560857421875,12.287083625793457,0.46281254291534424,3.8127236366271973,3.7899999618530273,2.4337027072906494,164.020751953125,847.7000122070312,77.5982758,12.9790383
1766300485145857800,756.5608579101563,13.127612113952637,0.5692473649978638,3.822723627090454,3.7899999618530273,2.797213554382324,152.07240295410156,847.7000122070312,77.5982858,12.9790178
1766300486145857500,757.560857421875,24.824790954589844,1.0373958349227905,6.684568881988525,3.7899999618530273,2.6328682899475098,146.13031005859375,847.7000122070312,77.5983009,12.9789999
1766300487145857800,758.5608579101563,8.985821723937988,0.7209106087684631,6.694568634033203,3.7899999618530273,5.164952278137207,148.00201416015625,847.7000122070312,77.5983285,12.978967
1766300488145857800,759.5608579101563,8.00646686553955,0.6035186648368835,6.704568862915039,3.7899999618530273,4.882002353668213,152.95904541015625,847.7000122070312,77.5983509,12.97893
1766300489145857800,760.5608579101563,8.35397720336914,0.9472646117210388,6.714568614959717,3.7899999618530273,5.086604595184326,155.96331787109375,847.7000122070312,77.5983726,12.9788927
1766300490145857800,761.5608579101563,10.18050765991211,1.1180046796798706,6.724568843841553,3.7899999618530273,5.285727024078369,157.96376037597656,847.7000122070312,77.5983939,12.9788472
1766300491145857800,762.5608579101563,8.997065544128418,1.0423541069030762,6.7345685958862305,3.7899999618530273,5.917911529541016,162.92474365234375,847.7000122070312,77.5984157,12.9787969
1766300492145857500,763.560857421875,7.505161285400391,0.9627835154533386,8.246336936950684,3.7899999618530273,6.009131908416748,160.03244018554688,847.7000122070312,77.598438,12.9787393
1766300493145857800,764.5608579101563,6.25781774520874,0.9073032736778259,8.25633716583252,3.7899999618530273,5.506770610809326,157.0379180908203,847.7000122070312,77.5984593,12.9786864
1766300494145857500,765.560857421875,6.379018306732178,0.9409448504447937,8.266336441040039,3.7899999618530273,5.608719825744629,156.9982147216797,847.7000122070312,77.5984818,12.9786375
1766300495145857800,766.5608579101563,5.618982315063477,0.8520645499229431,8.276336669921875,3.7899999618530273,5.530672073364258,157.9944610595703,847.7000122070312,77.5985023,12.9785902
1766300496145857800,767.5608579101563,5.999453067779541,0.9289807677268982,8.286336898803711,3.7899999618530273,5.432060241699219,152.05548095703125,847.7000122070312,77.5985252,12.9785451
1766300497145857500,768.560857421875,6.032493591308594,0.9594940543174744,8.296337127685547,3.7899999618530273,5.841352462768555,160.92015075683594,847.7000122070312,77.5985454,12.978497
1766300498145857500,769.560857421875,6.23281717300415,1.2284215688705444,8.306336402893066,3.7899999618530273,6.042122840881348,166.93731689453125,847.7000122070312,77.5985616,12.9784438
1766300499145857800,770.5608579101563,6.204221248626709,0.9719258546829224,8.316336631774902,3.7899999618530273,5.518452167510986,160.07431030273438,847.7000122070312,77.5985773,12.9783962
1766300500145857500,771.560857421875,6.274430751800537,1.1442062854766846,8.326336860656738,4.814000129699707,5.448373794555664,166.9458465576172,847.7000122070312,77.5985969,12.9783525
1766300501145857800,772.5608579101563,6.302748680114746,1.0401105880737305,8.336337089538574,5.8379998207092285,5.835549831390381,161.47805786132812,847.7000122070312,77.5986099,12.9783
1766300502145857800,773.5608579101563,6.735614776611328,1.3705686330795288,8.346336364746094,7.5229997634887695,6.131824016571045,160.36215209960938,847.7000122070312,77.5986288,12.9782423
1766300503145857800,774.5608579101563,6.225697040557861,0.9074576497077942,8.35633659362793,8.751999855041504,4.85409688949585,162.60894775390625,847.7000122070312,77.598643,12.9781961
1766300504145857500,775.560857421875,6.222843647003174,0.8881064057350159,8.366336822509766,8.949000358581543,3.8767621517181396,162.82647705078125,847.7000122070312,77.5986498,12.9781653
1766300505145857500,776.560857421875,6.3615312576293945,0.9952760338783264,8.376337051391602,9.980999946594238,3.581843376159668,165.02096557617188,847.7000122070312,77.5986577,12.9781378
1766300506145857800,777.5608579101563,6.106479644775391,0.8729718327522278,8.386336326599121,9.972999572753906,3.0969090461730957,153.11109924316406,847.7000122070312,77.5986719,12.9781189
1766300507145857500,778.560857421875,6.271407604217529,0.7462629675865173,8.396336555480957,9.972999572753906,1.6444636583328247,166.47972106933594,847.7000122070312,77.5986838,12.978112
1766300508145857500,779.560857421875,6.508938312530518,0.7093062400817871,2.0013949871063232,9.9350004196167,1.199767827987671,167.16319274902344,844.5999755859375,77.5986865,12.9781032
1766300509145857500,780.560857421875,45,0.07520747929811478,2.01139497756958,9.9350004196167,1.196751356124878,167.13670349121094,844.5999755859375,77.5986879,12.9780957
1766300510145857500,781.560857421875,79.35393524169922,0.7310507893562317,2.021394968032837,9.9350004196167,0.5242713689804077,171.64312744140625,844.5999755859375,77.5986892,12.9780904
1766300511145857800,782.5608579101563,79.37171936035156,0.7285037040710449,2.0313949584960938,9.9350004196167,0.3272251784801483,172.82627868652344,844.5999755859375,77.5986897,12.9780868
1766300512145857800,783.5608579101563,79.38822937011719,0.7273680567741394,2.0413949489593506,9.9350004196167,0.23736365139484406,172.54684448242188,844.5999755859375,77.598689,12.9780829
1766300513145857800,784.5608579101563,53.76169204711914,0.7394290566444397,4.77486515045166,9.9350004196167,0.550742506980896,161.3901824951172,844.7999877929688,77.5986891,12.9780765
1766300514145857800,785.5608579101563,48.68109130859375,0.9024325609207153,4.784864902496338,9.9350004196167,0.8089170455932617,165.9946746826172,844.7999877929688,77.5986907,12.9780669
1766300515145857500,786.560857421875,56.73870849609375,1.2079668045043945,4.794865131378174,9.9350004196167,0.933939516544342,163.71417236328125,844.7999877929688,77.5986927,12.9780556
1766300516145857500,787.560857421875,40.818702697753906,0.8517882823944092,4.804864883422852,9.9350004196167,1.1168283224105835,164.01123046875,844.7999877929688,77.5986954,12.9780436
1766300517145857500,788.560857421875,36.80778884887695,0.7279213666915894,4.8148651123046875,9.9350004196167,0.9467632174491882,159.5052947998047,844.7999877929688,77.5986964,12.9780326
1766300518145857500,789.560857421875,45.91159439086914,0.7363826632499695,4.824864864349365,9.9350004196167,0.407048761844635,160.84388732910156,844.7999877929688,77.5986963,12.9780267
1766300519145857800,790.5608579101563,45,0.0703963041305542,7.668543815612793,9.9350004196167,0.4046812653541565,160.90451049804688,844.7999877929688,77.5986946,12.9780255
1766300520145857500,791.560857421875,45,0.07069095224142075,7.678544044494629,9.9350004196167,0.3966531455516815,161.32984924316406,844.7999877929688,77.5986933,12.9780244
1766300521145857500,792.560857421875,45,0.07067877054214478,7.688543796539307,9.9350004196167,0.3795798718929291,162.95803833007812,844.7999877929688,77.598691,12.9780234
1766300522145857500,793.560857421875,45,0.07069430500268936,7.698544025421143,9.9350004196167,0.3489629030227661,167.777099609375,844.7999877929688,77.5986866,12.978023
1766300523145857500,794.560857421875,45,0.07070385664701462,7.70854377746582,9.9350004196167,0.3174586594104767,173.3693084716797,844.7999877929688,77.5986832,12.9780226
1766300524145857500,795.560857421875,45,0.07070054113864899,7.718544006347656,9.9350004196167,0.2867446541786194,179.0455322265625,844.7999877929688,77.5986805,12.9780223
1766300525145857800,796.5608579101563,45,0.07090149074792862,7.728543758392334,9.9350004196167,0.25375670194625854,182.80384826660156,844.7999877929688,77.5986791,12.9780224
1766300526145857500,797.560857421875,45,0.07069410383701324,7.73854398727417,9.9350004196167,0.2338072508573532,185.05288696289062,844.7999877929688,77.598678,12.9780225
1766300527145857500,798.560857421875,45,0.07078247517347336,7.748544216156006,9.9350004196167,0.12137462943792343,197.3355255126953,844.7999877929688,77.5986775,12.9780228
1766300528145857500,799.560857421875,0,0.07069049030542374,7.758543968200684,9.9350004196167,0.010659794323146343,0,844.7999877929688,77.5986779,12.9780239
1766300529145857500,800.560857421875,0,0.07075225561857224,7.7685441970825195,9.9350004196167,0.04712625592947006,0,844.7999877929688,77.5986781,12.9780245
1766300530145857500,801.560857421875,0,0.07073163986206055,7.778543949127197,9.9350004196167,0.03826763108372688,0,844.7999877929688,77.5986783,12.9780247
1766300531145857500,802.560857421875,0,0.07067670673131943,7.788544178009033,9.9350004196167,0.039903588593006134,0,844.7999877929688,77.5986775,12.9780244
1766300532145857500,803.560857421875,17.98684310913086,0.7281720638275146,7.677783966064453,9.9350004196167,0.5491718649864197,149.9951934814453,844.7999877929688,77.5986786,12.9780194
1766300533145857500,804.560857421875,7.220077037811279,0.6241925358772278,7.687784194946289,9.9350004196167,0.4305135905742645,150.0233612060547,844.7999877929688,77.5986803,12.9780146
1766300534145857500,805.560857421875,45,0.07086685299873352,7.697783946990967,9.9350004196167,0.4299412965774536,150.03514099121094,844.7999877929688,77.5986797,12.9780123
1766300535145857500,806.560857421875,45,0.07081142067909241,7.707784175872803,9.9350004196167,0.2293795347213745,164.53231811523438,844.7999877929688,77.5986783,12.9780122
1766300536145857500,807.560857421875,0,0.07069499790668488,7.7177839279174805,9.9350004196167,0.07821749150753021,0,844.7999877929688,77.5986778,12.9780126
1766300537145857800,808.5608579101563,0,0.0706915631890297,7.727784156799316,9.9350004196167,0.03295442461967468,0,844.7999877929688,77.5986774,12.9780128
1766300538145858000,809.5608581542969,0,0.07071010023355484,7.159545421600342,9.9350004196167,0.023947959765791893,0,844.7999877929688,77.5986772,12.9780129
1766300539145857300,810.5608571777344,0,0.07070517539978027,7.169545650482178,9.9350004196167,0.04159111902117729,0,844.7999877929688,77.5986767,12.9780129
1766300540145857500,811.560857421875,0,0.07070209085941315,7.1795454025268555,9.9350004196167,0.027507729828357697,0,844.7999877929688,77.5986765,12.9780131
1766300541145857300,812.5608571777344,0,0.07074455171823502,7.189545631408691,9.9350004196167,0.007480353582650423,0,844.7999877929688,77.5986767,12.9780131
1766300542145857800,813.5608579101563,0,0.07072614133358002,7.199545383453369,9.9350004196167,0.013273329474031925,0,844.7999877929688,77.598677,12.9780131
1766300543145857500,814.560857421875,0,0.07077647000551224,2.8959829807281494,9.9350004196167,0.014252830296754837,0,844.5999755859375,77.5986771,12.9780131
1766300544145858000,815.5608581542969,0,0.07070260494947433,2.9059829711914062,9.9350004196167,0.009640858508646488,0,844.5999755859375,77.5986771,12.9780132
1766300545145857500,816.560857421875,0,0.07074210792779922,2.915982961654663,9.9350004196167,0.009292487055063248,0,844.5999755859375,77.5986771,12.9780133
1766300546145857500,817.560857421875,0,0.07070676237344742,2.92598295211792,9.9350004196167,0.005353890359401703,0,844.5999755859375,77.5986771,12.9780133
1766300547145857500,818.560857421875,0,0.07070713490247726,2.9359829425811768,9.9350004196167,0.0023251278325915337,0,844.5999755859375,77.5986771,12.9780133
1766300548145857500,819.560857421875,0,0.07070726901292801,2.9459829330444336,9.9350004196167,0.0007954812608659267,0,844.5999755859375,77.5986771,12.9780133
1766300549145857500,820.560857421875,0,0.07070484757423401,6.684808731079102,9.9350004196167,0.00019696912204381078,0,844.7999877929688,77.5986771,12.9780133
1766300550145857500,821.560857421875,0,0.07070498168468475,6.6948089599609375,9.9350004196167,0.000030266821340774186,0,844.7999877929688,77.5986771,12.9780133
1766300551145857500,822.560857421875,0,0.07071699947118759,6.704808712005615,9.9350004196167,0.00002788663186947815,0,844.7999877929688,77.5986771,12.9780133
1766300552145857500,823.560857421875,0,0.07070697098970413,6.714808940887451,9.9350004196167,0.000019221331967855804,0,844.7999877929688,77.5986771,12.9780133
1766300553145858000,824.5608581542969,0,0.07070595771074295,6.724808692932129,9.9350004196167,0.000009302751095674466,0,844.7999877929688,77.5986771,12.9780133
1766300554145857800,825.5608579101563,0,0.07070562243461609,6.734808921813965,9.9350004196167,0.0000035340294743946288,0,844.7999877929688,77.5986771,12.9780133
1766300555145857800,826.5608579101563,0,0.07070806622505188,6.686548709869385,9.9350004196167,0.0000010278434956489946,0,844.7999877929688,77.5986771,12.9780133
1766300556145857500,827.560857421875,0,0.07071655243635178,6.696548938751221,9.9350004196167,1.866664831595699e-7,0,844.7999877929688,77.5986771,12.9780133
1766300557145857500,828.560857421875,0,0.07071783393621445,6.706548690795898,9.9350004196167,0.004922672174870968,0,844.7999877929688,77.598677,12.9780133
1766300558145857500,829.560857421875,0,0.07073009014129639,6.716548919677734,9.9350004196167,0.0034681460820138454,0,844.7999877929688,77.598677,12.9780133
1766300559145857800,830.5608579101563,0,0.07072646170854568,6.726548671722412,9.9350004196167,0.0016599418595433235,0,844.7999877929688,77.598677,12.9780133
1766300560145857500,831.560857421875,0,0.07070206105709076,6.736548900604248,9.9350004196167,0.0006175105809234083,0,844.7999877929688,77.598677,12.9780133
1766300561145857500,832.560857421875,0,0.07073400169610977,3.284092426300049,9.9350004196167,0.00017087016021832824,0,844.7999877929688,77.598677,12.9780133
1766300562145857500,833.560857421875,0,0.07072222232818604,3.2940924167633057,9.9350004196167,0.004900619853287935,0,844.7999877929688,77.5986771,12.9780133
1766300563145857300,834.5608571777344,0,0.07078138738870621,3.3040924072265625,9.9350004196167,0.00347978831268847,0,844.7999877929688,77.5986771,12.9780133
1766300564145857800,835.5608579101563,0,0.07076522707939148,3.3140923976898193,9.9350004196167,0.005321438889950514,0,844.7999877929688,77.5986771,12.9780134
1766300565145857500,836.560857421875,0,0.07070017606019974,3.324092388153076,9.9350004196167,0.0036135544069111347,0,844.7999877929688,77.5986771,12.9780134
1766300566145857500,837.560857421875,0,0.07174854725599289,3.334092378616333,9.9350004196167,0.0017123738070949912,0,844.7999877929688,77.5986771,12.9780134
1766300567145857500,838.560857421875,0,0.07081039249897003,3.7707691192626953,9.9350004196167,0.0006341510452330112,0,844.7999877929688,77.5986771,12.9780134
1766300568145857500,839.560857421875,0,0.07073590159416199,3.780769109725952,9.9350004196167,0.004876712802797556,0,844.7999877929688,77.5986771,12.9780133
1766300569145857300,840.5608571777344,0,0.07068165391683578,3.790769100189209,9.9350004196167,0.008588667027652264,0,844.7999877929688,77.5986771,12.9780132
1766300570145857500,841.560857421875,0,0.07184578478336334,3.800769090652466,9.9350004196167,0.00527477590367198,0,844.7999877929688,77.5986771,12.9780132
1766300571145857500,842.560857421875,0,0.075585275888443,3.8107690811157227,9.9350004196167,0.002349309856072068,0,844.7999877929688,77.5986771,12.9780132
1766300572145857500,843.560857421875,0,0.08509010076522827,3.8207690715789795,9.9350004196167,0.00586771871894598,0,844.7999877929688,77.5986771,12.9780131
1766300573145857500,844.560857421875,0,0.07536204159259796,6.830583095550537,9.9350004196167,0.0037600442301481962,0,844.7999877929688,77.5986771,12.9780131
1766300574145857300,845.5608571777344,0,0.07069273293018341,6.840582847595215,9.9350004196167,0.0017151867505162954,0,844.7999877929688,77.5986771,12.9780131
1766300575145857500,846.560857421875,0,0.07088738679885864,6.850583076477051,9.9350004196167,0.004960407502949238,0,844.7999877929688,77.5986772,12.9780131
1766300576145857800,847.5608579101563,0,0.07068667560815811,6.8605828285217285,9.9350004196167,0.005999349523335695,0,844.7999877929688,77.5986772,12.9780132
1766300577145857500,848.560857421875,0,0.07068101316690445,6.8705830574035645,9.9350004196167,0.009196238592267036,0,844.7999877929688,77.5986771,12.9780133
1766300578145857500,849.560857421875,0,0.07068134099245071,6.880582809448242,9.9350004196167,0.01564440317451954,0,844.7999877929688,77.5986771,12.9780135
1766300579145857500,850.560857421875,0,0.07069914042949677,8.774044036865234,9.9350004196167,0.015873579308390617,0,846.5999755859375,77.598677,12.9780136
1766300580145857500,851.560857421875,0,0.0706951841711998,8.784043312072754,9.9350004196167,0.007829518988728523,0,846.5999755859375,77.5986771,12.9780136
1766300581145857500,852.560857421875,0,0.07069515436887741,8.79404354095459,9.9350004196167,0.003564118640497327,0,846.5999755859375,77.5986771,12.9780136
1766300582145857500,853.560857421875,0,0.0706958994269371,8.804043769836426,9.9350004196167,0.0014175275573506951,0,846.5999755859375,77.5986771,12.9780136
1766300583145858000,854.5608581542969,0,0.07069488614797592,8.814043998718262,9.9350004196167,0.007512532640248537,0,846.5999755859375,77.5986772,12.9780137
1766300584145857500,855.560857421875,0,0.07069472223520279,8.824043273925781,9.9350004196167,0.009325394406914711,0,846.5999755859375,77.5986772,12.9780138
1766300585145857500,856.560857421875,0,0.072474904358387,6.688358783721924,9.9350004196167,0.005487300455570221,0,844.7999877929688,77.5986772,12.9780138
1766300586145857500,857.560857421875,0,0.07267194986343384,6.69835901260376,9.9350004196167,0.0023903718683868647,0,844.7999877929688,77.5986772,12.9780138
1766300587145857300,858.5608571777344,0,0.0706791952252388,6.7083587646484375,9.9350004196167,0.005151026416569948,0,844.7999877929688,77.5986773,12.9780138
1766300588145857500,859.560857421875,0,0.0724039077758789,6.718358993530273,9.9350004196167,0.0034920903854072094,0,844.7999877929688,77.5986773,12.9780138
1766300589145857500,860.560857421875,0,0.07069738954305649,6.728358745574951,9.9350004196167,0.0016465685330331326,0,844.7999877929688,77.5986773,12.9780138
1766300590145857500,861.560857421875,0,0.07069741189479828,6.738358974456787,9.9350004196167,0.005064306780695915,0,844.7999877929688,77.5986773,12.9780139
1766300591145857300,862.5608571777344,0,0.07165056467056274,3.8047187328338623,9.9350004196167,0.0035446377005428076,0,843.2000122070312,77.5986773,12.9780139
1766300592145857300,863.5608571777344,0,0.07170569151639938,3.814718723297119,9.9350004196167,0.0016944935778155923,0,843.2000122070312,77.5986773,12.9780139
1766300593145857500,864.560857421875,0,0.07067781686782837,3.824718713760376,9.9350004196167,0.0006303298287093639,0,843.2000122070312,77.5986773,12.9780139
1766300594145857500,865.560857421875,0,0.07162885367870331,3.834718704223633,9.9350004196167,0.00017473724437877536,0,843.2000122070312,77.5986773,12.9780139
1766300595145857500,866.560857421875,0,0.07163544744253159,3.8447186946868896,9.9350004196167,0.004916398320347071,0,843.2000122070312,77.5986774,12.9780139
1766300596145858000,867.5608581542969,0,0.07163486629724503,3.8547186851501465,9.9350004196167,0.0034655819181352854,0,843.2000122070312,77.5986774,12.9780139
1766300597145858000,868.5608581542969,0,0.07164090126752853,4.69528865814209,9.9350004196167,0.0016591710736975074,0,844.7999877929688,77.5986774,12.9780139
1766300598145857500,869.560857421875,0,0.07066932320594788,4.705288887023926,9.9350004196167,0.0006173832225613296,0,844.7999877929688,77.5986774,12.9780139
1766300599145857500,870.560857421875,0,0.07069847732782364,4.7152886390686035,9.9350004196167,0.0050936113111674786,0,844.7999877929688,77.5986775,12.9780139
1766300600145857500,871.560857421875,0,0.07069601118564606,4.7252888679504395,9.9350004196167,0.0034903092309832573,0,844.7999877929688,77.5986775,12.9780139
1766300601145857500,872.560857421875,0,0.07180127501487732,4.735288619995117,9.9350004196167,0.0016483515501022339,0,844.7999877929688,77.5986775,12.9780139
1766300602145857500,873.560857421875,0,0.07156332582235336,4.745288848876953,9.9350004196167,0.0006058175931684673,0,844.7999877929688,77.5986775,12.9780139
1766300603145857500,874.560857421875,0,0.07172277569770813,5.075416088104248,9.9350004196167,0.00016447681991849095,0,844.7999877929688,77.5986775,12.9780139
1766300604145857500,875.560857421875,0,0.07148582488298416,5.085415840148926,9.9350004196167,0.004942187108099461,0,844.7999877929688,77.5986776,12.9780139
1766300605145857500,876.560857421875,0,0.07147505134344101,5.095416069030762,9.9350004196167,0.0034557024482637644,0,844.7999877929688,77.5986776,12.9780139
1766300606145857300,877.5608571777344,0,0.07249154150485992,5.1054158210754395,9.9350004196167,0.0016480697086080909,0,844.7999877929688,77.5986776,12.9780139
1766300607145857500,878.560857421875,0,0.07063604146242142,5.115416049957275,9.9350004196167,0.005533851217478514,0,844.7999877929688,77.5986777,12.9780139
1766300608145857500,879.560857421875,0,0.07068706303834915,5.125416278839111,9.9350004196167,0.0036364293191581964,0,844.7999877929688,77.5986777,12.9780139
1766300609145857500,880.560857421875,0,0.0725632831454277,13.616998672485352,9.9350004196167,0.0016812323592603207,0,844.7999877929688,77.5986777,12.9780139
1766300610145857500,881.560857421875,0,0.07091372460126877,13.626997947692871,9.9350004196167,0.007489131297916174,0,844.7999877929688,77.5986778,12.978014
1766300611145857500,882.560857421875,0,0.07067017257213593,13.636998176574707,9.9350004196167,0.005081945098936558,0,844.7999877929688,77.5986778,12.978014
1766300612145857500,883.560857421875,0,0.07067066431045532,13.646998405456543,9.9350004196167,0.00238957442343235,0,844.7999877929688,77.5986778,12.978014
1766300613145857500,884.560857421875,0,0.07067230343818665,13.656998634338379,9.9350004196167,0.0008749608532525599,0,844.7999877929688,77.5986778,12.978014
1766300614145857800,885.5608579101563,0,0.07082226872444153,13.666998863220215,9.9350004196167,0.00023626167967449874,0,844.7999877929688,77.5986778,12.978014
1766300615145858000,886.5608581542969,0,0.07074254006147385,3.058203935623169,9.9350004196167,0.00002749610757746268,0,844.7999877929688,77.5986778,12.978014
1766300616145857500,887.560857421875,0,0.07099942862987518,3.068203926086426,9.9350004196167,0.000018583587007015012,0,844.7999877929688,77.5986778,12.978014
1766300617145857500,888.560857421875,0,0.07076267153024673,3.0782041549682617,9.9350004196167,0.000017346214008284733,0,844.7999877929688,77.5986778,12.978014
1766300618145857500,889.560857421875,0,0.07075908035039902,3.0882041454315186,9.9350004196167,0.004916181322187185,0,844.7999877929688,77.5986779,12.978014
1766300619145857500,890.560857421875,0,0.07068135589361191,3.0982041358947754,9.9350004196167,0.0034655469935387373,0,844.7999877929688,77.5986779,12.978014
1766300620145857500,891.560857421875,0,0.07084651291370392,3.1082041263580322,9.9350004196167,0.0016591442981734872,0,844.7999877929688,77.5986779,12.978014
1766300621145858000,892.5608581542969,0,0.0708039328455925,3.2557966709136963,9.9350004196167,0.0006173619185574353,0,844.7999877929688,77.5986779,12.978014
1766300622145857500,893.560857421875,0,0.07068619877099991,3.265796661376953,9.9350004196167,0.00017089254106394947,0,844.7999877929688,77.5986779,12.978014
1766300623145857300,894.5608571777344,0,0.07068464159965515,3.27579665184021,9.9350004196167,0.004900580737739801,0,844.7999877929688,77.5986778,12.978014
1766300624145857500,895.560857421875,0,0.07499858736991882,3.285796642303467,9.9350004196167,0.0034797638654708862,0,844.7999877929688,77.5986778,12.978014
1766300625145857500,896.560857421875,0,0.07486236840486526,3.2957966327667236,9.9350004196167,0.003251082031056285,0,844.7999877929688,77.5986779,12.978014
1766300626145857500,897.560857421875,0,0.07568605244159698,3.3057966232299805,9.9350004196167,0.002844262169674039,0,844.7999877929688,77.5986779,12.978014
1766300627145857500,898.560857421875,0,0.07601559907197952,6.6928486824035645,9.9350004196167,0.001486435765400529,0,844.7999877929688,77.5986779,12.978014
1766300628145857500,899.560857421875,0,0.07065588980913162,6.7028489112854,9.9350004196167,0.0005945625598542392,0,844.7999877929688,77.5986779,12.978014
1766300629145857800,900.5608579101563,0,0.07067569345235825,6.712848663330078,9.9350004196167,0.00018231626017950475,0,844.7999877929688,77.5986779,12.978014
1766300630145857500,901.560857421875,0,0.07068406790494919,6.722848892211914,9.9350004196167,0.004956546705216169,0,844.7999877929688,77.598678,12.978014
1766300631145857800,902.5608579101563,0,0.07067639380693436,6.732848644256592,9.9350004196167,0.003462979570031166,0,844.7999877929688,77.598678,12.978014
1766300632145857500,903.560857421875,0,0.07067669928073883,6.742848873138428,9.9350004196167,0.0016509115230292082,0,844.7999877929688,77.598678,12.978014
1766300633145857500,904.560857421875,0,0.0706927552819252,4.094709396362305,9.9350004196167,0.0006119705503806472,0,844.7999877929688,77.598678,12.978014
1766300634145857500,905.560857421875,0,0.07066954672336578,4.104709148406982,9.9350004196167,0.005091129336506128,0,844.7999877929688,77.5986781,12.978014
1766300635145857500,906.560857421875,10.489774703979492,0.7271975874900818,4.114709377288818,9.9350004196167,0.2298528105020523,149.92547607421875,844.7999877929688,77.5986822,12.9780118
1766300636145857500,907.560857421875,6.242654800415039,0.11731033027172089,4.124709129333496,9.9350004196167,1.2097440958023071,155.00047302246094,844.7999877929688,77.5986876,12.9780063
1766300637145857500,908.560857421875,12.61301326751709,0.38805729150772095,4.134709358215332,9.9350004196167,1.9777597188949585,153.0075225830078,844.7999877929688,77.5986979,12.9779937
1766300638145857300,909.5608571777344,18.747400283813477,0.7956126928329468,4.14470911026001,9.9350004196167,2.7004199028015137,142.10479736328125,844.7999877929688,77.5987143,12.977976
1766300639145857500,910.560857421875,14.200425148010254,0.8131722211837769,6.691988945007324,9.9350004196167,3.677335262298584,141.0142822265625,844.7999877929688,77.5987396,12.9779513
1766300640145857800,911.5608579101563,14.259602546691895,0.6727602481842041,6.701988697052002,8.706000328063965,3.0457067489624023,140.9969940185547,844.7999877929688,77.5987674,12.9779234
1766300641145857500,912.560857421875,8.80308723449707,0.5352751612663269,6.711988925933838,7.4770002365112305,3.925049304962158,153.9449462890625,844.7999877929688,77.5987904,12.9778909
1766300642145857800,913.5608579101563,10.430058479309082,1.0195260047912598,6.721988677978516,6.248000144958496,5.050673484802246,154.976318359375,844.7999877929688,77.5988237,12.9778308
1766300643145857500,914.560857421875,16.950597763061523,1.4049196243286133,6.731988906860352,5.019000053405762,5.319889545440674,153.0749053955078,844.7999877929688,77.598852,12.9777866
1766300644145857500,915.560857421875,9.311358451843262,1.199553370475769,6.741988658905029,4.814000129699707,6.827134609222412,151.0236358642578,844.7999877929688,77.5988899,12.9777209
1766300645145857500,916.560857421875,7.6620402336120605,1.0400952100753784,3.0730292797088623,3.7899999618530273,6.405131816864014,158.89053344726562,844.7999877929688,77.5989118,12.9776575
1766300646145857500,917.560857421875,5.596471309661865,0.9261136651039124,3.083029270172119,3.7899999618530273,6.470077991485596,154.04408264160156,844.7999877929688,77.5989372,12.9775987
1766300647145857800,918.5608579101563,6.301802158355713,1.1102354526519775,3.093029260635376,3.7899999618530273,5.977526664733887,156.9809112548828,844.7999877929688,77.5989576,12.9775465
1766300648145857500,919.560857421875,7.223312854766846,0.8431154489517212,3.103029251098633,3.7899999618530273,4.366545677185059,160.9980010986328,844.7999877929688,77.5989762,12.9775134
1766300649145857800,920.5608579101563,8.236588478088379,1.010111689567566,3.1130292415618896,3.7899999618530273,4.153750896453857,157.04583740234375,844.7999877929688,77.5989909,12.977484
1766300650145857500,921.560857421875,8.630128860473633,0.9107909798622131,3.1230292320251465,3.7899999618530273,3.9606359004974365,167.9247283935547,844.7999877929688,77.5990004,12.9774405
1766300651145857500,922.560857421875,8.212020874023438,0.7336499094963074,3.1330292224884033,3.7899999618530273,4.237742900848389,161.0426788330078,844.7999877929688,77.5990141,12.9773967
1766300652145857500,923.560857421875,11.885514259338379,0.9409127235412598,3.0663793087005615,3.7899999618530273,4.161260604858398,159.0283660888672,844.7999877929688,77.5990316,12.9773575
1766300653145857800,924.5608579101563,3.8676273822784424,0.6569950580596924,3.0763792991638184,3.7899999618530273,4.501877307891846,157.0035858154297,844.7999877929688,77.5990518,12.9773172
1766300654145857800,925.5608579101563,4.237699508666992,0.9452837109565735,3.086379289627075,3.7899999618530273,4.4525275230407715,162.53163146972656,844.7999877929688,77.5990683,12.977277
1766300655145857800,926.5608579101563,4.27016019821167,0.7053212523460388,3.096379280090332,3.7899999618530273,3.9623372554779053,165.92047119140625,844.7999877929688,77.5990777,12.9772416
1766300656145857500,927.560857421875,4.488699913024902,0.750545859336853,3.106379270553589,3.7899999618530273,4.115437984466553,158.6616973876953,844.7999877929688,77.599092,12.9772085
1766300657145857500,928.560857421875,4.351354122161865,0.7059675455093384,3.1163792610168457,3.7899999618530273,4.437103748321533,160.30233764648438,844.7999877929688,77.5991126,12.9771717
1766300658145857500,929.560857421875,3.944520950317383,0.6302027702331543,3.1263792514801025,3.7899999618530273,4.440753936767578,160.04135131835938,844.7999877929688,77.5991334,12.9771332
1766300659145857500,930.560857421875,3.864133834838867,0.6035906076431274,3.1363792419433594,3.7899999618530273,4.11818265914917,160.2752685546875,844.7999877929688,77.5991536,12.9770979
1766300660145857800,931.5608579101563,4.089475631713867,0.6878384351730347,3.146379232406616,3.7899999618530273,4.117254734039307,159.2273712158203,844.7999877929688,77.5991716,12.9770637
1766300661145857800,932.5608579101563,4.3611907958984375,0.8138934373855591,3.156379222869873,3.7899999618530273,4.046606063842773,161.54408264160156,844.7999877929688,77.5991902,12.9770311
1766300662145857500,933.560857421875,4.654111862182617,0.9967370629310608,3.16637921333313,3.7899999618530273,3.9216392040252686,161.38661193847656,844.7999877929688,77.5992075,12.977
1766300663145857500,934.560857421875,4.850359916687012,0.7260112166404724,3.1763792037963867,3.7899999618530273,3.0109052658081055,165.73851013183594,844.7999877929688,77.5992203,12.9769768
1766300664145857500,935.560857421875,5.160028457641602,0.7784338593482971,3.1863791942596436,3.7899999618530273,2.0803780555725098,170.2234649658203,844.7999877929688,77.5992267,12.9769631
1766300665145857500,936.560857421875,45,0.07056421041488647,3.1963791847229004,3.7899999618530273,2.051079273223877,170.08351135253906,844.7999877929688,77.5992297,12.9769635
1766300666145857500,937.560857421875,45,0.09514616429805756,3.2063791751861572,3.7899999618530273,1.9668861627578735,169.8531494140625,844.7999877929688,77.5992304,12.9769654
1766300667145857500,938.560857421875,6.057842254638672,0.7179004549980164,3.216379165649414,3.7899999618530273,0.7200446128845215,171.28953552246094,844.7999877929688,77.5992302,12.9769652
1766300668145857300,939.5608571777344,6.30693244934082,0.6878938674926758,3.226379156112671,3.7899999618530273,1.3339550495147705,167.413818359375,844.7999877929688,77.5992316,12.9769554
1766300669145857500,940.560857421875,6.618004322052002,0.738578200340271,3.236379384994507,3.7899999618530273,1.6141780614852905,157.54660034179688,844.7999877929688,77.5992372,12.9769409
1766300670145857500,941.560857421875,8.062178611755371,0.7017499208450317,5.470889091491699,3.7899999618530273,1.4775357246398926,164.52793884277344,866.3999633789062,77.5992434,12.9769274
1766300671145857500,942.560857421875,7.166081428527832,0.6418382525444031,5.480889320373535,3.7899999618530273,1.2790091037750244,170.15304565429688,866.3999633789062,77.5992469,12.9769158
1766300672145857500,943.560857421875,45,0.7303211092948914,5.490889549255371,3.7899999618530273,1.270072102546692,170.08267211914062,866.3999633789062,77.599249,12.976912
1766300673145857500,944.560857421875,45,0.06986907869577408,5.500889301300049,3.7899999618530273,1.2198182344436646,169.625,866.3999633789062,77.5992514,12.9769142
1766300674145857500,945.560857421875,45,0.07069585472345352,5.510889530181885,3.7899999618530273,1.138455867767334,169.115234375,866.3999633789062,77.5992525,12.9769157
1766300675145857500,946.560857421875,45,0.0706968903541565,5.5208892822265625,3.7899999618530273,1.0359461307525635,168.4583282470703,866.3999633789062,77.5992535,12.976917
1766300676145857300,947.5608571777344,45,0.07069489359855652,2.5,3.7899999618530273,0.9240328073501587,167.88174438476562,831.5196533203125,77.5992541,12.9769178
1766300677145857500,948.560857421875,45,0.07069557160139084,2.5,3.7899999618530273,0.8150944113731384,167.22311401367188,831.4814453125,77.5992548,12.9769182
1766300678145857500,949.560857421875,45,0.07069557160139084,2.5,3.7899999618530273,0.7100086808204651,166.65768432617188,831.4710693359375,77.5992552,12.9769185
1766300679145857500,950.560857421875,45,0.07069510966539383,2.5,3.7899999618530273,0.6135900020599365,166.18951416015625,831.501708984375,77.5992555,12.9769186
1766300680145857500,951.560857421875,45,0.07069506496191025,2.5,3.7899999618530273,0.5289353132247925,165.0010223388672,831.4736328125,77.5992562,12.9769188
1766300681145857500,952.560857421875,45,0.07070140540599823,2.5,3.7899999618530273,0.4493710696697235,163.7779541015625,831.515625,77.5992567,12.9769191
1766300682145857500,953.560857421875,45,0.07069888710975647,2.5,3.7899999618530273,0.3882271945476532,162.9827880859375,831.4951171875,77.5992571,12.9769189
1766300683145857500,954.560857421875,45,0.07069792598485947,4.477047443389893,3.7899999618530273,0.3541555404663086,162.55062866210938,860.7999877929688,77.5992573,12.9769193
1766300684145857300,955.5608571777344,45,0.07069975882768631,4.4870476722717285,3.7899999618530273,0.16495220363140106,158.77706909179688,860.7999877929688,77.5992575,12.9769195
1766300685145857300,956.5608571777344,0,0.07069867849349976,4.4970479011535645,3.7899999618530273,0.05751177296042442,0,860.7999877929688,77.5992575,12.9769197
1766300686145857500,957.560857421875,0,0.07070039957761765,4.507047653198242,3.7899999618530273,0.018082980066537857,0,860.7999877929688,77.5992575,12.9769198
1766300687145858000,958.5608581542969,0,0.07069683820009232,4.517047882080078,3.7899999618530273,0.005406279116868973,0,860.7999877929688,77.5992575,12.9769198
1766300688145857300,959.5608571777344,0,0.07069621980190277,15.209946632385254,3.7899999618530273,0.007215780206024647,0,856.7999877929688,77.5992576,12.9769198
1766300689145857300,960.5608571777344,0,0.07069610804319382,15.21994686126709,3.7899999618530273,0.003348181489855051,0,856.7999877929688,77.5992576,12.9769198
1766300690145857300,961.5608571777344,0,0.07069510966539383,15.22994613647461,3.7899999618530273,0.0012153437128290534,0,856.7999877929688,77.5992576,12.9769198
1766300691145857300,962.5608571777344,0,0.07069507986307144,15.239946365356445,3.7899999618530273,0.00039527262561023235,0,856.7999877929688,77.5992576,12.9769198
1766300692145857300,963.5608571777344,0,0.07069487869739532,15.249946594238281,3.7899999618530273,0.00629066489636898,0,856.7999877929688,77.5992576,12.9769197
1766300693145858000,964.5608581542969,0,0.07069499045610428,15.259946823120117,3.7899999618530273,0.003124139504507184,0,856.7999877929688,77.5992576,12.9769197
1766300694145857300,965.5608571777344,0,0.07069507241249084,15.269946098327637,3.7899999618530273,0.001160243758931756,0,856.7999877929688,77.5992576,12.9769197
1766300695145857500,966.560857421875,0,0.07069580256938934,10.0859956741333,3.7899999618530273,0.006137121003121138,0,866.3999633789062,77.5992577,12.9769197
1766300696145857300,967.5608571777344,0,0.0706963762640953,10.095995903015137,3.7899999618530273,0.0030454217921942472,0,866.3999633789062,77.5992577,12.9769197
1766300697145857500,968.560857421875,0,0.07069548219442368,10.105996131896973,3.7899999618530273,0.0011308278189972043,0,866.3999633789062,77.5992577,12.9769197
1766300698145857500,969.560857421875,0,0.07069633156061172,10.115996360778809,3.7899999618530273,0.00649439450353384,0,866.3999633789062,77.5992578,12.9769197
1766300699145856800,970.5608566894531,0,0.07069740444421768,10.125995635986328,3.7899999618530273,0.0031567502301186323,0,866.3999633789062,77.5992578,12.9769197
1766300700145857500,971.560857421875,0,0.07069595903158188,10.135995864868164,3.7899999618530273,0.00728618586435914,0,866.3999633789062,77.5992579,12.9769197
1766300701145857500,972.560857421875,0,0.07069801539182663,18.856897354125977,3.7899999618530273,0.0034238582011312246,0,856.7999877929688,77.5992579,12.9769197
1766300702145857300,973.5608571777344,0,0.07069817185401917,18.866897583007812,3.7899999618530273,0.0012470921501517296,0,856.7999877929688,77.5992579,12.9769197
1766300703145857500,974.560857421875,0,0.0706971064209938,18.87689781188965,3.7899999618530273,0.006528686266392469,0,856.7999877929688,77.599258,12.9769197
1766300704145857500,975.560857421875,0,0.07070204615592957,18.886898040771484,3.7899999618530273,0.0031665093265473843,0,856.7999877929688,77.599258,12.9769197
1766300705145857500,976.560857421875,0,0.07069757580757141,18.89689826965332,3.7899999618530273,0.0011664405465126038,0,856.7999877929688,77.599258,12.9769197
1766300706145857500,977.560857421875,0,0.07069700211286545,18.906898498535156,3.7899999618530273,0.0003821949940174818,0,856.7999877929688,77.599258,12.9769197
1766300707145857300,978.5608571777344,0,0.0706997811794281,18.91689682006836,3.7899999618530273,0.00011719225585693493,0,856.7999877929688,77.599258,12.9769197
1766300708145857300,979.5608571777344,0,0.07069628685712814,7.176318645477295,3.7899999618530273,0.006283408030867577,0,866.3999633789062,77.599258,12.9769196
1766300709145857500,980.560857421875,0,0.07069645076990128,7.186318874359131,3.7899999618530273,0.003122351597994566,0,866.3999633789062,77.599258,12.9769196
1766300710145857300,981.5608571777344,0,0.07069690525531769,7.196318626403809,3.7899999618530273,0.0011597926495596766,0,866.3999633789062,77.599258,12.9769196
1766300711145857300,982.5608571777344,0,0.07069843262434006,7.2063188552856445,3.7899999618530273,0.006135082803666592,0,866.3999633789062,77.5992581,12.9769196
1766300712145857800,983.5608579101563,0,0.07069569826126099,7.216318607330322,3.7899999618530273,0.0030448632314801216,0,866.3999633789062,77.5992581,12.9769196
1766300713145857500,984.560857421875,0,0.07069849967956543,9.11681842803955,3.7899999618530273,0.0011306776432320476,0,866.3999633789062,77.5992581,12.9769196
1766300714145857300,985.5608571777344,0,0.07069621235132217,9.126818656921387,3.7899999618530273,0.00037201764644123614,0,866.3999633789062,77.5992581,12.9769196
1766300715145857800,986.5608579101563,0,0.07069724053144455,9.136817932128906,3.7899999618530273,0.0001143656627391465,0,866.3999633789062,77.5992581,12.9769196
1766300716145857300,987.5608571777344,0,0.07069793343544006,9.146818161010742,3.7899999618530273,0.00003363522046129219,0,866.3999633789062,77.5992581,12.9769196
1766300717145857500,988.560857421875,0,0.07069580256938934,9.156818389892578,3.7899999618530273,0.000009583260180079378,0,866.3999633789062,77.5992581,12.9769196
1766300718145857500,989.560857421875,0,0.07069545984268188,9.166818618774414,3.7899999618530273,0.000002664938165253261,0,866.3999633789062,77.5992581,12.9769196
1766300719145857500,990.560857421875,0,0.0706954374909401,9.176817893981934,3.7899999618530273,7.267385626619216e-7,0,866.3999633789062,77.5992581,12.9769196
1766300720145857500,991.560857421875,0,0.07069443166255951,17.484262466430664,3.7899999618530273,1.9497016978675674e-7,0,866.3999633789062,77.5992581,12.9769196
1766300721145857500,992.560857421875,0,0.07069443166255951,17.4942626953125,3.7899999618530273,0.006283314898610115,0,866.3999633789062,77.5992581,12.9769195
1766300722145857500,993.560857421875,0,0.07069496065378189,17.504262924194336,3.7899999618530273,0.0031223369296640158,0,866.3999633789062,77.5992581,12.9769195
1766300723145857500,994.560857421875,0,0.07069419324398041,17.514263153076172,3.7899999618530273,0.0011597895063459873,0,866.3999633789062,77.5992581,12.9769195
1766300724145857500,995.560857421875,0,0.07069522142410278,17.524263381958008,3.7899999618530273,0.00038164417492225766,0,866.3999633789062,77.5992581,12.9769195
1766300725145857500,996.560857421875,0,0.07069440931081772,17.534263610839844,3.7899999618530273,0.006400647573173046,0,866.3999633789062,77.5992581,12.9769194
1766300726145858000,997.5608581542969,0,0.07069506496191025,17.58522605895996,3.7899999618530273,0.003156845225021243,0,866.3999633789062,77.5992581,12.9769194
1766300727145857300,998.5608571777344,0,0.0706949383020401,17.595226287841797,3.7899999618530273,0.0011696221772581339,0,866.3999633789062,77.5992581,12.9769194
1766300728145857500,999.560857421875,0,0.0706966295838356,17.605226516723633,3.7899999618530273,0.00038437856710515916,0,866.3999633789062,77.5992581,12.9769194
1766300729145857800,1000.5608579101563,0,0.07069873064756393,17.61522674560547,3.7899999618530273,0.006401392165571451,0,866.3999633789062,77.5992581,12.9769193
1766300730145857300,1001.5608571777344,0,0.0706975981593132,17.625226974487305,3.7899999618530273,0.00315704639069736,0,866.3999633789062,77.5992581,12.9769193
1766300731145857500,1002.560857421875,0,0.07069539278745651,17.635225296020508,3.7899999618530273,0.0062331887893378735,0,866.3999633789062,77.599258,12.9769193
1766300732145857500,1003.560857421875,0,0.07070160657167435,17.645225524902344,3.7899999618530273,0.0030665905214846134,0,866.3999633789062,77.599258,12.9769193
1766300733145857800,1004.5608579101563,0,0.07069890946149826,2.5,3.7899999618530273,0.0011362506775185466,0,831.479248046875,77.599258,12.9769193
1766300734145857800,1005.5608579101563,0,0.07069884985685349,2.5,3.7899999618530273,0.00037349030026234686,0,831.4788818359375,77.599258,12.9769193
1766300735145857800,1006.5608579101563,0,0.07070654630661011,2.5,3.7899999618530273,0.00011475603969302028,0,831.478271484375,77.599258,12.9769193
1766300736145857800,1007.5608579101563,0,0.07070309668779373,2.5,3.7899999618530273,0.00003373815707163885,0,831.478515625,77.599258,12.9769193
1766300737145857500,1008.560857421875,0,0.07069914788007736,2.5,3.7899999618530273,0.0062825726345181465,0,831.478515625,77.599258,12.9769194
1766300738145857500,1009.560857421875,0,0.07071138173341751,2.5,3.7899999618530273,0.0031221373938024044,0,831.47705078125,77.599258,12.9769194
1766300739145857500,1010.560857421875,0,0.07070178538560867,2.5,3.7899999618530273,0.006230618339031935,0,831.476806640625,77.5992581,12.9769194
1766300740145857500,1011.560857421875,0,0.07070065289735794,2.5,3.7899999618530273,0.003066052682697773,0,831.4757080078125,77.5992581,12.9769194
1766300741145857500,1012.560857421875,0,0.07069983333349228,2.5,3.7899999618530273,0.0011361216893419623,0,831.474853515625,77.5992581,12.9769194
1766300742145857300,1013.5608571777344,0,0.07070056349039078,2.5,3.7899999618530273,0.00037345834425650537,0,831.474365234375,77.5992581,12.9769194
1766300743145857500,1014.560857421875,0,0.07070505619049072,2.5,3.7899999618530273,0.00011474802886368707,0,831.472900390625,77.5992581,12.9769194
1766300744145857500,1015.560857421875,0,0.07070227712392807,2.5,3.7899999618530273,0.00003373615618329495,0,831.4716796875,77.5992581,12.9769194
1766300745145857800,1016.5608579101563,0,0.07071060687303543,2.5,3.7899999618530273,0.0062840660102665424,0,831.471435546875,77.5992581,12.9769195
1766300746145857500,1017.560857421875,0,0.07070215046405792,2.5,3.7899999618530273,0.0031225373968482018,0,831.469970703125,77.5992581,12.9769195
1766300747145857800,1018.5608579101563,0,0.07070092856884003,2.5,3.7899999618530273,0.0011598423589020967,0,831.46875,77.5992581,12.9769195
1766300748145857500,1019.560857421875,0,0.07070071995258331,2.5,3.7899999618530273,0.00038165797013789415,0,831.4674072265625,77.5992581,12.9769195
1766300749145857800,1020.5608579101563,0,0.07070185989141464,2.5,3.7899999618530273,0.00011733678547898307,0,831.465087890625,77.5992581,12.9769195
1766300750145857800,1021.5608579101563,0,0.07070007175207138,2.5,3.7899999618530273,0.000034510409022914246,0,831.462158203125,77.5992581,12.9769195
1766300751145857500,1022.560857421875,0,0.07070120424032211,2.5,3.7899999618530273,0.000009832891009864397,0,831.4595947265625,77.5992581,12.9769195
1766300752145857800,1023.5608579101563,0,0.07070145756006241,2.5,3.7899999618530273,0.006286047864705324,0,831.4576416015625,77.5992581,12.9769196
1766300753145857800,1024.5608579101563,0,0.07070223242044449,2.5,3.7899999618530273,0.003123081987723708,0,831.456298828125,77.5992581,12.9769196
1766300754145857500,1025.560857421875,0,0.07070578634738922,2.5,3.7899999618530273,0.0011599896242842078,0,831.456298828125,77.5992581,12.9769196
1766300755145857500,1026.560857421875,0,0.07070621848106384,2.5,3.7899999618530273,0.006134347058832645,0,831.455810546875,77.5992582,12.9769196
1766300756145857500,1027.560857421875,0,0.07070433348417282,7.801266193389893,3.7899999618530273,0.003044666489586234,0,860.7000122070312,77.5992582,12.9769196
1766300757145857500,1028.560857421875,0,0.07070229947566986,7.81126594543457,3.7899999618530273,0.001130625489167869,0,860.7000122070312,77.5992582,12.9769196
1766300758145857500,1029.560857421875,0,0.07070232182741165,7.821266174316406,3.7899999618530273,0.00037200399674475193,0,860.7000122070312,77.5992582,12.9769196
1766300759145857500,1030.560857421875,0,0.07070395350456238,7.831265926361084,3.7899999618530273,0.00011436217027949169,0,860.7000122070312,77.5992582,12.9769196
1766300760145857500,1031.560857421875,0,0.0707072988152504,7.84126615524292,3.7899999618530273,0.00003363432188052684,0,860.7000122070312,77.5992582,12.9769196
1766300761145857300,1032.5608571777343,0,0.07070145010948181,7.851265907287598,3.7899999618530273,0.000009583033715898637,0,860.7000122070312,77.5992582,12.9769196
1766300762145857500,1033.560857421875,0,0.07070311903953552,7.861266136169434,3.7899999618530273,0.008774840272963047,0,860.7000122070312,77.5992583,12.9769197
1766300763145857500,1034.560857421875,0,0.07070392370223999,2.5,3.7899999618530273,0.004360013175755739,0,831.4482421875,77.5992583,12.9769197
1766300764145857500,1035.560857421875,0,0.07070253789424896,2.5,3.7899999618530273,0.0016194700729101896,0,831.451171875,77.5992583,12.9769197
1766300765145857300,1036.5608571777343,0,0.07070354372262955,2.5,3.7899999618530273,0.0005328992265276611,0,831.453369140625,77.5992583,12.9769197
1766300766145857500,1037.560857421875,0,0.07070203125476837,2.5,3.7899999618530273,0.03072686679661274,0,831.460205078125,77.5992588,12.9769197
1766300767145857500,1038.560857421875,0,0.07070295512676239,2.5,3.7899999618530273,0.022282525897026062,0,831.46044921875,77.5992589,12.9769198
1766300768145857500,1039.560857421875,0,0.0707017332315445,2.5,3.7899999618530273,0.009248979389667511,0,831.458984375,77.5992589,12.9769198
1766300769145857300,1040.5608571777343,0,0.07070384174585342,14.305047035217285,3.7899999618530273,0.01045458298176527,0,866.3999633789062,77.599259,12.9769197
1766300770145857500,1041.560857421875,0,0.07070118188858032,14.315046310424805,3.7899999618530273,0.0048374272882938385,0,866.3999633789062,77.599259,12.9769197
1766300771145858000,1042.560858154297,0,0.07070380449295044,14.32504653930664,3.7899999618530273,0.001755610341206193,0,866.3999633789062,77.599259,12.9769197
1766300772145857500,1043.560857421875,0,0.07070176303386688,14.335046768188477,3.7899999618530273,0.0005710413679480553,0,866.3999633789062,77.599259,12.9769197
1766300773145858000,1044.560858154297,0,0.0707007423043251,14.345046997070312,3.7899999618530273,0.00017432654567528516,0,866.3999633789062,77.599259,12.9769197
1766300774145857500,1045.560857421875,0,0.07070112228393555,14.355046272277832,3.7899999618530273,0.00005102533759782091,0,866.3999633789062,77.599259,12.9769197
1766300775145857500,1046.560857421875,0,0.07070227712392807,14.846738815307617,3.7899999618530273,0.0061111836694180965,0,844,77.5992589,12.9769197
1766300776145857500,1047.560857421875,0,0.07070353627204895,14.856739044189453,3.7899999618530273,0.003039287868887186,0,844,77.5992589,12.9769197
1766300777145857500,1048.560857421875,0,0.07070311158895493,14.866739273071289,3.7899999618530273,0.006384665612131357,0,844,77.5992589,12.9769196
1766300778145858000,1049.560858154297,0,0.07070346921682358,14.876739501953125,3.7899999618530273,0.0031445613130927086,0,844,77.5992589,12.9769196
1766300779145857500,1050.560857421875,0,0.07070322334766388,14.886738777160645,3.7899999618530273,0.0011654541594907641,0,844,77.5992589,12.9769196
1766300780145857800,1051.5608579101563,0,0.07070251554250717,14.89673900604248,3.7899999618530273,0.00038313414552249014,0,844,77.5992589,12.9769196
1766300781145857500,1052.560857421875,0,0.07070260494947433,14.906739234924316,3.7899999618530273,0.006133160088211298,0,844,77.5992588,12.9769196
1766300782145857500,1053.560857421875,0,0.07070381939411163,2.5,3.7899999618530273,0.0030452634673565626,0,831.4534912109375,77.5992588,12.9769196
1766300783145857500,1054.560857421875,0,0.07070253044366837,2.5,3.7899999618530273,0.0011308679822832346,0,831.4512939453125,77.5992588,12.9769196
1766300784145857500,1055.560857421875,0,0.07070218026638031,2.5,3.7899999618530273,0.0003720789682120085,0,831.447998046875,77.5992588,12.9769196
1766300785145857500,1056.560857421875,0,0.07070248574018478,2.5,3.7899999618530273,0.0062851011753082275,0,831.4456787109375,77.5992588,12.9769195
1766300786145857500,1057.560857421875,0,0.07070229947566986,2.5,3.7899999618530273,0.006902738474309444,0,831.4429931640625,77.5992587,12.9769195
1766300787145857500,1058.560857421875,0,0.07070258259773254,11.064827919006348,3.7899999618530273,0.0032649452332407236,0,866.3999633789062,77.5992587,12.9769195
1766300788145857500,1059.560857421875,0,0.07070354372262955,11.074828147888184,3.7899999618530273,0.0011953312205150723,0,866.3999633789062,77.5992587,12.9769195
1766300789145858000,1060.560858154297,0,0.07070406526327133,11.08482837677002,3.7899999618530273,0.0003906394704245031,0,866.3999633789062,77.5992587,12.9769195
1766300790145857300,1061.5608571777343,0,0.07070419937372208,11.094827651977539,3.7899999618530273,0.0062370821833610535,0,866.3999633789062,77.5992586,12.9769195
1766300791145857500,1062.560857421875,0,0.07070394605398178,11.104827880859375,3.7899999618530273,0.0030760986264795065,0,866.3999633789062,77.5992586,12.9769195
1766300792145857500,1063.560857421875,7.594573497772217,0.700459897518158,11.114828109741211,3.7899999618530273,1.088196873664856,153.9691619873047,866.3999633789062,77.5992627,12.9769112
1766300793145857500,1064.560857421875,22.784360885620117,0.8426905274391174,11.124828338623047,3.7899999618530273,2.294437885284424,162.95606994628906,866.3999633789062,77.5992707,12.9768934
1766300794145857800,1065.5608579101563,2.5477540493011475,0.7020772695541382,2.5,3.7899999618530273,2.40006160736084,150.03395080566406,832.418701171875,77.599281,12.9768719
1766300795145857300,1066.5608571777343,2.5559334754943848,0.7260420322418213,2.5,3.7899999618530273,2.9626481533050537,169.96710205078125,832.32421875,77.5992903,12.976847
1766300796145857500,1067.560857421875,2.5728907585144043,0.707388699054718,2.5,3.7899999618530273,2.553358793258667,171.01075744628906,832.30712890625,77.5992956,12.976822
1766300797145857500,1068.560857421875,2.599151134490967,0.7049476504325867,2.5,3.7899999618530273,2.5205721855163574,166.00686645507812,832.4559326171875,77.5992986,12.9767995
1766300798145857800,1069.5608579101563,2.6252188682556152,0.6949185132980347,2.5,3.7899999618530273,3.15535306930542,164.9810028076172,832.51318359375,77.5993035,12.9767723
1766300799145857800,1070.5608579101563,2.65333890914917,0.6891176104545593,2.5,3.7899999618530273,4.022287845611572,188.00018310546875,832.466064453125,77.5993047,12.9767367
1766300800145857500,1071.560857421875,8.966371536254883,0.702401340007782,2.5,3.7899999618530273,4.464993000030518,202.88465881347656,832.4207763671875,77.5992911,12.9766972
1766300801145857800,1072.5608579101563,2.687093734741211,0.6573675274848938,2.5,3.7899999618530273,4.837595462799072,212.62881469726562,832.231201171875,77.5992673,12.9766586
1766300802145857500,1073.560857421875,2.6914334297180176,0.8182041049003601,2.5,3.7899999618530273,4.944758892059326,210.7914276123047,832.10302734375,77.5992383,12.976619
1766300803145857500,1074.560857421875,2.7465317249298096,0.9136019945144653,2.5,3.7899999618530273,5.313284397125244,219.1302490234375,831.86767578125,77.599205,12.9765813
1766300804145857500,1075.560857421875,2.688056707382202,0.8094998598098755,2.5,3.7899999618530273,5.602269172668457,220.59896850585938,831.662841796875,77.5991668,12.9765439
1766300805145857300,1076.5608571777343,2.5337798595428467,0.8682820200920105,2.5,3.7899999618530273,5.954709529876709,227.0797882080078,831.64453125,77.5991238,12.9765067
1766300806145857300,1077.5608571777343,2.4656405448913574,0.9039554595947266,2.5,3.7899999618530273,6.598808765411377,231.6602020263672,831.5927734375,77.5990707,12.9764715
1766300807145857300,1078.5608571777343,2.3642895221710205,0.819142758846283,2.5,3.7899999618530273,7.469069004058838,236.7960662841797,831.293701171875,77.59901,12.9764351
1766300808145857800,1079.5608579101563,2.393224000930786,0.9521653652191162,2.5,3.7899999618530273,8.13685417175293,235.28355407714844,831.118408203125,77.5989425,12.9763939
1766300809145857300,1080.5608571777343,2.1898868083953857,0.8106849789619446,2.5,3.7899999618530273,8.366365432739258,234.98451232910156,831.6583251953125,77.5988833,12.976349
1766300810145857500,1081.560857421875,1.8927149772644043,0.7758720517158508,2.5,3.7899999618530273,8.896404266357422,231.904296875,832.270263671875,77.5988216,12.9762931
1766300811145857800,1082.5608579101563,1.7549532651901245,0.8152777552604675,2.5,3.7899999618530273,9.345378875732422,231.14501953125,831.975341796875,77.5987529,12.9762352
1766300812145857500,1083.560857421875,1.229880452156067,0.7564709186553955,2.5,3.7899999618530273,9.997054100036621,231.64901733398438,831.6512451171875,77.5986774,12.9761772
1766300813145857800,1084.5608579101563,1.1592451333999634,0.7482436299324036,2.5,3.7899999618530273,10.616461753845215,232.5283966064453,831.57763671875,77.5985976,12.9761173
1766300814145857800,1085.5608579101563,0.8890119194984436,0.7528146505355835,2.5,3.7899999618530273,10.926488876342773,232.05728149414062,831.0491943359375,77.5985151,12.9760529
1766300815145857500,1086.560857421875,0.8520364761352539,0.7468175292015076,2.5,3.7899999618530273,10.923053741455078,232.02000427246094,830.859619140625,77.598431,12.9759932
1766300816145857800,1087.5608579101563,0.8826584219932556,0.7689223289489746,2.5,3.7899999618530273,11.056855201721191,234.232421875,830.4580078125,77.5983459,12.975936
1766300817145857500,1088.560857421875,0.8991578221321106,0.7502487301826477,2.5,3.7899999618530273,11.069886207580566,232.54403686523438,830.2509765625,77.5982639,12.9758765
1766300818145857500,1089.560857421875,0.8726766705513,0.7638118267059326,2.5,3.7899999618530273,11.227015495300293,232.0961456298828,830.019775390625,77.598184,12.9758124
1766300819145857300,1090.5608571777343,0.8825076818466187,0.741856575012207,2.5,3.7899999618530273,11.196992874145508,231.27151489257812,830.0078125,77.5981039,12.975749
1766300820145857500,1091.560857421875,0.8356665968894958,0.7272429466247559,2.471755266189575,3.7899999618530273,10.918017387390137,229.5914306640625,842,77.5980256,12.9756854
1766300821145857300,1092.5608571777343,0.8176908493041992,0.7570987939834595,2.481755256652832,3.7899999618530273,10.733804702758789,230.68162536621094,842,77.597948,12.9756241
1766300822145857300,1093.5608571777343,0.8366897702217102,0.7833684682846069,2.491755247116089,3.7899999618530273,10.895801544189453,231.62257385253906,842,77.597868,12.9755643
1766300823145857000,1094.5608569335936,0.8879634141921997,0.7863427400588989,2.5017552375793457,3.7899999618530273,11.048676490783691,231.86813354492188,842,77.5977873,12.975504
1766300824145857500,1095.560857421875,0.9644136428833008,0.9400016069412231,2.5117552280426025,3.7899999618530273,11.228316307067871,232.5746307373047,842,77.5977024,12.9754433
1766300825145857300,1096.5608571777343,1.0440744161605835,0.9871054887771606,2.5217552185058594,3.7899999618530273,11.22806167602539,232.197509765625,842,77.5976183,12.9753805
1766300826145857300,1097.5608571777343,1.112455129623413,0.7903270125389099,2.5317554473876953,3.7899999618530273,11.143207550048828,235.90487670898438,842,77.5975334,12.9753208
1766300827145857300,1098.5608571777343,1.0761088132858276,0.8595269918441772,2.541755437850952,3.7899999618530273,11.245206832885742,235.2234344482422,842,77.5974463,12.9752637
1766300828145857300,1099.5608571777343,1.1368268728256226,0.7521051168441772,2.551755428314209,3.7899999618530273,11.287884712219238,235.04164123535156,842,77.5973597,12.9752044
1766300829145857500,1100.560857421875,1.057837724685669,0.7755166888237,2.561755418777466,3.7899999618530273,11.066198348999023,236.5989227294922,842,77.5972766,12.9751487
1766300830145857300,1101.5608571777343,0.9937406778335571,0.7713419198989868,2.5717554092407227,3.7899999618530273,10.57391357421875,237.0975341796875,842,77.5971943,12.9751009
1766300831145857300,1102.5608571777343,0.9984109997749329,0.8125174045562744,2.5817553997039795,3.7899999618530273,10.269699096679688,235.6808624267578,842,77.5971139,12.975053
1766300832145857500,1103.560857421875,1.0193941593170166,0.7832893133163452,2.5917553901672363,3.7899999618530273,9.927505493164062,235.29464721679688,842,77.5970389,12.9750022
1766300833145857300,1104.5608571777343,1.033669352531433,0.7712605595588684,2.601755380630493,3.7899999618530273,9.828507423400879,235.8645782470703,842,77.5969656,12.97495
1766300834145857500,1105.560857421875,1.0341180562973022,0.7985297441482544,2.61175537109375,3.7899999618530273,10.045185089111328,232.95960998535156,842,77.596891,12.974894
1766300835145857500,1106.560857421875,1.049809455871582,0.7397753000259399,2.621755361557007,3.7899999618530273,10.446428298950195,230.6383056640625,842,77.5968145,12.9748339
1766300836145857300,1107.5608571777343,0.9052251577377319,0.7387845516204834,2.6317553520202637,3.7899999618530273,10.705561637878418,230.1111297607422,842,77.596739,12.9747742
1766300837145857500,1108.560857421875,0.8554208874702454,0.8046495914459229,2.6417553424835205,3.7899999618530273,11.007791519165039,231.41770935058594,842,77.596659,12.9747122
1766300838145857500,1109.560857421875,0.8621151447296143,0.7314288020133972,2.6517553329467773,3.7899999618530273,11.238609313964844,231.05874633789062,842,77.596576,12.974648
1766300839145857300,1110.5608571777343,0.756171464920044,0.7258542776107788,2.661755323410034,3.7899999618530273,11.3080472946167,231.0017852783203,842,77.5964938,12.9745838
1766300840145857300,1111.5608571777343,0.74676513671875,0.8131576776504517,2.671755313873291,3.7899999618530273,11.306795120239258,227.43487548828125,842,77.5964146,12.9745172
1766300841145857500,1112.560857421875,0.7925428748130798,0.8032866716384888,2.681755304336548,3.7899999618530273,11.321256637573242,227.84169006347656,842,77.5963392,12.9744478
1766300842145857500,1113.560857421875,0.7927517294883728,0.7933517694473267,6.222665786743164,3.7899999618530273,11.330122947692871,225.76739501953125,850.5,77.5962626,12.9743778
1766300843145857300,1114.5608571777343,0.8264361619949341,0.7452200651168823,6.232666015625,3.7899999618530273,11.304144859313965,226.6971893310547,850.5,77.5961866,12.9743082
1766300844145857300,1115.5608571777343,0.8767205476760864,0.7671080231666565,6.242665767669678,3.7899999618530273,11.33838176727295,226.18218994140625,850.5,77.5961107,12.9742371
1766300845145857300,1116.5608571777343,0.8012492060661316,0.7362293004989624,6.252665996551514,3.7899999618530273,11.34762954711914,226.0437774658203,850.5,77.5960346,12.9741649
1766300846145857300,1117.5608571777343,0.7761902809143066,0.7374511361122131,6.262665748596191,3.7899999618530273,11.33251953125,226.765625,850.5,77.595956,12.9740947
1766300847145857300,1118.5608571777343,0.7421141266822815,0.7554192543029785,6.272665977478027,3.7899999618530273,11.341383934020996,228.43505859375,850.5,77.5958765,12.9740294
1766300848145857300,1119.5608571777343,0.7438215017318726,0.7419843673706055,6.282665729522705,3.7899999618530273,11.352350234985352,230.37808227539062,850.5,77.5957957,12.9739657
1766300849145857300,1120.5608571777343,0.7868490815162659,0.7910935878753662,6.292665958404541,3.7899999618530273,11.318156242370605,228.65731811523438,850.5,77.5957146,12.9739009
1766300850145857300,1121.5608571777343,0.8129181265830994,0.7459404468536377,6.302665710449219,3.7899999618530273,11.273117065429688,228.92092895507812,850.5,77.5956366,12.973834
1766300851145857300,1122.5608571777343,0.8275368213653564,0.8358862996101379,6.312665939331055,3.7899999618530273,11.334756851196289,229.67758178710938,850.5,77.595556,12.9737692
1766300852145857500,1123.560857421875,0.8810746669769287,0.8613256216049194,6.322665691375732,3.7899999618530273,11.347738265991211,229.20074462890625,850.5,77.5954762,12.9737037
1766300853145857500,1124.560857421875,0.9176231026649475,0.7382282614707947,6.332665920257568,3.7899999618530273,11.312314987182617,229.05418395996094,850.5,77.595396,12.9736382
1766300854145857500,1125.560857421875,0.8671571612358093,0.7775593400001526,6.342665672302246,3.7899999618530273,11.276322364807129,229.7580108642578,850.5,77.595316,12.973574
1766300855145857800,1126.5608579101563,0.9087672233581543,0.7598751783370972,6.352665901184082,3.7899999618530273,11.29637336730957,229.19068908691406,850.5,77.5952367,12.9735074
1766300856145857300,1127.5608571777343,0.9323548674583435,0.8487576246261597,6.36266565322876,3.7899999618530273,11.275142669677734,226.9656219482422,850.5,77.59516,12.9734377
1766300857145857300,1128.5608571777343,0.9670870304107666,0.7823017239570618,6.372665882110596,3.7899999618530273,11.234256744384766,224.0392608642578,850.5,77.5950862,12.9733622
1766300858145857500,1129.560857421875,0.9635879397392273,0.7662031650543213,6.382665634155273,3.7899999618530273,11.213390350341797,220.28118896484375,850.5,77.5950162,12.9732826
1766300859145857500,1130.560857421875,1.0404192209243774,0.8440232872962952,6.392665863037109,3.7899999618530273,11.186995506286621,217.94203186035156,850.5,77.5949508,12.9732024
1766300860145857500,1131.560857421875,0.9509050250053406,0.7672767043113708,6.402665615081787,3.7899999618530273,11.256202697753906,217.99945068359375,850.5,77.594887,12.9731222
1766300861145857800,1132.5608579101563,0.917374849319458,0.7405842542648315,1.935437560081482,3.7899999618530273,11.273824691772461,218.0060272216797,838.2000122070312,77.5948211,12.9730435
1766300862145857300,1133.5608571777343,0.8062178492546082,0.7378934025764465,1.9454375505447388,3.7899999618530273,11.270940780639648,218.00369262695312,838.2000122070312,77.5947541,12.9729647
1766300863145857300,1134.5608571777343,0.7921494245529175,0.7555533051490784,1.9554375410079956,3.7899999618530273,11.255410194396973,217.99717712402344,838.2000122070312,77.5946906,12.9728849
1766300864145857300,1135.5608571777343,0.7586214542388916,0.7326221466064453,1.9654375314712524,3.7899999618530273,11.258605003356934,218.0014190673828,838.2000122070312,77.5946263,12.9728063
1766300865145857500,1136.560857421875,0.7595760822296143,0.7613016963005066,1.9754376411437988,3.7899999618530273,11.002095222473145,217.18324279785156,838.2000122070312,77.594564,12.9727287
1766300866145856800,1137.5608566894532,0.772769570350647,0.7895216941833496,1.9854376316070557,3.7899999618530273,10.579818725585938,216.9236602783203,838.2000122070312,77.5945075,12.9726536
1766300867145857800,1138.5608579101563,0.8274847865104675,0.7568958401679993,1.9954376220703125,3.7899999618530273,10.023756980895996,216.8219757080078,838.2000122070312,77.5944565,12.9725839
1766300868145857500,1139.560857421875,0.8734450340270996,0.8349142670631409,2.0054376125335693,3.7899999618530273,9.47358512878418,215.27052307128906,838.2000122070312,77.5944074,12.9725167
1766300869145857500,1140.560857421875,0.923169732093811,0.8652990460395813,2.015437602996826,3.7899999618530273,8.352611541748047,212.21087646484375,838.2000122070312,77.594369,12.9724561
1766300870145857800,1141.5608579101563,1.0018799304962158,0.9973394870758057,2.025437593460083,3.7899999618530273,7.182121753692627,213.8629150390625,838.2000122070312,77.5943336,12.972409
1766300871145857500,1142.560857421875,1.082391619682312,1.2475743293762207,2.03543758392334,3.7899999618530273,6.811628818511963,217.58987426757812,838.2000122070312,77.5942942,12.972361
1766300872145857500,1143.560857421875,1.166264533996582,1.151496171951294,2.0454375743865967,3.7899999618530273,5.417023181915283,206.65133666992188,838.2000122070312,77.5942686,12.9723312
1766300873145857800,1144.5608579101563,1.2528349161148071,0.8901379108428955,2.0554375648498535,3.7899999618530273,4.5543904304504395,194.2666015625,838.2000122070312,77.5942647,12.9723007
1766300874145857500,1145.560857421875,1.3418303728103638,0.8638781309127808,2.0654375553131104,3.7899999618530273,3.572456121444702,196.927978515625,838.2000122070312,77.5942612,12.9722731
1766300875145857500,1146.560857421875,1.4387054443359375,0.9529141187667847,7.483127593994141,3.7899999618530273,2.745459794998169,177.07757568359375,844.0999755859375,77.5942586,12.9722539
1766300876145857500,1147.560857421875,1.5333431959152222,0.7463204860687256,7.493127346038818,3.7899999618530273,2.6435346603393555,173.21792602539062,844.0999755859375,77.5942636,12.9722323
1766300877145857500,1148.560857421875,1.6213489770889282,0.8647500276565552,7.503127574920654,3.7899999618530273,3.485388994216919,163.87677001953125,844.0999755859375,77.5942701,12.9722014
1766300878145857500,1149.560857421875,1.6922975778579712,0.9021481871604919,7.513127326965332,3.7899999618530273,4.292474746704102,161.64041137695312,844.0999755859375,77.5942809,12.9721622
1766300879145857300,1150.5608571777343,1.7940499782562256,0.9584543704986572,7.523127555847168,3.7899999618530273,4.809999942779541,149,844.0999755859375,77.5942994,12.9721204
1766300880145857300,1151.5608571777343,1.8887182474136353,1.029343605041504,7.533127307891846,3.7899999618530273,5.71999979019165,128,844.0999755859375,77.5943348,12.9720815
1766300881145857500,1152.560857421875,1.9520214796066284,0.8933613300323486,7.543127536773682,3.7899999618530273,7,121,844.0999755859375,77.5943906,12.9720413
1766300882145857800,1153.5608579101563,1.9975594282150269,0.9484586715698242,7.553127288818359,3.7899999618530273,7.380000114440918,115,844.0999755859375,77.5944501,12.9720079
1766300883145857800,1154.5608579101563,2.0873641967773438,1.0639020204544067,7.563127517700195,3.7899999618530273,6.980000019073486,111,844.0999755859375,77.5945037,12.9719797
1766300884145857500,1155.560857421875,2.1590678691864014,0.9956254959106445,7.573127269744873,3.7899999618530273,6.590000152587891,114,844.0999755859375,77.5945601,12.9719607
1766300885145857300,1156.5608571777343,2.2198801040649414,0.9205824136734009,7.583127498626709,3.7899999618530273,5.829999923706055,115,844.0999755859375,77.5946123,12.9719346
1766300886145857500,1157.560857421875,2.246868848800659,1.0092850923538208,7.593127250671387,3.7899999618530273,5.590000152587891,114,844.0999755859375,77.5946625,12.9719142
1766300887145857500,1158.560857421875,1.998033046722412,0.7888641953468323,7.603127479553223,3.7899999618530273,6.829999923706055,115,844.0999755859375,77.5947246,12.9718886
1766300888145857500,1159.560857421875,1.7791963815689087,0.7913089394569397,7.6131272315979,3.7899999618530273,7.019999980926514,113,844.0999755859375,77.5947868,12.9718689
1766300889145857500,1160.560857421875,1.7576731443405151,0.8042941093444824,7.623127460479736,3.7899999618530273,7.300000190734863,116,844.0999755859375,77.5948474,12.9718436
1766300890145857300,1161.5608571777343,1.741213321685791,0.7605939507484436,7.633127689361572,3.7899999618530273,7.610000133514404,112,844.0999755859375,77.5949116,12.9718155
1766300891145857300,1162.5608571777343,1.4600813388824463,0.7509152293205261,7.64312744140625,3.7899999618530273,7.699999809265137,112,844.0999755859375,77.5949752,12.9717871
1766300892145857300,1163.5608571777343,1.4330146312713623,0.8868891596794128,7.653127670288086,3.7899999618530273,8.09000015258789,109,844.0999755859375,77.595046,12.9717539
1766300893145857300,1164.5608571777343,1.468534231185913,0.8601809144020081,7.663127422332764,3.7899999618530273,8.170000076293945,111,844.0999755859375,77.5951155,12.9717253
1766300894145857500,1165.560857421875,1.496290922164917,0.8026013970375061,7.6731276512146,3.7899999618530273,8.260000228881836,115,844.0999755859375,77.5951835,12.9716915
1766300894178000000,1165.5929997558594,0,0,2.500321388244629,4.004000186920166,0,0,819.0068359375,77.5951835,12.9716915
1766300895145857500,1166.560857421875,1.5038948059082031,0.9296889901161194,2.5,4.004000186920166,8.489999771118164,117,819.14306640625,77.5952548,12.9716582
1766300896145857300,1167.5608571777343,1.5255144834518433,0.854256808757782,2.5,4.004000186920166,7.570000171661377,108,819.26513671875,77.5953212,12.9716352
1766300897145857300,1168.5608571777343,1.6126574277877808,0.9578421711921692,2.5,3.9730000495910645,6.480000019073486,123,819.2132568359375,77.5953729,12.9716092
1766300898145857300,1169.5608571777343,1.6817653179168701,0.9236231446266174,2.5,3.9730000495910645,7.03000020980835,111,819.5272216796875,77.5954327,12.9715819
1766300899145857300,1170.5608571777343,1.7247624397277832,0.8277177810668945,2.5,3.9730000495910645,7.510000228881836,111,819.558349609375,77.5954989,12.9715567
1766300900145857300,1171.5608571777343,1.6778233051300049,0.7611528038978577,2.5,3.7899999618530273,7.71999979019165,109,819.66845703125,77.5955657,12.9715331
1766300901145857000,1172.5608569335936,1.6022239923477173,0.8549232482910156,2.5,3.7899999618530273,7.559999942779541,113,819.66943359375,77.5956286,12.97151
1766300902145857500,1173.560857421875,1.6447153091430664,0.8714727163314819,2.5,3.7899999618530273,6.389999866485596,119,819.281005859375,77.5956792,12.9714865
1766300903145857500,1174.560857421875,1.7252871990203857,0.9525894522666931,2.5,3.7899999618530273,5.119999885559082,124,818.9901123046875,77.5957211,12.9714642
1766300904145857300,1175.5608571777343,2.0136146545410156,0.17942927777767181,2.5,3.7899999618530273,5.730000019073486,107,818.977783203125,77.595772,12.9714504
1766300905145857500,1176.560857421875,2.1630120277404785,0.2281269133090973,2.5,3.7899999618530273,6.789999961853027,102,819.093505859375,77.5958294,12.9714409
1766300906145857500,1177.560857421875,2.1024699211120605,0.22345001995563507,2.5,3.7899999618530273,6.840000152587891,108,819.051513671875,77.5958899,12.9714223
1766300907145857300,1178.5608571777343,0.5599422454833984,0.06451416015625,2.5,3.7899999618530273,7.400000095367432,113,819.1416015625,77.5959523,12.9713998
1766300908145857300,1179.5608571777343,0.5511077642440796,0.06375155597925186,2.5,3.7899999618530273,7.429999828338623,114,819.2177734375,77.5960143,12.9713749
1766300909145857800,1180.5608579101563,0.5575522184371948,0.0637747272849083,2.5,3.7899999618530273,7.340000152587891,115,819.155029296875,77.5960761,12.9713489
1766300910145857300,1181.5608571777343,0.6768014430999756,0.06327983736991882,2.5,3.7899999618530273,6,111,819.09228515625,77.5961295,12.9713261
1766300911145857800,1182.5608579101563,1.0449607372283936,0.06233515962958336,2.5,3.7899999618530273,3.8299999237060547,114,819.080322265625,77.5961684,12.9713103
1766300912145857300,1183.5608571777343,8.611335754394531,0.8775167465209961,2.5,3.7899999618530273,4.46999979019165,115,819.206787109375,77.5962049,12.971293
1766300913145857300,1184.5608571777343,6.880066871643066,0.9249289035797119,2.5,3.7899999618530273,5.289999961853027,109,819.1427001953125,77.5962533,12.9712743
1766300914145857500,1185.560857421875,10.758466720581055,1.0035796165466309,2.5,3.7899999618530273,6.03000020980835,106,819.16650390625,77.5963077,12.9712605
1766300915145857300,1186.5608571777343,7.709624767303467,0.9905124306678772,2.5,3.7899999618530273,6.409999847412109,102,819.156005859375,77.5963662,12.9712482
1766300916145857300,1187.5608571777343,6.160373210906982,0.9094984531402588,2.5,3.7899999618530273,6.78000020980835,109,819.2562255859375,77.5964283,12.9712355
1766300917145857300,1188.5608571777343,5.0589094161987305,0.8718997240066528,2.5,3.7899999618530273,7.079999923706055,103,819.203857421875,77.5964895,12.9712168
1766300918145857300,1189.5608571777343,4.959412097930908,0.9230518937110901,2.5,3.7899999618530273,6.949999809265137,97,819.344970703125,77.5965489,12.9712025
1766300919145857500,1190.560857421875,4.949721336364746,0.919080913066864,2.5,3.7899999618530273,6.400000095367432,91,819.12646484375,77.5966075,12.9711948
1766300920145857300,1191.5608571777343,4.849812030792236,0.8852729201316833,2.5,3.7899999618530273,6.179999828338623,95,818.995361328125,77.5966623,12.9711894
1766300921145857300,1192.5608571777343,4.319021224975586,0.8340755701065063,2.5,3.7899999618530273,6.429999828338623,97,819.226318359375,77.5967201,12.9711788
1766300922145857500,1193.560857421875,4.047301769256592,0.8555428385734558,2.5,3.7899999618530273,6.570000171661377,95,819.1572265625,77.5967788,12.9711772
1766300923145857500,1194.560857421875,3.438338041305542,0.8459857106208801,2.5,3.7899999618530273,6.590000152587891,97,819.161376953125,77.596836,12.9711684
1766300924145857300,1195.5608571777343,3.2140674591064453,0.7883524894714355,2.5,3.7899999618530273,6.619999885559082,98,819.1417236328125,77.5968963,12.9711605
1766300925145857300,1196.5608571777343,2.844019651412964,0.814932644367218,2.5,3.7899999618530273,6.739999771118164,97,819.324951171875,77.5969585,12.9711543
1766300926145857500,1197.560857421875,2.5721752643585205,0.8026193976402283,2.5,3.7899999618530273,6.849999904632568,97,819.3297119140625,77.59702,12.9711481
1766300927145857300,1198.5608571777343,2.736039161682129,0.8722039461135864,2.574396848678589,3.7899999618530273,7.21999979019165,90,819.230712890625,77.5970881,12.9711463
1766300928145857300,1199.5608571777343,2.585430860519409,0.8295620083808899,2.5439610481262207,3.7899999618530273,7.489999771118164,83,819.239013671875,77.5971574,12.9711504
1766300929145857300,1200.5608571777343,2.4512672424316406,0.8230260610580444,2.5,3.7899999618530273,7.929999828338623,83,819.024169921875,77.5972301,12.9711552
1766300930145857300,1201.5608571777343,2.216557264328003,0.8440428376197815,2.5,3.7899999618530273,8.300000190734863,83,819.143798828125,77.5973069,12.9711626
1766300931145857300,1202.5608571777343,2.035362720489502,0.7969490885734558,2.5,3.7899999618530273,8.609999656677246,83,819.266845703125,77.5973873,12.9711718
1766300932145857300,1203.5608571777343,1.9606512784957886,0.869162917137146,2.5,3.7899999618530273,8.489999771118164,86,819.77734375,77.5974639,12.9711817
1766300933145857300,1204.5608571777343,1.8822981119155884,0.7962346076965332,2.5,3.7899999618530273,8.239999771118164,86,819.798828125,77.5975412,12.9711897
1766300934145857500,1205.560857421875,1.7933931350708008,0.7654597163200378,2.5,3.7899999618530273,7.329999923706055,86,819.4432373046875,77.5976077,12.971193
1766300935145857500,1206.560857421875,1.7460476160049438,0.7753357887268066,1.0142885446548462,3.7899999618530273,5.920000076293945,85,836.2000122070312,77.5976589,12.9711958
1766300936145857800,1207.5608579101563,1.8485575914382935,0.8521042466163635,1.024288535118103,3.7899999618530273,4.099999904632568,75,836.2000122070312,77.5976951,12.9712004
1766300937145857500,1208.560857421875,1.9310897588729858,0.848703145980835,1.0342885255813599,3.7899999618530273,3.950000047683716,73,836.2000122070312,77.5977313,12.9712084
1766300938145857500,1209.560857421875,2.0132253170013428,0.919712483882904,1.0442886352539062,3.7899999618530273,4.900000095367432,87,836.2000122070312,77.5977752,12.9712136
1766300939145857500,1210.560857421875,2.075734853744507,0.8307375907897949,1.054288625717163,3.7899999618530273,5.929999828338623,96,836.2000122070312,77.5978311,12.9712102
1766300940145857300,1211.5608571777343,2.1222164630889893,0.9218932390213013,1.06428861618042,3.7899999618530273,6.610000133514404,104,836.2000122070312,77.5978913,12.9711981
1766300941145857500,1212.560857421875,2.182415008544922,0.8552317023277283,1.0742886066436768,3.7899999618530273,6.909999847412109,115,836.2000122070312,77.5979514,12.9711766
1766300942145857300,1213.5608571777343,2.132718801498413,0.7662627696990967,1.0842885971069336,3.7899999618530273,6.96999979019165,117,836.2000122070312,77.598007,12.9711485
1766300943145857300,1214.5608571777343,1.661236047744751,0.7639961242675781,1.0942885875701904,3.7899999618530273,7.210000038146973,115,836.2000122070312,77.5980693,12.9711218
1766300944145857300,1215.5608571777343,1.6688354015350342,0.850347638130188,1.1042885780334473,3.7899999618530273,7.480000019073486,114,836.2000122070312,77.5981357,12.9710913
1766300945145857500,1216.560857421875,1.721091866493225,0.8241086602210999,1.114288568496704,3.7899999618530273,7.769999980926514,109,836.2000122070312,77.598206,12.9710672
1766300946145857300,1217.5608571777343,1.6701991558074951,0.7814910411834717,1.124288558959961,3.7899999618530273,8.260000228881836,105,836.2000122070312,77.5982789,12.9710482
1766300947145857300,1218.5608571777343,1.5823564529418945,0.7988677620887756,1.1342885494232178,3.7899999618530273,8.6899995803833,103,836.2000122070312,77.5983566,12.9710286
1766300948145856800,1219.5608566894532,1.4600123167037964,0.7924461960792542,1.1442885398864746,3.7899999618530273,9.109999656677246,102,836.2000122070312,77.5984368,12.971009
1766300949145857300,1220.5608571777343,1.383642554283142,0.8104090690612793,1.1542885303497314,3.7899999618530273,9.020000457763672,106,836.2000122070312,77.5985179,12.9709838
1766300950145857300,1221.5608571777343,1.3839178085327148,0.8057799339294434,1.1642885208129883,3.7899999618530273,9.579999923706055,106,836.2000122070312,77.5986025,12.9709595
1766300951145857500,1222.560857421875,1.2912358045578003,0.7633406519889832,1.1742886304855347,3.7899999618530273,9.729999542236328,106,836.2000122070312,77.5986898,12.9709373
1766300952145857300,1223.5608571777343,1.2733803987503052,0.7805863618850708,1.1842886209487915,3.7899999618530273,10.039999961853027,105,836.2000122070312,77.5987802,12.9709137
1766300953145857300,1224.5608571777343,1.2367428541183472,0.7992590665817261,1.1942886114120483,3.7899999618530273,10.380000114440918,104,836.2000122070312,77.5988741,12.9708926
1766300954145857300,1225.5608571777343,1.1000992059707642,0.7389806509017944,1.2042886018753052,3.7899999618530273,10.350000381469727,106,836.2000122070312,77.5989643,12.9708739
1766300955145857300,1226.5608571777343,0.9753801226615906,0.7498334050178528,1.214288592338562,3.7899999618530273,10.390000343322754,104,836.2000122070312,77.5990565,12.9708511
1766300956145857300,1227.5608571777343,0.9777012467384338,0.7525135278701782,2.7780380249023438,3.7899999618530273,10.470000267028809,103,844.2999877929688,77.5991501,12.9708289
1766300957145857300,1228.5608571777343,0.9514539837837219,0.7547619342803955,2.7880380153656006,3.7899999618530273,10.5,105,844.2999877929688,77.5992459,12.9708042
1766300958145857300,1229.5608571777343,0.9868445992469788,0.9478878974914551,2.7980380058288574,3.7899999618530273,10.40999984741211,107,844.2999877929688,77.5993365,12.9707773
1766300959145857800,1230.5608579101563,1.0560543537139893,0.8464772701263428,2.8080379962921143,3.7899999618530273,10.420000076293945,108,844.2999877929688,77.5994277,12.9707491
1766300960145857500,1231.560857421875,1.0323883295059204,0.7687461972236633,2.818037986755371,3.7899999618530273,10.460000038146973,106,844.2999877929688,77.5995192,12.9707207
1766300961145857000,1232.5608569335936,1.0272294282913208,0.7458319067955017,2.828038215637207,3.7899999618530273,10.539999961853027,106,844.2999877929688,77.5996118,12.9706917
1766300962145857800,1233.5608579101563,0.9677186012268066,0.8020799160003662,2.838038206100464,3.7899999618530273,10.609999656677246,102,844.2999877929688,77.5997045,12.9706675
1766300963145857300,1234.5608571777343,0.9925702214241028,0.7696147561073303,2.8480381965637207,3.7899999618530273,10.609999656677246,104,844.2999877929688,77.599802,12.9706436
1766300964145857300,1235.5608571777343,0.9707493782043457,0.7595900297164917,2.8580381870269775,3.7899999618530273,10.720000267028809,106,844.2999877929688,77.5998967,12.9706159
1766300965145857300,1236.5608571777343,0.9298000335693359,0.7357136607170105,2.8680381774902344,3.7899999618530273,10.699999809265137,106,844.2999877929688,77.5999917,12.9705895
1766300966145857300,1237.5608571777343,0.9152616858482361,0.9237637519836426,2.878038167953491,3.7899999618530273,10.670000076293945,108,844.2999877929688,77.6000834,12.9705606
1766300967145857300,1238.5608571777343,0.9713614583015442,0.7810632586479187,2.888038158416748,3.7899999618530273,10.489999771118164,108,844.2999877929688,77.6001751,12.9705275
1766300968145857300,1239.5608571777343,0.9580721259117126,0.7633275389671326,2.898038148880005,3.7899999618530273,10.40999984741211,107,844.2999877929688,77.6002662,12.9704982
1766300969145857000,1240.5608569335936,0.9760835766792297,0.7672825455665588,2.9080381393432617,3.7899999618530273,9.65999984741211,104,844.2999877929688,77.6003517,12.9704751
1766300970145857300,1241.5608571777343,0.9760739207267761,0.8207595944404602,2.9180381298065186,3.7899999618530273,8.770000457763672,107,844.2999877929688,77.6004273,12.9704514
1766300971145857300,1242.5608571777343,1.0366131067276,0.79719078540802,2.9280381202697754,3.7899999618530273,8.300000190734863,104,844.2999877929688,77.6005007,12.9704279
1766300972145857300,1243.5608571777343,1.0962803363800049,0.9195343852043152,2.9380381107330322,3.7899999618530273,7.920000076293945,107,844.2999877929688,77.6005698,12.9704082
1766300973145857500,1244.560857421875,1.1769120693206787,0.9559932351112366,2.948038101196289,3.7899999618530273,6.690000057220459,118,844.2999877929688,77.6006264,12.9703856
1766300974145857300,1245.5608571777343,1.2624952793121338,0.9044284224510193,2.958038091659546,3.7899999618530273,5.539999961853027,126,844.2999877929688,77.6006648,12.9703558
1766300975145857300,1246.5608571777343,1.3548423051834106,0.9590075612068176,2.9680380821228027,3.7899999618530273,4.420000076293945,138,844.2999877929688,77.6006954,12.9703313
1766300976145857300,1247.5608571777343,1.4462542533874512,0.8938618302345276,1.051628589630127,3.7899999618530273,3.559999942779541,149,845.2000122070312,77.600714,12.9703082
1766300977145857300,1248.5608571777343,1.5437380075454712,1.1045706272125244,1.0616285800933838,3.7899999618530273,3.2899999618530273,150,845.2000122070312,77.6007263,12.9702829
1766300978145857500,1249.560857421875,1.6428405046463013,1.097914457321167,1.0716285705566406,3.7899999618530273,3.680000066757202,178,845.2000122070312,77.6007309,12.9702534
1766300979145857300,1250.5608571777343,1.7258299589157104,0.9270147085189819,1.0816285610198975,3.7899999618530273,5.75,194,845.2000122070312,77.6007191,12.9702004
1766300980145857500,1251.560857421875,1.8115025758743286,0.9505751729011536,1.0916285514831543,3.7899999618530273,6.869999885559082,198,845.2000122070312,77.6006933,12.9701353
1766300981145857300,1252.5608571777343,1.8325480222702026,0.8650049567222595,1.1016285419464111,3.7899999618530273,8.260000228881836,193,845.2000122070312,77.6006817,12.9700575
1766300982145857500,1253.560857421875,1.696102499961853,0.8051177263259888,1.111628532409668,3.7899999618530273,9.449999809265137,188,845.2000122070312,77.6006593,12.9699611
1766300983145857500,1254.560857421875,1.5222280025482178,0.7699599862098694,1.1216285228729248,3.7899999618530273,10.119999885559082,188,845.2000122070312,77.6006441,12.9698709
1766300984145857500,1255.560857421875,1.2682151794433594,0.752043604850769,1.1316286325454712,3.7899999618530273,10.420000076293945,190,845.2000122070312,77.6006267,12.9697765
1766300985145857300,1256.5608571777343,1.1621257066726685,0.7608262896537781,1.141628623008728,3.7899999618530273,10.600000381469727,193,845.2000122070312,77.6006054,12.9696812
1766300986145857500,1257.560857421875,1.0570999383926392,0.7524513006210327,1.1516286134719849,3.7899999618530273,10.960000038146973,194,845.2000122070312,77.600579,12.9695837
1766300987145857300,1258.5608571777343,1.009254813194275,0.7554922699928284,1.1616286039352417,3.7899999618530273,11.15999984741211,196,845.2000122070312,77.6005512,12.9694854
1766300988145857300,1259.5608571777343,0.9482355117797852,0.7697473168373108,1.1716285943984985,3.7899999618530273,11.329999923706055,193,845.2000122070312,77.6005276,12.9693846
1766300989145857300,1260.5608571777343,0.9389699101448059,0.736427903175354,1.1816285848617554,3.7899999618530273,11.350000381469727,191,845.2000122070312,77.6005079,12.9692823
1766300990145857300,1261.5608571777343,0.8227909207344055,0.7387785911560059,1.1916285753250122,3.7899999618530273,11.319999694824219,192,845.2000122070312,77.6004889,12.9691802
1766300991145857000,1262.5608569335936,0.7022229433059692,0.7363651990890503,1.201628565788269,3.7899999618530273,11.329999923706055,192,845.2000122070312,77.6004665,12.969081
1766300992145857300,1263.5608571777343,0.6511817574501038,0.7365783452987671,1.2116285562515259,3.7899999618530273,11.399999618530273,192,845.2000122070312,77.6004473,12.9689806
1766300993145857300,1264.5608571777343,0.6766064763069153,0.738391101360321,1.2216285467147827,3.7899999618530273,11.470000267028809,194,845.2000122070312,77.600422,12.9688791
1766300994145857300,1265.5608571777343,0.681838870048523,0.7488021850585938,1.2316285371780396,3.7899999618530273,11.5,194,845.2000122070312,77.6003962,12.9687776
1766300995145857300,1266.5608571777343,0.6811486482620239,0.7573496103286743,1.2416285276412964,3.7899999618530273,11.170000076293945,193,845.2000122070312,77.6003762,12.968681
1766300996145857300,1267.5608571777343,0.7207828164100647,0.7446314692497253,1.2516285181045532,3.7899999618530273,10.470000267028809,192,845.2000122070312,77.6003582,12.9685885
1766300997145857500,1268.560857421875,0.7967201471328735,0.9705389142036438,1.9926196336746216,3.7899999618530273,9.760000228881836,195,840.5999755859375,77.6003358,12.9685032
1766300998145857300,1269.5608571777343,0.867000162601471,0.758095383644104,2.002619504928589,3.7899999618530273,9.260000228881836,195,840.5999755859375,77.6003159,12.9684171
1766300999145857300,1270.5608571777343,0.9368467926979065,0.7783514857292175,2.0126194953918457,3.7899999618530273,8.649999618530273,191,840.5999755859375,77.6003038,12.9683353
1766301000145857300,1271.5608571777343,1.0068353414535522,0.7610677480697632,2.0226194858551025,3.7899999618530273,7.539999961853027,192,840.5999755859375,77.6002924,12.9682667
1766301001145857300,1272.5608571777343,1.0834304094314575,0.8497654795646667,2.0326197147369385,3.7899999618530273,5.769999980926514,185,840.5999755859375,77.6002852,12.9682166
1766301002145857300,1273.5608571777343,1.1705316305160522,0.8003316521644592,2.0426197052001953,3.7899999618530273,3.759999990463257,178,840.5999755859375,77.6002848,12.9681858
1766301003145857500,1274.560857421875,1.2676928043365479,0.9855042695999146,2.052619695663452,3.7899999618530273,1.6100000143051147,162,840.5999755859375,77.6002878,12.9681744
1766301004145857500,1275.560857421875,1.3655222654342651,0.9327289462089539,2.062619686126709,3.7899999618530273,0.6399999856948853,166,840.5999755859375,77.6002885,12.9681701
1766301005145857800,1276.5608579101563,0,0.9949039220809937,1.028558611869812,3.7899999618530273,0,0,840.0999755859375,77.6002885,12.9681709
1766301006145857300,1277.5608571777343,0,0.9949164390563965,1.0385586023330688,3.7899999618530273,0,0,840.0999755859375,77.6002867,12.9681729
1766301007145857500,1278.560857421875,0,0.06979437172412872,1.0485585927963257,3.7899999618530273,0,0,840.0999755859375,77.6002863,12.9681727
1766301008145857800,1279.5608579101563,0,0.07069483399391174,1.0585585832595825,3.7899999618530273,0,0,840.0999755859375,77.6002862,12.9681742
1766301009145857300,1280.5608571777343,0,0.07069486379623413,1.0685585737228394,3.7899999618530273,0,0,840.0999755859375,77.6002858,12.9681756
1766301010145857500,1281.560857421875,0,0.0706951767206192,1.0785585641860962,3.7899999618530273,0,0,840.0999755859375,77.600286,12.9681767
1766301011145857300,1282.5608571777343,0,0.07069447636604309,1.088558554649353,3.7899999618530273,0,0,840.0999755859375,77.6002867,12.9681774
1766301012145857300,1283.5608571777343,0,0.07069426774978638,1.0985585451126099,3.7899999618530273,0,0,840.0999755859375,77.600287,12.9681772
1766301013145857300,1284.5608571777343,0,0.07069447636604309,1.0320485830307007,3.7899999618530273,0,0,840.0999755859375,77.6002872,12.9681772
1766301014145857300,1285.5608571777343,0,0.0706939846277237,1.0420485734939575,3.7899999618530273,0,0,840.0999755859375,77.600288,12.9681772
1766301015145857500,1286.560857421875,0,0.0706942155957222,1.0520485639572144,3.7899999618530273,0,0,840.0999755859375,77.6002882,12.9681768
1766301016145857500,1287.560857421875,0,0.07069426774978638,1.0620485544204712,3.7899999618530273,0,0,840.0999755859375,77.6002881,12.9681764
1766301017145857300,1288.5608571777343,0,0.0706944391131401,1.072048544883728,3.7899999618530273,0,0,840.0999755859375,77.6002881,12.9681762
1766301018145857800,1289.5608579101563,0,0.07069443166255951,1.0820485353469849,3.7899999618530273,0,0,840.0999755859375,77.600288,12.968176
1766301019145857300,1290.5608571777343,0,0.07069449871778488,1.0920485258102417,3.7899999618530273,0,0,840.0999755859375,77.600288,12.968176
1766301020145857300,1291.5608571777343,0,0.07069427520036697,1.034618616104126,3.7899999618530273,0,0,840.0999755859375,77.6002881,12.968176
1766301021145857300,1292.5608571777343,0,0.07069402933120728,1.0446186065673828,3.7899999618530273,0,0,840.0999755859375,77.6002881,12.968176
1766301022145857300,1293.5608571777343,0,0.07069402188062668,1.0546185970306396,3.7899999618530273,0,0,840.0999755859375,77.6002881,12.968176
1766301023145857300,1294.5608571777343,0,0.07069426029920578,1.0646185874938965,3.7899999618530273,0,0,840.0999755859375,77.6002881,12.968176
1766301024145857500,1295.560857421875,0,0.0706944689154625,1.0746185779571533,3.7899999618530273,0,0,840.0999755859375,77.6002882,12.968176
1766301025145857500,1296.560857421875,0,0.07069449126720428,1.0846185684204102,3.7899999618530273,0,0,840.0999755859375,77.6002882,12.968176
1766301026145857300,1297.5608571777343,0,0.07069448381662369,1.0283786058425903,3.7899999618530273,0,0,839.7999877929688,77.6002882,12.968176
1766301027145857300,1298.5608571777343,0,0.0706944689154625,1.0383785963058472,3.7899999618530273,0,0,839.7999877929688,77.6002882,12.968176
1766301028145857300,1299.5608571777343,0,0.07069524377584457,1.048378586769104,3.7899999618530273,0,0,839.7999877929688,77.6002882,12.968176
1766301029145857500,1300.560857421875,0,0.0706944689154625,1.0583785772323608,3.7899999618530273,0,0,839.7999877929688,77.6002883,12.968176
1766301030145857500,1301.560857421875,0,0.0706944391131401,1.0683785676956177,3.7899999618530273,0,0,839.7999877929688,77.6002883,12.968176
1766301031145857300,1302.5608571777343,0,0.0706944540143013,1.0783785581588745,3.7899999618530273,0,0,839.7999877929688,77.6002883,12.968176
1766301032145857300,1303.5608571777343,0,0.0706944391131401,1.0883785486221313,3.7899999618530273,0,0,839.7999877929688,77.6002883,12.968176
1766301033145857300,1304.5608571777343,0,0.0706944689154625,1.0294585227966309,3.7899999618530273,0,0,839.7999877929688,77.6002883,12.968176
1766301034145857300,1305.5608571777343,0,0.07069524377584457,1.0394585132598877,3.7899999618530273,0,0,839.7999877929688,77.6002884,12.9681759
1766301035145857300,1306.5608571777343,0,0.07069522887468338,1.049458622932434,3.7899999618530273,0,0,839.7999877929688,77.6002884,12.9681759
1766301036145857300,1307.5608571777343,0,0.07069437205791473,1.059458613395691,3.7899999618530273,0,0,839.7999877929688,77.6002884,12.9681759
1766301037145857300,1308.5608571777343,0,0.07069438695907593,1.0694586038589478,3.7899999618530273,0,0,839.7999877929688,77.6002884,12.9681759
1766301038145857300,1309.5608571777343,0,0.07069458067417145,1.0794585943222046,3.7899999618530273,0,0,839.7999877929688,77.6002884,12.9681759
1766301039145857500,1310.560857421875,0,0.07069457322359085,1.0894585847854614,3.7899999618530273,0,0,839.7999877929688,77.6002884,12.9681759
1766301040145857500,1311.560857421875,0,0.07069513201713562,1.0304986238479614,3.7899999618530273,0,0,840.0999755859375,77.6002884,12.9681759
1766301041145857300,1312.5608571777343,0,0.07069483399391174,1.0404986143112183,3.7899999618530273,0,0,840.0999755859375,77.6002884,12.9681759
1766301042145857300,1313.5608571777343,0,0.07069535553455353,1.050498604774475,3.7899999618530273,0,0,840.0999755859375,77.6002884,12.9681759
1766301043145857000,1314.5608569335936,0,0.0706961452960968,1.060498595237732,3.7899999618530273,0,0,840.0999755859375,77.6002884,12.9681759
1766301044145857300,1315.5608571777343,0,0.07069523632526398,1.0704985857009888,3.7899999618530273,0,0,840.0999755859375,77.6002884,12.9681759
1766301045145857300,1316.5608571777343,0,0.07069523632526398,1.0804985761642456,3.7899999618530273,0,0,840.0999755859375,77.6002884,12.9681759
1766301046145857300,1317.5608571777343,0,0.07069512456655502,1.0904985666275024,3.7899999618530273,0,0,840.0999755859375,77.6002884,12.9681758
1766301047145857300,1318.5608571777343,0,0.07069534063339233,1.1004985570907593,3.7899999618530273,0,0,840.0999755859375,77.6002884,12.9681758
1766301048145857300,1319.5608571777343,0,0.07069572061300278,1.0335185527801514,3.7899999618530273,0,0,840.0999755859375,77.6002884,12.9681758
1766301049145857300,1320.5608571777343,0,0.07069500535726547,1.0435185432434082,3.7899999618530273,0,0,840.0999755859375,77.6002884,12.9681758
1766301050145857300,1321.5608571777343,0,0.07069578766822815,1.053518533706665,3.7899999618530273,0,0,840.0999755859375,77.6002884,12.9681758
1766301051145857300,1322.5608571777343,0,0.07069528102874756,1.0635185241699219,3.7899999618530273,0,0,840.0999755859375,77.6002884,12.9681758
1766301052145857300,1323.5608571777343,0,0.07069530338048935,1.0735185146331787,3.7899999618530273,0,0,840.0999755859375,77.6002884,12.9681758
1766301053145857300,1324.5608571777343,0,0.0706959068775177,1.083518624305725,3.7899999618530273,0,0,840.0999755859375,77.6002885,12.9681758
1766301054145857000,1325.5608569335936,0,0.07069521397352219,1.093518614768982,3.7899999618530273,0,0,840.0999755859375,77.6002885,12.9681758
1766301055145857500,1326.560857421875,0,0.0706951841711998,1.0364985466003418,3.7899999618530273,0,0,839.7999877929688,77.6002885,12.9681758
1766301056145857300,1327.5608571777343,0,0.07069485634565353,1.0464985370635986,3.7899999618530273,0,0,839.7999877929688,77.6002885,12.9681758
1766301057145857300,1328.5608571777343,0,0.07069507986307144,1.0564985275268555,3.7899999618530273,0,0,839.7999877929688,77.6002885,12.9681758
1766301058145857500,1329.560857421875,0,0.07069461792707443,1.0664985179901123,3.7899999618530273,0,0,839.7999877929688,77.6002885,12.9681758
1766301059145857300,1330.5608571777343,0,0.07069523632526398,1.0764986276626587,3.7899999618530273,0,0,839.7999877929688,77.6002886,12.9681759
1766301060145857300,1331.5608571777343,0,0.07069551199674606,1.0864986181259155,3.7899999618530273,0,0,839.7999877929688,77.6002886,12.9681759
1766301061145857500,1332.560857421875,0,0.07069454342126846,1.0279185771942139,3.7899999618530273,0,0,839.7999877929688,77.6002886,12.9681759
1766301062145857300,1333.5608571777343,0,0.07069551944732666,1.0379185676574707,3.7899999618530273,0,0,839.7999877929688,77.6002884,12.9681759
1766301063145857000,1334.5608569335936,0,0.07069460302591324,1.0479185581207275,3.7899999618530273,0,0,839.7999877929688,77.6002884,12.9681759
1766301064145857500,1335.560857421875,0,0.07069460302591324,1.0579185485839844,3.7899999618530273,0,0,839.7999877929688,77.6002884,12.9681759
1766301065145857300,1336.5608571777343,0,0.07069581001996994,1.0679185390472412,3.7899999618530273,0,0,839.7999877929688,77.6002884,12.9681759
1766301066145857300,1337.5608571777343,0,0.07069487869739532,1.077918529510498,3.7899999618530273,0,0,839.7999877929688,77.6002884,12.9681759
1766301067145857300,1338.5608571777343,6.795094013214111,0.6983133554458618,1.0879185199737549,3.7899999618530273,0.3400000035762787,167,839.7999877929688,77.6002885,12.9681735
1766301068145857300,1339.5608571777343,6.547733783721924,0.6991750001907349,1.0327585935592651,3.7899999618530273,0.8799999952316284,176,840.0999755859375,77.6002886,12.9681666
1766301069145857300,1340.5608571777343,3.6048035621643066,0.11295687407255173,1.042758584022522,3.7899999618530273,2.0199999809265137,164,840.0999755859375,77.6002927,12.9681535
1766301070145857500,1341.560857421875,1.8205375671386719,0.11398059874773026,1.0527585744857788,3.7899999618530273,4.03000020980835,151,840.0999755859375,77.6003071,12.9681283
1766301071145857300,1342.5608571777343,0.8677818775177002,0.06579785794019699,1.0627585649490356,3.7899999618530273,4.869999885559082,140,840.0999755859375,77.6003326,12.9680983
1766301072145857300,1343.5608571777343,0.825934648513794,0.06990562379360199,1.0727585554122925,3.7899999618530273,5.429999828338623,106,840.0999755859375,77.6003776,12.9680855
1766301073145857300,1344.5608571777343,0.6446669101715088,0.06112091243267059,1.0827585458755493,3.7899999618530273,6.090000152587891,87,840.0999755859375,77.6004258,12.9680827
1766301074145857300,1345.5608571777343,0.6929718852043152,0.0757749006152153,1.0927585363388062,3.7899999618530273,7.019999980926514,69,840.0999755859375,77.6004802,12.9680973
1766301075145857500,1346.560857421875,0.7789605855941772,0.08876127004623413,1.0347886085510254,3.7899999618530273,7.320000171661377,63,839.7000122070312,77.6005355,12.9681202
1766301076145857500,1347.560857421875,0.47422268986701965,0.0572751984000206,1.0447885990142822,3.7899999618530273,7.75,59,839.7000122070312,77.6005939,12.9681512
1766301077145857500,1348.560857421875,6.116868495941162,0.928926944732666,1.054788589477539,3.7899999618530273,8.100000381469727,61,839.7000122070312,77.6006566,12.9681865
1766301078145857300,1349.5608571777343,0.8701004385948181,0.7836767435073853,1.064788579940796,3.7899999618530273,8.539999961853027,63,839.7000122070312,77.6007243,12.968223
1766301079145857300,1350.5608571777343,1.4078997373580933,0.8476063013076782,1.0747885704040527,3.7899999618530273,8.670000076293945,61,839.7000122070312,77.6007942,12.9682608
1766301080145857300,1351.5608571777343,1.810121774673462,1.113283395767212,1.0847885608673096,3.7899999618530273,9.229999542236328,62,839.7000122070312,77.6008745,12.968307
1766301081145857300,1352.5608571777343,1.745204210281372,0.8083877563476562,1.0947885513305664,3.7899999618530273,8.619999885559082,60,839.7000122070312,77.6009391,12.9683452
1766301082145857300,1353.5608571777343,1.938098669052124,0.8201135396957397,1.1047885417938232,3.7899999618530273,8.210000038146973,61,839.7000122070312,77.6010031,12.9683807
1766301083145857500,1354.560857421875,2.082920789718628,0.8891333341598511,1.11478853225708,3.7899999618530273,7.659999847412109,59,839.7000122070312,77.6010629,12.9684142
1766301084145857300,1355.5608571777343,2.2258877754211426,0.8056542873382568,1.124788522720337,3.7899999618530273,6.150000095367432,62,839.7000122070312,77.6010993,12.9684384
1766301085145857500,1356.560857421875,2.41853666305542,0.8124100565910339,1.1347886323928833,3.7899999618530273,5.699999809265137,60,839.7000122070312,77.6011451,12.9684642
1766301086145857300,1357.5608571777343,2.5722906589508057,0.9274290800094604,1.1447886228561401,3.7899999618530273,5.639999866485596,55,839.7000122070312,77.6011894,12.9684932
1766301087145857300,1358.5608571777343,2.7168314456939697,0.7775939702987671,1.154788613319397,3.7899999618530273,5.380000114440918,61,839.7000122070312,77.6012351,12.9685206
1766301088145857300,1359.5608571777343,2.8190927505493164,0.5992891788482666,1.1647886037826538,3.7899999618530273,4.480000019073486,60,839.7000122070312,77.6012669,12.9685359
1766301089145857300,1360.5608571777343,3.0805821418762207,0.6150268912315369,1.1747885942459106,3.7899999618530273,3.5199999809265137,56,839.7000122070312,77.6012936,12.9685527
1766301090145857300,1361.5608571777343,3.2950353622436523,0.6689410209655762,1.1847885847091675,3.7899999618530273,3.25,64,839.7000122070312,77.6013196,12.9685673
1766301091145857500,1362.560857421875,3.549001455307007,0.7360243201255798,1.1947885751724243,3.7899999618530273,3.0899999141693115,64,839.7000122070312,77.6013448,12.9685797
1766301092145857300,1363.5608571777343,3.646372079849243,0.6746538877487183,4.783095359802246,3.7899999618530273,4.099999904632568,59,841.0999755859375,77.6013781,12.9685968
1766301093145857500,1364.560857421875,3.6832311153411865,0.6567433476448059,4.793095588684082,3.7899999618530273,4.610000133514404,58,841.0999755859375,77.6014154,12.9686178
1766301094145857800,1365.5608579101563,2.9722864627838135,0.609713613986969,4.80309534072876,3.7899999618530273,4.949999809265137,58,841.0999755859375,77.6014544,12.9686404
1766301095145857300,1366.5608571777343,2.8672471046447754,0.9215574860572815,4.813095569610596,3.7899999618530273,5.659999847412109,56,841.0999755859375,77.6014995,12.9686662
1766301096145857300,1367.5608571777343,2.8011014461517334,0.8122326731681824,4.823095321655273,3.7899999618530273,7.070000171661377,50,841.0999755859375,77.6015481,12.9687071
1766301097145857500,1368.560857421875,2.16386342048645,0.8277272582054138,4.833095550537109,3.7899999618530273,7.929999828338623,51,841.0999755859375,77.6016041,12.9687516
1766301098145857300,1369.5608571777343,2.0647740364074707,0.7786450386047363,4.843095302581787,3.7899999618530273,7.599999904632568,50,841.0999755859375,77.6016598,12.9687909
1766301099145857300,1370.5608571777343,2.0207502841949463,0.8305372595787048,4.853095531463623,3.7899999618530273,6.809999942779541,48,841.0999755859375,77.6017075,12.9688291
1766301100145857300,1371.5608571777343,2.027007818222046,0.8064385056495667,4.863095283508301,3.7899999618530273,7.159999847412109,51,841.0999755859375,77.6017618,12.9688685
1766301101145857300,1372.5608571777343,1.8881821632385254,0.7756595611572266,4.873095512390137,3.7899999618530273,7.480000019073486,52,841.0999755859375,77.6018184,12.9689103
1766301102145857300,1373.5608571777343,1.7196686267852783,0.9073992371559143,4.883095741271973,3.7899999618530273,7.179999828338623,50,841.0999755859375,77.6018696,12.9689485
1766301103145857500,1374.560857421875,1.7880736589431763,0.8856150507926941,4.89309549331665,3.7899999618530273,6.699999809265137,47,841.0999755859375,77.6019161,12.9689926
1766301104145857300,1375.5608571777343,1.8319897651672363,0.8011804223060608,4.903095722198486,3.7899999618530273,6.079999923706055,50,841.0999755859375,77.6019584,12.9690284
1766301105145857000,1376.5608569335936,1.9052654504776,0.9231008291244507,4.913095474243164,3.7899999618530273,5.590000152587891,50,841.0999755859375,77.6019968,12.969058
1766301106145857300,1377.5608571777343,1.945086121559143,0.7856530547142029,4.923095703125,3.7899999618530273,6.110000133514404,49,841.0999755859375,77.60204,12.9690942
1766301107145857300,1378.5608571777343,1.836991786956787,0.7860383987426758,4.933095455169678,3.7899999618530273,6.650000095367432,53,841.0999755859375,77.602087,12.9691323
1766301108145857300,1379.5608571777343,1.7320584058761597,0.8313950896263123,4.943095684051514,3.7899999618530273,7.150000095367432,50,841.0999755859375,77.6021394,12.9691716
1766301109145857000,1380.5608569335936,1.7231718301773071,0.7659971714019775,4.953095436096191,3.7899999618530273,7.409999847412109,52,841.0999755859375,77.6021924,12.9692154
1766301110145857500,1381.560857421875,1.578997015953064,0.7681868076324463,4.963095664978027,3.7899999618530273,7.480000019073486,50,841.0999755859375,77.6022451,12.9692583
1766301111145857300,1382.5608571777343,1.5343005657196045,0.7570390701293945,5.684500217437744,3.7899999618530273,6.949999809265137,53,841.5,77.6022961,12.9692985
1766301112145857300,1383.5608571777343,1.5816694498062134,0.816830039024353,5.69450044631958,3.7899999618530273,5.980000019073486,61,841.5,77.6023439,12.9693296
1766301113145857300,1384.5608571777343,1.6545867919921875,0.913905918598175,5.704500198364258,3.7899999618530273,5.130000114440918,81,841.5,77.6023868,12.9693444
1766301114145857300,1385.5608571777343,1.7328165769577026,0.9309213757514954,5.714500427246094,3.7899999618530273,4.449999809265137,100,841.5,77.602429,12.9693446
1766301115145857500,1386.560857421875,1.8130303621292114,0.9243446588516235,5.7245001792907715,3.7899999618530273,4.570000171661377,123,841.5,77.6024687,12.9693281
1766301116145857300,1387.5608571777343,1.8868505954742432,0.9050999283790588,5.734500408172607,3.7899999618530273,5.050000190734863,141,841.5,77.6025068,12.9692952
1766301117145857300,1388.5608571777343,1.9654070138931274,0.9016485810279846,1.0766245126724243,3.7899999618530273,5.119999885559082,152,842.5,77.6025354,12.9692578
1766301118145857300,1389.5608571777343,2.054384469985962,0.9131559729576111,1.0866246223449707,3.7899999618530273,3.930000066757202,155,842.5,77.6025514,12.9692267
1766301119145857300,1390.5608571777343,2.113795518875122,0.7664093971252441,1.0966246128082275,3.7899999618530273,3.990000009536743,156,842.5,77.6025726,12.9691932
1766301120145857300,1391.5608571777343,2.205329656600952,0.8101149797439575,1.1066246032714844,3.7899999618530273,3.9200000762939453,155,842.5,77.6025856,12.9691574
1766301121145857300,1392.5608571777343,2.259223699569702,0.7765819430351257,1.1166245937347412,3.7899999618530273,4.090000152587891,153,842.5,77.6026,12.9691231
1766301122145857300,1393.5608571777343,2.31717586517334,0.7394999265670776,1.126624584197998,3.7899999618530273,4.820000171661377,158,842.5,77.6026181,12.9690697
1766301123145857800,1394.5608579101563,2.3613739013671875,0.8156810402870178,1.1366245746612549,3.7899999618530273,4.420000076293945,159,842.5,77.6026347,12.9690265
1766301124145857300,1395.5608571777343,2.434713363647461,0.8937712907791138,1.1466245651245117,3.7899999618530273,4.559999942779541,153,842.5,77.6026512,12.9689867
1766301125145857300,1396.5608571777343,2.5374159812927246,1.2134652137756348,1.1566245555877686,3.7899999618530273,4.639999866485596,167,842.5,77.6026643,12.9689451
1766301126145857500,1397.560857421875,15.364527702331543,1.389431357383728,1.1666245460510254,3.7899999618530273,5.820000171661377,161,842.5,77.602684,12.9688818
1766301127145857300,1398.5608571777343,10.875734329223633,1.286617398262024,1.1766245365142822,3.8299999237060547,7.650000095367432,154,842.5,77.6027226,12.9688108
1766301128145857000,1399.5608569335936,12.731776237487793,1.3847465515136719,1.186624526977539,3.8329999446868896,7.03000020980835,158,842.5,77.6027433,12.9687481
1766301129145857300,1400.5608571777343,11.18276596069336,0.7046453356742859,1.196624517440796,3.8329999446868896,4.070000171661377,161,842.5,77.602753,12.9687186
1766301130145857500,1401.560857421875,3.7414495944976807,0.16948583722114563,1.2066245079040527,3.8410000801086426,2.9200000762939453,160,842.5,77.6027677,12.9686798
1766301131145857300,1402.5608571777343,9.389852523803711,0.4337143301963806,1.2166246175765991,3.8329999446868896,2.990000009536743,160,842.5,77.6027792,12.9686509
1766301132145857300,1403.5608571777343,15.557805061340332,0.767350971698761,1.226624608039856,3.7920000553131104,3.1700000762939453,152,842.5,77.6027915,12.9686234
1766301133145857300,1404.5608571777343,16.564781188964844,0.8012134432792664,1.0287885665893555,3.7899999618530273,3.109999895095825,163,840.5,77.6027965,12.968596
1766301134145857300,1405.5608571777343,14.65678882598877,0.8379240036010742,1.0387885570526123,3.7899999618530273,3.299999952316284,162,840.5,77.6028059,12.9685653
1766301135145857300,1406.5608571777343,7.28486442565918,0.7374299764633179,1.0487885475158691,3.7899999618530273,3.809999942779541,168,840.5,77.6028092,12.9685313
1766301136145857300,1407.5608571777343,10.396920204162598,0.7215135097503662,1.058788537979126,3.7899999618530273,4.489999771118164,160,840.5,77.6028218,12.9684931
1766301137145857000,1408.5608569335936,1.5867506265640259,0.6456887722015381,1.0687885284423828,3.7899999618530273,4.739999771118164,161,840.5,77.6028355,12.9684517
1766301138145857300,1409.5608571777343,3.050250291824341,0.8701767325401306,1.0787885189056396,3.7899999618530273,5.139999866485596,166,840.5,77.6028503,12.9684033
1766301139145857300,1410.5608571777343,4.676035404205322,0.9594006538391113,1.088788628578186,3.7899999618530273,4.699999809265137,164,840.5,77.6028667,12.968363
1766301140145857300,1411.5608571777343,6.284916400909424,1.2568162679672241,1.0987886190414429,3.7899999618530273,4.619999885559082,164,840.5,77.6028785,12.9683238
1766301141145857500,1412.560857421875,7.736261367797852,0.7369915843009949,1.1087886095046997,3.7899999618530273,3.130000114440918,160,840.5,77.6028934,12.9683022
1766301142145857500,1413.560857421875,9.366803169250488,0.7546277046203613,1.1187885999679565,3.7899999618530273,1.840000033378601,156,840.5,77.602907,12.9682872
1766301143145857300,1414.5608571777343,10.04720401763916,0.8179805278778076,1.1287885904312134,3.7899999618530273,3.059999942779541,155,840.5,77.6029241,12.9682575
1766301144145857500,1415.560857421875,8.615479469299316,0.6967973709106445,1.1387885808944702,3.7899999618530273,3.9800000190734863,155,840.5,77.6029449,12.9682265
1766301145145857300,1416.5608571777343,8.150662422180176,0.7402562499046326,1.148788571357727,3.7899999618530273,4.909999847412109,164,840.5,77.6029631,12.9681852
1766301146145857300,1417.5608571777343,8.213606834411621,0.7575555443763733,1.1587885618209839,3.7899999618530273,4.5,165,840.5,77.6029788,12.9681451
1766301147145857500,1418.560857421875,6.979690074920654,0.9127557277679443,1.1687885522842407,3.7899999618530273,5.559999942779541,158,840.5,77.60301,12.9680894
1766301148145857500,1419.560857421875,4.926851749420166,0.8856171369552612,1.1787885427474976,3.7899999618530273,6.599999904632568,160,840.5,77.6030361,12.9680315
1766301149145857300,1420.5608571777343,4.988974571228027,0.9201706647872925,1.1887885332107544,3.7899999618530273,6.099999904632568,160,840.5,77.6030579,12.9679807
1766301150145857500,1421.560857421875,4.23883581161499,0.8639718890190125,1.1987885236740112,3.7899999618530273,7.449999809265137,161,840.5,77.6030837,12.9679165
1766301151145857800,1422.5608579101563,3.5912678241729736,0.8868058919906616,1.2087886333465576,3.7899999618530273,8.489999771118164,158,840.5,77.6031106,12.9678434
1766301151151000000,1422.566,0,0,1,3.8239998817443848,0,0,836.5999755859375,77.6031106,12.9678434
1766301152145857300,1423.5608571777343,3.3222272396087646,0.9383893013000488,1.0099486112594604,3.819000005722046,8.760000228881836,154,836.5999755859375,77.6031441,12.9677711
1766301153145857500,1424.560857421875,2.9229283332824707,0.8700241446495056,1.0199486017227173,3.8239998817443848,8.279999732971191,155,836.5999755859375,77.6031758,12.9677042
1766301154145857300,1425.5608571777343,2.714688301086426,0.9239441156387329,1.0299485921859741,3.819000005722046,8.140000343322754,153,836.5999755859375,77.6032098,12.9676347
1766301155145857300,1426.5608571777343,2.7301008701324463,0.9052214026451111,1.039948582649231,3.819000005722046,8.050000190734863,153,836.5999755859375,77.6032411,12.9675695
1766301156145857500,1427.560857421875,2.7769713401794434,0.8837957978248596,1.0499485731124878,3.819000005722046,7.559999942779541,159,836.5999755859375,77.6032663,12.9675036
1766301157145857500,1428.560857421875,2.678882598876953,0.8146872520446777,1.0599485635757446,3.7899999618530273,7.28000020980835,155,836.5999755859375,77.6032918,12.9674426
1766301158145857500,1429.560857421875,2.308711290359497,0.8584189414978027,1.0699485540390015,3.7899999618530273,7.449999809265137,157,836.5999755859375,77.6033205,12.9673821
1766301159145857500,1430.560857421875,2.336697816848755,0.9027488231658936,1.0799485445022583,3.7899999618530273,8.149999618530273,152,836.5999755859375,77.6033516,12.9673171
1766301160145857300,1431.5608571777343,2.2374677658081055,0.8566375970840454,1.0899485349655151,3.7899999618530273,9.539999961853027,155,836.5999755859375,77.6033918,12.9672392
1766301161145857800,1432.5608579101563,1.993027687072754,0.8541353940963745,1.099948525428772,3.7899999618530273,10.5,161,836.5999755859375,77.6034255,12.967149
1766301162145857800,1433.5608579101563,1.9197442531585693,0.916402280330658,1.1099486351013184,3.7899999618530273,10.479999542236328,164,836.5999755859375,77.603453,12.9670576
1766301163145857300,1434.5608571777343,1.9763622283935547,1.1334547996520996,1.1199486255645752,3.7899999618530273,10.390000343322754,162,836.5999755859375,77.6034806,12.966967
1766301164145857500,1435.560857421875,2.0444486141204834,1.0888593196868896,1.129948616027832,3.7899999618530273,9.90999984741211,159,836.5999755859375,77.6035086,12.9668836
1766301165145857300,1436.5608571777343,2.0912885665893555,1.1792799234390259,1.1399486064910889,3.7899999618530273,9.75,157,836.5999755859375,77.6035304,12.9667988
1766301166145857500,1437.560857421875,2.0625319480895996,0.8567875027656555,1.1499485969543457,3.7899999618530273,8.5,155,836.5999755859375,77.6035675,12.9667319
1766301167145857500,1438.560857421875,2.1167795658111572,0.9895334243774414,1.1599485874176025,3.7899999618530273,7.809999942779541,161,836.5999755859375,77.6035966,12.9666673
1766301168145857300,1439.5608571777343,2.162132978439331,1.2637642621994019,1.1699485778808594,3.7899999618530273,7.800000190734863,160,836.5999755859375,77.603622,12.9666004
1766301169145857300,1440.5608571777343,2.189408302307129,0.9116255640983582,1.1799485683441162,3.7899999618530273,7.480000019073486,159,836.5999755859375,77.6036462,12.9665343
1766301170145857500,1441.560857421875,2.229421615600586,0.9209942817687988,1.189948558807373,3.7899999618530273,6.579999923706055,150,836.5999755859375,77.6036786,12.9664811
1766301171145857500,1442.560857421875,2.3328027725219727,1.0630608797073364,1.1999485492706299,3.7899999618530273,5.949999809265137,155,836.5999755859375,77.6037046,12.9664338
1766301172145857300,1443.5608571777343,9.354165077209473,0.7634124755859375,1.2099485397338867,3.7899999618530273,5.28000020980835,165,836.5999755859375,77.6037194,12.9663835
1766301173145857000,1444.5608569335936,11.869104385375977,1.020108699798584,1.2199485301971436,3.7899999618530273,5.550000190734863,162,836.5999755859375,77.6037347,12.9663295
1766301174145857300,1445.5608571777343,11.28941822052002,1.008028268814087,3.3916800022125244,3.7899999618530273,5.769999980926514,165,835.7999877929688,77.6037447,12.9662757
1766301175145857500,1446.560857421875,4.571079730987549,0.4578098952770233,3.4016799926757812,3.7899999618530273,6.46999979019165,169,835.7999877929688,77.6037563,12.9662219
1766301176145857500,1447.560857421875,6.204997539520264,0.6677823066711426,3.411679983139038,3.7899999618530273,6.960000038146973,165,835.7999877929688,77.603776,12.9661661
1766301177145857500,1448.560857421875,3.9262237548828125,0.3654628098011017,3.421679973602295,3.7899999618530273,6.010000228881836,159,835.7999877929688,77.6037949,12.9661151
1766301178145857300,1449.5608571777343,1.7159011363983154,0.12616755068302155,3.4316799640655518,3.7899999618530273,4.730000019073486,155,835.7999877929688,77.6038074,12.9660722
1766301179145857300,1450.5608571777343,2.735412359237671,0.22795680165290833,3.4416799545288086,3.7899999618530273,5.369999885559082,157,835.7999877929688,77.6038263,12.9660267
1766301180145857300,1451.5608571777343,11.869034767150879,1.1058763265609741,3.4516799449920654,3.7899999618530273,4.639999866485596,159,835.7999877929688,77.6038424,12.9659868
1766301181145857000,1452.5608569335936,22.684967041015625,1.4017984867095947,3.4616799354553223,3.7899999618530273,3.9200000762939453,169,835.7999877929688,77.6038542,12.9659554
1766301182145857300,1453.5608571777343,30.52421760559082,1.3350369930267334,3.471679925918579,3.8359999656677246,2.700000047683716,159,835.7999877929688,77.6038761,12.9659371
1766301183145857300,1454.5608571777343,32.85960388183594,1.3713250160217285,3.481679916381836,4.007999897003174,2.549999952316284,154,835.7999877929688,77.6038907,12.9659152
1766301184145857500,1455.560857421875,21.78746795654297,1.1165014505386353,3.234164237976074,4.140999794006348,3.259999990463257,159,836.5,77.6039037,12.9658831
1766301185145857500,1456.560857421875,15.82216739654541,0.995468020439148,3.244164228439331,4.140999794006348,4,192,836.5,77.6038982,12.9658472
1766301186145857500,1457.560857421875,9.883652687072754,0.9599409699440002,3.254164218902588,4.140999794006348,2.9800000190734863,213,836.5,77.6038861,12.9658212
1766301187145857500,1458.560857421875,11.661600112915039,0.9819581508636475,3.2641642093658447,4.085000038146973,1.940000057220459,202,836.5,77.6038784,12.9658046
1766301188145857300,1459.5608571777343,13.393588066101074,0.9831758737564087,3.2741641998291016,3.878999948501587,1.190000057220459,218,836.5,77.6038721,12.9657944
1766301189145857500,1460.560857421875,2.4626996517181396,0.09010966122150421,3.2841641902923584,3.7899999618530273,2.3499999046325684,251,836.5,77.6038556,12.9657866
1766301190145857300,1461.5608571777343,1.3457313776016235,0.06316543370485306,3.2941641807556152,3.7899999618530273,3.009999990463257,256,836.5,77.6038303,12.9657793
1766301191145857000,1462.5608569335936,0.7548801302909851,0.05987261235713959,3.304164171218872,3.7899999618530273,5.090000152587891,271,836.5,77.6037866,12.9657798
1766301192145857300,1463.5608571777343,0.39935794472694397,0.046398263424634933,3.314164161682129,3.7899999618530273,7.460000038146973,267,836.5,77.6037281,12.9657779
1766301193145857300,1464.5608571777343,2.5012617111206055,0.28241872787475586,3.3241641521453857,3.7899999618530273,7.269999980926514,261,836.5,77.6036681,12.9657699
1766301194145857300,1465.5608571777343,5.190512180328369,0.629979133605957,3.3341641426086426,3.7899999618530273,7.840000152587891,263,836.5,77.6035984,12.9657622
1766301195145857300,1466.5608571777343,3.6403965950012207,0.5015079975128174,3.3441641330718994,3.7899999618530273,8.890000343322754,264,836.5,77.6035193,12.965757
1766301196145857300,1467.5608571777343,1.7466249465942383,0.2600249946117401,3.3541641235351562,3.7899999618530273,9.579999923706055,256,836.5,77.6034377,12.9657396
1766301197145857000,1468.5608569335936,2.3141796588897705,0.36016717553138733,3.364164113998413,3.7899999618530273,10.020000457763672,259,836.5,77.6033503,12.9657212
1766301198145857000,1469.5608569335936,4.712092876434326,0.6793917417526245,3.37416410446167,3.7899999618530273,9.3100004196167,262,836.5,77.603265,12.9657082
1766301199145857300,1470.5608571777343,6.637916088104248,1.01614511013031,3.3841640949249268,3.8389999866485596,9.899999618530273,258,836.5,77.6031778,12.9656913
1766301200145857300,1471.5608571777343,6.67748498916626,1.0553557872772217,3.3941640853881836,3.9649999141693115,10.229999542236328,257,836.5,77.6030861,12.965672
1766301201145857300,1472.5608571777343,6.1553144454956055,0.9209188222885132,3.4041640758514404,4.264999866485596,9.680000305175781,251,836.5,77.603001,12.9656419
1766301202145857500,1473.560857421875,3.339038372039795,0.5723395943641663,3.4141640663146973,4.435999870300293,11.0600004196167,260,836.5,77.6028953,12.9656298
1766301203145857300,1474.5608571777343,1.1636991500854492,0.2023908644914627,3.424164056777954,4.435999870300293,11.180000305175781,258,836.5,77.6027902,12.9656169
1766301204145857300,1475.5608571777343,3.508054256439209,0.5951372385025024,3.43416428565979,4.4019999504089355,10.949999809265137,257,836.5,77.6026912,12.9655978
1766301205145857500,1476.560857421875,5.831137180328369,1.2622520923614502,3.5807297229766846,4.250999927520752,10.729999542236328,257,832.5,77.6025943,12.965574
1766301206145857300,1477.5608571777343,2.603858709335327,0.4392285645008087,3.5907297134399414,3.9860000610351562,10.869999885559082,261,832.5,77.6024911,12.9655577
1766301207145857000,1478.5608569335936,1.1808719635009766,0.1675318032503128,3.6007297039031982,3.953000068664551,9.119999885559082,267,832.5,77.6024036,12.9655537
1766301208145857500,1479.560857421875,7.176681041717529,0.9892184734344482,3.610729694366455,3.815000057220459,8.920000076293945,264,832.5,77.6023224,12.9655465
1766301209145857300,1480.5608571777343,2.0159616470336914,0.8893747329711914,3.620729684829712,3.811000108718872,9.239999771118164,257,832.5,77.6022372,12.9655321
1766301210145857500,1481.560857421875,3.4559166431427,0.8617994785308838,3.6307296752929688,3.7899999618530273,9.680000305175781,259,832.5,77.6021477,12.9655149
1766301211145857300,1482.5608571777343,4.691106796264648,1.100742220878601,3.6407296657562256,3.7899999618530273,9.109999656677246,263,832.5,77.6020668,12.9655001
1766301212145857000,1483.5608569335936,3.7414848804473877,0.87321937084198,3.6507296562194824,3.7899999618530273,8.449999809265137,266,832.5,77.6019907,12.9654915
1766301213145857300,1484.5608571777343,3.460054397583008,0.8644328713417053,3.6607296466827393,3.7899999618530273,8.8100004196167,264,832.5,77.601909,12.9654816
1766301214145857500,1485.560857421875,3.090628147125244,0.8393939733505249,3.670729637145996,3.7899999618530273,8.970000267028809,266,832.5,77.601827,12.9654745
1766301215145857300,1486.5608571777343,2.7538440227508545,0.8277711272239685,3.680729627609253,3.7899999618530273,9,262,832.5,77.601745,12.9654646
1766301216145856800,1487.5608566894532,3.1202759742736816,1.0929994583129883,3.6907296180725098,3.7899999618530273,8.880000114440918,264,832.5,77.6016621,12.9654544
1766301217145857500,1488.560857421875,2.5533406734466553,0.8191182017326355,3.7007296085357666,3.7899999618530273,9.729999542236328,262,832.5,77.6015692,12.9654333
1766301218145857500,1489.560857421875,2.578260660171509,0.8668879866600037,3.7107295989990234,3.7899999618530273,10.260000228881836,262,832.5,77.601475,12.9654201
1766301219145857500,1490.560857421875,2.6184988021850586,0.967241108417511,3.7207295894622803,3.7899999618530273,10.050000190734863,262,832.5,77.6013837,12.9654058
1766301220145857300,1491.5608571777343,2.152209997177124,0.8043556809425354,3.730729579925537,3.7899999618530273,9.890000343322754,264,832.5,77.6012891,12.9654023
1766301221145857500,1492.560857421875,2.1306211948394775,0.9749086499214172,3.740729570388794,3.7899999618530273,9.390000343322754,258,832.5,77.6012036,12.9653967
1766301222145857000,1493.5608569335936,2.124403476715088,0.8201342225074768,3.750729560852051,3.7899999618530273,8.970000267028809,262,832.5,77.6011192,12.9653866
1766301223145856800,1494.5608566894532,1.9092062711715698,0.7957196235656738,3.7607295513153076,3.7899999618530273,8.760000228881836,262,832.5,77.6010383,12.9653743
1766301224145857300,1495.5608571777343,1.966291904449463,0.8710218071937561,3.7707295417785645,3.7899999618530273,7.389999866485596,266,832.5,77.6009709,12.9653664
1766301225145857300,1496.5608571777343,2.002687454223633,0.8769960999488831,1.981018304824829,3.7899999618530273,5.840000152587891,262,832.7000122070312,77.6009159,12.965367
1766301226145857000,1497.5608569335936,2.131049633026123,0.9875240325927734,1.991018295288086,3.7899999618530273,5.46999979019165,267,832.7000122070312,77.6008657,12.9653657
1766301227145857300,1498.5608571777343,2.232215642929077,0.9127880334854126,2.0010182857513428,3.7899999618530273,5.929999828338623,270,832.7000122070312,77.6008091,12.9653637
1766301228145857300,1499.5608571777343,2.3379039764404297,1.0076698064804077,2.0110182762145996,3.7899999618530273,6.110000133514404,267,832.7000122070312,77.6007555,12.9653518
1766301229145857300,1500.5608571777343,2.387437105178833,0.899599552154541,2.0210182666778564,3.7899999618530273,7.25,264,832.7000122070312,77.6006863,12.965347
1766301230145857000,1501.5608569335936,2.353853225708008,0.8683744072914124,2.0310182571411133,3.7899999618530273,8.140000343322754,263,832.7000122070312,77.600611,12.9653339
1766301231145857300,1502.5608571777343,2.19382381439209,0.7933485507965088,2.04101824760437,3.7899999618530273,8.989999771118164,262,832.7000122070312,77.6005276,12.9653229
1766301232145857000,1503.5608569335936,1.9576560258865356,0.795727014541626,2.051018238067627,3.7899999618530273,9.6899995803833,265,832.7000122070312,77.6004421,12.9653075
1766301233145857300,1504.5608571777343,1.7462260723114014,0.8146717548370361,2.061018228530884,3.7899999618530273,10.170000076293945,262,832.7000122070312,77.6003468,12.9652894
1766301234145857300,1505.5608571777343,1.7227808237075806,0.8104023337364197,2.0710182189941406,3.7899999618530273,10.630000114440918,262,832.7000122070312,77.6002456,12.9652823
1766301235145857300,1506.5608571777343,1.7102171182632446,0.8160957098007202,2.0810182094573975,3.7899999618530273,10.84000015258789,264,832.7000122070312,77.6001504,12.9652759
1766301236145857500,1507.560857421875,1.4015294313430786,0.795669436454773,2.0910181999206543,3.7899999618530273,11.050000190734863,266,832.7000122070312,77.6000468,12.9652675
1766301237145857500,1508.560857421875,1.4864180088043213,0.9117522239685059,2.1010184288024902,3.7899999618530273,11.329999923706055,267,832.7000122070312,77.59994,12.9652613
1766301238145857800,1509.5608579101563,1.4486734867095947,0.9049332141876221,2.111018419265747,3.7899999618530273,11.229999542236328,265,832.7000122070312,77.5998357,12.9652492
1766301239145857500,1510.560857421875,1.4130053520202637,0.810932993888855,2.121018409729004,3.7899999618530273,11.3100004196167,262,832.7000122070312,77.5997309,12.9652406
1766301240145857300,1511.5608571777343,1.359304428100586,0.8705931901931763,2.1310184001922607,3.7899999618530273,11.3100004196167,263,832.7000122070312,77.5996291,12.9652215
1766301241145857500,1512.560857421875,1.3278497457504272,0.7915439605712891,2.1410183906555176,3.7899999618530273,11.300000190734863,262,832.7000122070312,77.5995296,12.9652039
1766301242145857300,1513.5608571777343,1.2366833686828613,0.7892258763313293,2.1510183811187744,3.7899999618530273,11.300000190734863,260,832.7000122070312,77.5994266,12.9651826
1766301243145857800,1514.5608579101563,1.1631906032562256,0.8392911553382874,2.1610183715820312,3.7899999618530273,11.329999923706055,259,832.7000122070312,77.5993238,12.9651647
1766301244145857500,1515.560857421875,1.2252452373504639,0.8982838988304138,2.171018362045288,3.7899999618530273,11.319999694824219,261,832.7000122070312,77.5992185,12.9651496
1766301245145857800,1516.5608579101563,1.2428261041641235,0.8149563670158386,2.181018352508545,3.7899999618530273,11.449999809265137,259,832.7000122070312,77.5991135,12.9651306
1766301246145857300,1517.5608571777343,1.1781346797943115,0.765346884727478,6.34782600402832,3.7899999618530273,11.289999961853027,260,834.7999877929688,77.5990124,12.965114
1766301247145857000,1518.5608569335936,1.0924562215805054,0.7748039364814758,6.357826232910156,3.7899999618530273,11.800000190734863,261,834.7999877929688,77.5989045,12.9651002
1766301248145857300,1519.5608571777343,0.9742996692657471,0.7709213495254517,6.367825984954834,3.7899999618530273,11.84000015258789,262,834.7999877929688,77.5987955,12.9650834
1766301249145857300,1520.5608571777343,0.9196086525917053,0.7788620591163635,6.37782621383667,3.7899999618530273,12.029999732971191,262,834.7999877929688,77.5986848,12.9650675
1766301250145857000,1521.5608569335936,0.896297037601471,0.7715122103691101,6.387825965881348,3.7899999618530273,12.210000038146973,261,834.7999877929688,77.5985736,12.965052
1766301251145855700,1522.5608557128905,0.8468539714813232,0.7450361251831055,6.397826194763184,3.7899999618530273,12.4399995803833,261,834.7999877929688,77.5984611,12.9650346
1766301252145857800,1523.5608579101563,0.785854160785675,0.7378640174865723,6.407825946807861,3.7899999618530273,12.579999923706055,262,834.7999877929688,77.5983463,12.9650168
1766301253145857300,1524.5608571777343,0.7084754109382629,0.7473258376121521,6.417826175689697,3.7899999618530273,12.710000038146973,262,834.7999877929688,77.5982292,12.9650012
1766301254145857000,1525.5608569335936,0.6995978355407715,0.7472270131111145,6.427825927734375,3.7899999618530273,12.869999885559082,263,834.7999877929688,77.5981096,12.9649866
1766301255145857300,1526.5608571777343,0.7200651168823242,0.8026820421218872,6.437826156616211,3.7899999618530273,13,262,834.7999877929688,77.5979913,12.9649713
1766301256145857300,1527.5608571777343,0.7734056711196899,0.8618409633636475,6.447825908660889,3.7899999618530273,12.960000038146973,262,834.7999877929688,77.5978717,12.9649523
1766301257145857300,1528.5608571777343,0.818354606628418,0.770969808101654,6.457826137542725,3.7899999618530273,13.020000457763672,262,834.7999877929688,77.5977528,12.9649399
1766301258145857300,1529.5608571777343,0.7935893535614014,0.7658430933952332,6.4678263664245605,3.7899999618530273,12.970000267028809,262,834.7999877929688,77.5976331,12.9649258
1766301259145857300,1530.5608571777343,0.7861194610595703,0.7693013548851013,6.477826118469238,3.7899999618530273,12.970000267028809,262,834.7999877929688,77.5975133,12.9649102
1766301260145857300,1531.5608571777343,0.8143100142478943,0.8008370995521545,6.487826347351074,3.7899999618530273,12.945544242858887,262.00323486328125,834.7999877929688,77.5973899,12.9648972
1766301261145857500,1532.560857421875,0.8894259333610535,0.9732576012611389,6.497826099395752,3.7899999618530273,12.452339172363281,258.2196044921875,834.7999877929688,77.597276,12.9648783
1766301262145857300,1533.5608571777343,0.9180322885513306,0.8432642221450806,6.507826328277588,3.7899999618530273,11.555307388305664,253.3594512939453,834.7999877929688,77.5971741,12.9648501
1766301263145857500,1534.560857421875,0.986704409122467,0.8307262659072876,6.517826080322266,3.7899999618530273,10.57127571105957,243.88070678710938,834.7999877929688,77.5970875,12.9648122
1766301264145857500,1535.560857421875,1.0463147163391113,0.7995628118515015,6.527826309204102,3.7899999618530273,10.153181076049805,235.7451171875,834.7999877929688,77.5970131,12.9647633
1766301265145857500,1536.560857421875,1.0968323945999146,0.8727095723152161,6.537826061248779,3.7899999618530273,9.85900592803955,225.2000732421875,834.7999877929688,77.5969471,12.9647045
1766301266145857300,1537.5608571777343,1.155443787574768,0.8375284671783447,6.547826290130615,3.7899999618530273,9.686473846435547,215.860107421875,834.7999877929688,77.5968919,12.9646364
1766301267145857300,1538.5608571777343,1.1698269844055176,0.8602866530418396,4.1580729484558105,3.7899999618530273,10.046042442321777,207.70513916015625,837,77.5968458,12.9645569
1766301268145857300,1539.5608571777343,1.213895320892334,0.7763926386833191,4.168072700500488,3.7899999618530273,10.941536903381348,204.3391876220703,837,77.5968035,12.9644672
1766301269145857300,1540.5608571777343,1.262894630432129,0.8460559844970703,4.178072929382324,3.7899999618530273,11.673233032226562,205.09303283691406,837,77.5967566,12.9643706
1766301270145857000,1541.5608569335936,1.2241853475570679,0.7964206337928772,4.188072681427002,3.7899999618530273,12.229844093322754,206.02549743652344,837,77.5967074,12.9642689
1766301271145857300,1542.5608571777343,1.1302893161773682,0.8782709836959839,4.198072910308838,3.7899999618530273,12.631279945373535,206.9993896484375,837,77.5966513,12.964166
1766301272145857000,1543.5608569335936,1.1484447717666626,0.7925812602043152,4.208072662353516,3.7899999618530273,13.014477729797363,209.83908081054688,837,77.5965893,12.9640629
1766301273145857300,1544.5608571777343,1.1124820709228516,0.8003621697425842,4.218072891235352,3.7899999618530273,13.318520545959473,211.8721160888672,837,77.5965232,12.9639602
1766301274145857300,1545.5608571777343,1.1137405633926392,0.8123065829277039,4.228072643280029,3.7899999618530273,13.487822532653809,212.9283905029297,837,77.5964526,12.9638571
1766301275145857300,1546.5608571777343,1.094631314277649,0.798581063747406,4.238072872161865,3.7899999618530273,13.630419731140137,213.92935180664062,837,77.5963807,12.9637552
1766301276145857500,1547.560857421875,1.0221450328826904,0.911236584186554,4.248072624206543,3.7899999618530273,13.709583282470703,214.00404357910156,837,77.5963094,12.9636539
1766301277145857000,1548.5608569335936,1.0460166931152344,0.7800635099411011,4.258072853088379,3.7899999618530273,13.737339973449707,214.00308227539062,837,77.5962369,12.9635513
1766301278145857000,1549.5608569335936,0.9763672947883606,0.8235176205635071,4.268073081970215,3.7899999618530273,13.894705772399902,216.7529296875,837,77.5961622,12.9634497
1766301279145857300,1550.5608571777343,0.9721671938896179,0.7956752181053162,4.278072834014893,3.7899999618530273,13.885367393493652,217.89602661132812,837,77.5960825,12.9633507
1766301280145857300,1551.5608571777343,0.9638037085533142,0.8229179978370667,4.2880730628967285,3.7899999618530273,13.921521186828613,220.719482421875,837,77.5959987,12.9632539
1766301281145857300,1552.5608571777343,1.0173208713531494,0.8160344958305359,4.298072814941406,3.7899999618530273,14.021610260009766,222.7949981689453,837,77.5959099,12.9631591
1766301282145857000,1553.5608569335936,1.0596022605895996,0.8241178393363953,4.308073043823242,3.7899999618530273,14.242523193359375,225.7007293701172,837,77.5958166,12.963069
1766301283145857000,1554.5608569335936,1.027193546295166,0.7892794013023376,4.31807279586792,3.7899999618530273,14.567339897155762,226.88275146484375,837,77.5957187,12.9629768
1766301284145856800,1555.5608566894532,0.9422705769538879,0.7641180157661438,4.328073024749756,3.7899999618530273,14.854098320007324,226.9869842529297,837,77.5956173,12.9628877
1766301285145857000,1556.5608569335936,0.9355581998825073,0.7934571504592896,4.338072776794434,3.7899999618530273,15.112814903259277,227.90634155273438,837,77.5955131,12.9627969
1766301286145857300,1557.5608571777343,0.9397392868995667,0.7709460258483887,4.3480730056762695,3.7899999618530273,15.238322257995605,227.98965454101562,837,77.595408,12.9627057
1766301287145857800,1558.5608579101563,0.9159387350082397,0.8236037492752075,4.358072757720947,3.7899999618530273,15.24905776977539,228.71926879882812,837,77.5953009,12.9626141
1766301288145857500,1559.560857421875,0.9661185145378113,0.8423036336898804,3.1842222213745117,3.7899999618530273,15.07555103302002,231.7952117919922,839.5999755859375,77.5951916,12.9625287
1766301289145857500,1560.560857421875,1.0001009702682495,0.9013025164604187,3.1942222118377686,3.7899999618530273,15.002013206481934,234.7489013671875,839.5999755859375,77.5950766,12.9624496
1766301290145857300,1561.5608571777343,1.0025464296340942,0.8187845349311829,3.2042222023010254,3.7899999618530273,14.999956130981445,237.17721557617188,839.5999755859375,77.5949585,12.9623767
1766301291145857300,1562.5608571777343,1.0654759407043457,0.8279932141304016,3.2142221927642822,3.7899999618530273,14.67106819152832,239.37234497070312,839.5999755859375,77.5948426,12.962308
1766301292145857300,1563.5608571777343,0.13476043939590454,0.02863949164748192,3.224222183227539,3.7899999618530273,13.630697250366211,232.00794982910156,839.5999755859375,77.5947372,12.9622357
1766301293145857500,1564.560857421875,0.14753198623657227,0.030318982899188995,3.234222173690796,3.7899999618530273,13.190421104431152,222.0166473388672,839.5999755859375,77.5946474,12.9621538
1766301294145857300,1565.5608571777343,0.1489812433719635,0.0281598549336195,3.2442221641540527,3.7899999618530273,12.131377220153809,214.0125274658203,839.5999755859375,77.5945742,12.9620644
1766301295145857300,1566.5608571777343,0.13932988047599792,0.024328824132680893,3.2542221546173096,3.7899999618530273,11.200859069824219,204.01199340820312,839.5999755859375,77.5945229,12.9619737
1766301296145857300,1567.5608571777343,0.12483611702919006,0.02398724853992462,3.2642221450805664,3.7899999618530273,12.328948020935059,201.0026397705078,839.5999755859375,77.5944809,12.9618758
1766301297145857300,1568.5608571777343,0.15764875710010529,0.03202011436223984,3.2742223739624023,3.7899999618530273,13.028839111328125,200.0015106201172,839.5999755859375,77.594438,12.9617677
1766301298145857000,1569.5608569335936,0.20305784046649933,0.04261178895831108,3.284222364425659,3.7899999618530273,13.468637466430664,200.99639892578125,839.5999755859375,77.5943934,12.9616559
1766301299145857000,1570.5608569335936,0.19589756429195404,0.04153386875987053,3.294222354888916,3.7899999618530273,13.599662780761719,200.00308227539062,839.5999755859375,77.5943482,12.9615414
1766301300145857300,1571.5608571777343,2.697904348373413,0.5372018218040466,3.304222345352173,3.7899999618530273,13.077392578125,200.04443359375,839.5999755859375,77.5943056,12.9614304
1766301301145857000,1572.5608569335936,0.21019741892814636,0.040260106325149536,3.3142223358154297,3.7899999618530273,12.291589736938477,199.0028533935547,839.5999755859375,77.5942666,12.961325
1766301302145857300,1573.5608571777343,4.635909080505371,0.959407389163971,3.3242223262786865,3.7899999618530273,12.24602222442627,199.00332641601562,839.5999755859375,77.5942306,12.9612223
1766301303145856800,1574.5608566894532,0.32667186856269836,0.754557192325592,3.3342223167419434,3.7899999618530273,12.241941452026367,198.9987335205078,839.5999755859375,77.5941913,12.9611179
1766301304145857300,1575.5608571777343,0.568619966506958,0.7920795679092407,3.3442223072052,3.7899999618530273,12.1580810546875,200.640380859375,839.5999755859375,77.5941502,12.9610159
1766301305145857800,1576.5608579101563,0.7817720174789429,0.7520543932914734,3.354222297668457,3.7899999618530273,12.024917602539062,200.0278778076172,839.5999755859375,77.5941097,12.9609142
1766301306145857000,1577.5608569335936,0.9511522054672241,0.9619051218032837,3.364222288131714,3.7899999618530273,11.779376983642578,198.20779418945312,839.5999755859375,77.5940713,12.9608151
1766301307145857300,1578.5608571777343,1.1447209119796753,0.7776841521263123,3.3742222785949707,3.7899999618530273,11.722103118896484,198.00791931152344,839.5999755859375,77.594034,12.9607152
1766301307187000000,1578.602,45,1.5,4.876067161560059,3.869999885559082,11.720664978027344,198.0101776123047,827.3999633789062,77.5940327,12.960713
1766301308145857000,1579.5608569335936,1.1553250551223755,0.781217634677887,4.885655879974365,3.869999885559082,11.807578086853027,198.87998962402344,827.3999633789062,77.5939964,12.9606157
1766301309145857000,1580.5608569335936,1.0871665477752686,0.7607245445251465,4.895655632019043,3.8580000400543213,11.647409439086914,198.9042205810547,827.3999633789062,77.593959,12.9605167
1766301310145857300,1581.5608571777343,1.0913316011428833,0.7986613512039185,4.905655860900879,3.8580000400543213,11.406158447265625,198.01043701171875,827.3999633789062,77.593923,12.9604198
1766301311145857500,1582.560857421875,1.1725345849990845,0.8196001052856445,4.915655612945557,3.869999885559082,11.03711223602295,198.61595153808594,827.3999633789062,77.5938882,12.9603284
1766301312145856800,1583.5608566894532,1.2166589498519897,0.8013185858726501,4.925655841827393,3.8580000400543213,10.623407363891602,198.70445251464844,827.3999633789062,77.5938557,12.9602429
1766301313145857500,1584.560857421875,1.2659118175506592,0.7880350947380066,4.93565559387207,3.7899999618530273,10.278542518615723,199.582763671875,827.3999633789062,77.5938225,12.9601599
1766301314145857500,1585.560857421875,1.2737362384796143,0.7781010866165161,4.945655822753906,3.7899999618530273,9.938050270080566,199.7315673828125,827.3999633789062,77.59379,12.9600795
1766301315145857500,1586.560857421875,1.3084938526153564,0.8068874478340149,4.955655574798584,3.7899999618530273,9.716742515563965,199.81256103515625,827.3999633789062,77.5937574,12.960001
1766301316145857300,1587.5608571777343,1.326187252998352,0.7872501015663147,4.96565580368042,3.7899999618530273,9.800996780395508,200.021728515625,827.3999633789062,77.5937259,12.9599197
1766301317145857500,1588.560857421875,1.3206055164337158,0.8148927688598633,4.975655555725098,3.7899999618530273,9.9296236038208,199.2589569091797,827.3999633789062,77.5936923,12.959837
1766301318145857500,1589.560857421875,1.3054100275039673,0.7585436701774597,4.985655784606934,3.7899999618530273,9.9607515335083,199.058837890625,827.3999633789062,77.5936598,12.9597532
1766301319145857300,1590.5608571777343,1.168938398361206,0.8153393864631653,4.995655536651611,3.7899999618530273,10.07729721069336,199.08612060546875,827.3999633789062,77.5936258,12.959666
1766301320145857000,1591.5608569335936,1.1635385751724243,0.821064293384552,5.005655765533447,3.7899999618530273,10.280675888061523,199.1432647705078,827.3999633789062,77.593591,12.9595779
1766301321145857300,1592.5608571777343,1.193698763847351,0.9127866625785828,5.015655517578125,3.7899999618530273,10.462606430053711,198.33961486816406,827.3999633789062,77.5935592,12.9594869
1766301322145857300,1593.5608571777343,1.2329416275024414,0.8055277466773987,5.025655746459961,3.7899999618530273,10.664621353149414,197.30137634277344,827.3999633789062,77.5935284,12.9593934
1766301323145857500,1594.560857421875,1.230162501335144,0.8261315822601318,5.035655498504639,3.7899999618530273,10.95705795288086,199.68556213378906,827.3999633789062,77.5934952,12.9592975
1766301324145857500,1595.560857421875,1.2265607118606567,0.8264397978782654,5.045655727386475,3.7899999618530273,11.119437217712402,197.51434326171875,827.3999633789062,77.5934612,12.9592001
1766301325145857300,1596.5608571777343,1.197900652885437,0.7798449993133545,5.0556559562683105,3.7899999618530273,11.32114028930664,197.17140197753906,827.3999633789062,77.5934307,12.9591019
1766301326145857300,1597.5608571777343,1.1057016849517822,0.7561389207839966,5.065655708312988,3.7899999618530273,11.562649726867676,197.13494873046875,827.3999633789062,77.5933975,12.959001
1766301327145857500,1598.560857421875,1.050480842590332,0.9084662199020386,5.075655937194824,3.7899999618530273,11.844346046447754,200.3984375,827.3999633789062,77.5933635,12.9588991
1766301328145857500,1599.560857421875,1.0896753072738647,0.8331067562103271,5.085655689239502,3.7899999618530273,11.954551696777344,200.1266326904297,827.3999633789062,77.5933258,12.9587974
1766301329145857500,1600.560857421875,1.0969195365905762,0.772719144821167,5.095655918121338,3.7899999618530273,12.194809913635254,199.2836456298828,827.3999633789062,77.593288,12.9586927
1766301330145857800,1601.5608579101563,1.0529038906097412,0.7705696225166321,1.849156141281128,3.7899999618530273,12.412927627563477,199.98094177246094,823.3999633789062,77.5932501,12.9585856
1766301331145857500,1602.560857421875,0.9634087681770325,0.8108654618263245,1.8591561317443848,3.7899999618530273,12.529633522033691,200.05699157714844,823.3999633789062,77.5932141,12.9584794
1766301332145857300,1603.5608571777343,0.9787421822547913,0.8276404142379761,1.8691561222076416,3.7899999618530273,12.555828094482422,200.02183532714844,823.3999633789062,77.5931754,12.9583717
1766301333145857300,1604.5608571777343,0.9990031123161316,0.8066725730895996,1.8791561126708984,3.7899999618530273,12.573850631713867,200.83384704589844,823.3999633789062,77.5931342,12.9582652
1766301334145857300,1605.5608571777343,0.9681237936019897,0.775960385799408,1.8891561031341553,3.7899999618530273,12.594112396240234,200.98204040527344,823.3999633789062,77.5930915,12.9581597
1766301335145857300,1606.5608571777343,0.9573993682861328,0.9241169691085815,1.899156093597412,3.7899999618530273,12.5674409866333,200.97933959960938,823.3999633789062,77.5930499,12.9580547
1766301336145857300,1607.5608571777343,1.026859998703003,1.1578360795974731,1.909156084060669,3.7899999618530273,12.551043510437012,202.37709045410156,823.3999633789062,77.5930091,12.9579503
1766301337145857000,1608.5608569335936,1.0804269313812256,0.9992749094963074,1.9191560745239258,3.7899999618530273,12.560338973999023,200.5048065185547,823.3999633789062,77.592965,12.9578422
1766301338145857000,1609.5608569335936,1.0687708854675293,0.8077957630157471,1.9291561841964722,3.7899999618530273,12.26025390625,197.389404296875,823.3999633789062,77.5929281,12.9577374
1766301339145857000,1610.5608569335936,1.1145827770233154,0.8837228417396545,1.939156174659729,3.7899999618530273,11.865208625793457,196.8310546875,823.3999633789062,77.5928983,12.9576362
1766301340145857000,1611.5608569335936,1.1628106832504272,0.8451967835426331,1.9491561651229858,3.7899999618530273,11.634421348571777,194.2852020263672,823.3999633789062,77.5928663,12.9575377
1766301341145857000,1612.5608569335936,1.1543998718261719,0.8170903325080872,1.9591561555862427,3.7899999618530273,11.937066078186035,199.15492248535156,823.3999633789062,77.5928348,12.9574356
1766301342145857000,1613.5608569335936,1.136159062385559,0.7712915539741516,1.9691561460494995,3.7899999618530273,12.232710838317871,202.42051696777344,823.3999633789062,77.5927905,12.9573318
1766301343145857000,1614.5608569335936,1.1625503301620483,0.8027136325836182,1.9791561365127563,3.7899999618530273,12.111433029174805,202.02162170410156,823.3999633789062,77.5927447,12.9572303
1766301344145857300,1615.5608571777343,1.058703064918518,0.7774767279624939,1.9891561269760132,3.7899999618530273,11.814861297607422,201.02976989746094,823.3999633789062,77.5927044,12.9571322
1766301345145857500,1616.560857421875,1.0432262420654297,0.8118056654930115,1.99915611743927,3.7899999618530273,11.817419052124023,199.33876037597656,823.3999633789062,77.5926689,12.9570311
1766301346145857300,1617.5608571777343,1.046277642250061,0.812365710735321,2.0091562271118164,3.7899999618530273,11.866545677185059,202.3159942626953,823.3999633789062,77.5926294,12.9569308
1766301347145857300,1618.5608571777343,1.0355808734893799,0.8044651746749878,2.0191562175750732,3.7899999618530273,11.999229431152344,204.5175323486328,823.3999633789062,77.5925862,12.9568323
1766301348145857300,1619.5608571777343,1.0108466148376465,0.8020350337028503,2.02915620803833,3.7899999618530273,12.114124298095703,204.15975952148438,823.3999633789062,77.5925398,12.9567328
1766301349145857000,1620.5608569335936,1.00249183177948,0.7778252363204956,2.039156198501587,3.7899999618530273,12.207036972045898,201.58578491210938,823.3999633789062,77.5924988,12.956632
1766301350145857000,1621.5608569335936,0.9723096489906311,0.756965696811676,2.0491561889648438,3.7899999618530273,12.414708137512207,201.1896209716797,823.3999633789062,77.5924563,12.9565266
1766301351145857000,1622.5608569335936,0.9151992201805115,0.7864944934844971,3.4916224479675293,3.7899999618530273,12.417810440063477,200.1971435546875,821.2999877929688,77.5924146,12.9564226
1766301352145857000,1623.5608569335936,0.9631949067115784,0.8095284700393677,3.501622438430786,3.7899999618530273,12.32363224029541,197.42881774902344,821.2999877929688,77.5923783,12.9563163
1766301353145857000,1624.5608569335936,1.009109616279602,0.8622284531593323,3.511622428894043,3.7899999618530273,12.03715991973877,194.30990600585938,821.2999877929688,77.5923449,12.9562078
1766301354145857300,1625.5608571777343,1.0165221691131592,0.7970646023750305,3.5216224193573,3.7899999618530273,11.673675537109375,194.735595703125,821.2999877929688,77.592318,12.9561049
1766301355145857300,1626.5608571777343,1.0698155164718628,0.8505456447601318,3.5316224098205566,3.7899999618530273,11.131956100463867,195.47999572753906,821.2999877929688,77.5922904,12.9560092
1766301356145857000,1627.5608569335936,1.136986255645752,0.8665915727615356,3.5416224002838135,3.7899999618530273,10.246772766113281,197.75274658203125,821.2999877929688,77.5922632,12.9559262
1766301357145857000,1628.5608569335936,5.753108501434326,0.9800537824630737,3.5516223907470703,3.7899999618530273,9.618511199951172,198.4423065185547,821.2999877929688,77.5922342,12.9558496
1766301358145857300,1629.5608571777343,0.272874653339386,0.04285833612084389,3.5616226196289062,3.7899999618530273,10.079236030578613,191.01510620117188,821.2999877929688,77.5922134,12.9557648
1766301359145857000,1630.5608569335936,0.22185035049915314,0.03832834213972092,3.571622610092163,3.7899999618530273,11.087406158447266,195.98670959472656,821.2999877929688,77.5921896,12.9556729
1766301360145857000,1631.5608569335936,3.1527745723724365,0.5558270215988159,3.58162260055542,3.7899999618530273,11.230684280395508,201.09742736816406,821.2999877929688,77.5921494,12.9555781
1766301361145857000,1632.5608569335936,0.16314059495925903,0.026346709579229355,3.5916225910186768,3.7899999618530273,10.360662460327148,206.9942626953125,821.2999877929688,77.5921055,12.955491
1766301362145857000,1633.5608569335936,0.21686290204524994,0.03285004198551178,3.6016225814819336,3.7899999618530273,9.721169471740723,202.0110321044922,821.2999877929688,77.5920658,12.9554101
1766301363145857000,1634.5608569335936,0.21722279489040375,0.036351464688777924,3.6116225719451904,3.7899999618530273,10.737825393676758,200.00379943847656,821.2999877929688,77.5920307,12.9553227
1766301364145857000,1635.5608569335936,0.24230192601680756,0.04088582098484039,3.6216225624084473,3.7899999618530273,10.829791069030762,198.00616455078125,821.2999877929688,77.5919972,12.9552302
1766301365145857000,1636.5608569335936,0.3302323520183563,0.05324642360210419,3.631622552871704,3.7899999618530273,10.352203369140625,198.000732421875,821.2999877929688,77.5919667,12.9551397
1766301366145857000,1637.5608569335936,0.5058906674385071,0.07508347183465958,3.641622543334961,3.7899999618530273,9.537127494812012,200.9688262939453,821.2999877929688,77.5919354,12.9550566
1766301367145857000,1638.5608569335936,1.7762926816940308,0.25069233775138855,3.6516225337982178,3.7899999618530273,9.121819496154785,201.90220642089844,821.2999877929688,77.5919038,12.9549797
1766301368145857000,1639.5608569335936,5.844295501708984,0.9427124261856079,3.6616225242614746,3.7899999618530273,9.160837173461914,201.94522094726562,821.2999877929688,77.5918737,12.9549021
1766301369145857000,1640.5608569335936,1.014345407485962,0.7503500580787659,3.6716225147247314,3.7899999618530273,9.495174407958984,201.3395538330078,821.2999877929688,77.5918421,12.9548223
1766301370145857000,1641.5608569335936,1.499027967453003,0.7748627066612244,3.6816225051879883,3.7899999618530273,10.07975959777832,200.5501251220703,821.2999877929688,77.5918086,12.9547361
1766301371145857000,1642.5608569335936,1.842881679534912,0.9429023265838623,3.691622495651245,3.7899999618530273,10.105119705200195,199.38546752929688,821.2999877929688,77.5917761,12.9546488
1766301372145857000,1643.5608569335936,2.282431125640869,0.8343470692634583,4.885508060455322,3.7899999618530273,9.372302055358887,197.9493865966797,820.7000122070312,77.5917485,12.9545731
1766301373145857000,1644.5608569335936,2.423809766769409,0.7906960844993591,4.895508289337158,3.7899999618530273,8.132944107055664,194.87278747558594,820.7000122070312,77.5917242,12.9545077
1766301374145857000,1645.5608569335936,2.579854965209961,0.7737910151481628,4.905508041381836,3.7899999618530273,6.19248628616333,194.8761444091797,820.7000122070312,77.5917096,12.9544628
1766301375145857000,1646.5608569335936,2.8860607147216797,0.8481131196022034,4.915508270263672,3.7899999618530273,4.092776775360107,192.70175170898438,820.7000122070312,77.5917005,12.9544372
1766301376145857000,1647.5608569335936,3.296941041946411,1.0269804000854492,4.925508499145508,3.7899999618530273,2.72453236579895,193.9320526123047,820.7000122070312,77.5916981,12.9544261
1766301377145857300,1648.5608571777343,3.6868999004364014,1.0345460176467896,4.9355082511901855,3.7899999618530273,1.9870442152023315,197.5516357421875,820.7000122070312,77.591693,12.9544165
1766301378145857000,1649.5608569335936,4.0834808349609375,0.7923624515533447,4.9455084800720215,3.7899999618530273,0.9422731995582581,190.86358642578125,820.7000122070312,77.5916935,12.9544092
1766301379145857300,1650.5608571777343,4.476690769195557,0.9062638282775879,4.955508232116699,3.7899999618530273,0.8786267042160034,187.7593994140625,820.7000122070312,77.5916894,12.9544046
1766301380145857000,1651.5608569335936,9.383667945861816,0.951483964920044,3.860260248184204,3.7899999618530273,0.9013236165046692,193.46905517578125,830.7000122070312,77.5916862,12.9543979
1766301381145857000,1652.5608569335936,67.68785095214844,1.4777175188064575,3.870260238647461,3.7899999618530273,0.9258994460105896,195.75173950195312,830.7000122070312,77.5916832,12.9543906
1766301382145857000,1653.5608569335936,6.2651777267456055,0.9289556741714478,3.8802602291107178,3.7899999618530273,0.5348527431488037,195.10157775878906,830.7000122070312,77.5916829,12.9543861
1766301383145857000,1654.5608569335936,45,0.07044661045074463,3.8902602195739746,3.7899999618530273,0.5269311666488647,195.1234130859375,830.7000122070312,77.5916856,12.954385
1766301384145857500,1655.560857421875,45,0.07069186866283417,3.9002602100372314,3.7899999618530273,0.504877507686615,194.64984130859375,830.7000122070312,77.5916876,12.9543847
1766301385145857000,1656.5608569335936,45,0.07069376856088638,3.9102602005004883,3.7899999618530273,0.47329607605934143,193.8408966064453,830.7000122070312,77.591689,12.9543842
1766301386145857500,1657.560857421875,45,0.07070820033550262,3.920260190963745,3.7899999618530273,0.431673526763916,193.7227325439453,830.7000122070312,77.5916892,12.9543842
1766301387145857500,1658.560857421875,45,0.07074612379074097,8.745637893676758,3.7899999618530273,0.39240455627441406,193.36866760253906,830.7000122070312,77.5916894,12.9543836
1766301388145857300,1659.5608571777343,45,0.07069418579339981,8.755637168884277,3.7899999618530273,0.35053521394729614,191.92584228515625,830.7000122070312,77.5916901,12.9543831
1766301389145857500,1660.560857421875,45,0.07070089131593704,8.765637397766113,3.7899999618530273,0.3231528699398041,191.21009826660156,830.7000122070312,77.5916908,12.9543834
1766301390145857500,1661.560857421875,45,0.07068492472171783,8.77563762664795,3.7899999618530273,0.18663856387138367,182.17520141601562,830.7000122070312,77.5916912,12.9543829
1766301391145857800,1662.5608579101563,45,0.07069974392652512,8.785637855529785,3.7899999618530273,0.15686537325382233,174.7082977294922,830.7000122070312,77.5916915,12.9543817
1766301392145857300,1663.5608571777343,0,0.07070790976285934,7.882017612457275,3.7899999618530273,0.09664182364940643,0,830.7000122070312,77.5916919,12.9543812
1766301393145857500,1664.560857421875,0,0.07070577144622803,7.892017841339111,3.7899999618530273,0.044830549508333206,0,830.7000122070312,77.5916921,12.9543812
1766301394145857300,1665.5608571777343,0,0.0706859827041626,7.902017593383789,3.7899999618530273,0.025428831577301025,0,830.7000122070312,77.5916922,12.9543812
1766301395145857300,1666.5608571777343,0,0.07069648057222366,7.912017822265625,3.7899999618530273,0.020518194884061813,0,830.7000122070312,77.5916924,12.9543812
1766301396145856800,1667.5608566894532,0,0.07069405168294907,7.922017574310303,3.7899999618530273,0.00880346167832613,0,830.7000122070312,77.5916924,12.9543812
1766301397145857300,1668.5608571777343,0,0.07068433612585068,7.932017803192139,3.7899999618530273,0.007608604617416859,0,830.7000122070312,77.5916924,12.9543811
1766301398145857300,1669.5608571777343,0,0.07068484276533127,7.942017555236816,3.7899999618530273,0.0034673423506319523,0,830.7000122070312,77.5916924,12.9543811
1766301399145857300,1670.5608571777343,0,0.0706978589296341,5.310639381408691,3.7899999618530273,0.001253655063919723,0,830.7000122070312,77.5916924,12.9543811
1766301400145857800,1671.5608579101563,0,0.07069863379001617,5.320639133453369,3.7899999618530273,0.0062214829958975315,0,830.7000122070312,77.5916925,12.9543811
1766301401145857300,1672.5608571777343,0,0.07069794833660126,5.330639362335205,3.7899999618530273,0.0030693591106683016,0,830.7000122070312,77.5916925,12.9543811
1766301402145857300,1673.5608571777343,0,0.07069788873195648,5.340639114379883,3.7899999618530273,0.0011374729219824076,0,830.7000122070312,77.5916925,12.9543811
1766301403145857500,1674.560857421875,0,0.0706966370344162,5.350639343261719,3.7899999618530273,0.0003738676605280489,0,830.7000122070312,77.5916925,12.9543811
1766301404145857300,1675.5608571777343,0,0.07069672644138336,8.452574729919434,3.7899999618530273,0.00011486143193906173,0,830.7000122070312,77.5916925,12.9543811
1766301405145857300,1676.5608571777343,0,0.07069611549377441,8.462574005126953,3.7899999618530273,0.00003376621680217795,0,830.7000122070312,77.5916925,12.9543811
1766301406145857300,1677.5608571777343,0,0.07069841772317886,8.472574234008789,3.7899999618530273,0.000009617446266929619,0,830.7000122070312,77.5916925,12.9543811
1766301407145857500,1678.560857421875,0,0.07069642841815948,8.482574462890625,3.7899999618530273,0.00612581055611372,0,830.7000122070312,77.5916926,12.9543811
1766301408145857300,1679.5608571777343,0,0.07069803774356842,8.492574691772461,3.7899999618530273,0.0030434695072472095,0,830.7000122070312,77.5916926,12.9543811
1766301409145857800,1680.5608579101563,0,0.07068540155887604,8.502574920654297,3.7899999618530273,0.0011304188519716263,0,830.7000122070312,77.5916926,12.9543811
1766301410145857500,1681.560857421875,0,0.07069592922925949,8.512574195861816,3.7899999618530273,0.009036947973072529,0,830.7000122070312,77.5916927,12.9543812
1766301411145857300,1682.5608571777343,0,0.0706879198551178,5.48738431930542,3.7899999618530273,0.0044402992352843285,0,830.7000122070312,77.5916927,12.9543812
1766301412145857500,1683.560857421875,0,0.07069358974695206,5.497384071350098,3.7899999618530273,0.001643069088459015,0,830.7000122070312,77.5916927,12.9543812
1766301413145857300,1684.5608571777343,0,0.07069335877895355,5.507384300231934,3.7899999618530273,0.0005396232008934021,0,830.7000122070312,77.5916927,12.9543812
1766301414145857300,1685.5608571777343,0,0.07069351524114609,5.517384052276611,3.7899999618530273,0.00860772468149662,0,830.7000122070312,77.5916926,12.9543811
1766301415145857300,1686.5608571777343,0,0.07069327682256699,5.527384281158447,3.7899999618530273,0.018123097717761993,0,830.7000122070312,77.5916925,12.9543809
1766301416145857300,1687.5608571777343,0,0.07069890946149826,5.537384033203125,3.7899999618530273,0.008486028760671616,0,830.7000122070312,77.5916925,12.9543809
1766301417145857300,1688.5608571777343,0,0.07069878280162811,5.547384262084961,3.7899999618530273,0.003087087534368038,0,830.7000122070312,77.5916925,12.9543809
1766301418145857500,1689.560857421875,0,0.0706939622759819,12.410222053527832,3.7899999618530273,0.01179362554103136,0,836,77.5916927,12.9543809
1766301419145857300,1690.5608571777343,0,0.07068924605846405,12.420222282409668,3.7899999618530273,0.005943797528743744,0,836,77.5916927,12.9543809
1766301420145857300,1691.5608571777343,0,0.07069230824708939,12.430222511291504,3.7899999618530273,0.0022186879068613052,0,836,77.5916927,12.9543809
1766301421145857500,1692.560857421875,0,0.07068163901567459,12.440221786499023,3.7899999618530273,0.0007319397991523147,0,836,77.5916927,12.9543809
1766301422145857300,1693.5608571777343,0,0.0706840455532074,16.64046287536621,3.7899999618530273,0.00022538208577316254,0,836,77.5916927,12.9543809
1766301423145857000,1694.5608569335936,0,0.07068447768688202,16.650463104248047,3.7899999618530273,0.006189477164298296,0,836,77.5916928,12.9543809
1766301424145857000,1695.5608569335936,6.762694835662842,0.6991366744041443,16.660463333129883,3.7899999618530273,0.788671612739563,202.02732849121094,836,77.5916909,12.9543743
1766301425145857000,1696.5608569335936,2.674307107925415,0.72275310754776,16.670461654663086,3.7899999618530273,1.8424545526504517,201.0741424560547,836,77.5916866,12.9543595
1766301426145857300,1697.5608571777343,2.63704776763916,0.7432209849357605,16.680461883544922,3.7899999618530273,2.6757864952087402,217.96673583984375,836,77.5916745,12.9543372
1766301427145857000,1698.5608569335936,2.642552375793457,1.0415444374084473,16.690462112426758,3.7899999618530273,3.6305301189422607,220.00918579101562,836,77.5916531,12.9543102
1766301428145857300,1699.5608571777343,2.6115169525146484,0.9027264714241028,16.700462341308594,3.808000087738037,5.361196041107178,209.09756469726562,836,77.5916294,12.9542514
1766301429145857000,1700.5608569335936,2.4524548053741455,0.8493337631225586,16.71046257019043,3.8380000591278076,6.578746318817139,207.03590393066406,836,77.5916047,12.9541872
1766301430145857300,1701.5608571777343,8.037352561950684,0.9555143713951111,5.113699436187744,3.8510000705718994,6.14565896987915,201.0847930908203,830.7000122070312,77.5915824,12.9541317
1766301431145857000,1702.5608569335936,2.268893241882324,0.6736458539962769,5.12369966506958,3.8410000801086426,5.043090343475342,206.44229125976562,830.7000122070312,77.5915614,12.954092
1766301432145857300,1703.5608571777343,2.2637367248535156,0.6246153116226196,5.133699417114258,3.8510000705718994,4.488082408905029,208.0995330810547,830.7000122070312,77.5915449,12.9540571
1766301433145857000,1704.5608569335936,2.2819581031799316,0.6163268089294434,5.143699645996094,3.8410000801086426,3.6119163036346436,205.2477264404297,830.7000122070312,77.5915298,12.9540234
1766301434145857300,1705.5608571777343,2.3144376277923584,0.6569533944129944,5.1536993980407715,3.802000045776367,4.205570220947266,207.39315795898438,830.7000122070312,77.5915149,12.9539893
1766301435145857300,1706.5608571777343,2.266514301300049,0.8135733008384705,5.163699626922607,3.799999952316284,6.159999847412109,205,830.7000122070312,77.5914949,12.9539326
1766301436145857300,1707.5608571777343,2.221179962158203,0.8844200372695923,5.173699378967285,3.7899999618530273,6.389999866485596,208,830.7000122070312,77.5914754,12.9538783
1766301437145857300,1708.5608571777343,2.1533994674682617,0.8051612973213196,5.183699607849121,3.7899999618530273,6.949999809265137,204,830.7000122070312,77.5914486,12.9538206
1766301438145857000,1709.5608569335936,1.6480003595352173,0.7535651326179504,16.632112503051758,3.7899999618530273,7.760000228881836,202,836,77.5914239,12.9537553
1766301439145857000,1710.5608569335936,1.5529496669769287,0.9192798733711243,16.642112731933594,3.7899999618530273,8.75,199,836,77.5913968,12.953679
1766301440145857500,1711.560857421875,1.5419373512268066,0.7774176001548767,16.65211296081543,3.7899999618530273,9.470000267028809,197,836,77.5913711,12.9535976
1766301441145857500,1712.560857421875,1.411180853843689,0.7698579430580139,16.662113189697266,3.7899999618530273,9.970000267028809,199,836,77.5913423,12.9535119
1766301442145857000,1713.5608569335936,1.4678032398223877,0.9163210988044739,16.6721134185791,3.7899999618530273,10.430000305175781,197,836,77.591315,12.953423
1766301443145857300,1714.5608571777343,1.4148095846176147,0.839323103427887,16.682111740112305,3.7899999618530273,10.770000457763672,202,836,77.5912757,12.9533315
1766301444145857300,1715.5608571777343,1.410513997077942,0.8308980464935303,16.69211196899414,3.7899999618530273,11,201,836,77.5912382,12.9532361
1766301445145857300,1716.5608571777343,1.309991478919983,0.8256710171699524,16.702112197875977,3.7899999618530273,11.229999542236328,201,836,77.5911984,12.9531399
1766301446145857300,1717.5608571777343,1.3242267370224,0.7668870091438293,16.712112426757812,3.7899999618530273,10.869999885559082,201,836,77.59116,12.9530483
1766301447145857000,1718.5608569335936,1.3747676610946655,0.8396243453025818,16.72211265563965,3.7899999618530273,10.069999694824219,208,836,77.5911172,12.9529677
1766301448145857300,1719.5608571777343,1.3579466342926025,0.8386772871017456,16.732112884521484,3.7899999618530273,10.619999885559082,206,836,77.5910732,12.9528824
1766301449145857300,1720.5608571777343,1.2928268909454346,0.7496764063835144,16.74211311340332,3.7899999618530273,11.010000228881836,203,836,77.5910407,12.9527868
1766301450145857000,1721.5608569335936,1.375135064125061,0.9260240197181702,16.752113342285156,3.7899999618530273,10.75,200,836,77.591003,12.9526981
1766301451145857300,1722.5608571777343,1.2981295585632324,0.8188788294792175,16.76211166381836,3.7899999618530273,10.079999923706055,197,836,77.590977,12.9526191
1766301452145857000,1723.5608569335936,1.292002558708191,0.7781330347061157,16.772111892700195,3.7899999618530273,8.859999656677246,195,836,77.5909537,12.9525444
1766301453145857000,1724.5608569335936,1.358959674835205,0.8531966805458069,16.78211212158203,3.7899999618530273,7.71999979019165,188,836,77.5909421,12.9524747
1766301454145857000,1725.5608569335936,6.026577472686768,0.9880480170249939,16.792112350463867,3.7899999618530273,8.789999961853027,191,836,77.5909256,12.9523943
1766301455145857000,1726.5608569335936,0.964418888092041,0.14670546352863312,16.802112579345703,3.7899999618530273,9.770000457763672,203,836,77.5908935,12.9523126
1766301456145857300,1727.5608571777343,1.1714744567871094,0.14956223964691162,16.81211280822754,3.7899999618530273,8.210000038146973,202,836,77.5908675,12.9522411
1766301457145857300,1728.5608571777343,1.3182488679885864,0.15227659046649933,16.822113037109375,3.7899999618530273,7.429999828338623,194,836,77.5908482,12.9521766
1766301458145857300,1729.5608571777343,5.821544647216797,0.936040997505188,1.659403681755066,3.7899999618530273,9.130000114440918,197,828.2999877929688,77.5908214,12.9520955
1766301459145857000,1730.5608569335936,1.475975751876831,0.21960331499576569,1.6694036722183228,3.7899999618530273,9.569999694824219,202,828.2999877929688,77.5907905,12.952016
1766301460145857300,1731.5608571777343,1.8588818311691284,0.22505655884742737,1.6794036626815796,3.7899999618530273,7.789999961853027,201,828.2999877929688,77.5907667,12.9519456
1766301461145857800,1732.5608579101563,0.782874345779419,0.0818210244178772,1.689403772354126,3.7899999618530273,6.710000038146973,200,828.2999877929688,77.5907405,12.9518828
1766301462145857000,1733.5608569335936,7.990321636199951,0.9230393171310425,1.6994037628173828,3.7899999618530273,6.309999942779541,192,828.2999877929688,77.5907244,12.9518265
1766301463145857000,1734.5608569335936,7.1603102684021,0.9595800638198853,1.7094037532806396,3.7899999618530273,6.110000133514404,184,828.2999877929688,77.5907164,12.9517725
1766301464145857000,1735.5608569335936,7.873628616333008,0.9268413782119751,1.7194037437438965,3.7899999618530273,6.460000038146973,166,828.2999877929688,77.5907251,12.9517156
1766301465145857000,1736.5608569335936,6.310334205627441,0.8920722007751465,1.7294037342071533,3.7899999618530273,6.789999961853027,164,828.2999877929688,77.5907388,12.9516562
1766301466145857000,1737.5608569335936,5.3093085289001465,0.889859676361084,1.7394037246704102,3.7899999618530273,6.75,156,828.2999877929688,77.5907598,12.9515991
1766301467145857000,1738.5608569335936,4.626190662384033,0.9022790789604187,1.749403715133667,3.7899999618530273,6.75,147,828.2999877929688,77.5907886,12.9515438
1766301468145857000,1739.5608569335936,4.813879013061523,0.8815873861312866,1.7594037055969238,3.7899999618530273,6.820000171661377,132,828.2999877929688,77.5908286,12.9514984
1766301469145857300,1740.5608571777343,4.604978084564209,0.9075909852981567,1.7694036960601807,3.7899999618530273,7.639999866485596,124,828.2999877929688,77.5908824,12.9514525
1766301470145857800,1741.5608579101563,4.49473762512207,0.8988233208656311,1.7794036865234375,3.7899999618530273,8.34000015258789,111,828.2999877929688,77.5909498,12.9514165
1766301471145856800,1742.5608566894532,3.799243211746216,0.8310375213623047,1.7894036769866943,3.7899999618530273,7.590000152587891,109,828.2999877929688,77.5910146,12.9513932
1766301472145857300,1743.5608571777343,3.9940123558044434,0.8639106750488281,1.7994036674499512,3.7899999618530273,6.71999979019165,98,828.2999877929688,77.591073,12.9513767
1766301473145857300,1744.5608571777343,3.350637674331665,0.8389341235160828,1.8094037771224976,3.7899999618530273,7.210000038146973,96,828.2999877929688,77.591133,12.9513604
1766301474145857000,1745.5608569335936,2.9238033294677734,0.9087173342704773,1.8194037675857544,3.7899999618530273,8.199999809265137,104,828.2999877929688,77.5912081,12.951343
1766301475145857300,1746.5608571777343,2.6750833988189697,0.8013202548027039,1.8294037580490112,3.7899999618530273,9.130000114440918,108,828.2999877929688,77.591286,12.9513139
1766301476145857000,1747.5608569335936,2.276381254196167,0.7986294627189636,1.839403748512268,3.7899999618530273,9.399999618530273,112,828.2999877929688,77.591368,12.9512791
1766301477145856800,1748.5608566894532,2.375885248184204,0.78876793384552,1.849403738975525,3.7899999618530273,6.840000152587891,118,828.2999877929688,77.5914212,12.9512534
1766301478145857300,1749.5608571777343,2.5691139698028564,0.9466896653175354,1.8594037294387817,3.7899999618530273,4.409999847412109,119,828.2999877929688,77.5914534,12.9512329
1766301479145856800,1750.5608566894532,2.6763367652893066,0.8603301644325256,5.826851844787598,3.7899999618530273,5.079999923706055,125,832.2999877929688,77.591494,12.951209
1766301480145857300,1751.5608571777343,2.7406227588653564,0.8420940041542053,5.836852073669434,3.7899999618530273,6.599999904632568,114,832.2999877929688,77.591551,12.951183
1766301481145857000,1752.5608569335936,2.512639045715332,0.8043994307518005,5.846851825714111,3.7899999618530273,7.960000038146973,114,832.2999877929688,77.5916187,12.9511528
1766301482145857000,1753.5608569335936,1.8902775049209595,0.7889944314956665,5.856852054595947,3.7899999618530273,9.100000381469727,114,832.2999877929688,77.5916959,12.9511201
1766301483145857300,1754.5608571777343,1.7625819444656372,0.7978343963623047,5.866851806640625,3.7899999618530273,9.859999656677246,117,832.2999877929688,77.5917784,12.9510782
1766301484145857300,1755.5608571777343,1.6465452909469604,0.818190336227417,5.876852035522461,3.7899999618530273,10.4399995803833,122,832.2999877929688,77.5918622,12.9510305
1766301485145857300,1756.5608571777343,1.569651484489441,0.8455701470375061,5.886852264404297,3.7899999618530273,10.329999923706055,127,832.2999877929688,77.5919389,12.9509757
1766301486145857300,1757.5608571777343,1.5394459962844849,0.7856531739234924,5.896852016448975,3.7899999618530273,9.960000038146973,131,832.2999877929688,77.5920093,12.950918
1766301487145857300,1758.5608571777343,1.3692413568496704,0.7690590023994446,5.9068522453308105,3.7899999618530273,10.109999656677246,133,832.2999877929688,77.592078,12.9508569
1766301488145857000,1759.5608569335936,1.1484158039093018,0.7558115720748901,5.916851997375488,3.7899999618530273,10.270000457763672,134,832.2999877929688,77.5921439,12.9507921
1766301489145857000,1760.5608569335936,1.0839428901672363,0.7533938884735107,5.926852226257324,3.7899999618530273,10.319999694824219,133,832.2999877929688,77.5922123,12.9507276
1766301490145857000,1761.5608569335936,0.9782124161720276,0.7377304434776306,5.936851978302002,3.7899999618530273,10.220000267028809,134,832.2999877929688,77.5922794,12.9506644
1766301491145857000,1762.5608569335936,0.940759003162384,0.8159810900688171,5.946852207183838,3.7899999618530273,10.069999694824219,134,832.2999877929688,77.5923487,12.9506039
1766301492145857000,1763.5608569335936,0.9585739374160767,0.7432135343551636,5.956851959228516,3.7899999618530273,10.010000228881836,133,832.2999877929688,77.5924181,12.9505447
1766301493145857000,1764.5608569335936,0.9251444339752197,0.742257297039032,5.966852188110352,3.7899999618530273,9.859999656677246,134,832.2999877929688,77.5924853,12.9504851
1766301494145857000,1765.5608569335936,0.9376741051673889,0.7367941737174988,5.976851940155029,3.7899999618530273,10.100000381469727,131,832.2999877929688,77.5925559,12.9504237
1766301495145857000,1766.5608569335936,0.9514055252075195,0.7811502814292908,5.986852169036865,3.7899999618530273,10.239999771118164,134,832.2999877929688,77.5926227,12.9503589
1766301496145857000,1767.5608569335936,0.9634094834327698,0.7949151396751404,5.996851921081543,3.7899999618530273,10.270000457763672,134,832.2999877929688,77.5926895,12.9502939
1766301497145857000,1768.5608569335936,0.9914032220840454,0.7844567894935608,6.006852149963379,3.7899999618530273,10.65999984741211,138,832.2999877929688,77.5927562,12.9502222
1766301498145857000,1769.5608569335936,1.0149532556533813,0.7840295433998108,6.016851902008057,3.7899999618530273,10.850000381469727,137,832.2999877929688,77.5928249,12.9501494
1766301499145857000,1770.5608569335936,1.0209035873413086,0.7463229894638062,6.026852130889893,3.7899999618530273,10.920000076293945,139,832.2999877929688,77.5928913,12.950075
1766301500145857300,1771.5608571777343,1.0711350440979004,0.8095545768737793,1.3856171369552612,3.7899999618530273,11.489999771118164,144,831.2999877929688,77.592954,12.9499934
1766301501145857000,1772.5608569335936,1.085900902748108,0.8881582617759705,1.3956172466278076,3.7899999618530273,11.180000305175781,151,831.2999877929688,77.5930085,12.94991
1766301502145857000,1773.5608569335936,1.1260991096496582,0.7763171195983887,1.4056172370910645,3.7899999618530273,11.220000267028809,153,831.2999877929688,77.5930579,12.9498206
1766301503145857000,1774.5608569335936,1.0670366287231445,0.7722693085670471,1.4156172275543213,3.7899999618530273,11.180000305175781,153,831.2999877929688,77.5931061,12.9497317
1766301504145857300,1775.5608571777343,1.0497342348098755,0.884562075138092,1.4256172180175781,3.7899999618530273,11.039999961853027,153,831.2999877929688,77.5931515,12.9496433
1766301505145857300,1776.5608571777343,1.0834763050079346,0.9700515270233154,1.435617208480835,3.7899999618530273,10.920000076293945,152,831.2999877929688,77.5931978,12.9495558
1766301506145857000,1777.5608569335936,1.1463768482208252,0.7777212262153625,1.4456171989440918,3.7899999618530273,10.989999771118164,152,831.2999877929688,77.5932423,12.9494678
1766301507145857000,1778.5608569335936,1.172582745552063,0.8002673983573914,1.4556171894073486,3.7899999618530273,10.920000076293945,151,831.2999877929688,77.5932887,12.9493801
1766301508145857500,1779.560857421875,1.1785035133361816,0.8478932976722717,1.4656171798706055,3.7899999618530273,10.40999984741211,153,831.2999877929688,77.5933292,12.9492899
1766301509145857000,1780.5608569335936,1.197264313697815,0.7890834808349609,1.4756171703338623,3.7899999618530273,10.539999961853027,154,831.2999877929688,77.5933697,12.9492002
1766301510145857300,1781.5608571777343,1.2096705436706543,0.8806113600730896,1.4856171607971191,3.7899999618530273,10.970000267028809,158,831.2999877929688,77.5934082,12.9491063
1766301511145857300,1782.5608571777343,1.2499806880950928,0.8096197247505188,1.495617151260376,3.7899999618530273,10.6899995803833,157,831.2999877929688,77.5934485,12.9490203
1766301512145857300,1783.5608571777343,1.279051423072815,0.8476050496101379,1.5056171417236328,3.7899999618530273,9.899999618530273,150,831.2999877929688,77.5934952,12.9489475
1766301513145857000,1784.5608569335936,1.2959797382354736,0.7637311220169067,1.5156171321868896,3.7899999618530273,9.25,147,831.2999877929688,77.5935421,12.9488771
1766301514145857500,1785.560857421875,1.2872828245162964,0.9113286733627319,1.525617241859436,3.7899999618530273,8.319999694824219,147,831.2999877929688,77.5935847,12.9488096
1766301515145857500,1786.560857421875,1.3543453216552734,0.8544858694076538,1.5356172323226929,3.7899999618530273,7.550000190734863,154,831.2999877929688,77.593617,12.9487497
1766301516145857000,1787.5608569335936,1.430553674697876,0.82631915807724,1.5456172227859497,3.7899999618530273,6.360000133514404,153,831.2999877929688,77.5936445,12.9486963
1766301517145856800,1788.5608566894532,17.01876449584961,1.151960015296936,1.5556172132492065,3.7899999618530273,4.349999904632568,145,831.2999877929688,77.5936654,12.9486613
1766301518145857000,1789.5608569335936,7.149355411529541,0.3712962865829468,1.5656172037124634,3.7899999618530273,3.359999895095825,84,831.2999877929688,77.5936985,12.9486604
1766301519145857300,1790.5608571777343,0.8087181448936462,0.0587678961455822,1.5756171941757202,3.7899999618530273,4.659999847412109,67,831.2999877929688,77.5937326,12.9486668
1766301520145857300,1791.5608571777343,1.7122353315353394,0.154896542429924,1.585617184638977,3.7899999618530273,5.820000171661377,59,831.2999877929688,77.5937647,12.9486817
1766301521145857300,1792.5608571777343,4.361345291137695,0.4071415364742279,1.5956171751022339,3.7899999618530273,6.03000020980835,62,831.2999877929688,77.5938186,12.9487076
1766301522145857000,1793.5608569335936,11.136977195739746,1.0483452081680298,1.0389585494995117,3.7899999618530273,6.090000152587891,65,830.3999633789062,77.5938711,12.9487307
1766301523145857000,1794.5608569335936,8.7111177444458,0.8390154838562012,1.0489585399627686,3.7899999618530273,6.230000019073486,66,830.3999633789062,77.5939211,12.9487526
1766301524145857300,1795.5608571777343,13.74637508392334,1.3797321319580078,1.0589585304260254,3.8610000610351562,6.480000019073486,68,830.3999633789062,77.5939764,12.9487696
1766301525145857000,1796.5608569335936,7.19415807723999,0.9822229743003845,1.0689585208892822,3.8610000610351562,7.25,53,830.3999633789062,77.5940294,12.9488201
1766301526145857000,1797.5608569335936,6.873992443084717,0.9804103970527649,1.078958511352539,3.8610000610351562,7.579999923706055,58,830.3999633789062,77.5940875,12.948862
1766301527145857300,1798.5608571777343,0.49813076853752136,0.05626311153173447,1.0889586210250854,3.875,7.25,70,830.3999633789062,77.5941478,12.9488855
1766301528145857300,1799.5608571777343,7.5028510093688965,0.9417069554328918,1.0989586114883423,3.875,7.059999942779541,63,830.3999633789062,77.5941992,12.9489104
1766301529145857300,1800.5608571777343,5.10139274597168,0.8875191807746887,1.1089586019515991,3.7899999618530273,6.840000152587891,63,830.3999633789062,77.5942546,12.9489415
1766301530145857000,1801.5608569335936,5.146830081939697,0.8505004644393921,1.118958592414856,3.7899999618530273,6.619999885559082,62,830.3999633789062,77.5943087,12.9489722
1766301531145857500,1802.560857421875,5.4116106033325195,0.8586112260818481,1.1289585828781128,3.7899999618530273,6.389999866485596,63,830.3999633789062,77.5943615,12.9490002
1766301532145857300,1803.5608571777343,5.259644985198975,0.8651532530784607,1.1389585733413696,3.7899999618530273,5.909999847412109,67,830.3999633789062,77.5944105,12.9490233
1766301533145857300,1804.5608571777343,6.6230854988098145,0.8872489929199219,1.1489585638046265,3.7899999618530273,3.7100000381469727,70,830.3999633789062,77.5944417,12.9490331
1766301534145857300,1805.5608571777343,7.7308573722839355,0.9892145991325378,1.5637831687927246,3.7899999618530273,2.109999895095825,82,829.2999877929688,77.5944576,12.9490405
1766301535145857300,1806.5608571777343,8.656583786010742,1.0098979473114014,1.5737831592559814,3.7899999618530273,2.859999895095825,63,829.2999877929688,77.5944828,12.9490524
1766301536145857300,1807.5608571777343,8.184656143188477,0.9254065155982971,1.5837831497192383,3.7899999618530273,4.309999942779541,67,829.2999877929688,77.5945187,12.9490721
1766301537145857300,1808.5608571777343,7.390142440795898,0.909949541091919,1.5937832593917847,3.7899999618530273,5.199999809265137,62,829.2999877929688,77.5945628,12.9490976
1766301538145857300,1809.5608571777343,5.776412487030029,0.8507249355316162,1.6037832498550415,3.7899999618530273,5.46999979019165,64,829.2999877929688,77.5946063,12.9491215
1766301539145857300,1810.5608571777343,4.1228108406066895,0.8155766129493713,1.6137832403182983,3.7899999618530273,5.659999847412109,62,829.2999877929688,77.5946526,12.9491458
1766301540145857500,1811.560857421875,4.374916076660156,0.9540885090827942,1.6237832307815552,3.7899999618530273,6.010000228881836,63,829.2999877929688,77.5947028,12.9491706
1766301541145857300,1812.5608571777343,4.273159980773926,0.9022396802902222,1.633783221244812,3.7899999618530273,5.75,57,829.2999877929688,77.5947469,12.9491998
1766301542145857300,1813.5608571777343,4.531649112701416,1.0082753896713257,1.6437832117080688,3.7899999618530273,5.909999847412109,58,829.2999877929688,77.5947926,12.9492299
1766301543145857300,1814.5608571777343,4.384421348571777,1.084141731262207,1.6537832021713257,3.7899999618530273,6.110000133514404,63,829.2999877929688,77.5948433,12.9492562
1766301544145857300,1815.5608571777343,3.9441051483154297,0.8904685378074646,1.6637831926345825,3.7899999618530273,5.610000133514404,61,829.2999877929688,77.5948843,12.949292
1766301545145857500,1816.560857421875,3.3456923961639404,0.7760099768638611,1.6737831830978394,3.7899999618530273,5.480000019073486,60,829.2999877929688,77.594928,12.9493152
1766301546145857300,1817.5608571777343,3.486898899078369,1.0279768705368042,1.6837831735610962,3.7899999618530273,4.739999771118164,54,829.2999877929688,77.5949643,12.9493362
1766301547145857300,1818.5608571777343,3.5464730262756348,0.8554730415344238,1.693783164024353,3.7899999618530273,4.239999771118164,58,829.2999877929688,77.595,12.9493461
1766301548145857300,1819.5608571777343,3.7294366359710693,0.9460822343826294,1.5284242630004883,3.7899999618530273,3.4600000381469727,62,826.5,77.5950338,12.94936
1766301549145857000,1820.5608569335936,3.936276912689209,0.7801995873451233,1.5384242534637451,3.7899999618530273,0.7400000095367432,61,826.5,77.5950399,12.9493581
1766301550145857300,1821.5608571777343,0,0.06980004906654358,1.548424243927002,3.7899999618530273,0,0,826.5,77.5950463,12.9493592
1766301551145857300,1822.5608571777343,0,0.0704193115234375,1.5584242343902588,3.7899999618530273,0,0,826.5,77.5950486,12.9493559
1766301552145857500,1823.560857421875,0,0.07061713933944702,1.5684242248535156,3.7899999618530273,0,0,826.5,77.5950474,12.9493544
1766301553145857000,1824.5608569335936,0,0.07068152725696564,1.5784242153167725,3.7899999618530273,0,0,826.5,77.5950484,12.9493543
1766301554145857300,1825.5608571777343,0,0.07068127393722534,1.5884242057800293,3.7899999618530273,0,0,826.5,77.5950483,12.9493533
1766301555145857000,1826.5608569335936,0,0.0706874281167984,6.102295398712158,3.7899999618530273,0,0,831.3999633789062,77.5950464,12.9493527
1766301556145857300,1827.5608571777343,0,0.07069659978151321,6.112295627593994,3.7899999618530273,0,0,831.3999633789062,77.5950455,12.9493532
1766301557145857000,1828.5608569335936,0,0.0706944540143013,6.122295379638672,3.7899999618530273,0,0,831.3999633789062,77.5950458,12.9493532
1766301558145857000,1829.5608569335936,0,0.07069681584835052,6.132295608520508,3.7899999618530273,0,0,831.3999633789062,77.5950456,12.9493545
1766301561555857200,1832.9708571777344,0,0.23625046014785767,2.563230276107788,3.7899999618530273,0,0,811.311279296875,77.5950476,12.9493547
1766301562145857500,1833.560857421875,0,0.23625046014785767,2.563230276107788,3.7899999618530273,0,0,811.311279296875,77.5950476,12.9493547
1766301563149648000,1834.5646479492189,0,0.5888599157333374,2.5,3.7899999618530273,0,0,811.1044921875,77.5950502,12.9493562
1766301564149422800,1835.5644228515625,13.399514198303223,1.0514496564865112,2.5,3.7899999618530273,5.059999942779541,58,812.0101318359375,77.5951275,12.9493998
1766301565145383400,1836.560383544922,11.870582580566406,1.2344225645065308,1.5258779525756836,3.7899999618530273,6.71999979019165,58,825.5999755859375,77.5951943,12.9494501
1766301566144761300,1837.5597612304687,18.640077590942383,0.7240428328514099,1.5358717441558838,3.7899999618530273,2.4800000190734863,54,825.5999755859375,77.5952251,12.9494691
1766301567150760000,1838.5657600097657,12.324488639831543,0.6108965873718262,1.5459316968917847,3.7899999618530273,3.200000047683716,56,825.5999755859375,77.5952634,12.9494855
1766301568150117600,1839.5651176757813,10.17731761932373,0.5802485942840576,1.5559253692626953,3.7899999618530273,3.690000057220459,54,825.5999755859375,77.5953014,12.9495078
1766301569142269700,1840.5572697753905,6.0016255378723145,0.5899753570556641,1.5658468008041382,3.7899999618530273,6.360000133514404,64,825.5999755859375,77.5953624,12.9495356
1766301570146769700,1841.5617697753905,8.24437141418457,1.0388387441635132,1.5758918523788452,3.7899999618530273,6.579999923706055,64,825.5999755859375,77.5954213,12.9495604
1766301571153437200,1842.5684372558594,4.9366021156311035,0.5622509121894836,1.585958480834961,3.7899999618530273,7.360000133514404,56,825.5999755859375,77.5954823,12.9495998
1766301572144147700,1843.5591477050782,3.8538122177124023,0.5013735890388489,1.5958656072616577,3.7899999618530273,8.399999618530273,60,825.5999755859375,77.5955517,12.9496345
1766301573146782200,1844.5617822265624,2.059276580810547,0.23975291848182678,1.6058919429779053,3.7899999618530273,7.489999771118164,63,825.5999755859375,77.5956129,12.9496611
1766301574150574300,1845.56557421875,1.33003568649292,0.1629188507795334,1.6159298419952393,3.7899999618530273,7.880000114440918,63,825.5999755859375,77.595678,12.9496942
1766301575147337500,1846.5623374023437,2.229330062866211,0.8066727519035339,1.6258975267410278,3.7899999618530273,7.53000020980835,69,825.5999755859375,77.5957452,12.9497174
1766301576142999800,1847.5579997558593,2.1652872562408447,1.0268982648849487,1.6358541250228882,3.7899999618530273,7.699999809265137,64,825.5999755859375,77.5958146,12.9497524
1766301577151385000,1848.5663850097656,2.132678508758545,1.0911250114440918,1.6459380388259888,3.7899999618530273,6.809999942779541,61,825.5999755859375,77.5958682,12.9497796
1766301578145175600,1849.5601755371094,2.1228818893432617,0.9518444538116455,1.6558759212493896,3.7899999618530273,5.519999980926514,61,825.5999755859375,77.5959157,12.9498047
1766301579150289700,1850.5652895507812,2.151639223098755,0.768878698348999,1.6659270524978638,3.7899999618530273,3.759999990463257,64,825.5999755859375,77.5959458,12.9498286
1766301580151202300,1851.5662023925781,2.245079278945923,0.7795359492301941,1.6759361028671265,3.7899999618530273,1.4900000095367432,53,825.5999755859375,77.5959548,12.94984
1766301581141226000,1852.5562260742188,2.372277021408081,0.8987557291984558,1.6858364343643188,3.7899999618530273,1.4500000476837158,54,825.5999755859375,77.59597,12.9498466
1766301582150956300,1853.565956298828,2.5140798091888428,0.9834855794906616,1.0284395217895508,3.7899999618530273,1.7100000381469727,57,823.5999755859375,77.5959856,12.949855
1766301583143026400,1854.5580263671875,2.6530299186706543,0.8183950185775757,1.0383602380752563,3.7899999618530273,3.440000057220459,71,823.5999755859375,77.5960264,12.9498717
1766301584147372300,1855.5623723144531,2.767247438430786,0.7579841017723083,1.0484037399291992,3.7899999618530273,4.559999942779541,68,823.5999755859375,77.596071,12.949887
1766301585149014800,1856.5640148925781,2.696397304534912,0.909515380859375,1.058420181274414,3.7899999618530273,5.909999847412109,71,823.5999755859375,77.5961353,12.9499151
1766301586146641400,1857.5616413574219,2.763552665710449,0.8843993544578552,1.0683964490890503,3.7899999618530273,6.179999828338623,63,823.5999755859375,77.596189,12.9499495
1766301587141812200,1858.5568122558593,2.652191162109375,0.8269019722938538,1.078348159790039,3.7899999618530273,6.619999885559082,65,823.5999755859375,77.5962399,12.9499807
1766301588148240400,1859.5632404785156,2.6211555004119873,0.8213382959365845,1.0884124040603638,3.7899999618530273,6.989999771118164,64,823.5999755859375,77.5963001,12.9500098
1766301589150318000,1860.5653181152343,2.3336501121520996,0.7624149918556213,1.0984331369400024,3.7899999618530273,6.610000133514404,62,823.5999755859375,77.5963559,12.9500383
1766301590152000000,1861.567,2.3346056938171387,0.7957298159599304,1.1084500551223755,3.7899999618530273,5.849999904632568,63,823.5999755859375,77.5964073,12.9500613
1766301591152800800,1862.56780078125,2.205784559249878,0.66819167137146,1.1184580326080322,3.7899999618530273,4.420000076293945,64,823.5999755859375,77.5964428,12.9500817
1766301592153217800,1863.5682177734375,2.359196662902832,0.7281367182731628,1.1284621953964233,3.7899999618530273,2.569999933242798,75,823.5999755859375,77.5964658,12.9500936
1766301593151745500,1864.5667456054687,2.4930644035339355,0.7535226941108704,1.1384474039077759,3.7899999618530273,2.740000009536743,66,823.5999755859375,77.59649,12.9501093
1766301594148540000,1865.5635397949218,2.6265997886657715,0.7281803488731384,1.148415446281433,3.7899999618530273,3.049999952316284,81,823.5999755859375,77.5965158,12.9501174
1766301595146207500,1866.5612075195313,11.169629096984863,0.7107931971549988,1.5423448085784912,3.7899999618530273,4.110000133514404,95,823.2000122070312,77.5965538,12.9501121
1766301596146665200,1867.5616652832032,2.8737447261810303,0.9363123774528503,1.5523494482040405,3.7899999618530273,5.099999904632568,122,823.2000122070312,77.5965933,12.9500934
1766301597154126300,1868.569126220703,2.983471393585205,0.9500798583030701,1.5624240636825562,3.7899999618530273,6.199999809265137,134,823.2000122070312,77.5966348,12.9500578
1766301598152943900,1869.5679438476564,3.0362086296081543,0.9502823948860168,1.5724122524261475,3.7899999618530273,6.769999980926514,129,823.2000122070312,77.596683,12.9500192
1766301599153424400,1870.5684243164062,2.8163602352142334,0.8074452877044678,1.5824170112609863,3.7899999618530273,7.360000133514404,134,823.2000122070312,77.5967328,12.949971
1766301600148265500,1871.5632653808593,2.503206729888916,0.8020433187484741,1.5923655033111572,3.7899999618530273,7.619999885559082,130,823.2000122070312,77.5967848,12.9499261
1766301601141646000,1872.5566459960937,2.2853634357452393,0.8008164763450623,1.6022992134094238,3.7899999618530273,7.5,132,823.2000122070312,77.596833,12.949878
1766301602147017700,1873.5620178222657,2.1952505111694336,0.7900018095970154,1.612352967262268,3.7899999618530273,6.849999904632568,132,823.2000122070312,77.5968791,12.9498364
1766301603150623200,1874.5656232910155,2.1677095890045166,0.8984645009040833,1.6223890781402588,3.7899999618530273,5.869999885559082,125,823.2000122070312,77.5969208,12.9497996
1766301604146619600,1875.5616196289063,2.262387275695801,0.9837884306907654,1.6323490142822266,3.7899999618530273,4.349999904632568,103,823.2000122070312,77.5969545,12.9497803
1766301605150222300,1876.5652224121093,2.370976448059082,1.1148651838302612,1.6423850059509277,3.7899999618530273,3.3299999237060547,75,823.2000122070312,77.5969867,12.9497788
1766301606153101000,1877.5681010742187,2.4764060974121094,0.9745875597000122,1.0503710508346558,3.7899999618530273,2.0399999618530273,51,822.2000122070312,77.5970031,12.9497881
1766301607144221400,1878.559221435547,2.5876502990722656,1.1061307191848755,1.0602822303771973,3.7899999618530273,2.5,42,822.2000122070312,77.5970253,12.9497976
1766301608149556700,1879.564556640625,2.6970252990722656,1.1392548084259033,1.0703355073928833,3.7899999618530273,3.259999990463257,33,822.2000122070312,77.5970524,12.9498294
1766301609146402800,1880.5614028320313,2.7923734188079834,0.791765570640564,1.0803040266036987,3.7899999618530273,3.75,40,822.2000122070312,77.597078,12.9498636
1766301610142468600,1881.5574685058593,2.9104068279266357,0.8693217039108276,1.0902646780014038,3.7899999618530273,2.9200000762939453,35,822.2000122070312,77.5970967,12.949887
1766301611151327200,1882.5663271484375,3.0250048637390137,0.8450441956520081,1.1003532409667969,3.7899999618530273,2.259999990463257,41,822.2000122070312,77.5971127,12.9499037
1766301612151328800,1883.566328857422,3.14892578125,0.7597270011901855,1.1103532314300537,3.7899999618530273,1.5,28,822.2000122070312,77.5971249,12.9499147
1766301613143777500,1884.5587775878905,3.2794840335845947,0.647255539894104,1.120277762413025,3.7899999618530273,0.4399999976158142,36,822.2000122070312,77.5971314,12.9499202
1766301614152984600,1885.5679846191406,79.07669067382812,0.7310838103294373,1.1303699016571045,3.7899999618530273,0.30000001192092896,39,822.2000122070312,77.5971334,12.9499197
1766301615142994400,1886.5579943847656,79.10100555419922,0.7300840616226196,1.1402699947357178,3.7899999618530273,0.23999999463558197,39,822.2000122070312,77.5971341,12.949919
1766301616151391200,1887.5663911132813,74.52641296386719,0.7353188395500183,1.1503539085388184,3.7899999618530273,0.38999998569488525,200,822.2000122070312,77.5971356,12.9499173
1766301617152528400,1888.5675283203125,8.123292922973633,0.7037566900253296,1.1195298433303833,3.7899999618530273,0.6299999952316284,247,821.8999633789062,77.5971342,12.9499144
1766301618151827000,1889.566826904297,7.7221903800964355,0.7327237725257874,1.1295228004455566,3.7899999618530273,0.20999999344348907,246,821.8999633789062,77.5971355,12.949915
1766301619150867000,1890.5658669433594,0,0.07069940865039825,1.1395131349563599,3.7899999618530273,0,0,821.8999633789062,77.5971446,12.9499152
1766301620150866700,1891.5658666992188,0,0.07069528102874756,1.1495131254196167,3.7899999618530273,0,0,821.8999633789062,77.597147,12.9499097
