time,seconds_elapsed,bearingAccuracy,speedAccuracy,verticalAccuracy,horizontalAccuracy,speed,bearing,altitude,longitude,latitude
1766295085150634000,1.134634033203125,0,0.0706947073340416,1.1156963109970093,3.7899999618530273,0,0,840.2999877929688,77.5960193,13.0169453
1766295086156346000,2.14034619140625,0,0.07069458812475204,1.125753402709961,3.7899999618530273,0,0,840.2999877929688,77.596019,13.0169448
1766295087156056300,3.140056396484375,13.392910957336426,0.6996785998344421,1.102603793144226,3.7899999618530273,0.3799999952316284,295,840.2999877929688,77.5960151,13.0169474
1766295088154463000,4.138462890625,5.674898147583008,0.19121618568897247,1.1125879287719727,3.7899999618530273,2.1700000762939453,303,840.2999877929688,77.5960026,13.0169556
1766295089151200000,5.135199951171875,34.11920928955078,1.1643866300582886,1.1225552558898926,3.7899999618530273,1.7400000095367432,295,840.2999877929688,77.595988,13.0169632
1766295090154027500,6.138027587890625,7.697271347045898,0.49821799993515015,1.132583498954773,3.7899999618530273,4.190000057220459,297,840.2999877929688,77.5959595,13.0169787
1766295091149777700,7.133777587890625,1.9659184217453003,0.12077263742685318,1.1425410509109497,3.7899999618530273,3.950000047683716,298,840.2999877929688,77.5959278,13.0169975
1766295092155168000,8.13916796875,1.383654236793518,0.09610066562891006,1.1525949239730835,3.7899999618530273,4.460000038146973,296,840.2999877929688,77.5958909,13.0170155
1766295093150990600,9.134990478515626,1.1201244592666626,0.09043484181165695,1.1625531911849976,3.7899999618530273,5.190000057220459,293,840.2999877929688,77.5958448,13.017033
1766295094159062300,10.143062255859375,11.581072807312012,1.0105220079421997,1.2482784986495972,3.7899999618530273,5.639999866485596,292,841.7000122070312,77.5957968,13.0170513
1766295095148197000,11.132197021484375,4.289887428283691,0.9189453721046448,1.2581698894500732,3.7899999618530273,6.289999961853027,294,841.7000122070312,77.5957445,13.0170707
1766295096146404400,12.130404296875,4.241152763366699,0.9644541144371033,1.268151879310608,3.7899999618530273,6.670000076293945,298,841.7000122070312,77.5956901,13.0170994
1766295097146380800,13.130380859375,4.0863037109375,0.9588344097137451,1.2781516313552856,3.7899999618530273,7.03000020980835,297,841.7000122070312,77.5956296,13.0171307
1766295098146124300,14.130124267578125,4.384029865264893,1.072506308555603,1.288149118423462,3.7899999618530273,6.559999942779541,295,841.7000122070312,77.595579,13.017156
1766295099148119300,15.132119384765625,4.90468692779541,1.0243765115737915,1.2981690168380737,3.7899999618530273,6.150000095367432,295,841.7000122070312,77.5955309,13.0171834
1766295100150357800,16.134357666015624,4.969673156738281,1.0014959573745728,1.3081914186477661,3.7899999618530273,6.119999885559082,293,841.7000122070312,77.5954762,13.0172056
1766295101149038600,17.13303857421875,5.370662689208984,1.1190299987792969,1.3181782960891724,3.7899999618530273,5.46999979019165,291,841.7000122070312,77.5954263,13.0172202
1766295102155675400,18.13967529296875,5.009865760803223,0.6965210437774658,1.3282445669174194,3.7899999618530273,4.420000076293945,293,841.7000122070312,77.595383,13.0172341
1766295103148559400,19.132559326171876,5.8726019859313965,0.7112748622894287,1.338173508644104,3.7899999618530273,2.059999942779541,303,841.7000122070312,77.5953658,13.0172425
1766295104147530800,20.13153076171875,6.644967079162598,0.7272047400474548,1.34816312789917,3.7899999618530273,0.9100000262260437,333,841.7000122070312,77.5953582,13.0172493
1766295105156663600,21.14066357421875,8.36143684387207,0.9045658111572266,1.028666615486145,3.7899999618530273,0.8999999761581421,320,845.7000122070312,77.5953556,13.0172544
1766295106158459100,22.142459228515627,8.03093433380127,0.46990397572517395,1.038684606552124,3.7899999618530273,3.7799999713897705,287,845.7000122070312,77.5953245,13.0172641
1766295107147570400,23.1315703125,10.267349243164062,0.5799680352210999,1.048575758934021,3.7899999618530273,3.6500000953674316,293,845.7000122070312,77.5952947,13.017276
1766295108146127000,24.130127197265626,18.700119018554688,1.0285921096801758,1.0585613250732422,3.7899999618530273,3.5199999809265137,292,845.7000122070312,77.5952654,13.0172883
1766295109146486300,25.130486328125,7.323019981384277,0.725934624671936,1.0685648918151855,3.7899999618530273,6.409999847412109,279,845.7000122070312,77.5951959,13.0173013
1766295110156786700,26.14078662109375,3.2144482135772705,0.2522381842136383,1.0786678791046143,3.7899999618530273,5.059999942779541,285,845.7000122070312,77.5951535,13.0173123
1766295111152521700,27.136521728515625,5.2508225440979,0.41947153210639954,1.088625192642212,3.7899999618530273,5.159999847412109,288,845.7000122070312,77.5951079,13.0173288
1766295112158886400,28.142886474609377,3.9389243125915527,0.41854363679885864,1.0986888408660889,3.7899999618530273,6.860000133514404,297,845.7000122070312,77.5950541,13.0173609
1766295113151769000,29.13576904296875,1.908814787864685,0.21325767040252686,1.1086176633834839,3.7899999618530273,7.190000057220459,290,845.7000122070312,77.5949956,13.0173859
1766295114153782500,30.137782470703126,2.64487361907959,0.300004243850708,1.1186378002166748,3.7899999618530273,7.309999942779541,292,845.7000122070312,77.5949391,13.017414
1766295115159409200,31.1434091796875,4.653756141662598,0.45261824131011963,1.1286940574645996,3.7899999618530273,6.28000020980835,295,845.7000122070312,77.5948882,13.0174396
1766295116146310000,32.13030981445313,6.2465362548828125,0.6488920450210571,1.1385631561279297,3.7899999618530273,6.71999979019165,292,845.7000122070312,77.5948316,13.0174655
1766295117146509800,33.130509765625,4.140015602111816,0.4775288701057434,1.1485650539398193,3.7899999618530273,7.449999809265137,302,845.7000122070312,77.5947748,13.0175009
1766295118156350700,34.14035083007813,5.127172946929932,0.5163227915763855,1.1586635112762451,3.7899999618530273,6.510000228881836,298,845.7000122070312,77.5947227,13.0175307
1766295119153065200,35.137065185546874,10.891786575317383,0.8866163492202759,1.168630599975586,3.7899999618530273,5.260000228881836,299,845.7000122070312,77.5946785,13.0175554
1766295120158351400,36.142351318359374,8.157118797302246,0.5431469678878784,1.1786835193634033,3.7899999618530273,4.03000020980835,295,845.7000122070312,77.59464,13.0175659
1766295121148503800,37.13250390625,1.9482433795928955,0.1752767115831375,1.1885850429534912,3.7899999618530273,5.789999961853027,292,845.7000122070312,77.5945905,13.0175809
1766295122146379300,38.130379150390624,3.446568727493286,0.22926463186740875,1.198563814163208,3.7899999618530273,4.289999961853027,290,845.7000122070312,77.5945545,13.0175976
1766295123153046800,39.137046875,7.0409064292907715,0.3735468089580536,1.2086304426193237,3.7899999618530273,3.430000066757202,285,845.7000122070312,77.5945205,13.0176091
1766295124146428700,40.1304287109375,15.461458206176758,0.41031545400619507,2.5255041122436523,3.7899999618530273,1.7000000476837158,278,848.5,77.5945033,13.0176167
1766295125156761300,41.14076123046875,19.56678581237793,0.6550533175468445,2.53560733795166,3.7899999618530273,2.140000104904175,282,848.5,77.5944833,13.0176248
1766295126148324400,42.13232446289062,32.755035400390625,0.8771167993545532,2.545522928237915,3.7899999618530273,1.6299999952316284,259,848.5,77.5944672,13.0176215
1766295127147575800,43.131575927734374,7.546391010284424,0.47345781326293945,2.5555155277252197,3.7899999618530273,4.059999942779541,306,848.5,77.5944378,13.017641
1766295128152231700,44.136231689453126,2.903442144393921,0.2011653631925583,2.5655620098114014,3.7899999618530273,4.460000038146973,291,848.5,77.5944031,13.0176568
1766295129156440600,45.140440673828124,2.848064422607422,0.231038898229599,2.575604200363159,3.7899999618530273,5.230000019073486,287,848.5,77.5943601,13.017672
1766295130156058400,46.140058349609376,2.638254165649414,0.2350214421749115,2.5856003761291504,3.7899999618530273,5.739999771118164,291,848.5,77.5943156,13.0176907
1766295131158859300,47.142859375,3.1027028560638428,0.1697009950876236,2.595628499984741,3.7899999618530273,3.5199999809265137,293,848.5,77.5942798,13.0177041
1766295132154052400,48.13805224609375,15.632940292358398,0.19111743569374084,2.6055803298950195,3.7899999618530273,0.5299999713897705,293,848.5,77.5942647,13.0177096
1766295133151164000,49.13516381835937,9.596943855285645,0.2087639570236206,2.615551471710205,3.7899999618530273,1.399999976158142,299,848.5,77.5942523,13.0177119
1766295134159632000,50.1436318359375,19.9348201751709,0.8672624230384827,2.625636100769043,3.7899999618530273,2.7799999713897705,290,848.5,77.5942276,13.01772
1766295135158005000,51.1420048828125,9.596747398376465,0.7854083180427551,2.635619878768921,3.7899999618530273,4.699999809265137,286,848.5,77.5941832,13.0177401
1766295136157022500,52.1410224609375,10.280181884765625,1.1330126523971558,2.6456100940704346,3.7899999618530273,5.889999866485596,289,848.5,77.5941303,13.0177604
1766295137154573300,53.1385732421875,11.63106632232666,1.2253451347351074,2.655585527420044,3.7899999618530273,6.75,291,848.5,77.5940711,13.0177802
1766295138154529300,54.138529296875,1.6802719831466675,0.9175130724906921,2.6655850410461426,3.7899999618530273,7.050000190734863,294,848.5,77.594009,13.0178043
1766295139157012700,55.1410126953125,2.7280938625335693,0.8797803521156311,2.675609827041626,3.7899999618530273,7.21999979019165,298,848.5,77.5939494,13.0178318
1766295140150917600,56.13491772460937,3.5821597576141357,0.8798747658729553,2.685549020767212,3.7899999618530273,7.679999828338623,294,848.5,77.593882,13.0178554
1766295141149889800,57.133889892578125,3.9602644443511963,0.8957046270370483,2.6955387592315674,3.7899999618530273,7.929999828338623,293,848.5,77.5938088,13.0178809
1766295141160000000,57.144,0,0,1,3.802999973297119,0,0,851,77.5938088,13.0178809
1766295142155616000,58.139615966796875,4.038858890533447,0.889955997467041,1.0099561214447021,3.802999973297119,7.619999885559082,294,851,77.5937468,13.0179119
1766295143152545500,59.136545654296874,4.183859348297119,0.8828986287117004,1.0199254751205444,3.8010001182556152,7.210000038146973,294,851,77.5936843,13.017939
1766295144153758500,60.13775854492187,3.9301342964172363,0.8225893974304199,1.0299376249313354,4.678999900817871,6.610000133514404,292,851,77.5936258,13.0179625
1766295145157029600,61.14102954101563,3.671342372894287,0.9094561338424683,1.0399702787399292,5.85099983215332,5.730000019073486,296,851,77.5935749,13.0179833
1766295146153168100,62.13716821289062,3.975635290145874,0.689022958278656,1.0499316453933716,6.875,4.389999866485596,295,851,77.5935399,13.017997
1766295147158434800,63.142434814453125,4.503848552703857,0.7413659691810608,1.0599843263626099,8.706000328063965,2.740000009536743,280,851,77.5935158,13.0180015
1766295148151305500,64.13530541992188,12.716904640197754,0.7417478561401367,1.0699130296707153,8.90999984741211,1.5700000524520874,266,851,77.5935031,13.0180037
1766295149148216800,65.132216796875,11.284674644470215,0.2506967782974243,1.0798821449279785,9.9350004196167,0.7900000214576721,266,851,77.5934954,13.0180093
1766295150147933400,66.13193334960937,23.498613357543945,0.8604116439819336,1.4985138177871704,9.9350004196167,1.5,266,851.0999755859375,77.5934819,13.0180097
1766295151152502300,67.13650219726563,9.226547241210938,0.48654404282569885,1.5085594654083252,9.9350004196167,3.4100000858306885,231,851.0999755859375,77.5934575,13.0179968
1766295152147742700,68.13174267578125,6.59675407409668,0.39957234263420105,1.5185118913650513,9.9350004196167,3.9100000858306885,224,851.0999755859375,77.593433,13.0179735
1766295153158702800,69.14270288085937,10.94313907623291,0.5791140794754028,1.5286215543746948,9.9350004196167,3.4200000762939453,225,851.0999755859375,77.5934101,13.01795
1766295154153580500,70.13758056640626,7.565860271453857,0.5471331477165222,1.5385702848434448,9.9350004196167,4.679999828338623,270,851.0999755859375,77.593374,13.0179473
1766295155159061800,71.14306176757813,4.356655597686768,0.2062349170446396,1.548625111579895,9.9350004196167,3.049999952316284,294,851.0999755859375,77.5933441,13.0179601
1766295156148775400,72.132775390625,4.001509666442871,0.20121705532073975,1.5585222244262695,9.9350004196167,3.240000009536743,292,851.0999755859375,77.5933178,13.017974
1766295157156664800,73.14066479492188,2.993501901626587,0.22004297375679016,1.568601131439209,9.9350004196167,4.739999771118164,290,851.0999755859375,77.5932797,13.0179889
1766295158156041000,74.140041015625,2.810624361038208,0.1979253739118576,1.5785949230194092,9.9350004196167,4.539999961853027,287,851.0999755859375,77.5932393,13.0180019
1766295159152599600,75.136599609375,2.2069015502929688,0.1745964139699936,1.5885604619979858,9.9350004196167,5.090000152587891,285,851.0999755859375,77.5931933,13.0180095
1766295160156446500,76.14044653320312,2.3863823413848877,0.1332380473613739,1.5985989570617676,9.9350004196167,3.5899999141693115,279,851.0999755859375,77.5931554,13.0180155
1766295161153160700,77.13716064453125,23.31544303894043,0.26151812076568604,1.6085660457611084,9.9350004196167,0.49000000953674316,281,851.0999755859375,77.5931418,13.0180169
1766295162158260000,78.14226000976562,9.149735450744629,0.3495820462703705,1.618617057800293,9.9350004196167,2.4700000286102295,298,851.0999755859375,77.5931216,13.0180287
1766295163157061400,79.14106127929688,3.5241355895996094,0.2736724019050598,1.6286051273345947,9.9350004196167,5.010000228881836,296,851.0999755859375,77.5930873,13.0180498
1766295164146657300,80.1306572265625,8.231837272644043,0.9064701795578003,1.6385010480880737,9.9350004196167,5.440000057220459,287,851.0999755859375,77.5930415,13.0180628
1766295165157197600,81.14119750976562,2.1415250301361084,0.7763088345527649,1.6486064195632935,9.9350004196167,6.480000019073486,287,851.0999755859375,77.5929832,13.0180828
1766295166151374800,82.13537475585937,2.9443295001983643,0.8281934261322021,1.6585482358932495,9.9350004196167,6.920000076293945,284,851.0999755859375,77.5929225,13.0181038
1766295167147719200,83.13171923828125,3.6324026584625244,0.8149691820144653,1.6685116291046143,9.9350004196167,6.139999866485596,281,851.0999755859375,77.5928699,13.0181158
1766295168155932400,84.13993237304688,4.506404876708984,0.6101133227348328,1.6785937547683716,9.9350004196167,3.690000057220459,277,851.0999755859375,77.5928401,13.0181252
1766295169155683600,85.13968359375,5.819630146026611,0.7388912439346313,1.6885913610458374,9.9350004196167,1.8899999856948853,272,851.0999755859375,77.5928242,13.018131
1766295170149856000,86.13385595703124,6.742742538452148,0.685483992099762,2.550497531890869,9.9350004196167,2.680000066757202,289,852.2000122070312,77.5928005,13.0181407
1766295171150539300,87.13453930664062,6.77362585067749,0.6861773729324341,2.560504198074341,9.9350004196167,4.320000171661377,288,852.2000122070312,77.5927632,13.0181581
1766295172154616600,88.13861645507812,5.75637149810791,0.8545257449150085,2.570544958114624,9.9350004196167,5.679999828338623,291,852.2000122070312,77.5927146,13.0181785
1766295173149206800,89.13320678710937,5.008124351501465,0.8707859516143799,2.580490827560425,9.9350004196167,6.25,286,852.2000122070312,77.5926598,13.0181995
1766295174149206800,90.13320678710937,3.9201064109802246,0.8264195322990417,2.5904910564422607,9.9350004196167,6.539999961853027,288,852.2000122070312,77.5926015,13.018219
1766295175149206500,91.13320654296875,16.14070701599121,1.6414533853530884,2.6004910469055176,8.90999984741211,6.539999961853027,289,852.2000122070312,77.5925438,13.0182385
1766295177149206300,93.13320629882813,6.020622253417969,0.986716091632843,2.6204910278320312,7.4770002365112305,6.880000114440918,292,852.2000122070312,77.5924264,13.0182916
1766295178149206500,94.13320654296875,4.282751083374023,0.8676156997680664,2.630491018295288,6.248000144958496,7.130000114440918,285,852.2000122070312,77.5923634,13.0183108
1766295179149206500,95.13320654296875,4.297163486480713,0.8597564101219177,2.640491008758545,5.019000053405762,6.869999885559082,283,852.2000122070312,77.5923034,13.0183243
1766295180149206500,96.13320654296875,3.772247314453125,0.7998848557472229,2.6504909992218018,3.7899999618530273,5.920000076293945,285,852.2000122070312,77.5922501,13.0183437
1766295181149206800,97.13320678710937,3.681403160095215,0.6423072218894958,2.6604909896850586,3.7899999618530273,4.880000114440918,287,852.2000122070312,77.5922075,13.0183588
1766295182149206800,98.13320678710937,4.334888935089111,0.7060776352882385,2.6704909801483154,3.7899999618530273,3.9800000190734863,276,852.2000122070312,77.5921743,13.0183729
1766295183149206500,99.13320654296875,5.010662078857422,0.7117735743522644,2.6804909706115723,3.7899999618530273,3.2899999618530273,266,852.2000122070312,77.5921508,13.0183803
1766295184149206800,100.13320678710937,5.767820835113525,0.7868790030479431,2.690490961074829,3.7899999618530273,2.75,245,852.2000122070312,77.5921305,13.018381
1766295185149206800,101.13320678710937,9.670058250427246,0.7709848880767822,1.0294644832611084,3.7899999618530273,2.4100000858306885,211,851.7999877929688,77.5921152,13.0183642
1766295186149206800,102.13320678710937,6.786495685577393,0.6839383840560913,1.0394644737243652,3.7899999618530273,3.559999942779541,193,851.7999877929688,77.5921011,13.0183308
1766295187149206800,103.13320678710937,5.931910514831543,0.6666374206542969,1.049464464187622,3.7899999618530273,4.860000133514404,193,851.7999877929688,77.5920889,13.018287
1766295188149206800,104.13320678710937,4.071154594421387,0.8391117453575134,1.059464454650879,3.7899999618530273,6.139999866485596,195,851.7999877929688,77.5920668,13.0182229
1766295189149206500,105.13320654296875,3.889432907104492,0.9046680331230164,1.0694644451141357,3.7899999618530273,6.75,194,851.7999877929688,77.5920475,13.0181647
1766295190149206800,106.13320678710937,3.3469886779785156,0.8506931662559509,1.0794644355773926,3.7899999618530273,7.619999885559082,196,851.7999877929688,77.5920196,13.0180959
1766295191149206800,107.13320678710937,3.150465726852417,0.8190222978591919,1.0894644260406494,3.7899999618530273,7.739999771118164,195,851.7999877929688,77.5919976,13.0180257
1766295192149206800,108.13320678710937,3.0211784839630127,0.8215979933738708,1.0994644165039062,3.7899999618530273,6.599999904632568,200,851.7999877929688,77.591977,13.0179693
1766295193149206800,109.13320678710937,3.036003828048706,0.8623693585395813,1.109464406967163,3.7899999618530273,6.150000095367432,193,851.7999877929688,77.5919604,13.0179134
1766295194149206800,110.13320678710937,2.996917963027954,0.806806743144989,1.11946439743042,3.7899999618530273,6.130000114440918,192,851.7999877929688,77.5919491,13.0178578
1766295195149206500,111.13320654296875,2.968259334564209,0.8108847141265869,1.1294643878936768,3.7899999618530273,5.230000019073486,196,851.7999877929688,77.5919321,13.017816
1766295196149207000,112.13320703125,3.011054039001465,0.6515820622444153,1.1394644975662231,3.7899999618530273,4.300000190734863,198,851.7999877929688,77.59192,13.0177788
1766295197149206500,113.13320654296875,3.192708969116211,0.7056416869163513,1.14946448802948,3.7899999618530273,4.119999885559082,194,851.7999877929688,77.5919119,13.0177433
1766295198149206800,114.13320678710937,3.2802059650421143,0.6676554083824158,1.1594644784927368,3.7899999618530273,4.579999923706055,188,851.7999877929688,77.5919056,13.0177076
1766295199149206800,115.13320678710937,3.3020782470703125,0.8420825600624084,1.1694644689559937,3.7899999618530273,5.130000114440918,193,851.7999877929688,77.5918953,13.01766
1766295200149206500,116.13320654296875,2.8372995853424072,0.7670202851295471,3.146754264831543,3.7899999618530273,5.489999771118164,191,854.7000122070312,77.5918843,13.01761
1766295201149206500,117.13320654296875,2.3066940307617188,0.7603210806846619,3.1567542552948,3.7899999618530273,5.699999809265137,191,854.7000122070312,77.5918679,13.0175563
1766295202149206800,118.13320678710937,2.3325300216674805,0.8572629690170288,3.1667542457580566,3.7899999618530273,5.559999942779541,198,854.7000122070312,77.5918509,13.0175064
1766295203149206800,119.13320678710937,2.4090466499328613,0.887568473815918,3.1767542362213135,3.7899999618530273,5.25,203,854.7000122070312,77.5918281,13.017463
1766295204149206500,120.13320654296875,2.4520390033721924,0.8302008509635925,3.1867542266845703,3.7899999618530273,5.28000020980835,204,854.7000122070312,77.591805,13.0174211
1766295205149206500,121.13320654296875,2.360978364944458,0.8347086310386658,3.196754217147827,3.7899999618530273,5.760000228881836,201,854.7000122070312,77.5917812,13.0173757
1766295206149206500,122.13320654296875,2.341615676879883,0.8006359934806824,3.206754207611084,3.7899999618530273,6.230000019073486,200,854.7000122070312,77.5917558,13.0173223
1766295207149206500,123.13320654296875,2.358973264694214,0.9141916036605835,3.216754198074341,3.7899999618530273,6.78000020980835,198,854.7000122070312,77.5917336,13.017261
1766295208149206500,124.13320654296875,2.3179092407226562,0.8617298007011414,3.2267541885375977,3.7899999618530273,7.579999923706055,197,854.7000122070312,77.5917009,13.0171952
1766295209149206500,125.13320654296875,2.175429105758667,0.8154436349868774,3.2367541790008545,3.7899999618530273,8.420000076293945,197,854.7000122070312,77.5916724,13.0171187
1766295210149207000,126.13320703125,1.870107889175415,0.7842579483985901,3.2467541694641113,3.7899999618530273,9.239999771118164,197,854.7000122070312,77.5916455,13.0170402
1766295211149206500,127.13320654296875,1.5778985023498535,0.804762065410614,3.256754159927368,3.7899999618530273,9.579999923706055,194,854.7000122070312,77.5916276,13.0169581
1766295212149206500,128.13320654296874,1.500431776046753,0.818644642829895,3.266754150390625,3.7899999618530273,9.489999771118164,191,854.7000122070312,77.5916102,13.0168771
1766295213149206500,129.13320654296874,1.4238746166229248,0.7866861820220947,3.276754140853882,3.7899999618530273,9.210000038146973,191,854.7000122070312,77.5915988,13.0167985
1766295214149206500,130.13320654296874,1.423741340637207,0.809289813041687,3.2867543697357178,3.7899999618530273,8.779999732971191,190,854.7000122070312,77.5915894,13.0167212
1766295215149206800,131.13320678710937,1.4368605613708496,0.8148126602172852,3.2967543601989746,3.7899999618530273,8.430000305175781,189,854.7000122070312,77.5915732,13.0166474
1766295216149206500,132.13320654296874,1.4327117204666138,0.8620573878288269,3.3067543506622314,3.7899999618530273,8.010000228881836,192,854.7000122070312,77.5915606,13.0165775
1766295217149206800,133.13320678710937,1.4865291118621826,0.8033974766731262,3.3167543411254883,3.7899999618530273,6.800000190734863,194,854.7000122070312,77.5915475,13.016518
1766295218149206800,134.13320678710937,7.266163349151611,0.9749546051025391,1.5003646612167358,3.7899999618530273,6.960000038146973,194,855.8999633789062,77.5915357,13.0164578
1766295219149206000,135.1332060546875,1.545656681060791,0.799724280834198,1.5103646516799927,3.7899999618530273,6.840000152587891,195,855.8999633789062,77.5915204,13.0164003
1766295220149206800,136.13320678710937,1.478438377380371,0.7595545053482056,1.520364761352539,3.7899999618530273,6.679999828338623,194,855.8999633789062,77.5915002,13.0163476
1766295221149206800,137.13320678710937,1.5581616163253784,0.988910436630249,1.530364751815796,3.7899999618530273,6.039999961853027,202,855.8999633789062,77.5914831,13.0162939
1766295222149206800,138.13320678710937,1.648350477218628,1.035865306854248,1.5403647422790527,3.7899999618530273,4.050000190734863,224,855.8999633789062,77.5914643,13.0162629
1766295223149206500,139.13320654296874,1.741851568222046,0.9078940749168396,1.5503647327423096,3.7899999618530273,2.7699999809265137,232,855.8999633789062,77.5914511,13.0162439
1766295224149206500,140.13320654296874,1.8438698053359985,1.1035981178283691,1.5603647232055664,3.7899999618530273,1.6299999952316284,269,855.8999633789062,77.5914346,13.0162384
1766295225149206800,141.13320678710937,13.24356460571289,0.5889719128608704,3.0494349002838135,3.7899999618530273,2.369999885559082,279,855.8999633789062,77.5914123,13.0162412
1766295226149206300,142.13320629882813,7.976968765258789,0.3010885417461395,3.0594348907470703,3.7899999618530273,2.440000057220459,286,855.8999633789062,77.5913911,13.0162385
1766295227149206800,143.13320678710937,4.018590927124023,0.29410701990127563,3.069434881210327,3.7899999618530273,4.71999979019165,295,855.8999633789062,77.591357,13.0162497
1766295228149206500,144.13320654296874,1.2463747262954712,0.12732109427452087,3.079434871673584,3.7899999618530273,6.570000171661377,303,855.8999633789062,77.59131,13.0162751
1766295229149206800,145.13320678710937,0.5543572306632996,0.06678681820631027,3.089434862136841,3.7899999618530273,7.730000019073486,305,855.8999633789062,77.5912594,13.0163098
1766295230149206800,146.13320678710937,1.1689422130584717,0.15000225603580475,3.0994348526000977,3.7899999618530273,8.25,303,855.8999633789062,77.5911943,13.0163523
1766295231149206800,147.13320678710937,4.3384809494018555,0.5648993253707886,3.1094348430633545,3.7899999618530273,8.40999984741211,305,855.8999633789062,77.5911319,13.0163963
1766295232149206500,148.13320654296874,5.408559799194336,0.7465890049934387,3.1194348335266113,3.7899999618530273,8.920000076293945,311,855.8999633789062,77.5910704,13.016455
1766295233149206500,149.13320654296874,5.671774864196777,0.9482131600379944,3.129434823989868,3.7899999618530273,8.699999809265137,309,855.8999633789062,77.5910113,13.0165103
1766295234149206800,150.13320678710937,2.627995014190674,0.860390841960907,3.139434814453125,3.7899999618530273,9.25,316,855.8999633789062,77.5909493,13.016572
1766295235149206800,151.13320678710937,3.4852707386016846,0.8623990416526794,3.149434804916382,3.7899999618530273,9.380000114440918,313,855.8999633789062,77.5908825,13.0166244
1766295236149206500,152.13320654296874,3.981952428817749,0.8923813700675964,3.1594347953796387,3.7899999618530273,9.59000015258789,308,855.8999633789062,77.5908106,13.0166788
1766295237149206500,153.13320654296874,3.4490997791290283,0.8748246431350708,3.1694347858428955,3.7899999618530273,9.949999809265137,300,855.8999633789062,77.5907302,13.0167266
1766295238149206300,154.13320629882813,3.3855538368225098,0.8661246299743652,3.1794347763061523,3.7899999618530273,10.220000267028809,298,855.8999633789062,77.5906494,13.0167725
1766295239149206800,155.13320678710937,2.481093645095825,0.8545990586280823,3.189434766769409,3.7899999618530273,10.4399995803833,296,855.8999633789062,77.5905674,13.0168144
1766295240149206500,156.13320654296874,2.4719126224517822,0.9207726716995239,3.199434757232666,3.7899999618530273,10.529999732971191,291,855.8999633789062,77.5904794,13.016852
1766295241149207300,157.13320727539062,2.200796127319336,0.8199045658111572,3.209434747695923,3.7899999618530273,10.760000228881836,287,855.8999633789062,77.5903849,13.016884
1766295242149206500,158.13320654296874,1.9487810134887695,0.8118511438369751,3.2194347381591797,3.7899999618530273,10.84000015258789,283,855.8999633789062,77.5902878,13.0169104
1766295243149207000,159.13320703125,1.8442641496658325,0.8375565409660339,3.2294347286224365,3.7899999618530273,10.789999961853027,280,855.8999633789062,77.5901914,13.0169347
1766295244149206800,160.13320678710937,1.716069221496582,0.7936490178108215,3.2394347190856934,3.7899999618530273,10.75,280,855.8999633789062,77.5900873,13.0169476
1766295245149206800,161.13320678710937,1.8154369592666626,0.9129086136817932,3.24943470954895,3.7899999618530273,10.149999618530273,274,855.8999633789062,77.5899946,13.0169579
1766295246149206800,162.13320678710937,1.990707278251648,1.1139922142028809,2.0466275215148926,3.7899999618530273,9.630000114440918,263,857.7000122070312,77.5899019,13.0169581
1766295247149207300,163.13320727539062,2.1360528469085693,1.1167289018630981,2.0566275119781494,3.7899999618530273,8.9399995803833,250,857.7000122070312,77.5898221,13.0169329
1766295248149206500,164.13320654296874,2.252440929412842,0.9453192949295044,2.0666275024414062,3.7899999618530273,9.680000305175781,243,857.7000122070312,77.5897407,13.0168969
1766295249149206800,165.13320678710937,2.343263626098633,1.0576422214508057,2.076627492904663,3.7899999618530273,8.680000305175781,245,857.7000122070312,77.5896687,13.01686
1766295250149206800,166.13320678710937,2.4441585540771484,0.9579098224639893,2.08662748336792,3.7899999618530273,7.210000038146973,242,857.7000122070312,77.5896132,13.0168337
1766295251149206800,167.13320678710937,2.416916847229004,0.9937543272972107,2.0966274738311768,3.7899999618530273,7.920000076293945,248,857.7000122070312,77.5895451,13.0168065
1766295252149206800,168.13320678710937,2.369107484817505,0.8984805345535278,2.1066274642944336,3.7899999618530273,8.880000114440918,253,857.7000122070312,77.5894664,13.0167817
1766295253149206800,169.13320678710937,2.2200582027435303,0.9327131509780884,2.1166274547576904,3.7899999618530273,9.399999618530273,258,857.7000122070312,77.5893857,13.0167657
1766295254149206800,170.13320678710937,2.090630292892456,0.8842988610267639,2.1266274452209473,3.7899999618530273,9.0600004196167,264,857.7000122070312,77.5892982,13.0167546
1766295255149207000,171.13320703125,2.1123359203338623,1.0362873077392578,2.136627435684204,3.7899999618530273,9.569999694824219,267,857.7000122070312,77.5892076,13.0167517
1766295256149206800,172.13320678710937,1.9040921926498413,0.798019528388977,2.146627426147461,3.7899999618530273,9.720000267028809,267,857.7000122070312,77.5891199,13.0167368
1766295257149206800,173.13320678710937,1.9596360921859741,1.1398568153381348,2.1566274166107178,3.7899999618530273,9.680000305175781,268,857.7000122070312,77.5890257,13.0167333
1766295258149206800,174.13320678710937,1.9775856733322144,0.9396595358848572,2.1666274070739746,3.7899999618530273,9.329999923706055,268,857.7000122070312,77.5889361,13.0167296
1766295259149206800,175.13320678710937,1.9269561767578125,0.9413540363311768,2.1766273975372314,3.7899999618530273,9.170000076293945,268,857.7000122070312,77.5888455,13.0167196
1766295260149206800,176.13320678710937,1.9099403619766235,0.9002408981323242,2.1866273880004883,3.7899999618530273,9.6899995803833,268,857.7000122070312,77.5887548,13.0167197
1766295261149206800,177.13320678710937,1.6678102016448975,0.8594343066215515,2.196627378463745,3.7899999618530273,9.920000076293945,266,857.7000122070312,77.5886555,13.016715
1766295262149207000,178.13320703125,1.7165313959121704,1.0384117364883423,2.206627368927002,3.7899999618530273,9.789999961853027,269,857.7000122070312,77.5885633,13.0167117
1766295263149206800,179.13320678710937,1.6215505599975586,0.8499114513397217,2.216627359390259,3.7899999618530273,9.920000076293945,269,857.7000122070312,77.5884628,13.0167141
1766295264149206800,180.13320678710937,1.4830361604690552,0.8167019486427307,2.2266273498535156,3.7899999618530273,10.6899995803833,272,857.7000122070312,77.5883663,13.0167154
1766295265149206800,181.13320678710937,1.438828706741333,0.8644493818283081,2.2366273403167725,3.7899999618530273,10.539999961853027,276,857.7000122070312,77.5882648,13.0167285
1766295265165000000,181.149,0,0,1.3844164609909058,3.8949999809265137,0,0,858.5999755859375,77.5882648,13.0167285
1766295266149206800,182.13320678710937,1.4653643369674683,0.9790204763412476,1.3942584991455078,3.880000114440918,10.65999984741211,279,858.5999755859375,77.5881681,13.0167461
1766295267149206800,183.13320678710937,1.4443944692611694,0.878459632396698,1.4042584896087646,3.880000114440918,10.770000457763672,285,858.5999755859375,77.5880718,13.0167671
1766295268149206800,184.13320678710937,1.4723752737045288,0.8748857975006104,1.4142584800720215,3.8949999809265137,10.649999618530273,293,858.5999755859375,77.5879782,13.0168041
1766295269149206800,185.13320678710937,1.4993256330490112,0.8978249430656433,1.4242584705352783,3.880000114440918,10.8100004196167,300,858.5999755859375,77.587892,13.0168507
1766295270149206500,186.13320654296874,5.033673286437988,1.0020577907562256,1.4342585802078247,3.880000114440918,10.59000015258789,299,858.5999755859375,77.5878039,13.0169002
1766295271149206800,187.13320678710937,1.5710753202438354,0.22868625819683075,1.4442585706710815,3.7899999618530273,9.359999656677246,285,858.5999755859375,77.5877219,13.0169297
1766295272149206800,188.13320678710937,1.870732307434082,0.2789454460144043,1.4542585611343384,3.7899999618530273,9.600000381469727,279,858.5999755859375,77.5876365,13.0169514
1766295273149206800,189.13320678710937,3.8931872844696045,0.6078665852546692,1.4642585515975952,3.7899999618530273,10.079999923706055,277,858.5999755859375,77.5875417,13.016965
1766295274149207000,190.13320703125,3.436936140060425,0.565528392791748,1.474258542060852,3.7899999618530273,10.619999885559082,269,858.5999755859375,77.5874372,13.0169618
1766295275149207000,191.13320703125,0.9928247928619385,0.16773994266986847,1.4842585325241089,3.7899999618530273,10.859999656677246,273,858.5999755859375,77.5873419,13.0169716
1766295276149206800,192.13320678710937,0.6961576342582703,0.11938079446554184,1.4942585229873657,3.7899999618530273,11.010000228881836,275,858.5999755859375,77.587245,13.0169797
1766295277149206800,193.13320678710937,2.157275438308716,0.36935827136039734,1.5042585134506226,3.7899999618530273,11.029999732971191,277,858.5999755859375,77.587141,13.0169922
1766295278149207300,194.13320727539062,0.8790813684463501,0.15689140558242798,1.5142585039138794,3.7899999618530273,11.470000267028809,274,858.5999755859375,77.5870397,13.0170002
1766295279149206800,195.13320678710937,1.8797461986541748,0.33466100692749023,1.5242584943771362,3.7899999618530273,11.460000038146973,274,858.5999755859375,77.5869352,13.0170067
1766295280149206800,196.13320678710937,3.4000661373138428,0.5740235447883606,1.534258484840393,3.7899999618530273,10.890000343322754,277,858.5999755859375,77.5868333,13.0170207
1766295281149206800,197.13320678710937,2.99147629737854,0.5303691625595093,1.54425847530365,3.7899999618530273,11.430000305175781,273,858.5999755859375,77.586721,13.017022
1766295282149206800,198.13320678710937,1.7639116048812866,0.2832632064819336,1.5542585849761963,3.7899999618530273,10.329999923706055,274,858.5999755859375,77.5866226,13.0170269
1766295283149206800,199.13320678710937,0.46823519468307495,0.06954818218946457,1.5642585754394531,3.7899999618530273,9.529999732971191,276,858.5999755859375,77.5865319,13.0170341
1766295284149206800,200.13320678710937,5.1948347091674805,0.9456372261047363,1.57425856590271,3.7899999618530273,9.770000457763672,277,858.5999755859375,77.5864395,13.0170441
1766295285149206300,201.13320629882813,0.5767890810966492,0.7775954604148865,1.5842585563659668,3.7899999618530273,9.279999732971191,278,858.5999755859375,77.5863554,13.0170537
1766295286149206500,202.13320654296874,1.035906434059143,0.8282697796821594,1.5942585468292236,3.7899999618530273,7.320000171661377,278,858.5999755859375,77.5862895,13.0170623
1766295287149206500,203.13320654296874,8.814961433410645,0.9575198292732239,1.0106420516967773,3.7899999618530273,7.03000020980835,277,858.8999633789062,77.5862234,13.017071
1766295288149206800,204.13320678710937,1.8537933826446533,0.8567293286323547,1.0206420421600342,3.7899999618530273,8.260000228881836,276,858.8999633789062,77.5861445,13.0170781
1766295289149206500,205.13320654296874,2.118417263031006,0.8982878923416138,1.030642032623291,3.7899999618530273,8.569999694824219,275,858.8999633789062,77.5860644,13.0170818
1766295290149206300,206.13320629882813,2.456212043762207,0.9724283814430237,1.0406420230865479,3.7899999618530273,8.75,277,858.8999633789062,77.5859835,13.0170922
1766295291149206800,207.13320678710937,2.3170831203460693,0.8461452126502991,1.0506420135498047,3.7899999618530273,8.6899995803833,278,858.8999633789062,77.5859022,13.0170998
1766295292149207000,208.13320703125,2.26954984664917,0.8841487765312195,1.060642123222351,3.7899999618530273,9.449999809265137,277,858.8999633789062,77.5858091,13.0171048
1766295293149206800,209.13320678710937,2.3994994163513184,0.9288359880447388,1.070642113685608,3.7899999618530273,9.34000015258789,279,858.8999633789062,77.5857247,13.017115
1766295294149207000,210.13320703125,2.0330092906951904,0.7935799360275269,1.0806421041488647,3.7899999618530273,9.489999771118164,275,858.8999633789062,77.5856374,13.0171175
1766295295149206800,211.13320678710937,1.8162572383880615,0.7973136305809021,1.0906420946121216,3.7899999618530273,9.220000267028809,276,858.8999633789062,77.5855458,13.0171241
1766295296149206500,212.13320654296874,1.7165188789367676,0.8112662434577942,1.1006420850753784,3.7899999618530273,9.390000343322754,275,858.8999633789062,77.5854602,13.0171299
1766295297149206500,213.13320654296874,1.6620453596115112,0.8375529646873474,1.1106420755386353,4.814000129699707,9.680000305175781,276,858.8999633789062,77.585373,13.0171362
1766295298149206800,214.13320678710937,1.7672040462493896,0.8654374480247498,1.120642066001892,5.8379998207092285,10.100000381469727,276,858.8999633789062,77.5852783,13.0171481
1766295299149206500,215.13320654296874,1.6011202335357666,0.7787999510765076,1.130642056465149,6.861999988555908,9.989999771118164,276,858.8999633789062,77.5851832,13.0171591
1766295300149206800,216.13320678710937,1.6307934522628784,0.9155516028404236,1.1406420469284058,7.886000156402588,10.0600004196167,275,858.8999633789062,77.5850886,13.0171671
1766295301149206500,217.13320654296874,1.5475062131881714,0.872837245464325,1.1506420373916626,8.90999984741211,10.1899995803833,274,858.8999633789062,77.5849937,13.0171738
1766295302149206800,218.13320678710937,1.5804234743118286,0.9320499897003174,1.1606420278549194,9.9350004196167,10.90999984741211,273,858.8999633789062,77.5848957,13.017174
1766295303149206800,219.13320678710937,1.5974055528640747,0.8676168918609619,1.1706420183181763,9.9350004196167,11.15999984741211,275,858.8999633789062,77.5847959,13.0171813
1766295304149206800,220.13320678710937,1.6602823734283447,1.024103045463562,1.180642008781433,9.9350004196167,11.239999771118164,274,858.8999633789062,77.5846888,13.0171896
1766295305149206300,221.13320629882813,1.575516700744629,0.8849344849586487,1.1906421184539795,9.9350004196167,10.739999771118164,275,858.8999633789062,77.5845921,13.0171979
1766295306149206500,222.13320654296874,1.6425617933273315,0.959326446056366,1.2006421089172363,9.9350004196167,9.9399995803833,277,858.8999633789062,77.5844985,13.0172081
1766295307149206500,223.13320654296874,1.6958059072494507,1.023392915725708,1.2106420993804932,9.9350004196167,7.710000038146973,275,858.8999633789062,77.5844264,13.0172197
1766295308149206800,224.13320678710937,6.674221992492676,1.0210752487182617,8.444825172424316,9.9350004196167,7.960000038146973,275,863.5,77.5843495,13.0172254
1766295309149206500,225.13320654296874,1.7767841815948486,1.1086723804473877,8.454825401306152,9.9350004196167,8.109999656677246,277,863.5,77.5842726,13.0172338
1766295310149206500,226.13320654296874,1.747778058052063,0.8035895824432373,8.464825630187988,9.9350004196167,7.71999979019165,277,863.5,77.5841959,13.0172457
1766295311149206500,227.13320654296874,1.7732352018356323,0.8434044718742371,8.474824905395508,9.9350004196167,6.550000190734863,272,863.5,77.5841342,13.0172481
1766295312149206800,228.13320678710937,1.8794019222259521,1.2151058912277222,8.484825134277344,9.9350004196167,5.329999923706055,242,863.5,77.584083,13.0172428
1766295313149206800,229.13320678710937,1.9771907329559326,1.5568931102752686,8.49482536315918,9.9350004196167,3.7799999713897705,206,863.5,77.5840554,13.0172293
1766295314149206500,230.13320654296874,2.0660746097564697,0.9421214461326599,8.504825592041016,8.90999984741211,4.739999771118164,196,863.5,77.5840599,13.0171674
1766295315149206500,231.13320654296874,2.13531494140625,0.8897024989128113,8.514824867248535,7.4770002365112305,5.664334774017334,184.28329467773438,863.5,77.5840582,13.0171163
1766295316149206500,232.13320654296874,2.1409668922424316,0.8431662321090698,8.524825096130371,6.861999988555908,6.626943588256836,177.05455017089844,863.5,77.584062,13.0170571
1766295317149206800,233.13320678710937,2.005427360534668,0.8124211430549622,13.623151779174805,5.019000053405762,7.599234580993652,176.94700622558594,860.5999755859375,77.5840753,13.0169852
1766295318149206500,234.13320654296874,1.8165652751922607,0.8004055023193359,13.63315200805664,4.814000129699707,8.404827117919922,174.97802734375,860.5999755859375,77.5840839,13.0169021
1766295319149206800,235.13320678710937,1.7526201009750366,0.8295482993125916,13.643152236938477,3.7899999618530273,8.270376205444336,173.06590270996094,860.5999755859375,77.5840944,13.0168224
1766295320149206500,236.13320654296874,1.7770562171936035,0.8758596777915955,13.653151512145996,3.7899999618530273,7.210834980010986,176.0502166748047,860.5999755859375,77.5841057,13.0167547
1766295321149206500,237.13320654296874,1.8169901371002197,0.8174271583557129,13.663151741027832,3.7899999618530273,6.197805881500244,180.91148376464844,860.5999755859375,77.5841078,13.0166987
1766295322149206800,238.13320678710937,1.839043140411377,0.8414766192436218,13.673151969909668,3.7899999618530273,5.821069240570068,185.8644256591797,860.5999755859375,77.5841055,13.0166487
1766295323149206800,239.13320678710937,1.8383643627166748,0.842216432094574,13.683152198791504,3.7899999618530273,5.901839733123779,184.03321838378906,860.5999755859375,77.5841036,13.0165975
1766295324149206500,240.13320654296874,1.854311227798462,0.7831603288650513,13.693151473999023,3.7899999618530273,6.676590442657471,182.05947875976562,860.5999755859375,77.5841014,13.0165395
1766295325149206800,241.13320678710937,1.6464678049087524,0.8157661557197571,13.70315170288086,3.7899999618530273,7.403930187225342,181.02886962890625,860.5999755859375,77.5840991,13.0164722
1766295326149206500,242.13320654296874,1.5802487134933472,0.8235977292060852,13.713151931762695,3.7899999618530273,8.006898880004883,182.00942993164062,860.5999755859375,77.5840969,13.0163973
1766295327149206500,243.13320654296874,1.5434682369232178,0.8350634574890137,13.723152160644531,3.7899999618530273,8.595345497131348,181.0263214111328,860.5999755859375,77.5840949,13.0163176
1766295328149206800,244.13320678710937,1.5163589715957642,0.7976303100585938,13.73315143585205,3.7899999618530273,9.081443786621094,181.0080108642578,860.5999755859375,77.584093,13.016235
1766295329149206500,245.13320654296874,1.5816830396652222,0.9321872591972351,13.743151664733887,3.7899999618530273,9.309588432312012,179.03419494628906,860.5999755859375,77.5840916,13.0161496
1766295330149206800,246.13320678710937,1.5883629322052002,0.8480554223060608,13.753151893615723,3.7899999618530273,9.616598129272461,178.99600219726562,860.5999755859375,77.5840916,13.0160612
1766295331149207000,247.13320703125,1.4856644868850708,0.7973281145095825,13.763152122497559,3.7899999618530273,10.024551391601562,178.99441528320312,860.5999755859375,77.5840913,13.0159702
1766295332149207000,248.13320703125,1.375352382659912,0.7673701643943787,13.773152351379395,3.7899999618530273,10.35924243927002,178.99575805664062,860.5999755859375,77.5840906,13.0158764
1766295333149206500,249.13320654296874,1.2087585926055908,0.7805570960044861,13.783151626586914,3.7899999618530273,10.662938117980957,178.99612426757812,860.5999755859375,77.584088,13.0157772
1766295334149206800,250.13320678710937,1.1543054580688477,0.8002254962921143,13.79315185546875,3.7899999618530273,10.917890548706055,178.99655151367188,860.5999755859375,77.584086,13.015678
1766295335149207000,251.13320703125,1.1500377655029297,0.7859656810760498,13.803152084350586,3.7899999618530273,11.351126670837402,179.98486328125,860.5999755859375,77.584085,13.0155744
1766295336149206500,252.13320654296874,1.0742576122283936,0.78865647315979,13.813152313232422,3.7899999618530273,11.514289855957031,179.99981689453125,860.5999755859375,77.5840832,13.0154692
1766295337149206800,253.13320678710937,1.0508506298065186,0.778838038444519,1.0381920337677002,3.7899999618530273,11.554268836975098,179.01307678222656,867.3999633789062,77.5840813,13.0153644
1766295338149206800,254.13320678710937,1.0924686193466187,0.8415168523788452,1.048192024230957,3.7899999618530273,11.491471290588379,179.00111389160156,867.3999633789062,77.5840816,13.0152613
1766295339149206800,255.13320678710937,1.1125153303146362,0.7765637040138245,1.0581920146942139,3.7899999618530273,11.472808837890625,179.00025939941406,867.3999633789062,77.5840818,13.0151582
1766295340149206500,256.13320654296876,1.176062822341919,0.8990026712417603,1.0681921243667603,3.7899999618530273,11.257951736450195,177.04522705078125,867.3999633789062,77.5840824,13.0150562
1766295341149206800,257.1332067871094,1.2409722805023193,0.9398165941238403,1.078192114830017,3.7899999618530273,11.258310317993164,177.9825439453125,867.3999633789062,77.5840854,13.0149549
1766295342149206800,258.1332067871094,1.2811182737350464,0.8096863627433777,1.088192105293274,3.7899999618530273,11.353663444519043,179.96170043945312,867.3999633789062,77.5840844,13.0148525
1766295343149206500,259.13320654296876,1.331228256225586,0.9907057285308838,1.0981920957565308,3.7899999618530273,11.42399787902832,178.03903198242188,867.3999633789062,77.5840829,13.0147492
1766295344149206500,260.13320654296876,1.3985527753829956,0.9660590291023254,1.1081920862197876,3.7899999618530273,11.44363021850586,178.00010681152344,867.3999633789062,77.5840811,13.0146486
1766295345149206800,261.1332067871094,1.4849873781204224,1.0434305667877197,1.1181920766830444,3.7899999618530273,11.834938049316406,179.946044921875,867.3999633789062,77.5840786,13.0145416
1766295346149206500,262.13320654296876,1.5572311878204346,1.2943905591964722,1.1281920671463013,3.7899999618530273,11.918984413146973,179.99850463867188,867.3999633789062,77.5840764,13.0144329
1766295347149206800,263.1332067871094,1.631098747253418,1.5013731718063354,1.138192057609558,3.7899999618530273,11.992876052856445,179.13270568847656,867.3999633789062,77.5840745,13.0143231
1766295348149206800,264.1332067871094,1.696014165878296,1.5807915925979614,1.148192048072815,3.7899999618530273,12.160099983215332,179.86912536621094,867.3999633789062,77.5840748,13.0142102
1766295349149206800,265.1332067871094,1.734092354774475,1.3355742692947388,1.1581920385360718,3.7899999618530273,11.913520812988281,179.9812469482422,867.3999633789062,77.5840742,13.0141121
1766295350149206800,266.1332067871094,1.6028996706008911,0.8433540463447571,1.1681920289993286,3.7899999618530273,11.468276977539062,179.99807739257812,867.3999633789062,77.5840728,13.0140268
1766295351149206800,267.1332067871094,1.508970856666565,0.8360243439674377,1.1781920194625854,3.7899999618530273,11.3458251953125,179.11410522460938,867.3999633789062,77.5840687,13.0139323
1766295352149206500,268.13320654296876,1.4985908269882202,0.861192524433136,1.1881920099258423,3.7899999618530273,11.281373977661133,179.9049530029297,867.3999633789062,77.5840668,13.0138323
1766295353149206800,269.1332067871094,1.4298291206359863,0.7981566190719604,1.1981921195983887,3.7899999618530273,11.257984161376953,179.9917755126953,867.3999633789062,77.5840592,13.0137272
1766295354149206800,270.1332067871094,1.3291956186294556,0.8316547870635986,1.2081921100616455,3.7899999618530273,11.22977352142334,180.9110870361328,867.3999633789062,77.584055,13.0136257
1766295355149206800,271.1332067871094,1.3019444942474365,0.7908118963241577,1.2181921005249023,3.7899999618530273,11.222311019897461,180.9925537109375,867.3999633789062,77.584051,13.0135268
1766295356149206800,272.1332067871094,1.2504494190216064,0.7663639783859253,1.1893818378448486,3.7899999618530273,11.21810245513916,182.8365936279297,870.2000122070312,77.5840451,13.0134254
1766295357149206500,273.13320654296876,1.2434766292572021,0.8694777488708496,1.1993818283081055,3.7899999618530273,11.210851669311523,182.06654357910156,870.2000122070312,77.5840384,13.0133247
1766295358149205500,274.1332055664063,1.2661035060882568,0.8552433848381042,1.2093818187713623,3.7899999618530273,11.229388236999512,182.00726318359375,870.2000122070312,77.5840311,13.0132221
1766295359149206500,275.13320654296876,1.277342438697815,0.8419381976127625,1.2193818092346191,3.7899999618530273,11.205510139465332,181.99899291992188,870.2000122070312,77.5840214,13.0131213
1766295360149206800,276.1332067871094,1.2830637693405151,0.7984911799430847,1.229381799697876,3.7899999618530273,11.215410232543945,182.00096130371094,870.2000122070312,77.5840133,13.0130194
1766295361149206500,277.13320654296876,1.2538288831710815,0.8381518721580505,1.2393817901611328,3.7899999618530273,11.203252792358398,180.15869140625,870.2000122070312,77.5840091,13.0129189
1766295362149206500,278.13320654296876,1.2382488250732422,0.8744211196899414,1.2493818998336792,3.7899999618530273,11.207923889160156,179.09042358398438,870.2000122070312,77.5840078,13.0128176
1766295363149206500,279.13320654296876,1.254858136177063,0.8739857077598572,1.259381890296936,3.7899999618530273,11.220104217529297,179.92724609375,870.2000122070312,77.5840087,13.0127169
1766295364149206500,280.13320654296876,1.279167652130127,0.8517410159111023,1.2693818807601929,3.7899999618530273,11.226044654846191,179.9943084716797,870.2000122070312,77.5840053,13.0126159
1766295365149206300,281.1332062988281,1.2790746688842773,0.8189828395843506,1.2793818712234497,3.7899999618530273,11.229169845581055,180.9170684814453,870.2000122070312,77.5840016,13.0125145
1766295366149206800,282.1332067871094,1.2710633277893066,0.8106626868247986,1.2893818616867065,3.7899999618530273,11.242936134338379,180.0751953125,870.2000122070312,77.5839986,13.0124112
1766295367149206500,283.13320654296876,1.2828091382980347,0.8495409488677979,1.2993818521499634,3.7899999618530273,11.236159324645996,180.00645446777344,870.2000122070312,77.5839964,13.0123089
1766295368149206800,284.1332067871094,1.262580156326294,0.8146594762802124,1.3093818426132202,3.7899999618530273,11.245265007019043,180.00047302246094,870.2000122070312,77.5839968,13.0122069
1766295369149207000,285.13320703125,1.2171258926391602,0.789543092250824,1.319381833076477,3.7899999618530273,11.235910415649414,180.00035095214844,870.2000122070312,77.5839931,13.0121054
1766295370149206500,286.13320654296876,1.217965006828308,0.8305056095123291,1.3293818235397339,3.7899999618530273,11.250514030456543,180.92449951171875,870.2000122070312,77.5839887,13.0120047
1766295371149206800,287.1332067871094,1.1626834869384766,0.8085119128227234,1.3393818140029907,3.7899999618530273,11.243881225585938,180.99464416503906,870.2000122070312,77.5839841,13.0119038
1766295372149206500,288.13320654296876,1.127568244934082,0.8874163031578064,1.3493818044662476,3.7899999618530273,11.229167938232422,180.99917602539062,870.2000122070312,77.5839792,13.0118041
1766295373149206500,289.13320654296876,1.1571974754333496,0.8030192255973816,1.3593817949295044,3.7899999618530273,11.20113754272461,182.85260009765625,870.2000122070312,77.5839718,13.0117043
1766295374149206500,290.13320654296876,1.1162432432174683,0.7625182271003723,1.3693817853927612,3.7899999618530273,10.729094505310059,182.93063354492188,870.2000122070312,77.5839641,13.0116086
1766295375149206800,291.1332067871094,1.0885525941848755,0.8066498637199402,1.3793818950653076,3.7899999618530273,10.388883590698242,183.86599731445312,870.2000122070312,77.5839561,13.0115172
1766295376149206800,292.1332067871094,1.120635986328125,0.8060237765312195,1.3893818855285645,3.7899999618530273,10.187881469726562,183.0203399658203,870.2000122070312,77.5839481,13.0114269
1766295377149206500,293.13320654296876,1.1627247333526611,0.8146388530731201,3.976360321044922,3.7899999618530273,9.987927436828613,181.10540771484375,882,77.5839458,13.0113383
1766295378149207000,294.13320703125,1.1690099239349365,0.7784349322319031,3.9863603115081787,3.7899999618530273,9.556745529174805,180.9834442138672,882,77.5839426,13.0112532
1766295379149206500,295.13320654296876,1.165277123451233,0.8396684527397156,3.9963603019714355,3.7899999618530273,8.83307933807373,178.2357635498047,882,77.5839432,13.0111754
1766295380149206800,296.1332067871094,1.24233078956604,0.9178612232208252,4.006360054016113,3.7899999618530273,7.811894416809082,173.12136840820312,882,77.5839503,13.0111115
1766295381149206800,297.1332067871094,1.317564606666565,0.8414660096168518,4.016360282897949,3.7899999618530273,6.8074951171875,177.09959411621094,882,77.5839578,13.0110578
1766295382149206800,298.1332067871094,1.3727986812591553,0.8592586517333984,4.026360034942627,3.7899999618530273,7.423255443572998,180.86788940429688,882,77.5839568,13.010991
1766295383149206800,299.1332067871094,1.3990159034729004,0.8058042526245117,4.036360263824463,3.7899999618530273,8.600253105163574,180.05328369140625,882,77.5839552,13.0109096
1766295384149206800,300.1332067871094,1.3288167715072632,0.8101842403411865,4.046360015869141,3.7899999618530273,9.65678596496582,177.05548095703125,882,77.5839564,13.0108167
1766295385149206500,301.13320654296876,1.2871735095977783,0.7838361859321594,4.056360244750977,3.7899999618530273,10.370255470275879,176.911376953125,882,77.5839614,13.010719
1766295386149206300,302.1332062988281,1.201001524925232,0.8119567632675171,4.066359996795654,3.7899999618530273,10.846049308776855,177.87789916992188,882,77.5839653,13.0106185
1766295387149206500,303.13320654296876,1.1910369396209717,0.8290290236473083,4.07636022567749,3.7899999618530273,10.981138229370117,178.91441345214844,882,77.5839669,13.0105172
1766295388149206500,304.13320654296876,1.2201893329620361,0.8707534074783325,4.086360454559326,3.7899999618530273,10.76486873626709,179.9237518310547,882,77.5839673,13.0104189
1766295389149206500,305.13320654296876,1.237957239151001,0.8031328916549683,4.096360206604004,3.7899999618530273,10.37159252166748,179.99496459960938,882,77.5839655,13.0103265
1766295390149207000,306.13320703125,1.2350863218307495,0.8197442889213562,4.10636043548584,3.7899999618530273,10.023286819458008,181.83370971679688,882,77.5839621,13.0102375
1766295391149206500,307.13320654296876,1.257124423980713,0.8440969586372375,4.116360187530518,3.7899999618530273,9.546799659729004,181.02145385742188,882,77.583958,13.0101532
1766295392149206500,308.13320654296876,1.2930623292922974,0.869318425655365,4.1263604164123535,3.7899999618530273,9.4443998336792,178.20570373535156,882,77.5839559,13.0100673
1766295393149206800,309.1332067871094,1.327013611793518,0.8312374949455261,4.136360168457031,3.7899999618530273,9.643972396850586,178.93478393554688,882,77.5839595,13.0099788
1766295394149206800,310.1332067871094,1.3427871465682983,0.8396729230880737,4.146360397338867,3.7899999618530273,9.937041282653809,179.92173767089844,882,77.5839606,13.0098884
1766295395149206800,311.1332067871094,1.3021655082702637,0.7857969999313354,4.156360149383545,3.7899999618530273,10.213521003723145,180.93399047851562,882,77.5839606,13.0097946
1766295396149206800,312.1332067871094,1.2261160612106323,0.7815388441085815,4.166360378265381,3.7899999618530273,10.2374906539917,180.9966583251953,882,77.5839596,13.009701
1766295397149206500,313.13320654296876,1.1960349082946777,0.7944190502166748,4.176360130310059,3.7899999618530273,10.234445571899414,181.93563842773438,882,77.5839582,13.0096086
1766295398149206500,314.13320654296876,1.2226766347885132,0.8171362280845642,3.0225422382354736,3.7899999618530273,10.011207580566406,181.046630859375,875.5999755859375,77.5839553,13.0095183
1766295399149206800,315.1332067871094,1.223721981048584,0.7766285538673401,3.0325422286987305,3.7899999618530273,9.874794006347656,179.13192749023438,875.5999755859375,77.5839553,13.009432
1766295400149206500,316.13320654296876,1.208579182624817,0.8180291652679443,3.0425422191619873,3.7899999618530273,9.730927467346191,179.94970703125,875.5999755859375,77.5839547,13.0093461
1766295401149206500,317.13320654296876,1.2270605564117432,0.7842029929161072,3.052542209625244,3.7899999618530273,9.01589584350586,179.99746704101562,875.5999755859375,77.5839535,13.0092666
1766295402149206800,318.1332067871094,1.2774128913879395,0.852675199508667,3.062542200088501,3.7899999618530273,8.56470012664795,180.9167938232422,875.5999755859375,77.5839512,13.0091917
1766295403149206500,319.13320654296876,1.3104175329208374,0.7732772827148438,3.072542190551758,3.7899999618530273,8.405258178710938,179.10888671875,875.5999755859375,77.5839506,13.0091191
1766295404149206800,320.1332067871094,1.3633949756622314,0.8370622992515564,3.0825421810150146,3.7899999618530273,7.929032325744629,176.31260681152344,875.5999755859375,77.5839526,13.0090491
1766295405149206800,321.1332067871094,1.3929733037948608,0.8467962145805359,3.0925421714782715,3.7899999618530273,7.720817565917969,178.88153076171875,875.5999755859375,77.5839554,13.0089795
1766295406149206800,322.1332067871094,1.4068713188171387,0.8297234177589417,3.1025421619415283,3.7899999618530273,8.000219345092773,179.93894958496094,875.5999755859375,77.5839563,13.0089075
1766295407149207000,323.13320703125,1.4894824028015137,1.0275079011917114,3.112542152404785,3.7899999618530273,8.374445915222168,179.02639770507812,875.5999755859375,77.5839571,13.0088303
1766295408149206800,324.1332067871094,1.5520843267440796,0.9121898412704468,3.122542142868042,3.7899999618530273,8.93347454071045,178.96759033203125,875.5999755859375,77.5839608,13.0087452
1766295409149206500,325.13320654296876,1.5279514789581299,0.8007462620735168,3.132542133331299,3.7899999618530273,9.290486335754395,177.11563110351562,875.5999755859375,77.5839671,13.0086559
1766295410149206500,326.13320654296876,1.5242562294006348,0.8578760027885437,3.1425421237945557,3.7899999618530273,9.312162399291992,171.6412353515625,875.5999755859375,77.5839759,13.0085707
1766295411149206800,327.1332067871094,1.5383849143981934,0.832021951675415,3.1525421142578125,3.7899999618530273,9.049696922302246,172.96926879882812,875.5999755859375,77.5839881,13.0084891
1766295412149206800,328.1332067871094,1.5081294775009155,0.7947297692298889,3.1625421047210693,3.7899999618530273,9.022354125976562,175.75979614257812,875.5999755859375,77.5839939,13.0084089
1766295413149206300,329.1332062988281,1.4030684232711792,0.7717317342758179,3.172542095184326,3.7899999618530273,9.123939514160156,177.83624267578125,875.5999755859375,77.5839951,13.0083255
1766295414149206500,330.13320654296876,1.3010516166687012,0.8208431005477905,3.182542085647583,3.7899999618530273,8.95663833618164,176.1556854248047,875.5999755859375,77.5839986,13.0082453
1766295415149206500,331.13320654296876,1.2987207174301147,0.7659274339675903,3.19254207611084,3.7899999618530273,8.946879386901855,174.14955139160156,875.5999755859375,77.5840051,13.008166
1766295416149206500,332.13320654296876,1.3047850131988525,0.8083610534667969,3.202542304992676,3.7899999618530273,9.047015190124512,173.9755401611328,875.5999755859375,77.5840124,13.0080867
1766295417149206800,333.1332067871094,1.3334991931915283,0.7904282808303833,3.2125422954559326,3.7899999618530273,9.134100914001465,177.7326202392578,875.5999755859375,77.5840184,13.0080044
1766295418149206800,334.1332067871094,1.3859620094299316,0.921785831451416,3.2225422859191895,3.7899999618530273,9.169944763183594,177.9762725830078,875.5999755859375,77.5840196,13.0079217
1766295419149207000,335.13320703125,1.4139896631240845,0.8505215644836426,2.7725331783294678,3.7899999618530273,9.395526885986328,177.97344970703125,871.2999877929688,77.5840225,13.007836
1766295420149206800,336.1332067871094,1.402579665184021,0.7852011919021606,2.7825331687927246,3.7899999618530273,9.589868545532227,176.119873046875,871.2999877929688,77.5840257,13.0077478
1766295421149206500,337.13320654296876,1.358599066734314,0.8070882558822632,2.7925331592559814,3.7899999618530273,9.553876876831055,177.87124633789062,871.2999877929688,77.5840288,13.0076617
1766295422149206300,338.1332062988281,1.412522792816162,0.8799616694450378,2.8025331497192383,3.7899999618530273,8.997382164001465,177.17440795898438,871.2999877929688,77.5840323,13.007585
1766295423149206800,339.1332067871094,1.4776678085327148,0.9465181827545166,2.812533140182495,3.7899999618530273,8.485777854919434,180.7151641845703,871.2999877929688,77.5840362,13.0075116
1766295424149206800,340.1332067871094,1.5336116552352905,0.9302408695220947,2.822533130645752,3.7899999618530273,8.46064567565918,181.90457153320312,871.2999877929688,77.584033,13.0074361
1766295425149206500,341.13320654296876,1.5907933712005615,0.9176254272460938,2.832533121109009,3.7899999618530273,8.685543060302734,175.52102661132812,871.2999877929688,77.584035,13.0073572
1766295426149206800,342.1332067871094,1.6072053909301758,0.8427500128746033,2.8425331115722656,3.7899999618530273,9.311654090881348,171.2528076171875,871.2999877929688,77.5840448,13.0072692
1766295427149206800,343.1332067871094,1.5472270250320435,0.8340593576431274,2.8525331020355225,3.7899999618530273,9.771562576293945,171.75189208984375,871.2999877929688,77.5840591,13.0071782
1766295428149206500,344.13320654296876,1.5174833536148071,0.8694608211517334,2.8625330924987793,3.7899999618530273,10.087737083435059,174.5877685546875,871.2999877929688,77.5840692,13.0070844
1766295429149206500,345.13320654296876,1.488257646560669,0.7917683124542236,2.872533082962036,3.7899999618530273,10.368701934814453,176.73629760742188,871.2999877929688,77.5840744,13.0069877
1766295430149206500,346.13320654296876,1.4479142427444458,0.7815031409263611,2.882533073425293,3.7899999618530273,10.651286125183105,176.0270538330078,871.2999877929688,77.5840798,13.0068906
1766295431149206800,347.1332067871094,1.321885585784912,0.787131667137146,2.89253306388855,3.7899999618530273,10.94299602508545,176.880615234375,871.2999877929688,77.5840859,13.0067898
1766295432149206800,348.1332067871094,1.2195210456848145,0.7731585502624512,2.9025330543518066,3.7899999618530273,11.094615936279297,176.97276306152344,871.2999877929688,77.5840917,13.0066877
1766295433149206500,349.13320654296876,1.1000112295150757,0.8077942728996277,2.9125330448150635,3.7899999618530273,11.255516052246094,176.03759765625,871.2999877929688,77.5840965,13.0065858
1766295434149206500,350.13320654296876,1.129899501800537,0.773728609085083,2.9225330352783203,3.7899999618530273,11.367047309875488,175.05804443359375,871.2999877929688,77.5841042,13.0064808
1766295435149206500,351.13320654296876,1.1373467445373535,0.7948369383811951,2.932533025741577,3.7899999618530273,11.407790184020996,175.92225646972656,871.2999877929688,77.5841108,13.0063785
1766295436149206500,352.13320654296876,1.0741527080535889,0.8329840302467346,2.942533016204834,3.7899999618530273,11.414631843566895,175.99337768554688,871.2999877929688,77.5841163,13.0062762
1766295437149206500,353.13320654296876,1.0821841955184937,0.8112779855728149,2.952533006668091,3.7899999618530273,11.445075035095215,176.92825317382812,871.2999877929688,77.5841193,13.0061732
1766295438149206500,354.13320654296876,1.0868384838104248,0.7830924391746521,2.9625329971313477,3.7899999618530273,11.361885070800781,176.0775146484375,871.2999877929688,77.5841215,13.0060724
1766295439149206800,355.1332067871094,1.0975220203399658,0.8120183348655701,2.9725332260131836,3.7899999618530273,11.413762092590332,176.93019104003906,871.2999877929688,77.5841238,13.0059675
1766295440149206500,356.13320654296876,1.0455584526062012,0.8037671446800232,3.559619426727295,3.7899999618530273,11.460509300231934,176.05384826660156,867.5999755859375,77.5841294,13.0058615
1766295441149206500,357.13320654296876,1.0656418800354004,0.8701781034469604,3.5696194171905518,3.7899999618530273,11.438177108764648,176.00897216796875,867.5999755859375,77.5841373,13.0057574
1766295442149206800,358.1332067871094,1.1161813735961914,0.9196878671646118,3.5796194076538086,3.7899999618530273,11.396204948425293,176.0113983154297,867.5999755859375,77.5841448,13.0056525
1766295443149206800,359.1332067871094,1.161386489868164,0.8599133491516113,3.5896193981170654,3.7899999618530273,11.41193675994873,175.99862670898438,867.5999755859375,77.5841527,13.0055485
1766295444149207000,360.13320703125,1.1747829914093018,0.8097020387649536,3.5996193885803223,3.7899999618530273,11.396797180175781,175.08470153808594,867.5999755859375,77.5841621,13.0054457
1766295445149206500,361.13320654296876,1.2349973917007446,0.9209045767784119,3.609619379043579,3.7899999618530273,11.36637020111084,174.1131591796875,867.5999755859375,77.584175,13.005344
1766295446149206500,362.13320654296876,1.2688884735107422,0.9423162341117859,3.619619369506836,3.7899999618530273,11.293758392333984,174.93565368652344,867.5999755859375,77.5841863,13.0052442
1766295447149206500,363.13320654296876,1.3308013677597046,1.0511654615402222,3.6296193599700928,3.7899999618530273,11.342939376831055,176.7919464111328,867.5999755859375,77.5841926,13.0051405
1766295448149206500,364.13320654296876,1.3450161218643188,0.952085018157959,3.6396193504333496,3.7899999618530273,11.383118629455566,176.0695343017578,867.5999755859375,77.5841972,13.0050397
1766295449149206500,365.13320654296876,1.393067717552185,0.9025923609733582,3.6496193408966064,3.7899999618530273,11.376646041870117,175.11705017089844,867.5999755859375,77.5842059,13.0049352
1766295450149206500,366.13320654296876,1.3819140195846558,0.8206908106803894,3.6596193313598633,3.7899999618530273,11.425532341003418,175.9028778076172,867.5999755859375,77.584215,13.0048322
1766295451149206500,367.13320654296876,1.3132333755493164,0.8026608824729919,3.66961932182312,3.7899999618530273,11.180707931518555,176.93467712402344,867.5999755859375,77.5842201,13.0047314
1766295452149207000,368.13320703125,1.312727451324463,0.8014600276947021,3.679619312286377,3.7899999618530273,10.498891830444336,177.98184204101562,867.5999755859375,77.5842225,13.0046397
1766295453149207000,369.13320703125,1.2556096315383911,0.8339148163795471,3.689619302749634,3.7899999618530273,10.119958877563477,178.0403289794922,867.5999755859375,77.5842239,13.0045499
1766295454149206500,370.13320654296876,1.2725154161453247,0.803798258304596,3.6996192932128906,3.7899999618530273,9.589089393615723,178.96896362304688,867.5999755859375,77.5842243,13.004464
1766295455149206500,371.13320654296876,1.2920411825180054,0.800166130065918,3.7096192836761475,3.7899999618530273,8.7184419631958,179.05136108398438,867.5999755859375,77.5842243,13.0043878
1766295456149206500,372.13320654296876,1.3357608318328857,0.8193082213401794,3.7196192741394043,3.7899999618530273,7.558691501617432,180.82958984375,867.5999755859375,77.58422,13.0043249
1766295457149206500,373.13320654296876,1.3996950387954712,0.8140685558319092,3.729619264602661,3.7899999618530273,6.411175727844238,180.89166259765625,867.5999755859375,77.5842167,13.004275
1766295458149206500,374.13320654296876,1.4627046585083008,0.8999775648117065,3.739619255065918,3.7899999618530273,5.772315979003906,180.0266876220703,867.5999755859375,77.5842146,13.0042287
1766295459149206800,375.1332067871094,1.5285717248916626,0.8413287401199341,3.749619245529175,3.7899999618530273,5.557685375213623,185.59921264648438,867.5999755859375,77.5842122,13.0041805
1766295460149206500,376.13320654296876,1.5696550607681274,0.786558985710144,3.0559308528900146,3.7899999618530273,5.513901710510254,183.0856170654297,866.0999755859375,77.5842067,13.0041319
1766295461149206500,377.13320654296876,1.6329668760299683,0.8678562641143799,3.0659308433532715,3.7899999618530273,4.807405948638916,184.44302368164062,866.0999755859375,77.5842041,13.0040916
1766295462149206500,378.13320654296876,1.7100924253463745,0.9370903372764587,3.0759308338165283,3.7899999618530273,4.457224369049072,189.05780029296875,866.0999755859375,77.584201,13.0040541
1766295463149207000,379.13320703125,1.7878048419952393,0.917876660823822,3.085930824279785,3.7899999618530273,5.416962623596191,173.09413146972656,866.0999755859375,77.5841992,13.004003
1766295464149206500,380.13320654296876,1.8414736986160278,0.8899692893028259,3.095930814743042,3.7899999618530273,6.999797344207764,177.40414428710938,866.0999755859375,77.5842046,13.0039314
1766295465149206300,381.1332062988281,1.811787724494934,0.8295741081237793,3.105930805206299,3.7899999618530273,8.50730037689209,178.77659606933594,866.0999755859375,77.584204,13.003845
1766295466149206500,382.13320654296876,1.7772531509399414,0.8355470895767212,3.1159307956695557,3.7899999618530273,9.247221946716309,180.8069610595703,866.0999755859375,77.5842027,13.0037536
1766295467149206500,383.13320654296876,1.711641550064087,0.8179628849029541,3.1259307861328125,3.7899999618530273,9.216634750366211,182.78086853027344,866.0999755859375,77.5842,13.0036681
1766295468149206300,384.1332062988281,1.6896445751190186,0.824209988117218,3.1359307765960693,3.7899999618530273,9.102585792541504,182.060302734375,866.0999755859375,77.584196,13.0035842
1766295469149206500,385.13320654296876,1.6501628160476685,0.8421342968940735,3.145930767059326,3.7899999618530273,8.539180755615234,183.6974334716797,866.0999755859375,77.5841942,13.0035089
1766295470149206500,386.13320654296876,1.7485065460205078,0.9615187048912048,3.155930757522583,3.7899999618530273,7.5491437911987305,179.4009552001953,866.0999755859375,77.5841933,13.0034468
1766295471149206500,387.13320654296876,1.798470139503479,0.8640303015708923,3.16593074798584,3.7899999618530273,7.352599143981934,184.48377990722656,866.0999755859375,77.5841935,13.0033837
1766295472149206800,388.1332067871094,1.7836800813674927,0.7853578329086304,3.175930976867676,3.7899999618530273,7.598167896270752,186.87086486816406,866.0999755859375,77.5841858,13.0033162
1766295473149206500,389.13320654296876,1.7212982177734375,0.7825726866722107,3.1859309673309326,3.7899999618530273,7.392933368682861,185.07797241210938,866.0999755859375,77.5841779,13.0032535
1766295474149206500,390.13320654296876,1.7464812994003296,0.866946816444397,3.1959309577941895,3.7899999618530273,7.487414360046387,185.96670532226562,866.0999755859375,77.5841695,13.0031881
1766295475149206500,391.13320654296876,1.739933967590332,0.9012853503227234,3.2059309482574463,3.7899999618530273,7.944490909576416,183.34820556640625,866.0999755859375,77.584164,13.0031127
1766295476149206500,392.13320654296876,1.7537059783935547,0.8510391712188721,3.215930938720703,3.7899999618530273,8.310696601867676,177.48678588867188,866.0999755859375,77.584166,13.0030333
1766295477149206500,393.13320654296876,1.7160179615020752,0.8261622190475464,3.22593092918396,3.7899999618530273,8.397590637207031,172.51663208007812,866.0999755859375,77.584176,13.0029563
1766295478149206500,394.13320654296876,1.7173060178756714,0.9057309627532959,3.235930919647217,3.7899999618530273,8.573962211608887,174.69680786132812,866.0999755859375,77.5841872,13.0028777
1766295479149206800,395.1332067871094,1.7702170610427856,1.0276235342025757,3.2459309101104736,3.7899999618530273,8.520696640014648,178.61656188964844,866.0999755859375,77.58419,13.0028003
1766295480149206500,396.13320654296876,1.847886085510254,1.278375506401062,3.2559309005737305,3.7899999618530273,8.444968223571777,183.4009246826172,866.0999755859375,77.584188,13.0027245
1766295481149206300,397.1332062988281,1.9149577617645264,1.154927134513855,1.8631656169891357,3.7899999618530273,8.074381828308105,183.7998504638672,855.3999633789062,77.584181,13.0026573
1766295482149206500,398.13320654296876,1.6865791082382202,0.7967403531074524,1.8731656074523926,3.7899999618530273,7.6229634284973145,182.0768585205078,855.3999633789062,77.5841793,13.0025884
1766295483149206500,399.13320654296876,1.7065603733062744,0.8490169048309326,1.8831655979156494,3.7899999618530273,7.383133888244629,182.88189697265625,855.3999633789062,77.5841765,13.0025218
1766295484149206300,400.1332062988281,1.6893819570541382,0.8612450361251831,1.8931655883789062,3.7899999618530273,7.817575454711914,184.03416442871094,855.3999633789062,77.58417,13.0024527
1766295485149206500,401.13320654296876,1.7156583070755005,0.9166380167007446,1.9031656980514526,3.7899999618530273,8.711943626403809,180.3705596923828,855.3999633789062,77.5841653,13.0023685
1766295486149206500,402.13320654296876,1.7530509233474731,1.025844931602478,1.9131656885147095,3.7899999618530273,9.434788703918457,177.22154235839844,855.3999633789062,77.5841653,13.0022765
1766295487149206300,403.1332062988281,1.5387593507766724,0.8559737205505371,1.9231656789779663,3.7899999618530273,9.892016410827637,179.75567626953125,855.3999633789062,77.5841555,13.0021806
1766295488149206300,404.1332062988281,1.5569449663162231,0.8875519037246704,1.9331656694412231,3.7899999618530273,10.392641067504883,179.0537567138672,855.3999633789062,77.58415,13.0020802
1766295489149206800,405.1332067871094,1.5833747386932373,0.8351991772651672,1.94316565990448,3.7899999618530273,11.145492553710938,178.06809997558594,855.3999633789062,77.584154,13.0019743
1766295490149206800,406.1332067871094,1.4780480861663818,0.8350992202758789,1.9531656503677368,3.7899999618530273,11.495922088623047,178.8844757080078,855.3999633789062,77.5841621,13.0018664
1766295491149206800,407.1332067871094,1.5295581817626953,1.2157772779464722,1.9631656408309937,3.7899999618530273,11.604463577270508,178.0874481201172,855.3999633789062,77.584169,13.0017585
1766295492149206800,408.1332067871094,1.4375771284103394,0.8007628917694092,1.9731656312942505,3.7899999618530273,11.700286865234375,178.0033721923828,855.3999633789062,77.5841732,13.0016545
1766295493149206800,409.1332067871094,1.3138372898101807,0.8690445423126221,1.9831656217575073,3.7899999618530273,11.722103118896484,177.99771118164062,855.3999633789062,77.5841782,13.001551
1766295494149206500,410.13320654296876,1.3896535634994507,1.2071528434753418,1.9931656122207642,3.7899999618530273,11.697609901428223,178.0036163330078,855.3999633789062,77.5841816,13.0014477
1766295495149206500,411.13320654296876,1.2632482051849365,0.8223170638084412,2.0031657218933105,3.7899999618530273,11.437970161437988,178.01866149902344,855.3999633789062,77.5841865,13.0013447
1766295496149206500,412.13320654296876,1.2909482717514038,0.9788569211959839,2.0131657123565674,3.7899999618530273,11.46027660369873,178.9127960205078,855.3999633789062,77.5841881,13.0012394
1766295497149206500,413.13320654296876,1.2060680389404297,0.7953561544418335,2.023165702819824,3.7899999618530273,11.635462760925293,178.06199645996094,855.3999633789062,77.5841865,13.0011273
1766295498149206300,414.1332062988281,1.2442796230316162,0.8062108755111694,2.033165693283081,3.7899999618530273,11.702838897705078,178.00067138671875,855.3999633789062,77.5841883,13.0010185
1766295499149206500,415.13320654296876,1.2874712944030762,0.8838196992874146,2.043165683746338,3.7899999618530273,11.756871223449707,177.99581909179688,855.3999633789062,77.5841917,13.0009075
1766295500149206500,416.13320654296876,1.253646969795227,0.8663955330848694,2.0531656742095947,3.7899999618530273,11.710268020629883,177.09518432617188,855.3999633789062,77.5841971,13.0007992
1766295501149207000,417.13320703125,1.276885986328125,0.8742845058441162,2.0631656646728516,3.7899999618530273,11.71017837524414,176.10414123535156,855.3999633789062,77.584205,13.0006918
1766295502149207000,418.13320703125,1.3463308811187744,0.9208533763885498,13.903382301330566,3.7899999618530273,11.654314041137695,176.02267456054688,852,77.5842089,13.0005867
1766295503149207000,419.13320703125,1.3925002813339233,0.8892470002174377,13.913381576538086,3.7899999618530273,11.682382583618164,175.99827575683594,852,77.5842147,13.0004806
1766295504149206800,420.1332067871094,1.3698906898498535,0.8466106057167053,13.923381805419922,3.7899999618530273,11.743270874023438,176.889892578125,852,77.584218,13.0003762
1766295505149206500,421.13320654296876,1.3676846027374268,0.9294922351837158,13.933382034301758,3.7899999618530273,11.745222091674805,175.2059326171875,852,77.5842252,13.0002699
1766295506149206800,422.1332067871094,1.3657382726669312,0.821395754814148,13.943382263183594,3.7899999618530273,11.708013534545898,175.9237823486328,852,77.5842334,13.0001636
1766295507149206800,423.1332067871094,1.3390331268310547,0.8966159224510193,13.953381538391113,3.7899999618530273,11.674555778503418,175.99905395507812,852,77.5842403,13.0000586
1766295508149206500,424.13320654296876,1.3681212663650513,0.8668120503425598,13.96338176727295,3.7899999618530273,11.653212547302246,176.00357055664062,852,77.5842454,12.9999548
1766295509149206500,425.13320654296876,1.3537794351577759,0.8282794952392578,13.973381996154785,3.7899999618530273,11.636518478393555,175.1072998046875,852,77.5842525,12.9998512
1766295510149206300,426.1332062988281,1.3064186573028564,0.8555206656455994,13.983382225036621,3.7899999618530273,11.603363037109375,175.01783752441406,852,77.5842628,12.9997471
1766295511149206500,427.13320654296876,1.3626387119293213,0.9065852761268616,13.99338150024414,3.7899999618530273,11.595361709594727,175.00320434570312,852,77.5842749,12.9996438
1766295512149206500,428.13320654296876,1.3221691846847534,0.8162729740142822,14.003381729125977,3.7899999618530273,11.588894844055176,174.10220336914062,852,77.5842883,12.9995426
1766295513149206500,429.13320654296876,1.2026150226593018,0.8301498889923096,14.013381958007812,3.7899999618530273,11.394695281982422,174.9678192138672,852,77.5842981,12.9994407
1766295514149206500,430.13320654296876,1.2208532094955444,0.8269466161727905,14.023382186889648,3.7899999618530273,11.29532527923584,175.93247985839844,852,77.5843034,12.9993388
1766295515149206500,431.13320654296876,1.258458137512207,0.7923110723495483,14.033381462097168,3.7899999618530273,11.359097480773926,178.7438201904297,852,77.5843051,12.9992357
1766295516149206500,432.13320654296876,1.1561334133148193,0.8934105038642883,14.043381690979004,3.7899999618530273,11.462259292602539,178.97621154785156,852,77.5843045,12.9991312
1766295517149206500,433.13320654296876,1.1961637735366821,0.862337052822113,14.05338191986084,3.7899999618530273,11.538094520568848,177.14930725097656,852,77.5843076,12.9990256
1766295518149206800,434.1332067871094,1.2007218599319458,0.796036958694458,14.063382148742676,3.7899999618530273,11.50912857055664,175.18739318847656,852,77.5843185,12.9989221
1766295519149206500,435.13320654296876,1.194021463394165,0.8039381504058838,14.073381423950195,3.7899999618530273,11.384200096130371,173.2329559326172,852,77.5843327,12.998821
1766295520149206800,436.1332067871094,1.13933265209198,0.7699006795883179,14.083381652832031,3.7899999618530273,11.384058952331543,171.2056884765625,852,77.5843501,12.9987201
1766295521149206500,437.13320654296876,1.0919599533081055,0.8385112285614014,14.093381881713867,3.7899999618530273,11.44922924041748,170.0938720703125,852,77.5843694,12.998617
1766295522149206800,438.1332067871094,5.4835662841796875,0.9690519571304321,2.5096540451049805,3.7899999618530273,11.433670997619629,169.68077087402344,850.5,77.5843877,12.9985145
1766295523149206500,439.13320654296876,1.150652527809143,0.7945629358291626,2.5196540355682373,3.7899999618530273,11.383492469787598,168.1623077392578,850.5,77.5844075,12.9984123
1766295524149206500,440.13320654296876,1.1168322563171387,0.8078856468200684,2.529654026031494,3.7899999618530273,11.192953109741211,168.10777282714844,850.5,77.5844276,12.9983122
1766295525149206500,441.13320654296876,1.1594277620315552,0.8669800162315369,2.539654016494751,3.7899999618530273,10.476968765258789,171.05789184570312,850.5,77.5844449,12.9982215
1766295526149206800,442.1332067871094,1.2319152355194092,0.8550781011581421,2.549654006958008,3.7899999618530273,9.679471969604492,172.26866149902344,850.5,77.5844558,12.9981385
1766295527149206300,443.1332062988281,1.2369247674942017,0.7791447043418884,2.5596539974212646,3.7899999618530273,8.664997100830078,172.4405059814453,850.5,77.5844656,12.9980659
1766295528149207000,444.13320703125,1.308089017868042,0.8726648092269897,2.5696542263031006,3.7899999618530273,7.613783836364746,170.19149780273438,850.5,77.5844743,12.9980037
1766295529149206800,445.1332067871094,1.3767151832580566,0.9637411832809448,2.5796542167663574,3.7899999618530273,6.443233966827393,169.6540985107422,850.5,77.5844843,12.9979549
1766295530149206500,446.13320654296876,1.4627591371536255,1.073714256286621,2.5896542072296143,3.7899999618530273,5.457882881164551,154.3101806640625,850.5,77.5845043,12.9979195
1766295531149206800,447.1332067871094,1.5491971969604492,0.9672375321388245,2.599654197692871,3.7899999618530273,5.549210548400879,137.84373474121094,850.5,77.584542,12.9978843
1766295532149206800,448.1332067871094,1.6328476667404175,1.0662524700164795,2.609654188156128,3.7899999618530273,5.570970058441162,121.82118225097656,850.5,77.5845889,12.9978565
1766295533149206500,449.13320654296876,1.7099699974060059,0.9429341554641724,2.6196541786193848,3.7899999618530273,6.5805206298828125,111.35344696044922,850.5,77.584654,12.9978372
1766295534149206800,450.1332067871094,1.7706063985824585,1.0539435148239136,2.6296541690826416,3.7899999618530273,7.638129711151123,104.74845123291016,850.5,77.584726,12.9978201
1766295535149206800,451.1332067871094,1.866190791130066,1.379063606262207,2.6396541595458984,3.7899999618530273,7.8748979568481445,101.31013488769531,850.5,77.5848011,12.9978037
1766295536149206500,452.13320654296876,1.8965388536453247,0.9936642646789551,2.6496541500091553,3.7899999618530273,9.214372634887695,101.23519134521484,850.5,77.5849006,12.9977915
1766295537149206500,453.13320654296876,1.7324020862579346,0.8027701377868652,2.659654140472412,3.7899999618530273,9.406549453735352,99.0857925415039,850.5,77.5849913,12.9977809
1766295538149206500,454.13320654296876,1.6179336309432983,0.8044418096542358,2.669654130935669,3.7899999618530273,9.517169952392578,99.98589324951172,850.5,77.5850814,12.9977754
1766295539149206800,455.1332067871094,1.6822147369384766,1.132297158241272,2.679654121398926,3.7899999618530273,9.40311050415039,98.04125213623047,850.5,77.5851693,12.9977661
1766295540149206800,456.1332067871094,1.607026219367981,0.9575737714767456,2.6896541118621826,3.7899999618530273,9.304800033569336,98.95356750488281,850.5,77.5852551,12.9977579
1766295541149206500,457.13320654296876,1.6317788362503052,0.9739487171173096,2.6996541023254395,3.7899999618530273,10.072571754455566,93.19229888916016,850.5,77.5853499,12.9977474
1766295542149206800,458.1332067871094,1.5772579908370972,0.9988032579421997,2.7096540927886963,3.7899999618530273,9.996289253234863,92.02422332763672,850.5,77.5854421,12.9977418
1766295543149206500,459.13320654296876,5.843530654907227,0.9654812216758728,2.6959571838378906,3.7899999618530273,10.555367469787598,91.99586486816406,848.3999633789062,77.5855406,12.9977379
1766295544149206000,460.1332060546875,1.3589138984680176,0.84769606590271,2.7059571743011475,3.7899999618530273,11.031914710998535,94.98079681396484,848.3999633789062,77.585641,12.997731
1766295545149206800,461.1332067871094,1.311908483505249,0.7839615941047668,2.7159571647644043,3.7899999618530273,11.257715225219727,95.99298095703125,848.3999633789062,77.5857442,12.997718
1766295546149206500,462.13320654296876,1.380654215812683,0.8323737978935242,2.725957155227661,3.7899999618530273,11.121832847595215,97.9300308227539,848.3999633789062,77.585849,12.997704
1766295547149206500,463.13320654296876,1.4579370021820068,0.8285499215126038,2.735957145690918,3.7899999618530273,11.100281715393066,97.0244140625,848.3999633789062,77.5859506,12.9976903
1766295548149206800,464.1332067871094,1.528899908065796,1.0587575435638428,2.745957136154175,3.7899999618530273,11.185964584350586,97.01377868652344,848.3999633789062,77.5860532,12.9976776
1766295549149206500,465.13320654296876,1.5783543586730957,1.1779587268829346,2.7559571266174316,3.7899999618530273,11.291184425354004,96.05059814453125,848.3999633789062,77.5861579,12.9976657
1766295550149206800,466.1332067871094,1.488544225692749,0.8866966962814331,2.7659573554992676,3.7899999618530273,10.925124168395996,99.8230972290039,848.3999633789062,77.5862568,12.9976486
1766295551149206500,467.13320654296876,1.5587552785873413,1.0976908206939697,2.7759573459625244,3.7899999618530273,10.774919509887695,99.9581527709961,848.3999633789062,77.5863556,12.9976302
1766295552149206500,468.13320654296876,1.5542941093444824,0.8912664651870728,2.7859573364257812,3.7899999618530273,10.8383207321167,101.93144226074219,848.3999633789062,77.586453,12.9976062
1766295553149206500,469.13320654296876,1.5623340606689453,0.8519214391708374,2.795957326889038,3.7899999618530273,10.849675178527832,110.47966003417969,848.3999633789062,77.5865482,12.9975697
1766295554149206500,470.13320654296876,1.6346299648284912,0.8685460090637207,2.805957317352295,3.7899999618530273,10.94511890411377,113.77629852294922,848.3999633789062,77.5866347,12.997527
1766295555149206500,471.13320654296876,1.6990876197814941,1.0489022731781006,2.8159573078155518,3.7899999618530273,11.169515609741211,117.60875701904297,848.3999633789062,77.586725,12.9974803
1766295556149206300,472.1332062988281,1.6161614656448364,0.8516933917999268,2.8259572982788086,3.7899999618530273,11.257081031799316,122.55081176757812,848.3999633789062,77.5868111,12.9974261
1766295557149206300,473.1332062988281,1.5965856313705444,0.8829012513160706,2.8359572887420654,3.7899999618530273,11.205268859863281,124.75857543945312,848.3999633789062,77.5868902,12.9973675
1766295558149206500,474.13320654296876,1.6453654766082764,0.844567596912384,2.8459572792053223,3.7899999618530273,11.201201438903809,124.98021697998047,848.3999633789062,77.5869731,12.9973068
1766295559149206500,475.13320654296876,1.552599310874939,0.8443036675453186,2.855957269668579,3.7899999618530273,11.359474182128906,127.72810363769531,848.3999633789062,77.5870566,12.9972449
1766295560149206800,476.1332067871094,1.361955165863037,0.7675250768661499,2.865957260131836,3.7899999618530273,11.28089427947998,129.81019592285156,848.3999633789062,77.5871376,12.9971802
1766295561149206500,477.13320654296876,1.2263085842132568,0.8096869587898254,2.8759572505950928,3.7899999618530273,11.200270652770996,130.88861083984375,848.3999633789062,77.5872172,12.9971144
1766295562149206800,478.1332067871094,1.205422043800354,0.7934673428535461,2.8859572410583496,3.7899999618530273,11.222146034240723,129.16079711914062,848.3999633789062,77.5872968,12.9970498
1766295563149206500,479.13320654296876,1.245123028755188,0.8961064219474792,2.8959572315216064,3.7899999618530273,11.341666221618652,129.7742919921875,848.3999633789062,77.5873763,12.9969772
1766295564149206800,480.1332067871094,6.573741912841797,1.1093647480010986,1.5609195232391357,3.7899999618530273,11.172476768493652,129.5175323486328,861.7000122070312,77.5874537,12.9969105
1766295565149206500,481.13320654296876,1.2424927949905396,0.7921850681304932,1.5709195137023926,3.7899999618530273,11.108863830566406,125.10432434082031,861.7000122070312,77.5875388,12.9968515
1766295566149206500,482.13320654296876,1.3166452646255493,0.9675453901290894,1.580919623374939,3.7899999618530273,11.045124053955078,125.00538635253906,861.7000122070312,77.5876231,12.9967966
1766295567149206800,483.1332067871094,1.3731987476348877,0.9420613050460815,1.5909196138381958,3.7899999618530273,11.083690643310547,124.32112121582031,861.7000122070312,77.5877078,12.996742
1766295568149206500,484.13320654296876,1.3303190469741821,0.8737039566040039,1.6009196043014526,3.7899999618530273,10.967083930969238,124.05208587646484,861.7000122070312,77.5877896,12.9966869
1766295569149206500,485.13320654296876,1.3216617107391357,0.8180646896362305,1.6109195947647095,3.7899999618530273,11.06131649017334,124.77864837646484,861.7000122070312,77.5878741,12.9966291
1766295570149206500,486.13320654296876,1.3005708456039429,0.9286638498306274,1.6209195852279663,3.7899999618530273,11.08724308013916,122.84817504882812,861.7000122070312,77.5879619,12.9965774
1766295571149206500,487.13320654296876,1.351982593536377,0.9134461283683777,1.6309195756912231,3.7899999618530273,11.346098899841309,120.90289306640625,861.7000122070312,77.5880561,12.9965257
1766295572149206500,488.13320654296876,1.4100559949874878,0.8611973524093628,1.64091956615448,3.7899999618530273,11.489933967590332,118.79792785644531,861.7000122070312,77.5881486,12.9964704
1766295573149206500,489.13320654296876,1.430600643157959,0.8949304223060608,1.6509195566177368,3.7899999618530273,11.529705047607422,116.74047088623047,861.7000122070312,77.5882435,12.9964221
1766295574149206500,490.13320654296876,1.4461432695388794,0.8810492157936096,1.6609195470809937,3.7899999618530273,11.623920440673828,116.23326110839844,861.7000122070312,77.5883393,12.9963749
1766295575149206500,491.13320654296876,1.4835485219955444,0.9512717127799988,1.6709195375442505,3.7899999618530273,11.62990665435791,116.07109832763672,861.7000122070312,77.5884348,12.996327
1766295576149206500,492.13320654296876,1.5357556343078613,0.9321079254150391,1.6809195280075073,3.7899999618530273,11.47628402709961,115.93875885009766,861.7000122070312,77.5885294,12.9962807
1766295577149206800,493.1332067871094,5.925166130065918,1.1236648559570312,1.6909195184707642,3.7899999618530273,11.274781227111816,115.63357543945312,861.7000122070312,77.5886211,12.9962373
1766295578149206500,494.13320654296876,4.281654357910156,0.7030966877937317,1.7009196281433105,3.7899999618530273,10.80019474029541,116.59662628173828,861.7000122070312,77.588708,12.9961928
1766295579149206300,495.1332062988281,2.5737173557281494,0.429408460855484,1.7109196186065674,3.7899999618530273,10.754770278930664,118.59558868408203,861.7000122070312,77.5887929,12.9961405
1766295580149206000,496.1332060546875,0.6719632148742676,0.10439459979534149,1.7209196090698242,3.7899999618530273,9.991025924682617,113.096435546875,861.7000122070312,77.5888802,12.9961
1766295581149206500,497.13320654296876,1.2075953483581543,0.1586398184299469,1.730919599533081,3.7899999618530273,8.501468658447266,112.08016204833984,861.7000122070312,77.5889551,12.9960649
1766295582149207000,498.13320703125,2.7389838695526123,0.3611438274383545,1.740919589996338,5.019000053405762,8.49515151977539,114.45057678222656,861.7000122070312,77.5890258,12.9960344
1766295583149206500,499.13320654296876,4.057375907897949,0.5400832295417786,1.7509195804595947,5.8379998207092285,8.556523323059082,116.21016693115234,861.7000122070312,77.5890964,12.9960001
1766295584149206000,500.1332060546875,5.392630100250244,0.7519626021385193,1.1082720756530762,6.861999988555908,8.820557594299316,116.6397933959961,861.2999877929688,77.589169,12.9959629
1766295585149206300,501.1332062988281,0.7338292002677917,0.09814445674419403,1.118272066116333,8.706000328063965,8.592425346374512,116.00796508789062,861.2999877929688,77.5892418,12.9959269
1766295586149206800,502.1332067871094,2.5116126537323,0.32465314865112305,1.1282720565795898,9.9350004196167,8.369162559509277,116.01458740234375,861.2999877929688,77.5893128,12.9958898
1766295587149206300,503.1332062988281,8.137613296508789,1.2134037017822266,1.1382720470428467,9.9350004196167,7.997325420379639,115.8680191040039,861.2999877929688,77.5893784,12.9958582
1766295588149206800,504.1332067871094,6.542812824249268,1.0458526611328125,1.1482720375061035,9.958000183105469,7.1372504234313965,115.4721450805664,861.2999877929688,77.5894354,12.995831
1766295589149206500,505.13320654296876,4.8977484703063965,0.9251351952552795,1.1582720279693604,9.958000183105469,6.690960884094238,118.26091003417969,861.2999877929688,77.5894869,12.9958038
1766295590149206500,506.13320654296876,4.868821144104004,1.0071793794631958,1.1682720184326172,10.121999740600586,5.973941802978516,121.9098129272461,861.2999877929688,77.589532,12.9957796
1766295591149206300,507.1332062988281,4.3995361328125,1.0159733295440674,1.178272008895874,10.152000427246094,4.884893417358398,128.2132110595703,861.2999877929688,77.5895628,12.9957533
1766295592149206500,508.13320654296876,4.27518892288208,0.8782095909118652,1.1882721185684204,10.423999786376953,4.903064727783203,136.38499450683594,861.2999877929688,77.5895902,12.995723
1766295593149206800,509.1332067871094,4.159898281097412,1.0098658800125122,1.202074408531189,10.581999778747559,5.42317008972168,135.54400634765625,857.2999877929688,77.589623,12.9956872
1766295594149206500,510.13320654296876,3.8174901008605957,0.970881998538971,1.2120743989944458,10.788000106811523,5.477351188659668,131.91140747070312,857.2999877929688,77.589661,12.995655
1766295595149206500,511.13320654296876,3.639606237411499,0.9327616095542908,1.2220743894577026,10.90999984741211,4.943737030029297,125.39836120605469,857.2999877929688,77.5896989,12.9956292
1766295596149206500,512.1332065429688,3.5659561157226562,0.9783589243888855,1.2320743799209595,10.836000442504883,3.986907958984375,101.41378021240234,857.2999877929688,77.5897311,12.9956137
1766295597149206800,513.1332067871094,3.4956586360931396,0.9066163897514343,1.2420743703842163,10.607999801635742,4.083400726318359,82.89151763916016,857.2999877929688,77.5897644,12.9956118
1766295598149206500,514.1332065429688,3.447969675064087,0.9913317561149597,1.2520743608474731,10.496000289916992,4.482856273651123,72.7011489868164,857.2999877929688,77.5898028,12.9956219
1766295599149206500,515.1332065429688,3.417051315307617,0.9059497117996216,1.26207435131073,10.048999786376953,4.276701927185059,65.73566436767578,857.2999877929688,77.5898355,12.9956398
1766295600149206800,516.1332067871094,15.160697937011719,0.9017854332923889,1.8457146883010864,8.706000328063965,4.042121410369873,68.17436218261719,857,77.5898656,12.9956595
1766295601149206500,517.1332065429688,0.6526584625244141,0.035466279834508896,1.8557146787643433,7.4770002365112305,3.4906229972839355,76.98503112792969,857,77.5898973,12.9956699
1766295602149206800,518.1332067871094,0.613664448261261,0.03695739805698395,1.8657147884368896,6.248000144958496,3.8587987422943115,94.9571762084961,857,77.5899299,12.9956722
1766295603149206300,519.1332062988281,0.7561798095703125,0.0406133197247982,1.8757147789001465,5.8379998207092285,3.4508309364318848,104.96575927734375,857,77.5899635,12.9956643
1766295604149206800,520.1332067871094,0.9229523539543152,0.04534924775362015,1.8857147693634033,3.7899999618530273,3.1509909629821777,105.00080108642578,857,77.5899923,12.9956557
1766295605149206500,521.1332065429688,1.0112247467041016,0.047829169780015945,1.8957147598266602,3.7899999618530273,3.040360450744629,98.0322265625,857,77.5900195,12.9956501
1766295606149206300,522.1332062988281,1.3318965435028076,0.04460368677973747,1.905714750289917,3.7899999618530273,2.1527445316314697,94.02324676513672,857,77.5900435,12.9956484
1766295607149206500,523.1332065429688,1.9221320152282715,0.0459853820502758,1.9157147407531738,3.7899999618530273,1.532036542892456,91.01766204833984,857,77.5900598,12.9956481
1766295608149206500,524.1332065429688,1.4931364059448242,0.06253314018249512,1.9257147312164307,3.7899999618530273,2.682279586791992,105.92870330810547,857,77.5900777,12.9956456
1766295609149206800,525.1332067871094,2.4639179706573486,0.11913876980543137,1.9357147216796875,3.7899999618530273,3.0940184593200684,128.51864624023438,857,77.5901004,12.9956323
1766295610149206500,526.1332065429688,13.387983322143555,0.5520409941673279,1.9457147121429443,3.7899999618530273,2.8092286586761475,127.64250946044922,857,77.5901202,12.9956147
1766295611149206500,527.1332065429688,10.315850257873535,0.5008168816566467,1.9557147026062012,3.7899999618530273,0.820589005947113,129.36834716796875,857,77.5901289,12.9956071
1766295612149206500,528.1332065429688,33.353614807128906,1.2345521450042725,1.965714693069458,3.7899999618530273,1.121951699256897,127.70680236816406,857,77.5901345,12.995601
1766295613149206800,529.1332067871094,29.68330192565918,1.013918161392212,1.9757146835327148,3.7899999618530273,1.4168126583099365,113.60003662109375,857,77.5901476,12.995595
1766295614149206500,530.1332065429688,40.15392303466797,1.2114163637161255,1.9857146739959717,3.7899999618530273,1.5426075458526611,101.32073211669922,857,77.590165,12.9955922
1766295615149206500,531.1332065429688,27.03041648864746,0.9998188614845276,1.995714783668518,3.7899999618530273,1.9247123003005981,89.80018615722656,857,77.5901866,12.9955927
1766295616149206500,532.1332065429688,23.57199478149414,1.0004503726959229,2.0057146549224854,3.7899999618530273,2.0420114994049072,76.01447296142578,857,77.5902078,12.9955977
1766295617149206800,533.1332067871094,30.519590377807617,1.1091508865356445,2.015714645385742,3.7899999618530273,1.804903268814087,54.08102798461914,857,77.5902224,12.9956084
1766295618149206800,534.1332067871094,21.002344131469727,1.0200966596603394,2.025714635848999,3.7899999618530273,2.619999885559082,1,857,77.5902233,12.9956326
1766295619149206800,535.1332067871094,10.698410034179688,0.9615100026130676,2.035714626312256,3.7899999618530273,4.010000228881836,348,857,77.5902172,12.9956702
1766295620149206800,536.1332067871094,9.51093578338623,0.9724307656288147,7.662197589874268,3.7899999618530273,4.409999847412109,343,857.2999877929688,77.5902037,12.9957109
1766295621149206300,537.1332062988281,10.431107521057129,1.030487298965454,7.672197341918945,3.7899999618530273,4.840000152587891,321,857.2999877929688,77.5901794,12.9957503
1766295622149206500,538.1332065429688,9.73012638092041,1.0108733177185059,7.682197570800781,3.7899999618530273,4.300000190734863,325,857.2999877929688,77.5901535,12.9957844
1766295623149206500,539.1332065429688,10.893118858337402,1.0767771005630493,7.692197322845459,3.7899999618530273,4.130000114440918,317,857.2999877929688,77.5901294,12.9958152
1766295624149206800,540.1332067871094,10.544695854187012,1.0495527982711792,7.702197551727295,3.7899999618530273,4.400000095367432,326,857.2999877929688,77.5901063,12.9958466
1766295625149206500,541.1332065429688,9.325376510620117,1.2765498161315918,7.712197303771973,3.7899999618530273,4.340000152587891,344,857.2999877929688,77.5900924,12.9958834
1766295626149206300,542.1332062988281,9.476163864135742,1.133563756942749,7.722197532653809,3.7899999618530273,4.820000171661377,7,857.2999877929688,77.590091,12.9959268
1766295627149206500,543.1332065429688,10.279071807861328,1.3157939910888672,7.732197284698486,3.7899999618530273,4.909999847412109,15,857.2999877929688,77.5900957,12.9959718
1766295628149206500,544.1332065429688,8.940441131591797,1.1071429252624512,7.742197513580322,3.7899999618530273,5.590000152587891,23,857.2999877929688,77.5901123,12.9960345
1766295629149206500,545.1332065429688,9.072697639465332,1.2307156324386597,7.752197265625,3.7899999618530273,5.480000019073486,23,857.2999877929688,77.5901337,12.9960775
1766295630149206800,546.1332067871094,7.170802116394043,0.9553582072257996,7.762197494506836,3.7899999618530273,4.989999771118164,27,857.2999877929688,77.5901441,12.9961224
1766295631149206500,547.1332065429688,5.570374965667725,0.9388725161552429,7.772197246551514,3.7899999618530273,5.900000095367432,27,857.2999877929688,77.5901727,12.996173
1766295632149206300,548.1332062988281,4.5790581703186035,1.0361485481262207,7.78219747543335,3.7899999618530273,6.170000076293945,24,857.2999877929688,77.5901979,12.996223
1766295633149206800,549.1332067871094,3.8483240604400635,0.8992220163345337,7.7921977043151855,3.7899999618530273,6.400000095367432,20,857.2999877929688,77.5902153,12.9962801
1766295634149206300,550.1332062988281,3.2174675464630127,0.8806923627853394,7.802197456359863,3.7899999618530273,6.639999866485596,23,857.2999877929688,77.5902359,12.9963368
1766295635149206300,551.1332062988281,3.032302141189575,0.8679254651069641,7.812197685241699,3.7899999618530273,6.940000057220459,21,857.2999877929688,77.5902678,12.9963933
1766295636149206500,552.1332065429688,2.803220510482788,0.8082565069198608,7.822197437286377,3.7899999618530273,6.75,22,857.2999877929688,77.5902874,12.9964489
1766295637149206500,553.1332065429688,2.828423500061035,0.9533390402793884,7.832197666168213,3.7899999618530273,6.670000076293945,28,857.2999877929688,77.5903162,12.9965017
1766295638149206800,554.1332067871094,2.8220643997192383,0.9721676707267761,7.842197418212891,3.7899999618530273,6.349999904632568,34,857.2999877929688,77.5903513,12.9965488
1766295639149206500,555.1332065429688,3.049264430999756,0.913966953754425,7.852197647094727,3.7899999618530273,6.769999980926514,32,857.2999877929688,77.5903844,12.996606
1766295640149206500,556.1332065429688,11.285126686096191,1.2537273168563843,5.861993312835693,3.7899999618530273,7.179999828338623,31,857.2999877929688,77.5904201,12.9966657
1766295641149206500,557.1332065429688,2.8218696117401123,0.8436053991317749,5.871993541717529,3.7899999618530273,7.590000152587891,34,857.2999877929688,77.5904635,12.9967276
1766295642149206800,558.1332067871094,2.7148725986480713,0.8770666122436523,5.881993293762207,3.7899999618530273,7.630000114440918,40,857.2999877929688,77.5905108,12.9967836
1766295643149206500,559.1332065429688,2.8218483924865723,1.2072054147720337,5.891993522644043,3.7899999618530273,7.559999942779541,42,857.2999877929688,77.5905562,12.9968353
1766295644149206500,560.1332065429688,2.9350712299346924,1.5388903617858887,5.901993274688721,3.921999931335449,7.420000076293945,49,857.2999877929688,77.5906071,12.9968801
1766295645149206500,561.1332065429688,2.9278833866119385,1.0613932609558105,5.911993503570557,3.947999954223633,6.900000095367432,52,857.2999877929688,77.5906535,12.9969177
1766295646149206500,562.1332065429688,2.6176509857177734,0.8007172346115112,5.921993255615234,3.921999931335449,7.150000095367432,50,857.2999877929688,77.5907131,12.9969698
1766295647149206500,563.1332065429688,2.5592453479766846,0.8305930495262146,5.93199348449707,3.921999931335449,7.130000114440918,48,857.2999877929688,77.5907676,12.9970134
1766295648149206300,564.1332062988281,2.3640732765197754,0.827911376953125,5.941993236541748,3.921999931335449,7.300000190734863,48,857.2999877929688,77.590819,12.9970547
1766295649149206300,565.1332062988281,2.2400684356689453,0.7774532437324524,5.951993465423584,3.921999931335449,7.420000076293945,45,857.2999877929688,77.5908676,12.9971037
1766295650149206500,566.1332065429688,2.013709306716919,0.8306639790534973,5.961993217468262,3.7899999618530273,6.739999771118164,45,857.2999877929688,77.5909118,12.9971461
1766295651149206800,567.1332067871094,2.0613913536071777,0.8374074101448059,5.971993446350098,3.7899999618530273,5.039999961853027,48,857.2999877929688,77.5909452,12.9971761
1766295652149206300,568.1332062988281,2.0942461490631104,0.7651024460792542,5.981993198394775,3.7899999618530273,5.010000228881836,51,857.2999877929688,77.5909812,12.9972072
1766295653149206300,569.1332062988281,1.9795892238616943,0.8018359541893005,5.991993427276611,3.7899999618530273,5.440000057220459,48,857.2999877929688,77.5910203,12.9972382
1766295654149206500,570.1332065429688,1.9781653881072998,0.7941808700561523,6.001993179321289,3.7899999618530273,4.96999979019165,51,857.2999877929688,77.5910528,12.9972657
1766295655149206500,571.1332065429688,2.025554656982422,0.7973783612251282,6.011993408203125,3.7899999618530273,5.099999904632568,45,857.2999877929688,77.591084,12.9972964
1766295656149206500,572.1332065429688,2.0825910568237305,0.8106870055198669,6.021993637084961,3.7899999618530273,5.369999885559082,51,857.2999877929688,77.5911255,12.9973264
1766295657149206800,573.1332067871094,2.0377230644226074,0.7472447156906128,6.031993389129639,3.7899999618530273,5.340000152587891,51,857.2999877929688,77.5911643,12.9973564
1766295658149206800,574.1332067871094,1.941473364830017,0.8439562320709229,6.041993618011475,3.7899999618530273,5.71999979019165,47,857.2999877929688,77.5912044,12.9973913
1766295659149206500,575.1332065429688,1.9585684537887573,0.7980324029922485,6.051993370056152,3.7899999618530273,6.480000019073486,43,857.2999877929688,77.5912455,12.9974352
1766295660149206500,576.1332065429688,1.866852045059204,0.7600116729736328,6.061993598937988,3.7899999618530273,7.190000057220459,44,857.2999877929688,77.5912928,12.9974801
1766295661149206800,577.1332067871094,1.4959455728530884,0.7456670999526978,3.410764455795288,3.7899999618530273,7.670000076293945,45,857.2999877929688,77.591344,12.9975278
1766295662149206500,578.1332065429688,1.4242396354675293,0.7765695452690125,3.420764446258545,3.7899999618530273,8.029999732971191,43,857.2999877929688,77.5913954,12.9975794
1766295663149206300,579.1332062988281,1.3334739208221436,0.7456528544425964,3.4307644367218018,3.7899999618530273,8.029999732971191,44,857.2999877929688,77.59145,12.9976312
1766295664149206500,580.1332065429688,1.2820695638656616,0.7789679765701294,3.4407644271850586,3.7899999618530273,7.739999771118164,41,857.2999877929688,77.5914993,12.9976824
1766295665149206300,581.1332062988281,1.2409495115280151,0.7573592662811279,3.4507644176483154,3.7899999618530273,7.579999923706055,42,857.2999877929688,77.5915475,12.9977325
1766295666149206500,582.1332065429688,1.2027232646942139,0.7882443070411682,3.4607644081115723,3.7899999618530273,7.389999866485596,42,857.2999877929688,77.5915928,12.9977816
1766295667149206500,583.1332065429688,1.2107518911361694,0.7535507678985596,3.470764636993408,3.7899999618530273,7.150000095367432,40,857.2999877929688,77.5916359,12.9978295
1766295668149206500,584.1332065429688,1.2081555128097534,0.7868251800537109,3.480764627456665,3.7899999618530273,6.880000114440918,36,857.2999877929688,77.5916757,12.9978792
1766295669149206500,585.1332065429688,1.254189133644104,0.8053065538406372,3.490764617919922,3.7899999618530273,6.590000152587891,35,857.2999877929688,77.5917121,12.9979273
1766295670149207000,586.13320703125,1.329655408859253,0.925152063369751,3.5007646083831787,3.7899999618530273,6.03000020980835,49,857.2999877929688,77.5917523,12.9979659
1766295671149206500,587.1332065429688,1.4208261966705322,0.9769441485404968,3.5107645988464355,3.7899999618530273,3.9700000286102295,80,857.2999877929688,77.5917848,12.9979772
1766295672149206800,588.1332067871094,1.5123791694641113,0.9617916941642761,3.5207645893096924,3.7899999618530273,3.5199999809265137,112,857.2999877929688,77.5918162,12.9979715
1766295673149206500,589.1332065429688,1.6057510375976562,0.9203882813453674,3.530764579772949,3.7899999618530273,3.740000009536743,107,857.2999877929688,77.5918486,12.9979625
1766295674149206500,590.1332065429688,1.7059853076934814,0.976158857345581,3.540764570236206,3.7899999618530273,3.2899999618530273,133,857.2999877929688,77.5918731,12.9979454
1766295675149206500,591.1332065429688,6.301670074462891,0.9317503571510315,5.2109904289245605,3.7899999618530273,3,141,857.2999877929688,77.5918879,12.9979237
1766295676149206800,592.1332067871094,1.9095183610916138,0.9300106763839722,5.220990180969238,3.7899999618530273,2.5899999141693115,154,857.2999877929688,77.5918993,12.9979038
1766295677149206500,593.1332065429688,2.0124707221984863,0.9500020146369934,5.230990409851074,3.7899999618530273,3.390000104904175,138,857.2999877929688,77.5919164,12.9978788
1766295678149206500,594.1332065429688,2.118178606033325,0.9468011260032654,5.240990161895752,3.7899999618530273,3.619999885559082,146,857.2999877929688,77.5919365,12.9978522
1766295679149207000,595.13320703125,2.2268729209899902,0.9343318343162537,5.250990390777588,3.7899999618530273,3.809999942779541,130,857.2999877929688,77.591961,12.9978264
1766295680149206500,596.1332065429688,2.3396737575531006,0.9700376987457275,5.260990142822266,3.7899999618530273,3.509999990463257,123,857.2999877929688,77.5919863,12.9978043
1766295681149206300,597.1332062988281,2.4598376750946045,1.3195526599884033,4.921538352966309,3.7899999618530273,2.259999990463257,74,857.2999877929688,77.5920074,12.9978029
1766295682149206500,598.1332065429688,2.580841302871704,0.9827095866203308,4.931538105010986,3.7899999618530273,1.2899999618530273,25,857.2999877929688,77.5920136,12.9978128
1766295683149206500,599.1332065429688,76.04660034179688,1.0000810623168945,4.941538333892822,3.7899999618530273,0.5099999904632568,29,857.2999877929688,77.5920143,12.99782
1766295684149207000,600.13320703125,4.1438398361206055,0.9297203421592712,4.9515380859375,3.7899999618530273,0.4099999964237213,221,857.2999877929688,77.5920124,12.9978214
1766295685149206500,601.1332065429688,4.683902740478516,0.7283927798271179,4.961538314819336,3.7899999618530273,0.28999999165534973,221,857.2999877929688,77.592009,12.9978185
1766295686149206800,602.1332067871094,5.150508403778076,0.7281674146652222,4.971538066864014,3.7899999618530273,0.25999999046325684,221,857.2999877929688,77.5920079,12.997816
1766295687149206500,603.1332065429688,0,0.07251694798469543,4.4047040939331055,3.7899999618530273,0,0,857.2999877929688,77.5920073,12.9978139
1766295688149206800,604.1332067871094,9.108470916748047,0.7288272976875305,4.414703845977783,3.7899999618530273,0.8299999833106995,221,857.2999877929688,77.5920123,12.9978175
1766295689149206800,605.1332067871094,0,0.07066813856363297,4.424704074859619,3.7899999618530273,0,0,857.2999877929688,77.5920132,12.9978165
1766295690149206800,606.1332067871094,8.325383186340332,0.7289960384368896,4.434703826904297,3.7899999618530273,0.2199999988079071,221,857.2999877929688,77.592013,12.9978173
1766295691149206500,607.1332065429688,0,0.0706925094127655,4.444704055786133,3.7899999618530273,0,0,857.2999877929688,77.592009,12.9978168
1766295692149206500,608.1332065429688,0,0.0706949532032013,4.4547038078308105,3.7899999618530273,0,0,857.2999877929688,77.5920071,12.9978166
1766295693149206500,609.1332065429688,0,0.0706956535577774,4.4647040367126465,3.7899999618530273,0,0,857.2999877929688,77.5920075,12.9978164
1766295694149206500,610.1332065429688,0,0.07069835811853409,4.412434101104736,3.7899999618530273,0,0,857.2999877929688,77.5920075,12.9978146
1766295695149206500,611.1332065429688,0,0.07069579511880875,4.422433853149414,3.7899999618530273,0,0,857.2999877929688,77.592007,12.9978121
1766295696149206500,612.1332065429688,0,0.07069529592990875,4.43243408203125,3.7899999618530273,0,0,857.2999877929688,77.5920073,12.997811
1766295697149206500,613.1332065429688,0,0.07069364935159683,4.928668022155762,3.7899999618530273,0,0,857.2999877929688,77.5920083,12.9978109
1766295698149206300,614.1332062988281,0,0.07069651782512665,4.938668251037598,3.7899999618530273,0,0,857.2999877929688,77.5920094,12.9978107
1766295699149206500,615.1332065429688,0,0.07069963216781616,4.948668003082275,3.7899999618530273,0,0,857.2999877929688,77.5920091,12.9978109
1766295700149206500,616.1332065429688,0,0.07069563120603561,4.958668231964111,3.7899999618530273,0,0,857.2999877929688,77.5920083,12.9978109
