time,seconds_elapsed,batteryLevel,batteryState,lowPowerMode
1769154248337000000,0,0.75,unplugged,false
1769154249339000000,1.002,0.75,unplugged,false
1769154250338000000,2.000999755859375,0.75,unplugged,false
1769154251339000000,3.002,0.75,unplugged,false
1769154252340000000,4.003,0.75,unplugged,false
1769154253341000000,5.004,0.75,unplugged,false
1769154254342000000,6.005000244140625,0.75,unplugged,false
1769154255341000000,7.004,0.75,unplugged,false
1769154256341000000,8.004,0.75,unplugged,false
1769154257342000000,9.005000244140625,0.75,unplugged,false
1769154258343000000,10.006,0.75,unplugged,false
1769154259345000000,11.008,0.75,unplugged,false
1769154260344000000,12.007,0.75,unplugged,false
1769154261344000000,13.007,0.75,unplugged,false
1769154262345000000,14.008,0.75,unplugged,false
1769154263345000000,15.008,0.75,unplugged,false
1769154264345000000,16.008,0.75,unplugged,false
1769154265345000000,17.008,0.75,unplugged,false
1769154266353000000,18.016,0.75,unplugged,false
1769154267354000000,19.016999755859374,0.75,unplugged,false
1769154268354000000,20.016999755859374,0.75,unplugged,false
1769154269356000000,21.019,0.75,unplugged,false
1769154270356000000,22.019,0.75,unplugged,false
1769154271357000000,23.02,0.75,unplugged,false
1769154272358000000,24.021000244140627,0.75,unplugged,false
1769154273358000000,25.021000244140627,0.75,unplugged,false
1769154274363000000,26.026,0.75,unplugged,false
1769154275378000000,27.040999755859374,0.75,unplugged,false
1769154276365000000,28.028,0.75,unplugged,false
1769154277366000000,29.029000244140626,0.75,unplugged,false
1769154278367000000,30.03,0.75,unplugged,false
1769154279368000000,31.031,0.75,unplugged,false
1769154280370000000,32.03299975585937,0.75,unplugged,false
1769154281369000000,33.032,0.75,unplugged,false
1769154282371000000,34.034,0.75,unplugged,false
1769154283371000000,35.034,0.75,unplugged,false
1769154284372000000,36.035,0.75,unplugged,false
1769154285373000000,37.036,0.75,unplugged,false
1769154286373000000,38.036,0.75,unplugged,false
1769154287374000000,39.03700024414063,0.75,unplugged,false
1769154288375000000,40.038,0.75,unplugged,false
1769154289375000000,41.038,0.75,unplugged,false
1769154290375000000,42.038,0.75,unplugged,false
1769154291376000000,43.039,0.75,unplugged,false
1769154292376000000,44.039,0.75,unplugged,false
1769154293376000000,45.039,0.75,unplugged,false
1769154294378000000,46.040999755859374,0.75,unplugged,false
1769154295379000000,47.042,0.75,unplugged,false
1769154296379000000,48.042,0.75,unplugged,false
1769154297379000000,49.042,0.75,unplugged,false
1769154298381000000,50.044,0.75,unplugged,false
1769154299381000000,51.044,0.75,unplugged,false
1769154300382000000,52.045000244140624,0.75,unplugged,false
1769154301383000000,53.046,0.75,unplugged,false
1769154302384000000,54.047,0.75,unplugged,false
1769154303385000000,55.048,0.75,unplugged,false
1769154304386000000,56.04899975585938,0.75,unplugged,false
1769154305385000000,57.048,0.75,unplugged,false
1769154306386000000,58.04899975585938,0.75,unplugged,false
1769154307387000000,59.05,0.75,unplugged,false
1769154308389000000,60.052,0.75,unplugged,false
1769154309389000000,61.052,0.75,unplugged,false
1769154310391000000,62.054,0.75,unplugged,false
1769154311392000000,63.055,0.75,unplugged,false
1769154312393000000,64.056,0.75,unplugged,false
1769154313394000000,65.05699975585938,0.75,unplugged,false
1769154314395000000,66.058,0.75,unplugged,false
1769154315395000000,67.058,0.75,unplugged,false
1769154316398000000,68.06100024414063,0.7400000095367432,unplugged,false
1769154317398000000,69.06100024414063,0.7400000095367432,unplugged,false
1769154318399000000,70.062,0.7400000095367432,unplugged,false
1769154319398000000,71.06100024414063,0.7400000095367432,unplugged,false
1769154320399000000,72.062,0.7400000095367432,unplugged,false
1769154321400000000,73.063,0.7400000095367432,unplugged,false
1769154322399000000,74.062,0.7400000095367432,unplugged,false
1769154323402000000,75.06499975585938,0.7400000095367432,unplugged,false
1769154324401000000,76.064,0.7400000095367432,unplugged,false
1769154325402000000,77.06499975585938,0.7400000095367432,unplugged,false
1769154326402000000,78.06499975585938,0.7400000095367432,unplugged,false
1769154327404000000,79.067,0.7400000095367432,unplugged,false
1769154328402000000,80.06499975585938,0.7400000095367432,unplugged,false
1769154329403000000,81.066,0.7400000095367432,unplugged,false
1769154330403000000,82.066,0.7400000095367432,unplugged,false
1769154331404000000,83.067,0.7400000095367432,unplugged,false
1769154332405000000,84.068,0.7400000095367432,unplugged,false
1769154333407000000,85.07,0.7400000095367432,unplugged,false
1769154334407000000,86.07,0.7400000095367432,unplugged,false
1769154335408000000,87.071,0.7400000095367432,unplugged,false
1769154336408000000,88.071,0.7400000095367432,unplugged,false
1769154337409000000,89.072,0.7400000095367432,unplugged,false
1769154338410000000,90.07299975585937,0.7400000095367432,unplugged,false
1769154339411000000,91.074,0.7400000095367432,unplugged,false
1769154340412000000,92.075,0.7400000095367432,unplugged,false
1769154341413000000,93.076,0.7400000095367432,unplugged,false
1769154342434000000,94.09699975585937,0.7400000095367432,unplugged,false
1769154343415000000,95.078,0.7400000095367432,unplugged,false
1769154344417000000,96.08,0.7400000095367432,unplugged,false
1769154345417000000,97.08,0.7400000095367432,unplugged,false
1769154346418000000,98.08099975585938,0.7400000095367432,unplugged,false
1769154347420000000,99.083,0.7400000095367432,unplugged,false
1769154348420000000,100.083,0.7400000095367432,unplugged,false
1769154349419000000,101.082,0.7400000095367432,unplugged,false
1769154350420000000,102.083,0.7400000095367432,unplugged,false
1769154351420000000,103.083,0.7400000095367432,unplugged,false
1769154352421000000,104.084,0.7400000095367432,unplugged,false
1769154353421000000,105.084,0.7400000095367432,unplugged,false
1769154354422000000,106.08500024414063,0.7400000095367432,unplugged,false
1769154355424000000,107.087,0.7400000095367432,unplugged,false
1769154356424000000,108.087,0.7400000095367432,unplugged,false
1769154357425000000,109.088,0.7400000095367432,unplugged,false
1769154358427000000,110.09,0.7400000095367432,unplugged,false
1769154359427000000,111.09,0.7400000095367432,unplugged,false
1769154360426000000,112.08899975585938,0.7400000095367432,unplugged,false
1769154361426000000,113.08899975585938,0.7400000095367432,unplugged,false
1769154362427000000,114.09,0.7400000095367432,unplugged,false
1769154363427000000,115.09,0.7400000095367432,unplugged,false
1769154364429000000,116.092,0.7400000095367432,unplugged,false
1769154365428000000,117.091,0.7400000095367432,unplugged,false
1769154366429000000,118.092,0.7400000095367432,unplugged,false
1769154367430000000,119.09300024414063,0.7400000095367432,unplugged,false
1769154368431000000,120.094,0.7400000095367432,unplugged,false
1769154369435000000,121.098,0.7400000095367432,unplugged,false
1769154370436000000,122.099,0.7400000095367432,unplugged,false
1769154371437000000,123.1,0.7400000095367432,unplugged,false
1769154372440000000,124.103,0.7400000095367432,unplugged,false
1769154373441000000,125.104,0.7400000095367432,unplugged,false
1769154374442000000,126.10499975585938,0.7400000095367432,unplugged,false
1769154375444000000,127.107,0.7400000095367432,unplugged,false
1769154376444000000,128.107,0.7400000095367432,unplugged,false
1769154377444000000,129.107,0.7400000095367432,unplugged,false
1769154378445000000,130.108,0.7400000095367432,unplugged,false
1769154379459000000,131.122,0.7400000095367432,unplugged,false
1769154380453000000,132.116,0.7400000095367432,unplugged,false
1769154381455000000,133.118,0.7400000095367432,unplugged,false
1769154382457000000,134.12,0.7400000095367432,unplugged,false
1769154383457000000,135.12,0.7400000095367432,unplugged,false
1769154384458000000,136.12099975585937,0.7400000095367432,unplugged,false
1769154385458000000,137.12099975585937,0.7400000095367432,unplugged,false
1769154386459000000,138.122,0.7400000095367432,unplugged,false
1769154387459000000,139.122,0.7400000095367432,unplugged,false
1769154388459000000,140.122,0.7400000095367432,unplugged,false
1769154389460000000,141.123,0.7400000095367432,unplugged,false
1769154390460000000,142.123,0.7400000095367432,unplugged,false
1769154391461000000,143.124,0.7400000095367432,unplugged,false
1769154392461000000,144.124,0.7400000095367432,unplugged,false
1769154393462000000,145.12500024414064,0.7400000095367432,unplugged,false
1769154394462000000,146.12500024414064,0.7400000095367432,unplugged,false
1769154395462000000,147.12500024414064,0.7400000095367432,unplugged,false
1769154396463000000,148.126,0.7400000095367432,unplugged,false
1769154397464000000,149.127,0.7400000095367432,unplugged,false
1769154398464000000,150.127,0.7400000095367432,unplugged,false
1769154399465000000,151.128,0.7400000095367432,unplugged,false
1769154400465000000,152.128,0.7400000095367432,unplugged,false
1769154401464000000,153.127,0.7400000095367432,unplugged,false
1769154402465000000,154.128,0.7400000095367432,unplugged,false
1769154403465000000,155.128,0.7400000095367432,unplugged,false
1769154404465000000,156.128,0.7400000095367432,unplugged,false
1769154405466000000,157.12899975585938,0.7400000095367432,unplugged,false
1769154406469000000,158.132,0.7400000095367432,unplugged,false
1769154407470000000,159.13300024414062,0.7400000095367432,unplugged,false
1769154408470000000,160.13300024414062,0.7400000095367432,unplugged,false
1769154409471000000,161.134,0.7400000095367432,unplugged,false
1769154410472000000,162.135,0.7400000095367432,unplugged,false
1769154411472000000,163.135,0.7400000095367432,unplugged,false
1769154412475000000,164.138,0.7400000095367432,unplugged,false
1769154413474000000,165.13699975585936,0.7400000095367432,unplugged,false
1769154414475000000,166.138,0.7400000095367432,unplugged,false
1769154415477000000,167.14,0.7400000095367432,unplugged,false
1769154416477000000,168.14,0.7400000095367432,unplugged,false
1769154417479000000,169.142,0.7400000095367432,unplugged,false
1769154418479000000,170.142,0.7400000095367432,unplugged,false
1769154419481000000,171.144,0.7400000095367432,unplugged,false
1769154420481000000,172.144,0.7400000095367432,unplugged,false
1769154421483000000,173.146,0.7400000095367432,unplugged,false
1769154422487000000,174.15,0.7400000095367432,unplugged,false
1769154423483000000,175.146,0.7400000095367432,unplugged,false
1769154424483000000,176.146,0.7400000095367432,unplugged,false
1769154425483000000,177.146,0.7400000095367432,unplugged,false
1769154426484000000,178.147,0.7400000095367432,unplugged,false
1769154427485000000,179.148,0.7400000095367432,unplugged,false
1769154428485000000,180.148,0.7400000095367432,unplugged,false
1769154429486000000,181.14900024414064,0.7400000095367432,unplugged,false
1769154430487000000,182.15,0.7400000095367432,unplugged,false
1769154431487000000,183.15,0.7400000095367432,unplugged,false
1769154432488000000,184.151,0.7400000095367432,unplugged,false
1769154433487000000,185.15,0.7400000095367432,unplugged,false
1769154434488000000,186.151,0.7400000095367432,unplugged,false
1769154435488000000,187.151,0.7400000095367432,unplugged,false
1769154436488000000,188.151,0.7400000095367432,unplugged,false
1769154437489000000,189.152,0.7400000095367432,unplugged,false
1769154438491000000,190.154,0.7400000095367432,unplugged,false
1769154439491000000,191.154,0.7400000095367432,unplugged,false
1769154440492000000,192.155,0.7400000095367432,unplugged,false
1769154441491000000,193.154,0.7400000095367432,unplugged,false
1769154442492000000,194.155,0.7400000095367432,unplugged,false
1769154443492000000,195.155,0.7400000095367432,unplugged,false
1769154444494000000,196.15700024414062,0.7400000095367432,unplugged,false
1769154445492000000,197.155,0.7400000095367432,unplugged,false
1769154446494000000,198.15700024414062,0.7400000095367432,unplugged,false
1769154447493000000,199.156,0.7400000095367432,unplugged,false
1769154448494000000,200.15700024414062,0.7400000095367432,unplugged,false
1769154449496000000,201.159,0.7400000095367432,unplugged,false
1769154450495000000,202.158,0.7400000095367432,unplugged,false
1769154451496000000,203.159,0.7400000095367432,unplugged,false
1769154452497000000,204.16,0.7400000095367432,unplugged,false
1769154453498000000,205.16099975585936,0.7400000095367432,unplugged,false
1769154454498000000,206.16099975585936,0.7400000095367432,unplugged,false
1769154455500000000,207.163,0.7400000095367432,unplugged,false
1769154456500000000,208.163,0.7400000095367432,unplugged,false
1769154457501000000,209.164,0.7400000095367432,unplugged,false
1769154458502000000,210.16500024414063,0.7400000095367432,unplugged,false
1769154459503000000,211.166,0.7400000095367432,unplugged,false
1769154460504000000,212.167,0.7400000095367432,unplugged,false
1769154461504000000,213.167,0.7400000095367432,unplugged,false
1769154462503000000,214.166,0.7400000095367432,unplugged,false
1769154463504000000,215.167,0.7400000095367432,unplugged,false
1769154464505000000,216.168,0.7400000095367432,unplugged,false
1769154465505000000,217.168,0.7400000095367432,unplugged,false
1769154466506000000,218.16899975585937,0.7400000095367432,unplugged,false
1769154467507000000,219.17,0.7400000095367432,unplugged,false
1769154468507000000,220.17,0.7400000095367432,unplugged,false
1769154469508000000,221.171,0.7400000095367432,unplugged,false
1769154470509000000,222.172,0.7400000095367432,unplugged,false
1769154471510000000,223.17300024414064,0.7400000095367432,unplugged,false
1769154472510000000,224.17300024414064,0.7400000095367432,unplugged,false
1769154473511000000,225.174,0.7400000095367432,unplugged,false
1769154474512000000,226.175,0.7400000095367432,unplugged,false
1769154475512000000,227.175,0.7400000095367432,unplugged,false
1769154476513000000,228.176,0.7400000095367432,unplugged,false
1769154477514000000,229.17699975585938,0.7400000095367432,unplugged,false
1769154478514000000,230.17699975585938,0.7400000095367432,unplugged,false
1769154479515000000,231.178,0.7400000095367432,unplugged,false
1769154480516000000,232.179,0.7400000095367432,unplugged,false
1769154481517000000,233.18,0.7400000095367432,unplugged,false
1769154482517000000,234.18,0.7400000095367432,unplugged,false
1769154483518000000,235.18100024414062,0.7400000095367432,unplugged,false
1769154484518000000,236.18100024414062,0.7400000095367432,unplugged,false
1769154485518000000,237.18100024414062,0.7400000095367432,unplugged,false
1769154486519000000,238.182,0.7400000095367432,unplugged,false
1769154487519000000,239.182,0.7400000095367432,unplugged,false
1769154488520000000,240.183,0.7400000095367432,unplugged,false
1769154489520000000,241.183,0.7400000095367432,unplugged,false
1769154490520000000,242.183,0.7400000095367432,unplugged,false
1769154491521000000,243.184,0.7400000095367432,unplugged,false
1769154492521000000,244.184,0.7400000095367432,unplugged,false
1769154493520000000,245.183,0.7400000095367432,unplugged,false
1769154494521000000,246.184,0.7400000095367432,unplugged,false
1769154495524000000,247.187,0.7400000095367432,unplugged,false
1769154496523000000,248.186,0.7400000095367432,unplugged,false
1769154497524000000,249.187,0.7400000095367432,unplugged,false
1769154498525000000,250.188,0.7400000095367432,unplugged,false
1769154499526000000,251.18900024414063,0.7400000095367432,unplugged,false
1769154500527000000,252.19,0.7400000095367432,unplugged,false
1769154501528000000,253.191,0.7400000095367432,unplugged,false
1769154502528000000,254.191,0.7400000095367432,unplugged,false
1769154503528000000,255.191,0.7400000095367432,unplugged,false
1769154504528000000,256.191,0.7400000095367432,unplugged,false
1769154505529000000,257.192,0.7400000095367432,unplugged,false
1769154506529000000,258.192,0.7400000095367432,unplugged,false
1769154507531000000,259.194,0.7400000095367432,unplugged,false
1769154508532000000,260.195,0.7400000095367432,unplugged,false
1769154509533000000,261.196,0.7400000095367432,unplugged,false
1769154510533000000,262.196,0.7400000095367432,unplugged,false
1769154511532000000,263.195,0.7400000095367432,unplugged,false
1769154512532000000,264.195,0.7400000095367432,unplugged,false
1769154513550000000,265.21300024414063,0.7400000095367432,unplugged,false
1769154514533000000,266.196,0.7400000095367432,unplugged,false
1769154515534000000,267.1970002441406,0.7400000095367432,unplugged,false
1769154516535000000,268.198,0.7400000095367432,unplugged,false
1769154517536000000,269.199,0.7400000095367432,unplugged,false
1769154518536000000,270.199,0.7400000095367432,unplugged,false
1769154519537000000,271.2,0.7400000095367432,unplugged,false
1769154520538000000,272.20099975585936,0.7400000095367432,unplugged,false
1769154521539000000,273.202,0.7400000095367432,unplugged,false
1769154522540000000,274.203,0.7400000095367432,unplugged,false
1769154523539000000,275.202,0.7400000095367432,unplugged,false
1769154524540000000,276.203,0.7400000095367432,unplugged,false
1769154525540000000,277.203,0.7400000095367432,unplugged,false
1769154526542000000,278.20500024414065,0.7400000095367432,unplugged,false
1769154527541000000,279.204,0.7400000095367432,unplugged,false
1769154528543000000,280.206,0.7400000095367432,unplugged,false
1769154529543000000,281.206,0.7400000095367432,unplugged,false
1769154530544000000,282.207,0.7400000095367432,unplugged,false
1769154531544000000,283.207,0.7400000095367432,unplugged,false
1769154532544000000,284.207,0.7400000095367432,unplugged,false
1769154533544000000,285.207,0.7400000095367432,unplugged,false
1769154534544000000,286.207,0.7400000095367432,unplugged,false
1769154535544000000,287.207,0.7400000095367432,unplugged,false
1769154536556000000,288.219,0.7400000095367432,unplugged,false
1769154537547000000,289.21,0.7400000095367432,unplugged,false
1769154538547000000,290.21,0.7400000095367432,unplugged,false
1769154539549000000,291.212,0.7400000095367432,unplugged,false
1769154540550000000,292.21300024414063,0.7400000095367432,unplugged,false
1769154541550000000,293.21300024414063,0.7400000095367432,unplugged,false
1769154542552000000,294.215,0.7400000095367432,unplugged,false
1769154543554000000,295.2169997558594,0.7400000095367432,unplugged,false
1769154544554000000,296.2169997558594,0.7400000095367432,unplugged,false
1769154545557000000,297.22,0.7400000095367432,unplugged,false
1769154546561000000,298.224,0.7400000095367432,unplugged,false
1769154547561000000,299.224,0.7400000095367432,unplugged,false
1769154548561000000,300.224,0.7400000095367432,unplugged,false
1769154549570000000,301.2329997558594,0.7400000095367432,unplugged,false
1769154550570000000,302.2329997558594,0.7400000095367432,unplugged,false
1769154551570000000,303.2329997558594,0.7400000095367432,unplugged,false
1769154552571000000,304.234,0.7400000095367432,unplugged,false
1769154553572000000,305.235,0.7400000095367432,unplugged,false
1769154554573000000,306.236,0.7400000095367432,unplugged,false
1769154555575000000,307.238,0.7400000095367432,unplugged,false
1769154556576000000,308.239,0.7400000095367432,unplugged,false
1769154557576000000,309.239,0.7400000095367432,unplugged,false
1769154558576000000,310.239,0.7400000095367432,unplugged,false
1769154559576000000,311.239,0.7400000095367432,unplugged,false
1769154560577000000,312.24,0.7400000095367432,unplugged,false
1769154561576000000,313.239,0.7400000095367432,unplugged,false
1769154562576000000,314.239,0.7400000095367432,unplugged,false
1769154563577000000,315.24,0.7400000095367432,unplugged,false
1769154564578000000,316.2409997558594,0.7400000095367432,unplugged,false
1769154565578000000,317.2409997558594,0.7400000095367432,unplugged,false
1769154566579000000,318.242,0.7400000095367432,unplugged,false
1769154567580000000,319.243,0.7400000095367432,unplugged,false
1769154568581000000,320.244,0.7400000095367432,unplugged,false
1769154569583000000,321.246,0.7400000095367432,unplugged,false
1769154570584000000,322.247,0.7400000095367432,unplugged,false
1769154571584000000,323.247,0.7400000095367432,unplugged,false
1769154572585000000,324.248,0.7400000095367432,unplugged,false
1769154573586000000,325.24899975585936,0.7400000095367432,unplugged,false
1769154574593000000,326.256,0.7400000095367432,unplugged,false
1769154575593000000,327.256,0.7400000095367432,unplugged,false
1769154576594000000,328.2569997558594,0.7400000095367432,unplugged,false
1769154577593000000,329.256,0.7400000095367432,unplugged,false
1769154578594000000,330.2569997558594,0.7400000095367432,unplugged,false
1769154579594000000,331.2569997558594,0.7400000095367432,unplugged,false
1769154580595000000,332.258,0.7400000095367432,unplugged,false
1769154581595000000,333.258,0.7400000095367432,unplugged,false
1769154582596000000,334.259,0.7400000095367432,unplugged,false
1769154583596000000,335.259,0.7400000095367432,unplugged,false
1769154584596000000,336.259,0.7400000095367432,unplugged,false
1769154585597000000,337.26,0.7400000095367432,unplugged,false
1769154586596000000,338.259,0.7400000095367432,unplugged,false
1769154587598000000,339.26100024414063,0.7400000095367432,unplugged,false
1769154588598000000,340.26100024414063,0.7300000190734863,unplugged,false
1769154589598000000,341.26100024414063,0.7300000190734863,unplugged,false
1769154590599000000,342.262,0.7300000190734863,unplugged,false
1769154591599000000,343.262,0.7300000190734863,unplugged,false
1769154592600000000,344.263,0.7300000190734863,unplugged,false
1769154593600000000,345.263,0.7300000190734863,unplugged,false
1769154594599000000,346.262,0.7300000190734863,unplugged,false
1769154595599000000,347.262,0.7300000190734863,unplugged,false
1769154596600000000,348.263,0.7300000190734863,unplugged,false
1769154597602000000,349.2649997558594,0.7300000190734863,unplugged,false
1769154598603000000,350.266,0.7300000190734863,unplugged,false
1769154599603000000,351.266,0.7300000190734863,unplugged,false
1769154600604000000,352.267,0.7300000190734863,unplugged,false
1769154601606000000,353.2690002441406,0.7300000190734863,unplugged,false
1769154602607000000,354.27,0.7300000190734863,unplugged,false
1769154603608000000,355.271,0.7300000190734863,unplugged,false
1769154604609000000,356.272,0.7300000190734863,unplugged,false
1769154605610000000,357.27299975585936,0.7300000190734863,unplugged,false
1769154606611000000,358.274,0.7300000190734863,unplugged,false
1769154607611000000,359.274,0.7300000190734863,unplugged,false
1769154608612000000,360.275,0.7300000190734863,unplugged,false
1769154609613000000,361.276,0.7300000190734863,unplugged,false
1769154610615000000,362.278,0.7300000190734863,unplugged,false
1769154611615000000,363.278,0.7300000190734863,unplugged,false
1769154612616000000,364.279,0.7300000190734863,unplugged,false
1769154613616000000,365.279,0.7300000190734863,unplugged,false
1769154614618000000,366.2809997558594,0.7300000190734863,unplugged,false
1769154615619000000,367.282,0.7300000190734863,unplugged,false
1769154616620000000,368.283,0.7300000190734863,unplugged,false
1769154617622000000,369.28500024414063,0.7300000190734863,unplugged,false
1769154618619000000,370.282,0.7300000190734863,unplugged,false
1769154619620000000,371.283,0.7300000190734863,unplugged,false
1769154620620000000,372.283,0.7300000190734863,unplugged,false
1769154621623000000,373.286,0.7300000190734863,unplugged,false
1769154622623000000,374.286,0.7300000190734863,unplugged,false
1769154623626000000,375.2889997558594,0.7300000190734863,unplugged,false
1769154624626000000,376.2889997558594,0.7300000190734863,unplugged,false
1769154625625000000,377.288,0.7300000190734863,unplugged,false
1769154626626000000,378.2889997558594,0.7300000190734863,unplugged,false
1769154627627000000,379.29,0.7300000190734863,unplugged,false
1769154628628000000,380.291,0.7300000190734863,unplugged,false
1769154629629000000,381.292,0.7300000190734863,unplugged,false
1769154630630000000,382.2930002441406,0.7300000190734863,unplugged,false
1769154631631000000,383.294,0.7300000190734863,unplugged,false
1769154632631000000,384.294,0.7300000190734863,unplugged,false
1769154633633000000,385.296,0.7300000190734863,unplugged,false
1769154634636000000,386.299,0.7300000190734863,unplugged,false
1769154635633000000,387.296,0.7300000190734863,unplugged,false
1769154636634000000,388.29699975585936,0.7300000190734863,unplugged,false
1769154637637000000,389.3,0.7300000190734863,unplugged,false
1769154638639000000,390.302,0.7300000190734863,unplugged,false
1769154639640000000,391.303,0.7300000190734863,unplugged,false
1769154640640000000,392.303,0.7300000190734863,unplugged,false
1769154641641000000,393.304,0.7300000190734863,unplugged,false
1769154642642000000,394.3049997558594,0.7300000190734863,unplugged,false
1769154643643000000,395.306,0.7300000190734863,unplugged,false
1769154644644000000,396.307,0.7300000190734863,unplugged,false
1769154645645000000,397.308,0.7300000190734863,unplugged,false
1769154646646000000,398.30900024414063,0.7300000190734863,unplugged,false
1769154647647000000,399.31,0.7300000190734863,unplugged,false
1769154648648000000,400.311,0.7300000190734863,unplugged,false
1769154649649000000,401.312,0.7300000190734863,unplugged,false
1769154650648000000,402.311,0.7300000190734863,unplugged,false
1769154651649000000,403.312,0.7300000190734863,unplugged,false
1769154652650000000,404.3129997558594,0.7300000190734863,unplugged,false
1769154653650000000,405.3129997558594,0.7300000190734863,unplugged,false
1769154654650000000,406.3129997558594,0.7300000190734863,unplugged,false
1769154655651000000,407.314,0.7300000190734863,unplugged,false
1769154656652000000,408.315,0.7300000190734863,unplugged,false
1769154657652000000,409.315,0.7300000190734863,unplugged,false
1769154658651000000,410.314,0.7300000190734863,unplugged,false
1769154659652000000,411.315,0.7300000190734863,unplugged,false
1769154660652000000,412.315,0.7300000190734863,unplugged,false
1769154661654000000,413.3170002441406,0.7300000190734863,unplugged,false
1769154662654000000,414.3170002441406,0.7300000190734863,unplugged,false
1769154663660000000,415.323,0.7300000190734863,unplugged,false
1769154664661000000,416.324,0.7300000190734863,unplugged,false
1769154665662000000,417.3250002441406,0.7300000190734863,unplugged,false
1769154666663000000,418.326,0.7300000190734863,unplugged,false
1769154667664000000,419.327,0.7300000190734863,unplugged,false
1769154668664000000,420.327,0.7300000190734863,unplugged,false
1769154669664000000,421.327,0.7300000190734863,unplugged,false
1769154670665000000,422.328,0.7300000190734863,unplugged,false
1769154671665000000,423.328,0.7300000190734863,unplugged,false
1769154672665000000,424.328,0.7300000190734863,unplugged,false
1769154673665000000,425.328,0.7300000190734863,unplugged,false
1769154674666000000,426.3289997558594,0.7300000190734863,unplugged,false
1769154675668000000,427.331,0.7300000190734863,unplugged,false
1769154676667000000,428.33,0.7300000190734863,unplugged,false
1769154677671000000,429.334,0.7300000190734863,unplugged,false
1769154678669000000,430.332,0.7300000190734863,unplugged,false
1769154679670000000,431.33300024414064,0.7300000190734863,unplugged,false
1769154680670000000,432.33300024414064,0.7300000190734863,unplugged,false
1769154681671000000,433.334,0.7300000190734863,unplugged,false
1769154682671000000,434.334,0.7300000190734863,unplugged,false
1769154683672000000,435.335,0.7300000190734863,unplugged,false
1769154684672000000,436.335,0.7300000190734863,unplugged,false
1769154685673000000,437.336,0.7300000190734863,unplugged,false
1769154686673000000,438.336,0.7300000190734863,unplugged,false
1769154687673000000,439.336,0.7300000190734863,unplugged,false
1769154688673000000,440.336,0.7300000190734863,unplugged,false
1769154689674000000,441.3369997558594,0.7300000190734863,unplugged,false
1769154690673000000,442.336,0.7300000190734863,unplugged,false
1769154691674000000,443.3369997558594,0.7300000190734863,unplugged,false
1769154692674000000,444.3369997558594,0.7300000190734863,unplugged,false
1769154693676000000,445.339,0.7300000190734863,unplugged,false
1769154694675000000,446.338,0.7300000190734863,unplugged,false
1769154695676000000,447.339,0.7300000190734863,unplugged,false
1769154696676000000,448.339,0.7300000190734863,unplugged,false
1769154697677000000,449.34,0.7300000190734863,unplugged,false
1769154698678000000,450.3410002441406,0.7300000190734863,unplugged,false
1769154699678000000,451.3410002441406,0.7300000190734863,unplugged,false
1769154700679000000,452.342,0.7300000190734863,unplugged,false
1769154701680000000,453.343,0.7300000190734863,unplugged,false
1769154702688000000,454.351,0.7300000190734863,unplugged,false
1769154703688000000,455.351,0.7300000190734863,unplugged,false
1769154704694000000,456.35700024414064,0.7300000190734863,unplugged,false
1769154705694000000,457.35700024414064,0.7300000190734863,unplugged,false
1769154706695000000,458.358,0.7300000190734863,unplugged,false
1769154707695000000,459.358,0.7300000190734863,unplugged,false
1769154708695000000,460.358,0.7300000190734863,unplugged,false
1769154709696000000,461.359,0.7300000190734863,unplugged,false
1769154710696000000,462.359,0.7300000190734863,unplugged,false
1769154711697000000,463.36,0.7300000190734863,unplugged,false
1769154712699000000,464.362,0.7300000190734863,unplugged,false
1769154713698000000,465.3609997558594,0.7300000190734863,unplugged,false
1769154714700000000,466.363,0.7300000190734863,unplugged,false
1769154715702000000,467.3650002441406,0.7300000190734863,unplugged,false
1769154716701000000,468.364,0.7300000190734863,unplugged,false
1769154717702000000,469.3650002441406,0.7300000190734863,unplugged,false
1769154718702000000,470.3650002441406,0.7300000190734863,unplugged,false
1769154719703000000,471.366,0.7300000190734863,unplugged,false
1769154720703000000,472.366,0.7300000190734863,unplugged,false
1769154721709000000,473.372,0.7300000190734863,unplugged,false
1769154722710000000,474.3730002441406,0.7300000190734863,unplugged,false
1769154723710000000,475.3730002441406,0.7300000190734863,unplugged,false
1769154724711000000,476.374,0.7300000190734863,unplugged,false
1769154725712000000,477.375,0.7300000190734863,unplugged,false
1769154726714000000,478.3769997558594,0.7300000190734863,unplugged,false
1769154727714000000,479.3769997558594,0.7300000190734863,unplugged,false
1769154728718000000,480.38100024414064,0.7300000190734863,unplugged,false
1769154729717000000,481.38,0.7300000190734863,unplugged,false
1769154730718000000,482.38100024414064,0.7300000190734863,unplugged,false
1769154731719000000,483.382,0.7300000190734863,unplugged,false
1769154732720000000,484.383,0.7300000190734863,unplugged,false
1769154733720000000,485.383,0.7300000190734863,unplugged,false
1769154734721000000,486.384,0.7300000190734863,unplugged,false
1769154735722000000,487.3849997558594,0.7300000190734863,unplugged,false
1769154736724000000,488.387,0.7300000190734863,unplugged,false
1769154737724000000,489.387,0.7300000190734863,unplugged,false
1769154738725000000,490.388,0.7300000190734863,unplugged,false
1769154739725000000,491.388,0.7300000190734863,unplugged,false
1769154740727000000,492.39,0.7300000190734863,unplugged,false
1769154741726000000,493.3890002441406,0.7300000190734863,unplugged,false
1769154742728000000,494.391,0.7300000190734863,unplugged,false
1769154743728000000,495.391,0.7300000190734863,unplugged,false
1769154744729000000,496.392,0.7300000190734863,unplugged,false
1769154745730000000,497.39299975585936,0.7300000190734863,unplugged,false
1769154746729000000,498.392,0.7300000190734863,unplugged,false
1769154747729000000,499.392,0.7300000190734863,unplugged,false
1769154748730000000,500.39299975585936,0.7300000190734863,unplugged,false
1769154749735000000,501.398,0.7300000190734863,unplugged,false
1769154750731000000,502.394,0.7300000190734863,unplugged,false
1769154751732000000,503.395,0.7300000190734863,unplugged,false
1769154752732000000,504.395,0.7300000190734863,unplugged,false
1769154753733000000,505.396,0.7300000190734863,unplugged,false
1769154754733000000,506.396,0.7300000190734863,unplugged,false
1769154755733000000,507.396,0.7300000190734863,unplugged,false
1769154756734000000,508.3970002441406,0.7300000190734863,unplugged,false
1769154757735000000,509.398,0.7300000190734863,unplugged,false
1769154758737000000,510.4,0.7300000190734863,unplugged,false
1769154759736000000,511.399,0.7300000190734863,unplugged,false
1769154760737000000,512.4,0.7300000190734863,unplugged,false
1769154761738000000,513.4009997558594,0.7300000190734863,unplugged,false
1769154762739000000,514.402,0.7300000190734863,unplugged,false
1769154763740000000,515.403,0.7300000190734863,unplugged,false
1769154764742000000,516.4050002441406,0.7300000190734863,unplugged,false
1769154765741000000,517.404,0.7300000190734863,unplugged,false
1769154766741000000,518.404,0.7300000190734863,unplugged,false
1769154767742000000,519.4050002441406,0.7300000190734863,unplugged,false
1769154768743000000,520.406,0.7300000190734863,unplugged,false
1769154769744000000,521.407,0.7300000190734863,unplugged,false
1769154770744000000,522.407,0.7300000190734863,unplugged,false
1769154771743000000,523.406,0.7300000190734863,unplugged,false
1769154772743000000,524.406,0.7300000190734863,unplugged,false
1769154773744000000,525.407,0.7300000190734863,unplugged,false
1769154774744000000,526.407,0.7300000190734863,unplugged,false
1769154775745000000,527.408,0.7300000190734863,unplugged,false
1769154776745000000,528.408,0.7300000190734863,unplugged,false
1769154777744000000,529.407,0.7300000190734863,unplugged,false
1769154778745000000,530.408,0.7300000190734863,unplugged,false
1769154779745000000,531.408,0.7300000190734863,unplugged,false
1769154780746000000,532.4089997558593,0.7300000190734863,unplugged,false
1769154781747000000,533.41,0.7300000190734863,unplugged,false
1769154782747000000,534.41,0.7300000190734863,unplugged,false
1769154783747000000,535.41,0.7300000190734863,unplugged,false
1769154784748000000,536.411,0.7300000190734863,unplugged,false
1769154785748000000,537.411,0.7300000190734863,unplugged,false
1769154786748000000,538.411,0.7300000190734863,unplugged,false
1769154787750000000,539.4130002441407,0.7300000190734863,unplugged,false
1769154788750000000,540.4130002441407,0.7300000190734863,unplugged,false
1769154789749000000,541.412,0.7300000190734863,unplugged,false
1769154790750000000,542.4130002441407,0.7300000190734863,unplugged,false
1769154791751000000,543.414,0.7300000190734863,unplugged,false
1769154792752000000,544.415,0.7300000190734863,unplugged,false
1769154793753000000,545.416,0.7300000190734863,unplugged,false
1769154794754000000,546.4169997558594,0.7300000190734863,unplugged,false
1769154795754000000,547.4169997558594,0.7300000190734863,unplugged,false
1769154796798000000,548.4610002441407,0.7300000190734863,unplugged,false
1769154797770000000,549.4329997558593,0.7300000190734863,unplugged,false
1769154798771000000,550.434,0.7300000190734863,unplugged,false
1769154799772000000,551.435,0.7300000190734863,unplugged,false
1769154800772000000,552.435,0.7300000190734863,unplugged,false
1769154801772000000,553.435,0.7300000190734863,unplugged,false
1769154802773000000,554.436,0.7300000190734863,unplugged,false
1769154803774000000,555.4370002441407,0.7300000190734863,unplugged,false
1769154804774000000,556.4370002441407,0.7300000190734863,unplugged,false
1769154805776000000,557.439,0.7300000190734863,unplugged,false
1769154806776000000,558.439,0.7300000190734863,unplugged,false
1769154807776000000,559.439,0.7300000190734863,unplugged,false
1769154808777000000,560.44,0.7300000190734863,unplugged,false
1769154809778000000,561.4409997558594,0.7300000190734863,unplugged,false
1769154810777000000,562.44,0.7300000190734863,unplugged,false
1769154811778000000,563.4409997558594,0.7300000190734863,unplugged,false
1769154812779000000,564.442,0.7300000190734863,unplugged,false
1769154813779000000,565.442,0.7300000190734863,unplugged,false
1769154814780000000,566.443,0.7300000190734863,unplugged,false
1769154815780000000,567.443,0.7300000190734863,unplugged,false
1769154816780000000,568.443,0.7300000190734863,unplugged,false
1769154817784000000,569.447,0.7300000190734863,unplugged,false
1769154818785000000,570.448,0.7300000190734863,unplugged,false
1769154819787000000,571.45,0.7300000190734863,unplugged,false
1769154820789000000,572.452,0.7300000190734863,unplugged,false
1769154821789000000,573.452,0.7300000190734863,unplugged,false
1769154822790000000,574.4530002441406,0.7300000190734863,unplugged,false
1769154823791000000,575.454,0.7300000190734863,unplugged,false
1769154824792000000,576.455,0.7300000190734863,unplugged,false
1769154825792000000,577.455,0.7300000190734863,unplugged,false
1769154826792000000,578.455,0.7300000190734863,unplugged,false
1769154827793000000,579.456,0.7300000190734863,unplugged,false
1769154828797000000,580.46,0.7300000190734863,unplugged,false
1769154829797000000,581.46,0.7300000190734863,unplugged,false
1769154830797000000,582.46,0.7300000190734863,unplugged,false
1769154831799000000,583.462,0.7300000190734863,unplugged,false
1769154832800000000,584.463,0.7300000190734863,unplugged,false
1769154833800000000,585.463,0.7300000190734863,unplugged,false
1769154834800000000,586.463,0.7300000190734863,unplugged,false
1769154835801000000,587.464,0.7300000190734863,unplugged,false
1769154836804000000,588.467,0.7300000190734863,unplugged,false
1769154837803000000,589.466,0.7300000190734863,unplugged,false
1769154838806000000,590.4690002441406,0.7300000190734863,unplugged,false
1769154839805000000,591.468,0.7300000190734863,unplugged,false
1769154840807000000,592.47,0.7300000190734863,unplugged,false
1769154841809000000,593.472,0.7300000190734863,unplugged,false
1769154842810000000,594.4729997558594,0.7300000190734863,unplugged,false
1769154843810000000,595.4729997558594,0.7300000190734863,unplugged,false
1769154844811000000,596.474,0.7300000190734863,unplugged,false
1769154845811000000,597.474,0.7300000190734863,unplugged,false
1769154846812000000,598.475,0.7300000190734863,unplugged,false
1769154847811000000,599.474,0.7300000190734863,unplugged,false
1769154848812000000,600.475,0.7300000190734863,unplugged,false
1769154849812000000,601.475,0.7300000190734863,unplugged,false
1769154850813000000,602.476,0.7300000190734863,unplugged,false
1769154851814000000,603.4770002441406,0.7300000190734863,unplugged,false
1769154852814000000,604.4770002441406,0.7300000190734863,unplugged,false
1769154853815000000,605.478,0.7300000190734863,unplugged,false
1769154854815000000,606.478,0.7300000190734863,unplugged,false
1769154855815000000,607.478,0.7300000190734863,unplugged,false
1769154856817000000,608.48,0.7300000190734863,unplugged,false
1769154857821000000,609.484,0.7300000190734863,unplugged,false
1769154858822000000,610.4850002441407,0.7300000190734863,unplugged,false
1769154859822000000,611.4850002441407,0.7200000286102295,unplugged,false
1769154860822000000,612.4850002441407,0.7200000286102295,unplugged,false
1769154861823000000,613.486,0.7200000286102295,unplugged,false
1769154862823000000,614.486,0.7200000286102295,unplugged,false
1769154863825000000,615.488,0.7200000286102295,unplugged,false
1769154864826000000,616.4889997558594,0.7200000286102295,unplugged,false
1769154865827000000,617.49,0.7200000286102295,unplugged,false
1769154866827000000,618.49,0.7200000286102295,unplugged,false
1769154867828000000,619.491,0.7200000286102295,unplugged,false
1769154868829000000,620.492,0.7200000286102295,unplugged,false
1769154869830000000,621.4930002441406,0.7200000286102295,unplugged,false
1769154870831000000,622.494,0.7200000286102295,unplugged,false
1769154871830000000,623.4930002441406,0.7200000286102295,unplugged,false
1769154872831000000,624.494,0.7200000286102295,unplugged,false
1769154873831000000,625.494,0.7200000286102295,unplugged,false
1769154874832000000,626.495,0.7200000286102295,unplugged,false
1769154875832000000,627.495,0.7200000286102295,unplugged,false
1769154876835000000,628.498,0.7200000286102295,unplugged,false
1769154877835000000,629.498,0.7200000286102295,unplugged,false
1769154878836000000,630.499,0.7200000286102295,unplugged,false
1769154879836000000,631.499,0.7200000286102295,unplugged,false
1769154880838000000,632.5010002441406,0.7200000286102295,unplugged,false
1769154881838000000,633.5010002441406,0.7200000286102295,unplugged,false
1769154882838000000,634.5010002441406,0.7200000286102295,unplugged,false
1769154883838000000,635.5010002441406,0.7200000286102295,unplugged,false
1769154884838000000,636.5010002441406,0.7200000286102295,unplugged,false
1769154885840000000,637.503,0.7200000286102295,unplugged,false
1769154886840000000,638.503,0.7200000286102295,unplugged,false
1769154887842000000,639.5049997558593,0.7200000286102295,unplugged,false
1769154888843000000,640.506,0.7200000286102295,unplugged,false
1769154889846000000,641.5090002441407,0.7200000286102295,unplugged,false
1769154890845000000,642.508,0.7200000286102295,unplugged,false
1769154891848000000,643.511,0.7200000286102295,unplugged,false
1769154892847000000,644.51,0.7200000286102295,unplugged,false
1769154893847000000,645.51,0.7200000286102295,unplugged,false
1769154894849000000,646.512,0.7200000286102295,unplugged,false
1769154895852000000,647.515,0.7200000286102295,unplugged,false
1769154896853000000,648.516,0.7200000286102295,unplugged,false
1769154897868000000,649.531,0.7200000286102295,unplugged,false
1769154898870000000,650.5330002441407,0.7200000286102295,unplugged,false
1769154899867000000,651.53,0.7200000286102295,unplugged,false
1769154900868000000,652.531,0.7200000286102295,unplugged,false
1769154901869000000,653.532,0.7200000286102295,unplugged,false
1769154902869000000,654.532,0.7200000286102295,unplugged,false
1769154903870000000,655.5330002441407,0.7200000286102295,unplugged,false
1769154904870000000,656.5330002441407,0.7200000286102295,unplugged,false
1769154905870000000,657.5330002441407,0.7200000286102295,unplugged,false
1769154906871000000,658.534,0.7200000286102295,unplugged,false
1769154907872000000,659.535,0.7200000286102295,unplugged,false
1769154908872000000,660.535,0.7200000286102295,unplugged,false
1769154909872000000,661.535,0.7200000286102295,unplugged,false
1769154910873000000,662.536,0.7200000286102295,unplugged,false
1769154911873000000,663.536,0.7200000286102295,unplugged,false
1769154912873000000,664.536,0.7200000286102295,unplugged,false
1769154913874000000,665.5369997558594,0.7200000286102295,unplugged,false
1769154914874000000,666.5369997558594,0.7200000286102295,unplugged,false
1769154915875000000,667.538,0.7200000286102295,unplugged,false
1769154916875000000,668.538,0.7200000286102295,unplugged,false
1769154917875000000,669.538,0.7200000286102295,unplugged,false
1769154918876000000,670.539,0.7200000286102295,unplugged,false
1769154919876000000,671.539,0.7200000286102295,unplugged,false
1769154920877000000,672.54,0.7200000286102295,unplugged,false
1769154921878000000,673.5410002441406,0.7200000286102295,unplugged,false
1769154922878000000,674.5410002441406,0.7200000286102295,unplugged,false
1769154923879000000,675.542,0.7200000286102295,unplugged,false
1769154924884000000,676.547,0.7200000286102295,unplugged,false
1769154925885000000,677.548,0.7200000286102295,unplugged,false
1769154926886000000,678.5490002441406,0.7200000286102295,unplugged,false
1769154927886000000,679.5490002441406,0.7200000286102295,unplugged,false
1769154928890000000,680.5529997558593,0.7200000286102295,unplugged,false
1769154929887000000,681.55,0.7200000286102295,unplugged,false
1769154930889000000,682.552,0.7200000286102295,unplugged,false
1769154931888000000,683.551,0.7200000286102295,unplugged,false
1769154932892000000,684.555,0.7200000286102295,unplugged,false
1769154933892000000,685.555,0.7200000286102295,unplugged,false
1769154934893000000,686.556,0.7200000286102295,unplugged,false
1769154935893000000,687.556,0.7200000286102295,unplugged,false
1769154936893000000,688.556,0.7200000286102295,unplugged,false
1769154937893000000,689.556,0.7200000286102295,unplugged,false
1769154938894000000,690.5570002441407,0.7200000286102295,unplugged,false
1769154939895000000,691.558,0.7200000286102295,unplugged,false
1769154940895000000,692.558,0.7200000286102295,unplugged,false
1769154941902000000,693.5650002441406,0.7200000286102295,unplugged,false
1769154942902000000,694.5650002441406,0.7200000286102295,unplugged,false
1769154943902000000,695.5650002441406,0.7200000286102295,unplugged,false
1769154944903000000,696.566,0.7200000286102295,unplugged,false
1769154945902000000,697.5650002441406,0.7200000286102295,unplugged,false
1769154946902000000,698.5650002441406,0.7200000286102295,unplugged,false
1769154947903000000,699.566,0.7200000286102295,unplugged,false
1769154948902000000,700.5650002441406,0.7200000286102295,unplugged,false
1769154949902000000,701.5650002441406,0.7200000286102295,unplugged,false
1769154950903000000,702.566,0.7200000286102295,unplugged,false
1769154951903000000,703.566,0.7200000286102295,unplugged,false
1769154952903000000,704.566,0.7200000286102295,unplugged,false
1769154953904000000,705.567,0.7200000286102295,unplugged,false
1769154954904000000,706.567,0.7200000286102295,unplugged,false
1769154955905000000,707.568,0.7200000286102295,unplugged,false
1769154956906000000,708.5689997558594,0.7200000286102295,unplugged,false
1769154957906000000,709.5689997558594,0.7200000286102295,unplugged,false
1769154958905000000,710.568,0.7200000286102295,unplugged,false
1769154959906000000,711.5689997558594,0.7200000286102295,unplugged,false
1769154960907000000,712.57,0.7200000286102295,unplugged,false
1769154961906000000,713.5689997558594,0.7200000286102295,unplugged,false
1769154962907000000,714.57,0.7200000286102295,unplugged,false
1769154963909000000,715.572,0.7200000286102295,unplugged,false
1769154964908000000,716.571,0.7200000286102295,unplugged,false
1769154965909000000,717.572,0.7200000286102295,unplugged,false
1769154966913000000,718.576,0.7200000286102295,unplugged,false
1769154967908000000,719.571,0.7200000286102295,unplugged,false
1769154968908000000,720.571,0.7200000286102295,unplugged,false
1769154969909000000,721.572,0.7200000286102295,unplugged,false
1769154970911000000,722.574,0.7200000286102295,unplugged,false
1769154971911000000,723.574,0.7200000286102295,unplugged,false
1769154972911000000,724.574,0.7200000286102295,unplugged,false
1769154973911000000,725.574,0.7200000286102295,unplugged,false
1769154974911000000,726.574,0.7200000286102295,unplugged,false
1769154975912000000,727.575,0.7200000286102295,unplugged,false
1769154976912000000,728.575,0.7200000286102295,unplugged,false
1769154977913000000,729.576,0.7200000286102295,unplugged,false
1769154978914000000,730.5769997558593,0.7200000286102295,unplugged,false
1769154979915000000,731.578,0.7200000286102295,unplugged,false
1769154980915000000,732.578,0.7200000286102295,unplugged,false
1769154981916000000,733.579,0.7200000286102295,unplugged,false
1769154982917000000,734.58,0.7200000286102295,unplugged,false
1769154983917000000,735.58,0.7200000286102295,unplugged,false
1769154984918000000,736.5810002441406,0.7200000286102295,unplugged,false
1769154985919000000,737.582,0.7200000286102295,unplugged,false
1769154986919000000,738.582,0.7200000286102295,unplugged,false
1769154987920000000,739.583,0.7200000286102295,unplugged,false
1769154988922000000,740.5849997558594,0.7200000286102295,unplugged,false
1769154989925000000,741.588,0.7200000286102295,unplugged,false
1769154990925000000,742.588,0.7200000286102295,unplugged,false
1769154991926000000,743.5890002441406,0.7200000286102295,unplugged,false
1769154992925000000,744.588,0.7200000286102295,unplugged,false
1769154993926000000,745.5890002441406,0.7200000286102295,unplugged,false
1769154994927000000,746.59,0.7200000286102295,unplugged,false
1769154995927000000,747.59,0.7200000286102295,unplugged,false
1769154996930000000,748.5929997558594,0.7200000286102295,unplugged,false
1769154997931000000,749.594,0.7200000286102295,unplugged,false
1769154998932000000,750.595,0.7200000286102295,unplugged,false
1769154999932000000,751.595,0.7200000286102295,unplugged,false
1769155000932000000,752.595,0.7200000286102295,unplugged,false
1769155001933000000,753.596,0.7200000286102295,unplugged,false
1769155002933000000,754.596,0.7200000286102295,unplugged,false
1769155003933000000,755.596,0.7200000286102295,unplugged,false
1769155004933000000,756.596,0.7200000286102295,unplugged,false
1769155005934000000,757.5970002441406,0.7200000286102295,unplugged,false
1769155006935000000,758.598,0.7200000286102295,unplugged,false
1769155007936000000,759.599,0.7200000286102295,unplugged,false
1769155008936000000,760.599,0.7200000286102295,unplugged,false
1769155009936000000,761.599,0.7200000286102295,unplugged,false
1769155010937000000,762.6,0.7200000286102295,unplugged,false
1769155011939000000,763.602,0.7200000286102295,unplugged,false
1769155012938000000,764.6009997558593,0.7200000286102295,unplugged,false
1769155013939000000,765.602,0.7200000286102295,unplugged,false
1769155014939000000,766.602,0.7200000286102295,unplugged,false
1769155015943000000,767.606,0.7200000286102295,unplugged,false
1769155016941000000,768.604,0.7200000286102295,unplugged,false
1769155017943000000,769.606,0.7200000286102295,unplugged,false
1769155018942000000,770.6050002441406,0.7200000286102295,unplugged,false
1769155019943000000,771.606,0.7200000286102295,unplugged,false
1769155020944000000,772.607,0.7200000286102295,unplugged,false
1769155021945000000,773.608,0.7200000286102295,unplugged,false
1769155022946000000,774.6089997558594,0.7200000286102295,unplugged,false
1769155023947000000,775.61,0.7200000286102295,unplugged,false
1769155024947000000,776.61,0.7200000286102295,unplugged,false
1769155025947000000,777.61,0.7200000286102295,unplugged,false
1769155026948000000,778.611,0.7200000286102295,unplugged,false
1769155027949000000,779.612,0.7200000286102295,unplugged,false
1769155028951000000,780.614,0.7200000286102295,unplugged,false
1769155029957000000,781.62,0.7200000286102295,unplugged,false
1769155030955000000,782.618,0.7200000286102295,unplugged,false
1769155031957000000,783.62,0.7200000286102295,unplugged,false
1769155032957000000,784.62,0.7200000286102295,unplugged,false
1769155033957000000,785.62,0.7200000286102295,unplugged,false
1769155034957000000,786.62,0.7200000286102295,unplugged,false
1769155035958000000,787.6210002441406,0.7200000286102295,unplugged,false
1769155036958000000,788.6210002441406,0.7200000286102295,unplugged,false
1769155037959000000,789.622,0.7200000286102295,unplugged,false
1769155038960000000,790.623,0.7200000286102295,unplugged,false
1769155039961000000,791.624,0.7200000286102295,unplugged,false
1769155040963000000,792.626,0.7200000286102295,unplugged,false
1769155041963000000,793.626,0.7200000286102295,unplugged,false
1769155042965000000,794.628,0.7200000286102295,unplugged,false
1769155043966000000,795.6290002441406,0.7200000286102295,unplugged,false
1769155044968000000,796.631,0.7200000286102295,unplugged,false
1769155045967000000,797.63,0.7200000286102295,unplugged,false
1769155046969000000,798.632,0.7200000286102295,unplugged,false
1769155047969000000,799.632,0.7200000286102295,unplugged,false
1769155048984000000,800.647,0.7200000286102295,unplugged,false
1769155049976000000,801.639,0.7200000286102295,unplugged,false
1769155050976000000,802.639,0.7200000286102295,unplugged,false
1769155051982000000,803.6450002441406,0.7200000286102295,unplugged,false
1769155052985000000,804.648,0.7200000286102295,unplugged,false
1769155053985000000,805.648,0.7200000286102295,unplugged,false
1769155054985000000,806.648,0.7200000286102295,unplugged,false
1769155055986000000,807.6489997558593,0.7200000286102295,unplugged,false
1769155056986000000,808.6489997558593,0.7200000286102295,unplugged,false
1769155057987000000,809.65,0.7200000286102295,unplugged,false
1769155058989000000,810.652,0.7200000286102295,unplugged,false
1769155059989000000,811.652,0.7200000286102295,unplugged,false
1769155060991000000,812.654,0.7200000286102295,unplugged,false
1769155061991000000,813.654,0.7200000286102295,unplugged,false
1769155062992000000,814.655,0.7200000286102295,unplugged,false
1769155063992000000,815.655,0.7200000286102295,unplugged,false
1769155064991000000,816.654,0.7200000286102295,unplugged,false
1769155065992000000,817.655,0.7200000286102295,unplugged,false
1769155066993000000,818.656,0.7200000286102295,unplugged,false
1769155067994000000,819.6569997558594,0.7200000286102295,unplugged,false
1769155068995000000,820.658,0.7200000286102295,unplugged,false
1769155069995000000,821.658,0.7200000286102295,unplugged,false
1769155070995000000,822.658,0.7200000286102295,unplugged,false
1769155071996000000,823.659,0.7200000286102295,unplugged,false
1769155072997000000,824.66,0.7200000286102295,unplugged,false
1769155073998000000,825.6610002441406,0.7200000286102295,unplugged,false
1769155075001000000,826.664,0.7200000286102295,unplugged,false
1769155076001000000,827.664,0.7200000286102295,unplugged,false
1769155077001000000,828.664,0.7200000286102295,unplugged,false
1769155078003000000,829.666,0.7200000286102295,unplugged,false
1769155079003000000,830.666,0.7200000286102295,unplugged,false
1769155080009000000,831.672,0.7200000286102295,unplugged,false
1769155081005000000,832.668,0.7200000286102295,unplugged,false
1769155082006000000,833.6690002441406,0.7200000286102295,unplugged,false
1769155083006000000,834.6690002441406,0.7200000286102295,unplugged,false
1769155084007000000,835.67,0.7200000286102295,unplugged,false
1769155085007000000,836.67,0.7200000286102295,unplugged,false
1769155086007000000,837.67,0.7200000286102295,unplugged,false
1769155087008000000,838.671,0.7200000286102295,unplugged,false
1769155088007000000,839.67,0.7200000286102295,unplugged,false
1769155089009000000,840.672,0.7200000286102295,unplugged,false
1769155090009000000,841.672,0.7200000286102295,unplugged,false
1769155091011000000,842.674,0.7200000286102295,unplugged,false
1769155092011000000,843.674,0.7200000286102295,unplugged,false
1769155093010000000,844.6729997558593,0.7200000286102295,unplugged,false
1769155094012000000,845.675,0.7200000286102295,unplugged,false
1769155095014000000,846.6770002441406,0.7200000286102295,unplugged,false
1769155096014000000,847.6770002441406,0.7200000286102295,unplugged,false
1769155097015000000,848.678,0.7200000286102295,unplugged,false
1769155098015000000,849.678,0.7200000286102295,unplugged,false
1769155099016000000,850.679,0.7200000286102295,unplugged,false
1769155100020000000,851.683,0.7200000286102295,unplugged,false
1769155101016000000,852.679,0.7200000286102295,unplugged,false
1769155102018000000,853.6809997558594,0.7200000286102295,unplugged,false
1769155103018000000,854.6809997558594,0.7200000286102295,unplugged,false
1769155104019000000,855.682,0.7200000286102295,unplugged,false
1769155105020000000,856.683,0.7200000286102295,unplugged,false
1769155106022000000,857.6850002441406,0.7200000286102295,unplugged,false
1769155107021000000,858.684,0.7200000286102295,unplugged,false
1769155108022000000,859.6850002441406,0.7200000286102295,unplugged,false
1769155109023000000,860.686,0.7200000286102295,unplugged,false
1769155110024000000,861.687,0.7200000286102295,unplugged,false
1769155111027000000,862.69,0.7200000286102295,unplugged,false
1769155112027000000,863.69,0.7200000286102295,unplugged,false
1769155113028000000,864.691,0.7200000286102295,unplugged,false
1769155114031000000,865.694,0.7200000286102295,unplugged,false
1769155115031000000,866.694,0.7200000286102295,unplugged,false
1769155116032000000,867.695,0.7200000286102295,unplugged,false
1769155117031000000,868.694,0.7200000286102295,unplugged,false
1769155118033000000,869.696,0.7200000286102295,unplugged,false
1769155119032000000,870.695,0.7200000286102295,unplugged,false
1769155120034000000,871.6969997558593,0.7200000286102295,unplugged,false
1769155121036000000,872.699,0.7200000286102295,unplugged,false
1769155122036000000,873.699,0.7200000286102295,unplugged,false
1769155123037000000,874.7,0.7200000286102295,unplugged,false
1769155124039000000,875.702,0.7200000286102295,unplugged,false
1769155125040000000,876.703,0.7200000286102295,unplugged,false
1769155126040000000,877.703,0.7200000286102295,unplugged,false
1769155127045000000,878.708,0.7200000286102295,unplugged,false
1769155128046000000,879.7090002441406,0.7200000286102295,unplugged,false
1769155129049000000,880.712,0.7200000286102295,unplugged,false
1769155130050000000,881.7129997558594,0.7200000286102295,unplugged,false
1769155131050000000,882.7129997558594,0.7200000286102295,unplugged,false
1769155132050000000,883.7129997558594,0.7200000286102295,unplugged,false
1769155133052000000,884.715,0.7200000286102295,unplugged,false
1769155134052000000,885.715,0.7200000286102295,unplugged,false
1769155135053000000,886.716,0.7200000286102295,unplugged,false
1769155136054000000,887.7170002441406,0.7200000286102295,unplugged,false
1769155137058000000,888.7209997558593,0.7200000286102295,unplugged,false
1769155138056000000,889.719,0.7200000286102295,unplugged,false
1769155139061000000,890.724,0.7200000286102295,unplugged,false
1769155140063000000,891.726,0.7200000286102295,unplugged,false
1769155141064000000,892.727,0.7200000286102295,unplugged,false
1769155142065000000,893.728,0.7200000286102295,unplugged,false
1769155143065000000,894.728,0.7200000286102295,unplugged,false
1769155144067000000,895.73,0.7200000286102295,unplugged,false
1769155145069000000,896.732,0.7200000286102295,unplugged,false
1769155146069000000,897.732,0.7200000286102295,unplugged,false
1769155147069000000,898.732,0.7200000286102295,unplugged,false
1769155148071000000,899.734,0.7200000286102295,unplugged,false
1769155149072000000,900.735,0.7200000286102295,unplugged,false
1769155150072000000,901.735,0.7200000286102295,unplugged,false
1769155151073000000,902.736,0.7200000286102295,unplugged,false
1769155152074000000,903.7369997558594,0.7200000286102295,unplugged,false
1769155153075000000,904.738,0.7200000286102295,unplugged,false
1769155154076000000,905.739,0.7200000286102295,unplugged,false
1769155155077000000,906.74,0.7200000286102295,unplugged,false
1769155156080000000,907.743,0.7200000286102295,unplugged,false
1769155157079000000,908.742,0.7200000286102295,unplugged,false
1769155158080000000,909.743,0.7200000286102295,unplugged,false
1769155159082000000,910.7449997558593,0.7200000286102295,unplugged,false
1769155160083000000,911.746,0.7200000286102295,unplugged,false
1769155161088000000,912.751,0.7200000286102295,unplugged,false
1769155162091000000,913.754,0.7200000286102295,unplugged,false
1769155163092000000,914.755,0.7200000286102295,unplugged,false
1769155164089000000,915.752,0.7200000286102295,unplugged,false
1769155165091000000,916.754,0.7200000286102295,unplugged,false
1769155166091000000,917.754,0.7200000286102295,unplugged,false
1769155167094000000,918.7570002441406,0.7200000286102295,unplugged,false
1769155168094000000,919.7570002441406,0.7200000286102295,unplugged,false
1769155169096000000,920.759,0.7200000286102295,unplugged,false
1769155170095000000,921.758,0.7200000286102295,unplugged,false
1769155171097000000,922.76,0.7200000286102295,unplugged,false
1769155172098000000,923.7609997558594,0.7200000286102295,unplugged,false
1769155173101000000,924.764,0.7200000286102295,unplugged,false
1769155174100000000,925.763,0.7200000286102295,unplugged,false
1769155175101000000,926.764,0.7200000286102295,unplugged,false
1769155176102000000,927.7650002441407,0.7200000286102295,unplugged,false
1769155177103000000,928.766,0.7200000286102295,unplugged,false
1769155178103000000,929.766,0.7200000286102295,unplugged,false
1769155179105000000,930.768,0.7200000286102295,unplugged,false
1769155180108000000,931.771,0.7200000286102295,unplugged,false
1769155181107000000,932.77,0.7200000286102295,unplugged,false
1769155182108000000,933.771,0.7200000286102295,unplugged,false
1769155183109000000,934.772,0.7200000286102295,unplugged,false
1769155184109000000,935.772,0.7200000286102295,unplugged,false
1769155185112000000,936.775,0.7200000286102295,unplugged,false
1769155186113000000,937.776,0.7200000286102295,unplugged,false
1769155187114000000,938.7769997558594,0.7200000286102295,unplugged,false
1769155188115000000,939.778,0.7200000286102295,unplugged,false
1769155189115000000,940.778,0.7200000286102295,unplugged,false
1769155190116000000,941.779,0.7200000286102295,unplugged,false
1769155191117000000,942.78,0.7200000286102295,unplugged,false
1769155192119000000,943.782,0.7200000286102295,unplugged,false
1769155193119000000,944.782,0.7200000286102295,unplugged,false
1769155194120000000,945.783,0.7200000286102295,unplugged,false
1769155195121000000,946.784,0.7200000286102295,unplugged,false
1769155196122000000,947.7849997558594,0.7200000286102295,unplugged,false
1769155197122000000,948.7849997558594,0.7200000286102295,unplugged,false
1769155198127000000,949.79,0.7200000286102295,unplugged,false
1769155199128000000,950.791,0.7200000286102295,unplugged,false
1769155200129000000,951.792,0.7200000286102295,unplugged,false
1769155201130000000,952.7929997558593,0.7200000286102295,unplugged,false
1769155202135000000,953.798,0.7200000286102295,unplugged,false
1769155203136000000,954.799,0.7200000286102295,unplugged,false
1769155204134000000,955.7970002441406,0.7200000286102295,unplugged,false
1769155205133000000,956.796,0.7200000286102295,unplugged,false
1769155206134000000,957.7970002441406,0.7200000286102295,unplugged,false
1769155207133000000,958.796,0.7200000286102295,unplugged,false
1769155208134000000,959.7970002441406,0.7200000286102295,unplugged,false
1769155209133000000,960.796,0.7200000286102295,unplugged,false
1769155210134000000,961.7970002441406,0.7200000286102295,unplugged,false
1769155211134000000,962.7970002441406,0.7200000286102295,unplugged,false
1769155212134000000,963.7970002441406,0.7200000286102295,unplugged,false
1769155213134000000,964.7970002441406,0.7200000286102295,unplugged,false
1769155214135000000,965.798,0.7200000286102295,unplugged,false
1769155215136000000,966.799,0.7200000286102295,unplugged,false
1769155216137000000,967.8,0.7200000286102295,unplugged,false
1769155217136000000,968.799,0.7200000286102295,unplugged,false
1769155218137000000,969.8,0.7200000286102295,unplugged,false
1769155219136000000,970.799,0.7200000286102295,unplugged,false
1769155220137000000,971.8,0.7200000286102295,unplugged,false
1769155221136000000,972.799,0.7200000286102295,unplugged,false
1769155222137000000,973.8,0.7099999785423279,unplugged,false
1769155223138000000,974.8009997558594,0.7099999785423279,unplugged,false
1769155224139000000,975.802,0.7099999785423279,unplugged,false
1769155225139000000,976.802,0.7099999785423279,unplugged,false
1769155226140000000,977.803,0.7099999785423279,unplugged,false
1769155227145000000,978.808,0.7099999785423279,unplugged,false
1769155228144000000,979.807,0.7099999785423279,unplugged,false
1769155229145000000,980.808,0.7099999785423279,unplugged,false
1769155230145000000,981.808,0.7099999785423279,unplugged,false
1769155231144000000,982.807,0.7099999785423279,unplugged,false
1769155232145000000,983.808,0.7099999785423279,unplugged,false
1769155233148000000,984.811,0.7099999785423279,unplugged,false
1769155234148000000,985.811,0.7099999785423279,unplugged,false
1769155235149000000,986.812,0.7099999785423279,unplugged,false
1769155236149000000,987.812,0.7099999785423279,unplugged,false
1769155237150000000,988.8130002441407,0.7099999785423279,unplugged,false
1769155238150000000,989.8130002441407,0.7099999785423279,unplugged,false
1769155239151000000,990.814,0.7099999785423279,unplugged,false
1769155240153000000,991.816,0.7099999785423279,unplugged,false
1769155241153000000,992.816,0.7099999785423279,unplugged,false
1769155242153000000,993.816,0.7099999785423279,unplugged,false
1769155243261000000,994.924,0.7099999785423279,unplugged,false
1769155244152000000,995.815,0.7099999785423279,unplugged,false
1769155245160000000,996.823,0.7099999785423279,unplugged,false
1769155246176000000,997.839,0.7099999785423279,unplugged,false
1769155247170000000,998.8329997558594,0.7099999785423279,unplugged,false
1769155248187000000,999.85,0.7099999785423279,unplugged,false
1769155249180000000,1000.843,0.7099999785423279,unplugged,false
1769155250181000000,1001.844,0.7099999785423279,unplugged,false
1769155251179000000,1002.842,0.7099999785423279,unplugged,false
1769155252180000000,1003.843,0.7099999785423279,unplugged,false
1769155253183000000,1004.846,0.7099999785423279,unplugged,false
1769155254183000000,1005.846,0.7099999785423279,unplugged,false
1769155255183000000,1006.846,0.7099999785423279,unplugged,false
1769155256184000000,1007.847,0.7099999785423279,unplugged,false
1769155257184000000,1008.847,0.7099999785423279,unplugged,false
1769155258185000000,1009.848,0.7099999785423279,unplugged,false
1769155259186000000,1010.8489997558594,0.7099999785423279,unplugged,false
1769155260185000000,1011.848,0.7099999785423279,unplugged,false
1769155261186000000,1012.8489997558594,0.7099999785423279,unplugged,false
1769155262186000000,1013.8489997558594,0.7099999785423279,unplugged,false
1769155263191000000,1014.854,0.7099999785423279,unplugged,false
1769155264193000000,1015.856,0.7099999785423279,unplugged,false
1769155265198000000,1016.8610002441407,0.7099999785423279,unplugged,false
1769155266197000000,1017.86,0.7099999785423279,unplugged,false
1769155267197000000,1018.86,0.7099999785423279,unplugged,false
1769155268197000000,1019.86,0.7099999785423279,unplugged,false
1769155269197000000,1020.86,0.7099999785423279,unplugged,false
1769155270197000000,1021.86,0.7099999785423279,unplugged,false
1769155271198000000,1022.8610002441407,0.7099999785423279,unplugged,false
1769155272197000000,1023.86,0.7099999785423279,unplugged,false
1769155273198000000,1024.8610002441405,0.7099999785423279,unplugged,false
1769155274199000000,1025.862,0.7099999785423279,unplugged,false
1769155275199000000,1026.862,0.7099999785423279,unplugged,false
1769155276200000000,1027.863,0.7099999785423279,unplugged,false
1769155277206000000,1028.8690002441406,0.7099999785423279,unplugged,false
1769155278206000000,1029.8690002441406,0.7099999785423279,unplugged,false
1769155279207000000,1030.87,0.7099999785423279,unplugged,false
1769155280208000000,1031.871,0.7099999785423279,unplugged,false
1769155281207000000,1032.87,0.7099999785423279,unplugged,false
1769155282208000000,1033.871,0.7099999785423279,unplugged,false
1769155283207000000,1034.87,0.7099999785423279,unplugged,false
1769155284207000000,1035.87,0.7099999785423279,unplugged,false
1769155285208000000,1036.871,0.7099999785423279,unplugged,false
1769155286210000000,1037.8729997558594,0.7099999785423279,unplugged,false
1769155287210000000,1038.8729997558594,0.7099999785423279,unplugged,false
1769155288210000000,1039.8729997558594,0.7099999785423279,unplugged,false
1769155289210000000,1040.8729997558594,0.7099999785423279,unplugged,false
1769155290212000000,1041.875,0.7099999785423279,unplugged,false
1769155291212000000,1042.875,0.7099999785423279,unplugged,false
1769155292212000000,1043.875,0.7099999785423279,unplugged,false
1769155293213000000,1044.876,0.7099999785423279,unplugged,false
1769155294213000000,1045.876,0.7099999785423279,unplugged,false
1769155295214000000,1046.8770002441406,0.7099999785423279,unplugged,false
1769155296213000000,1047.876,0.7099999785423279,unplugged,false
1769155297214000000,1048.8770002441406,0.7099999785423279,unplugged,false
1769155298214000000,1049.8770002441406,0.7099999785423279,unplugged,false
1769155299214000000,1050.8770002441406,0.7099999785423279,unplugged,false
1769155300215000000,1051.878,0.7099999785423279,unplugged,false
1769155301215000000,1052.878,0.7099999785423279,unplugged,false
1769155302216000000,1053.879,0.7099999785423279,unplugged,false
1769155303216000000,1054.879,0.7099999785423279,unplugged,false
1769155304216000000,1055.879,0.7099999785423279,unplugged,false
1769155305216000000,1056.879,0.7099999785423279,unplugged,false
1769155306217000000,1057.88,0.7099999785423279,unplugged,false
1769155307220000000,1058.883,0.7099999785423279,unplugged,false
1769155308220000000,1059.883,0.7099999785423279,unplugged,false
1769155309220000000,1060.883,0.7099999785423279,unplugged,false
1769155310221000000,1061.884,0.7099999785423279,unplugged,false
1769155311223000000,1062.886,0.7099999785423279,unplugged,false
1769155312224000000,1063.887,0.7099999785423279,unplugged,false
1769155313224000000,1064.887,0.7099999785423279,unplugged,false
1769155314225000000,1065.888,0.7099999785423279,unplugged,false
1769155315226000000,1066.8889997558595,0.7099999785423279,unplugged,false
1769155316226000000,1067.8889997558595,0.7099999785423279,unplugged,false
1769155317226000000,1068.8889997558595,0.7099999785423279,unplugged,false
1769155318227000000,1069.89,0.7099999785423279,unplugged,false
1769155319227000000,1070.89,0.7099999785423279,unplugged,false
1769155320229000000,1071.892,0.7099999785423279,unplugged,false
1769155321227000000,1072.89,0.7099999785423279,unplugged,false
1769155322229000000,1073.892,0.7099999785423279,unplugged,false
1769155323229000000,1074.892,0.7099999785423279,unplugged,false
1769155324228000000,1075.891,0.7099999785423279,unplugged,false
1769155325229000000,1076.892,0.7099999785423279,unplugged,false
1769155326228000000,1077.891,0.7099999785423279,unplugged,false
1769155327231000000,1078.894,0.7099999785423279,unplugged,false
1769155328230000000,1079.8930002441407,0.7099999785423279,unplugged,false
1769155329231000000,1080.894,0.7099999785423279,unplugged,false
1769155330231000000,1081.894,0.7099999785423279,unplugged,false
1769155331232000000,1082.895,0.7099999785423279,unplugged,false
1769155332232000000,1083.895,0.7099999785423279,unplugged,false
1769155333232000000,1084.895,0.7099999785423279,unplugged,false
1769155334233000000,1085.896,0.7099999785423279,unplugged,false
1769155335233000000,1086.896,0.7099999785423279,unplugged,false
1769155336233000000,1087.896,0.7099999785423279,unplugged,false
1769155337234000000,1088.8969997558593,0.7099999785423279,unplugged,false
1769155338236000000,1089.899,0.7099999785423279,unplugged,false
1769155339236000000,1090.899,0.7099999785423279,unplugged,false
1769155340238000000,1091.9010002441407,0.7099999785423279,unplugged,false
1769155341239000000,1092.902,0.7099999785423279,unplugged,false
1769155342240000000,1093.903,0.7099999785423279,unplugged,false
1769155343240000000,1094.903,0.7099999785423279,unplugged,false
1769155344240000000,1095.903,0.7099999785423279,unplugged,false
1769155345241000000,1096.904,0.7099999785423279,unplugged,false
1769155346240000000,1097.903,0.7099999785423279,unplugged,false
1769155347240000000,1098.903,0.7099999785423279,unplugged,false
1769155348240000000,1099.903,0.7099999785423279,unplugged,false
1769155349240000000,1100.903,0.7099999785423279,unplugged,false
1769155350241000000,1101.904,0.7099999785423279,unplugged,false
1769155351241000000,1102.904,0.7099999785423279,unplugged,false
1769155352243000000,1103.906,0.7099999785423279,unplugged,false
1769155353243000000,1104.906,0.7099999785423279,unplugged,false
1769155354245000000,1105.908,0.7099999785423279,unplugged,false
1769155355245000000,1106.908,0.7099999785423279,unplugged,false
1769155356245000000,1107.908,0.7099999785423279,unplugged,false
1769155357246000000,1108.9090002441405,0.7099999785423279,unplugged,false
1769155358248000000,1109.911,0.7099999785423279,unplugged,false
1769155359248000000,1110.911,0.7099999785423279,unplugged,false
1769155360249000000,1111.912,0.7099999785423279,unplugged,false
1769155361249000000,1112.912,0.7099999785423279,unplugged,false
1769155362249000000,1113.912,0.7099999785423279,unplugged,false
1769155363253000000,1114.916,0.7099999785423279,unplugged,false
1769155364250000000,1115.9129997558593,0.7099999785423279,unplugged,false
1769155365251000000,1116.914,0.7099999785423279,unplugged,false
1769155366251000000,1117.914,0.7099999785423279,unplugged,false
1769155367253000000,1118.916,0.7099999785423279,unplugged,false
1769155368253000000,1119.916,0.7099999785423279,unplugged,false
1769155369253000000,1120.916,0.7099999785423279,unplugged,false
1769155370254000000,1121.9170002441406,0.7099999785423279,unplugged,false
1769155371255000000,1122.918,0.7099999785423279,unplugged,false
1769155372256000000,1123.919,0.7099999785423279,unplugged,false
1769155373258000000,1124.9209997558594,0.7099999785423279,unplugged,false
1769155374258000000,1125.9209997558594,0.7099999785423279,unplugged,false
1769155375259000000,1126.922,0.7099999785423279,unplugged,false
1769155376259000000,1127.922,0.7099999785423279,unplugged,false
1769155377261000000,1128.924,0.7099999785423279,unplugged,false
1769155378262000000,1129.9250002441406,0.7099999785423279,unplugged,false
1769155379263000000,1130.926,0.7099999785423279,unplugged,false
1769155380264000000,1131.927,0.7099999785423279,unplugged,false
1769155381265000000,1132.928,0.7099999785423279,unplugged,false
1769155382266000000,1133.9289997558594,0.7099999785423279,unplugged,false
1769155383271000000,1134.934,0.7099999785423279,unplugged,false
1769155384269000000,1135.932,0.7099999785423279,unplugged,false
1769155385270000000,1136.9330002441407,0.7099999785423279,unplugged,false
1769155386271000000,1137.934,0.7099999785423279,unplugged,false
1769155387271000000,1138.934,0.7099999785423279,unplugged,false
1769155388272000000,1139.935,0.7099999785423279,unplugged,false
1769155389274000000,1140.9369997558595,0.7099999785423279,unplugged,false
1769155390274000000,1141.9369997558595,0.7099999785423279,unplugged,false
1769155391275000000,1142.938,0.7099999785423279,unplugged,false
1769155392274000000,1143.9369997558595,0.7099999785423279,unplugged,false
1769155393275000000,1144.938,0.7099999785423279,unplugged,false
1769155394275000000,1145.938,0.7099999785423279,unplugged,false
1769155395276000000,1146.939,0.7099999785423279,unplugged,false
1769155396276000000,1147.939,0.7099999785423279,unplugged,false
1769155397277000000,1148.94,0.7099999785423279,unplugged,false
1769155398278000000,1149.9410002441407,0.7099999785423279,unplugged,false
1769155399278000000,1150.9410002441407,0.7099999785423279,unplugged,false
1769155400279000000,1151.942,0.7099999785423279,unplugged,false
1769155401280000000,1152.943,0.7099999785423279,unplugged,false
1769155402284000000,1153.947,0.7099999785423279,unplugged,false
1769155403286000000,1154.9490002441407,0.7099999785423279,unplugged,false
1769155404289000000,1155.952,0.7099999785423279,unplugged,false
1769155405292000000,1156.955,0.7099999785423279,unplugged,false
1769155406294000000,1157.9570002441405,0.7099999785423279,unplugged,false
1769155407294000000,1158.9570002441405,0.7099999785423279,unplugged,false
1769155408296000000,1159.959,0.7099999785423279,unplugged,false
1769155409297000000,1160.96,0.7099999785423279,unplugged,false
1769155410301000000,1161.964,0.7099999785423279,unplugged,false
1769155411300000000,1162.963,0.7099999785423279,unplugged,false
1769155412300000000,1163.963,0.7099999785423279,unplugged,false
1769155413301000000,1164.964,0.7099999785423279,unplugged,false
1769155414302000000,1165.9650002441406,0.7099999785423279,unplugged,false
1769155415304000000,1166.967,0.7099999785423279,unplugged,false
1769155416309000000,1167.972,0.7099999785423279,unplugged,false
1769155417308000000,1168.971,0.7099999785423279,unplugged,false
1769155418309000000,1169.972,0.7099999785423279,unplugged,false
1769155419311000000,1170.974,0.7099999785423279,unplugged,false
1769155420314000000,1171.9769997558594,0.7099999785423279,unplugged,false
1769155421313000000,1172.976,0.7099999785423279,unplugged,false
1769155422314000000,1173.9769997558594,0.7099999785423279,unplugged,false
1769155423316000000,1174.979,0.7099999785423279,unplugged,false
1769155424316000000,1175.979,0.7099999785423279,unplugged,false
1769155425318000000,1176.9810002441407,0.7099999785423279,unplugged,false
1769155426319000000,1177.982,0.7099999785423279,unplugged,false
1769155427320000000,1178.983,0.7099999785423279,unplugged,false
1769155428324000000,1179.987,0.7099999785423279,unplugged,false
1769155429324000000,1180.987,0.7099999785423279,unplugged,false
1769155430324000000,1181.987,0.7099999785423279,unplugged,false
1769155431325000000,1182.988,0.7099999785423279,unplugged,false
1769155432325000000,1183.988,0.7099999785423279,unplugged,false
1769155433327000000,1184.99,0.7099999785423279,unplugged,false
1769155434327000000,1185.99,0.7099999785423279,unplugged,false
1769155435329000000,1186.992,0.7099999785423279,unplugged,false
1769155436329000000,1187.992,0.7099999785423279,unplugged,false
1769155437332000000,1188.995,0.7099999785423279,unplugged,false
1769155438334000000,1189.9970002441407,0.7099999785423279,unplugged,false
1769155439334000000,1190.9970002441407,0.7099999785423279,unplugged,false
1769155440336000000,1191.999,0.7099999785423279,unplugged,false
1769155441336000000,1192.999,0.7099999785423279,unplugged,false
1769155442340000000,1194.003,0.7099999785423279,unplugged,false
1769155443338000000,1195.0009997558593,0.7099999785423279,unplugged,false
1769155444340000000,1196.003,0.7099999785423279,unplugged,false
1769155445342000000,1197.0050002441405,0.7099999785423279,unplugged,false
1769155446343000000,1198.006,0.7099999785423279,unplugged,false
1769155447344000000,1199.007,0.7099999785423279,unplugged,false
1769155448344000000,1200.007,0.7099999785423279,unplugged,false
1769155449344000000,1201.007,0.7099999785423279,unplugged,false
1769155450348000000,1202.011,0.7099999785423279,unplugged,false
1769155451351000000,1203.014,0.7099999785423279,unplugged,false
1769155452351000000,1204.014,0.7099999785423279,unplugged,false
1769155453351000000,1205.014,0.7099999785423279,unplugged,false
1769155454352000000,1206.015,0.7099999785423279,unplugged,false
1769155455353000000,1207.016,0.7099999785423279,unplugged,false
1769155456354000000,1208.0169997558594,0.7099999785423279,unplugged,false
1769155457354000000,1209.0169997558594,0.7099999785423279,unplugged,false
1769155458355000000,1210.018,0.7099999785423279,unplugged,false
1769155459356000000,1211.019,0.7099999785423279,unplugged,false
1769155460359000000,1212.022,0.7099999785423279,unplugged,false
1769155461359000000,1213.022,0.7099999785423279,unplugged,false
1769155462360000000,1214.023,0.7099999785423279,unplugged,false
1769155463363000000,1215.026,0.7099999785423279,unplugged,false
1769155464363000000,1216.026,0.7099999785423279,unplugged,false
1769155465366000000,1217.0290002441407,0.7099999785423279,unplugged,false
1769155466367000000,1218.03,0.7099999785423279,unplugged,false
1769155467367000000,1219.03,0.7099999785423279,unplugged,false
1769155468368000000,1220.031,0.7099999785423279,unplugged,false
1769155469370000000,1221.0329997558595,0.7099999785423279,unplugged,false
1769155470369000000,1222.032,0.7099999785423279,unplugged,false
1769155471372000000,1223.035,0.7099999785423279,unplugged,false
1769155472372000000,1224.035,0.7099999785423279,unplugged,false
1769155473375000000,1225.038,0.7099999785423279,unplugged,false
1769155474373000000,1226.036,0.7099999785423279,unplugged,false
1769155475375000000,1227.038,0.7099999785423279,unplugged,false
1769155476375000000,1228.038,0.7099999785423279,unplugged,false
1769155477379000000,1229.042,0.7099999785423279,unplugged,false
1769155478379000000,1230.042,0.7099999785423279,unplugged,false
1769155479381000000,1231.044,0.7099999785423279,unplugged,false
1769155480380000000,1232.043,0.7099999785423279,unplugged,false
1769155481381000000,1233.044,0.7099999785423279,unplugged,false
1769155482381000000,1234.044,0.7099999785423279,unplugged,false
1769155483383000000,1235.046,0.7099999785423279,unplugged,false
1769155484383000000,1236.046,0.7099999785423279,unplugged,false
1769155485385000000,1237.048,0.7099999785423279,unplugged,false
1769155486384000000,1238.047,0.7099999785423279,unplugged,false
1769155487386000000,1239.0489997558593,0.7099999785423279,unplugged,false
1769155488386000000,1240.0489997558593,0.7099999785423279,unplugged,false
1769155489388000000,1241.051,0.7099999785423279,unplugged,false
1769155490389000000,1242.052,0.7099999785423279,unplugged,false
1769155491394000000,1243.0569997558594,0.7099999785423279,unplugged,false
1769155492395000000,1244.058,0.7099999785423279,unplugged,false
1769155493399000000,1245.062,0.7099999785423279,unplugged,false
1769155494399000000,1246.062,0.7099999785423279,unplugged,false
1769155495400000000,1247.063,0.7099999785423279,unplugged,false
1769155496400000000,1248.063,0.7099999785423279,unplugged,false
1769155497404000000,1249.067,0.7099999785423279,unplugged,false
1769155498405000000,1250.068,0.7099999785423279,unplugged,false
1769155499406000000,1251.0690002441406,0.7099999785423279,unplugged,false
1769155500407000000,1252.07,0.7099999785423279,unplugged,false
1769155501407000000,1253.07,0.7099999785423279,unplugged,false
1769155502408000000,1254.071,0.7099999785423279,unplugged,false
1769155503413000000,1255.076,0.7099999785423279,unplugged,false
1769155504409000000,1256.072,0.7099999785423279,unplugged,false
1769155505409000000,1257.072,0.7099999785423279,unplugged,false
1769155506409000000,1258.072,0.7099999785423279,unplugged,false
1769155507410000000,1259.0729997558594,0.7099999785423279,unplugged,false
1769155508412000000,1260.075,0.7099999785423279,unplugged,false
1769155509412000000,1261.075,0.7099999785423279,unplugged,false
1769155510413000000,1262.076,0.7099999785423279,unplugged,false
1769155511412000000,1263.075,0.7099999785423279,unplugged,false
1769155512413000000,1264.076,0.7099999785423279,unplugged,false
1769155513414000000,1265.0770002441407,0.7099999785423279,unplugged,false
1769155514414000000,1266.0770002441407,0.7099999785423279,unplugged,false
1769155515417000000,1267.08,0.7099999785423279,unplugged,false
1769155516444000000,1268.107,0.7099999785423279,unplugged,false
1769155517443000000,1269.106,0.7099999785423279,unplugged,false
1769155518443000000,1270.106,0.7099999785423279,unplugged,false
1769155519445000000,1271.108,0.7099999785423279,unplugged,false
1769155520444000000,1272.107,0.7099999785423279,unplugged,false
1769155521445000000,1273.108,0.7099999785423279,unplugged,false
1769155522446000000,1274.1090002441406,0.7099999785423279,unplugged,false
1769155523446000000,1275.1090002441406,0.7099999785423279,unplugged,false
1769155524455000000,1276.118,0.7099999785423279,unplugged,false
1769155525452000000,1277.115,0.7099999785423279,unplugged,false
1769155526452000000,1278.115,0.7099999785423279,unplugged,false
1769155527452000000,1279.115,0.7099999785423279,unplugged,false
1769155528453000000,1280.116,0.7099999785423279,unplugged,false
1769155529455000000,1281.118,0.7099999785423279,unplugged,false
1769155530455000000,1282.118,0.7099999785423279,unplugged,false
1769155531455000000,1283.118,0.7099999785423279,unplugged,false
1769155532456000000,1284.119,0.7099999785423279,unplugged,false
1769155533459000000,1285.122,0.7099999785423279,unplugged,false
1769155534458000000,1286.1209997558594,0.7099999785423279,unplugged,false
1769155535461000000,1287.124,0.7099999785423279,unplugged,false
1769155536464000000,1288.127,0.7099999785423279,unplugged,false
1769155537460000000,1289.123,0.7099999785423279,unplugged,false
1769155538460000000,1290.123,0.7099999785423279,unplugged,false
1769155539465000000,1291.128,0.7099999785423279,unplugged,false
1769155540467000000,1292.13,0.7099999785423279,unplugged,false
1769155541468000000,1293.131,0.7099999785423279,unplugged,false
1769155542467000000,1294.13,0.7099999785423279,unplugged,false
1769155543468000000,1295.131,0.7099999785423279,unplugged,false
1769155544467000000,1296.13,0.7099999785423279,unplugged,false
1769155545469000000,1297.132,0.7099999785423279,unplugged,false
1769155546473000000,1298.136,0.7099999785423279,unplugged,false
1769155547470000000,1299.1330002441407,0.7099999785423279,unplugged,false
1769155548469000000,1300.132,0.7099999785423279,unplugged,false
1769155549472000000,1301.135,0.7099999785423279,unplugged,false
1769155550473000000,1302.136,0.7099999785423279,unplugged,false
1769155551475000000,1303.138,0.7099999785423279,unplugged,false
1769155552476000000,1304.139,0.7099999785423279,unplugged,false
1769155553477000000,1305.14,0.7099999785423279,unplugged,false
1769155554478000000,1306.1410002441405,0.7099999785423279,unplugged,false
1769155555478000000,1307.1410002441405,0.7099999785423279,unplugged,false
1769155556477000000,1308.14,0.7099999785423279,unplugged,false
1769155557479000000,1309.142,0.7099999785423279,unplugged,false
1769155558479000000,1310.142,0.7099999785423279,unplugged,false
1769155559480000000,1311.143,0.7099999785423279,unplugged,false
1769155560480000000,1312.143,0.7099999785423279,unplugged,false
1769155561481000000,1313.144,0.7099999785423279,unplugged,false
1769155562490000000,1314.1529997558594,0.699999988079071,unplugged,false
1769155563487000000,1315.15,0.699999988079071,unplugged,false
1769155564488000000,1316.151,0.699999988079071,unplugged,false
1769155565489000000,1317.152,0.699999988079071,unplugged,false
1769155566489000000,1318.152,0.699999988079071,unplugged,false
1769155567488000000,1319.151,0.699999988079071,unplugged,false
1769155568489000000,1320.152,0.699999988079071,unplugged,false
1769155569489000000,1321.152,0.699999988079071,unplugged,false
1769155570489000000,1322.152,0.699999988079071,unplugged,false
1769155571489000000,1323.152,0.699999988079071,unplugged,false
1769155572489000000,1324.152,0.699999988079071,unplugged,false
1769155573491000000,1325.154,0.699999988079071,unplugged,false
1769155574492000000,1326.155,0.699999988079071,unplugged,false
1769155575495000000,1327.158,0.699999988079071,unplugged,false
1769155576496000000,1328.159,0.699999988079071,unplugged,false
1769155577496000000,1329.159,0.699999988079071,unplugged,false
1769155578500000000,1330.163,0.699999988079071,unplugged,false
1769155579496000000,1331.159,0.699999988079071,unplugged,false
1769155580496000000,1332.159,0.699999988079071,unplugged,false
1769155581496000000,1333.159,0.699999988079071,unplugged,false
1769155582497000000,1334.16,0.699999988079071,unplugged,false
1769155583573000000,1335.236,0.699999988079071,unplugged,false
1769155584575000000,1336.238,0.699999988079071,unplugged,false
1769155585574000000,1337.2370002441405,0.699999988079071,unplugged,false
1769155586574000000,1338.2370002441405,0.699999988079071,unplugged,false
1769155587575000000,1339.238,0.699999988079071,unplugged,false
1769155588575000000,1340.238,0.699999988079071,unplugged,false
1769155589576000000,1341.239,0.699999988079071,unplugged,false
1769155590576000000,1342.239,0.699999988079071,unplugged,false
1769155591579000000,1343.242,0.699999988079071,unplugged,false
1769155592579000000,1344.242,0.699999988079071,unplugged,false
1769155593579000000,1345.242,0.699999988079071,unplugged,false
1769155594578000000,1346.2409997558593,0.699999988079071,unplugged,false
1769155595579000000,1347.242,0.699999988079071,unplugged,false
1769155596579000000,1348.242,0.699999988079071,unplugged,false
1769155597580000000,1349.243,0.699999988079071,unplugged,false
1769155598581000000,1350.244,0.699999988079071,unplugged,false
1769155599582000000,1351.2450002441406,0.699999988079071,unplugged,false
1769155600582000000,1352.2450002441406,0.699999988079071,unplugged,false
1769155601583000000,1353.246,0.699999988079071,unplugged,false
1769155602584000000,1354.247,0.699999988079071,unplugged,false
1769155603583000000,1355.246,0.699999988079071,unplugged,false
1769155604585000000,1356.248,0.699999988079071,unplugged,false
1769155605584000000,1357.247,0.699999988079071,unplugged,false
1769155606583000000,1358.246,0.699999988079071,unplugged,false
1769155607584000000,1359.247,0.699999988079071,unplugged,false
1769155608587000000,1360.25,0.699999988079071,unplugged,false
1769155609589000000,1361.252,0.699999988079071,unplugged,false
1769155610589000000,1362.252,0.699999988079071,unplugged,false
1769155611589000000,1363.252,0.699999988079071,unplugged,false
1769155612590000000,1364.2530002441406,0.699999988079071,unplugged,false
1769155613591000000,1365.254,0.699999988079071,unplugged,false
1769155614590000000,1366.2530002441406,0.699999988079071,unplugged,false
1769155615593000000,1367.256,0.699999988079071,unplugged,false
1769155616590000000,1368.2530002441406,0.699999988079071,unplugged,false
1769155617591000000,1369.254,0.699999988079071,unplugged,false
1769155618592000000,1370.255,0.699999988079071,unplugged,false
1769155619597000000,1371.26,0.699999988079071,unplugged,false
1769155620596000000,1372.259,0.699999988079071,unplugged,false
1769155621597000000,1373.26,0.699999988079071,unplugged,false
1769155622598000000,1374.2610002441406,0.699999988079071,unplugged,false
1769155623598000000,1375.2610002441406,0.699999988079071,unplugged,false
1769155624598000000,1376.2610002441406,0.699999988079071,unplugged,false
1769155625599000000,1377.262,0.699999988079071,unplugged,false
1769155626607000000,1378.27,0.699999988079071,unplugged,false
1769155627601000000,1379.264,0.699999988079071,unplugged,false
1769155628601000000,1380.264,0.699999988079071,unplugged,false
1769155629601000000,1381.264,0.699999988079071,unplugged,false
1769155630603000000,1382.266,0.699999988079071,unplugged,false
1769155631603000000,1383.266,0.699999988079071,unplugged,false
1769155632603000000,1384.266,0.699999988079071,unplugged,false
1769155633604000000,1385.267,0.699999988079071,unplugged,false
1769155634605000000,1386.268,0.699999988079071,unplugged,false
1769155635604000000,1387.267,0.699999988079071,unplugged,false
1769155636604000000,1388.267,0.699999988079071,unplugged,false
1769155637604000000,1389.267,0.699999988079071,unplugged,false
1769155638604000000,1390.267,0.699999988079071,unplugged,false
1769155639605000000,1391.268,0.699999988079071,unplugged,false
1769155640606000000,1392.2690002441407,0.699999988079071,unplugged,false
1769155641606000000,1393.2690002441407,0.699999988079071,unplugged,false
1769155642606000000,1394.2690002441407,0.699999988079071,unplugged,false
1769155643607000000,1395.27,0.699999988079071,unplugged,false
1769155644608000000,1396.271,0.699999988079071,unplugged,false
1769155645608000000,1397.271,0.699999988079071,unplugged,false
1769155646608000000,1398.271,0.699999988079071,unplugged,false
1769155647608000000,1399.271,0.699999988079071,unplugged,false
1769155648608000000,1400.271,0.699999988079071,unplugged,false
1769155649608000000,1401.271,0.699999988079071,unplugged,false
1769155650608000000,1402.271,0.699999988079071,unplugged,false
1769155651616000000,1403.279,0.699999988079071,unplugged,false
1769155652609000000,1404.272,0.699999988079071,unplugged,false
1769155653610000000,1405.2729997558595,0.699999988079071,unplugged,false
1769155654610000000,1406.2729997558595,0.699999988079071,unplugged,false
1769155655612000000,1407.275,0.699999988079071,unplugged,false
1769155656614000000,1408.2770002441407,0.699999988079071,unplugged,false
1769155657614000000,1409.2770002441407,0.699999988079071,unplugged,false
1769155658616000000,1410.279,0.699999988079071,unplugged,false
1769155659615000000,1411.278,0.699999988079071,unplugged,false
1769155660620000000,1412.283,0.699999988079071,unplugged,false
1769155661622000000,1413.2850002441405,0.699999988079071,unplugged,false
1769155662622000000,1414.2850002441405,0.699999988079071,unplugged,false
1769155663623000000,1415.286,0.699999988079071,unplugged,false
1769155664626000000,1416.2889997558593,0.699999988079071,unplugged,false
1769155665623000000,1417.286,0.699999988079071,unplugged,false
1769155666626000000,1418.2889997558593,0.699999988079071,unplugged,false
1769155667627000000,1419.29,0.699999988079071,unplugged,false
1769155668627000000,1420.29,0.699999988079071,unplugged,false
1769155669628000000,1421.291,0.699999988079071,unplugged,false
1769155670627000000,1422.29,0.699999988079071,unplugged,false
1769155671628000000,1423.291,0.699999988079071,unplugged,false
1769155672636000000,1424.299,0.699999988079071,unplugged,false
1769155673637000000,1425.3,0.699999988079071,unplugged,false
1769155674637000000,1426.3,0.699999988079071,unplugged,false
1769155675637000000,1427.3,0.699999988079071,unplugged,false
1769155676640000000,1428.303,0.699999988079071,unplugged,false
1769155677639000000,1429.302,0.699999988079071,unplugged,false
1769155678640000000,1430.303,0.699999988079071,unplugged,false
1769155679641000000,1431.304,0.699999988079071,unplugged,false
1769155680642000000,1432.3049997558594,0.699999988079071,unplugged,false
1769155681643000000,1433.306,0.699999988079071,unplugged,false
1769155682648000000,1434.311,0.699999988079071,unplugged,false
1769155683650000000,1435.3129997558594,0.699999988079071,unplugged,false
1769155684649000000,1436.312,0.699999988079071,unplugged,false
1769155685649000000,1437.312,0.699999988079071,unplugged,false
1769155686650000000,1438.3129997558594,0.699999988079071,unplugged,false
1769155687650000000,1439.3129997558594,0.699999988079071,unplugged,false
1769155688651000000,1440.314,0.699999988079071,unplugged,false
1769155689652000000,1441.315,0.699999988079071,unplugged,false
1769155690654000000,1442.3170002441407,0.699999988079071,unplugged,false
1769155691655000000,1443.318,0.699999988079071,unplugged,false
1769155692656000000,1444.319,0.699999988079071,unplugged,false
1769155693656000000,1445.319,0.699999988079071,unplugged,false
1769155694657000000,1446.32,0.699999988079071,unplugged,false
1769155695657000000,1447.32,0.699999988079071,unplugged,false
1769155696657000000,1448.32,0.699999988079071,unplugged,false
1769155697658000000,1449.3209997558595,0.699999988079071,unplugged,false
1769155698658000000,1450.3209997558595,0.699999988079071,unplugged,false
1769155699660000000,1451.323,0.699999988079071,unplugged,false
1769155700660000000,1452.323,0.699999988079071,unplugged,false
1769155701661000000,1453.324,0.699999988079071,unplugged,false
1769155702661000000,1454.324,0.699999988079071,unplugged,false
1769155703660000000,1455.323,0.699999988079071,unplugged,false
1769155704661000000,1456.324,0.699999988079071,unplugged,false
1769155705662000000,1457.3250002441407,0.699999988079071,unplugged,false
1769155706663000000,1458.326,0.699999988079071,unplugged,false
1769155707663000000,1459.326,0.699999988079071,unplugged,false
1769155708664000000,1460.327,0.699999988079071,unplugged,false
1769155709665000000,1461.328,0.699999988079071,unplugged,false
1769155710666000000,1462.3289997558593,0.699999988079071,unplugged,false
1769155711667000000,1463.33,0.699999988079071,unplugged,false
1769155712669000000,1464.332,0.699999988079071,unplugged,false
1769155713671000000,1465.334,0.699999988079071,unplugged,false
1769155714672000000,1466.335,0.699999988079071,unplugged,false
1769155715672000000,1467.335,0.699999988079071,unplugged,false
1769155716672000000,1468.335,0.699999988079071,unplugged,false
1769155717672000000,1469.335,0.699999988079071,unplugged,false
1769155718672000000,1470.335,0.699999988079071,unplugged,false
1769155719675000000,1471.338,0.699999988079071,unplugged,false
1769155720674000000,1472.3369997558593,0.699999988079071,unplugged,false
1769155721676000000,1473.339,0.699999988079071,unplugged,false
1769155722678000000,1474.3410002441406,0.699999988079071,unplugged,false
1769155723678000000,1475.3410002441406,0.699999988079071,unplugged,false
1769155724678000000,1476.3410002441406,0.699999988079071,unplugged,false
1769155725679000000,1477.342,0.699999988079071,unplugged,false
1769155726680000000,1478.343,0.699999988079071,unplugged,false
1769155727680000000,1479.343,0.699999988079071,unplugged,false
1769155728681000000,1480.344,0.699999988079071,unplugged,false
1769155729680000000,1481.343,0.699999988079071,unplugged,false
1769155730681000000,1482.344,0.699999988079071,unplugged,false
1769155731682000000,1483.3449997558594,0.699999988079071,unplugged,false
1769155732681000000,1484.344,0.699999988079071,unplugged,false
1769155733682000000,1485.3449997558594,0.699999988079071,unplugged,false
1769155734682000000,1486.3449997558594,0.699999988079071,unplugged,false
1769155735682000000,1487.3449997558594,0.699999988079071,unplugged,false
1769155736682000000,1488.3449997558594,0.699999988079071,unplugged,false
1769155737682000000,1489.3449997558594,0.699999988079071,unplugged,false
1769155738681000000,1490.344,0.699999988079071,unplugged,false
1769155739682000000,1491.3449997558594,0.699999988079071,unplugged,false
1769155740683000000,1492.346,0.699999988079071,unplugged,false
1769155741684000000,1493.347,0.699999988079071,unplugged,false
1769155742686000000,1494.3490002441406,0.699999988079071,unplugged,false
1769155743686000000,1495.3490002441406,0.699999988079071,unplugged,false
1769155744687000000,1496.35,0.699999988079071,unplugged,false
1769155745687000000,1497.35,0.699999988079071,unplugged,false
1769155746689000000,1498.352,0.699999988079071,unplugged,false
1769155747689000000,1499.352,0.699999988079071,unplugged,false
1769155748690000000,1500.3529997558594,0.699999988079071,unplugged,false
1769155749692000000,1501.355,0.699999988079071,unplugged,false
1769155750693000000,1502.356,0.699999988079071,unplugged,false
1769155751693000000,1503.356,0.699999988079071,unplugged,false
1769155752694000000,1504.3570002441406,0.699999988079071,unplugged,false
1769155753694000000,1505.3570002441406,0.699999988079071,unplugged,false
1769155754695000000,1506.358,0.699999988079071,unplugged,false
1769155755696000000,1507.359,0.699999988079071,unplugged,false
1769155756698000000,1508.3609997558594,0.699999988079071,unplugged,false
1769155757697000000,1509.36,0.699999988079071,unplugged,false
1769155758698000000,1510.3609997558594,0.699999988079071,unplugged,false
1769155759699000000,1511.362,0.699999988079071,unplugged,false
1769155760699000000,1512.362,0.699999988079071,unplugged,false
1769155761700000000,1513.363,0.699999988079071,unplugged,false
1769155762699000000,1514.362,0.699999988079071,unplugged,false
1769155763701000000,1515.364,0.699999988079071,unplugged,false
1769155764702000000,1516.3650002441407,0.699999988079071,unplugged,false
1769155765708000000,1517.371,0.699999988079071,unplugged,false
1769155766708000000,1518.371,0.6899999976158142,unplugged,false
1769155767709000000,1519.372,0.6899999976158142,unplugged,false
1769155768711000000,1520.374,0.6899999976158142,unplugged,false
1769155769710000000,1521.3730002441407,0.6899999976158142,unplugged,false
1769155770711000000,1522.374,0.6899999976158142,unplugged,false
1769155771712000000,1523.375,0.6899999976158142,unplugged,false
1769155772711000000,1524.374,0.6899999976158142,unplugged,false
1769155773712000000,1525.375,0.6899999976158142,unplugged,false
1769155774715000000,1526.378,0.6899999976158142,unplugged,false
1769155775716000000,1527.379,0.6899999976158142,unplugged,false
1769155776717000000,1528.38,0.6899999976158142,unplugged,false
1769155777717000000,1529.38,0.6899999976158142,unplugged,false
1769155778718000000,1530.3810002441405,0.6899999976158142,unplugged,false
1769155779720000000,1531.383,0.6899999976158142,unplugged,false
1769155780718000000,1532.3810002441405,0.6899999976158142,unplugged,false
1769155781727000000,1533.39,0.6899999976158142,unplugged,false
1769155782719000000,1534.382,0.6899999976158142,unplugged,false
1769155783720000000,1535.383,0.6899999976158142,unplugged,false
1769155784720000000,1536.383,0.6899999976158142,unplugged,false
1769155785721000000,1537.384,0.6899999976158142,unplugged,false
1769155786721000000,1538.384,0.6899999976158142,unplugged,false
1769155787721000000,1539.384,0.6899999976158142,unplugged,false
1769155788721000000,1540.384,0.6899999976158142,unplugged,false
1769155789722000000,1541.3849997558593,0.6899999976158142,unplugged,false
1769155790722000000,1542.3849997558593,0.6899999976158142,unplugged,false
1769155791722000000,1543.3849997558593,0.6899999976158142,unplugged,false
1769155792722000000,1544.3849997558593,0.6899999976158142,unplugged,false
1769155793723000000,1545.386,0.6899999976158142,unplugged,false
1769155794723000000,1546.386,0.6899999976158142,unplugged,false
1769155795723000000,1547.386,0.6899999976158142,unplugged,false
1769155796724000000,1548.387,0.6899999976158142,unplugged,false
1769155797724000000,1549.387,0.6899999976158142,unplugged,false
1769155798725000000,1550.388,0.6899999976158142,unplugged,false
1769155799725000000,1551.388,0.6899999976158142,unplugged,false
1769155800726000000,1552.3890002441406,0.6899999976158142,unplugged,false
1769155801726000000,1553.3890002441406,0.6899999976158142,unplugged,false
1769155802725000000,1554.388,0.6899999976158142,unplugged,false
1769155803726000000,1555.3890002441406,0.6899999976158142,unplugged,false
1769155804726000000,1556.3890002441406,0.6899999976158142,unplugged,false
1769155805727000000,1557.39,0.6899999976158142,unplugged,false
1769155806726000000,1558.3890002441406,0.6899999976158142,unplugged,false
1769155807727000000,1559.39,0.6899999976158142,unplugged,false
1769155808728000000,1560.391,0.6899999976158142,unplugged,false
1769155809728000000,1561.391,0.6899999976158142,unplugged,false
1769155810729000000,1562.392,0.6899999976158142,unplugged,false
1769155811739000000,1563.402,0.6899999976158142,unplugged,false
1769155812737000000,1564.4,0.6899999976158142,unplugged,false
1769155813738000000,1565.4009997558594,0.6899999976158142,unplugged,false
1769155814754000000,1566.4169997558595,0.6899999976158142,unplugged,false
1769155815741000000,1567.404,0.6899999976158142,unplugged,false
1769155816741000000,1568.404,0.6899999976158142,unplugged,false
1769155817741000000,1569.404,0.6899999976158142,unplugged,false
1769155818742000000,1570.4050002441406,0.6899999976158142,unplugged,false
1769155819743000000,1571.406,0.6899999976158142,unplugged,false
1769155820743000000,1572.406,0.6899999976158142,unplugged,false
1769155821744000000,1573.407,0.6899999976158142,unplugged,false
1769155822744000000,1574.407,0.6899999976158142,unplugged,false
1769155823745000000,1575.408,0.6899999976158142,unplugged,false
1769155824746000000,1576.4089997558594,0.6899999976158142,unplugged,false
1769155825747000000,1577.41,0.6899999976158142,unplugged,false
1769155826747000000,1578.41,0.6899999976158142,unplugged,false
1769155827749000000,1579.412,0.6899999976158142,unplugged,false
1769155828749000000,1580.412,0.6899999976158142,unplugged,false
1769155829748000000,1581.411,0.6899999976158142,unplugged,false
1769155830749000000,1582.412,0.6899999976158142,unplugged,false
1769155831748000000,1583.411,0.6899999976158142,unplugged,false
1769155832748000000,1584.411,0.6899999976158142,unplugged,false
1769155833749000000,1585.412,0.6899999976158142,unplugged,false
1769155834748000000,1586.411,0.6899999976158142,unplugged,false
1769155835749000000,1587.412,0.6899999976158142,unplugged,false
1769155836749000000,1588.412,0.6899999976158142,unplugged,false
1769155837749000000,1589.412,0.6899999976158142,unplugged,false
1769155838750000000,1590.4130002441407,0.6899999976158142,unplugged,false
1769155839749000000,1591.412,0.6899999976158142,unplugged,false
1769155840749000000,1592.412,0.6899999976158142,unplugged,false
1769155841750000000,1593.4130002441407,0.6899999976158142,unplugged,false
1769155842750000000,1594.4130002441407,0.6899999976158142,unplugged,false
1769155843760000000,1595.423,0.6899999976158142,unplugged,false
1769155844750000000,1596.4130002441407,0.6899999976158142,unplugged,false
1769155845749000000,1597.412,0.6899999976158142,unplugged,false
1769155846750000000,1598.4130002441407,0.6899999976158142,unplugged,false
1769155847750000000,1599.4130002441407,0.6899999976158142,unplugged,false
1769155848754000000,1600.4169997558595,0.6899999976158142,unplugged,false
1769155849754000000,1601.4169997558595,0.6899999976158142,unplugged,false
1769155850754000000,1602.4169997558595,0.6899999976158142,unplugged,false
1769155851753000000,1603.416,0.6899999976158142,unplugged,false
1769155852755000000,1604.418,0.6899999976158142,unplugged,false
1769155853754000000,1605.4169997558595,0.6899999976158142,unplugged,false
1769155854754000000,1606.4169997558595,0.6899999976158142,unplugged,false
1769155855755000000,1607.418,0.6899999976158142,unplugged,false
1769155856756000000,1608.419,0.6899999976158142,unplugged,false
1769155857755000000,1609.418,0.6899999976158142,unplugged,false
1769155858755000000,1610.418,0.6899999976158142,unplugged,false
1769155859755000000,1611.418,0.6899999976158142,unplugged,false
1769155860755000000,1612.418,0.6899999976158142,unplugged,false
1769155861755000000,1613.418,0.6899999976158142,unplugged,false
1769155862756000000,1614.419,0.6899999976158142,unplugged,false
1769155863757000000,1615.42,0.6899999976158142,unplugged,false
1769155864758000000,1616.4210002441407,0.6899999976158142,unplugged,false
1769155865758000000,1617.4210002441407,0.6899999976158142,unplugged,false
1769155866759000000,1618.422,0.6899999976158142,unplugged,false
1769155867760000000,1619.423,0.6899999976158142,unplugged,false
1769155868760000000,1620.423,0.6899999976158142,unplugged,false
1769155869761000000,1621.424,0.6899999976158142,unplugged,false
1769155870762000000,1622.4249997558593,0.6899999976158142,unplugged,false
1769155871764000000,1623.427,0.6899999976158142,unplugged,false
1769155872764000000,1624.427,0.6899999976158142,unplugged,false
1769155873763000000,1625.426,0.6899999976158142,unplugged,false
1769155874764000000,1626.427,0.6899999976158142,unplugged,false
1769155875764000000,1627.427,0.6899999976158142,unplugged,false
1769155876765000000,1628.428,0.6899999976158142,unplugged,false
1769155877765000000,1629.428,0.6899999976158142,unplugged,false
1769155878766000000,1630.4290002441405,0.6899999976158142,unplugged,false
1769155879767000000,1631.43,0.6899999976158142,unplugged,false
1769155880767000000,1632.43,0.6899999976158142,unplugged,false
1769155881767000000,1633.43,0.6899999976158142,unplugged,false
1769155882766000000,1634.4290002441405,0.6899999976158142,unplugged,false
1769155883766000000,1635.4290002441405,0.6899999976158142,unplugged,false
1769155884768000000,1636.431,0.6899999976158142,unplugged,false
1769155885767000000,1637.43,0.6899999976158142,unplugged,false
1769155886782000000,1638.4450002441406,0.6899999976158142,unplugged,false
1769155887782000000,1639.4450002441406,0.6899999976158142,unplugged,false
1769155888817000000,1640.48,0.6899999976158142,unplugged,false
1769155889788000000,1641.451,0.6899999976158142,unplugged,false
1769155890789000000,1642.452,0.6899999976158142,unplugged,false
1769155891792000000,1643.455,0.6899999976158142,unplugged,false
1769155892790000000,1644.4530002441406,0.6899999976158142,unplugged,false
1769155893833000000,1645.496,0.6899999976158142,unplugged,false
1769155894791000000,1646.454,0.6899999976158142,unplugged,false
1769155895791000000,1647.454,0.6899999976158142,unplugged,false
1769155896792000000,1648.455,0.6899999976158142,unplugged,false
1769155897792000000,1649.455,0.6899999976158142,unplugged,false
1769155898793000000,1650.456,0.6899999976158142,unplugged,false
1769155899794000000,1651.4569997558594,0.6899999976158142,unplugged,false
1769155900795000000,1652.458,0.6899999976158142,unplugged,false
1769155901822000000,1653.4850002441406,0.6899999976158142,unplugged,false
1769155902795000000,1654.458,0.6899999976158142,unplugged,false
1769155903795000000,1655.458,0.6899999976158142,unplugged,false
1769155904807000000,1656.47,0.6899999976158142,unplugged,false
1769155905800000000,1657.463,0.6899999976158142,unplugged,false
1769155906827000000,1658.49,0.6899999976158142,unplugged,false
1769155907802000000,1659.4649997558595,0.6899999976158142,unplugged,false
1769155908802000000,1660.4649997558595,0.6899999976158142,unplugged,false
1769155909811000000,1661.474,0.6899999976158142,unplugged,false
1769155910803000000,1662.466,0.6899999976158142,unplugged,false
1769155911810000000,1663.4729997558593,0.6899999976158142,unplugged,false
1769155912803000000,1664.466,0.6899999976158142,unplugged,false
1769155913835000000,1665.498,0.6899999976158142,unplugged,false
1769155914803000000,1666.466,0.6899999976158142,unplugged,false
1769155915804000000,1667.467,0.6899999976158142,unplugged,false
1769155916810000000,1668.4729997558593,0.6899999976158142,unplugged,false
1769155917804000000,1669.467,0.6899999976158142,unplugged,false
1769155918805000000,1670.468,0.6899999976158142,unplugged,false
1769155919804000000,1671.467,0.6899999976158142,unplugged,false
1769155920805000000,1672.468,0.6899999976158142,unplugged,false
1769155921830000000,1673.4930002441406,0.6899999976158142,unplugged,false
1769155922806000000,1674.4690002441407,0.6899999976158142,unplugged,false
1769155923807000000,1675.47,0.6899999976158142,unplugged,false
1769155924811000000,1676.474,0.6899999976158142,unplugged,false
1769155925810000000,1677.4729997558593,0.6899999976158142,unplugged,false
1769155926841000000,1678.504,0.6899999976158142,unplugged,false
1769155927810000000,1679.4729997558593,0.6899999976158142,unplugged,false
1769155928810000000,1680.4729997558593,0.6899999976158142,unplugged,false
1769155929815000000,1681.478,0.6899999976158142,unplugged,false
1769155930816000000,1682.479,0.6899999976158142,unplugged,false
1769155931854000000,1683.5170002441407,0.6899999976158142,unplugged,false
1769155932817000000,1684.48,0.6899999976158142,unplugged,false
1769155933819000000,1685.482,0.6899999976158142,unplugged,false
1769155934818000000,1686.4809997558593,0.6899999976158142,unplugged,false
1769155935820000000,1687.483,0.6899999976158142,unplugged,false
1769155936858000000,1688.5209997558593,0.6899999976158142,unplugged,false
1769155937835000000,1689.498,0.6899999976158142,unplugged,false
1769155938836000000,1690.499,0.6899999976158142,unplugged,false
1769155939844000000,1691.507,0.6899999976158142,unplugged,false
1769155940845000000,1692.508,0.6899999976158142,unplugged,false
1769155941883000000,1693.546,0.6899999976158142,unplugged,false
1769155942850000000,1694.5129997558595,0.6899999976158142,unplugged,false
1769155943850000000,1695.5129997558595,0.6899999976158142,unplugged,false
1769155944874000000,1696.5369997558594,0.6899999976158142,unplugged,false
1769155945874000000,1697.5369997558594,0.6899999976158142,unplugged,false
1769155946873000000,1698.536,0.6899999976158142,unplugged,false
1769155947874000000,1699.5369997558594,0.6899999976158142,unplugged,false
1769155948897000000,1700.56,0.6899999976158142,unplugged,false
1769155949873000000,1701.536,0.6899999976158142,unplugged,false
1769155950874000000,1702.5369997558594,0.6899999976158142,unplugged,false
1769155951875000000,1703.538,0.6899999976158142,unplugged,false
1769155952876000000,1704.539,0.6899999976158142,unplugged,false
1769155953892000000,1705.555,0.6899999976158142,unplugged,false
1769155954876000000,1706.539,0.6899999976158142,unplugged,false
1769155955875000000,1707.538,0.6899999976158142,unplugged,false
1769155956883000000,1708.546,0.6899999976158142,unplugged,false
1769155957875000000,1709.538,0.6899999976158142,unplugged,false
1769155958876000000,1710.539,0.6899999976158142,unplugged,false
1769155959881000000,1711.544,0.6899999976158142,unplugged,false
1769155960878000000,1712.5410002441406,0.6899999976158142,unplugged,false
1769155961893000000,1713.556,0.6899999976158142,unplugged,false
1769155962879000000,1714.542,0.6899999976158142,unplugged,false
1769155963879000000,1715.542,0.6899999976158142,unplugged,false
1769155964879000000,1716.542,0.6899999976158142,unplugged,false
1769155965879000000,1717.542,0.6899999976158142,unplugged,false
1769155966907000000,1718.57,0.6899999976158142,unplugged,false
1769155967879000000,1719.542,0.6899999976158142,unplugged,false
1769155968917000000,1720.58,0.6899999976158142,unplugged,false
1769155969880000000,1721.543,0.6899999976158142,unplugged,false
1769155970879000000,1722.542,0.6899999976158142,unplugged,false
1769155971881000000,1723.544,0.6899999976158142,unplugged,false
1769155972906000000,1724.5689997558593,0.6899999976158142,unplugged,false
1769155973959000000,1725.622,0.6899999976158142,unplugged,false
1769155974906000000,1726.5689997558593,0.6899999976158142,unplugged,false
1769155975906000000,1727.5689997558593,0.6899999976158142,unplugged,false
1769155976971000000,1728.634,0.6899999976158142,unplugged,false
1769155977915000000,1729.578,0.6899999976158142,unplugged,false
1769155978908000000,1730.571,0.6899999976158142,unplugged,false
1769155979933000000,1731.596,0.6899999976158142,unplugged,false
1769155980908000000,1732.571,0.6899999976158142,unplugged,false
1769155981908000000,1733.571,0.6899999976158142,unplugged,false
1769155982937000000,1734.6,0.6899999976158142,unplugged,false
1769155983908000000,1735.571,0.6899999976158142,unplugged,false
1769155984909000000,1736.572,0.6899999976158142,unplugged,false
1769155985925000000,1737.588,0.6899999976158142,unplugged,false
1769155986912000000,1738.575,0.6899999976158142,unplugged,false
1769155987955000000,1739.618,0.6899999976158142,unplugged,false
1769155988935000000,1740.598,0.6899999976158142,unplugged,false
1769155989912000000,1741.575,0.6899999976158142,unplugged,false
1769155990954000000,1742.6169997558593,0.6899999976158142,unplugged,false
1769155991915000000,1743.578,0.6899999976158142,unplugged,false
1769155992914000000,1744.5769997558593,0.6899999976158142,unplugged,false
1769155993915000000,1745.578,0.6899999976158142,unplugged,false
1769155994916000000,1746.579,0.6899999976158142,unplugged,false
1769155995946000000,1747.6089997558595,0.6899999976158142,unplugged,false
1769155996923000000,1748.586,0.6899999976158142,unplugged,false
1769155997994000000,1749.6569997558595,0.6899999976158142,unplugged,false
1769155998933000000,1750.596,0.6899999976158142,unplugged,false
1769155999923000000,1751.586,0.6899999976158142,unplugged,false
1769156000965000000,1752.628,0.6899999976158142,unplugged,false
1769156001923000000,1753.586,0.6899999976158142,unplugged,false
1769156002923000000,1754.586,0.6899999976158142,unplugged,false
1769156003962000000,1755.6249997558593,0.6899999976158142,unplugged,false
1769156004923000000,1756.586,0.6899999976158142,unplugged,false
1769156005924000000,1757.587,0.6899999976158142,unplugged,false
1769156006926000000,1758.5890002441406,0.6899999976158142,unplugged,false
1769156007926000000,1759.5890002441406,0.6899999976158142,unplugged,false
1769156008963000000,1760.626,0.6899999976158142,unplugged,false
1769156009925000000,1761.588,0.6899999976158142,unplugged,false
1769156010925000000,1762.588,0.6899999976158142,unplugged,false
1769156011926000000,1763.5890002441406,0.6899999976158142,unplugged,false
1769156012926000000,1764.5890002441406,0.6899999976158142,unplugged,false
1769156013940000000,1765.603,0.6899999976158142,unplugged,false
1769156014926000000,1766.5890002441406,0.6899999976158142,unplugged,false
1769156015926000000,1767.5890002441406,0.6899999976158142,unplugged,false
1769156016929000000,1768.592,0.6899999976158142,unplugged,false
1769156017926000000,1769.5890002441406,0.6899999976158142,unplugged,false
1769156018928000000,1770.591,0.6899999976158142,unplugged,false
1769156019927000000,1771.59,0.6899999976158142,unplugged,false
1769156020928000000,1772.591,0.6899999976158142,unplugged,false
1769156021939000000,1773.602,0.6899999976158142,unplugged,false
1769156022941000000,1774.604,0.6899999976158142,unplugged,false
1769156023957000000,1775.62,0.6899999976158142,unplugged,false
1769156024942000000,1776.6050002441407,0.6899999976158142,unplugged,false
1769156025942000000,1777.6050002441407,0.6899999976158142,unplugged,false
1769156026942000000,1778.6050002441407,0.6899999976158142,unplugged,false
1769156027942000000,1779.6050002441407,0.6899999976158142,unplugged,false
1769156028953000000,1780.616,0.6899999976158142,unplugged,false
1769156029943000000,1781.606,0.6899999976158142,unplugged,false
1769156030985000000,1782.648,0.6899999976158142,unplugged,false
1769156031952000000,1783.615,0.6899999976158142,unplugged,false
1769156032953000000,1784.616,0.6899999976158142,unplugged,false
1769156033952000000,1785.615,0.6899999976158142,unplugged,false
1769156034955000000,1786.618,0.6899999976158142,unplugged,false
1769156035970000000,1787.6329997558594,0.6899999976158142,unplugged,false
1769156036955000000,1788.618,0.6899999976158142,unplugged,false
1769156037984000000,1789.647,0.6800000071525574,unplugged,false
1769156038956000000,1790.619,0.6800000071525574,unplugged,false
1769156039957000000,1791.62,0.6800000071525574,unplugged,false
1769156040982000000,1792.6450002441406,0.6800000071525574,unplugged,false
1769156041958000000,1793.6210002441405,0.6800000071525574,unplugged,false
1769156042958000000,1794.6210002441405,0.6800000071525574,unplugged,false
1769156043958000000,1795.6210002441405,0.6800000071525574,unplugged,false
1769156044961000000,1796.624,0.6800000071525574,unplugged,false
1769156045983000000,1797.646,0.6800000071525574,unplugged,false
1769156046973000000,1798.636,0.6800000071525574,unplugged,false
1769156048004000000,1799.667,0.6800000071525574,unplugged,false
1769156048985000000,1800.648,0.6800000071525574,unplugged,false
1769156049986000000,1801.6489997558594,0.6800000071525574,unplugged,false
1769156051002000000,1802.6649997558593,0.6800000071525574,unplugged,false
1769156051986000000,1803.6489997558594,0.6800000071525574,unplugged,false
1769156052987000000,1804.65,0.6800000071525574,unplugged,false
1769156053987000000,1805.65,0.6800000071525574,unplugged,false
1769156054988000000,1806.651,0.6800000071525574,unplugged,false
1769156056009000000,1807.672,0.6800000071525574,unplugged,false
1769156056989000000,1808.652,0.6800000071525574,unplugged,false
1769156057990000000,1809.6530002441407,0.6800000071525574,unplugged,false
1769156058990000000,1810.6530002441407,0.6800000071525574,unplugged,false
1769156059991000000,1811.654,0.6800000071525574,unplugged,false
1769156060999000000,1812.662,0.6800000071525574,unplugged,false
1769156061991000000,1813.654,0.6800000071525574,unplugged,false
1769156062991000000,1814.654,0.6800000071525574,unplugged,false
1769156064012000000,1815.675,0.6800000071525574,unplugged,false
1769156064993000000,1816.656,0.6800000071525574,unplugged,false
1769156065992000000,1817.655,0.6800000071525574,unplugged,false
1769156066992000000,1818.655,0.6800000071525574,unplugged,false
1769156067993000000,1819.656,0.6800000071525574,unplugged,false
1769156069003000000,1820.666,0.6800000071525574,unplugged,false
1769156069996000000,1821.659,0.6800000071525574,unplugged,false
1769156071018000000,1822.6809997558594,0.6800000071525574,unplugged,false
1769156071998000000,1823.6610002441407,0.6800000071525574,unplugged,false
1769156072998000000,1824.6610002441407,0.6800000071525574,unplugged,false
1769156074002000000,1825.6649997558593,0.6800000071525574,unplugged,false
1769156074999000000,1826.662,0.6800000071525574,unplugged,false
1769156076034000000,1827.6969997558595,0.6800000071525574,unplugged,false
1769156077012000000,1828.675,0.6800000071525574,unplugged,false
1769156078012000000,1829.675,0.6800000071525574,unplugged,false
1769156079023000000,1830.686,0.6800000071525574,unplugged,false
1769156080014000000,1831.6770002441406,0.6800000071525574,unplugged,false
1769156081057000000,1832.72,0.6800000071525574,unplugged,false
1769156082014000000,1833.6770002441406,0.6800000071525574,unplugged,false
1769156083015000000,1834.678,0.6800000071525574,unplugged,false
1769156084038000000,1835.7010002441407,0.6800000071525574,unplugged,false
1769156085017000000,1836.68,0.6800000071525574,unplugged,false
1769156086018000000,1837.6809997558594,0.6800000071525574,unplugged,false
1769156087018000000,1838.6809997558594,0.6800000071525574,unplugged,false
1769156088019000000,1839.682,0.6800000071525574,unplugged,false
1769156089048000000,1840.711,0.6800000071525574,unplugged,false
1769156090019000000,1841.682,0.6800000071525574,unplugged,false
1769156091020000000,1842.683,0.6800000071525574,unplugged,false
1769156092038000000,1843.7010002441407,0.6800000071525574,unplugged,false
1769156093021000000,1844.684,0.6800000071525574,unplugged,false
1769156094021000000,1845.684,0.6800000071525574,unplugged,false
1769156095022000000,1846.6850002441406,0.6800000071525574,unplugged,false
1769156096021000000,1847.684,0.6800000071525574,unplugged,false
1769156097035000000,1848.698,0.6800000071525574,unplugged,false
1769156098022000000,1849.6850002441406,0.6800000071525574,unplugged,false
1769156099050000000,1850.7129997558593,0.6800000071525574,unplugged,false
1769156100024000000,1851.687,0.6800000071525574,unplugged,false
1769156101023000000,1852.686,0.6800000071525574,unplugged,false
1769156102036000000,1853.699,0.6800000071525574,unplugged,false
1769156103024000000,1854.687,0.6800000071525574,unplugged,false
1769156104024000000,1855.687,0.6800000071525574,unplugged,false
1769156105024000000,1856.687,0.6800000071525574,unplugged,false
1769156106031000000,1857.694,0.6800000071525574,unplugged,false
1769156107054000000,1858.7170002441405,0.6800000071525574,unplugged,false
1769156108028000000,1859.691,0.6800000071525574,unplugged,false
1769156109028000000,1860.691,0.6800000071525574,unplugged,false
1769156110036000000,1861.699,0.6800000071525574,unplugged,false
1769156111027000000,1862.69,0.6800000071525574,unplugged,false
1769156112063000000,1863.726,0.6800000071525574,unplugged,false
1769156113030000000,1864.6930002441406,0.6800000071525574,unplugged,false
1769156114031000000,1865.694,0.6800000071525574,unplugged,false
1769156115045000000,1866.708,0.6800000071525574,unplugged,false
1769156116032000000,1867.695,0.6800000071525574,unplugged,false
1769156117031000000,1868.694,0.6800000071525574,unplugged,false
1769156118034000000,1869.6969997558595,0.6800000071525574,unplugged,false
1769156119035000000,1870.698,0.6800000071525574,unplugged,false
1769156120072000000,1871.735,0.6800000071525574,unplugged,false
1769156121035000000,1872.698,0.6800000071525574,unplugged,false
1769156122036000000,1873.699,0.6800000071525574,unplugged,false
1769156123050000000,1874.7129997558593,0.6800000071525574,unplugged,false
1769156124037000000,1875.7,0.6800000071525574,unplugged,false
1769156125037000000,1876.7,0.6800000071525574,unplugged,false
1769156126048000000,1877.711,0.6800000071525574,unplugged,false
1769156127051000000,1878.714,0.6800000071525574,unplugged,false
1769156128061000000,1879.724,0.6800000071525574,unplugged,false
1769156129062000000,1880.7250002441406,0.6800000071525574,unplugged,false
1769156130064000000,1881.727,0.6800000071525574,unplugged,false
1769156131064000000,1882.727,0.6800000071525574,unplugged,false
1769156132064000000,1883.727,0.6800000071525574,unplugged,false
1769156133065000000,1884.728,0.6800000071525574,unplugged,false
1769156134065000000,1885.728,0.6800000071525574,unplugged,false
1769156135086000000,1886.7490002441407,0.6800000071525574,unplugged,false
1769156136066000000,1887.7289997558594,0.6800000071525574,unplugged,false
1769156137066000000,1888.7289997558594,0.6800000071525574,unplugged,false
1769156138073000000,1889.736,0.6800000071525574,unplugged,false
1769156139074000000,1890.7369997558594,0.6800000071525574,unplugged,false
1769156140119000000,1891.782,0.6800000071525574,unplugged,false
1769156141076000000,1892.739,0.6800000071525574,unplugged,false
1769156142077000000,1893.74,0.6800000071525574,unplugged,false
1769156143078000000,1894.7410002441407,0.6800000071525574,unplugged,false
1769156144077000000,1895.74,0.6800000071525574,unplugged,false
1769156145108000000,1896.771,0.6800000071525574,unplugged,false
1769156146078000000,1897.7410002441407,0.6800000071525574,unplugged,false
1769156147079000000,1898.742,0.6800000071525574,unplugged,false
1769156148079000000,1899.742,0.6800000071525574,unplugged,false
1769156149079000000,1900.742,0.6800000071525574,unplugged,false
1769156150104000000,1901.767,0.6800000071525574,unplugged,false
1769156151081000000,1902.744,0.6800000071525574,unplugged,false
1769156152082000000,1903.7449997558595,0.6800000071525574,unplugged,false
1769156153113000000,1904.776,0.6800000071525574,unplugged,false
1769156154082000000,1905.7449997558595,0.6800000071525574,unplugged,false
1769156155149000000,1906.812,0.6800000071525574,unplugged,false
1769156156092000000,1907.755,0.6800000071525574,unplugged,false
1769156157091000000,1908.754,0.6800000071525574,unplugged,false
1769156158092000000,1909.755,0.6800000071525574,unplugged,false
1769156159093000000,1910.756,0.6800000071525574,unplugged,false
1769156160093000000,1911.756,0.6800000071525574,unplugged,false
1769156161094000000,1912.7570002441407,0.6800000071525574,unplugged,false
1769156162094000000,1913.7570002441407,0.6800000071525574,unplugged,false
1769156163119000000,1914.782,0.6800000071525574,unplugged,false
1769156164099000000,1915.762,0.6800000071525574,unplugged,false
1769156165100000000,1916.763,0.6800000071525574,unplugged,false
1769156166099000000,1917.762,0.6800000071525574,unplugged,false
1769156167100000000,1918.763,0.6800000071525574,unplugged,false
1769156168118000000,1919.7810002441406,0.6800000071525574,unplugged,false
1769156169101000000,1920.764,0.6800000071525574,unplugged,false
1769156170102000000,1921.7650002441405,0.6800000071525574,unplugged,false
1769156171105000000,1922.768,0.6800000071525574,unplugged,false
1769156172103000000,1923.766,0.6800000071525574,unplugged,false
1769156173103000000,1924.766,0.6800000071525574,unplugged,false
1769156174107000000,1925.77,0.6800000071525574,unplugged,false
1769156175108000000,1926.771,0.6800000071525574,unplugged,false
1769156176142000000,1927.8050002441407,0.6800000071525574,unplugged,false
1769156177110000000,1928.7730002441406,0.6800000071525574,unplugged,false
1769156178110000000,1929.7730002441406,0.6800000071525574,unplugged,false
1769156179145000000,1930.808,0.6800000071525574,unplugged,false
1769156180112000000,1931.775,0.6800000071525574,unplugged,false
1769156181114000000,1932.7769997558594,0.6800000071525574,unplugged,false
1769156182125000000,1933.788,0.6800000071525574,unplugged,false
1769156183116000000,1934.779,0.6800000071525574,unplugged,false
1769156184120000000,1935.783,0.6800000071525574,unplugged,false
1769156185121000000,1936.784,0.6800000071525574,unplugged,false
1769156186120000000,1937.783,0.6800000071525574,unplugged,false
1769156187142000000,1938.8050002441407,0.6800000071525574,unplugged,false
1769156188121000000,1939.784,0.6800000071525574,unplugged,false
1769156189122000000,1940.7849997558594,0.6800000071525574,unplugged,false
1769156190141000000,1941.804,0.6800000071525574,unplugged,false
1769156191139000000,1942.802,0.6800000071525574,unplugged,false
1769156192173000000,1943.836,0.6800000071525574,unplugged,false
1769156193140000000,1944.803,0.6800000071525574,unplugged,false
1769156194140000000,1945.803,0.6800000071525574,unplugged,false
1769156195154000000,1946.8169997558593,0.6800000071525574,unplugged,false
1769156196140000000,1947.803,0.6800000071525574,unplugged,false
1769156197143000000,1948.806,0.6800000071525574,unplugged,false
1769156198143000000,1949.806,0.6800000071525574,unplugged,false
1769156199144000000,1950.807,0.6800000071525574,unplugged,false
1769156200145000000,1951.808,0.6800000071525574,unplugged,false
1769156201147000000,1952.81,0.6800000071525574,unplugged,false
1769156202145000000,1953.808,0.6800000071525574,unplugged,false
1769156203148000000,1954.811,0.6800000071525574,unplugged,false
1769156204149000000,1955.812,0.6800000071525574,unplugged,false
1769156205154000000,1956.8169997558593,0.6800000071525574,unplugged,false
1769156206150000000,1957.8130002441405,0.6800000071525574,unplugged,false
1769156207151000000,1958.814,0.6800000071525574,unplugged,false
1769156208152000000,1959.815,0.6800000071525574,unplugged,false
1769156209153000000,1960.816,0.6800000071525574,unplugged,false
1769156210152000000,1961.815,0.6800000071525574,unplugged,false
1769156211152000000,1962.815,0.6800000071525574,unplugged,false
1769156212154000000,1963.8169997558593,0.6800000071525574,unplugged,false
1769156213152000000,1964.815,0.6800000071525574,unplugged,false
1769156214155000000,1965.818,0.6800000071525574,unplugged,false
1769156215155000000,1966.818,0.6800000071525574,unplugged,false
1769156216158000000,1967.8210002441406,0.6800000071525574,unplugged,false
1769156217159000000,1968.822,0.6800000071525574,unplugged,false
1769156218158000000,1969.8210002441406,0.6800000071525574,unplugged,false
1769156219159000000,1970.822,0.6800000071525574,unplugged,false
1769156220160000000,1971.823,0.6800000071525574,unplugged,false
1769156221159000000,1972.822,0.6800000071525574,unplugged,false
1769156222160000000,1973.823,0.6800000071525574,unplugged,false
1769156223161000000,1974.824,0.6800000071525574,unplugged,false
1769156224161000000,1975.824,0.6800000071525574,unplugged,false
1769156225163000000,1976.826,0.6800000071525574,unplugged,false
1769156226163000000,1977.826,0.6800000071525574,unplugged,false
1769156227164000000,1978.827,0.6800000071525574,unplugged,false
1769156228164000000,1979.827,0.6800000071525574,unplugged,false
1769156229163000000,1980.826,0.6800000071525574,unplugged,false
1769156230165000000,1981.828,0.6800000071525574,unplugged,false
1769156231164000000,1982.827,0.6800000071525574,unplugged,false
1769156232166000000,1983.8290002441406,0.6800000071525574,unplugged,false
1769156233166000000,1984.8290002441406,0.6800000071525574,unplugged,false
1769156234168000000,1985.831,0.6800000071525574,unplugged,false
1769156235167000000,1986.83,0.6800000071525574,unplugged,false
1769156236169000000,1987.832,0.6800000071525574,unplugged,false
1769156237169000000,1988.832,0.6800000071525574,unplugged,false
1769156238169000000,1989.832,0.6800000071525574,unplugged,false
1769156239173000000,1990.836,0.6800000071525574,unplugged,false
1769156240174000000,1991.8370002441407,0.6800000071525574,unplugged,false
1769156241174000000,1992.8370002441407,0.6800000071525574,unplugged,false
1769156242175000000,1993.838,0.6800000071525574,unplugged,false
1769156243177000000,1994.84,0.6800000071525574,unplugged,false
1769156244178000000,1995.8409997558595,0.6800000071525574,unplugged,false
1769156245178000000,1996.8409997558595,0.6800000071525574,unplugged,false
1769156246183000000,1997.846,0.6800000071525574,unplugged,false
1769156247183000000,1998.846,0.6800000071525574,unplugged,false
1769156248190000000,1999.8530002441407,0.6800000071525574,unplugged,false
1769156249214000000,2000.8770002441406,0.6800000071525574,unplugged,false
1769156250201000000,2001.864,0.6800000071525574,unplugged,false
1769156251200000000,2002.863,0.6800000071525574,unplugged,false
1769156252201000000,2003.864,0.6800000071525574,unplugged,false
1769156253202000000,2004.8649997558593,0.6800000071525574,unplugged,false
1769156254217000000,2005.88,0.6800000071525574,unplugged,false
1769156255202000000,2006.8649997558593,0.6800000071525574,unplugged,false
1769156256203000000,2007.866,0.6800000071525574,unplugged,false
1769156257225000000,2008.888,0.6800000071525574,unplugged,false
1769156258233000000,2009.896,0.6800000071525574,unplugged,false
1769156259266000000,2010.9289997558594,0.6800000071525574,unplugged,false
1769156260233000000,2011.896,0.6800000071525574,unplugged,false
1769156261233000000,2012.896,0.6800000071525574,unplugged,false
1769156262252000000,2013.915,0.6800000071525574,unplugged,false
1769156263250000000,2014.9129997558593,0.6800000071525574,unplugged,false
1769156264293000000,2015.956,0.6800000071525574,unplugged,false
1769156265255000000,2016.918,0.6800000071525574,unplugged,false
1769156266255000000,2017.918,0.6800000071525574,unplugged,false
1769156267290000000,2018.9529997558593,0.6800000071525574,unplugged,false
1769156268255000000,2019.918,0.6800000071525574,unplugged,false
1769156269324000000,2020.987,0.6800000071525574,unplugged,false
1769156270258000000,2021.9209997558594,0.6800000071525574,unplugged,false
1769156271256000000,2022.919,0.6800000071525574,unplugged,false
1769156272297000000,2023.96,0.6800000071525574,unplugged,false
1769156273256000000,2024.919,0.6800000071525574,unplugged,false
1769156274256000000,2025.919,0.6800000071525574,unplugged,false
1769156275307000000,2026.97,0.6800000071525574,unplugged,false
1769156276258000000,2027.9209997558594,0.6800000071525574,unplugged,false
1769156277259000000,2028.922,0.6800000071525574,unplugged,false
1769156278260000000,2029.923,0.6800000071525574,unplugged,false
1769156279258000000,2030.9209997558594,0.6800000071525574,unplugged,false
1769156280313000000,2031.976,0.6800000071525574,unplugged,false
1769156281258000000,2032.9209997558594,0.6800000071525574,unplugged,false
1769156282259000000,2033.922,0.6800000071525574,unplugged,false
1769156283303000000,2034.966,0.6800000071525574,unplugged,false
1769156284260000000,2035.923,0.6800000071525574,unplugged,false
1769156285323000000,2036.986,0.6800000071525574,unplugged,false
1769156286278000000,2037.9410002441407,0.6800000071525574,unplugged,false
1769156287262000000,2038.9250002441406,0.6700000166893005,unplugged,false
1769156288311000000,2039.974,0.6700000166893005,unplugged,false
1769156289264000000,2040.927,0.6700000166893005,unplugged,false
1769156290264000000,2041.927,0.6700000166893005,unplugged,false
1769156291284000000,2042.947,0.6700000166893005,unplugged,false
1769156292264000000,2043.927,0.6700000166893005,unplugged,false
1769156293332000000,2044.995,0.6700000166893005,unplugged,false
1769156294266000000,2045.9289997558594,0.6700000166893005,unplugged,false
1769156295267000000,2046.93,0.6700000166893005,unplugged,false
1769156296285000000,2047.948,0.6700000166893005,unplugged,false
1769156297266000000,2048.9289997558594,0.6700000166893005,unplugged,false
1769156298308000000,2049.971,0.6700000166893005,unplugged,false
1769156299272000000,2050.935,0.6700000166893005,unplugged,false
1769156300272000000,2051.935,0.6700000166893005,unplugged,false
1769156301322000000,2052.9849997558595,0.6700000166893005,unplugged,false
1769156302276000000,2053.939,0.6700000166893005,unplugged,false
1769156303277000000,2054.94,0.6700000166893005,unplugged,false
1769156304303000000,2055.966,0.6700000166893005,unplugged,false
1769156305277000000,2056.94,0.6700000166893005,unplugged,false
1769156306277000000,2057.94,0.6700000166893005,unplugged,false
1769156307292000000,2058.955,0.6700000166893005,unplugged,false
1769156308279000000,2059.942,0.6700000166893005,unplugged,false
1769156309352000000,2061.015,0.6700000166893005,unplugged,false
1769156310281000000,2061.944,0.6700000166893005,unplugged,false
1769156311279000000,2062.942,0.6700000166893005,unplugged,false
1769156312288000000,2063.951,0.6700000166893005,unplugged,false
1769156313303000000,2064.966,0.6700000166893005,unplugged,false
1769156314281000000,2065.944,0.6700000166893005,unplugged,false
1769156315337000000,2067,0.6700000166893005,unplugged,false
1769156316284000000,2067.947,0.6700000166893005,unplugged,false
1769156317282000000,2068.9449997558595,0.6700000166893005,unplugged,false
1769156318328000000,2069.991,0.6700000166893005,unplugged,false
1769156319283000000,2070.946,0.6700000166893005,unplugged,false
1769156320284000000,2071.947,0.6700000166893005,unplugged,false
1769156321315000000,2072.978,0.6700000166893005,unplugged,false
1769156322284000000,2073.947,0.6700000166893005,unplugged,false
1769156323353000000,2075.016,0.6700000166893005,unplugged,false
1769156324286000000,2075.9490002441407,0.6700000166893005,unplugged,false
1769156325287000000,2076.95,0.6700000166893005,unplugged,false
1769156326339000000,2078.002,0.6700000166893005,unplugged,false
1769156327288000000,2078.951,0.6700000166893005,unplugged,false
1769156328287000000,2079.95,0.6700000166893005,unplugged,false
1769156329323000000,2080.986,0.6700000166893005,unplugged,false
1769156330289000000,2081.952,0.6700000166893005,unplugged,false
1769156331358000000,2083.021000244141,0.6700000166893005,unplugged,false
1769156332291000000,2083.954,0.6700000166893005,unplugged,false
1769156333296000000,2084.959,0.6700000166893005,unplugged,false
1769156334318000000,2085.9810002441404,0.6700000166893005,unplugged,false
1769156335291000000,2086.954,0.6700000166893005,unplugged,false
1769156336360000000,2088.023,0.6700000166893005,unplugged,false
1769156337292000000,2088.955,0.6700000166893005,unplugged,false
1769156338295000000,2089.958,0.6700000166893005,unplugged,false
1769156339329000000,2090.992,0.6700000166893005,unplugged,false
1769156340294000000,2091.9570002441405,0.6700000166893005,unplugged,false
1769156341349000000,2093.012,0.6700000166893005,unplugged,false
1769156342297000000,2093.96,0.6700000166893005,unplugged,false
1769156343297000000,2094.96,0.6700000166893005,unplugged,false
1769156344334000000,2095.9970002441405,0.6700000166893005,unplugged,false
1769156345297000000,2096.96,0.6700000166893005,unplugged,false
1769156346328000000,2097.991,0.6700000166893005,unplugged,false
1769156347302000000,2098.965000244141,0.6700000166893005,unplugged,false
1769156348340000000,2100.003,0.6700000166893005,unplugged,false
1769156349310000000,2100.9730002441406,0.6700000166893005,unplugged,false
1769156350310000000,2101.9730002441406,0.6700000166893005,unplugged,false
1769156351311000000,2102.974,0.6700000166893005,unplugged,false
1769156352312000000,2103.975,0.6700000166893005,unplugged,false
1769156353342000000,2105.005000244141,0.6700000166893005,unplugged,false
1769156354313000000,2105.976,0.6700000166893005,unplugged,false
1769156355313000000,2106.976,0.6700000166893005,unplugged,false
1769156356315000000,2107.978,0.6700000166893005,unplugged,false
1769156357314000000,2108.976999755859,0.6700000166893005,unplugged,false
1769156358314000000,2109.976999755859,0.6700000166893005,unplugged,false
1769156359315000000,2110.978,0.6700000166893005,unplugged,false
1769156360349000000,2112.012,0.6700000166893005,unplugged,false
1769156361316000000,2112.979,0.6700000166893005,unplugged,false
1769156362317000000,2113.98,0.6700000166893005,unplugged,false
1769156363342000000,2115.005000244141,0.6700000166893005,unplugged,false
1769156364318000000,2115.9810002441404,0.6700000166893005,unplugged,false
1769156365319000000,2116.982,0.6700000166893005,unplugged,false
1769156366356000000,2118.019,0.6700000166893005,unplugged,false
1769156367319000000,2118.982,0.6700000166893005,unplugged,false
1769156368319000000,2119.982,0.6700000166893005,unplugged,false
1769156369355000000,2121.018,0.6700000166893005,unplugged,false
1769156370321000000,2121.984,0.6700000166893005,unplugged,false
1769156371322000000,2122.9849997558595,0.6700000166893005,unplugged,false
1769156372338000000,2124.0009997558595,0.6700000166893005,unplugged,false
1769156373338000000,2125.0009997558595,0.6700000166893005,unplugged,false
1769156374340000000,2126.003,0.6700000166893005,unplugged,false
1769156375341000000,2127.004,0.6700000166893005,unplugged,false
1769156376342000000,2128.005000244141,0.6700000166893005,unplugged,false
1769156377343000000,2129.006,0.6700000166893005,unplugged,false
1769156378342000000,2130.005000244141,0.6700000166893005,unplugged,false
1769156379342000000,2131.005000244141,0.6700000166893005,unplugged,false
1769156380358000000,2132.021000244141,0.6700000166893005,unplugged,false
1769156381344000000,2133.007,0.6700000166893005,unplugged,false
1769156382344000000,2134.007,0.6700000166893005,unplugged,false
1769156383344000000,2135.007,0.6700000166893005,unplugged,false
1769156384358000000,2136.021000244141,0.6700000166893005,unplugged,false
1769156385350000000,2137.0130002441406,0.6700000166893005,unplugged,false
1769156386351000000,2138.014,0.6700000166893005,unplugged,false
1769156387350000000,2139.0130002441406,0.6700000166893005,unplugged,false
1769156388350000000,2140.0130002441406,0.6700000166893005,unplugged,false
1769156389351000000,2141.014,0.6700000166893005,unplugged,false
1769156390352000000,2142.015,0.6700000166893005,unplugged,false
1769156391353000000,2143.016,0.6700000166893005,unplugged,false
1769156392354000000,2144.016999755859,0.6700000166893005,unplugged,false
1769156393354000000,2145.016999755859,0.6700000166893005,unplugged,false
1769156394354000000,2146.016999755859,0.6700000166893005,unplugged,false
1769156395354000000,2147.016999755859,0.6700000166893005,unplugged,false
1769156396356000000,2148.019,0.6700000166893005,unplugged,false
1769156397356000000,2149.019,0.6700000166893005,unplugged,false
1769156398357000000,2150.02,0.6700000166893005,unplugged,false
1769156399358000000,2151.021000244141,0.6700000166893005,unplugged,false
1769156400359000000,2152.022,0.6700000166893005,unplugged,false
1769156401360000000,2153.023,0.6700000166893005,unplugged,false
1769156402363000000,2154.026,0.6700000166893005,unplugged,false
1769156403362000000,2155.0249997558594,0.6700000166893005,unplugged,false
1769156404363000000,2156.026,0.6700000166893005,unplugged,false
1769156405362000000,2157.0249997558594,0.6700000166893005,unplugged,false
1769156406364000000,2158.027,0.6700000166893005,unplugged,false
1769156407363000000,2159.026,0.6700000166893005,unplugged,false
1769156408364000000,2160.027,0.6700000166893005,unplugged,false
1769156409365000000,2161.028,0.6700000166893005,unplugged,false
1769156410368000000,2162.031,0.6700000166893005,unplugged,false
1769156411367000000,2163.03,0.6700000166893005,unplugged,false
1769156412368000000,2164.031,0.6700000166893005,unplugged,false
1769156413368000000,2165.031,0.6700000166893005,unplugged,false
1769156414369000000,2166.032,0.6700000166893005,unplugged,false
1769156415369000000,2167.032,0.6700000166893005,unplugged,false
1769156416368000000,2168.031,0.6700000166893005,unplugged,false
1769156417369000000,2169.032,0.6700000166893005,unplugged,false
1769156418369000000,2170.032,0.6700000166893005,unplugged,false
1769156419369000000,2171.032,0.6700000166893005,unplugged,false
1769156420370000000,2172.0329997558592,0.6700000166893005,unplugged,false
1769156421371000000,2173.034,0.6700000166893005,unplugged,false
1769156422372000000,2174.035,0.6700000166893005,unplugged,false
1769156423373000000,2175.036,0.6700000166893005,unplugged,false
1769156424373000000,2176.036,0.6700000166893005,unplugged,false
1769156425373000000,2177.036,0.6700000166893005,unplugged,false
1769156426374000000,2178.0370002441405,0.6700000166893005,unplugged,false
1769156427375000000,2179.038,0.6700000166893005,unplugged,false
1769156428376000000,2180.039,0.6700000166893005,unplugged,false
1769156429376000000,2181.039,0.6700000166893005,unplugged,false
1769156430376000000,2182.039,0.6700000166893005,unplugged,false
1769156431377000000,2183.04,0.6700000166893005,unplugged,false
1769156432377000000,2184.04,0.6700000166893005,unplugged,false
1769156433378000000,2185.0409997558595,0.6700000166893005,unplugged,false
1769156434378000000,2186.0409997558595,0.6700000166893005,unplugged,false
1769156435379000000,2187.042,0.6700000166893005,unplugged,false
1769156436380000000,2188.043,0.6700000166893005,unplugged,false
1769156437380000000,2189.043,0.6700000166893005,unplugged,false
1769156438382000000,2190.0450002441407,0.6700000166893005,unplugged,false
1769156439382000000,2191.0450002441407,0.6700000166893005,unplugged,false
1769156440382000000,2192.0450002441407,0.6700000166893005,unplugged,false
1769156441383000000,2193.046,0.6700000166893005,unplugged,false
1769156442384000000,2194.047,0.6700000166893005,unplugged,false
1769156443384000000,2195.047,0.6700000166893005,unplugged,false
1769156444385000000,2196.048,0.6700000166893005,unplugged,false
1769156445386000000,2197.0489997558593,0.6700000166893005,unplugged,false
1769156446388000000,2198.051,0.6700000166893005,unplugged,false
1769156447389000000,2199.052,0.6700000166893005,unplugged,false
1769156448391000000,2200.054,0.6700000166893005,unplugged,false
1769156449391000000,2201.054,0.6700000166893005,unplugged,false
1769156450392000000,2202.055,0.6700000166893005,unplugged,false
1769156451392000000,2203.055,0.6700000166893005,unplugged,false
1769156452393000000,2204.056,0.6700000166893005,unplugged,false
1769156453393000000,2205.056,0.6700000166893005,unplugged,false
1769156454393000000,2206.056,0.6700000166893005,unplugged,false
1769156455394000000,2207.0569997558596,0.6700000166893005,unplugged,false
1769156456395000000,2208.058,0.6700000166893005,unplugged,false
1769156457396000000,2209.059,0.6700000166893005,unplugged,false
1769156458395000000,2210.058,0.6700000166893005,unplugged,false
1769156459397000000,2211.06,0.6700000166893005,unplugged,false
1769156460396000000,2212.059,0.6700000166893005,unplugged,false
1769156461396000000,2213.059,0.6700000166893005,unplugged,false
1769156462397000000,2214.06,0.6700000166893005,unplugged,false
1769156463397000000,2215.06,0.6700000166893005,unplugged,false
1769156464399000000,2216.062,0.6700000166893005,unplugged,false
1769156465399000000,2217.062,0.6700000166893005,unplugged,false
1769156466400000000,2218.063,0.6700000166893005,unplugged,false
1769156467400000000,2219.063,0.6700000166893005,unplugged,false
1769156468400000000,2220.063,0.6700000166893005,unplugged,false
1769156469399000000,2221.062,0.6700000166893005,unplugged,false
1769156470399000000,2222.062,0.6700000166893005,unplugged,false
1769156471402000000,2223.0649997558594,0.6700000166893005,unplugged,false
1769156472402000000,2224.0649997558594,0.6700000166893005,unplugged,false
1769156473403000000,2225.066,0.6700000166893005,unplugged,false
1769156474403000000,2226.066,0.6700000166893005,unplugged,false
1769156475404000000,2227.067,0.6700000166893005,unplugged,false
1769156476404000000,2228.067,0.6700000166893005,unplugged,false
1769156477405000000,2229.068,0.6700000166893005,unplugged,false
1769156478405000000,2230.068,0.6700000166893005,unplugged,false
1769156479406000000,2231.0690002441406,0.6700000166893005,unplugged,false
1769156480406000000,2232.0690002441406,0.6700000166893005,unplugged,false
1769156481406000000,2233.0690002441406,0.6700000166893005,unplugged,false
1769156482407000000,2234.07,0.6700000166893005,unplugged,false
1769156483407000000,2235.07,0.6700000166893005,unplugged,false
1769156484409000000,2236.072,0.6700000166893005,unplugged,false
1769156485409000000,2237.072,0.6700000166893005,unplugged,false
1769156486409000000,2238.072,0.6700000166893005,unplugged,false
1769156487408000000,2239.071,0.6700000166893005,unplugged,false
1769156488409000000,2240.072,0.6700000166893005,unplugged,false
1769156489411000000,2241.074,0.6700000166893005,unplugged,false
1769156490409000000,2242.072,0.6700000166893005,unplugged,false
1769156491416000000,2243.079,0.6700000166893005,unplugged,false
1769156492413000000,2244.076,0.6700000166893005,unplugged,false
1769156493414000000,2245.0770002441404,0.6700000166893005,unplugged,false
1769156494414000000,2246.0770002441404,0.6700000166893005,unplugged,false
1769156495416000000,2247.079,0.6700000166893005,unplugged,false
1769156496415000000,2248.078,0.6700000166893005,unplugged,false
1769156497417000000,2249.08,0.6700000166893005,unplugged,false
1769156498417000000,2250.08,0.6700000166893005,unplugged,false
1769156499417000000,2251.08,0.6700000166893005,unplugged,false
1769156500418000000,2252.0809997558595,0.6700000166893005,unplugged,false
1769156501419000000,2253.082,0.6700000166893005,unplugged,false
1769156502540000000,2254.203,0.6700000166893005,unplugged,false
1769156503641000000,2255.304,0.6700000166893005,unplugged,false
1769156504482000000,2256.1449997558593,0.6700000166893005,unplugged,false
1769156505476000000,2257.139,0.6700000166893005,unplugged,false
1769156506476000000,2258.139,0.6700000166893005,unplugged,false
1769156507477000000,2259.14,0.6700000166893005,unplugged,false
1769156508478000000,2260.1410002441407,0.6700000166893005,unplugged,false
1769156509478000000,2261.1410002441407,0.6700000166893005,unplugged,false
1769156510479000000,2262.142,0.6700000166893005,unplugged,false
1769156511480000000,2263.143,0.6700000166893005,unplugged,false
1769156512508000000,2264.171,0.6700000166893005,unplugged,false
1769156513509000000,2265.172,0.6700000166893005,unplugged,false
1769156514509000000,2266.172,0.6700000166893005,unplugged,false
1769156515510000000,2267.1730002441404,0.6700000166893005,unplugged,false
1769156516525000000,2268.188,0.6700000166893005,unplugged,false
1769156517510000000,2269.1730002441404,0.6700000166893005,unplugged,false
1769156518510000000,2270.1730002441404,0.6700000166893005,unplugged,false
1769156519511000000,2271.174,0.6700000166893005,unplugged,false
1769156520513000000,2272.176,0.6700000166893005,unplugged,false
1769156521540000000,2273.203,0.6700000166893005,unplugged,false
1769156522553000000,2274.216,0.6700000166893005,unplugged,false
1769156523526000000,2275.1890002441405,0.6700000166893005,unplugged,false
1769156524525000000,2276.188,0.6700000166893005,unplugged,false
1769156525525000000,2277.188,0.6700000166893005,unplugged,false
1769156526526000000,2278.1890002441405,0.6700000166893005,unplugged,false
1769156527526000000,2279.1890002441405,0.6700000166893005,unplugged,false
1769156528527000000,2280.19,0.6700000166893005,unplugged,false
1769156529526000000,2281.1890002441405,0.6700000166893005,unplugged,false
1769156530528000000,2282.191,0.6700000166893005,unplugged,false
1769156531527000000,2283.19,0.6700000166893005,unplugged,false
1769156532530000000,2284.1929997558595,0.6700000166893005,unplugged,false
1769156533530000000,2285.1929997558595,0.6700000166893005,unplugged,false
1769156534531000000,2286.194,0.6700000166893005,unplugged,false
1769156535530000000,2287.1929997558595,0.6700000166893005,unplugged,false
1769156536530000000,2288.1929997558595,0.6700000166893005,unplugged,false
1769156537531000000,2289.194,0.6700000166893005,unplugged,false
1769156538530000000,2290.1929997558595,0.6700000166893005,unplugged,false
1769156539532000000,2291.195,0.6700000166893005,unplugged,false
1769156540532000000,2292.195,0.6700000166893005,unplugged,false
1769156541532000000,2293.195,0.6700000166893005,unplugged,false
1769156542533000000,2294.196,0.6700000166893005,unplugged,false
1769156543533000000,2295.196,0.6700000166893005,unplugged,false
1769156544534000000,2296.197000244141,0.6700000166893005,unplugged,false
1769156545534000000,2297.197000244141,0.6700000166893005,unplugged,false
1769156546536000000,2298.199,0.6700000166893005,unplugged,false
1769156547536000000,2299.199,0.6700000166893005,unplugged,false
1769156548535000000,2300.198,0.6700000166893005,unplugged,false
1769156549536000000,2301.199,0.6700000166893005,unplugged,false
1769156550536000000,2302.199,0.6700000166893005,unplugged,false
1769156551537000000,2303.2,0.6700000166893005,unplugged,false
1769156552536000000,2304.199,0.6700000166893005,unplugged,false
1769156553537000000,2305.2,0.6700000166893005,unplugged,false
1769156554538000000,2306.2009997558594,0.6700000166893005,unplugged,false
1769156555539000000,2307.202,0.6700000166893005,unplugged,false
1769156556539000000,2308.202,0.6700000166893005,unplugged,false
1769156557541000000,2309.204,0.6700000166893005,unplugged,false
1769156558541000000,2310.204,0.6700000166893005,unplugged,false
1769156559541000000,2311.204,0.6700000166893005,unplugged,false
1769156560541000000,2312.204,0.6700000166893005,unplugged,false
1769156561540000000,2313.203,0.6700000166893005,unplugged,false
1769156562542000000,2314.2050002441406,0.6700000166893005,unplugged,false
1769156563542000000,2315.2050002441406,0.6700000166893005,unplugged,false
1769156564542000000,2316.2050002441406,0.6700000166893005,unplugged,false
1769156565543000000,2317.206,0.6700000166893005,unplugged,false
1769156566543000000,2318.206,0.6700000166893005,unplugged,false
1769156567544000000,2319.207,0.6700000166893005,unplugged,false
1769156568544000000,2320.207,0.6700000166893005,unplugged,false
1769156569544000000,2321.207,0.6700000166893005,unplugged,false
1769156570545000000,2322.208,0.6700000166893005,unplugged,false
1769156571546000000,2323.208999755859,0.6700000166893005,unplugged,false
1769156572547000000,2324.21,0.6700000166893005,unplugged,false
1769156573546000000,2325.208999755859,0.6700000166893005,unplugged,false
1769156574549000000,2326.212,0.6700000166893005,unplugged,false
1769156575550000000,2327.2130002441404,0.6700000166893005,unplugged,false
1769156576551000000,2328.214,0.6700000166893005,unplugged,false
1769156577552000000,2329.215,0.6700000166893005,unplugged,false
1769156578553000000,2330.216,0.6700000166893005,unplugged,false
1769156579554000000,2331.2169997558594,0.6700000166893005,unplugged,false
1769156580554000000,2332.2169997558594,0.6700000166893005,unplugged,false
1769156581554000000,2333.2169997558594,0.6700000166893005,unplugged,false
1769156582555000000,2334.218,0.6700000166893005,unplugged,false
1769156583555000000,2335.218,0.6700000166893005,unplugged,false
1769156584556000000,2336.219,0.6700000166893005,unplugged,false
1769156585557000000,2337.22,0.6700000166893005,unplugged,false
1769156586556000000,2338.219,0.6700000166893005,unplugged,false
1769156587557000000,2339.22,0.6700000166893005,unplugged,false
1769156588556000000,2340.219,0.6700000166893005,unplugged,false
1769156589557000000,2341.22,0.6700000166893005,unplugged,false
1769156590556000000,2342.219,0.6700000166893005,unplugged,false
1769156591557000000,2343.22,0.6700000166893005,unplugged,false
1769156592557000000,2344.22,0.6700000166893005,unplugged,false
1769156593557000000,2345.22,0.6700000166893005,unplugged,false
1769156594559000000,2346.222,0.6700000166893005,unplugged,false
1769156595559000000,2347.222,0.6700000166893005,unplugged,false
1769156596560000000,2348.223,0.6700000166893005,unplugged,false
1769156597561000000,2349.224,0.6700000166893005,unplugged,false
1769156598561000000,2350.224,0.6700000166893005,unplugged,false
1769156599562000000,2351.2249997558592,0.6700000166893005,unplugged,false
1769156600563000000,2352.226,0.6700000166893005,unplugged,false
1769156601562000000,2353.2249997558592,0.6700000166893005,unplugged,false
1769156602562000000,2354.2249997558592,0.6700000166893005,unplugged,false
1769156603563000000,2355.226,0.6700000166893005,unplugged,false
1769156604563000000,2356.226,0.6700000166893005,unplugged,false
1769156605564000000,2357.227,0.6700000166893005,unplugged,false
1769156606564000000,2358.227,0.6700000166893005,unplugged,false
1769156607564000000,2359.227,0.6700000166893005,unplugged,false
1769156608565000000,2360.228,0.6700000166893005,unplugged,false
1769156609565000000,2361.228,0.6700000166893005,unplugged,false
1769156610566000000,2362.2290002441405,0.6700000166893005,unplugged,false
1769156611566000000,2363.2290002441405,0.6700000166893005,unplugged,false
1769156612567000000,2364.23,0.6700000166893005,unplugged,false
1769156613567000000,2365.23,0.6700000166893005,unplugged,false
1769156614572000000,2366.235,0.6700000166893005,unplugged,false
1769156615572000000,2367.235,0.6700000166893005,unplugged,false
1769156616572000000,2368.235,0.6700000166893005,unplugged,false
1769156617573000000,2369.236,0.6700000166893005,unplugged,false
1769156618576000000,2370.239,0.6700000166893005,unplugged,false
1769156619579000000,2371.242,0.6700000166893005,unplugged,false
1769156620579000000,2372.242,0.6700000166893005,unplugged,false
1769156621579000000,2373.242,0.6700000166893005,unplugged,false
1769156622581000000,2374.244,0.6700000166893005,unplugged,false
1769156623583000000,2375.246,0.6700000166893005,unplugged,false
1769156624584000000,2376.247,0.6700000166893005,unplugged,false
1769156625583000000,2377.246,0.6700000166893005,unplugged,false
1769156626585000000,2378.248,0.6700000166893005,unplugged,false
1769156627583000000,2379.246,0.6700000166893005,unplugged,false
1769156628585000000,2380.248,0.6700000166893005,unplugged,false
1769156629586000000,2381.2489997558596,0.6700000166893005,unplugged,false
1769156630586000000,2382.2489997558596,0.6700000166893005,unplugged,false
1769156631589000000,2383.252,0.6700000166893005,unplugged,false
1769156632590000000,2384.253000244141,0.6700000166893005,unplugged,false
1769156633591000000,2385.254,0.6700000166893005,unplugged,false
1769156634592000000,2386.255,0.6700000166893005,unplugged,false
1769156635593000000,2387.256,0.6700000166893005,unplugged,false
1769156636594000000,2388.2569997558594,0.6700000166893005,unplugged,false
1769156637595000000,2389.258,0.6700000166893005,unplugged,false
1769156638596000000,2390.259,0.6700000166893005,unplugged,false
1769156639597000000,2391.26,0.6700000166893005,unplugged,false
1769156640597000000,2392.26,0.6700000166893005,unplugged,false
1769156641598000000,2393.2610002441406,0.6700000166893005,unplugged,false
1769156642599000000,2394.262,0.6700000166893005,unplugged,false
1769156643600000000,2395.263,0.6700000166893005,unplugged,false
1769156644603000000,2396.266,0.6700000166893005,unplugged,false
1769156645603000000,2397.266,0.6700000166893005,unplugged,false
1769156646603000000,2398.266,0.6700000166893005,unplugged,false
1769156647604000000,2399.267,0.6700000166893005,unplugged,false
1769156648608000000,2400.271,0.6700000166893005,unplugged,false
1769156649609000000,2401.272,0.6700000166893005,unplugged,false
1769156650610000000,2402.2729997558595,0.6700000166893005,unplugged,false
1769156651613000000,2403.276,0.6700000166893005,unplugged,false
1769156652613000000,2404.276,0.6700000166893005,unplugged,false
1769156653615000000,2405.278,0.6700000166893005,unplugged,false
1769156654615000000,2406.278,0.6700000166893005,unplugged,false
1769156655616000000,2407.279,0.6700000166893005,unplugged,false
1769156656616000000,2408.279,0.6700000166893005,unplugged,false
1769156657617000000,2409.28,0.6700000166893005,unplugged,false
1769156658618000000,2410.2809997558593,0.6700000166893005,unplugged,false
1769156659619000000,2411.282,0.6700000166893005,unplugged,false
1769156660620000000,2412.283,0.6700000166893005,unplugged,false
1769156661626000000,2413.2889997558595,0.6700000166893005,unplugged,false
1769156662624000000,2414.287,0.6700000166893005,unplugged,false
1769156663624000000,2415.287,0.6700000166893005,unplugged,false
1769156664625000000,2416.288,0.6700000166893005,unplugged,false
1769156665626000000,2417.2889997558595,0.6700000166893005,unplugged,false
1769156666627000000,2418.29,0.6700000166893005,unplugged,false
1769156667630000000,2419.293000244141,0.6700000166893005,unplugged,false
1769156668628000000,2420.291,0.6700000166893005,unplugged,false
1769156669629000000,2421.292,0.6700000166893005,unplugged,false
1769156670628000000,2422.291,0.6700000166893005,unplugged,false
1769156671631000000,2423.294,0.6700000166893005,unplugged,false
1769156672630000000,2424.293000244141,0.6700000166893005,unplugged,false
1769156673632000000,2425.295,0.6700000166893005,unplugged,false
1769156674632000000,2426.295,0.6700000166893005,unplugged,false
1769156675631000000,2427.294,0.6700000166893005,unplugged,false
1769156676632000000,2428.295,0.6700000166893005,unplugged,false
1769156677644000000,2429.307,0.6700000166893005,unplugged,false
1769156679057000000,2430.72,0.6700000166893005,unplugged,false
1769156680012000000,2431.675,0.6700000166893005,unplugged,false
1769156680967000000,2432.63,0.6700000166893005,unplugged,false
1769156682092000000,2433.755,0.6700000166893005,unplugged,false
1769156682967000000,2434.63,0.6700000166893005,unplugged,false
1769156683968000000,2435.631,0.6700000166893005,unplugged,false
1769156684967000000,2436.63,0.6700000166893005,unplugged,false
1769156685968000000,2437.631,0.6700000166893005,unplugged,false
1769156686969000000,2438.632,0.6700000166893005,unplugged,false
1769156687980000000,2439.643,0.6700000166893005,unplugged,false
1769156688975000000,2440.638,0.6700000166893005,unplugged,false
1769156690003000000,2441.666,0.6700000166893005,unplugged,false
1769156690975000000,2442.638,0.6700000166893005,unplugged,false
1769156691975000000,2443.638,0.6700000166893005,unplugged,false
1769156692999000000,2444.662,0.6700000166893005,unplugged,false
1769156693977000000,2445.64,0.6700000166893005,unplugged,false
1769156694978000000,2446.6409997558594,0.6700000166893005,unplugged,false
1769156695978000000,2447.6409997558594,0.6700000166893005,unplugged,false
1769156696978000000,2448.6409997558594,0.6700000166893005,unplugged,false
1769156698015000000,2449.678,0.6700000166893005,unplugged,false
1769156698979000000,2450.642,0.6700000166893005,unplugged,false
1769156699979000000,2451.642,0.6700000166893005,unplugged,false
1769156700986000000,2452.648999755859,0.6700000166893005,unplugged,false
1769156701981000000,2453.644,0.6700000166893005,unplugged,false
1769156702986000000,2454.648999755859,0.6700000166893005,unplugged,false
1769156703985000000,2455.648,0.6700000166893005,unplugged,false
1769156704986000000,2456.648999755859,0.6700000166893005,unplugged,false
1769156705986000000,2457.648999755859,0.6700000166893005,unplugged,false
1769156706987000000,2458.65,0.6700000166893005,unplugged,false
1769156707987000000,2459.65,0.6700000166893005,unplugged,false
1769156708988000000,2460.651,0.6700000166893005,unplugged,false
1769156709998000000,2461.6610002441407,0.6700000166893005,unplugged,false
1769156710990000000,2462.6530002441405,0.6700000166893005,unplugged,false
1769156711990000000,2463.6530002441405,0.6700000166893005,unplugged,false
1769156712991000000,2464.654,0.6700000166893005,unplugged,false
1769156713992000000,2465.655,0.6700000166893005,unplugged,false
1769156714992000000,2466.655,0.6700000166893005,unplugged,false
1769156715993000000,2467.656,0.6700000166893005,unplugged,false
1769156716994000000,2468.6569997558595,0.6700000166893005,unplugged,false
1769156717994000000,2469.6569997558595,0.6700000166893005,unplugged,false
1769156718994000000,2470.6569997558595,0.6700000166893005,unplugged,false
1769156719995000000,2471.658,0.6700000166893005,unplugged,false
1769156720995000000,2472.658,0.6700000166893005,unplugged,false
1769156721996000000,2473.659,0.6700000166893005,unplugged,false
1769156722997000000,2474.66,0.6700000166893005,unplugged,false
1769156723997000000,2475.66,0.6700000166893005,unplugged,false
1769156724997000000,2476.66,0.6700000166893005,unplugged,false
1769156725996000000,2477.659,0.6700000166893005,unplugged,false
1769156726997000000,2478.66,0.6700000166893005,unplugged,false
1769156727997000000,2479.66,0.6700000166893005,unplugged,false
1769156728998000000,2480.6610002441407,0.6700000166893005,unplugged,false
1769156729998000000,2481.6610002441407,0.6700000166893005,unplugged,false
1769156730998000000,2482.6610002441407,0.6700000166893005,unplugged,false
1769156732001000000,2483.664,0.6700000166893005,unplugged,false
1769156732999000000,2484.662,0.6700000166893005,unplugged,false
1769156733999000000,2485.662,0.6700000166893005,unplugged,false
1769156735001000000,2486.664,0.6700000166893005,unplugged,false
1769156736000000000,2487.663,0.6700000166893005,unplugged,false
1769156736999000000,2488.662,0.6700000166893005,unplugged,false
1769156738000000000,2489.663,0.6700000166893005,unplugged,false
1769156739001000000,2490.664,0.6700000166893005,unplugged,false
1769156740002000000,2491.6649997558593,0.6700000166893005,unplugged,false
1769156741003000000,2492.666,0.6600000262260437,unplugged,false
1769156742003000000,2493.666,0.6600000262260437,unplugged,false
1769156743004000000,2494.667,0.6600000262260437,unplugged,false
1769156744005000000,2495.668,0.6600000262260437,unplugged,false
1769156745005000000,2496.668,0.6600000262260437,unplugged,false
1769156746006000000,2497.6690002441405,0.6600000262260437,unplugged,false
1769156747006000000,2498.6690002441405,0.6600000262260437,unplugged,false
1769156748007000000,2499.67,0.6600000262260437,unplugged,false
1769156749009000000,2500.672,0.6600000262260437,unplugged,false
1769156750009000000,2501.672,0.6600000262260437,unplugged,false
1769156751010000000,2502.6729997558596,0.6600000262260437,unplugged,false
1769156752012000000,2503.675,0.6600000262260437,unplugged,false
1769156753011000000,2504.674,0.6600000262260437,unplugged,false
1769156754012000000,2505.675,0.6600000262260437,unplugged,false
1769156755013000000,2506.676,0.6600000262260437,unplugged,false
1769156756013000000,2507.676,0.6600000262260437,unplugged,false
1769156757014000000,2508.677000244141,0.6600000262260437,unplugged,false
1769156758014000000,2509.677000244141,0.6600000262260437,unplugged,false
1769156759016000000,2510.679,0.6600000262260437,unplugged,false
1769156760016000000,2511.679,0.6600000262260437,unplugged,false
1769156761018000000,2512.6809997558594,0.6600000262260437,unplugged,false
1769156762018000000,2513.6809997558594,0.6600000262260437,unplugged,false
1769156763018000000,2514.6809997558594,0.6600000262260437,unplugged,false
1769156764019000000,2515.682,0.6600000262260437,unplugged,false
1769156765019000000,2516.682,0.6600000262260437,unplugged,false
1769156766020000000,2517.683,0.6600000262260437,unplugged,false
1769156767020000000,2518.683,0.6600000262260437,unplugged,false
1769156768021000000,2519.684,0.6600000262260437,unplugged,false
1769156769020000000,2520.683,0.6600000262260437,unplugged,false
1769156770022000000,2521.6850002441406,0.6600000262260437,unplugged,false
1769156771024000000,2522.687,0.6600000262260437,unplugged,false
1769156772024000000,2523.687,0.6600000262260437,unplugged,false
1769156773026000000,2524.688999755859,0.6600000262260437,unplugged,false
1769156774026000000,2525.688999755859,0.6600000262260437,unplugged,false
1769156775025000000,2526.688,0.6600000262260437,unplugged,false
1769156776027000000,2527.69,0.6600000262260437,unplugged,false
1769156777027000000,2528.69,0.6600000262260437,unplugged,false
1769156778030000000,2529.6930002441404,0.6600000262260437,unplugged,false
1769156779030000000,2530.6930002441404,0.6600000262260437,unplugged,false
1769156780032000000,2531.695,0.6600000262260437,unplugged,false
1769156781033000000,2532.696,0.6600000262260437,unplugged,false
1769156782035000000,2533.698,0.6600000262260437,unplugged,false
1769156783041000000,2534.704,0.6600000262260437,unplugged,false
1769156784041000000,2535.704,0.6600000262260437,unplugged,false
1769156785043000000,2536.706,0.6600000262260437,unplugged,false
1769156786042000000,2537.7049997558593,0.6600000262260437,unplugged,false
1769156787044000000,2538.707,0.6600000262260437,unplugged,false
1769156788043000000,2539.706,0.6600000262260437,unplugged,false
1769156789045000000,2540.708,0.6600000262260437,unplugged,false
1769156790284000000,2541.947,0.6600000262260437,unplugged,false
1769156791131000000,2542.794,0.6600000262260437,unplugged,false
1769156792098000000,2543.7609997558593,0.6600000262260437,unplugged,false
1769156793099000000,2544.762,0.6600000262260437,unplugged,false
1769156794132000000,2545.795,0.6600000262260437,unplugged,false
1769156795101000000,2546.764,0.6600000262260437,unplugged,false
1769156796102000000,2547.7650002441405,0.6600000262260437,unplugged,false
1769156797117000000,2548.78,0.6600000262260437,unplugged,false
1769156798104000000,2549.767,0.6600000262260437,unplugged,false
1769156799143000000,2550.806,0.6600000262260437,unplugged,false
1769156800102000000,2551.7650002441405,0.6600000262260437,unplugged,false
1769156801103000000,2552.766,0.6600000262260437,unplugged,false
1769156802103000000,2553.766,0.6600000262260437,unplugged,false
1769156803103000000,2554.766,0.6600000262260437,unplugged,false
1769156804112000000,2555.775,0.6600000262260437,unplugged,false
1769156805110000000,2556.773000244141,0.6600000262260437,unplugged,false
1769156806112000000,2557.775,0.6600000262260437,unplugged,false
1769156807112000000,2558.775,0.6600000262260437,unplugged,false
1769156808113000000,2559.776,0.6600000262260437,unplugged,false
1769156809113000000,2560.776,0.6600000262260437,unplugged,false
1769156810115000000,2561.778,0.6600000262260437,unplugged,false
1769156811116000000,2562.779,0.6600000262260437,unplugged,false
1769156812117000000,2563.78,0.6600000262260437,unplugged,false
1769156813117000000,2564.78,0.6600000262260437,unplugged,false
1769156814120000000,2565.783,0.6600000262260437,unplugged,false
1769156815118000000,2566.7810002441406,0.6600000262260437,unplugged,false
1769156816119000000,2567.782,0.6600000262260437,unplugged,false
1769156817118000000,2568.7810002441406,0.6600000262260437,unplugged,false
1769156818125000000,2569.788,0.6600000262260437,unplugged,false
1769156819125000000,2570.788,0.6600000262260437,unplugged,false
1769156820126000000,2571.7890002441404,0.6600000262260437,unplugged,false
1769156821126000000,2572.7890002441404,0.6600000262260437,unplugged,false
1769156822126000000,2573.7890002441404,0.6600000262260437,unplugged,false
1769156823126000000,2574.7890002441404,0.6600000262260437,unplugged,false
1769156824127000000,2575.79,0.6600000262260437,unplugged,false
1769156825127000000,2576.79,0.6600000262260437,unplugged,false
1769156826128000000,2577.791,0.6600000262260437,unplugged,false
1769156827130000000,2578.7929997558595,0.6600000262260437,unplugged,false
1769156828130000000,2579.7929997558595,0.6600000262260437,unplugged,false
1769156829130000000,2580.7929997558595,0.6600000262260437,unplugged,false
1769156830130000000,2581.7929997558595,0.6600000262260437,unplugged,false
1769156831131000000,2582.794,0.6600000262260437,unplugged,false
1769156832131000000,2583.794,0.6600000262260437,unplugged,false
1769156833132000000,2584.795,0.6600000262260437,unplugged,false
1769156834133000000,2585.796,0.6600000262260437,unplugged,false
1769156835135000000,2586.798,0.6600000262260437,unplugged,false
1769156836135000000,2587.798,0.6600000262260437,unplugged,false
1769156837136000000,2588.799,0.6600000262260437,unplugged,false
1769156838137000000,2589.8,0.6600000262260437,unplugged,false
1769156839137000000,2590.8,0.6600000262260437,unplugged,false
1769156840138000000,2591.8009997558593,0.6600000262260437,unplugged,false
1769156841137000000,2592.8,0.6600000262260437,unplugged,false
1769156842138000000,2593.8009997558593,0.6600000262260437,unplugged,false
1769156843138000000,2594.8009997558593,0.6600000262260437,unplugged,false
1769156844138000000,2595.8009997558593,0.6600000262260437,unplugged,false
1769156845139000000,2596.802,0.6600000262260437,unplugged,false
1769156846139000000,2597.802,0.6600000262260437,unplugged,false
1769156847142000000,2598.8050002441405,0.6600000262260437,unplugged,false
1769156848141000000,2599.804,0.6600000262260437,unplugged,false
1769156849142000000,2600.8050002441405,0.6600000262260437,unplugged,false
1769156850141000000,2601.804,0.6600000262260437,unplugged,false
1769156851141000000,2602.804,0.6600000262260437,unplugged,false
1769156852141000000,2603.804,0.6600000262260437,unplugged,false
1769156853142000000,2604.8050002441405,0.6600000262260437,unplugged,false
1769156854143000000,2605.806,0.6600000262260437,unplugged,false
1769156855144000000,2606.807,0.6600000262260437,unplugged,false
1769156856144000000,2607.807,0.6600000262260437,unplugged,false
1769156857144000000,2608.807,0.6600000262260437,unplugged,false
1769156858145000000,2609.808,0.6600000262260437,unplugged,false
1769156859146000000,2610.8089997558595,0.6600000262260437,unplugged,false
1769156860149000000,2611.812,0.6600000262260437,unplugged,false
1769156861148000000,2612.811,0.6600000262260437,unplugged,false
1769156862150000000,2613.8130002441408,0.6600000262260437,unplugged,false
1769156863150000000,2614.8130002441408,0.6600000262260437,unplugged,false
1769156864153000000,2615.816,0.6600000262260437,unplugged,false
1769156865152000000,2616.815,0.6600000262260437,unplugged,false
1769156866153000000,2617.816,0.6600000262260437,unplugged,false
1769156867152000000,2618.815,0.6600000262260437,unplugged,false
1769156868153000000,2619.816,0.6600000262260437,unplugged,false
1769156869154000000,2620.8169997558593,0.6600000262260437,unplugged,false
1769156870155000000,2621.818,0.6600000262260437,unplugged,false
1769156871156000000,2622.819,0.6600000262260437,unplugged,false
1769156872157000000,2623.82,0.6600000262260437,unplugged,false
1769156873159000000,2624.822,0.6600000262260437,unplugged,false
1769156874159000000,2625.822,0.6600000262260437,unplugged,false
1769156875160000000,2626.823,0.6600000262260437,unplugged,false
1769156876160000000,2627.823,0.6600000262260437,unplugged,false
1769156877161000000,2628.824,0.6600000262260437,unplugged,false
1769156878161000000,2629.824,0.6600000262260437,unplugged,false
1769156879161000000,2630.824,0.6600000262260437,unplugged,false
1769156880161000000,2631.824,0.6600000262260437,unplugged,false
1769156881162000000,2632.824999755859,0.6600000262260437,unplugged,false
1769156882164000000,2633.827,0.6600000262260437,unplugged,false
1769156883163000000,2634.826,0.6600000262260437,unplugged,false
1769156884164000000,2635.827,0.6600000262260437,unplugged,false
1769156885165000000,2636.828,0.6600000262260437,unplugged,false
1769156886165000000,2637.828,0.6600000262260437,unplugged,false
1769156887166000000,2638.829000244141,0.6600000262260437,unplugged,false
1769156888166000000,2639.829000244141,0.6600000262260437,unplugged,false
1769156889166000000,2640.829000244141,0.6600000262260437,unplugged,false
1769156890166000000,2641.829000244141,0.6600000262260437,unplugged,false
1769156891167000000,2642.83,0.6600000262260437,unplugged,false
1769156892168000000,2643.831,0.6600000262260437,unplugged,false
1769156893169000000,2644.832,0.6600000262260437,unplugged,false
1769156894170000000,2645.8329997558594,0.6600000262260437,unplugged,false
1769156895170000000,2646.8329997558594,0.6600000262260437,unplugged,false
1769156896171000000,2647.834,0.6600000262260437,unplugged,false
1769156897173000000,2648.836,0.6600000262260437,unplugged,false
1769156898173000000,2649.836,0.6600000262260437,unplugged,false
1769156899174000000,2650.8370002441407,0.6600000262260437,unplugged,false
1769156900175000000,2651.838,0.6600000262260437,unplugged,false
1769156901177000000,2652.84,0.6600000262260437,unplugged,false
1769156902177000000,2653.84,0.6600000262260437,unplugged,false
1769156903177000000,2654.84,0.6600000262260437,unplugged,false
1769156904178000000,2655.8409997558592,0.6600000262260437,unplugged,false
1769156905179000000,2656.842,0.6600000262260437,unplugged,false
1769156906179000000,2657.842,0.6600000262260437,unplugged,false
1769156907184000000,2658.847,0.6600000262260437,unplugged,false
1769156908183000000,2659.846,0.6600000262260437,unplugged,false
1769156909185000000,2660.848,0.6600000262260437,unplugged,false
1769156910185000000,2661.848,0.6600000262260437,unplugged,false
1769156911187000000,2662.85,0.6600000262260437,unplugged,false
1769156912187000000,2663.85,0.6600000262260437,unplugged,false
1769156913188000000,2664.851,0.6600000262260437,unplugged,false
1769156914189000000,2665.852,0.6600000262260437,unplugged,false
1769156915191000000,2666.854,0.6600000262260437,unplugged,false
1769156916192000000,2667.855,0.6600000262260437,unplugged,false
1769156917192000000,2668.855,0.6600000262260437,unplugged,false
1769156918193000000,2669.856,0.6600000262260437,unplugged,false
1769156919193000000,2670.856,0.6600000262260437,unplugged,false
1769156920194000000,2671.8569997558593,0.6600000262260437,unplugged,false
1769156921196000000,2672.859,0.6600000262260437,unplugged,false
1769156922196000000,2673.859,0.6600000262260437,unplugged,false
1769156923196000000,2674.859,0.6600000262260437,unplugged,false
1769156924197000000,2675.86,0.6600000262260437,unplugged,false
1769156925198000000,2676.8610002441405,0.6600000262260437,unplugged,false
1769156926202000000,2677.8649997558596,0.6600000262260437,unplugged,false
1769156927202000000,2678.8649997558596,0.6600000262260437,unplugged,false
1769156928201000000,2679.864,0.6600000262260437,unplugged,false
1769156929203000000,2680.866,0.6600000262260437,unplugged,false
1769156930204000000,2681.867,0.6600000262260437,unplugged,false
1769156931203000000,2682.866,0.6600000262260437,unplugged,false
1769156932203000000,2683.866,0.6600000262260437,unplugged,false
1769156933204000000,2684.867,0.6600000262260437,unplugged,false
1769156934204000000,2685.867,0.6600000262260437,unplugged,false
1769156935207000000,2686.87,0.6600000262260437,unplugged,false
1769156936204000000,2687.867,0.6600000262260437,unplugged,false
1769156937206000000,2688.869000244141,0.6600000262260437,unplugged,false
1769156938205000000,2689.868,0.6600000262260437,unplugged,false
1769156939206000000,2690.869000244141,0.6600000262260437,unplugged,false
1769156940206000000,2691.869000244141,0.6600000262260437,unplugged,false
1769156941207000000,2692.87,0.6600000262260437,unplugged,false
1769156942207000000,2693.87,0.6600000262260437,unplugged,false
1769156943207000000,2694.87,0.6600000262260437,unplugged,false
1769156944237000000,2695.9,0.6600000262260437,unplugged,false
1769156945230000000,2696.8930002441407,0.6600000262260437,unplugged,false
1769156946227000000,2697.89,0.6600000262260437,unplugged,false
1769156947228000000,2698.891,0.6600000262260437,unplugged,false
1769156948228000000,2699.891,0.6600000262260437,unplugged,false
1769156949228000000,2700.891,0.6600000262260437,unplugged,false
1769156950236000000,2701.899,0.6600000262260437,unplugged,false
1769156951236000000,2702.899,0.6600000262260437,unplugged,false
1769156952236000000,2703.899,0.6600000262260437,unplugged,false
1769156953243000000,2704.906,0.6600000262260437,unplugged,false
1769156954238000000,2705.9010002441405,0.6600000262260437,unplugged,false
1769156955239000000,2706.902,0.6600000262260437,unplugged,false
1769156956249000000,2707.912,0.6600000262260437,unplugged,false
1769156957245000000,2708.908,0.6600000262260437,unplugged,false
1769156958244000000,2709.907,0.6600000262260437,unplugged,false
1769156959245000000,2710.908,0.6600000262260437,unplugged,false
1769156960247000000,2711.91,0.6600000262260437,unplugged,false
1769156961247000000,2712.91,0.6600000262260437,unplugged,false
1769156962248000000,2713.911,0.6600000262260437,unplugged,false
1769156963249000000,2714.912,0.6600000262260437,unplugged,false
1769156964250000000,2715.9129997558593,0.6600000262260437,unplugged,false
1769156965250000000,2716.9129997558593,0.6600000262260437,unplugged,false
1769156966251000000,2717.914,0.6600000262260437,unplugged,false
1769156967252000000,2718.915,0.6600000262260437,unplugged,false
1769156968253000000,2719.916,0.6600000262260437,unplugged,false
1769156969255000000,2720.918,0.6600000262260437,unplugged,false
1769156970255000000,2721.918,0.6600000262260437,unplugged,false
1769156971257000000,2722.92,0.6600000262260437,unplugged,false
1769156972256000000,2723.919,0.6600000262260437,unplugged,false
1769156973257000000,2724.92,0.6600000262260437,unplugged,false
1769156974256000000,2725.919,0.6600000262260437,unplugged,false
1769156975257000000,2726.92,0.6600000262260437,unplugged,false
1769156976258000000,2727.920999755859,0.6600000262260437,unplugged,false
1769156977258000000,2728.920999755859,0.6600000262260437,unplugged,false
1769156978260000000,2729.923,0.6600000262260437,unplugged,false
1769156979260000000,2730.923,0.6600000262260437,unplugged,false
1769156980261000000,2731.924,0.6600000262260437,unplugged,false
1769156981262000000,2732.925000244141,0.6600000262260437,unplugged,false
1769156982262000000,2733.925000244141,0.6600000262260437,unplugged,false
1769156983263000000,2734.926,0.6600000262260437,unplugged,false
1769156984263000000,2735.926,0.6600000262260437,unplugged,false
1769156985264000000,2736.927,0.6600000262260437,unplugged,false
1769156986263000000,2737.926,0.6600000262260437,unplugged,false
1769156987265000000,2738.928,0.6600000262260437,unplugged,false
1769156988265000000,2739.928,0.6600000262260437,unplugged,false
1769156989264000000,2740.927,0.6600000262260437,unplugged,false
1769156990265000000,2741.928,0.6600000262260437,unplugged,false
1769156991266000000,2742.9289997558594,0.6600000262260437,unplugged,false
1769156992266000000,2743.9289997558594,0.6600000262260437,unplugged,false
1769156993265000000,2744.928,0.6600000262260437,unplugged,false
1769156994268000000,2745.931,0.6600000262260437,unplugged,false
1769156995268000000,2746.931,0.6600000262260437,unplugged,false
1769156996270000000,2747.9330002441407,0.6600000262260437,unplugged,false
1769156997269000000,2748.932,0.6600000262260437,unplugged,false
1769156998271000000,2749.934,0.6600000262260437,unplugged,false
1769156999271000000,2750.934,0.6600000262260437,unplugged,false
1769157000271000000,2751.934,0.6600000262260437,unplugged,false
1769157001272000000,2752.935,0.6600000262260437,unplugged,false
1769157002273000000,2753.936,0.6600000262260437,unplugged,false
1769157003274000000,2754.9369997558592,0.6600000262260437,unplugged,false
1769157004273000000,2755.936,0.6600000262260437,unplugged,false
1769157005274000000,2756.9369997558592,0.6600000262260437,unplugged,false
1769157006274000000,2757.9369997558592,0.6600000262260437,unplugged,false
1769157007276000000,2758.939,0.6600000262260437,unplugged,false
1769157008276000000,2759.939,0.6600000262260437,unplugged,false
1769157009277000000,2760.94,0.6600000262260437,unplugged,false
1769157010277000000,2761.94,0.6600000262260437,unplugged,false
1769157011278000000,2762.9410002441405,0.6600000262260437,unplugged,false
1769157012277000000,2763.94,0.6600000262260437,unplugged,false
1769157013277000000,2764.94,0.6600000262260437,unplugged,false
1769157014278000000,2765.9410002441405,0.6600000262260437,unplugged,false
1769157015279000000,2766.942,0.6600000262260437,unplugged,false
1769157016284000000,2767.947,0.6600000262260437,unplugged,false
1769157017281000000,2768.944,0.6600000262260437,unplugged,false
1769157018284000000,2769.947,0.6600000262260437,unplugged,false
1769157019283000000,2770.946,0.6600000262260437,unplugged,false
1769157020285000000,2771.948,0.6600000262260437,unplugged,false
1769157021287000000,2772.95,0.6600000262260437,unplugged,false
1769157022300000000,2773.963,0.6600000262260437,unplugged,false
1769157023303000000,2774.966,0.6600000262260437,unplugged,false
1769157024303000000,2775.966,0.6600000262260437,unplugged,false
1769157025308000000,2776.971,0.6600000262260437,unplugged,false
1769157026308000000,2777.971,0.6600000262260437,unplugged,false
1769157027309000000,2778.972,0.6600000262260437,unplugged,false
1769157028311000000,2779.974,0.6600000262260437,unplugged,false
1769157029311000000,2780.974,0.6600000262260437,unplugged,false
1769157030313000000,2781.976,0.6600000262260437,unplugged,false
1769157031314000000,2782.976999755859,0.6600000262260437,unplugged,false
1769157032315000000,2783.978,0.6600000262260437,unplugged,false
1769157033316000000,2784.979,0.6600000262260437,unplugged,false
1769157034318000000,2785.9810002441404,0.6600000262260437,unplugged,false
1769157035318000000,2786.9810002441404,0.6600000262260437,unplugged,false
1769157036319000000,2787.982,0.6600000262260437,unplugged,false
1769157037319000000,2788.982,0.6600000262260437,unplugged,false
1769157038319000000,2789.982,0.6600000262260437,unplugged,false
1769157039320000000,2790.983,0.6600000262260437,unplugged,false
1769157040319000000,2791.982,0.6600000262260437,unplugged,false
1769157041320000000,2792.983,0.6600000262260437,unplugged,false
1769157042320000000,2793.983,0.6600000262260437,unplugged,false
1769157043322000000,2794.9849997558595,0.6600000262260437,unplugged,false
1769157044322000000,2795.9849997558595,0.6600000262260437,unplugged,false
1769157045324000000,2796.987,0.6600000262260437,unplugged,false
1769157046324000000,2797.987,0.6600000262260437,unplugged,false
1769157047328000000,2798.991,0.6600000262260437,unplugged,false
1769157048620000000,2800.283,0.6600000262260437,unplugged,false
1769157049548000000,2801.211,0.6600000262260437,unplugged,false
1769157050585000000,2802.248,0.6600000262260437,unplugged,false
1769157051588000000,2803.251,0.6600000262260437,unplugged,false
1769157052589000000,2804.252,0.6600000262260437,unplugged,false
1769157053593000000,2805.256,0.6600000262260437,unplugged,false
1769157054595000000,2806.258,0.6600000262260437,unplugged,false
1769157055596000000,2807.259,0.6600000262260437,unplugged,false
1769157056597000000,2808.26,0.6600000262260437,unplugged,false
1769157057601000000,2809.264,0.6600000262260437,unplugged,false
1769157058632000000,2810.295,0.6600000262260437,unplugged,false
1769157059621000000,2811.284,0.6600000262260437,unplugged,false
1769157060602000000,2812.264999755859,0.6600000262260437,unplugged,false
1769157061622000000,2813.2850002441405,0.6600000262260437,unplugged,false
1769157062602000000,2814.264999755859,0.6600000262260437,unplugged,false
1769157063629000000,2815.292,0.6600000262260437,unplugged,false
1769157064603000000,2816.266,0.6600000262260437,unplugged,false
1769157065666000000,2817.3289997558595,0.6600000262260437,unplugged,false
1769157066606000000,2818.2690002441404,0.6600000262260437,unplugged,false
1769157067606000000,2819.2690002441404,0.6600000262260437,unplugged,false
1769157068608000000,2820.271,0.6600000262260437,unplugged,false
1769157069607000000,2821.27,0.6600000262260437,unplugged,false
1769157070608000000,2822.271,0.6600000262260437,unplugged,false
1769157071609000000,2823.272,0.6600000262260437,unplugged,false
1769157072610000000,2824.2729997558595,0.6600000262260437,unplugged,false
1769157073610000000,2825.2729997558595,0.6600000262260437,unplugged,false
1769157074613000000,2826.276,0.6600000262260437,unplugged,false
1769157075615000000,2827.278,0.6600000262260437,unplugged,false
1769157076619000000,2828.282,0.6600000262260437,unplugged,false
1769157077619000000,2829.282,0.6600000262260437,unplugged,false
1769157078620000000,2830.283,0.6600000262260437,unplugged,false
1769157079622000000,2831.2850002441405,0.6600000262260437,unplugged,false
1769157080622000000,2832.2850002441405,0.6600000262260437,unplugged,false
1769157081623000000,2833.286,0.6600000262260437,unplugged,false
1769157082624000000,2834.287,0.6600000262260437,unplugged,false
1769157083625000000,2835.288,0.6600000262260437,unplugged,false
1769157084625000000,2836.288,0.6600000262260437,unplugged,false
1769157085627000000,2837.29,0.6600000262260437,unplugged,false
1769157086627000000,2838.29,0.6600000262260437,unplugged,false
1769157087629000000,2839.292,0.6600000262260437,unplugged,false
1769157088629000000,2840.292,0.6600000262260437,unplugged,false
1769157089630000000,2841.293000244141,0.6600000262260437,unplugged,false
1769157090630000000,2842.293000244141,0.6600000262260437,unplugged,false
1769157091631000000,2843.294,0.6600000262260437,unplugged,false
1769157092632000000,2844.295,0.6600000262260437,unplugged,false
1769157093633000000,2845.296,0.6600000262260437,unplugged,false
1769157094634000000,2846.2969997558594,0.6600000262260437,unplugged,false
1769157095634000000,2847.2969997558594,0.6600000262260437,unplugged,false
1769157096637000000,2848.3,0.6600000262260437,unplugged,false
1769157097636000000,2849.299,0.6600000262260437,unplugged,false
1769157098638000000,2850.3010002441406,0.6600000262260437,unplugged,false
1769157099637000000,2851.3,0.6600000262260437,unplugged,false
1769157100644000000,2852.307,0.6600000262260437,unplugged,false
1769157101643000000,2853.306,0.6600000262260437,unplugged,false
1769157102644000000,2854.307,0.6600000262260437,unplugged,false
1769157103646000000,2855.3090002441404,0.6600000262260437,unplugged,false
1769157104646000000,2856.3090002441404,0.6600000262260437,unplugged,false
1769157105647000000,2857.31,0.6600000262260437,unplugged,false
1769157106647000000,2858.31,0.6600000262260437,unplugged,false
1769157107645000000,2859.308,0.6600000262260437,unplugged,false
1769157108648000000,2860.311,0.6600000262260437,unplugged,false
1769157109649000000,2861.312,0.6600000262260437,unplugged,false
1769157110649000000,2862.312,0.6600000262260437,unplugged,false
1769157111651000000,2863.314,0.6600000262260437,unplugged,false
1769157112655000000,2864.318,0.6600000262260437,unplugged,false
1769157113657000000,2865.32,0.6600000262260437,unplugged,false
1769157114656000000,2866.319,0.6600000262260437,unplugged,false
1769157115658000000,2867.3209997558592,0.6600000262260437,unplugged,false
1769157116659000000,2868.322,0.6600000262260437,unplugged,false
1769157117660000000,2869.323,0.6600000262260437,unplugged,false
1769157118660000000,2870.323,0.6600000262260437,unplugged,false
1769157119663000000,2871.326,0.6600000262260437,unplugged,false
1769157120662000000,2872.3250002441405,0.6600000262260437,unplugged,false
1769157121664000000,2873.327,0.6600000262260437,unplugged,false
1769157122664000000,2874.327,0.6600000262260437,unplugged,false
1769157123663000000,2875.326,0.6600000262260437,unplugged,false
1769157124664000000,2876.327,0.6600000262260437,unplugged,false
1769157125664000000,2877.327,0.6600000262260437,unplugged,false
1769157126665000000,2878.328,0.6600000262260437,unplugged,false
1769157127666000000,2879.3289997558595,0.6600000262260437,unplugged,false
1769157128666000000,2880.3289997558595,0.6600000262260437,unplugged,false
1769157129667000000,2881.33,0.6600000262260437,unplugged,false
1769157130669000000,2882.332,0.6600000262260437,unplugged,false
1769157131669000000,2883.332,0.6600000262260437,unplugged,false
1769157132671000000,2884.334,0.6600000262260437,unplugged,false
1769157133671000000,2885.334,0.6600000262260437,unplugged,false
1769157134672000000,2886.335,0.6600000262260437,unplugged,false
1769157135672000000,2887.335,0.6600000262260437,unplugged,false
1769157136672000000,2888.335,0.6600000262260437,unplugged,false
1769157137673000000,2889.336,0.6600000262260437,unplugged,false
1769157138673000000,2890.336,0.6600000262260437,unplugged,false
1769157139674000000,2891.3369997558593,0.6600000262260437,unplugged,false
1769157140675000000,2892.338,0.6600000262260437,unplugged,false
1769157141676000000,2893.339,0.6600000262260437,unplugged,false
1769157142674000000,2894.3369997558593,0.6600000262260437,unplugged,false
1769157143675000000,2895.338,0.6600000262260437,unplugged,false
1769157144676000000,2896.339,0.6600000262260437,unplugged,false
1769157145677000000,2897.34,0.6600000262260437,unplugged,false
1769157146676000000,2898.339,0.6600000262260437,unplugged,false
1769157147677000000,2899.34,0.6600000262260437,unplugged,false
1769157148679000000,2900.342,0.6600000262260437,unplugged,false
1769157149679000000,2901.342,0.6600000262260437,unplugged,false
1769157150680000000,2902.343,0.6600000262260437,unplugged,false
1769157151681000000,2903.344,0.6600000262260437,unplugged,false
1769157152685000000,2904.348,0.6600000262260437,unplugged,false
1769157153682000000,2905.3449997558596,0.6600000262260437,unplugged,false
1769157154688000000,2906.351,0.6600000262260437,unplugged,false
1769157155683000000,2907.346,0.6600000262260437,unplugged,false
1769157156685000000,2908.348,0.6600000262260437,unplugged,false
1769157157684000000,2909.347,0.6600000262260437,unplugged,false
1769157158687000000,2910.35,0.6600000262260437,unplugged,false
1769157159686000000,2911.349000244141,0.6600000262260437,unplugged,false
1769157160686000000,2912.349000244141,0.6600000262260437,unplugged,false
1769157161687000000,2913.35,0.6600000262260437,unplugged,false
1769157162687000000,2914.35,0.6600000262260437,unplugged,false
1769157163688000000,2915.351,0.6600000262260437,unplugged,false
1769157164689000000,2916.352,0.6600000262260437,unplugged,false
1769157165690000000,2917.3529997558594,0.6600000262260437,unplugged,false
1769157166691000000,2918.354,0.6600000262260437,unplugged,false
1769157167692000000,2919.355,0.6600000262260437,unplugged,false
1769157168692000000,2920.355,0.6600000262260437,unplugged,false
1769157169692000000,2921.355,0.6600000262260437,unplugged,false
1769157170692000000,2922.355,0.6600000262260437,unplugged,false
1769157171692000000,2923.355,0.6499999761581421,unplugged,false
1769157172692000000,2924.355,0.6499999761581421,unplugged,false
1769157173693000000,2925.356,0.6499999761581421,unplugged,false
1769157174696000000,2926.359,0.6499999761581421,unplugged,false
1769157175697000000,2927.36,0.6499999761581421,unplugged,false
1769157176698000000,2928.360999755859,0.6499999761581421,unplugged,false
1769157177698000000,2929.360999755859,0.6499999761581421,unplugged,false
1769157178699000000,2930.362,0.6499999761581421,unplugged,false
1769157179699000000,2931.362,0.6499999761581421,unplugged,false
1769157180700000000,2932.363,0.6499999761581421,unplugged,false
1769157181701000000,2933.364,0.6499999761581421,unplugged,false
1769157182704000000,2934.367,0.6499999761581421,unplugged,false
1769157183704000000,2935.367,0.6499999761581421,unplugged,false
1769157184706000000,2936.3689997558595,0.6499999761581421,unplugged,false
1769157185706000000,2937.3689997558595,0.6499999761581421,unplugged,false
1769157186708000000,2938.371,0.6499999761581421,unplugged,false
1769157187708000000,2939.371,0.6499999761581421,unplugged,false
1769157188709000000,2940.372,0.6499999761581421,unplugged,false
1769157189709000000,2941.372,0.6499999761581421,unplugged,false
1769157190710000000,2942.3730002441407,0.6499999761581421,unplugged,false
1769157191711000000,2943.374,0.6499999761581421,unplugged,false
1769157192714000000,2944.3769997558593,0.6499999761581421,unplugged,false
1769157193714000000,2945.3769997558593,0.6499999761581421,unplugged,false
1769157194715000000,2946.378,0.6499999761581421,unplugged,false
1769157195715000000,2947.378,0.6499999761581421,unplugged,false
1769157196716000000,2948.379,0.6499999761581421,unplugged,false
1769157197717000000,2949.38,0.6499999761581421,unplugged,false
1769157198718000000,2950.3810002441405,0.6499999761581421,unplugged,false
1769157199719000000,2951.382,0.6499999761581421,unplugged,false
1769157200718000000,2952.3810002441405,0.6499999761581421,unplugged,false
1769157201719000000,2953.382,0.6499999761581421,unplugged,false
1769157202720000000,2954.383,0.6499999761581421,unplugged,false
1769157203722000000,2955.3849997558596,0.6499999761581421,unplugged,false
1769157204721000000,2956.384,0.6499999761581421,unplugged,false
1769157205723000000,2957.386,0.6499999761581421,unplugged,false
1769157206722000000,2958.3849997558596,0.6499999761581421,unplugged,false
1769157207721000000,2959.384,0.6499999761581421,unplugged,false
1769157208722000000,2960.3849997558596,0.6499999761581421,unplugged,false
1769157209726000000,2961.389000244141,0.6499999761581421,unplugged,false
1769157210725000000,2962.388,0.6499999761581421,unplugged,false
1769157211726000000,2963.389000244141,0.6499999761581421,unplugged,false
1769157212728000000,2964.391,0.6499999761581421,unplugged,false
1769157213728000000,2965.391,0.6499999761581421,unplugged,false
1769157214729000000,2966.392,0.6499999761581421,unplugged,false
1769157215730000000,2967.3929997558594,0.6499999761581421,unplugged,false
1769157216731000000,2968.394,0.6499999761581421,unplugged,false
1769157217732000000,2969.395,0.6499999761581421,unplugged,false
1769157218733000000,2970.396,0.6499999761581421,unplugged,false
1769157219736000000,2971.399,0.6499999761581421,unplugged,false
1769157220736000000,2972.399,0.6499999761581421,unplugged,false
1769157221739000000,2973.402,0.6499999761581421,unplugged,false
1769157222742000000,2974.4050002441404,0.6499999761581421,unplugged,false
1769157223741000000,2975.404,0.6499999761581421,unplugged,false
1769157224741000000,2976.404,0.6499999761581421,unplugged,false
1769157225744000000,2977.407,0.6499999761581421,unplugged,false
1769157226743000000,2978.406,0.6499999761581421,unplugged,false
1769157227745000000,2979.408,0.6499999761581421,unplugged,false
1769157228744000000,2980.407,0.6499999761581421,unplugged,false
1769157229746000000,2981.4089997558594,0.6499999761581421,unplugged,false
1769157230747000000,2982.41,0.6499999761581421,unplugged,false
1769157231747000000,2983.41,0.6499999761581421,unplugged,false
1769157232746000000,2984.4089997558594,0.6499999761581421,unplugged,false
1769157234181000000,2985.844,0.6499999761581421,unplugged,false
1769157234924000000,2986.587,0.6499999761581421,unplugged,false
1769157235962000000,2987.6249997558593,0.6499999761581421,unplugged,false
1769157236932000000,2988.595,0.6499999761581421,unplugged,false
1769157237952000000,2989.615,0.6499999761581421,unplugged,false
1769157238933000000,2990.596,0.6499999761581421,unplugged,false
1769157239935000000,2991.598,0.6499999761581421,unplugged,false
1769157240936000000,2992.599,0.6499999761581421,unplugged,false
1769157241937000000,2993.6,0.6499999761581421,unplugged,false
1769157242937000000,2994.6,0.6499999761581421,unplugged,false
1769157243937000000,2995.6,0.6499999761581421,unplugged,false
1769157244938000000,2996.6009997558594,0.6499999761581421,unplugged,false
1769157245939000000,2997.602,0.6499999761581421,unplugged,false
1769157246997000000,2998.66,0.6499999761581421,unplugged,false
1769157247946000000,2999.6089997558593,0.6499999761581421,unplugged,false
1769157248946000000,3000.6089997558593,0.6499999761581421,unplugged,false
1769157249980000000,3001.643,0.6499999761581421,unplugged,false
1769157250947000000,3002.61,0.6499999761581421,unplugged,false
1769157251949000000,3003.612,0.6499999761581421,unplugged,false
1769157252954000000,3004.6169997558595,0.6499999761581421,unplugged,false
1769157253949000000,3005.612,0.6499999761581421,unplugged,false
1769157254965000000,3006.628,0.6499999761581421,unplugged,false
1769157255950000000,3007.6130002441405,0.6499999761581421,unplugged,false
1769157256952000000,3008.615,0.6499999761581421,unplugged,false
1769157257978000000,3009.6409997558594,0.6499999761581421,unplugged,false
1769157258979000000,3010.642,0.6499999761581421,unplugged,false
1769157259988000000,3011.651,0.6499999761581421,unplugged,false
1769157260979000000,3012.642,0.6499999761581421,unplugged,false
1769157262020000000,3013.683,0.6499999761581421,unplugged,false
1769157262979000000,3014.642,0.6499999761581421,unplugged,false
1769157263980000000,3015.643,0.6499999761581421,unplugged,false
1769157264989000000,3016.652,0.6499999761581421,unplugged,false
1769157265981000000,3017.644,0.6499999761581421,unplugged,false
1769157267006000000,3018.6690002441405,0.6499999761581421,unplugged,false
1769157267981000000,3019.644,0.6499999761581421,unplugged,false
1769157268983000000,3020.646,0.6499999761581421,unplugged,false
1769157269998000000,3021.6610002441407,0.6499999761581421,unplugged,false
1769157270983000000,3022.646,0.6499999761581421,unplugged,false
1769157271982000000,3023.6450002441406,0.6499999761581421,unplugged,false
1769157272984000000,3024.647,0.6499999761581421,unplugged,false
1769157273984000000,3025.647,0.6499999761581421,unplugged,false
1769157274997000000,3026.66,0.6499999761581421,unplugged,false
1769157275985000000,3027.648,0.6499999761581421,unplugged,false
1769157276985000000,3028.648,0.6499999761581421,unplugged,false
1769157277990000000,3029.6530002441405,0.6499999761581421,unplugged,false
1769157278992000000,3030.655,0.6499999761581421,unplugged,false
1769157280015000000,3031.678,0.6499999761581421,unplugged,false
1769157280992000000,3032.655,0.6499999761581421,unplugged,false
1769157282019000000,3033.682,0.6499999761581421,unplugged,false
1769157282992000000,3034.655,0.6499999761581421,unplugged,false
1769157283993000000,3035.656,0.6499999761581421,unplugged,false
1769157284994000000,3036.6569997558595,0.6499999761581421,unplugged,false
1769157285994000000,3037.6569997558595,0.6499999761581421,unplugged,false
1769157287015000000,3038.678,0.6499999761581421,unplugged,false
1769157287996000000,3039.659,0.6499999761581421,unplugged,false
1769157288996000000,3040.659,0.6499999761581421,unplugged,false
1769157290007000000,3041.67,0.6499999761581421,unplugged,false
1769157290997000000,3042.66,0.6499999761581421,unplugged,false
1769157292029000000,3043.692,0.6499999761581421,unplugged,false
1769157292997000000,3044.66,0.6499999761581421,unplugged,false
1769157293997000000,3045.66,0.6499999761581421,unplugged,false
1769157294997000000,3046.66,0.6499999761581421,unplugged,false
1769157295998000000,3047.6610002441407,0.6499999761581421,unplugged,false
1769157296998000000,3048.6610002441407,0.6499999761581421,unplugged,false
1769157297998000000,3049.6610002441407,0.6499999761581421,unplugged,false
1769157299041000000,3050.704,0.6499999761581421,unplugged,false
1769157299999000000,3051.662,0.6499999761581421,unplugged,false
1769157300999000000,3052.662,0.6499999761581421,unplugged,false
1769157301999000000,3053.662,0.6499999761581421,unplugged,false
1769157303000000000,3054.663,0.6499999761581421,unplugged,false
1769157304027000000,3055.69,0.6499999761581421,unplugged,false
1769157305001000000,3056.664,0.6499999761581421,unplugged,false
1769157306020000000,3057.683,0.6499999761581421,unplugged,false
1769157307001000000,3058.664,0.6499999761581421,unplugged,false
1769157308002000000,3059.6649997558593,0.6499999761581421,unplugged,false
1769157309003000000,3060.666,0.6499999761581421,unplugged,false
1769157310003000000,3061.666,0.6499999761581421,unplugged,false
1769157311027000000,3062.69,0.6499999761581421,unplugged,false
1769157312004000000,3063.667,0.6499999761581421,unplugged,false
1769157313004000000,3064.667,0.6499999761581421,unplugged,false
1769157314019000000,3065.682,0.6499999761581421,unplugged,false
1769157315004000000,3066.667,0.6499999761581421,unplugged,false
1769157316035000000,3067.698,0.6499999761581421,unplugged,false
1769157317005000000,3068.668,0.6499999761581421,unplugged,false
1769157318006000000,3069.6690002441405,0.6499999761581421,unplugged,false
1769157319007000000,3070.67,0.6499999761581421,unplugged,false
1769157320008000000,3071.671,0.6499999761581421,unplugged,false
1769157321025000000,3072.688,0.6499999761581421,unplugged,false
1769157322010000000,3073.6729997558596,0.6499999761581421,unplugged,false
1769157323035000000,3074.698,0.6499999761581421,unplugged,false
1769157324018000000,3075.6809997558594,0.6499999761581421,unplugged,false
1769157325054000000,3076.7170002441408,0.6499999761581421,unplugged,false
1769157326033000000,3077.696,0.6499999761581421,unplugged,false
1769157327033000000,3078.696,0.6499999761581421,unplugged,false
1769157328046000000,3079.7090002441405,0.6499999761581421,unplugged,false
1769157329035000000,3080.698,0.6499999761581421,unplugged,false
1769157330075000000,3081.738,0.6499999761581421,unplugged,false
1769157331036000000,3082.699,0.6499999761581421,unplugged,false
1769157332038000000,3083.7010002441407,0.6499999761581421,unplugged,false
1769157333059000000,3084.722,0.6499999761581421,unplugged,false
1769157334039000000,3085.702,0.6499999761581421,unplugged,false
1769157335072000000,3086.735,0.6499999761581421,unplugged,false
1769157336039000000,3087.702,0.6499999761581421,unplugged,false
1769157337041000000,3088.704,0.6499999761581421,unplugged,false
1769157338051000000,3089.714,0.6499999761581421,unplugged,false
1769157339042000000,3090.7049997558593,0.6499999761581421,unplugged,false
1769157340091000000,3091.754,0.6499999761581421,unplugged,false
1769157341055000000,3092.718,0.6499999761581421,unplugged,false
1769157342053000000,3093.716,0.6499999761581421,unplugged,false
1769157343053000000,3094.716,0.6499999761581421,unplugged,false
1769157344086000000,3095.7490002441405,0.6499999761581421,unplugged,false
1769157345081000000,3096.744,0.6499999761581421,unplugged,false
1769157346055000000,3097.718,0.6499999761581421,unplugged,false
1769157347057000000,3098.72,0.6499999761581421,unplugged,false
1769157348056000000,3099.719,0.6499999761581421,unplugged,false
1769157349058000000,3100.7209997558593,0.6499999761581421,unplugged,false
1769157350060000000,3101.723,0.6499999761581421,unplugged,false
1769157351059000000,3102.722,0.6499999761581421,unplugged,false
1769157352062000000,3103.7250002441406,0.6499999761581421,unplugged,false
1769157353060000000,3104.723,0.6499999761581421,unplugged,false
1769157354062000000,3105.7250002441406,0.6499999761581421,unplugged,false
1769157355061000000,3106.724,0.6499999761581421,unplugged,false
1769157356062000000,3107.7250002441406,0.6499999761581421,unplugged,false
1769157357065000000,3108.728,0.6499999761581421,unplugged,false
1769157358062000000,3109.7250002441406,0.6499999761581421,unplugged,false
1769157359185000000,3110.848,0.6499999761581421,unplugged,false
1769157360065000000,3111.728,0.6499999761581421,unplugged,false
1769157361065000000,3112.728,0.6499999761581421,unplugged,false
1769157362067000000,3113.73,0.6499999761581421,unplugged,false
1769157363066000000,3114.728999755859,0.6499999761581421,unplugged,false
1769157364066000000,3115.728999755859,0.6499999761581421,unplugged,false
1769157365068000000,3116.731,0.6499999761581421,unplugged,false
1769157366069000000,3117.732,0.6499999761581421,unplugged,false
1769157367070000000,3118.733000244141,0.6499999761581421,unplugged,false
1769157368072000000,3119.735,0.6499999761581421,unplugged,false
1769157369071000000,3120.734,0.6499999761581421,unplugged,false
1769157370071000000,3121.734,0.6499999761581421,unplugged,false
1769157371072000000,3122.735,0.6499999761581421,unplugged,false
1769157372073000000,3123.736,0.6499999761581421,unplugged,false
1769157373074000000,3124.7369997558594,0.6499999761581421,unplugged,false
1769157374075000000,3125.738,0.6499999761581421,unplugged,false
1769157375075000000,3126.738,0.6499999761581421,unplugged,false
1769157376075000000,3127.738,0.6499999761581421,unplugged,false
1769157377075000000,3128.738,0.6499999761581421,unplugged,false
1769157378076000000,3129.739,0.6499999761581421,unplugged,false
1769157379078000000,3130.7410002441407,0.6499999761581421,unplugged,false
1769157380078000000,3131.7410002441407,0.6499999761581421,unplugged,false
1769157381079000000,3132.742,0.6499999761581421,unplugged,false
1769157382080000000,3133.743,0.6499999761581421,unplugged,false
1769157383079000000,3134.742,0.6499999761581421,unplugged,false
1769157384079000000,3135.742,0.6499999761581421,unplugged,false
1769157385080000000,3136.743,0.6499999761581421,unplugged,false
1769157386081000000,3137.744,0.6499999761581421,unplugged,false
1769157387101000000,3138.764,0.6499999761581421,unplugged,false
1769157388103000000,3139.766,0.6499999761581421,unplugged,false
1769157389103000000,3140.766,0.6499999761581421,unplugged,false
1769157390105000000,3141.768,0.6499999761581421,unplugged,false
1769157391105000000,3142.768,0.6499999761581421,unplugged,false
1769157392105000000,3143.768,0.6499999761581421,unplugged,false
1769157393105000000,3144.768,0.6499999761581421,unplugged,false
1769157394107000000,3145.77,0.6499999761581421,unplugged,false
1769157395107000000,3146.77,0.6499999761581421,unplugged,false
1769157396111000000,3147.774,0.6499999761581421,unplugged,false
1769157397110000000,3148.773000244141,0.6499999761581421,unplugged,false
1769157398111000000,3149.774,0.6499999761581421,unplugged,false
1769157399112000000,3150.775,0.6499999761581421,unplugged,false
1769157400112000000,3151.775,0.6499999761581421,unplugged,false
1769157401115000000,3152.778,0.6499999761581421,unplugged,false
1769157402115000000,3153.778,0.6499999761581421,unplugged,false
1769157403114000000,3154.7769997558594,0.6499999761581421,unplugged,false
1769157404116000000,3155.779,0.6499999761581421,unplugged,false
1769157405116000000,3156.779,0.6499999761581421,unplugged,false
1769157406117000000,3157.78,0.6499999761581421,unplugged,false
1769157407118000000,3158.7810002441406,0.6499999761581421,unplugged,false
1769157408118000000,3159.7810002441406,0.6499999761581421,unplugged,false
1769157409124000000,3160.787,0.6499999761581421,unplugged,false
1769157410120000000,3161.783,0.6499999761581421,unplugged,false
1769157411121000000,3162.784,0.6499999761581421,unplugged,false
1769157412124000000,3163.787,0.6499999761581421,unplugged,false
1769157413124000000,3164.787,0.6499999761581421,unplugged,false
1769157414124000000,3165.787,0.6499999761581421,unplugged,false
1769157415124000000,3166.787,0.6499999761581421,unplugged,false
1769157416124000000,3167.787,0.6499999761581421,unplugged,false
1769157417127000000,3168.79,0.6499999761581421,unplugged,false
1769157418127000000,3169.79,0.6499999761581421,unplugged,false
1769157419129000000,3170.792,0.6499999761581421,unplugged,false
1769157420129000000,3171.792,0.6499999761581421,unplugged,false
1769157421130000000,3172.7929997558595,0.6499999761581421,unplugged,false
1769157422131000000,3173.794,0.6499999761581421,unplugged,false
1769157423134000000,3174.7970002441407,0.6499999761581421,unplugged,false
1769157424135000000,3175.798,0.6499999761581421,unplugged,false
1769157425135000000,3176.798,0.6499999761581421,unplugged,false
1769157426136000000,3177.799,0.6499999761581421,unplugged,false
1769157427139000000,3178.802,0.6499999761581421,unplugged,false
1769157428139000000,3179.802,0.6499999761581421,unplugged,false
1769157429138000000,3180.8009997558593,0.6499999761581421,unplugged,false
1769157430139000000,3181.802,0.6499999761581421,unplugged,false
1769157431140000000,3182.803,0.6499999761581421,unplugged,false
1769157432141000000,3183.804,0.6499999761581421,unplugged,false
1769157433141000000,3184.804,0.6499999761581421,unplugged,false
1769157434142000000,3185.8050002441405,0.6499999761581421,unplugged,false
1769157435144000000,3186.807,0.6499999761581421,unplugged,false
1769157436145000000,3187.808,0.6499999761581421,unplugged,false
1769157437145000000,3188.808,0.6499999761581421,unplugged,false
1769157438146000000,3189.8089997558595,0.6499999761581421,unplugged,false
1769157439148000000,3190.811,0.6499999761581421,unplugged,false
1769157440148000000,3191.811,0.6499999761581421,unplugged,false
1769157441151000000,3192.814,0.6499999761581421,unplugged,false
1769157442151000000,3193.814,0.6499999761581421,unplugged,false
1769157443156000000,3194.819,0.6499999761581421,unplugged,false
1769157444156000000,3195.819,0.6499999761581421,unplugged,false
1769157445156000000,3196.819,0.6499999761581421,unplugged,false
1769157446156000000,3197.819,0.6499999761581421,unplugged,false
1769157447156000000,3198.819,0.6499999761581421,unplugged,false
1769157448250000000,3199.9129997558593,0.6499999761581421,unplugged,false
1769157449264000000,3200.927,0.6499999761581421,unplugged,false
1769157450165000000,3201.828,0.6499999761581421,unplugged,false
1769157451183000000,3202.846,0.6499999761581421,unplugged,false
1769157452166000000,3203.829000244141,0.6499999761581421,unplugged,false
1769157453167000000,3204.83,0.6499999761581421,unplugged,false
1769157454190000000,3205.8530002441407,0.6499999761581421,unplugged,false
1769157455204000000,3206.867,0.6499999761581421,unplugged,false
1769157456190000000,3207.8530002441407,0.6499999761581421,unplugged,false
1769157457191000000,3208.854,0.6499999761581421,unplugged,false
1769157458221000000,3209.884,0.6499999761581421,unplugged,false
1769157459192000000,3210.855,0.6499999761581421,unplugged,false
1769157460191000000,3211.854,0.6499999761581421,unplugged,false
1769157461192000000,3212.855,0.6499999761581421,unplugged,false
1769157462206000000,3213.869000244141,0.6499999761581421,unplugged,false
1769157463192000000,3214.855,0.6499999761581421,unplugged,false
1769157464234000000,3215.8969997558593,0.6499999761581421,unplugged,false
1769157465196000000,3216.859,0.6499999761581421,unplugged,false
1769157466197000000,3217.86,0.6499999761581421,unplugged,false
1769157467212000000,3218.875,0.6499999761581421,unplugged,false
1769157468213000000,3219.876,0.6499999761581421,unplugged,false
1769157469246000000,3220.9090002441408,0.6499999761581421,unplugged,false
1769157470220000000,3221.883,0.6499999761581421,unplugged,false
1769157471223000000,3222.886,0.6499999761581421,unplugged,false
1769157472223000000,3223.886,0.6499999761581421,unplugged,false
1769157473225000000,3224.888,0.6499999761581421,unplugged,false
1769157474225000000,3225.888,0.6499999761581421,unplugged,false
1769157475225000000,3226.888,0.6499999761581421,unplugged,false
1769157476225000000,3227.888,0.6499999761581421,unplugged,false
1769157477226000000,3228.8889997558595,0.6499999761581421,unplugged,false
1769157478226000000,3229.8889997558595,0.6499999761581421,unplugged,false
1769157479228000000,3230.891,0.6499999761581421,unplugged,false
1769157480231000000,3231.894,0.6499999761581421,unplugged,false
1769157481234000000,3232.8969997558593,0.6499999761581421,unplugged,false
1769157482233000000,3233.896,0.6499999761581421,unplugged,false
1769157483236000000,3234.899,0.6499999761581421,unplugged,false
1769157484236000000,3235.899,0.6499999761581421,unplugged,false
1769157485239000000,3236.902,0.6499999761581421,unplugged,false
1769157486239000000,3237.902,0.6499999761581421,unplugged,false
1769157487242000000,3238.9049997558595,0.6499999761581421,unplugged,false
1769157488244000000,3239.907,0.6499999761581421,unplugged,false
1769157489244000000,3240.907,0.6499999761581421,unplugged,false
1769157490244000000,3241.907,0.6499999761581421,unplugged,false
1769157491244000000,3242.907,0.6499999761581421,unplugged,false
1769157492245000000,3243.908,0.6499999761581421,unplugged,false
1769157493246000000,3244.9090002441408,0.6499999761581421,unplugged,false
1769157494246000000,3245.9090002441408,0.6499999761581421,unplugged,false
1769157495247000000,3246.91,0.6499999761581421,unplugged,false
1769157496248000000,3247.911,0.6499999761581421,unplugged,false
1769157497249000000,3248.912,0.6499999761581421,unplugged,false
1769157498250000000,3249.9129997558593,0.6499999761581421,unplugged,false
1769157499250000000,3250.9129997558593,0.6499999761581421,unplugged,false
1769157500249000000,3251.912,0.6499999761581421,unplugged,false
1769157501249000000,3252.912,0.6499999761581421,unplugged,false
1769157502250000000,3253.9129997558593,0.6499999761581421,unplugged,false
1769157503250000000,3254.9129997558593,0.6499999761581421,unplugged,false
1769157504251000000,3255.914,0.6499999761581421,unplugged,false
1769157505251000000,3256.914,0.6499999761581421,unplugged,false
1769157506251000000,3257.914,0.6499999761581421,unplugged,false
1769157507252000000,3258.915,0.6499999761581421,unplugged,false
1769157508253000000,3259.916,0.6499999761581421,unplugged,false
1769157509253000000,3260.916,0.6499999761581421,unplugged,false
1769157510253000000,3261.916,0.6499999761581421,unplugged,false
1769157511255000000,3262.918,0.6499999761581421,unplugged,false
1769157512255000000,3263.918,0.6499999761581421,unplugged,false
1769157513254000000,3264.9170002441406,0.6499999761581421,unplugged,false
1769157514256000000,3265.919,0.6499999761581421,unplugged,false
1769157515255000000,3266.918,0.6499999761581421,unplugged,false
1769157516256000000,3267.919,0.6499999761581421,unplugged,false
1769157517257000000,3268.92,0.6499999761581421,unplugged,false
1769157518257000000,3269.92,0.6499999761581421,unplugged,false
1769157519257000000,3270.92,0.6499999761581421,unplugged,false
1769157520257000000,3271.92,0.6499999761581421,unplugged,false
1769157521258000000,3272.920999755859,0.6499999761581421,unplugged,false
1769157522258000000,3273.920999755859,0.6499999761581421,unplugged,false
1769157523261000000,3274.924,0.6499999761581421,unplugged,false
1769157524260000000,3275.923,0.6499999761581421,unplugged,false
1769157525261000000,3276.924,0.6499999761581421,unplugged,false
1769157526261000000,3277.924,0.6499999761581421,unplugged,false
1769157527263000000,3278.926,0.6499999761581421,unplugged,false
1769157528263000000,3279.926,0.6499999761581421,unplugged,false
1769157529264000000,3280.927,0.6499999761581421,unplugged,false
1769157530265000000,3281.928,0.6499999761581421,unplugged,false
1769157531267000000,3282.93,0.6499999761581421,unplugged,false
1769157532267000000,3283.93,0.6499999761581421,unplugged,false
1769157533268000000,3284.931,0.6399999856948853,unplugged,false
1769157534267000000,3285.93,0.6399999856948853,unplugged,false
1769157535268000000,3286.931,0.6399999856948853,unplugged,false
1769157536269000000,3287.932,0.6399999856948853,unplugged,false
1769157537271000000,3288.934,0.6399999856948853,unplugged,false
1769157538271000000,3289.934,0.6399999856948853,unplugged,false
1769157539271000000,3290.934,0.6399999856948853,unplugged,false
1769157540274000000,3291.9369997558592,0.6399999856948853,unplugged,false
1769157541273000000,3292.936,0.6399999856948853,unplugged,false
1769157542273000000,3293.936,0.6399999856948853,unplugged,false
1769157543274000000,3294.9369997558592,0.6399999856948853,unplugged,false
1769157544275000000,3295.938,0.6399999856948853,unplugged,false
1769157545304000000,3296.967,0.6399999856948853,unplugged,false
1769157546277000000,3297.94,0.6399999856948853,unplugged,false
1769157547277000000,3298.94,0.6399999856948853,unplugged,false
1769157548277000000,3299.94,0.6399999856948853,unplugged,false
1769157549278000000,3300.9410002441405,0.6399999856948853,unplugged,false
1769157550316000000,3301.979,0.6399999856948853,unplugged,false
1769157551278000000,3302.9410002441405,0.6399999856948853,unplugged,false
1769157552278000000,3303.9410002441405,0.6399999856948853,unplugged,false
1769157553277000000,3304.94,0.6399999856948853,unplugged,false
1769157554278000000,3305.9410002441405,0.6399999856948853,unplugged,false
1769157555285000000,3306.948,0.6399999856948853,unplugged,false
1769157556285000000,3307.948,0.6399999856948853,unplugged,false
1769157557286000000,3308.9490002441407,0.6399999856948853,unplugged,false
1769157558286000000,3309.9490002441407,0.6399999856948853,unplugged,false
1769157559287000000,3310.95,0.6399999856948853,unplugged,false
1769157560320000000,3311.983,0.6399999856948853,unplugged,false
1769157561289000000,3312.952,0.6399999856948853,unplugged,false
1769157562288000000,3313.951,0.6399999856948853,unplugged,false
1769157563289000000,3314.952,0.6399999856948853,unplugged,false
1769157564290000000,3315.9529997558593,0.6399999856948853,unplugged,false
1769157565289000000,3316.952,0.6399999856948853,unplugged,false
1769157566290000000,3317.9529997558593,0.6399999856948853,unplugged,false
1769157567291000000,3318.954,0.6399999856948853,unplugged,false
1769157568291000000,3319.954,0.6399999856948853,unplugged,false
1769157569323000000,3320.986,0.6399999856948853,unplugged,false
1769157570291000000,3321.954,0.6399999856948853,unplugged,false
1769157571291000000,3322.954,0.6399999856948853,unplugged,false
1769157572325000000,3323.988,0.6399999856948853,unplugged,false
1769157573293000000,3324.956,0.6399999856948853,unplugged,false
1769157574294000000,3325.9570002441405,0.6399999856948853,unplugged,false
1769157575295000000,3326.958,0.6399999856948853,unplugged,false
1769157576295000000,3327.958,0.6399999856948853,unplugged,false
1769157577302000000,3328.965000244141,0.6399999856948853,unplugged,false
1769157578296000000,3329.959,0.6399999856948853,unplugged,false
1769157579295000000,3330.958,0.6399999856948853,unplugged,false
1769157580296000000,3331.959,0.6399999856948853,unplugged,false
1769157581297000000,3332.96,0.6399999856948853,unplugged,false
1769157582296000000,3333.959,0.6399999856948853,unplugged,false
1769157583300000000,3334.963,0.6399999856948853,unplugged,false
1769157584302000000,3335.965000244141,0.6399999856948853,unplugged,false
1769157585319000000,3336.982,0.6399999856948853,unplugged,false
1769157586304000000,3337.967,0.6399999856948853,unplugged,false
1769157587303000000,3338.966,0.6399999856948853,unplugged,false
1769157588317000000,3339.98,0.6399999856948853,unplugged,false
1769157589304000000,3340.967,0.6399999856948853,unplugged,false
1769157590330000000,3341.9929997558593,0.6399999856948853,unplugged,false
1769157591305000000,3342.968,0.6399999856948853,unplugged,false
1769157592306000000,3343.9689997558594,0.6399999856948853,unplugged,false
1769157593348000000,3345.011,0.6399999856948853,unplugged,false
1769157594308000000,3345.971,0.6399999856948853,unplugged,false
1769157595310000000,3346.9730002441406,0.6399999856948853,unplugged,false
1769157596340000000,3348.003,0.6399999856948853,unplugged,false
1769157597310000000,3348.9730002441406,0.6399999856948853,unplugged,false
1769157598369000000,3350.032,0.6399999856948853,unplugged,false
1769157599321000000,3350.984,0.6399999856948853,unplugged,false
1769157600311000000,3351.974,0.6399999856948853,unplugged,false
1769157601353000000,3353.016,0.6399999856948853,unplugged,false
1769157602313000000,3353.976,0.6399999856948853,unplugged,false
1769157603313000000,3354.976,0.6399999856948853,unplugged,false
1769157604351000000,3356.014,0.6399999856948853,unplugged,false
1769157605316000000,3356.979,0.6399999856948853,unplugged,false
1769157606372000000,3358.035,0.6399999856948853,unplugged,false
1769157607324000000,3358.987,0.6399999856948853,unplugged,false
1769157608324000000,3359.987,0.6399999856948853,unplugged,false
1769157609395000000,3361.058,0.6399999856948853,unplugged,false
1769157610327000000,3361.99,0.6399999856948853,unplugged,false
1769157611327000000,3362.99,0.6399999856948853,unplugged,false
1769157612369000000,3364.032,0.6399999856948853,unplugged,false
1769157613336000000,3364.999,0.6399999856948853,unplugged,false
1769157614421000000,3366.084,0.6399999856948853,unplugged,false
1769157615344000000,3367.007,0.6399999856948853,unplugged,false
1769157616337000000,3368,0.6399999856948853,unplugged,false
1769157617373000000,3369.036,0.6399999856948853,unplugged,false
1769157618336000000,3369.999,0.6399999856948853,unplugged,false
1769157619336000000,3370.999,0.6399999856948853,unplugged,false
1769157620357000000,3372.02,0.6399999856948853,unplugged,false
1769157621338000000,3373.0009997558595,0.6399999856948853,unplugged,false
1769157622397000000,3374.06,0.6399999856948853,unplugged,false
1769157623337000000,3375,0.6399999856948853,unplugged,false
1769157624338000000,3376.0009997558595,0.6399999856948853,unplugged,false
1769157625374000000,3377.0370002441405,0.6399999856948853,unplugged,false
1769157626339000000,3378.002,0.6399999856948853,unplugged,false
1769157627411000000,3379.074,0.6399999856948853,unplugged,false
1769157628340000000,3380.003,0.6399999856948853,unplugged,false
1769157629342000000,3381.005000244141,0.6399999856948853,unplugged,false
1769157630403000000,3382.066,0.6399999856948853,unplugged,false
1769157631343000000,3383.006,0.6399999856948853,unplugged,false
1769157632345000000,3384.008,0.6399999856948853,unplugged,false
1769157633347000000,3385.01,0.6399999856948853,unplugged,false
1769157634344000000,3386.007,0.6399999856948853,unplugged,false
1769157635363000000,3387.026,0.6399999856948853,unplugged,false
1769157636344000000,3388.007,0.6399999856948853,unplugged,false
1769157637345000000,3389.008,0.6399999856948853,unplugged,false
1769157638346000000,3390.0089997558593,0.6399999856948853,unplugged,false
1769157639346000000,3391.0089997558593,0.6399999856948853,unplugged,false
1769157640381000000,3392.044,0.6399999856948853,unplugged,false
1769157641347000000,3393.01,0.6399999856948853,unplugged,false
1769157642348000000,3394.011,0.6399999856948853,unplugged,false
1769157643355000000,3395.018,0.6399999856948853,unplugged,false
1769157644356000000,3396.019,0.6399999856948853,unplugged,false
1769157645378000000,3397.0409997558595,0.6399999856948853,unplugged,false
1769157646358000000,3398.021000244141,0.6399999856948853,unplugged,false
1769157647357000000,3399.02,0.6399999856948853,unplugged,false
1769157648369000000,3400.032,0.6399999856948853,unplugged,false
1769157649369000000,3401.032,0.6399999856948853,unplugged,false
1769157650379000000,3402.042,0.6399999856948853,unplugged,false
1769157651370000000,3403.0329997558592,0.6399999856948853,unplugged,false
1769157652371000000,3404.034,0.6399999856948853,unplugged,false
1769157653372000000,3405.035,0.6399999856948853,unplugged,false
1769157654373000000,3406.036,0.6399999856948853,unplugged,false
1769157655378000000,3407.0409997558595,0.6399999856948853,unplugged,false
1769157656379000000,3408.042,0.6399999856948853,unplugged,false
1769157657411000000,3409.074,0.6399999856948853,unplugged,false
1769157658379000000,3410.042,0.6399999856948853,unplugged,false
1769157659381000000,3411.044,0.6399999856948853,unplugged,false
1769157660384000000,3412.047,0.6399999856948853,unplugged,false
1769157661386000000,3413.0489997558593,0.6399999856948853,unplugged,false
1769157662426000000,3414.0889997558593,0.6399999856948853,unplugged,false
1769157663402000000,3415.0649997558594,0.6399999856948853,unplugged,false
1769157664388000000,3416.051,0.6399999856948853,unplugged,false
1769157665400000000,3417.063,0.6399999856948853,unplugged,false
1769157666392000000,3418.055,0.6399999856948853,unplugged,false
1769157667392000000,3419.055,0.6399999856948853,unplugged,false
1769157668393000000,3420.056,0.6399999856948853,unplugged,false
1769157669394000000,3421.0569997558596,0.6399999856948853,unplugged,false
1769157670431000000,3422.094,0.6399999856948853,unplugged,false
1769157671394000000,3423.0569997558596,0.6399999856948853,unplugged,false
1769157672395000000,3424.058,0.6399999856948853,unplugged,false
1769157673395000000,3425.058,0.6399999856948853,unplugged,false
1769157674395000000,3426.058,0.6399999856948853,unplugged,false
1769157675396000000,3427.059,0.6399999856948853,unplugged,false
1769157676396000000,3428.059,0.6399999856948853,unplugged,false
1769157677396000000,3429.059,0.6399999856948853,unplugged,false
1769157678398000000,3430.061000244141,0.6399999856948853,unplugged,false
1769157679399000000,3431.062,0.6399999856948853,unplugged,false
1769157680421000000,3432.084,0.6399999856948853,unplugged,false
1769157681400000000,3433.063,0.6399999856948853,unplugged,false
1769157682399000000,3434.062,0.6399999856948853,unplugged,false
1769157683400000000,3435.063,0.6399999856948853,unplugged,false
1769157684401000000,3436.064,0.6399999856948853,unplugged,false
1769157685418000000,3437.0809997558595,0.6399999856948853,unplugged,false
1769157686402000000,3438.0649997558594,0.6399999856948853,unplugged,false
1769157687438000000,3439.101000244141,0.6399999856948853,unplugged,false
1769157688401000000,3440.064,0.6399999856948853,unplugged,false
1769157689401000000,3441.064,0.6399999856948853,unplugged,false
1769157690421000000,3442.084,0.6399999856948853,unplugged,false
1769157691415000000,3443.078,0.6399999856948853,unplugged,false
1769157692416000000,3444.079,0.6399999856948853,unplugged,false
1769157693454000000,3445.1170002441404,0.6399999856948853,unplugged,false
1769157694426000000,3446.0889997558593,0.6399999856948853,unplugged,false
1769157695426000000,3447.0889997558593,0.6399999856948853,unplugged,false
1769157696450000000,3448.112999755859,0.6399999856948853,unplugged,false
1769157697426000000,3449.0889997558593,0.6399999856948853,unplugged,false
1769157698427000000,3450.09,0.6399999856948853,unplugged,false
1769157699428000000,3451.091,0.6399999856948853,unplugged,false
1769157700428000000,3452.091,0.6399999856948853,unplugged,false
1769157701429000000,3453.092,0.6399999856948853,unplugged,false
1769157702437000000,3454.1,0.6399999856948853,unplugged,false
1769157703437000000,3455.1,0.6399999856948853,unplugged,false
1769157704446000000,3456.1090002441406,0.6399999856948853,unplugged,false
1769157705437000000,3457.1,0.6399999856948853,unplugged,false
1769157706437000000,3458.1,0.6399999856948853,unplugged,false
1769157707445000000,3459.108,0.6399999856948853,unplugged,false
1769157708446000000,3460.1090002441406,0.6399999856948853,unplugged,false
1769157709463000000,3461.126,0.6399999856948853,unplugged,false
1769157710446000000,3462.1090002441406,0.6399999856948853,unplugged,false
1769157711447000000,3463.11,0.6399999856948853,unplugged,false
1769157712476000000,3464.139,0.6399999856948853,unplugged,false
1769157713511000000,3465.174,0.6399999856948853,unplugged,false
1769157714498000000,3466.1609997558594,0.6399999856948853,unplugged,false
1769157715501000000,3467.164,0.6399999856948853,unplugged,false
1769157716505000000,3468.168,0.6399999856948853,unplugged,false
1769157717502000000,3469.1650002441406,0.6399999856948853,unplugged,false
1769157718518000000,3470.1810002441407,0.6399999856948853,unplugged,false
1769157719502000000,3471.1650002441406,0.6399999856948853,unplugged,false
1769157720502000000,3472.1650002441406,0.6399999856948853,unplugged,false
1769157721502000000,3473.1650002441406,0.6399999856948853,unplugged,false
1769157722503000000,3474.166,0.6399999856948853,unplugged,false
1769157723545000000,3475.208,0.6399999856948853,unplugged,false
1769157724504000000,3476.167,0.6399999856948853,unplugged,false
1769157725504000000,3477.167,0.6399999856948853,unplugged,false
1769157726504000000,3478.167,0.6399999856948853,unplugged,false
1769157727503000000,3479.166,0.6399999856948853,unplugged,false
1769157728579000000,3480.242,0.6399999856948853,unplugged,false
1769157729511000000,3481.174,0.6399999856948853,unplugged,false
1769157730505000000,3482.168,0.6399999856948853,unplugged,false
1769157731523000000,3483.186,0.6399999856948853,unplugged,false
1769157732507000000,3484.17,0.6399999856948853,unplugged,false
1769157733508000000,3485.171,0.6399999856948853,unplugged,false
1769157734532000000,3486.195,0.6399999856948853,unplugged,false
1769157735507000000,3487.17,0.6399999856948853,unplugged,false
1769157736583000000,3488.246,0.6399999856948853,unplugged,false
1769157737525000000,3489.188,0.6399999856948853,unplugged,false
1769157738510000000,3490.1730002441404,0.6399999856948853,unplugged,false
1769157739558000000,3491.2210002441407,0.6399999856948853,unplugged,false
1769157740511000000,3492.174,0.6399999856948853,unplugged,false
1769157741511000000,3493.174,0.6399999856948853,unplugged,false
1769157742540000000,3494.203,0.6399999856948853,unplugged,false
1769157743512000000,3495.175,0.6399999856948853,unplugged,false
1769157744540000000,3496.203,0.6399999856948853,unplugged,false
1769157745518000000,3497.1810002441407,0.6399999856948853,unplugged,false
1769157746587000000,3498.25,0.6399999856948853,unplugged,false
1769157747526000000,3499.1890002441405,0.6399999856948853,unplugged,false
1769157748520000000,3500.183,0.6399999856948853,unplugged,false
1769157749587000000,3501.25,0.6399999856948853,unplugged,false
1769157750540000000,3502.203,0.6399999856948853,unplugged,false
1769157751599000000,3503.262,0.6399999856948853,unplugged,false
1769157752539000000,3504.202,0.6399999856948853,unplugged,false
1769157753558000000,3505.2210002441407,0.6399999856948853,unplugged,false
1769157754602000000,3506.264999755859,0.6399999856948853,unplugged,false
1769157755541000000,3507.204,0.6399999856948853,unplugged,false
1769157756614000000,3508.2770002441407,0.6399999856948853,unplugged,false
1769157757542000000,3509.2050002441406,0.6399999856948853,unplugged,false
1769157758543000000,3510.206,0.6399999856948853,unplugged,false
1769157759613000000,3511.276,0.6399999856948853,unplugged,false
1769157760549000000,3512.212,0.6299999952316284,unplugged,false
1769157761545000000,3513.208,0.6299999952316284,unplugged,false
1769157762582000000,3514.2450002441406,0.6299999952316284,unplugged,false
1769157763555000000,3515.218,0.6299999952316284,unplugged,false
1769157764545000000,3516.208,0.6299999952316284,unplugged,false
1769157765573000000,3517.236,0.6299999952316284,unplugged,false
1769157766553000000,3518.216,0.6299999952316284,unplugged,false
1769157767554000000,3519.2169997558594,0.6299999952316284,unplugged,false
1769157768578000000,3520.2409997558593,0.6299999952316284,unplugged,false
1769157769554000000,3521.2169997558594,0.6299999952316284,unplugged,false
1769157770558000000,3522.2210002441407,0.6299999952316284,unplugged,false
1769157771561000000,3523.224,0.6299999952316284,unplugged,false
1769157772555000000,3524.218,0.6299999952316284,unplugged,false
1769157773608000000,3525.271,0.6299999952316284,unplugged,false
1769157774569000000,3526.232,0.6299999952316284,unplugged,false
1769157775556000000,3527.219,0.6299999952316284,unplugged,false
1769157776588000000,3528.251,0.6299999952316284,unplugged,false
1769157777556000000,3529.219,0.6299999952316284,unplugged,false
1769157778626000000,3530.2889997558595,0.6299999952316284,unplugged,false
1769157779564000000,3531.227,0.6299999952316284,unplugged,false
1769157780557000000,3532.22,0.6299999952316284,unplugged,false
1769157781597000000,3533.26,0.6299999952316284,unplugged,false
1769157782557000000,3534.22,0.6299999952316284,unplugged,false
1769157783617000000,3535.28,0.6299999952316284,unplugged,false
1769157784563000000,3536.226,0.6299999952316284,unplugged,false
1769157785558000000,3537.2210002441407,0.6299999952316284,unplugged,false
1769157786571000000,3538.234,0.6299999952316284,unplugged,false
1769157787557000000,3539.22,0.6299999952316284,unplugged,false
1769157788558000000,3540.2210002441407,0.6299999952316284,unplugged,false
1769157789565000000,3541.228,0.6299999952316284,unplugged,false
1769157790559000000,3542.222,0.6299999952316284,unplugged,false
1769157791597000000,3543.26,0.6299999952316284,unplugged,false
1769157792559000000,3544.222,0.6299999952316284,unplugged,false
1769157793567000000,3545.23,0.6299999952316284,unplugged,false
1769157794586000000,3546.2489997558596,0.6299999952316284,unplugged,false
1769157795561000000,3547.224,0.6299999952316284,unplugged,false
1769157796622000000,3548.2850002441405,0.6299999952316284,unplugged,false
1769157797628000000,3549.291,0.6299999952316284,unplugged,false
1769157798628000000,3550.291,0.6299999952316284,unplugged,false
1769157799635000000,3551.298,0.6299999952316284,unplugged,false
1769157800633000000,3552.296,0.6299999952316284,unplugged,false
1769157801635000000,3553.298,0.6299999952316284,unplugged,false
1769157802633000000,3554.296,0.6299999952316284,unplugged,false
1769157803634000000,3555.2969997558594,0.6299999952316284,unplugged,false
1769157804635000000,3556.298,0.6299999952316284,unplugged,false
1769157805636000000,3557.299,0.6299999952316284,unplugged,false
1769157806637000000,3558.3,0.6299999952316284,unplugged,false
1769157807636000000,3559.299,0.6299999952316284,unplugged,false
1769157808636000000,3560.299,0.6299999952316284,unplugged,false
1769157809637000000,3561.3,0.6299999952316284,unplugged,false
1769157810639000000,3562.302,0.6299999952316284,unplugged,false
1769157811640000000,3563.303,0.6299999952316284,unplugged,false
1769157812640000000,3564.303,0.6299999952316284,unplugged,false
1769157813640000000,3565.303,0.6299999952316284,unplugged,false
1769157814643000000,3566.306,0.6299999952316284,unplugged,false
1769157815643000000,3567.306,0.6299999952316284,unplugged,false
1769157816643000000,3568.306,0.6299999952316284,unplugged,false
1769157817642000000,3569.304999755859,0.6299999952316284,unplugged,false
1769157818642000000,3570.304999755859,0.6299999952316284,unplugged,false
1769157819644000000,3571.307,0.6299999952316284,unplugged,false
1769157820644000000,3572.307,0.6299999952316284,unplugged,false
1769157821678000000,3573.3410002441406,0.6299999952316284,unplugged,false
1769157822649000000,3574.312,0.6299999952316284,unplugged,false
1769157823649000000,3575.312,0.6299999952316284,unplugged,false
1769157824650000000,3576.3129997558594,0.6299999952316284,unplugged,false
1769157825666000000,3577.3289997558595,0.6299999952316284,unplugged,false
1769157826649000000,3578.312,0.6299999952316284,unplugged,false
1769157827650000000,3579.3129997558594,0.6299999952316284,unplugged,false
1769157828651000000,3580.314,0.6299999952316284,unplugged,false
1769157829652000000,3581.315,0.6299999952316284,unplugged,false
1769157830674000000,3582.3369997558593,0.6299999952316284,unplugged,false
1769157831651000000,3583.314,0.6299999952316284,unplugged,false
1769157832654000000,3584.3170002441407,0.6299999952316284,unplugged,false
1769157833659000000,3585.322,0.6299999952316284,unplugged,false
1769157834653000000,3586.316,0.6299999952316284,unplugged,false
1769157835654000000,3587.3170002441407,0.6299999952316284,unplugged,false
1769157836683000000,3588.346,0.6299999952316284,unplugged,false
1769157837684000000,3589.347,0.6299999952316284,unplugged,false
1769157838683000000,3590.346,0.6299999952316284,unplugged,false
1769157839697000000,3591.36,0.6299999952316284,unplugged,false
1769157840701000000,3592.364,0.6299999952316284,unplugged,false
1769157841684000000,3593.347,0.6299999952316284,unplugged,false
1769157842685000000,3594.348,0.6299999952316284,unplugged,false
1769157843691000000,3595.354,0.6299999952316284,unplugged,false
1769157844685000000,3596.348,0.6299999952316284,unplugged,false
1769157845712000000,3597.375,0.6299999952316284,unplugged,false
1769157846767000000,3598.43,0.6299999952316284,unplugged,false
1769157847685000000,3599.348,0.6299999952316284,unplugged,false
1769157848685000000,3600.348,0.6299999952316284,unplugged,false
1769157849685000000,3601.348,0.6299999952316284,unplugged,false
1769157850686000000,3602.349000244141,0.6299999952316284,unplugged,false
1769157851686000000,3603.349000244141,0.6299999952316284,unplugged,false
1769157852687000000,3604.35,0.6299999952316284,unplugged,false
1769157853687000000,3605.35,0.6299999952316284,unplugged,false
1769157854687000000,3606.35,0.6299999952316284,unplugged,false
1769157855689000000,3607.352,0.6299999952316284,unplugged,false
1769157856689000000,3608.352,0.6299999952316284,unplugged,false
1769157857689000000,3609.352,0.6299999952316284,unplugged,false
1769157858690000000,3610.3529997558594,0.6299999952316284,unplugged,false
1769157859690000000,3611.3529997558594,0.6299999952316284,unplugged,false
1769157860695000000,3612.358,0.6299999952316284,unplugged,false
1769157861696000000,3613.359,0.6299999952316284,unplugged,false
1769157862697000000,3614.36,0.6299999952316284,unplugged,false
1769157863699000000,3615.362,0.6299999952316284,unplugged,false
1769157864700000000,3616.363,0.6299999952316284,unplugged,false
1769157865701000000,3617.364,0.6299999952316284,unplugged,false
1769157866701000000,3618.364,0.6299999952316284,unplugged,false
1769157867702000000,3619.3650002441404,0.6299999952316284,unplugged,false
1769157868702000000,3620.3650002441404,0.6299999952316284,unplugged,false
1769157869702000000,3621.3650002441404,0.6299999952316284,unplugged,false
1769157870704000000,3622.367,0.6299999952316284,unplugged,false
1769157871703000000,3623.366,0.6299999952316284,unplugged,false
1769157872706000000,3624.3689997558595,0.6299999952316284,unplugged,false
1769157873705000000,3625.368,0.6299999952316284,unplugged,false
1769157874707000000,3626.37,0.6299999952316284,unplugged,false
1769157875707000000,3627.37,0.6299999952316284,unplugged,false
1769157876708000000,3628.371,0.6299999952316284,unplugged,false
1769157877707000000,3629.37,0.6299999952316284,unplugged,false
1769157878708000000,3630.371,0.6299999952316284,unplugged,false
1769157879708000000,3631.371,0.6299999952316284,unplugged,false
1769157880709000000,3632.372,0.6299999952316284,unplugged,false
1769157881712000000,3633.375,0.6299999952316284,unplugged,false
1769157882711000000,3634.374,0.6299999952316284,unplugged,false
1769157883712000000,3635.375,0.6299999952316284,unplugged,false
1769157884711000000,3636.374,0.6299999952316284,unplugged,false
1769157885712000000,3637.375,0.6299999952316284,unplugged,false
1769157886713000000,3638.376,0.6299999952316284,unplugged,false
1769157887712000000,3639.375,0.6299999952316284,unplugged,false
1769157888713000000,3640.376,0.6299999952316284,unplugged,false
1769157889713000000,3641.376,0.6299999952316284,unplugged,false
1769157890714000000,3642.3769997558593,0.6299999952316284,unplugged,false
1769157891715000000,3643.378,0.6299999952316284,unplugged,false
1769157892715000000,3644.378,0.6299999952316284,unplugged,false
1769157893716000000,3645.379,0.6299999952316284,unplugged,false
1769157894716000000,3646.379,0.6299999952316284,unplugged,false
1769157895717000000,3647.38,0.6299999952316284,unplugged,false
1769157896718000000,3648.3810002441405,0.6299999952316284,unplugged,false
1769157897719000000,3649.382,0.6299999952316284,unplugged,false
1769157898720000000,3650.383,0.6299999952316284,unplugged,false
1769157899720000000,3651.383,0.6299999952316284,unplugged,false
1769157900721000000,3652.384,0.6299999952316284,unplugged,false
1769157901722000000,3653.3849997558596,0.6299999952316284,unplugged,false
1769157902722000000,3654.3849997558596,0.6299999952316284,unplugged,false
1769157903724000000,3655.387,0.6299999952316284,unplugged,false
1769157904724000000,3656.387,0.6299999952316284,unplugged,false
1769157905725000000,3657.388,0.6299999952316284,unplugged,false
1769157906727000000,3658.39,0.6299999952316284,unplugged,false
1769157907728000000,3659.391,0.6299999952316284,unplugged,false
1769157908731000000,3660.394,0.6299999952316284,unplugged,false
1769157909735000000,3661.398,0.6299999952316284,unplugged,false
1769157910736000000,3662.399,0.6299999952316284,unplugged,false
1769157911737000000,3663.4,0.6299999952316284,unplugged,false
1769157912737000000,3664.4,0.6299999952316284,unplugged,false
1769157913739000000,3665.402,0.6299999952316284,unplugged,false
1769157914740000000,3666.403,0.6299999952316284,unplugged,false
1769157915741000000,3667.404,0.6299999952316284,unplugged,false
1769157916743000000,3668.406,0.6299999952316284,unplugged,false
1769157917745000000,3669.408,0.6299999952316284,unplugged,false
1769157918741000000,3670.404,0.6299999952316284,unplugged,false
1769157919742000000,3671.4050002441404,0.6299999952316284,unplugged,false
1769157920744000000,3672.407,0.6299999952316284,unplugged,false
1769157921741000000,3673.404,0.6299999952316284,unplugged,false
1769157922741000000,3674.404,0.6299999952316284,unplugged,false
1769157923741000000,3675.404,0.6299999952316284,unplugged,false
1769157924744000000,3676.407,0.6299999952316284,unplugged,false
1769157925743000000,3677.406,0.6299999952316284,unplugged,false
1769157926743000000,3678.406,0.6299999952316284,unplugged,false
1769157927743000000,3679.406,0.6299999952316284,unplugged,false
1769157928744000000,3680.407,0.6299999952316284,unplugged,false
1769157929747000000,3681.41,0.6299999952316284,unplugged,false
1769157930745000000,3682.408,0.6299999952316284,unplugged,false
1769157931746000000,3683.4089997558594,0.6299999952316284,unplugged,false
1769157932746000000,3684.4089997558594,0.6299999952316284,unplugged,false
1769157933747000000,3685.41,0.6299999952316284,unplugged,false
1769157934748000000,3686.411,0.6299999952316284,unplugged,false
1769157935748000000,3687.411,0.6299999952316284,unplugged,false
1769157936749000000,3688.412,0.6299999952316284,unplugged,false
1769157937750000000,3689.4130002441407,0.6299999952316284,unplugged,false
1769157938752000000,3690.415,0.6299999952316284,unplugged,false
1769157939754000000,3691.4169997558593,0.6299999952316284,unplugged,false
1769157940753000000,3692.416,0.6299999952316284,unplugged,false
1769157941753000000,3693.416,0.6299999952316284,unplugged,false
1769157942754000000,3694.4169997558593,0.6299999952316284,unplugged,false
1769157943755000000,3695.418,0.6299999952316284,unplugged,false
1769157944756000000,3696.419,0.6299999952316284,unplugged,false
1769157945756000000,3697.419,0.6299999952316284,unplugged,false
1769157946760000000,3698.423,0.6299999952316284,unplugged,false
1769157947758000000,3699.4210002441405,0.6299999952316284,unplugged,false
1769157948758000000,3700.4210002441405,0.6299999952316284,unplugged,false
1769157949759000000,3701.422,0.6299999952316284,unplugged,false
1769157950759000000,3702.422,0.6299999952316284,unplugged,false
1769157951762000000,3703.4249997558595,0.6299999952316284,unplugged,false
1769157952762000000,3704.4249997558595,0.6299999952316284,unplugged,false
1769157953762000000,3705.4249997558595,0.6299999952316284,unplugged,false
1769157954768000000,3706.431,0.6299999952316284,unplugged,false
1769157955769000000,3707.432,0.6299999952316284,unplugged,false
1769157956769000000,3708.432,0.6299999952316284,unplugged,false
1769157957770000000,3709.4329997558593,0.6299999952316284,unplugged,false
1769157958772000000,3710.435,0.6299999952316284,unplugged,false
1769157959773000000,3711.436,0.6299999952316284,unplugged,false
1769157960772000000,3712.435,0.6299999952316284,unplugged,false
1769157961773000000,3713.436,0.6299999952316284,unplugged,false
1769157962775000000,3714.438,0.6299999952316284,unplugged,false
1769157963779000000,3715.442,0.6200000047683716,unplugged,false
1769157964779000000,3716.442,0.6200000047683716,unplugged,false
1769157965779000000,3717.442,0.6200000047683716,unplugged,false
1769157966779000000,3718.442,0.6200000047683716,unplugged,false
1769157967781000000,3719.444,0.6200000047683716,unplugged,false
1769157968780000000,3720.443,0.6200000047683716,unplugged,false
1769157969780000000,3721.443,0.6200000047683716,unplugged,false
1769157970781000000,3722.444,0.6200000047683716,unplugged,false
1769157971788000000,3723.451,0.6200000047683716,unplugged,false
1769157972785000000,3724.448,0.6200000047683716,unplugged,false
1769157973786000000,3725.4489997558594,0.6200000047683716,unplugged,false
1769157974787000000,3726.45,0.6200000047683716,unplugged,false
1769157975788000000,3727.451,0.6200000047683716,unplugged,false
1769157976787000000,3728.45,0.6200000047683716,unplugged,false
1769157977789000000,3729.452,0.6200000047683716,unplugged,false
1769157978788000000,3730.451,0.6200000047683716,unplugged,false
1769157979789000000,3731.452,0.6200000047683716,unplugged,false
1769157980790000000,3732.4530002441406,0.6200000047683716,unplugged,false
1769157981791000000,3733.454,0.6200000047683716,unplugged,false
1769157982792000000,3734.455,0.6200000047683716,unplugged,false
1769157983793000000,3735.456,0.6200000047683716,unplugged,false
1769157984793000000,3736.456,0.6200000047683716,unplugged,false
1769157985794000000,3737.456999755859,0.6200000047683716,unplugged,false
1769157986795000000,3738.458,0.6200000047683716,unplugged,false
1769157987796000000,3739.459,0.6200000047683716,unplugged,false
1769157988797000000,3740.46,0.6200000047683716,unplugged,false
1769157989798000000,3741.4610002441405,0.6200000047683716,unplugged,false
1769157990799000000,3742.462,0.6200000047683716,unplugged,false
1769157991799000000,3743.462,0.6200000047683716,unplugged,false
1769157992801000000,3744.464,0.6200000047683716,unplugged,false
1769157993801000000,3745.464,0.6200000047683716,unplugged,false
1769157994801000000,3746.464,0.6200000047683716,unplugged,false
1769157995801000000,3747.464,0.6200000047683716,unplugged,false
1769157996802000000,3748.4649997558595,0.6200000047683716,unplugged,false
1769157997803000000,3749.466,0.6200000047683716,unplugged,false
1769157998804000000,3750.467,0.6200000047683716,unplugged,false
1769157999805000000,3751.468,0.6200000047683716,unplugged,false
1769158000805000000,3752.468,0.6200000047683716,unplugged,false
1769158001807000000,3753.47,0.6200000047683716,unplugged,false
1769158002808000000,3754.471,0.6200000047683716,unplugged,false
1769158003809000000,3755.472,0.6200000047683716,unplugged,false
1769158004809000000,3756.472,0.6200000047683716,unplugged,false
1769158005811000000,3757.474,0.6200000047683716,unplugged,false
1769158006812000000,3758.475,0.6200000047683716,unplugged,false
1769158007812000000,3759.475,0.6200000047683716,unplugged,false
1769158008813000000,3760.476,0.6200000047683716,unplugged,false
1769158009819000000,3761.482,0.6200000047683716,unplugged,false
1769158010817000000,3762.48,0.6200000047683716,unplugged,false
1769158011817000000,3763.48,0.6200000047683716,unplugged,false
1769158012819000000,3764.482,0.6200000047683716,unplugged,false
1769158013820000000,3765.483,0.6200000047683716,unplugged,false
1769158014822000000,3766.485000244141,0.6200000047683716,unplugged,false
1769158015822000000,3767.485000244141,0.6200000047683716,unplugged,false
1769158016824000000,3768.487,0.6200000047683716,unplugged,false
1769158017823000000,3769.486,0.6200000047683716,unplugged,false
1769158018824000000,3770.487,0.6200000047683716,unplugged,false
1769158019824000000,3771.487,0.6200000047683716,unplugged,false
1769158020825000000,3772.488,0.6200000047683716,unplugged,false
1769158021824000000,3773.487,0.6200000047683716,unplugged,false
1769158022827000000,3774.49,0.6200000047683716,unplugged,false
1769158023826000000,3775.4889997558594,0.6200000047683716,unplugged,false
1769158024830000000,3776.4930002441406,0.6200000047683716,unplugged,false
1769158025832000000,3777.495,0.6200000047683716,unplugged,false
1769158026835000000,3778.498,0.6200000047683716,unplugged,false
1769158027834000000,3779.496999755859,0.6200000047683716,unplugged,false
1769158028835000000,3780.498,0.6200000047683716,unplugged,false
1769158029836000000,3781.499,0.6200000047683716,unplugged,false
1769158030840000000,3782.503,0.6200000047683716,unplugged,false
1769158031840000000,3783.503,0.6200000047683716,unplugged,false
1769158032853000000,3784.516,0.6200000047683716,unplugged,false
1769158033841000000,3785.504,0.6200000047683716,unplugged,false
1769158034843000000,3786.506,0.6200000047683716,unplugged,false
1769158035844000000,3787.507,0.6200000047683716,unplugged,false
1769158036843000000,3788.506,0.6200000047683716,unplugged,false
1769158037845000000,3789.508,0.6200000047683716,unplugged,false
1769158038848000000,3790.511,0.6200000047683716,unplugged,false
1769158039866000000,3791.5289997558593,0.6200000047683716,unplugged,false
1769158040854000000,3792.5170002441405,0.6200000047683716,unplugged,false
1769158041851000000,3793.514,0.6200000047683716,unplugged,false
1769158042862000000,3794.5250002441408,0.6200000047683716,unplugged,false
1769158043861000000,3795.524,0.6200000047683716,unplugged,false
1769158044861000000,3796.524,0.6200000047683716,unplugged,false
1769158045863000000,3797.526,0.6200000047683716,unplugged,false
1769158046863000000,3798.526,0.6200000047683716,unplugged,false
1769158047864000000,3799.527,0.6200000047683716,unplugged,false
1769158048865000000,3800.528,0.6200000047683716,unplugged,false
1769158049865000000,3801.528,0.6200000047683716,unplugged,false
1769158050865000000,3802.528,0.6200000047683716,unplugged,false
1769158051865000000,3803.528,0.6200000047683716,unplugged,false
1769158052867000000,3804.53,0.6200000047683716,unplugged,false
1769158053867000000,3805.53,0.6200000047683716,unplugged,false
1769158054866000000,3806.5289997558593,0.6200000047683716,unplugged,false
1769158055871000000,3807.534,0.6200000047683716,unplugged,false
1769158056873000000,3808.536,0.6200000047683716,unplugged,false
1769158057876000000,3809.539,0.6200000047683716,unplugged,false
1769158058875000000,3810.538,0.6200000047683716,unplugged,false
1769158059876000000,3811.539,0.6200000047683716,unplugged,false
1769158060876000000,3812.539,0.6200000047683716,unplugged,false
1769158061877000000,3813.54,0.6200000047683716,unplugged,false
1769158062878000000,3814.541000244141,0.6200000047683716,unplugged,false
1769158063884000000,3815.547,0.6200000047683716,unplugged,false
1769158064885000000,3816.548,0.6200000047683716,unplugged,false
1769158065886000000,3817.5490002441406,0.6200000047683716,unplugged,false
1769158066886000000,3818.5490002441406,0.6200000047683716,unplugged,false
1769158067889000000,3819.552,0.6200000047683716,unplugged,false
1769158068890000000,3820.552999755859,0.6200000047683716,unplugged,false
1769158069891000000,3821.554,0.6200000047683716,unplugged,false
1769158070891000000,3822.554,0.6200000047683716,unplugged,false
1769158071891000000,3823.554,0.6200000047683716,unplugged,false
1769158072892000000,3824.555,0.6200000047683716,unplugged,false
1769158073917000000,3825.58,0.6200000047683716,unplugged,false
1769158074893000000,3826.556,0.6200000047683716,unplugged,false
1769158075894000000,3827.5570002441405,0.6200000047683716,unplugged,false
1769158076894000000,3828.5570002441405,0.6200000047683716,unplugged,false
1769158077894000000,3829.5570002441405,0.6200000047683716,unplugged,false
1769158078895000000,3830.558,0.6200000047683716,unplugged,false
1769158079894000000,3831.5570002441405,0.6200000047683716,unplugged,false
1769158080901000000,3832.564,0.6200000047683716,unplugged,false
1769158081895000000,3833.558,0.6200000047683716,unplugged,false
1769158082898000000,3834.5609997558595,0.6200000047683716,unplugged,false
1769158083904000000,3835.567,0.6200000047683716,unplugged,false
1769158084904000000,3836.567,0.6200000047683716,unplugged,false
1769158085905000000,3837.568,0.6200000047683716,unplugged,false
1769158086907000000,3838.57,0.6200000047683716,unplugged,false
1769158087932000000,3839.595,0.6200000047683716,unplugged,false
1769158088908000000,3840.571,0.6200000047683716,unplugged,false
1769158089939000000,3841.602,0.6200000047683716,unplugged,false
1769158090910000000,3842.5730002441405,0.6200000047683716,unplugged,false
1769158091911000000,3843.574,0.6200000047683716,unplugged,false
1769158092912000000,3844.575,0.6200000047683716,unplugged,false
1769158093912000000,3845.575,0.6200000047683716,unplugged,false
1769158094930000000,3846.592999755859,0.6200000047683716,unplugged,false
1769158095912000000,3847.575,0.6200000047683716,unplugged,false
1769158096957000000,3848.62,0.6200000047683716,unplugged,false
1769158097915000000,3849.578,0.6200000047683716,unplugged,false
1769158098916000000,3850.579,0.6200000047683716,unplugged,false
1769158099922000000,3851.5849997558594,0.6200000047683716,unplugged,false
1769158100923000000,3852.586,0.6200000047683716,unplugged,false
1769158101958000000,3853.6210002441408,0.6200000047683716,unplugged,false
1769158102923000000,3854.586,0.6200000047683716,unplugged,false
1769158103924000000,3855.587,0.6200000047683716,unplugged,false
1769158104927000000,3856.59,0.6200000047683716,unplugged,false
1769158105927000000,3857.59,0.6200000047683716,unplugged,false
1769158106953000000,3858.616,0.6200000047683716,unplugged,false
1769158107927000000,3859.59,0.6200000047683716,unplugged,false
1769158108926000000,3860.5890002441406,0.6200000047683716,unplugged,false
1769158109947000000,3861.61,0.6200000047683716,unplugged,false
1769158110928000000,3862.591,0.6200000047683716,unplugged,false
1769158111929000000,3863.592,0.6200000047683716,unplugged,false
1769158112941000000,3864.604,0.6200000047683716,unplugged,false
1769158113942000000,3865.6050002441407,0.6200000047683716,unplugged,false
1769158114959000000,3866.622,0.6200000047683716,unplugged,false
1769158115945000000,3867.608,0.6200000047683716,unplugged,false
1769158117027000000,3868.69,0.6200000047683716,unplugged,false
1769158117949000000,3869.612,0.6200000047683716,unplugged,false
1769158118945000000,3870.608,0.6200000047683716,unplugged,false
1769158120014000000,3871.677000244141,0.6200000047683716,unplugged,false
1769158120948000000,3872.611,0.6200000047683716,unplugged,false
1769158121949000000,3873.612,0.6200000047683716,unplugged,false
1769158123026000000,3874.688999755859,0.6200000047683716,unplugged,false
1769158123951000000,3875.614,0.6200000047683716,unplugged,false
1769158125021000000,3876.684,0.6200000047683716,unplugged,false
1769158125951000000,3877.614,0.6200000047683716,unplugged,false
1769158126953000000,3878.616,0.6200000047683716,unplugged,false
1769158127999000000,3879.662,0.6200000047683716,unplugged,false
1769158128954000000,3880.6169997558595,0.6200000047683716,unplugged,false
1769158129956000000,3881.619,0.6200000047683716,unplugged,false
1769158130975000000,3882.638,0.6200000047683716,unplugged,false
1769158131954000000,3883.6169997558595,0.6200000047683716,unplugged,false
1769158132953000000,3884.616,0.6200000047683716,unplugged,false
1769158133957000000,3885.62,0.6200000047683716,unplugged,false
1769158134956000000,3886.619,0.6200000047683716,unplugged,false
1769158135999000000,3887.662,0.6200000047683716,unplugged,false
1769158136955000000,3888.618,0.6200000047683716,unplugged,false
1769158137956000000,3889.619,0.6200000047683716,unplugged,false
1769158138999000000,3890.662,0.6200000047683716,unplugged,false
1769158139955000000,3891.618,0.6200000047683716,unplugged,false
1769158140956000000,3892.619,0.6200000047683716,unplugged,false
1769158141980000000,3893.643,0.6200000047683716,unplugged,false
1769158142957000000,3894.62,0.6200000047683716,unplugged,false
1769158143957000000,3895.62,0.6200000047683716,unplugged,false
1769158144962000000,3896.6249997558593,0.6200000047683716,unplugged,false
1769158145965000000,3897.628,0.6200000047683716,unplugged,false
1769158146990000000,3898.6530002441405,0.6200000047683716,unplugged,false
1769158147966000000,3899.6290002441406,0.6200000047683716,unplugged,false
1769158149041000000,3900.704,0.6200000047683716,unplugged,false
1769158149984000000,3901.647,0.6200000047683716,unplugged,false
1769158150985000000,3902.648,0.6200000047683716,unplugged,false
1769158152000000000,3903.663,0.6200000047683716,unplugged,false
1769158152986000000,3904.648999755859,0.6200000047683716,unplugged,false
1769158154050000000,3905.7129997558595,0.6200000047683716,unplugged,false
1769158154999000000,3906.662,0.6200000047683716,unplugged,false
1769158155987000000,3907.65,0.6200000047683716,unplugged,false
1769158157002000000,3908.6649997558593,0.6200000047683716,unplugged,false
1769158157986000000,3909.648999755859,0.6200000047683716,unplugged,false
1769158158987000000,3910.65,0.6200000047683716,unplugged,false
1769158159991000000,3911.654,0.6200000047683716,unplugged,false
1769158160988000000,3912.651,0.6200000047683716,unplugged,false
1769158162015000000,3913.678,0.6200000047683716,unplugged,false
1769158162988000000,3914.651,0.6200000047683716,unplugged,false
1769158163988000000,3915.651,0.6200000047683716,unplugged,false
1769158164997000000,3916.66,0.6200000047683716,unplugged,false
1769158165988000000,3917.651,0.6200000047683716,unplugged,false
1769158167025000000,3918.688,0.6200000047683716,unplugged,false
1769158167989000000,3919.652,0.6200000047683716,unplugged,false
1769158168989000000,3920.652,0.6200000047683716,unplugged,false
1769158170033000000,3921.696,0.6200000047683716,unplugged,false
1769158170989000000,3922.652,0.6200000047683716,unplugged,false
1769158171989000000,3923.652,0.6200000047683716,unplugged,false
1769158172992000000,3924.655,0.6200000047683716,unplugged,false
1769158173992000000,3925.655,0.6200000047683716,unplugged,false
1769158175007000000,3926.67,0.6200000047683716,unplugged,false
1769158175994000000,3927.6569997558595,0.6200000047683716,unplugged,false
1769158176994000000,3928.6569997558595,0.6200000047683716,unplugged,false
1769158177993000000,3929.656,0.6200000047683716,unplugged,false
1769158178993000000,3930.656,0.6200000047683716,unplugged,false
1769158180010000000,3931.6729997558596,0.6200000047683716,unplugged,false
1769158180993000000,3932.656,0.6200000047683716,unplugged,false
1769158181994000000,3933.6569997558595,0.6200000047683716,unplugged,false
1769158182998000000,3934.6610002441407,0.6200000047683716,unplugged,false
1769158184011000000,3935.674,0.6200000047683716,unplugged,false
1769158185014000000,3936.677000244141,0.6200000047683716,unplugged,false
1769158185997000000,3937.66,0.6200000047683716,unplugged,false
1769158187037000000,3938.7,0.6200000047683716,unplugged,false
1769158188009000000,3939.672,0.6200000047683716,unplugged,false
1769158189000000000,3940.663,0.6200000047683716,unplugged,false
1769158190027000000,3941.69,0.6200000047683716,unplugged,false
1769158191027000000,3942.69,0.6200000047683716,unplugged,false
1769158192027000000,3943.69,0.6200000047683716,unplugged,false
1769158193029000000,3944.692,0.6200000047683716,unplugged,false
1769158194049000000,3945.712,0.6200000047683716,unplugged,false
1769158195028000000,3946.691,0.6200000047683716,unplugged,false
1769158196029000000,3947.692,0.6200000047683716,unplugged,false
1769158197030000000,3948.6930002441404,0.6200000047683716,unplugged,false
1769158198029000000,3949.692,0.6200000047683716,unplugged,false
1769158199080000000,3950.743,0.6200000047683716,unplugged,false
1769158200036000000,3951.699,0.6200000047683716,unplugged,false
1769158201038000000,3952.7010002441407,0.6200000047683716,unplugged,false
1769158202038000000,3953.7010002441407,0.6200000047683716,unplugged,false
1769158203039000000,3954.702,0.6200000047683716,unplugged,false
1769158204066000000,3955.728999755859,0.6200000047683716,unplugged,false
1769158205040000000,3956.703,0.6200000047683716,unplugged,false
1769158206081000000,3957.744,0.6200000047683716,unplugged,false
1769158207041000000,3958.704,0.6200000047683716,unplugged,false
1769158208043000000,3959.706,0.6200000047683716,unplugged,false
1769158209076000000,3960.739,0.6200000047683716,unplugged,false
1769158210047000000,3961.71,0.6200000047683716,unplugged,false
1769158211047000000,3962.71,0.6200000047683716,unplugged,false
1769158212076000000,3963.739,0.6200000047683716,unplugged,false
1769158213051000000,3964.714,0.6100000143051147,unplugged,false
1769158214103000000,3965.766,0.6100000143051147,unplugged,false
1769158215058000000,3966.7209997558593,0.6100000143051147,unplugged,false
1769158216051000000,3967.714,0.6100000143051147,unplugged,false
1769158217086000000,3968.7490002441405,0.6100000143051147,unplugged,false
1769158218058000000,3969.7209997558593,0.6100000143051147,unplugged,false
1769158219114000000,3970.7769997558594,0.6100000143051147,unplugged,false
1769158220059000000,3971.722,0.6100000143051147,unplugged,false
1769158221060000000,3972.723,0.6100000143051147,unplugged,false
1769158222098000000,3973.7609997558593,0.6100000143051147,unplugged,false
1769158223067000000,3974.73,0.6100000143051147,unplugged,false
1769158224068000000,3975.731,0.6100000143051147,unplugged,false
1769158225090000000,3976.7529997558595,0.6100000143051147,unplugged,false
1769158226075000000,3977.738,0.6100000143051147,unplugged,false
1769158227149000000,3978.812,0.6100000143051147,unplugged,false
1769158228076000000,3979.739,0.6100000143051147,unplugged,false
1769158229077000000,3980.74,0.6100000143051147,unplugged,false
1769158230115000000,3981.778,0.6100000143051147,unplugged,false
1769158231079000000,3982.742,0.6100000143051147,unplugged,false
1769158232159000000,3983.822,0.6100000143051147,unplugged,false
1769158233089000000,3984.752,0.6100000143051147,unplugged,false
1769158234079000000,3985.742,0.6100000143051147,unplugged,false
1769158235119000000,3986.782,0.6100000143051147,unplugged,false
1769158236081000000,3987.744,0.6100000143051147,unplugged,false
1769158237082000000,3988.744999755859,0.6100000143051147,unplugged,false
1769158238124000000,3989.787,0.6100000143051147,unplugged,false
1769158239083000000,3990.746,0.6100000143051147,unplugged,false
1769158240161000000,3991.824,0.6100000143051147,unplugged,false
1769158241100000000,3992.763,0.6100000143051147,unplugged,false
1769158242083000000,3993.746,0.6100000143051147,unplugged,false
1769158243138000000,3994.8009997558593,0.6100000143051147,unplugged,false
1769158244084000000,3995.747,0.6100000143051147,unplugged,false
1769158245085000000,3996.748,0.6100000143051147,unplugged,false
1769158246150000000,3997.8130002441408,0.6100000143051147,unplugged,false
1769158247101000000,3998.764,0.6100000143051147,unplugged,false
1769158248085000000,3999.748,0.6100000143051147,unplugged,false
1769158249115000000,4000.778,0.6100000143051147,unplugged,false
1769158250087000000,4001.75,0.6100000143051147,unplugged,false
1769158251158000000,4002.8210002441406,0.6100000143051147,unplugged,false
1769158252087000000,4003.75,0.6100000143051147,unplugged,false
1769158253088000000,4004.751,0.6100000143051147,unplugged,false
1769158254123000000,4005.786,0.6100000143051147,unplugged,false
1769158255089000000,4006.752,0.6100000143051147,unplugged,false
1769158256104000000,4007.767,0.6100000143051147,unplugged,false
1769158257111000000,4008.774,0.6100000143051147,unplugged,false
1769158258104000000,4009.767,0.6100000143051147,unplugged,false
1769158259159000000,4010.822,0.6100000143051147,unplugged,false
1769158260105000000,4011.768,0.6100000143051147,unplugged,false
1769158261106000000,4012.7689997558596,0.6100000143051147,unplugged,false
1769158262106000000,4013.7689997558596,0.6100000143051147,unplugged,false
1769158263106000000,4014.7689997558596,0.6100000143051147,unplugged,false
1769158264169000000,4015.832,0.6100000143051147,unplugged,false
1769158265127000000,4016.79,0.6100000143051147,unplugged,false
1769158266106000000,4017.7689997558596,0.6100000143051147,unplugged,false
1769158267133000000,4018.796,0.6100000143051147,unplugged,false
1769158268106000000,4019.7689997558596,0.6100000143051147,unplugged,false
1769158269172000000,4020.835,0.6100000143051147,unplugged,false
1769158270106000000,4021.7689997558596,0.6100000143051147,unplugged,false
1769158271107000000,4022.77,0.6100000143051147,unplugged,false
1769158272108000000,4023.771,0.6100000143051147,unplugged,false
1769158273136000000,4024.799,0.6100000143051147,unplugged,false
1769158274136000000,4025.799,0.6100000143051147,unplugged,false
1769158275141000000,4026.804,0.6100000143051147,unplugged,false
1769158276137000000,4027.8,0.6100000143051147,unplugged,false
1769158277168000000,4028.831,0.6100000143051147,unplugged,false
1769158278138000000,4029.8009997558593,0.6100000143051147,unplugged,false
1769158279140000000,4030.803,0.6100000143051147,unplugged,false
1769158280143000000,4031.806,0.6100000143051147,unplugged,false
1769158281144000000,4032.807,0.6100000143051147,unplugged,false
1769158282152000000,4033.815,0.6100000143051147,unplugged,false
1769158283145000000,4034.808,0.6100000143051147,unplugged,false
1769158284145000000,4035.808,0.6100000143051147,unplugged,false
1769158285146000000,4036.8089997558595,0.6100000143051147,unplugged,false
1769158286146000000,4037.8089997558595,0.6100000143051147,unplugged,false
1769158287147000000,4038.81,0.6100000143051147,unplugged,false
1769158288147000000,4039.81,0.6100000143051147,unplugged,false
1769158289175000000,4040.838,0.6100000143051147,unplugged,false
1769158290162000000,4041.824999755859,0.6100000143051147,unplugged,false
1769158291148000000,4042.811,0.6100000143051147,unplugged,false
1769158292149000000,4043.812,0.6100000143051147,unplugged,false
1769158293149000000,4044.812,0.6100000143051147,unplugged,false
1769158294150000000,4045.8130002441408,0.6100000143051147,unplugged,false
1769158295194000000,4046.8569997558593,0.6100000143051147,unplugged,false
1769158296150000000,4047.8130002441408,0.6100000143051147,unplugged,false
1769158297150000000,4048.8130002441408,0.6100000143051147,unplugged,false
1769158298161000000,4049.824,0.6100000143051147,unplugged,false
1769158299151000000,4050.814,0.6100000143051147,unplugged,false
1769158300151000000,4051.814,0.6100000143051147,unplugged,false
1769158301152000000,4052.815,0.6100000143051147,unplugged,false
1769158302152000000,4053.815,0.6100000143051147,unplugged,false
1769158303153000000,4054.816,0.6100000143051147,unplugged,false
1769158304154000000,4055.8169997558593,0.6100000143051147,unplugged,false
