time,seconds_elapsed,bearingAccuracy,speedAccuracy,verticalAccuracy,horizontalAccuracy,speed,bearing,altitude,longitude,latitude
1769154248844828000,0.507827880859375,1.4813655614852905,1.065781831741333,8.709508895874023,9.958000183105469,4.498581409454346,180.63836669921875,859.3999633789062,77.5539762,13.015224
1769154249845203700,1.50820361328125,1.5757848024368286,1.1319777965545654,8.719512939453125,10.045999526977539,3.2394073009490967,180.0047607421875,859.3999633789062,77.5539809,13.0152184
1769154250844412700,2.50741259765625,1.6736831665039062,1.3375605344772339,8.72950553894043,10.121000289916992,1.4349819421768188,185.7671356201172,859.3999633789062,77.5539841,13.0152158
1769154251844426000,3.507426025390625,1.7750205993652344,1.244795799255371,8.73950481414795,10.239999771118164,0.7666382789611816,182.9355010986328,859.3999633789062,77.5539851,13.0152185
1769154252844519000,4.507518798828125,1.8794746398925781,1.2169073820114136,8.749505996704102,10.3100004196167,1.0041104555130005,185.02879333496094,859.3999633789062,77.5539867,13.0152105
1769154253844899300,5.5078994140625,1.986898422241211,1.2723828554153442,8.759510040283203,10.45199966430664,1.166064739227295,188.02500915527344,859.3999633789062,77.553987,13.0151963
1769154254844937000,6.50793701171875,2.096010208129883,1.2759552001953125,8.769510269165039,10.526000022888184,0.8976064324378967,185.95046997070312,859.3999633789062,77.5539856,13.0151801
1769154255844916500,7.50791650390625,2.207183837890625,1.173862338066101,8.779510498046875,10.696999549865723,0.5190445184707642,188.84280395507812,859.3999633789062,77.5539844,13.0151657
1769154256845076200,8.508076171875,2.3182144165039062,1.0880433320999146,4.381165504455566,10.732999801635742,0.6176562905311584,189.03358459472656,844.376953125,77.5539852,13.0151728
1769154257845205200,9.508205322265624,45,0.28406381607055664,4.5799455642700195,10.663000106811523,0.6212925910949707,188.98709106445312,844.428955078125,77.5539825,13.0151649
1769154258844346000,10.50734619140625,45,0.11456272006034851,4.450633525848389,10.553999900817871,0.6834227442741394,184.0025177001953,844.3546142578125,77.5539826,13.015158
1769154259844707000,11.50770703125,45,0.3324752151966095,4.453442096710205,10.468999862670898,0.9318426251411438,193.75152587890625,844.51513671875,77.5539792,13.015148
1769154260844330500,12.50733056640625,45,0.07402089983224869,4.272411346435547,10.309000015258789,1.0224294662475586,198.30726623535156,844.2330322265625,77.5539754,13.0151388
1769154261844712000,13.5077119140625,45,0.14458133280277252,4.1493821144104,10.156000137329102,0.8631258606910706,196.4963836669922,844.1351318359375,77.5539738,13.0151324
1769154262845156400,14.50815625,45,0.14536350965499878,3.9468159675598145,10.04699993133545,0.6642024517059326,195.3334503173828,844.37646484375,77.5539727,13.0151281
1769154263844609300,15.507609375,45,0.2410002499818802,3.910066604614258,9.993000030517578,0.3420777916908264,191.80728149414062,844.725341796875,77.5539729,13.0151274
1769154264844942800,16.50794287109375,45,0.12532728910446167,3.9117484092712402,9.9350004196167,0.128191739320755,216.07835388183594,844.419921875,77.5539721,13.0151283
1769154265844929800,17.5079296875,45,0.12803137302398682,4.000480651855469,9.9350004196167,0.10785079002380371,259.4677734375,844.15869140625,77.5539709,13.0151287
1769154266845205500,18.50820556640625,0,0.32027316093444824,4.320556640625,9.9350004196167,0.06465642154216766,0,843.345458984375,77.5539712,13.0151299
1769154267844639700,19.5076396484375,45,0.36054712533950806,4.3150763511657715,9.937999725341797,0.10982725024223328,358.4183349609375,843.219970703125,77.5539714,13.0151312
1769154268845118200,20.5081181640625,0,0.1342451572418213,4.360470294952393,9.937999725341797,0.06706230342388153,0,843.703369140625,77.5539723,13.0151311
1769154269844467200,21.50746728515625,0,0.2075217068195343,4.329802989959717,9.937999725341797,0.08116354048252106,0,843.814453125,77.5539733,13.0151307
1769154270844347100,22.50734716796875,45,0.20125678181648254,4.388175964355469,9.937999725341797,0.14325706660747528,133.9718780517578,843.955078125,77.5539744,13.0151291
1769154271844462600,23.507462646484374,45,0.41135990619659424,4.283496379852295,9.968000411987305,0.24517224729061127,142.85226440429688,843.641845703125,77.5539761,13.0151266
1769154272845197600,24.508197509765626,45,0.4919169247150421,4.22225284576416,10.119999885559082,0.27102819085121155,147.10382080078125,843.4432373046875,77.5539775,13.0151243
1769154273844438300,25.507438232421876,45,0.20764873921871185,4.143157005310059,10.21399974822998,0.21739880740642548,149.3238525390625,843.358154296875,77.5539782,13.015123
1769154274844222500,26.507222412109375,45,0.2274056077003479,4.14712381362915,10.333000183105469,0.1499125063419342,147.90757751464844,843.3623046875,77.5539787,13.0151223
1769154275845196500,27.508196533203126,0,0.2643800973892212,4.133108615875244,10.529000282287598,0.09127283096313477,0,843.37158203125,77.5539788,13.0151219
1769154276844683800,28.507683837890625,0,0.6045381426811218,4.1890645027160645,10.611000061035156,0.06773792207241058,0,843.2593994140625,77.5539791,13.0151216
1769154277844214800,29.50721484375,0,0.7898253202438354,4.2889509201049805,10.60200023651123,0.0758124515414238,0,843.2774658203125,77.5539796,13.015121
1769154278844210200,30.507210205078124,0,0.2777753472328186,4.362515449523926,10.571000099182129,0.07816696912050247,0,843.345458984375,77.5539798,13.0151203
1769154279844826000,31.507826171875,0,0.4925290048122406,4.517529487609863,10.522000312805176,0.057190585881471634,0,843.3253173828125,77.55398,13.01512
1769154280844210000,32.5072099609375,0,0.6576347351074219,4.722725868225098,10.513999938964844,0.03779797628521919,0,843.213623046875,77.5539802,13.0151199
1769154281844803800,33.507803955078124,0,0.8267245888710022,4.830766677856445,10.451000213623047,0.04234015569090843,0,843.283935546875,77.5539805,13.0151196
1769154282845041000,34.508041015625,0,0.7446511387825012,4.797842025756836,10.371999740600586,0.041341692209243774,0,843.224609375,77.5539808,13.0151194
1769154283844846800,35.507846923828126,43.317222595214844,2.142332077026367,4.73657751083374,10.348999977111816,2.774728536605835,152.04800415039062,843.72705078125,77.5539899,13.0151009
1769154284844941600,36.50794165039063,31.200632095336914,2.1710166931152344,4.548320770263672,10.322999954223633,4.1712164878845215,137.73497009277344,841.187744140625,77.5540149,13.0150739
1769154285845097500,37.50809741210937,56.90195846557617,2.4329464435577393,4.624312877655029,10.317000389099121,2.3537681102752686,147.58216857910156,842.189208984375,77.5540401,13.0150472
1769154286844744700,38.50774462890625,53.308799743652344,2.773332357406616,4.744546413421631,10.390999794006348,2.727668285369873,147.93637084960938,842.7135009765625,77.5540538,13.0150272
1769154287844357000,39.50735717773438,57.169551849365234,3.0434679985046387,4.899801254272461,10.531999588012695,2.733529567718506,147.94915771484375,842.3885498046875,77.5540713,13.0150043
1769154288844900000,40.507900146484374,34.75398635864258,2.8513941764831543,5.1084089279174805,10.763999938964844,4.723005771636963,145.23141479492188,840.842041015625,77.5540981,13.0149703
1769154289844567300,41.5075673828125,30.83698272705078,2.86631441116333,5.298277854919434,10.878999710083008,5.685096263885498,149.4190216064453,840.916748046875,77.5541599,13.0148881
1769154290844679700,42.5076796875,34.596492767333984,2.7043349742889404,5.398978233337402,11.036999702453613,4.7603349685668945,182.368408203125,842.522216796875,77.5541734,13.0148118
1769154291844605700,43.50760571289062,19.16819190979004,2.537384033203125,5.4751667976379395,11.177000045776367,8.152782440185547,170.9296112060547,844.311279296875,77.5541739,13.0147089
1769154292844677000,44.50767700195313,16.1080322265625,2.303886890411377,5.583450794219971,11.269000053405762,9.158370018005371,172.9554443359375,843.7535400390625,77.5541681,13.0145789
1769154293844636400,45.50763647460938,7.961936950683594,2.351348400115967,6.396531581878662,11.319999694824219,13.335867881774902,171.98240661621094,844.2373046875,77.5541807,13.0144282
1769154294844585700,46.507585693359374,4.578207969665527,1.220710039138794,6.536527156829834,11.343000411987305,13.072107315063477,175.93356323242188,845.84375,77.5541839,13.0142653
1769154295844818700,47.507818603515624,5.243438720703125,1.112896203994751,6.58812141418457,11.345000267028809,12.620595932006836,178.92935180664062,846.0302734375,77.5541828,13.0141174
1769154296844478000,48.50747802734375,4.363121509552002,1.0461466312408447,7.047635078430176,11.371999740600586,12.767502784729004,182.9364776611328,846.6787109375,77.5541716,13.0139792
1769154297844909600,49.50790966796875,2.838425874710083,0.8733574748039246,6.633194923400879,11.432000160217285,12.77106761932373,187.96456909179688,851.575927734375,77.5541339,13.013822
1769154298844376600,50.50737646484375,2.1573359966278076,0.8128615021705627,4.799415111541748,11.265999794006348,12.782196998596191,193.9702911376953,853.118896484375,77.554089,13.0136174
1769154299844937000,51.50793701171875,1.9682893753051758,0.8144668340682983,3.9429099559783936,10.909000396728516,12.633761405944824,198.97360229492188,853.751708984375,77.5540386,13.0134496
1769154300844933400,52.507933349609374,1.8336477279663086,0.8057449460029602,3.57257342338562,10.62600040435791,12.503361701965332,203.9724578857422,853.711669921875,77.5539837,13.0133086
1769154301844567300,53.5075673828125,1.765141248703003,0.8142654895782471,3.5114927291870117,10.312000274658203,12.442431449890137,208.97021484375,855.107666015625,77.5539265,13.0131908
1769154302844213200,54.50721313476563,1.9582133293151855,0.8353946805000305,3.5956811904907227,10.24899959564209,12.560227394104004,212.9731903076172,854.892333984375,77.553864,13.0130872
1769154303844430300,55.507430419921874,0.4067554175853729,0.981009304523468,3.3605411052703857,9.9350004196167,12.570874214172363,220.93408203125,852.77783203125,77.5537966,13.012987
1769154304844932600,56.5079326171875,0.7744895815849304,0.9662439227104187,3.3032736778259277,9.9350004196167,12.530417442321777,223.97421264648438,851.5263671875,77.5537117,13.0128981
1769154305844486700,57.50748657226563,1.1616978645324707,0.8109174966812134,3.139078378677368,9.9350004196167,12.408571243286133,230.95703125,850.809326171875,77.5536288,13.0128161
1769154306845206500,58.50820654296875,1.4978985786437988,0.7994192838668823,2.901374578475952,9.9350004196167,12.408491134643555,234.97560119628906,850.354248046875,77.5535365,13.0127394
1769154307845087700,59.50808764648438,1.8816430568695068,0.9672015905380249,2.7993574142456055,9.9350004196167,12.618440628051758,229.0547637939453,849.264892578125,77.5534444,13.012666
1769154308844891100,60.50789111328125,1.8853254318237305,0.857818067073822,2.6488897800445557,9.9350004196167,12.487724304199219,235.949951171875,848.02294921875,77.5533533,13.0125979
1769154309844822000,61.50782202148437,1.9461040496826172,0.8520598411560059,2.72605562210083,9.9350004196167,12.370162010192871,237.9866180419922,848.1165771484375,77.5532529,13.012536
1769154310844316700,62.50731665039063,1.8351811170578003,0.8490012884140015,2.792872667312622,9.9350004196167,12.507810592651367,239.98573303222656,847.02685546875,77.5531513,13.0124759
1769154311844219600,63.5072197265625,1.3890342712402344,0.7801178097724915,2.9847633838653564,9.9350004196167,12.409770011901855,241.99131774902344,846.2510986328125,77.5530501,13.0124194
1769154312844627500,64.50762744140626,1.2423412799835205,0.7859131097793579,3.0224862098693848,9.9350004196167,12.45910930633545,242.99505615234375,845.420166015625,77.5529485,13.0123713
1769154313844939000,65.50793896484375,1.2195520401000977,0.789945662021637,3.093705892562866,9.9350004196167,12.478739738464355,244.9915008544922,844.66064453125,77.5528458,13.0123194
1769154314844910800,66.50791088867187,1.1677067279815674,0.9157165884971619,3.015014171600342,9.9350004196167,12.527894973754883,246.9897918701172,843.7259521484375,77.55274,13.0122687
1769154315844333800,67.50733374023437,1.2326353788375854,0.8772243857383728,2.834002733230591,9.9350004196167,12.772661209106445,252.97691345214844,842.7882080078125,77.5526347,13.0122168
1769154316844628200,68.50762817382812,1.274433970451355,0.7641327977180481,2.6957480907440186,9.9350004196167,13.067359924316406,252.99728393554688,841.996337890625,77.5525235,13.0121694
1769154317845084700,69.50808471679687,1.2605663537979126,0.7553284168243408,2.54610276222229,9.9350004196167,13.47738265991211,251.00241088867188,841.347900390625,77.5524126,13.0121162
1769154318844929500,70.50792944335937,1.233642816543579,0.7466859817504883,2.573026180267334,9.9350004196167,13.768564224243164,249.00405883789062,840.51123046875,77.5522976,13.0120579
1769154319845044700,71.50804467773438,1.1021077632904053,0.7567529082298279,2.5,9.9350004196167,13.751118659973145,247.00709533691406,840.410400390625,77.5521815,13.0119981
1769154320844391400,72.50739135742188,0.9925049543380737,0.7457950115203857,2.5,9.9350004196167,13.740569114685059,246.00347900390625,840.396728515625,77.5520687,13.0119379
1769154321845067000,73.50806689453125,0.8811671137809753,0.7362406253814697,2.5,9.9350004196167,13.720624923706055,245.00347900390625,839.8966064453125,77.5519565,13.0118767
1769154322845067300,74.5080673828125,0.7461404800415039,0.8001382350921631,2.5,9.9350004196167,13.691368103027344,243.0083465576172,839.755859375,77.5518439,13.011818
1769154323844368400,75.50736840820312,0.7470276355743408,0.7291431427001953,2.5,9.9350004196167,13.699419021606445,243.99661254882812,839.7916259765625,77.5517335,13.0117604
1769154324844908000,76.50790795898438,0.6484541296958923,0.7321448922157288,2.5,9.9350004196167,13.779969215393066,243.0026092529297,839.9649658203125,77.5516203,13.0117037
1769154325844694000,77.50769409179688,0.6076684594154358,0.7298868298530579,2.5,9.9350004196167,13.680638313293457,243.00088500976562,839.96875,77.5515079,13.0116477
1769154326844725800,78.50772583007813,0.5876508355140686,0.728597104549408,2.5,9.9350004196167,13.53095817565918,243.00135803222656,840.1041259765625,77.5513956,13.0115938
1769154327844932000,79.50793212890625,0.5654957890510559,0.7240234017372131,2.5,9.9350004196167,13.43062973022461,243.0009002685547,840.17919921875,77.5512855,13.0115391
1769154328844671700,80.50767163085938,0.5671454668045044,0.7300904393196106,2.5,9.9350004196167,13.479693412780762,242.99957275390625,840.2744140625,77.5511729,13.0114833
1769154329844206800,81.50720678710937,0.5584615468978882,0.7268497347831726,2.5,9.9350004196167,13.529691696166992,242.99957275390625,840.703125,77.5510594,13.011427
1769154330844605700,82.50760571289062,0.5524750351905823,0.7296262383460999,2.5,9.9350004196167,13.619428634643555,242.9991912841797,841.233154296875,77.5509471,13.0113687
1769154331844315100,83.50731518554687,0.5522279739379883,0.7265214920043945,2.5,9.9350004196167,13.679619789123535,242.9994659423828,841.543701171875,77.5508344,13.0113113
1769154332844526800,84.50752685546875,0.5503320097923279,0.7258121967315674,2.5,9.9350004196167,13.699870109558105,242.99981689453125,841.501953125,77.550722,13.0112546
1769154333845128400,85.50812841796875,0.5498026609420776,0.7287477254867554,2.5,9.9350004196167,13.74967098236084,242.99952697753906,841.72314453125,77.5506118,13.0111969
1769154334844946200,86.5079462890625,0.5383924841880798,0.7231391072273254,2.5,9.9350004196167,13.829981803894043,242.00262451171875,842.1739501953125,77.5504999,13.0111379
1769154335844817000,87.50781689453125,0.4946688115596771,0.7194092273712158,2.5,9.9350004196167,13.85075855255127,240.00692749023438,843.2958984375,77.5503862,13.0110776
1769154336844552000,88.50755200195313,0.4880998730659485,0.7203335165977478,2.5,9.9350004196167,13.88093090057373,237.0115509033203,843.861572265625,77.5502745,13.0110115
1769154337844338200,89.50733813476562,0.48975133895874023,0.7235108017921448,2.5,9.9350004196167,13.900550842285156,235.00828552246094,844.10693359375,77.5501671,13.0109418
1769154338844734000,90.50773388671875,0.48024982213974,0.7191796898841858,2.5,9.9350004196167,13.900654792785645,232.01316833496094,844.633056640625,77.5500642,13.0108687
1769154339844518100,91.50751806640625,0.46806031465530396,0.7181736826896667,2.5,9.9350004196167,13.930208206176758,229.0135955810547,844.9404296875,77.549965,13.0107904
1769154340845064200,92.50806420898438,0.4659710228443146,0.7154784798622131,2.5,9.9350004196167,13.910202980041504,227.00927734375,845.48388671875,77.5498683,13.0107061
1769154341844649200,93.50764916992188,0.4638017416000366,0.7209513783454895,2.5,9.9350004196167,13.899842262268066,224.01409912109375,846.0576171875,77.5497761,13.01062
1769154342844461800,94.5074619140625,0.5045863389968872,0.7567045092582703,2.5,9.9350004196167,13.829773902893066,221.01519775390625,846.15234375,77.549691,13.0105286
1769154343844927500,95.50792749023438,0.4875611960887909,0.7186251282691956,2.5,9.9350004196167,13.889232635498047,219.0092315673828,846.970947265625,77.5496065,13.0104351
1769154344844812000,96.50781201171876,0.4725179374217987,0.7179815173149109,2.5,9.9350004196167,13.889384269714355,217.00872802734375,847.18994140625,77.5495268,13.0103395
1769154345844584400,97.50758447265625,0.465707004070282,0.7170811891555786,2.5,9.9350004196167,13.868890762329102,214.01211547851562,847.6611328125,77.5494506,13.0102402
1769154346844365300,98.507365234375,0.4941076636314392,0.7209369540214539,2.5,9.9350004196167,13.898937225341797,212.00799560546875,848.2044677734375,77.5493804,13.0101351
1769154347844352000,99.50735205078125,0.5205200910568237,0.7199233770370483,2.5,9.9350004196167,13.89845085144043,209.01055908203125,848.380615234375,77.5493142,13.0100264
1769154348844742700,100.50774267578124,0.5506503582000732,0.721422016620636,2.5,9.9350004196167,13.918803215026855,207.00668334960938,848.743896484375,77.5492553,13.0099149
1769154349845085700,101.50808569335938,0.5698351263999939,0.7216575741767883,2.5,9.9350004196167,13.93814754486084,204.00868225097656,849.685791015625,77.5491984,13.0098017
1769154350844513500,102.50751342773438,0.5204105973243713,0.7220849990844727,2.5,9.9350004196167,13.898530960083008,201.00668334960938,850.474365234375,77.5491481,13.0096868
1769154351844419800,103.507419921875,0.5490643978118896,0.7590752840042114,2.5,9.9350004196167,13.869012832641602,199.00418090820312,850.5224609375,77.549102,13.0095703
1769154352845192200,104.50819213867187,0.5545933246612549,0.7382645606994629,2.5,9.9350004196167,13.461212158203125,195.00283813476562,850.2744140625,77.5490617,13.0094516
1769154353844750000,105.50775,0.5675060153007507,0.7213428616523743,2.5,9.9350004196167,12.655767440795898,192.9961395263672,850.0701904296875,77.5490325,13.0093408
1769154354844566500,106.50756640625,4.6421895027160645,1.0149598121643066,2.5,9.9350004196167,11.99188232421875,192.99916076660156,850.0869140625,77.5490062,13.0092362
1769154355844737300,107.5077373046875,5.146844387054443,0.947083055973053,2.5,9.9350004196167,10.936450004577637,193.0013885498047,850.1005859375,77.5489821,13.0091399
1769154356844832300,108.50783227539063,6.098320007324219,1.0852893590927124,2.5,9.9350004196167,10.21437931060791,190.0645751953125,850.2982177734375,77.5489626,13.0090513
1769154357845045500,109.50804541015626,7.082301616668701,1.13785719871521,2.5,9.9350004196167,9.417723655700684,189.0271453857422,850.4716796875,77.5489472,13.0089679
1769154358844311300,110.50731127929687,3.8572537899017334,0.9833871722221375,2.5,9.9350004196167,8.593951225280762,193.95001220703125,851.3795166015625,77.5489395,13.0088911
1769154359844755500,111.50775537109375,4.3773627281188965,0.9137500524520874,2.5,9.9350004196167,7.702415943145752,196.9622039794922,850.7452392578125,77.5489292,13.0088237
1769154360845172700,112.5081728515625,4.882614612579346,1.2759240865707397,2.5,9.9350004196167,7.659718990325928,195.0184783935547,850.7501220703125,77.5489151,13.0087599
1769154361844931600,113.507931640625,5.479252815246582,1.3384268283843994,2.7719242572784424,10.010000228881836,6.364839553833008,192.9670867919922,850.539794921875,77.5489019,13.0087066
1769154362845139000,114.50813891601562,5.857131481170654,1.4846830368041992,3.036438465118408,10.164999961853027,5.769027233123779,190.9872589111328,850.550048828125,77.5488944,13.0086621
1769154363845215200,115.50821533203126,6.489346027374268,1.637345790863037,3.289539337158203,10.430000305175781,5.721771240234375,190.99725341796875,850.508544921875,77.5488846,13.0086134
1769154364845212000,116.5082119140625,7.180250644683838,1.595654010772705,3.51370906829834,10.776000022888184,3.804100275039673,187.88308715820312,850.5174560546875,77.5488816,13.0085937
1769154365845079800,117.50807983398437,7.332606792449951,1.2104376554489136,3.64145827293396,10.861000061035156,1.7928909063339233,166.4139862060547,849.9815673828125,77.5488946,13.0086016
1769154366845642500,118.508642578125,7.320520877838135,1.2048003673553467,9.60409164428711,11.230999946594238,1.2909420728683472,170.0745391845703,857,77.5489003,13.0085962
1769154367845198800,119.50819873046875,7.617236137390137,1.3380247354507446,9.614087104797363,11.324999809265137,1.9408032894134521,172.9312286376953,857,77.5489002,13.008572
1769154368844934400,120.50793432617188,8.168313026428223,1.358195424079895,9.62408447265625,11.326000213623047,1.7267975807189941,172.03173828125,857,77.5489005,13.008553
1769154369844766500,121.50776635742187,8.615050315856934,1.3304287195205688,9.634082794189453,11.352999687194824,2.118495464324951,172.96307373046875,857,77.5488979,13.0085344
1769154370844929000,122.50792895507813,9.158526420593262,1.5165729522705078,9.644084930419922,11.343000411987305,1.2816548347473145,178.04214477539062,857,77.5488955,13.0085258
1769154371844908300,123.507908203125,9.592575073242188,1.1660962104797363,9.654084205627441,11.394000053405762,0.20354902744293213,174.69432067871094,857,77.5488895,13.0085318
1769154372844215300,124.50721533203125,10.14219856262207,1.2226169109344482,9.664077758789062,11.47700023651123,0.31691333651542664,172.93313598632812,857,77.5488871,13.0085355
1769154373844956400,125.50795629882812,10.646190643310547,1.363210678100586,9.61092472076416,11.661999702453613,0.5235664248466492,171.90414428710938,859.0999755859375,77.5488859,13.0085336
1769154374845624800,126.50862475585937,10.932601928710938,1.7016137838363647,9.620931625366211,11.805999755859375,0.26164865493774414,168.53062438964844,859.0999755859375,77.5488889,13.0085346
1769154375844927500,127.50792749023438,11.230549812316895,1.4321719408035278,9.630925178527832,11.848999977111816,0.19139525294303894,163.13035583496094,859.0999755859375,77.5488941,13.0085405
1769154376844821800,128.50782177734374,45,0.360676646232605,9.640923500061035,11.95199966430664,0.1586046814918518,159.1900177001953,859.0999755859375,77.5488982,13.0085538
1769154377845140000,129.50813989257813,45,0.21349935233592987,4.70892333984375,11.934000015258789,0.9854552745819092,14.622750282287598,853.0999755859375,77.5489032,13.0085771
1769154378844553700,130.5075537109375,45,0.21640938520431519,4.718917369842529,11.814000129699707,1.4487533569335938,24.072616577148438,853.0999755859375,77.5489116,13.0085921
1769154379844577500,131.50757763671874,45,0.3531470000743866,4.728917598724365,11.630000114440918,1.3640029430389404,18.38907241821289,853.0999755859375,77.5489143,13.0086035
1769154380844378400,132.50737841796874,45,0.6425331830978394,4.73891544342041,11.432999610900879,1.0632882118225098,7.269210338592529,853.0999755859375,77.5489131,13.0086111
1769154381845202200,133.5082021484375,45,0.476122111082077,4.7489237785339355,11.032999992370605,0.720456600189209,6.35120964050293,853.0999755859375,77.5489134,13.0086148
1769154382845601800,134.50860180664063,45,0.30579662322998047,4.758927822113037,10.918000221252441,0.4557187855243683,342.6351623535156,853.0999755859375,77.5489104,13.0086165
1769154383844699400,135.50769946289063,45,0.4188516139984131,4.768918991088867,10.802000045776367,0.1902783066034317,333.60308837890625,853.0999755859375,77.54891,13.0086159
1769154384844776700,136.50777661132813,0,0.5047774314880371,4.778919696807861,10.71500015258789,0.04463886097073555,0,853.0999755859375,77.5489115,13.0086147
1769154385844851000,137.50785083007813,45,0.340104877948761,3.1398496627807617,10.564000129699707,0.5976837873458862,143.4202423095703,856.7999877929688,77.5489173,13.0086066
1769154386844465400,138.50746533203124,45,0.2524724304676056,3.149845838546753,10.479000091552734,0.6205763816833496,138.3278045654297,856.7999877929688,77.5489215,13.0086025
1769154387845092000,139.50809204101563,45,0.45050013065338135,3.1598520278930664,10.354999542236328,0.4043792486190796,130.27978515625,856.7999877929688,77.5489235,13.0086017
1769154388844624000,140.50762377929686,45,0.9099103212356567,3.169847249984741,10.270999908447266,0.28740617632865906,119.41834259033203,856.7999877929688,77.5489254,13.0086014
1769154389844487700,141.50748779296876,45,0.37472161650657654,3.1798460483551025,10.208999633789062,0.11767886579036713,122.39815521240234,856.7999877929688,77.5489251,13.0086014
1769154390843731000,142.50673095703124,0,0.21562746167182922,3.189838409423828,10.189000129699707,0.033743977546691895,0,856.7999877929688,77.5489247,13.0086015
1769154391843927800,143.506927734375,0,0.5925348997116089,3.1998403072357178,10.206000328063965,0.04593406990170479,0,856.7999877929688,77.5489239,13.0086012
1769154392843204600,144.50620458984375,45,0.38453614711761475,4.146426200866699,10.23799991607666,0.11448188871145248,202.41891479492188,856.7999877929688,77.5489234,13.0085997
1769154393843742500,145.50674243164062,45,0.339790016412735,4.156431674957275,10.246000289916992,0.11252447217702866,160.25791931152344,856.7999877929688,77.5489244,13.0085987
1769154394844211500,146.50721142578124,45,0.367899626493454,4.166436195373535,10.220000267028809,0.13946302235126495,140.91786193847656,856.7999877929688,77.5489256,13.0085977
1769154395844057300,147.50705737304688,45,0.45985567569732666,4.176434516906738,10.156999588012695,0.1420595496892929,129.2152862548828,856.7999877929688,77.5489268,13.008597
1769154396843638500,148.50663842773437,0,0.5369207859039307,4.18643045425415,10.145000457763672,0.0908799022436142,0,856.7999877929688,77.5489268,13.0085965
1769154397843402000,149.50640209960937,0,0.5803144574165344,4.196427822113037,10.09000015258789,0.07090602815151215,0,856.7999877929688,77.5489262,13.0085959
1769154398844199400,150.5071994628906,0,0.7600902318954468,4.2064361572265625,10.111000061035156,0.069368377327919,0,856.7999877929688,77.548926,13.0085953
1769154399843336000,151.5063359375,45,0.8808035850524902,4.115924835205078,10.13599967956543,0.12153764069080353,177.82159423828125,859.0999755859375,77.5489262,13.0085938
1769154400843645400,152.5066455078125,45,1.0704584121704102,4.125927925109863,10.182999610900879,0.12578952312469482,181.64805603027344,859.0999755859375,77.5489261,13.0085926
1769154401843573800,153.50657373046874,45,1.1151113510131836,4.135927200317383,10.276000022888184,0.1480165272951126,224.70217895507812,859.0999755859375,77.5489244,13.0085918
1769154402843203000,154.506203125,17.792579650878906,1.6604987382888794,4.145923614501953,10.449000358581543,2.488025426864624,136.18698120117188,859.0999755859375,77.5489342,13.0085717
1769154403843327700,155.50632763671874,18.171152114868164,1.6352887153625488,4.1559247970581055,10.633000373840332,3.9279885292053223,134.07754516601562,859.0999755859375,77.5489479,13.0085349
1769154404843340800,156.5063408203125,16.617801666259766,1.6219487190246582,4.165925025939941,10.866000175476074,6.142500877380371,178.62013244628906,859.0999755859375,77.5489456,13.0083895
1769154405844097000,157.50709692382813,13.692835807800293,1.6106598377227783,4.175932884216309,11.013999938964844,7.538900852203369,181.89076232910156,859.0999755859375,77.5489209,13.0082599
1769154406843456800,158.50645678710939,6.519077777862549,1.334900975227356,4.035854339599609,11.005000114440918,7.922665596008301,173.11228942871094,865.7000122070312,77.5489268,13.0081466
1769154407843780400,159.5067802734375,6.494906902313232,1.6306451559066772,4.0458574295043945,11.126999855041504,8.959006309509277,173.97329711914062,865.7000122070312,77.5489205,13.0080157
1769154408843508700,160.5065087890625,5.60749626159668,1.491093397140503,4.055854797363281,11.125,12.41212272644043,179.8961639404297,865.7000122070312,77.5488837,13.0078185
1769154409843714600,161.50671459960938,3.976754665374756,1.0550929307937622,4.06585693359375,11.152999877929688,13.719316482543945,182.9613037109375,865.7000122070312,77.5488442,13.0076259
1769154410844216000,162.50721606445313,3.334564447402954,0.9891628623008728,4.075861930847168,11.1850004196167,14.232695579528809,183.00120544433594,865.7000122070312,77.5488125,13.0074461
1769154411843593700,163.50659375,2.6907472610473633,0.9250769019126892,4.085855484008789,11.22599983215332,14.6939115524292,183.00099182128906,865.7000122070312,77.5487874,13.0072773
1769154412843874300,164.50687426757813,1.1544175148010254,0.7694697976112366,4.095858097076416,11.11400032043457,15.09598445892334,181.00347900390625,865.7000122070312,77.5487596,13.0071179
1769154413843878100,165.5068781738281,1.154946208000183,0.8081815242767334,4.105858325958252,11.034000396728516,15.4363431930542,178.0046844482422,865.7000122070312,77.5487535,13.0069587
1769154414844187600,166.50718774414062,0.7700958251953125,0.7374258637428284,4.115861415863037,10.78499984741211,15.925880432128906,176.00074768066406,865.7000122070312,77.5487382,13.0067864
1769154415843585800,167.50658569335937,0.6479679346084595,0.7303719520568848,4.125855445861816,10.642999649047852,16.346975326538086,173.00100708007812,865.7000122070312,77.5487393,13.0066204
1769154416843209700,168.5062097167969,0.5998479723930359,0.7241781949996948,4.135851860046387,10.425999641418457,16.707983016967773,170.0013427734375,865.7000122070312,77.5487498,13.0064537
1769154417843688200,169.50668823242188,0.543885350227356,0.729187548160553,4.1458563804626465,10.220000267028809,16.89884376525879,169.0001220703125,865.7000122070312,77.5487735,13.0062926
1769154418844065300,170.50706518554688,0.5182666182518005,0.7237651348114014,4.155860424041748,9.9350004196167,17.028934478759766,168.99937438964844,865.7000122070312,77.5487943,13.006135
1769154419843394300,171.50639428710937,0.5029410123825073,0.7483058571815491,4.165853500366211,9.9350004196167,16.831830978393555,169.00111389160156,865.7000122070312,77.5488192,13.0059823
1769154420843694300,172.5066943359375,0.5341598987579346,0.7291502952575684,4.175856590270996,9.9350004196167,16.631744384765625,169.00106811523438,865.7000122070312,77.5488477,13.0058339
1769154421843911700,173.50691162109376,0.5252177715301514,0.7262192368507385,4.185858726501465,9.9350004196167,16.699419021606445,168.99964904785156,865.7000122070312,77.5488753,13.0056862
1769154422843671000,174.5066711425781,0.5090227723121643,0.729716420173645,4.195856094360352,9.9350004196167,16.90816879272461,168.9989013671875,865.7000122070312,77.5489004,13.0055395
1769154423843470300,175.50647021484374,0.5221600532531738,0.7323646545410156,4.205854415893555,9.9350004196167,17.29659652709961,168.9980010986328,865.7000122070312,77.5489236,13.0053868
1769154424843552500,176.50655249023438,0.5039213299751282,0.7313250303268433,4.215855121612549,9.9350004196167,17.59738540649414,168.9984893798828,865.7000122070312,77.5489506,13.0052296
1769154425843380200,177.50638012695313,0.5030784606933594,0.7223462462425232,4.225853443145752,9.9350004196167,17.5900821685791,169.0000457763672,865.7000122070312,77.5489765,13.0050712
1769154426843786000,178.50678588867189,0.5788796544075012,0.8520955443382263,4.2358574867248535,9.9350004196167,17.34933853149414,176.9951934814453,865.7000122070312,77.5490011,13.0049146
1769154427843861800,179.50686181640626,0.6476930975914001,0.7385036945343018,4.245858192443848,9.9350004196167,17.270736694335938,177.00010681152344,865.7000122070312,77.5490193,13.0047599
1769154428843825400,180.50682543945314,0.715250551700592,0.7447853684425354,4.255857944488525,9.9350004196167,17.210735321044922,176.0010223388672,865.7000122070312,77.5490473,13.0046053
1769154429843718400,181.50671850585937,0.7693121433258057,0.742783784866333,4.265856742858887,9.9350004196167,16.922767639160156,176.00057983398438,865.7000122070312,77.5490721,13.0044515
1769154430843431000,182.50643090820313,0.8273298740386963,0.7301209568977356,4.275854110717773,9.9350004196167,16.673465728759766,171.0080108642578,865.7000122070312,77.5491013,13.0043005
1769154431844030200,183.5070302734375,0.6921474933624268,0.741266667842865,4.285860061645508,9.9350004196167,16.383052825927734,170.00270080566406,865.7000122070312,77.5491359,13.0041525
1769154432843681300,184.50668139648437,3.9437332153320312,0.9770926237106323,4.295856475830078,9.9350004196167,16.006420135498047,169.99903869628906,865.7000122070312,77.5491623,13.0040087
1769154433843548200,185.50654809570312,0.5834900140762329,0.7249794602394104,4.3058552742004395,9.9350004196167,15.633212089538574,170.00192260742188,865.7000122070312,77.5491853,13.003869
1769154434843972900,186.50697290039062,3.442495584487915,0.9989140033721924,4.315859317779541,9.9350004196167,15.403848648071289,170.98500061035156,865.7000122070312,77.5492075,13.0037321
1769154435843662600,187.50666259765626,0.5634850263595581,0.7303151488304138,4.3258562088012695,9.9350004196167,15.2318696975708,170.0018310546875,865.7000122070312,77.5492284,13.0035955
1769154436843444500,188.50644458007812,3.456885576248169,0.9789566993713379,4.3358540534973145,9.9350004196167,15.13156795501709,170.98536682128906,865.7000122070312,77.5492475,13.0034603
1769154437843986000,189.50698583984374,0.5547356605529785,0.7213943600654602,4.345859527587891,9.9350004196167,15.120442390441895,170.0009307861328,865.7000122070312,77.5492654,13.0033256
1769154438843374800,190.50637475585938,3.4734115600585938,0.9786624908447266,4.35585355758667,9.9350004196167,15.041211128234863,170.98538208007812,865.7000122070312,77.5492826,13.0031916
1769154439843323400,191.5063234863281,0.5519080758094788,0.7352830171585083,4.3658528327941895,9.9350004196167,14.871877670288086,170.00184631347656,865.7000122070312,77.549298,13.0030572
1769154440843280000,192.50627978515624,0.5589061379432678,0.7438034415245056,4.375852584838867,9.9350004196167,14.830016136169434,170.9993896484375,865.7000122070312,77.5493146,13.0029247
1769154441843940900,193.50694091796876,0.6093378663063049,0.7402811050415039,4.38585901260376,9.9350004196167,14.919557571411133,170.00047302246094,865.7000122070312,77.5493331,13.0027912
1769154442844037400,194.5070373535156,0.65932697057724,0.7312531471252441,4.395860195159912,9.9350004196167,14.87044620513916,170.00027465820312,865.7000122070312,77.5493546,13.0026576
1769154443843551000,195.50655102539062,0.7054500579833984,0.7370506525039673,4.405855178833008,9.9350004196167,14.542959213256836,170.00186157226562,865.7000122070312,77.5493755,13.0025264
1769154444844040700,196.50704077148438,0.613538920879364,0.7217305302619934,4.415860176086426,9.9350004196167,14.272337913513184,170.00152587890625,865.7000122070312,77.5493899,13.0023983
1769154445843870500,197.5068703613281,0.5605728626251221,0.7261555790901184,4.425858497619629,9.9350004196167,13.942900657653809,170.001953125,865.7000122070312,77.5494076,13.0022699
1769154446843490300,198.506490234375,0.5491072535514832,0.7264230847358704,4.435854434967041,9.9350004196167,13.593056678771973,170.0021209716797,865.7000122070312,77.5494262,13.0021485
1769154447844150000,199.50714990234374,3.9007670879364014,0.9738976359367371,4.445860862731934,9.9350004196167,13.285009384155273,170.9857177734375,865.7000122070312,77.5494445,13.0020273
1769154448843821800,200.50682177734376,0.5465905070304871,0.7274904251098633,4.455857753753662,9.9350004196167,12.933334350585938,170.0030059814453,865.7000122070312,77.5494644,13.0019136
1769154449843672600,201.50667260742188,4.089695930480957,0.9751347303390503,4.465856552124023,9.9350004196167,12.693879127502441,170.9856414794922,865.7000122070312,77.5494789,13.0017992
1769154450843306500,202.50630639648438,0.5771531462669373,0.7327914237976074,4.4758524894714355,9.9350004196167,12.422698020935059,170.0026397705078,865.7000122070312,77.5494948,13.0016871
1769154451843791000,203.506791015625,4.30482816696167,0.9787551164627075,4.4858574867248535,9.9350004196167,12.154396057128906,170.98541259765625,865.7000122070312,77.5495121,13.0015775
1769154452844086500,204.50708642578124,0.6512670516967773,0.7445146441459656,4.495860576629639,9.9350004196167,12.020718574523926,172.9994354248047,865.7000122070312,77.5495287,13.0014695
1769154453844119000,205.507119140625,4.4166178703308105,0.9836623668670654,4.505860805511475,9.9350004196167,11.941364288330078,172.0150909423828,865.7000122070312,77.5495434,13.0013625
1769154454843512000,206.5065119628906,0.7463961243629456,0.7534303665161133,4.515854835510254,9.9350004196167,11.682042121887207,173.9999542236328,865.7000122070312,77.5495594,13.0012569
1769154455843471000,207.50647119140626,0.7717130780220032,0.7327367663383484,4.525854110717773,9.9350004196167,10.956695556640625,174.00347900390625,865.7000122070312,77.5495716,13.0011548
1769154456843720400,208.50672045898438,0.8005033731460571,0.7312088012695312,4.5358567237854,9.9350004196167,10.028630256652832,173.0062713623047,865.7000122070312,77.5495848,13.0010638
1769154457843817000,209.50681689453126,0.8288721442222595,0.7312507033348083,4.545857906341553,9.9350004196167,9.227279663085938,173.00527954101562,865.7000122070312,77.5495994,13.0009821
1769154458843484400,210.506484375,0.846413791179657,0.718100368976593,4.555854320526123,9.9350004196167,8.466775894165039,172.00660705566406,865.7000122070312,77.549612,13.0009081
1769154459843786000,211.50678588867189,0.9105137586593628,0.7835249304771423,4.565857410430908,9.9350004196167,7.4605231285095215,171.01275634765625,865.7000122070312,77.5496228,13.0008414
1769154460844144000,212.50714404296875,0.9899610877037048,1.1870241165161133,4.575860977172852,9.9350004196167,7.440418720245361,171.00050354003906,865.7000122070312,77.5496334,13.0007781
1769154461844036600,213.50703662109376,1.074617862701416,1.2633030414581299,4.585859775543213,9.946999549865723,6.484947204589844,170.0384521484375,865.7000122070312,77.5496424,13.0007225
1769154462844140300,214.50714038085937,16.5673770904541,1.6181665658950806,4.595860958099365,10.043999671936035,6.288752555847168,170.94189453125,865.7000122070312,77.5496515,13.0006694
1769154463843273700,215.50627368164064,1.25276780128479,1.9892210960388184,4.605852127075195,10.217000007629395,6.262166976928711,162.09552001953125,865.7000122070312,77.549663,13.0006162
1769154464844149000,216.50714892578125,24.69566535949707,2.308783531188965,4.615860939025879,10.642000198364258,5.927424907684326,168.25265502929688,865.7000122070312,77.5496742,13.0005684
1769154465843955700,217.50695581054688,1.441867470741272,1.895827054977417,4.625859260559082,10.939000129699707,5.35047721862793,163.1198272705078,865.7000122070312,77.5496861,13.0005295
1769154466843793000,218.50679296875,25.122844696044922,2.14520263671875,4.635857582092285,11.505999565124512,5.376494884490967,163.00791931152344,865.7000122070312,77.5496997,13.0004879
1769154467843418600,219.50641870117187,1.6411097049713135,2.103245496749878,4.6458539962768555,12.16100025177002,5.336308002471924,165.9764862060547,865.7000122070312,77.5497122,13.0004463
1769154468843279000,220.50627905273439,27.5003719329834,2.4071614742279053,4.655852317810059,13.251999855041504,5.459677219390869,166.9022674560547,865.7000122070312,77.549724,13.0003963
1769154469843686700,221.50668676757812,1.8451300859451294,1.5932172536849976,4.66585636138916,13.321000099182129,3.586549997329712,158.37628173828125,865.7000122070312,77.5497306,13.0003932
1769154470843545000,222.50654516601563,1.9513028860092163,1.7720016241073608,4.6758551597595215,13.690999984741211,4.094369888305664,152.9872589111328,865.7000122070312,77.5497455,13.0003717
1769154471843730700,223.50673071289063,2.0593326091766357,1.938718557357788,8.827616691589355,14.04800033569336,4.1563310623168945,152.9801025390625,862.2999877929688,77.5497645,13.0003467
1769154472843554000,224.50655395507812,2.163088798522949,1.9366286993026733,8.837615013122559,14.371000289916992,3.2056305408477783,153.20480346679688,862.2999877929688,77.5497704,13.0003474
1769154473843416000,225.506416015625,2.2515456676483154,1.8205015659332275,8.847613334655762,14.35200023651123,1.991245985031128,157.31874084472656,862.2999877929688,77.5497626,13.0003643
1769154474844147000,226.50714697265624,2.366460084915161,2.043339729309082,8.857621192932129,14.571999549865723,1.5161511898040771,160.1377410888672,862.2999877929688,77.5497511,13.0003969
1769154475843857200,227.5068571777344,2.481674909591675,1.7718147039413452,8.8676176071167,14.479000091552734,0.5209720730781555,161.93844604492188,862.2999877929688,77.5497295,13.0004489
1769154476843449300,228.50644946289063,2.5963258743286133,1.7193646430969238,8.87761402130127,14.295999526977539,0.756514847278595,158.6732177734375,862.2999877929688,77.5497139,13.0004804
1769154477843533600,229.50653344726564,45,1.4255036115646362,8.887614250183105,14.03600025177002,0.7582504153251648,158.5897216796875,862.2999877929688,77.5497202,13.0004736
1769154478843649300,230.50664916992187,2.821213960647583,1.6972960233688354,5.820589065551758,13.50100040435791,0.36158913373947144,156.1610107421875,859.7000122070312,77.5497199,13.0005018
1769154479843994600,231.50699462890626,24.322622299194336,1.7362295389175415,5.830592632293701,13.371000289916992,0.5020854473114014,157.68247985839844,859.7000122070312,77.5497159,13.0005157
1769154480843917300,232.50691723632812,45,1.4689927101135254,5.840591907501221,12.864999771118164,0.47858375310897827,156.7734832763672,859.7000122070312,77.5497142,13.0005196
1769154481843551500,233.50655151367187,45,0.4556685984134674,5.850588321685791,12.644000053405762,0.14331983029842377,243.388916015625,859.7000122070312,77.5497085,13.0005241
1769154482843718000,234.5067177734375,45,0.5289674997329712,5.860589981079102,12.477999687194824,0.3786035478115082,320.6683044433594,859.7000122070312,77.5497053,13.0005298
1769154483843543600,235.50654345703126,45,0.6523913741111755,5.8705878257751465,12.446999549865723,0.25582024455070496,334.7272033691406,859.7000122070312,77.5497054,13.0005314
1769154484843921000,236.5069208984375,0,0.7587167620658875,5.880591869354248,12.369999885559082,0.08622632175683975,0,859.7000122070312,77.5497059,13.0005309
1769154485843469600,237.50646948242186,0,0.9043435454368591,5.890587329864502,12.329000473022461,0.048463594168424606,0,859.7000122070312,77.549707,13.0005299
1769154486843929300,238.50692944335938,45,0.8350710868835449,3.3206064701080322,12.321000099182129,0.2657620310783386,340.9601745605469,859.0999755859375,77.549705,13.0005345
1769154487844157000,239.50715698242186,45,0.7712396383285522,3.330608606338501,12.35200023651123,0.558523952960968,351.09564208984375,859.0999755859375,77.5497042,13.000542
1769154488843327700,240.50632763671874,45,0.5913153290748596,3.3406002521514893,12.331000328063965,0.7326785922050476,351.1058654785156,859.0999755859375,77.5497029,13.00055
1769154489844013600,241.507013671875,45,0.8153592348098755,3.35060715675354,12.373000144958496,0.5326052308082581,354.1213684082031,859.0999755859375,77.5497029,13.0005531
1769154490843414000,242.5064140625,45,0.7081912159919739,3.3606011867523193,12.407999992370605,0.32689088582992554,7.268876552581787,859.0999755859375,77.5497042,13.0005542
1769154491843760400,243.50676049804687,45,0.7475379705429077,3.3706047534942627,12.472999572753906,0.21710145473480225,27.666614532470703,859.0999755859375,77.5497056,13.0005548
1769154492843346000,244.50634594726563,45,0.9675073623657227,3.3806004524230957,12.607000350952148,0.23779991269111633,26.906185150146484,859.0999755859375,77.5497067,13.0005569
1769154493844155100,245.50715502929688,45,0.6144505143165588,2.7470932006835938,12.734999656677246,0.24167197942733765,350.57696533203125,859.3999633789062,77.549705,13.0005593
1769154494843915300,246.5069152832031,45,0.5668188333511353,2.7570908069610596,12.70300006866455,0.2274235635995865,329.75042724609375,859.3999633789062,77.5497032,13.0005607
1769154495843540500,247.50654052734376,45,0.48769357800483704,2.76708722114563,12.723999977111816,0.20576231181621552,326.3411865234375,859.3999633789062,77.5497022,13.000562
1769154496844152000,248.50715209960939,45,0.5439131259918213,2.7770931720733643,12.677000045776367,0.19614532589912415,326.88287353515625,859.3999633789062,77.5497013,13.0005634
1769154497843742000,249.50674194335937,45,0.6443349123001099,2.7870891094207764,12.586999893188477,0.1456623375415802,324.6506042480469,859.3999633789062,77.5497007,13.0005641
1769154498843274200,250.50627416992188,45,0.6405571699142456,2.7970845699310303,12.60099983215332,0.10300681740045547,264.0581359863281,859.3999633789062,77.5496996,13.0005629
1769154499843767000,251.50676708984375,45,0.634486198425293,5.579628944396973,12.51099967956543,0.3538529872894287,218.54238891601562,853.2000122070312,77.5496965,13.0005581
1769154500843784200,252.5067841796875,45,0.6669699549674988,5.589629173278809,12.380999565124512,0.37349212169647217,222.11224365234375,853.2000122070312,77.5496939,13.0005556
1769154501843442000,253.50644189453126,45,1.1273362636566162,5.599625587463379,12.272000312805176,0.5692684650421143,175.45567321777344,853.2000122070312,77.5496969,13.0005481
1769154502844095500,254.50709545898437,45,1.2166682481765747,5.6096320152282715,12.00100040435791,0.7184826731681824,160.7166290283203,853.2000122070312,77.5497007,13.000541
1769154503843547600,255.50654760742188,45,1.2705292701721191,5.619626522064209,11.800000190734863,0.563452959060669,154.05262756347656,853.2000122070312,77.5497031,13.0005379
1769154504843649800,256.5066499023437,5.873836994171143,1.2331267595291138,5.629627704620361,11.755000114440918,3.5516304969787598,156.8992462158203,853.2000122070312,77.5497187,13.0005099
1769154505843307000,257.50630712890626,5.78619384765625,1.222573161125183,5.639624118804932,11.65999984741211,4.678522109985352,155.93521118164062,853.2000122070312,77.5497453,13.0004645
1769154506844062500,258.5070625,5.7734575271606445,1.292401671409607,5.649631977081299,11.559000015258789,6.012391567230225,155.9386444091797,853.2000122070312,77.5498089,13.0003547
1769154507843712000,259.5067119140625,5.8884148597717285,1.5601383447647095,5.659628391265869,11.588000297546387,6.128105163574219,155.9955596923828,853.2000122070312,77.5498523,13.0002758
1769154508843729000,260.50672900390623,5.828920364379883,1.6031628847122192,5.669628620147705,11.623000144958496,7.8559675216674805,154.92922973632812,853.2000122070312,77.5499061,13.000176
1769154509843360500,261.50636059570314,6.305351257324219,1.4926165342330933,5.679624557495117,11.536999702453613,11.406428337097168,160.86322021484375,853.2000122070312,77.5499581,12.9999227
1769154510843395300,262.5063952636719,1.4332671165466309,0.7743192315101624,5.689625263214111,11.230999946594238,12.5314359664917,167.98243713378906,853.2000122070312,77.5499086,12.9996259
1769154511844110600,263.5071105957031,4.106057643890381,0.9744422435760498,5.699632167816162,10.928000450134277,12.629460334777832,168.98660278320312,853.2000122070312,77.5499028,12.9994253
1769154512843773700,264.50677368164065,0.7345499992370605,0.7205055952072144,5.709629058837891,10.567000389099121,12.719914436340332,168.00082397460938,853.2000122070312,77.5499215,12.9992839
1769154513844129800,265.5071298828125,4.1310343742370605,0.9739077091217041,5.719632625579834,10.168999671936035,12.533105850219727,168.98577880859375,853.2000122070312,77.5499474,12.9991607
1769154514844143400,266.5071433105469,0.6286454200744629,0.7306073307991028,5.729632377624512,9.9350004196167,12.48079776763916,168.00143432617188,853.2000122070312,77.5499729,12.9990497
1769154515843506700,267.5065065917969,4.155420303344727,0.9739701151847839,5.739626407623291,9.9350004196167,12.460281372070312,168.98562622070312,853.2000122070312,77.5499954,12.9989354
1769154516843928600,268.50692846679686,0.5960438847541809,0.729972779750824,5.749630451202393,9.9350004196167,12.42068099975586,168.00131225585938,853.2000122070312,77.5500184,12.9988254
1769154517843406800,269.50640673828127,0.5346958637237549,0.714011549949646,5.759625434875488,9.9350004196167,12.361199378967285,166.0028533935547,853.2000122070312,77.5500435,12.9987164
1769154518843761700,270.50676171875,0.573833167552948,0.7464423179626465,5.769628524780273,9.9350004196167,12.32160758972168,163.0055389404297,853.2000122070312,77.5500753,12.9986102
1769154519843285200,271.50628515625,0.6132755875587463,0.7383973598480225,5.779623985290527,9.9350004196167,12.262582778930664,158.01296997070312,853.2000122070312,77.5501124,12.9985034
1769154520843698000,272.5066979980469,0.6661428809165955,0.7432395815849304,5.789628028869629,9.9350004196167,12.262048721313477,153.01663208007812,853.2000122070312,77.5501608,12.998405
1769154521843156000,273.5061560058594,0.7100813388824463,0.7579275965690613,5.799622535705566,9.9350004196167,12.39108657836914,147.0248260498047,853.2000122070312,77.5502203,12.9983125
1769154522843799800,274.5067998046875,0.7588229775428772,0.7752920389175415,5.809628963470459,9.9350004196167,12.271604537963867,141.03233337402344,853.2000122070312,77.5502867,12.9982246
1769154523844019700,275.50701977539063,0.7927960157394409,0.7620426416397095,5.819631099700928,9.9350004196167,12.120058059692383,134.03782653808594,853.2000122070312,77.5503654,12.9981445
1769154524843950300,276.50695043945314,4.226945877075195,0.9741329550743103,5.8296308517456055,9.9350004196167,12.247374534606934,130.06114196777344,853.2000122070312,77.5504501,12.9980751
1769154525843165200,277.50616528320313,0.816103458404541,0.7805870175361633,5.839622974395752,9.9350004196167,12.32530689239502,122.03839874267578,853.2000122070312,77.5505421,12.998013
1769154526843472000,278.50647192382814,4.2580790519714355,0.9763859510421753,5.849626064300537,9.9350004196167,12.230597496032715,118.06141662597656,853.2000122070312,77.5506379,12.9979595
1769154527843792000,279.5067919921875,0.822717010974884,0.7514426708221436,5.859629154205322,9.9350004196167,12.195415496826172,110.02062225341797,853.2000122070312,77.550741,12.9979171
1769154528843355100,280.50635522460936,4.244441986083984,0.9745801687240601,5.869624614715576,9.9350004196167,12.209198951721191,107.04421997070312,853.2000122070312,77.5508489,12.9978848
1769154529844024600,281.50702465820314,0.8097426891326904,0.7564364075660706,5.879631519317627,9.9350004196167,12.365065574645996,99.00949096679688,853.2000122070312,77.550963,12.9978632
1769154530843381200,282.50638134765626,4.3769989013671875,0.991405725479126,5.889625072479248,9.9350004196167,12.231416702270508,94.07725524902344,853.2000122070312,77.551079,12.9978561
1769154531843715800,283.5067158203125,0.8374520540237427,0.7512624263763428,5.899628162384033,9.9350004196167,12.12092399597168,87.00428771972656,853.2000122070312,77.5511936,12.9978582
1769154532844085800,284.5070856933594,0.802565336227417,0.7352620959281921,5.909632205963135,9.9350004196167,12.229832649230957,82.00341033935547,853.2000122070312,77.551305,12.9978695
1769154533843905800,285.50690576171877,0.8643205165863037,0.7362692356109619,5.91963005065918,9.9350004196167,12.330272674560547,78.00437927246094,853.2000122070312,77.5514177,12.997889
1769154534843552500,286.50655249023436,0.9174982309341431,1.0875704288482666,5.92962646484375,9.9350004196167,12.243271827697754,76.00740814208984,853.2000122070312,77.5515289,12.997915
1769154535843663000,287.5066630859375,0.943682074546814,0.7355033159255981,5.939627647399902,9.9350004196167,12.46854019165039,74.9999008178711,853.2000122070312,77.5516411,12.9979422
1769154536844059600,288.5070595703125,0.9336490631103516,0.7398669719696045,5.949631690979004,9.9350004196167,12.421236991882324,73.00465393066406,853.2000122070312,77.5517546,12.9979682
1769154537843544300,289.5065444335938,0.8579390048980713,0.7465437650680542,5.9596266746521,9.9350004196167,12.479076385498047,73.9975814819336,853.2000122070312,77.5518693,12.9979929
1769154538844033000,290.5070329589844,0.8361893892288208,0.7332859039306641,5.969631671905518,9.9350004196167,12.509328842163086,74.99803924560547,853.2000122070312,77.5519829,12.9980163
1769154539843480600,291.50648046875,0.8045654892921448,0.7349331974983215,5.979626178741455,9.9350004196167,12.708357810974121,74.99829864501953,853.2000122070312,77.5520995,12.9980395
1769154540843984100,292.5069841308594,0.8443325757980347,0.7614725232124329,5.989631175994873,9.9350004196167,12.967196464538574,75.99607849121094,853.2000122070312,77.5522164,12.9980645
1769154541843368400,293.5063684082031,4.077563285827637,1.0149779319763184,5.999624729156494,9.9350004196167,13.667367935180664,76.98346710205078,853.2000122070312,77.5523384,12.9980891
1769154542843695600,294.50669555664064,0.9479945302009583,0.8002380728721619,6.0096282958984375,9.9350004196167,14.461438179016113,77.99239349365234,853.2000122070312,77.55247,12.9981154
1769154543844021500,295.507021484375,3.828404188156128,1.0377061367034912,6.019631385803223,9.9350004196167,15.156906127929688,78.98250579833984,853.2000122070312,77.5526075,12.9981421
1769154544844099600,296.507099609375,0.7607983946800232,0.7316506505012512,6.029632091522217,9.9350004196167,15.636763572692871,76.99996948242188,853.2000122070312,77.5527477,12.9981791
1769154545843456000,297.5064560546875,3.43681001663208,1.002458095550537,6.039625644683838,9.9350004196167,15.846227645874023,77.98404693603516,853.2000122070312,77.5528909,12.9982134
1769154546843722500,298.50672241210935,0.7641260027885437,0.8541698455810547,6.049628257751465,9.9350004196167,15.692407608032227,77.00320434570312,853.2000122070312,77.5530347,12.9982443
1769154547843307300,299.50630737304687,4.081212520599365,0.9767208099365234,6.059624195098877,9.9350004196167,15.454277038574219,77.97830200195312,853.2000122070312,77.5531757,12.9982761
1769154548843277000,300.50627709960935,0.5942202210426331,0.7277678847312927,6.069623947143555,9.9350004196167,15.331031799316406,78.00072479248047,853.2000122070312,77.5533145,12.9983037
1769154549843495700,301.50649560546873,0.6505299210548401,0.7388556003570557,6.079626083374023,9.9350004196167,15.161494255065918,78.0010757446289,853.2000122070312,77.5534517,12.9983305
1769154550844091400,302.5070913085938,0.7148039937019348,0.7510048747062683,6.089632034301758,9.9350004196167,15.160005569458008,78.00000762939453,853.2000122070312,77.5535876,12.9983569
1769154551843540200,303.50654028320315,0.7608048915863037,0.868025004863739,6.099626541137695,9.9350004196167,15.29104995727539,74.00813293457031,853.2000122070312,77.5537258,12.9983801
1769154552843421400,304.5064213867187,0.8248468637466431,0.9163969159126282,6.109625339508057,9.9350004196167,15.232422828674316,72.00724792480469,853.2000122070312,77.5538659,12.9984105
1769154553843541500,305.50654150390625,0.8641223311424255,0.7315547466278076,6.119626522064209,9.9350004196167,15.07229995727539,70.00668334960938,853.2000122070312,77.5540049,12.9984395
1769154554844153000,306.5071530761719,0.9112851023674011,0.7654479742050171,6.129632472991943,9.9350004196167,15.079362869262695,70.99722290039062,853.2000122070312,77.5541412,12.9984666
1769154555843260700,307.5062607421875,0.9354954957962036,0.745093584060669,6.139623641967773,9.9350004196167,15.079479217529297,71.99747467041016,853.2000122070312,77.55428,12.9984918
1769154556843861500,308.5068615722656,3.427960157394409,0.9736989140510559,6.149629592895508,9.9350004196167,15.097780227661133,77.91358947753906,853.2000122070312,77.5544193,12.9985148
1769154557843295200,309.5062951660156,0.9751931428909302,0.7447831630706787,6.159624099731445,9.9350004196167,15.062408447265625,73.01214599609375,853.2000122070312,77.5545576,12.9985376
1769154558843755800,310.506755859375,3.4156455993652344,0.9741654992103577,6.169628620147705,9.9350004196167,15.157013893127441,77.92829895019531,853.2000122070312,77.5546945,12.9985663
1769154559843979500,311.5069794921875,1.075973629951477,0.7914688587188721,6.179630756378174,9.9350004196167,15.002413749694824,76.00586700439453,853.2000122070312,77.5548286,12.9985888
1769154560843932700,312.5069326171875,3.4955716133117676,0.9740139842033386,6.189630508422852,9.9350004196167,14.822600364685059,77.97108459472656,853.2000122070312,77.5549624,12.998616
1769154561843338200,313.5063381347656,0.9508064985275269,0.7818410396575928,6.199624538421631,9.9350004196167,14.849716186523438,77.9997787475586,853.2000122070312,77.5550961,12.9986409
1769154562843439600,314.50643969726565,3.83378005027771,1.022970199584961,6.209625720977783,9.9350004196167,14.771346092224121,78.98287200927734,853.2000122070312,77.5552302,12.9986643
1769154563843552000,315.50655200195314,4.202561378479004,1.070178747177124,6.219626426696777,9.9350004196167,14.632058143615723,82.92095947265625,853.2000122070312,77.5553641,12.9986811
1769154564843789600,316.50678955078126,1.120200276374817,0.7984864711761475,6.229629039764404,9.9350004196167,14.183671951293945,90.98873901367188,853.2000122070312,77.5554955,12.9986856
1769154565843349200,317.50634936523437,1.0583525896072388,0.7652685642242432,6.239624500274658,9.9350004196167,13.635724067687988,92.99646759033203,853.2000122070312,77.555622,12.9986874
1769154566843762700,318.5067626953125,1.1108577251434326,1.1143913269042969,6.24962854385376,9.9350004196167,13.259069442749023,95.9917984008789,853.2000122070312,77.5557428,12.99868
1769154567843682800,319.5066828613281,1.0283626317977905,0.7578111886978149,6.259627819061279,9.9350004196167,12.289687156677246,97.99205780029297,853.2000122070312,77.5558553,12.9986737
1769154568844155100,320.5071550292969,1.0065895318984985,0.7468953132629395,6.269632816314697,9.9350004196167,11.537270545959473,98.99382781982422,853.2000122070312,77.5559601,12.9986636
1769154569843695600,321.50669555664064,0.92829829454422,0.7361626029014587,6.279628276824951,9.9350004196167,10.737260818481445,98.99436950683594,853.2000122070312,77.5560607,12.9986559
1769154570844078800,322.5070788574219,0.8732762336730957,0.7360885143280029,6.2896318435668945,9.9350004196167,9.887861251831055,99.9918212890625,853.2000122070312,77.5561514,12.9986428
1769154571843860000,323.50685986328125,0.833503782749176,0.7316700220108032,6.2996296882629395,9.9350004196167,9.136640548706055,99.99314880371094,853.2000122070312,77.5562344,12.9986355
1769154572843834000,324.50683422851563,0.8100020885467529,0.7230425477027893,6.309629440307617,9.9350004196167,8.267363548278809,98.99287414550781,853.2000122070312,77.5563099,12.9986273
1769154573844166400,325.50716650390626,7.266183376312256,1.121822476387024,6.3196330070495605,9.9350004196167,7.379284381866455,98.99334716796875,853.2000122070312,77.5563778,12.9986165
1769154574843433000,326.5064328613281,0.947928249835968,1.0453789234161377,6.329625606536865,9.9350004196167,7.153195858001709,95.99877166748047,853.2000122070312,77.5564422,12.998609
1769154575843839000,327.5068388671875,39.565696716308594,2.388615131378174,6.339629650115967,10.081999778747559,3.8635854721069336,111.80827331542969,853.2000122070312,77.5564839,12.9985981
1769154576843311600,328.5063115234375,39.65012741088867,3.1771724224090576,6.349624156951904,10.27299976348877,4.602025508880615,104.9598617553711,853.2000122070312,77.556516,12.9985847
1769154577843674600,329.50667456054686,48.49286651611328,4.112592697143555,6.359627723693848,10.67300033569336,4.694944858551025,105.02149200439453,853.2000122070312,77.5565566,12.9985732
1769154578844140800,330.50714086914064,51.000362396240234,4.014191150665283,6.369632720947266,11.175000190734863,4.344851493835449,96.72649383544922,853.2000122070312,77.5565954,12.998568
1769154579843993300,331.50699340820313,73.73818969726562,3.1828525066375732,6.379631042480469,11.932000160217285,2.0106756687164307,101.64681243896484,853.2000122070312,77.5565975,12.9985597
1769154580844038000,332.5070378417969,62.73448944091797,2.9861741065979004,6.389631748199463,12.28600025177002,2.2449090480804443,99.33331298828125,853.2000122070312,77.5566066,12.9985538
1769154581844057900,333.5070578613281,86.39473724365234,2.722172737121582,6.399631500244141,12.54800033569336,0.9713799357414246,127.5037841796875,853.2000122070312,77.5566012,12.9985535
1769154582843271400,334.506271484375,81.73091888427734,1.9448336362838745,6.409623622894287,12.553000450134277,0.7984505295753479,120.4405517578125,853.2000122070312,77.5565783,12.9985571
1769154583843457300,335.50645727539063,91.08211517333984,2.2604873180389404,6.419625759124756,12.684000015258789,0.573544979095459,142.03138732910156,853.2000122070312,77.5565598,12.9985545
1769154584843498000,336.506498046875,88.19386291503906,2.4654629230499268,6.429625988006592,12.805000305175781,0.7259841561317444,169.30189514160156,853.2000122070312,77.556549,12.9985484
1769154585843319300,337.5063193359375,79.68222045898438,4.995077610015869,4.856898784637451,13.072999954223633,1.6236932277679443,303.6162109375,825.342529296875,77.5565238,12.9985601
1769154586843508700,338.5065087890625,88.46068572998047,2.332233428955078,5.031273365020752,13.28499984741211,0.7395668029785156,334.7089538574219,825.544921875,77.5565035,12.9985826
1769154587843361800,339.50636181640624,91.96730041503906,2.291332960128784,5.11369514465332,13.61299991607666,0.5423328280448914,306.6216735839844,825.65966796875,77.5564959,12.9985939
1769154588843500800,340.5065007324219,80.33357238769531,2.2284440994262695,5.166843414306641,13.539999961853027,0.9441350102424622,298.4886779785156,825.72412109375,77.5564862,12.998601
1769154589843702300,341.5067023925781,82.9930419921875,3.3153960704803467,5.152033805847168,13.151000022888184,1.2391364574432373,278.1509094238281,825.209716796875,77.5564689,12.9986057
1769154590843891500,342.50689135742186,72.76338195800781,1.614465355873108,4.906816005706787,12.63700008392334,0.9349225759506226,278.9029846191406,825.30078125,77.5564508,12.9986077
1769154591843982800,343.50698291015624,85.66112518310547,1.9485387802124023,8.892821311950684,12.149999618530273,0.6862290501594543,277.8902282714844,843.5,77.556439,12.9986099
1769154592843799800,344.5067998046875,45,2.0097169876098633,8.90281867980957,11.793999671936035,0.6787168383598328,277.933349609375,843.5,77.5564344,12.9986104
1769154593843911000,345.5069108886719,93.32189178466797,2.1961166858673096,8.912819862365723,11.621999740600586,0.46385425329208374,297.5741271972656,843.5,77.5564314,12.9986122
1769154594844011500,346.5070114746094,87.53914642333984,2.2213592529296875,8.922821044921875,11.753000259399414,0.6863899230957031,295.30072021484375,843.5,77.5564247,12.998614
1769154595843442700,347.5064426269531,84.69755554199219,2.4193410873413086,8.932815551757812,11.961999893188477,0.8626757860183716,282.4692687988281,843.5,77.5564134,12.9986145
1769154596844019500,348.50701953125,97.7999496459961,2.552837371826172,8.942821502685547,12.489999771118164,0.1750510036945343,100.85597229003906,843.5,77.5564064,12.9986112
1769154597843913500,349.50691357421874,89.94995880126953,2.6431829929351807,8.95281982421875,13.03499984741211,0.6688522696495056,97.43082427978516,843.5,77.5564128,12.9986061
1769154598843709700,350.5067097167969,54.13760757446289,1.774458646774292,11.355284690856934,13.027999877929688,1.6842697858810425,97.01719665527344,843.5,77.5564351,12.9985986
1769154599844007200,351.5070070800781,65.5634765625,2.071467638015747,11.365287780761719,13.331999778747559,1.478018045425415,96.99125671386719,843.5,77.5564629,12.9985918
1769154600843261200,352.50626123046874,70.856201171875,2.3977015018463135,11.375280380249023,13.730999946594238,1.4564439058303833,97.01080322265625,843.5,77.5564864,12.9985849
1769154601843521500,353.506521484375,79.88147735595703,2.609820604324341,11.385283470153809,14.166999816894531,1.1916025876998901,97.8601303100586,843.5,77.5565038,12.998578
1769154602843414300,354.50641430664064,96.38291931152344,1.6377613544464111,11.395281791687012,14.282999992370605,0.2771030366420746,96.15815734863281,843.5,77.5565098,12.9985742
1769154603843316500,355.50631640625,82.8239974975586,1.7500734329223633,11.405281066894531,14.229000091552734,0.6687487363815308,98.15201568603516,843.5,77.5565028,12.9985756
1769154604843154200,356.506154296875,45,1.3992750644683838,11.415279388427734,14.279000282287598,0.6310555934906006,98.10618591308594,843.5,77.5564974,12.9985797
1769154605843315000,357.50631494140623,97.06481170654297,1.5397073030471802,11.355860710144043,13.618000030517578,0.20327910780906677,76.111572265625,843.5,77.5564963,12.9985856
1769154606843502000,358.5065021972656,94.09207916259766,1.475978970527649,11.365862846374512,13.161999702453613,0.28822842240333557,60.067359924316406,843.5,77.5564998,12.998591
1769154607843546000,359.50654614257815,67.76079559326172,0.9561546444892883,11.375863075256348,11.916999816894531,0.6215389966964722,320.29290771484375,843.5,77.5565026,12.9985962
1769154608843541500,360.50654150390625,83.0051498413086,1.0168601274490356,11.385863304138184,11.234999656677246,0.39085787534713745,284.3352355957031,843.5,77.5565018,12.9986018
1769154609843553500,361.5065534667969,87.15068817138672,1.375139832496643,11.39586353302002,10.73900032043457,0.4380028545856476,274.087890625,843.5,77.5565012,12.9986037
1769154610844035600,362.50703564453124,89.98755645751953,1.4546459913253784,11.405868530273438,10.781000137329102,0.3909454941749573,300.4995422363281,843.5,77.5565014,12.9986061
1769154611844043300,363.5070432128906,63.71847152709961,2.5810530185699463,11.415868759155273,10.866999626159668,1.7193893194198608,68.70818328857422,843.5,77.5565142,12.9986123
1769154612844108500,364.50710864257815,67.33857727050781,2.3399507999420166,4.618191719055176,11.01099967956543,1.5840699672698975,83.13629913330078,845.5999755859375,77.5565427,12.9986196
1769154613843552500,365.50655249023436,77.01803588867188,2.632646322250366,4.628186225891113,11.206000328063965,1.3346084356307983,85.87567138671875,845.5999755859375,77.5565668,12.9986234
1769154614843451400,366.50645141601564,41.57022476196289,2.226700782775879,4.638185024261475,11.197999954223633,2.9962263107299805,96.56492614746094,845.5999755859375,77.5565979,12.9986232
1769154615843542300,367.50654223632813,37.014617919921875,2.354652166366577,4.648185729980469,11.279999732971191,3.7502858638763428,98.80488586425781,845.5999755859375,77.5566437,12.9986184
1769154616843443500,368.506443359375,21.404085159301758,2.600982666015625,4.658185005187988,11.333999633789062,7.402254104614258,91.50994873046875,845.5999755859375,77.556777,12.9986045
1769154617843446000,369.50644604492186,30.687870025634766,2.783576011657715,4.668184757232666,11.383999824523926,5.819578647613525,97.11587524414062,845.5999755859375,77.556872,12.9985903
1769154618844047400,370.50704736328123,31.38233184814453,3.1806955337524414,4.678191184997559,11.48900032043457,6.206490516662598,98.79471588134766,845.5999755859375,77.5569461,12.9985756
1769154619844150300,371.507150390625,36.89065933227539,3.7850685119628906,4.688191890716553,11.776000022888184,6.175438404083252,99.00239562988281,845.5999755859375,77.5570103,12.9985641
1769154620843546000,372.50654614257815,28.888288497924805,4.099210739135742,4.698185920715332,12.116999626159668,8.376008987426758,101.54531860351562,845.5999755859375,77.5570983,12.9985439
1769154621844074800,373.5070747070312,25.695335388183594,4.145091533660889,4.708191394805908,12.5,9.912256240844727,90.44219970703125,845.5999755859375,77.5572279,12.9985386
1769154622843914800,374.5069147949219,4.363335609436035,1.7958965301513672,4.718189716339111,12.32699966430664,15.907820701599121,104.92173767089844,845.5999755859375,77.5575519,12.998424
1769154623844096800,375.5070966796875,1.4889482259750366,0.32507219910621643,4.728191375732422,11.930000305175781,14.05384349822998,106.99606323242188,845.5999755859375,77.5577529,12.9983415
1769154624843304000,376.5063039550781,1.4332821369171143,0.32608798146247864,8.888004302978516,11.597999572753906,14.638858795166016,106.999755859375,843.5,77.557899,12.9982862
1769154625844150000,377.50714990234377,0.7015165090560913,0.1640760451555252,8.898012161254883,10.779999732971191,15.019804000854492,107.99939727783203,843.5,77.5580438,12.9982291
1769154626843511800,378.50651171875,3.4720287322998047,0.973885178565979,8.908005714416504,10.638999938964844,15.187312126159668,108.98528289794922,843.5,77.5581807,12.9981788
1769154627843906800,379.50690673828126,0.5512683987617493,0.7394754886627197,8.918009757995605,10.069000244140625,15.388448715209961,109.00164031982422,843.5,77.5583144,12.9981302
1769154628843551200,380.50655126953126,0.8133732676506042,0.7291740775108337,8.928006172180176,9.9350004196167,15.321057319641113,109.99687957763672,843.5,77.5584489,12.9980806
1769154629843821000,381.5068210449219,0.932388186454773,0.7766079902648926,8.938009262084961,9.9350004196167,15.280960083007812,110.99641418457031,843.5,77.558583,12.9980307
1769154630843943400,382.506943359375,0.8417040109634399,0.7318404912948608,8.948010444641113,9.9350004196167,15.190664291381836,110.99929809570312,843.5,77.558712,12.9979792
1769154631843861800,383.50686181640623,0.9168650507926941,0.7488446235656738,8.958009719848633,9.9350004196167,15.209864616394043,111.00013732910156,843.5,77.5588458,12.9979251
1769154632843279600,384.5062795410156,0.8646811842918396,0.7385176420211792,8.96800422668457,9.9350004196167,15.200074195861816,110.99993133544922,843.5,77.5589766,12.9978716
1769154633843863800,385.50686376953126,4.13925313949585,0.9756039381027222,8.978009223937988,9.9350004196167,15.21962833404541,111,843.5,77.5591051,12.9978191
1769154634843496700,386.5064965820313,0.6987308263778687,0.7214344143867493,8.988005638122559,9.9350004196167,15.220014572143555,111.00003051757812,843.5,77.5592375,12.9977654
1769154635843537700,387.50653759765623,3.426436424255371,0.9768016338348389,8.998006820678711,9.9350004196167,15.210250854492188,111.98504638671875,843.5,77.5593675,12.9977121
1769154636843791400,388.50679125976563,0.6922144293785095,0.7393996119499207,9.00800895690918,9.9350004196167,15.239788055419922,112.00022888183594,843.5,77.5594974,12.9976589
1769154637844011300,389.5070112304688,4.145989894866943,0.975634753704071,9.018011093139648,9.9350004196167,15.200965881347656,111.02020263671875,843.5,77.5596289,12.9976083
1769154638843752400,390.50675244140626,0.5770303606987,0.7286198735237122,9.028008460998535,9.9350004196167,15.200555801391602,111.99752044677734,843.5,77.5597594,12.9975604
1769154639843366100,391.5063662109375,4.136568546295166,0.9755955338478088,9.038004875183105,9.9350004196167,15.22973918914795,111.01979064941406,843.5,77.5598893,12.9975104
1769154640844099800,392.5070998535156,0.5676731467247009,0.7378532886505127,9.048011779785156,9.9350004196167,15.250961303710938,112.99488830566406,843.5,77.5600186,12.9974592
1769154641843856000,393.50685595703123,0.5687172412872314,0.7579731345176697,9.058009147644043,9.9350004196167,15.270482063293457,113.9970932006836,843.5,77.5601483,12.9974061
1769154642843181300,394.50618139648435,0.5944294333457947,0.7410677075386047,9.068002700805664,9.9350004196167,15.270591735839844,114.9968490600586,843.5,77.5602777,12.9973523
1769154643843492400,395.50649243164065,0.6104324460029602,0.7372779250144958,9.07800579071045,9.9350004196167,15.33017349243164,115.99720764160156,843.5,77.5604064,12.9972933
1769154644844155100,396.5071550292969,0.640495240688324,0.7524491548538208,9.0880126953125,9.9350004196167,15.350446701049805,116.99656677246094,843.5,77.5605342,12.9972323
1769154645843552000,397.50655200195314,0.6760234832763672,0.7462717890739441,9.098006248474121,9.9350004196167,15.33068561553955,117.99609375,843.5,77.5606599,12.9971704
1769154646843649000,398.50664892578123,0.6468158960342407,0.9514836668968201,9.108007431030273,9.9350004196167,15.303102493286133,121.97315979003906,843.5,77.5607808,12.9971088
1769154647843981300,399.50698120117187,0.7042394280433655,0.742863655090332,9.118010520935059,9.9350004196167,15.30003547668457,121.99982452392578,843.5,77.5609021,12.9970411
1769154648843314400,400.506314453125,0.7441505789756775,0.7411123514175415,9.12800407409668,9.9350004196167,15.220490455627441,121.99942016601562,843.5,77.5610254,12.9969767
1769154649843622700,401.50662255859373,0.7707470655441284,0.7407792210578918,9.138007164001465,9.9350004196167,15.368595123291016,121.00514221191406,843.5,77.5611502,12.9969134
1769154650843998500,402.50699853515624,0.7824364900588989,0.7360082864761353,9.148011207580566,9.9350004196167,15.180109024047852,119.00654602050781,843.5,77.5612783,12.9968534
1769154651843322400,403.506322265625,0.7741727828979492,0.7342551350593567,9.158003807067871,9.9350004196167,14.939807891845703,116.00870513916016,843.5,77.5614038,12.9967977
1769154652843672600,404.5066726074219,0.7646234035491943,0.7427092790603638,9.168007850646973,9.9350004196167,14.659490585327148,112.0094985961914,843.5,77.5615292,12.9967517
1769154653843420700,405.5064206542969,0.7336950898170471,0.7555726766586304,9.17800521850586,9.9350004196167,14.379143714904785,107.00862884521484,843.5,77.561658,12.9967142
1769154654843956200,406.50695629882813,0.7505719661712646,0.7544604539871216,9.188010215759277,9.9350004196167,14.159346580505371,102.0058822631836,843.5,77.5617871,12.9966882
1769154655843588000,407.50658813476565,0.7492285966873169,0.7372749447822571,9.198006629943848,9.9350004196167,13.990386009216309,99.00231170654297,843.5,77.5619146,12.9966664
1769154656843160300,408.5061604003906,0.7960832715034485,0.7461466193199158,9.208003044128418,9.9350004196167,13.642253875732422,95.00215911865234,843.5,77.5620396,12.9966515
1769154657843647000,409.50664697265626,0.7991469502449036,0.7260879278182983,9.21800708770752,9.9350004196167,12.9561128616333,93.9989013671875,843.5,77.5621605,12.9966421
1769154658844164000,410.5071640625,0.8252789974212646,0.7373886108398438,9.228013038635254,9.9350004196167,12.098087310791016,93.99748992919922,843.5,77.5622724,12.9966342
1769154659843964000,411.5069638671875,0.8583599328994751,0.7329270839691162,9.23801040649414,9.9350004196167,11.27755069732666,92.99867248535156,843.5,77.5623756,12.9966272
1769154660843311400,412.5063112792969,0.7831056118011475,0.8337948322296143,9.248003959655762,9.9350004196167,10.440369606018066,94.99422454833984,843.5,77.5624735,12.9966206
1769154661843409200,413.5064091796875,0.8527188897132874,1.0228235721588135,9.258005142211914,9.9350004196167,9.566034317016602,65.1623764038086,843.5,77.562562,12.9966162
1769154662843793200,414.5067932128906,0.924228847026825,0.9784197211265564,9.268009185791016,9.9350004196167,8.770617485046387,80.98737335205078,843.5,77.5626421,12.99663
1769154663843670000,415.506669921875,1.0015734434127808,0.9839764833450317,9.278007507324219,9.9350004196167,7.648056507110596,103.93391418457031,843.5,77.5627153,12.9966212
1769154664844139000,416.5071389160156,1.0770143270492554,0.9866573214530945,9.288012504577637,9.9350004196167,7.263782501220703,98.00016784667969,843.5,77.5627792,12.9966031
1769154665843160600,417.50616064453123,1.161085844039917,1.1134341955184937,9.298002243041992,9.9350004196167,6.662596225738525,98.98262786865234,843.5,77.562838,12.9965931
1769154666843322400,418.506322265625,1.2392098903656006,1.1784288883209229,9.308004379272461,9.996000289916992,5.496391296386719,98.95807647705078,843.5,77.5628866,12.9965874
1769154667843577900,419.50657788085937,1.3264960050582886,1.486332654953003,9.31800651550293,10.180000305175781,5.316145896911621,98.98983764648438,843.5,77.5629299,12.9965836
1769154668843669000,420.5066689453125,1.421560525894165,1.688752293586731,9.328007698059082,10.545999526977539,5.1180195808410645,97.98908233642578,843.5,77.5629732,12.9965783
1769154669843625000,421.506625,1.5140215158462524,1.7397769689559937,9.338006973266602,11.017000198364258,4.307789325714111,97.93134307861328,843.5,77.5630062,12.9965743
1769154670843810000,422.50681005859377,1.6065841913223267,1.5138945579528809,9.34800910949707,11.779999732971191,2.5901694297790527,97.81771087646484,843.5,77.5630144,12.996574
1769154671843647500,423.5066474609375,1.7068289518356323,1.2840195894241333,9.358007431030273,12.114999771118164,1.2638710737228394,94.86841583251953,843.5,77.5630022,12.9965762
1769154672843903000,424.50690307617185,1.8111149072647095,1.5342304706573486,9.368010520935059,12.324000358581543,0.9991140961647034,90.99103546142578,843.5,77.5629956,12.9965781
1769154673844025900,425.50702587890623,1.9183497428894043,1.672674298286438,9.378011703491211,12.39799976348877,1.0661870241165161,96.01864624023438,843.5,77.5629978,12.9965796
1769154674844113000,426.50711279296877,2.0257461071014404,1.5932081937789917,9.388011932373047,12.178000450134277,0.5746340155601501,98.77164459228516,843.5,77.562964,12.9965852
1769154675844147500,427.5071474609375,2.1376826763153076,1.68254554271698,9.398012161254883,11.979000091552734,1.1758471727371216,95.14523315429688,843.5,77.562932,12.9965944
1769154676843276300,428.5062763671875,2.2509634494781494,1.5642846822738647,9.408003807067871,11.920999526977539,0.2954508066177368,91.76097106933594,843.5,77.5629362,12.99659
1769154677843347500,429.5063474121094,45,1.540025234222412,9.418004035949707,11.85099983215332,0.29152557253837585,91.78496551513672,843.5,77.5629376,12.9965895
1769154678843318500,430.50631860351564,2.4848387241363525,1.6361939907073975,37.7372932434082,11.756999969482422,0.49814534187316895,96.15442657470703,848.5999755859375,77.5629357,12.996582
1769154679844074800,431.5070747070312,2.6051363945007324,1.6291780471801758,37.74729919433594,11.583999633789062,0.48077666759490967,96.98822021484375,848.5999755859375,77.5629402,12.9965764
1769154680844009500,432.50700952148435,2.7273449897766113,1.6645464897155762,37.757301330566406,11.607000350952148,0.8435412049293518,97.13488006591797,848.5999755859375,77.5629457,12.996573
1769154681844950500,433.5079504394531,2.8514251708984375,1.29252290725708,37.767311096191406,11.586999893188477,0.3338872790336609,96.71253204345703,848.5999755859375,77.5629517,12.9965736
1769154682843852300,434.5068522949219,2.9766359329223633,1.2868831157684326,37.77729797363281,11.57699966430664,0.2423134595155716,99.90299224853516,848.5999755859375,77.5629507,12.9965737
1769154683844045800,435.5070458984375,45,1.3404985666275024,37.78730010986328,11.553000450134277,0.2334655523300171,100.27459716796875,848.5999755859375,77.5629484,12.9965738
1769154684843958300,436.5069582519531,0,1.7540309429168701,37.797298431396484,11.562000274658203,0.034606218338012695,0,848.5999755859375,77.5629447,12.9965739
1769154685844044300,437.5070441894531,3.367539405822754,1.054467797279358,5.256166458129883,11.552000045776367,0.5372408032417297,99.04683685302734,829.297119140625,77.5629501,12.9965725
1769154686844048100,438.5070480957031,3.5014679431915283,1.2128095626831055,5.661545753479004,11.61400032043457,0.44243940711021423,99.94515228271484,829.121826171875,77.562958,12.996571
1769154687843681300,439.5066813964844,3.6374075412750244,1.1923877000808716,6.0286359786987305,11.699999809265137,0.44014647603034973,97.99832153320312,829.0262451171875,77.5629656,12.9965702
1769154688843570200,440.5065700683594,3.77473783493042,1.1411601305007935,6.054730415344238,11.786999702453613,0.4791718125343323,95.00911712646484,828.55712890625,77.5629722,12.9965698
1769154689843457800,441.50645776367185,3.9141273498535156,1.229352355003357,6.310657978057861,11.91100025177002,0.19721506536006927,97.70787048339844,828.64501953125,77.562977,12.9965701
1769154690843334700,442.50633471679686,4.05489444732666,1.2700575590133667,6.5666279792785645,12.041999816894531,0.4921291470527649,98.1258773803711,827.929443359375,77.56298,12.9965715
1769154691844147200,443.50714721679685,4.198269367218018,1.347805142402649,6.791297435760498,12.27400016784668,0.4318845272064209,97.96569061279297,827.899169921875,77.5629856,12.9965727
1769154692844151800,444.50715185546875,4.342984199523926,1.621552586555481,6.992910861968994,12.496999740600586,0.5068525671958923,98.04882049560547,827.3543701171875,77.5629909,12.9965734
1769154693843265500,445.506265625,4.487509250640869,1.795621633529663,7.218044757843018,12.678000450134277,0.6339730024337769,101.09589385986328,826.54931640625,77.5629972,12.9965721
1769154694844148000,446.50714794921873,4.63596248626709,1.6742653846740723,7.531947612762451,13.244999885559082,0.3143846392631531,94.7774887084961,826.633056640625,77.5630024,12.9965701
1769154695843940600,447.5069406738281,4.785854339599609,1.4756630659103394,7.697488307952881,13.593000411987305,0.4844664931297302,101.11559295654297,825.193603515625,77.5630068,12.9965683
1769154696843938300,448.5069382324219,45,1.7031193971633911,18.535879135131836,13.805000305175781,0.4822271466255188,101.17681121826172,828.0999755859375,77.5630102,12.9965667
1769154697843839000,449.5068388671875,5.090330600738525,1.8631292581558228,18.54587745666504,14.295999526977539,0.24184390902519226,97.9454116821289,828.0999755859375,77.5630101,12.9965664
1769154701383000000,453.046,45,1.5,18.489999771118164,157.1929931640625,0.2405623495578766,97.98722076416016,828.0999755859375,77.5630176,12.9965653
1769154709843653000,461.50665307617186,6.480969429016113,1.8446412086486816,18.57460594177246,35.770999908447266,6.474257469177246,102.9922103881836,828.0999755859375,77.56347,12.9965711
1769154710843577600,462.50657763671876,6.666839122772217,2.0298731327056885,11.353763580322266,34.79399871826172,6.1205854415893555,101.97940063476562,828.0999755859375,77.5635099,12.9965697
1769154711843180500,463.5061806640625,6.780569076538086,2.0773751735687256,11.363759994506836,32.92900085449219,6.721969127655029,102.05241394042969,828.0999755859375,77.5635902,12.9965651
1769154712843680800,464.5066806640625,6.673016548156738,1.9777995347976685,11.373764991760254,29.81399917602539,8.753210067749023,104.07177734375,828.0999755859375,77.5637609,12.9965009
1769154713843791600,465.50679150390624,4.651181221008301,1.1101282835006714,11.383766174316406,26.60099983215332,12.237964630126953,104.00579833984375,828.0999755859375,77.5640041,12.9964271
1769154714843874300,466.5068742675781,2.285918951034546,0.8454663753509521,11.393766403198242,20.99799919128418,12.606108665466309,102.01155853271484,828.0999755859375,77.5641908,12.9963879
1769154715843982000,467.50698217773436,1.7600791454315186,0.782906711101532,11.403767585754395,15.394000053405762,12.480731964111328,100.0055160522461,828.0999755859375,77.5643137,12.9963524
1769154716844024800,468.50702490234374,1.1738276481628418,0.7363762259483337,11.41376781463623,10.352999687194824,12.469539642333984,97.00407409667969,828.0999755859375,77.5644517,12.9963525
1769154717843183000,469.5061831054687,1.0790196657180786,0.7662960290908813,11.423759460449219,9.258999824523926,12.46955680847168,94.00321197509766,828.0999755859375,77.5645813,12.9963369
1769154718843407400,470.50640747070315,1.1003596782684326,0.7462857961654663,11.433761596679688,6.49399995803833,12.558843612670898,90.00409698486328,828.0999755859375,77.5646978,12.9963311
1769154719843472600,471.50647265625,1.1488622426986694,0.756725013256073,11.44376277923584,4.879000186920166,12.669008255004883,87.00328063964844,828.0999755859375,77.5648119,12.9963351
1769154720843567900,472.50656787109375,1.1663707494735718,1.0640945434570312,11.453763961791992,4.257999897003174,12.494247436523438,84.00606536865234,828.0999755859375,77.5649244,12.996339
1769154721843443000,473.5064428710937,0.8977929353713989,0.7559451460838318,11.463762283325195,3.9240000247955322,12.540027618408203,82.00178527832031,828.0999755859375,77.5650394,12.9963475
1769154722843408100,474.506408203125,0.9306328296661377,0.7494502067565918,11.473762512207031,3.9089999198913574,12.609889030456543,80.00200653076172,828.0999755859375,77.5651511,12.9963658
1769154723843171600,475.5061716308594,0.6817460656166077,0.7189546227455139,11.483759880065918,3.8889999389648438,12.699856758117676,78.00149536132812,828.0999755859375,77.5652617,12.9963897
1769154724843428000,476.5064279785156,0.619963526725769,0.7233341336250305,11.493762016296387,3.875,12.729719161987305,77.999755859375,828.0999755859375,77.5653729,12.9964063
1769154725843842600,477.5068425292969,0.5994642972946167,0.7248077392578125,11.503766059875488,3.7899999618530273,12.740275382995605,77.00106811523438,828.0999755859375,77.5654866,12.9964255
1769154726843486700,478.50648681640627,0.6736122965812683,0.7445278763771057,11.513762474060059,3.7899999618530273,12.600838661193848,77.9999008178711,828.0999755859375,77.5655999,12.996448
1769154727843623200,479.506623046875,0.7539829611778259,0.7733327150344849,11.523764610290527,3.7899999618530273,12.599234580993652,79.997802734375,828.0999755859375,77.565714,12.9964679
1769154728843828700,480.50682885742185,0.8380302786827087,0.7967978119850159,11.53376579284668,3.7899999618530273,12.588842391967773,83.99658203125,828.0999755859375,77.5658295,12.9964813
1769154729843406600,481.5064064941406,0.8912182450294495,0.7923455834388733,11.54376220703125,3.7899999618530273,12.510127067565918,88.99661254882812,828.0999755859375,77.5659439,12.9964828
1769154730843494700,482.50649462890624,0.8975404500961304,0.7919310927391052,11.553762435913086,3.7899999618530273,12.58938217163086,93.99649047851562,828.0999755859375,77.5660588,12.9964644
1769154731844191200,483.5071911621094,0.9758794903755188,0.9585481286048889,11.563770294189453,3.7899999618530273,12.530884742736816,93.9997329711914,828.0999755859375,77.566172,12.996445
1769154732843760400,484.5067604980469,1.0416221618652344,0.8312948942184448,11.573765754699707,3.7899999618530273,12.581573486328125,101.98699188232422,828.0999755859375,77.5662817,12.9964142
1769154733843458600,485.5064584960937,1.098885416984558,0.8063990473747253,11.583762168884277,3.7899999618530273,12.690614700317383,105.99156188964844,828.0999755859375,77.5663922,12.9963684
1769154734843994400,486.5069943847656,1.1468926668167114,0.7492613196372986,11.593768119812012,3.7899999618530273,12.751461029052734,110.98573303222656,828.0999755859375,77.5664976,12.9963227
1769154735843491000,487.5064909667969,1.2532833814620972,0.9785506129264832,11.60376262664795,3.7899999618530273,12.62076187133789,98.0272445678711,828.0999755859375,77.5665959,12.9962602
1769154736843990300,488.506990234375,1.3407458066940308,0.945281982421875,11.613767623901367,3.7899999618530273,12.197915077209473,102.98125457763672,828.0999755859375,77.5666917,12.996204
1769154737843487700,489.50648779296876,1.4185293912887573,0.9059740304946899,11.623763084411621,3.7899999618530273,12.13497257232666,112.95365905761719,828.0999755859375,77.5667783,12.9961307
1769154738844153000,490.5071530761719,1.476812481880188,0.8537010550498962,11.633769035339355,3.7899999618530273,12.132668495178223,120.95384979248047,828.0999755859375,77.5668608,12.9960474
1769154739844192000,491.5071918945313,1.5260318517684937,0.8330014944076538,11.643770217895508,3.7899999618530273,12.280022621154785,126.96265411376953,828.0999755859375,77.5669352,12.9959615
1769154740843764700,492.5067646484375,1.5402567386627197,0.7842909693717957,11.653765678405762,3.7899999618530273,12.359640121459961,131.96932983398438,828.0999755859375,77.5670068,12.9958711
1769154741843345200,493.50634521484375,1.7203949689865112,0.9806017875671387,11.663761138916016,3.7899999618530273,12.393287658691406,157.83041381835938,828.0999755859375,77.5670713,12.9957735
1769154742843494400,494.50649438476563,1.7052122354507446,0.7899425029754639,11.673763275146484,3.7899999618530273,12.322229385375977,153.02496337890625,828.0999755859375,77.567129,12.9956783
1769154743843668700,495.50666870117186,1.546115756034851,0.7628225684165955,11.683764457702637,3.7899999618530273,12.340577125549316,151.00955200195312,828.0999755859375,77.5671905,12.9955859
1769154744844056600,496.507056640625,1.6957494020462036,0.9307330250740051,11.693768501281738,3.7899999618530273,12.289137840270996,152.9873504638672,828.0999755859375,77.5672556,12.9954938
1769154745843843000,497.50684301757815,1.6625103950500488,0.7624697685241699,11.703766822814941,3.7899999618530273,12.251208305358887,150.0155487060547,828.0999755859375,77.5673176,12.9954007
1769154746843208400,498.50620849609373,1.5167089700698853,0.819384753704071,11.713760375976562,3.7899999618530273,12.37010669708252,147.01661682128906,828.0999755859375,77.5673848,12.9953114
1769154747843153000,499.50615283203126,1.401001214981079,0.7548624277114868,11.723759651184082,3.7899999618530273,12.538527488708496,147.99386596679688,828.0999755859375,77.5674478,12.9952168
1769154748843840800,500.5068408203125,0.9247304797172546,0.736463189125061,11.733766555786133,3.7899999618530273,12.749401092529297,146.00732421875,828.0999755859375,77.5675169,12.9951224
1769154749843438600,501.5064384765625,0.7359051704406738,0.7266882061958313,11.743762016296387,3.7899999618530273,12.760252952575684,145.0043182373047,828.0999755859375,77.5675862,12.9950265
1769154750843494000,502.50649389648436,0.6561523675918579,0.7301252484321594,11.753763198852539,3.7899999618530273,12.660534858703613,145.00064086914062,828.0999755859375,77.5676546,12.9949347
1769154751843933700,503.50693359375,0.6515780687332153,0.7841842770576477,11.76376724243164,3.7899999618530273,12.739851951599121,144.00453186035156,828.0999755859375,77.5677231,12.9948388
1769154752843887900,504.5068879394531,0.6794186234474182,0.786142885684967,11.77376651763916,3.7899999618530273,12.720132827758789,144.0001983642578,828.0999755859375,77.5677907,12.9947436
1769154753844145200,505.5071452636719,0.6495096683502197,0.7259315848350525,11.783769607543945,3.7899999618530273,12.779370307922363,144.99539184570312,828.0999755859375,77.5678566,12.9946469
1769154754843980800,506.50698071289065,0.6437082886695862,0.730009138584137,11.793767929077148,3.7899999618530273,12.829737663269043,144.99966430664062,828.0999755859375,77.5679294,12.9945501
1769154755843211500,507.50621142578126,0.612153172492981,0.7272425889968872,11.803760528564453,3.7899999618530273,12.750426292419434,145.00051879882812,828.0999755859375,77.5679957,12.9944551
1769154756843952400,508.5069523925781,0.5917788743972778,0.725680410861969,11.813767433166504,3.7899999618530273,12.710219383239746,145.000244140625,828.0999755859375,77.5680679,12.9943604
1769154757843425800,509.50642578125,4.054868698120117,0.9739370942115784,11.823761940002441,3.7899999618530273,12.769089698791504,144.99989318847656,828.0999755859375,77.5681379,12.9942658
1769154758843833600,510.50683349609375,4.059378623962402,0.9778450727462769,11.833765983581543,3.7899999618530273,12.82907772064209,145.0004119873047,828.0999755859375,77.5682021,12.9941685
1769154759843496700,511.5064965820313,4.134084224700928,0.9816780686378479,11.84376335144043,3.7899999618530273,12.652766227722168,144.999755859375,828.0999755859375,77.5682733,12.9940774
1769154760844214000,512.5072141113282,0.6037148237228394,0.7309939861297607,11.85377025604248,3.7899999618530273,12.720000267028809,145,828.0999755859375,77.5683437,12.9939806
1769154761843692800,513.5066928710937,4.045785903930664,0.97357577085495,11.863764762878418,3.7899999618530273,12.789999961853027,146,828.0999755859375,77.5684065,12.9938864
1769154762843606500,514.5066064453125,0.6105570793151855,0.731765627861023,11.873764038085938,3.7899999618530273,12.789999961853027,146,828.0999755859375,77.5684653,12.9937889
1769154763844003800,515.50700390625,4.081635475158691,0.9779375195503235,11.883768081665039,3.7899999618530273,12.800000190734863,147,828.0999755859375,77.5685279,12.99369
1769154764843809300,516.5068093261718,0.6172430515289307,0.7339174747467041,11.893766403198242,3.7899999618530273,12.84000015258789,148,828.0999755859375,77.5685873,12.9935884
1769154765843328300,517.5063283691406,4.042707443237305,0.9743554592132568,11.90376091003418,3.7899999618530273,12.819999694824219,148,828.0999755859375,77.5686499,12.993492
1769154766843994000,518.506994140625,0.5872142314910889,0.728233277797699,11.91376781463623,3.7899999618530273,12.84000015258789,148,828.0999755859375,77.5687137,12.9933951
1769154767843491300,519.5064912109375,4.04722261428833,0.9736796021461487,11.923763275146484,3.7899999618530273,12.789999961853027,148,828.0999755859375,77.5687735,12.9932982
1769154768843837400,520.5068374023438,0.5589432120323181,0.7238341569900513,11.93376636505127,3.7899999618530273,12.819999694824219,147,828.0999755859375,77.5688286,12.9931973
1769154769843309600,521.5063095703125,4.059841156005859,0.9736624956130981,11.943760871887207,3.7899999618530273,12.75,148,828.0999755859375,77.5688962,12.9931019
1769154770843662300,522.5066623535156,0.5640093088150024,0.7224451303482056,11.953764915466309,5.019000053405762,12.739999771118164,146,828.0999755859375,77.5689618,12.9930077
1769154771844112000,523.5071118164062,4.108315467834473,0.9990249872207642,11.96376895904541,6.248000144958496,12.760000228881836,146,828.0999755859375,77.5690241,12.9929125
1769154772844004900,524.5070048828125,0.5790311694145203,0.7636215090751648,11.97376823425293,7.4770002365112305,12.729999542236328,145,828.0999755859375,77.5690848,12.9928151
1769154773843418600,525.5064187011719,4.121868133544922,1.0144973993301392,11.98376178741455,7.886000156402588,12.729999542236328,145,828.0999755859375,77.5691501,12.9927181
1769154774843478300,526.5064782714844,4.132334232330322,1.0115325450897217,11.993762969970703,9.9350004196167,12.739999771118164,144,828.0999755859375,77.5692198,12.992621
1769154775843951400,527.5069514160157,0.5877566337585449,0.7276644110679626,12.003767013549805,9.9350004196167,12.75,143,828.0999755859375,77.5692931,12.9925244
1769154776843411500,528.5064113769531,4.130181312561035,0.9858773946762085,12.013762474060059,9.9350004196167,12.770000457763672,144,828.0999755859375,77.569361,12.9924301
1769154777843489300,529.5064892578125,0.6857860088348389,0.8014361262321472,12.023762702941895,9.9350004196167,12.779999732971191,143,828.0999755859375,77.5694252,12.9923367
1769154778843768600,530.5067685546875,4.2605085372924805,1.0273538827896118,12.03376579284668,9.9350004196167,12.760000228881836,144,828.0999755859375,77.5694905,12.9922431
1769154779843863800,531.5068637695313,0.8205621838569641,0.9660412669181824,12.043766975402832,9.9350004196167,12.65999984741211,143,828.0999755859375,77.5695566,12.9921535
1769154780843830800,532.5068308105468,4.164008140563965,1.0013076066970825,12.053766250610352,9.9350004196167,12.75,144,828.0999755859375,77.5696242,12.9920598
1769154781843710000,533.5067099609375,0.7752673029899597,0.8024135231971741,12.063765525817871,9.9350004196167,12.649999618530273,143,828.0999755859375,77.5696934,12.9919688
1769154782843931400,534.5069313964843,4.101583957672119,0.99385005235672,12.07376766204834,9.9350004196167,12.720000267028809,144,828.0999755859375,77.5697632,12.9918772
1769154783844006100,535.5070061035157,0.6880555152893066,0.7593531608581543,12.083767890930176,9.9350004196167,12.630000114440918,143,828.0999755859375,77.5698341,12.9917812
1769154784843489500,536.5064895019531,4.074103355407715,0.9753522872924805,12.093762397766113,9.9350004196167,12.739999771118164,144,828.0999755859375,77.5699117,12.9916889
1769154785843734500,537.5067346191406,0.6522340774536133,0.725540041923523,12.103765487670898,9.9350004196167,12.710000038146973,143,828.0999755859375,77.5699815,12.9916012
1769154786843991800,538.5069916992187,4.172177314758301,0.9798188209533691,12.113767623901367,9.9350004196167,12.529999732971191,144,828.0999755859375,77.5700471,12.9915145
1769154787843503900,539.50650390625,0.6393619179725647,0.7339742183685303,12.123763084411621,9.9350004196167,12.25,143,828.0999755859375,77.5701135,12.9914254
1769154788843499300,540.5064992675781,4.485947608947754,0.9910647869110107,12.133763313293457,9.9350004196167,11.739999771118164,144,828.0999755859375,77.5701751,12.9913381
1769154789843652400,541.50665234375,4.768918991088867,1.2726088762283325,12.14376449584961,9.9350004196167,11.479999542236328,143,828.0999755859375,77.5702378,12.9912571
1769154790843496000,542.5064958496093,4.962399959564209,1.0102243423461914,12.153762817382812,9.9350004196167,10.65999984741211,144,828.0999755859375,77.5702949,12.9911824
1769154791843776500,543.5067766113282,5.276604652404785,1.0115821361541748,12.163765907287598,9.9350004196167,10.0600004196167,144,828.0999755859375,77.5703509,12.9911058
1769154792843980800,544.5069807128906,0.7465164065361023,0.7280856966972351,12.173768043518066,9.9350004196167,9.319999694824219,143,828.0999755859375,77.5704017,12.991036
1769154793843991300,545.5069912109375,5.958189964294434,0.9750816226005554,12.183768272399902,9.9350004196167,8.699999809265137,144,828.0999755859375,77.5704451,12.9909749
1769154794843454700,546.5064548339843,0.7860714197158813,0.7564336061477661,12.19376277923584,9.9350004196167,7.989999771118164,143,828.0999755859375,77.5704851,12.9909147
1769154795843915500,547.5069155273437,6.9323201179504395,1.253554344177246,12.203766822814941,9.9350004196167,7.889999866485596,143,828.0999755859375,77.5705258,12.990858
1769154796843988500,548.5069885253906,0.9289175868034363,1.392024278640747,12.213768005371094,9.987000465393066,7.610000133514404,137,828.0999755859375,77.5705663,12.9908044
1769154797843870500,549.5068703613281,17.5800724029541,1.8991676568984985,12.223766326904297,10.065999984741211,6.940000057220459,140,828.0999755859375,77.5706058,12.9907631
1769154798844010200,550.5070102539063,42.21834182739258,3.8342552185058594,3.3746509552001953,10.36400032043457,5.28000020980835,139,813.5811767578125,77.5706327,12.9907289
1769154799844156700,551.5071567382812,44.16020584106445,4.401166915893555,3.5378024578094482,10.831999778747559,5.71999979019165,145,813.319091796875,77.5706648,12.990685
1769154800843867100,552.5068671875,48.271480560302734,4.987104415893555,3.7303264141082764,11.277999877929688,5.760000228881836,144,813.3802490234375,77.5706943,12.990641
1769154801843433000,553.5064328613281,34.09791564941406,2.829610586166382,3.9318997859954834,12.074000358581543,5.050000190734863,141,813.3043212890625,77.5707133,12.9906235
1769154802844697600,554.5076975097656,31.32779312133789,2.489847421646118,4.167887210845947,13.36400032043457,4.889999866485596,144,813.18359375,77.5707509,12.990588
1769154803843830000,555.506830078125,33.25275421142578,2.7166826725006104,4.365063667297363,13.883000373840332,4.989999771118164,146,813.162109375,77.5707715,12.9905412
1769154804843778800,556.5067788085937,34.14522933959961,2.610018491744995,4.647794246673584,15.032999992370605,4.650000095367432,158,813.2744140625,77.5707434,12.9904996
1769154805843198500,557.5061984863281,51.020530700683594,2.5414540767669678,5.2124409675598145,16.280000686645508,2.7100000381469727,167,813.10791015625,77.5706894,12.9905608
1769154806843214000,558.5062141113282,82.10340118408203,4.879061698913574,5.71133279800415,17.674999237060547,1.9900000095367432,176,813.5841064453125,77.570653,12.9905579
1769154807843644700,559.5066447753907,82.43958282470703,4.990837574005127,5.829052925109863,19.121999740600586,2.009999990463257,155,813.014404296875,77.5706635,12.9905537
1769154808843826200,560.506826171875,88.01557922363281,4.53561544418335,5.870590686798096,20.427000045776367,1.399999976158142,142,812.322998046875,77.5706718,12.9905699
1769154809844203300,561.5072033691406,82.04332733154297,1.8607419729232788,6.030831813812256,21.576000213623047,0.7599999904632568,149,812.3291015625,77.5706557,12.9906213
1769154810843210500,562.5062104492188,74.36724090576172,1.7572150230407715,6.160022735595703,21.402000427246094,0.949999988079071,11,811.9742431640625,77.5706381,12.9907091
1769154811844115700,563.5071157226563,89.55640411376953,1.7952842712402344,6.059826850891113,20.722999572753906,0.5,162,812.06298828125,77.5706504,12.9907038
1769154812843946500,564.5069465332032,94.20459747314453,1.5119593143463135,5.995744228363037,19.25200080871582,0.28999999165534973,72,812.363525390625,77.5706339,12.9907553
1769154813843432700,565.5064326171876,70.09186553955078,1.5609869956970215,6.430800914764404,18.819000244140625,0.9599999785423279,347,812.438720703125,77.5706264,12.9907867
1769154814843921200,566.5069211425781,80.21531677246094,1.5459837913513184,6.911364555358887,17.922000885009766,0.6800000071525574,334,812.401123046875,77.5706124,12.9908
1769154815843433200,567.5064331054688,79.90567016601562,1.8416128158569336,7.359055519104004,17.437999725341797,0.8100000023841858,310,813.1123046875,77.5705992,12.9908094
1769154816843495400,568.5064953613281,91.7972412109375,1.948748230934143,7.763123512268066,17.774999618530273,0.4699999988079071,284,813.3326416015625,77.5705892,12.9908089
1769154817843767800,569.5067678222656,94.02997589111328,1.8814146518707275,8.202862739562988,18.093000411987305,0.3700000047683716,284,813.688232421875,77.5705871,12.9908006
1769154818843438600,570.5064384765625,82.50685119628906,1.8443379402160645,8.233108520507812,19.27400016784668,0.7400000095367432,125,814.4127197265625,77.570591,12.9907899
1769154819844118500,571.5071184082032,91.58402252197266,1.677965760231018,8.285789489746094,19.764999389648438,0.4099999964237213,144,813.975341796875,77.5705955,12.990782
1769154820843382300,572.5063823242187,96.32905578613281,1.676621913909912,7.9429426193237305,19.639999389648438,0.25,144,814.607421875,77.5705981,12.9907787
1769154821843935700,573.5069357910156,96.09294891357422,1.996700406074524,7.723681449890137,19.878000259399414,0.3100000023841858,144,813.73046875,77.5705981,12.990776
1769154822843482400,574.506482421875,72.34466552734375,2.185851812362671,7.904232978820801,19.660999298095703,1.2599999904632568,146,814.576416015625,77.5706039,12.9907517
1769154823844159700,575.5071596679687,59.584022521972656,1.5009129047393799,15.011641502380371,18.59000015258789,1.2599999904632568,147,830.5,77.5706033,12.9907444
1769154824843454500,576.5064543457031,72.11477661132812,1.572151780128479,15.021635055541992,18.027000427246094,0.9100000262260437,145,830.5,77.570601,12.9907386
1769154825843991000,577.5069909667968,56.86125183105469,1.4748141765594482,15.03164005279541,16.702999114990234,1.3300000429153442,146,830.5,77.5705974,12.9907314
1769154826843202600,578.5062026367187,60.36363983154297,1.7677704095840454,15.041631698608398,16.280000686645508,1.4500000476837158,145,830.5,77.5705935,12.9907211
1769154827843930600,579.5069306640625,73.80641174316406,1.5988328456878662,15.051639556884766,14.659000396728516,0.8799999952316284,146,830.5,77.5705894,12.9907194
1769154828843210800,580.5062106933593,67.6719970703125,1.7385708093643188,15.06163215637207,14.482999801635742,1.149999976158142,146,830.5,77.5705845,12.990719
1769154829843708700,581.5067087402343,62.06438446044922,1.8548661470413208,15.071637153625488,13.911999702453613,1.4500000476837158,147,830.5,77.5705811,12.9907151
1769154830843991800,582.5069916992187,64.32194519042969,2.0680811405181885,15.081640243530273,13.883000373840332,1.5199999809265137,146,830.5,77.5705763,12.9907088
1769154831844161000,583.5071611328125,61.480316162109375,2.091287136077881,15.091641426086426,13.887999534606934,1.659999966621399,147,830.5,77.5705684,12.9907015
1769154832843487000,584.5064870605469,64.26889038085938,2.2142090797424316,15.101634979248047,14.027999877929688,1.6299999952316284,147,830.5,77.5705601,12.9906932
1769154833843626000,585.5066259765625,69.19898223876953,2.372093915939331,15.1116361618042,14.434000015258789,1.5099999904632568,148,830.5,77.5705523,12.9906856
1769154834844127200,586.5071271972656,84.50588989257812,4.787347793579102,15.121641159057617,14.793000221252441,1.7599999904632568,192,830.5,77.5705465,12.9906707
1769154835844123100,587.507123046875,90.58557891845703,5.017606735229492,15.131641387939453,15.35200023651123,1.3200000524520874,198,830.5,77.5705372,12.9906567
1769154836843489000,588.5064890136719,91.51351165771484,5.3496222496032715,15.141634941101074,16.006000518798828,1.3200000524520874,196,830.5,77.5705287,12.9906449
1769154837504000000,589.167,0,0,15.141634941101074,21.256999969482422,0,0,830.5,77.5705287,12.9906449
1769154844843406000,596.5064060058594,3.7005398273468018,1.0721685886383057,15.221633911132812,5.203999996185303,14.75,144,830.5,77.5713471,12.9896832
1769154845843488800,597.5064887695313,0.49425068497657776,0.11485544592142105,15.231635093688965,4.783999919891357,14.920000076293945,145,830.5,77.5714286,12.9895679
1769154846843463000,598.506462890625,1.3188469409942627,0.31851401925086975,5.216502666473389,4.517000198364258,15.529999732971191,148,824.0999755859375,77.5715059,12.9894558
1769154847843440600,599.5064406738281,1.402659296989441,0.3511018753051758,5.226502418518066,4.335000038146973,16.100000381469727,150,824.0999755859375,77.5715822,12.9893254
1769154848843852300,600.5068522949218,1.2842371463775635,0.3324708938598633,5.236506938934326,4.22599983215332,16.649999618530273,155,824.0999755859375,77.5716509,12.9892007
1769154849843224600,601.506224609375,1.0374506711959839,0.2766762375831604,5.246500492095947,4.1529998779296875,17.139999389648438,157,824.0999755859375,77.5717127,12.9890596
1769154850843905300,602.5069052734375,0.8754908442497253,0.2350521683692932,5.256507396697998,3.828000068664551,17.25,160,824.0999755859375,77.5717666,12.9889197
1769154851843998500,603.5069985351563,1.7030054330825806,0.4477865993976593,5.266508102416992,3.7899999618530273,16.920000076293945,164,824.0999755859375,77.5718134,12.9887738
1769154852844123600,604.5071235351562,2.1043574810028076,0.5380549430847168,5.2765092849731445,3.7899999618530273,16.469999313354492,168,824.0999755859375,77.5718485,12.9886307
1769154853843446300,605.5064462890625,0.9840229153633118,0.2549784183502197,5.286502838134766,3.7899999618530273,16.65999984741211,170,824.0999755859375,77.5718806,12.988482
1769154854844100600,606.5071005859375,4.369833469390869,1.1366175413131714,5.296509265899658,3.7899999618530273,16.75,170,824.0999755859375,77.571907,12.9883335
1769154855843930000,607.5069301757812,1.9290246963500977,0.4990861415863037,5.306507587432861,3.7899999618530273,16.65999984741211,177,824.0999755859375,77.5719136,12.9881817
1769154856843490300,608.506490234375,0.7567310929298401,0.7546491622924805,5.316503047943115,3.7899999618530273,16.600000381469727,175,824.0999755859375,77.5719371,12.9880319
1769154857843996700,609.5069965820312,3.800575017929077,0.9793771505355835,5.326508045196533,3.7899999618530273,16.639999389648438,176,824.0999755859375,77.5719517,12.9878838
1769154858843323400,610.5063234863281,0.8808751106262207,0.7515249848365784,5.336501598358154,3.7899999618530273,16.6299991607666,176,824.0999755859375,77.5719563,12.98773
1769154859844000800,611.5070007324218,1.034955382347107,0.7735489010810852,5.346508026123047,3.7899999618530273,16.649999618530273,177,824.0999755859375,77.5719699,12.9875826
1769154860843880700,612.5068806152344,0.9967049360275269,0.7594633102416992,5.356506824493408,3.7899999618530273,16.75,176,824.0999755859375,77.5719853,12.987431
1769154861843992000,613.5069919433594,3.7098381519317627,0.9812536835670471,5.3665080070495605,3.7899999618530273,17.06999969482422,175,824.0999755859375,77.5720006,12.987277
1769154862844201700,614.5072016601563,0.787969708442688,0.7440505623817444,5.376510143280029,3.7899999618530273,17.559999465942383,175,824.0999755859375,77.5720177,12.9871196
1769154863843856000,615.5068559570312,3.4984235763549805,0.9857922196388245,5.3865065574646,3.7899999618530273,18.190000534057617,176,824.0999755859375,77.5720316,12.9869613
1769154864844109000,616.5071091308594,0.8056001663208008,0.7535145878791809,5.396509170532227,3.7899999618530273,18.799999237060547,175,824.0999755859375,77.5720447,12.9867902
1769154865843491600,617.5064916992187,3.5359747409820557,1.0683573484420776,5.406503200531006,3.7899999618530273,19.5,174,824.0999755859375,77.5720599,12.9866138
1769154866843437600,618.5064375,3.6374552249908447,1.1151291131973267,5.416502475738525,3.7899999618530273,19.790000915527344,175,824.0999755859375,77.5720714,12.986431
1769154867843762700,619.5067626953125,3.54921293258667,1.100932240486145,5.426506042480469,3.7899999618530273,20.020000457763672,175,824.0999755859375,77.5720812,12.9862524
1769154868843206700,620.5062065429687,4.595446586608887,1.4201135635375977,5.436500072479248,3.8959999084472656,19.969999313354492,175,824.0999755859375,77.5720978,12.9860723
1769154869843914500,621.5069145507813,1.0599925518035889,1.5462822914123535,5.446507453918457,4.300000190734863,19.860000610351562,174,824.0999755859375,77.572114,12.9858944
1769154877871000000,629.534,0,0,5.446507453918457,327.2969970703125,0,0,824.0999755859375,77.572114,12.9858944
1769154883176000000,634.839,0,0,5.446507453918457,539.4970092773438,0,0,824.0999755859375,77.572114,12.9858944
1769154888479000000,640.142,0,0,5.446507453918457,300,0,0,824.0999755859375,77.5717929,12.9874617
1769154896681000000,648.344,0,0,5.446507453918457,300,0,0,824.0999755859375,77.5717929,12.9874617
1769154901993000000,653.656,0,0,5.446507453918457,300,0,0,824.0999755859375,77.5717929,12.9874617
1769154941870000000,693.5330002441407,0,0,5.446507453918457,300,0,0,824.0999755859375,77.5717929,12.9874617
1769154947388000000,699.051,0,0,5.446507453918457,300,0,0,824.0999755859375,77.5717929,12.9874617
1769154953342000000,705.0050002441407,0,0,5.446507453918457,300,0,0,824.0999755859375,77.5717929,12.9874617
1769154959187000000,710.85,0,0,5.446507453918457,300,0,0,824.0999755859375,77.5717929,12.9874617
1769154965146000000,716.8089997558594,0,0,5.446507453918457,2700,0,0,824.0999755859375,77.5721511,12.9659356
1769154971105000000,722.768,0,0,5.446507453918457,300,0,0,824.0999755859375,77.5717929,12.9874617
1769154977074000000,728.7369997558594,0,0,5.446507453918457,2700,0,0,824.0999755859375,77.5721511,12.9659356
1769154983041000000,734.704,0,0,5.446507453918457,2700,0,0,824.0999755859375,77.5721511,12.9659356
1769154989057000000,740.72,0,0,3.0944008827209473,20.399999618530273,0,0,824.7999877929688,77.5728657,12.9758932
1769154994872000000,746.535,45,1.5,3.0944008827209473,253,0,0,824.7999877929688,77.5728657,12.9758932
1769155000897000000,752.56,0,1.5,2.495110273361206,20,0.00005004201011615805,0,824.7999877929688,77.5728659,12.9758932
1769155007009000000,758.672,0,1.5,2.831171989440918,20,0.002765732817351818,0,824.7999877929688,77.5728657,12.9758932
1769155010868000000,762.531,0,1.5,2.39630389213562,20,0.0027859846595674753,0,824.7999877929688,77.5728659,12.9758932
1769155017579000000,769.242,0,1.5,2.495110273361206,20,0.0005397363565862179,0,824.7999877929688,77.5728659,12.9758932
1769155022883000000,774.546,0,1.5,2.39630389213562,20,0.0012224303791299462,0,824.7999877929688,77.572866,12.9758932
1769155028378000000,780.0409997558594,0,1.5,2.39630389213562,239.8000030517578,0.0011864932021126151,0,824.7999877929688,77.5728661,12.9758932
1769155035672000000,787.335,45,1.5,11.324687957763672,73.74099731445312,1.662963628768921,117.12203216552734,830.8999633789062,77.5730601,12.9757963
1769155041383000000,793.046,45,1.5,2.21551775932312,20,0.14059123396873474,297.36669921875,824.7999877929688,77.572879,12.9758868
1769155047361000000,799.024,45,1.5,1.9103188514709473,20,0.18594764173030853,296.42681884765625,824.7999877929688,77.5728676,12.9758922
1769155052946000000,804.6089997558594,45,1.5,1.843878149986267,20,0.12148893624544144,295.699462890625,824.7999877929688,77.5728649,12.9758933
1769155058447000000,810.11,0,1.5,2.7119781970977783,20,0.06918925791978836,0,824.7999877929688,77.5728643,12.9758937
1769155064422000000,816.0850002441406,0,1.5,3.563807249069214,22.5,0.03147408366203308,0,824.7999877929688,77.5728647,12.9758939
1769155069927000000,821.59,0,1.5,4.890416145324707,32.0989990234375,0.019893329590559006,0,824.7999877929688,77.572865,12.9758947
1769155075602000000,827.2649997558593,0,1.5,4.890416145324707,259.0989990234375,0.019460171461105347,0,824.7999877929688,77.5728644,12.9758955
1769155080725000000,832.388,0,1.5,4.890416145324707,32.0989990234375,0.006762969773262739,0,824.7999877929688,77.5728657,12.9758949
1769155086401000000,838.064,0,1.5,4.890416145324707,259.1390075683594,0.006619134917855263,0,824.7999877929688,77.5728658,12.9758952
1769155091734000000,843.3970002441406,45,1.5,4.890416145324707,100,1.6789692640304565,292.2278747558594,824.7999877929688,77.5726297,12.9759885
1769155097059000000,848.722,45,1.5,4.890416145324707,100,2.6851718425750732,292.1287536621094,824.7999877929688,77.5723948,12.9760812
1769155102383000000,854.046,45,1.5,4.890416145324707,100,2.9865550994873047,292.0951843261719,824.7999877929688,77.5722214,12.9761496
1769155107710000000,859.3730002441406,45,1.5,4.890416145324707,100,2.8255274295806885,292.0771179199219,824.7999877929688,77.5721136,12.9761921
1769155113023000000,864.686,45,1.5,4.890416145324707,100,2.4254913330078125,292.0645751953125,824.7999877929688,77.5720567,12.9762145
1769155120872000000,872.535,45,1.5,4.890416145324707,100,1.7611911296844482,292.05230712890625,824.7999877929688,77.5720205,12.9762287
1769155126410000000,878.0729997558594,45,1.5,4.890416145324707,100,1.2324450016021729,292.04058837890625,824.7999877929688,77.5720359,12.9762225
1769155131721000000,883.384,45,1.5,4.890416145324707,100,0.8150554895401001,292.0271301269531,824.7999877929688,77.5720558,12.9762146
1769155139554000000,891.2169997558593,45,1.5,4.890416145324707,100,0.42062029242515564,292.00347900390625,824.7999877929688,77.572076,12.9762067
1769155144881000000,896.544,45,1.5,4.890416145324707,100,0.1853664517402649,291.95404052734375,824.7999877929688,77.5721002,12.9761971
1769155152711000000,904.374,0,1.5,4.890416145324707,100,0.017627239227294922,0,824.7999877929688,77.5721198,12.9761893
1769155158271000000,909.934,0,1.5,4.890416145324707,100,0.063407763838768,0,824.7999877929688,77.572134,12.9761837
1769155163810000000,915.4729997558594,0,1.5,4.890416145324707,100,0.09848516434431076,0,824.7999877929688,77.5721434,12.97618
1769155169347000000,921.01,45,1.5,4.890416145324707,100,0.1059865951538086,112.09178924560547,824.7999877929688,77.5721494,12.9761776
1769155174898000000,926.5609997558594,0,1.5,4.890416145324707,100,0.0975337028503418,0,824.7999877929688,77.572153,12.9761763
1769155180434000000,932.0969997558594,0,1.5,4.890416145324707,100,0.08132269233465195,0,824.7999877929688,77.5721547,12.9761756
1769155185983000000,937.646,0,1.5,4.890416145324707,100,0.062726691365242,0,824.7999877929688,77.5721552,12.9761754
1769155191524000000,943.187,0,1.5,4.890416145324707,100,0.04504288733005524,0,824.7999877929688,77.572155,12.9761754
1769155197067000000,948.73,0,1.5,4.890416145324707,100,0.02994016371667385,0,824.7999877929688,77.5721545,12.9761757
1769155202805000000,954.468,0,1.5,4.890416145324707,100,0.01783498376607895,0,824.7999877929688,77.5721538,12.9761759
1769155207815000000,959.478,0,1.5,4.890416145324707,100,0.009475142695009708,0,824.7999877929688,77.572153,12.9761762
1769155212823000000,964.486,0,1.5,4.890416145324707,100,0.0037845997139811516,0,824.7999877929688,77.5721525,12.9761765
1769155218559000000,970.222,0,1.5,4.890416145324707,100,0.00003414290040382184,0,824.7999877929688,77.572152,12.9761767
1769155224291000000,975.954,0,1.5,4.890416145324707,100,0.0021770901512354612,0,824.7999877929688,77.5721516,12.9761768
1769155229299000000,980.962,0,1.5,4.890416145324707,100,0.0031031055841594934,0,824.7999877929688,77.5721513,12.9761769
1769155235040000000,986.703,0,1.5,4.890416145324707,100,0.0032609833870083094,0,824.7999877929688,77.5721511,12.976177
1769155240869000000,992.532,0,1.5,4.890416145324707,100,0.002942534163594246,0,824.7999877929688,77.572151,12.976177
1769155246618000000,998.2809997558594,0,1.5,4.890416145324707,100,0.002406215528026223,0,824.7999877929688,77.572151,12.976177
1769155252408000000,1004.071,45,1.5,4.890416145324707,100,1.2110096216201782,223.38047790527344,824.7999877929688,77.5719886,12.9760091
1769155258132000000,1009.795,45,1.5,4.890416145324707,100,0.5150460004806519,223.43203735351562,824.7999877929688,77.572038,12.9760602
1769155263858000000,1015.5209997558594,0,1.5,4.890416145324707,100,0.07070530951023102,0,824.7999877929688,77.5720788,12.9761024
1769155268866000000,1020.5289997558593,45,1.5,4.890416145324707,100,0.16964223980903625,43.14518737792969,824.7999877929688,77.5721097,12.9761343
1769155276677000000,1028.34,45,1.5,4.890416145324707,100,0.6456531882286072,43.354888916015625,824.7999877929688,77.5721455,12.9761712
1769155282233000000,1033.896,45,1.5,4.890416145324707,100,0.33770373463630676,43.3770866394043,824.7999877929688,77.5721537,12.9761797
1769155287766000000,1039.4290002441405,0,1.5,4.890416145324707,100,0.09002656489610672,0,824.7999877929688,77.5721534,12.9761794
1769155293516000000,1045.179,0,1.5,4.890416145324707,100,0.002809907076880336,0,824.7999877929688,77.572152,12.9761779
1769155299054000000,1050.7170002441405,0,1.5,4.890416145324707,100,0.015763185918331146,0,824.7999877929688,77.5721512,12.9761771
1769155304617000000,1056.28,0,1.5,4.890416145324707,100,0.008432213217020035,0,824.7999877929688,77.572151,12.9761769
1769155310160000000,1061.823,0,1.5,4.890416145324707,100,0.002230075653642416,0,824.7999877929688,77.572151,12.9761769
1769155315742000000,1067.4050002441406,0,1.5,4.890416145324707,100,0.00010579953959677368,0,824.7999877929688,77.5721511,12.976177
1769155703839412500,1455.5024125976563,7.226282119750977,1.0648579597473145,11.121560096740723,8.555000305175781,7.960000038146973,156,824.7999877929688,77.6015418,12.977407
1769155704839410700,1456.5024106445312,6.853898048400879,1.0708452463150024,11.131560325622559,7.039999961853027,8.399999618530273,155,824.7999877929688,77.6015573,12.9773524
1769155705839407900,1457.5024079589843,3.5960686206817627,0.46274885535240173,11.141560554504395,5.979000091552734,8.300000190734863,148,824.7999877929688,77.6015828,12.9772668
1769155706839406800,1458.5024067382813,5.6865434646606445,0.6787195205688477,11.151559829711914,5.439000129699707,7.71999979019165,146,824.7999877929688,77.6016244,12.9771991
1769155707839412000,1459.5024118652343,7.360935688018799,1.2064063549041748,11.16156005859375,5.109000205993652,8.630000114440918,145,824.7999877929688,77.6016602,12.9771286
1769155708839413200,1460.502413330078,14.475054740905762,1.8189332485198975,11.171560287475586,4.2179999351501465,8.109999656677246,141,824.7999877929688,77.6016993,12.9770685
1769155709839414500,1461.5024145507812,21.39708709716797,2.7224199771881104,5.100224494934082,4.00600004196167,8.100000381469727,146,831.458251953125,77.601736,12.9770072
1769155710839407600,1462.5024077148437,6.204306602478027,1.0781605243682861,4.43861722946167,3.9700000286102295,8.75,137,831.7470703125,77.6017937,12.9769403
1769155711839407000,1463.502406982422,7.86691951751709,1.3574039936065674,4.20543909072876,3.986999988555908,8.539999961853027,135,831.0892333984375,77.6018486,12.9768813
1769155712839408000,1464.502408203125,5.184542179107666,0.6720247864723206,3.9111764430999756,3.9539999961853027,8.380000114440918,129,832.895263671875,77.6019115,12.9768337
1769155713839412700,1465.502412841797,1.8515210151672363,0.2461891621351242,3.6158945560455322,3.9539999961853027,8.5600004196167,126,833.43115234375,77.6019692,12.9767915
1769155714839416300,1466.5024162597656,3.310396909713745,0.4231453537940979,3.3877553939819336,3.7899999618530273,8.239999771118164,123,833.850830078125,77.6020206,12.9767532
1769155715839412200,1467.502412109375,5.00607442855835,0.6392937898635864,3.235088348388672,3.7899999618530273,8.25,119,833.258056640625,77.6020853,12.9767063
1769155716839411500,1468.5024113769532,8.145966529846191,1.3805334568023682,3.231393575668335,3.7899999618530273,8.600000381469727,122,834.645751953125,77.6021483,12.9766632
1769155717839411500,1469.5024113769532,4.799504280090332,0.6324283480644226,3.089235544204712,3.7899999618530273,8.510000228881836,113,834.9698486328125,77.6022238,12.9766322
1769155718839414000,1470.5024140625,1.318134069442749,0.17704857885837555,2.7405972480773926,3.7899999618530273,8.640000343322754,111,835.510009765625,77.602289,12.9766056
1769155719839414000,1471.5024140625,3.3659181594848633,0.4353344440460205,2.671252727508545,3.7899999618530273,8.34000015258789,109,835.442626953125,77.6023576,12.9765813
1769155720839406800,1472.5024067382813,2.9290578365325928,0.371845543384552,2.739377498626709,3.7899999618530273,8.180000305175781,107,835.14404296875,77.6024352,12.9765608
1769155721839413800,1473.5024138183594,6.968506813049316,1.2632005214691162,2.7509682178497314,3.7899999618530273,8.470000267028809,106,834.84619140625,77.6025108,12.9765385
1769155722839415000,1474.5024150390625,6.807405471801758,1.0902137756347656,2.869013786315918,3.7899999618530273,7.920000076293945,107,835.761474609375,77.6025782,12.9765079
1769155723839407900,1475.5024079589843,5.25421667098999,0.6895456910133362,2.9294397830963135,3.7899999618530273,8.479999542236328,103,834.607666015625,77.6026552,12.9764874
1769155724839413800,1476.5024138183594,3.2149341106414795,0.4201969504356384,2.6941444873809814,3.7899999618530273,8.430000305175781,102,834.88525390625,77.602733,12.9764684
1769155725839411200,1477.5024111328125,7.70482063293457,1.4071931838989258,2.7322981357574463,3.7899999618530273,8.65999984741211,104,835.505859375,77.6028106,12.9764414
1769155726839413200,1478.502413330078,6.672155857086182,1.0926090478897095,2.8283655643463135,3.7899999618530273,8.470000267028809,103,836.46337890625,77.6028905,12.9764261
1769155727839414300,1479.5024143066407,6.996090412139893,0.9138575196266174,2.885399580001831,3.7899999618530273,8.140000343322754,103,835.6566162109375,77.6029556,12.9764123
1769155728839410000,1480.5024099121094,8.020468711853027,1.639626145362854,3.01184344291687,3.7899999618530273,8.15999984741211,103,833.8836669921875,77.6030328,12.9763962
1769155729839406800,1481.5024067382813,4.97589635848999,0.6439478993415833,3.166261672973633,3.7899999618530273,8.359999656677246,103,833.6807861328125,77.6031161,12.9763773
1769155730839412700,1482.502412841797,2.047528028488159,0.26197439432144165,3.3538894653320312,3.7899999618530273,8.239999771118164,104,834.1220703125,77.6031863,12.9763542
1769155731839410400,1483.5024104003905,1.3199576139450073,0.17520606517791748,3.4462437629699707,3.7899999618530273,8.529999732971191,103,833.5107421875,77.6032597,12.9763371
1769155732839412700,1484.502412841797,3.2170050144195557,0.932610273361206,3.4855427742004395,3.7899999618530273,8.630000114440918,104,833.070556640625,77.6033364,12.976325
1769155733839416000,1485.502416015625,6.594889163970947,0.9523696899414062,3.4406681060791016,3.7899999618530273,9.34000015258789,103,832.8179931640625,77.6034255,12.9763042
1769155734839409000,1486.5024089355468,6.989068508148193,1.0947414636611938,3.410621166229248,3.7899999618530273,10.140000343322754,104,832.30126953125,77.6035164,12.9762768
1769155735839410200,1487.50241015625,6.121649742126465,1.0224955081939697,3.5097336769104004,3.7899999618530273,10.800000190734863,103,832.5224609375,77.6036113,12.9762497
1769155736839416300,1488.5024162597656,5.580516815185547,1.0122215747833252,3.462627649307251,3.7899999618530273,11.729999542236328,103,832.479248046875,77.6037225,12.9762237
1769155737839411500,1489.5024113769532,5.090020179748535,0.9674526453018188,3.4502415657043457,3.7899999618530273,12.289999961853027,103,832.1796875,77.6038392,12.9762006
1769155738839415800,1490.5024157714843,4.90064001083374,0.9822382926940918,3.231417179107666,3.7899999618530273,12.949999809265137,104,832.2437744140625,77.6039572,12.9761727
1769155739839411000,1491.5024108886719,4.635791778564453,0.9550203680992126,2.9898810386657715,3.7899999618530273,13.3100004196167,104,831.3892822265625,77.6040709,12.9761465
1769155740839406800,1492.5024067382813,4.524800777435303,0.9569539427757263,2.9145336151123047,3.7899999618530273,13.65999984741211,104,831.828125,77.6041918,12.9761183
1769155741839412000,1493.5024118652343,4.271296501159668,0.9541115164756775,2.830223560333252,3.7899999618530273,14.109999656677246,100,832.52197265625,77.6043182,12.9760922
1769155742839412200,1494.502412109375,3.8724448680877686,0.9496870040893555,2.7179253101348877,3.7899999618530273,14.470000267028809,101,832.8955078125,77.6044481,12.9760609
1769155743839414000,1495.5024140625,3.6976535320281982,0.9556515216827393,2.579866647720337,3.7899999618530273,14.649999618530273,97,833.64453125,77.604581,12.976029
1769155744839411200,1496.5024111328125,3.5200541019439697,1.0246212482452393,2.597323179244995,3.7899999618530273,14.920000076293945,93,834.021728515625,77.604719,12.9760059
1769155745839416000,1497.502416015625,3.532705307006836,0.9620934724807739,2.5,3.7899999618530273,14.930000305175781,92,833.385009765625,77.6048499,12.9759715
1769155746839413200,1498.502413330078,3.8361997604370117,1.2015371322631836,2.5971591472625732,3.7899999618530273,13.920000076293945,64,833.40576171875,77.6049761,12.9759432
1769155747839412000,1499.5024118652343,4.069634437561035,0.9986698031425476,2.549189805984497,3.7899999618530273,14.270000457763672,65,833.62060546875,77.6051058,12.9759073
1769155748839416600,1500.5024165039063,4.06129789352417,0.9940191507339478,2.551178455352783,3.7899999618530273,14.1899995803833,84,833.8267822265625,77.6052328,12.9758777
1769155749839407900,1501.5024079589843,4.102353572845459,1.1266262531280518,2.604041337966919,3.7899999618530273,13.720000267028809,77,833.461669921875,77.6053541,12.975857
1769155750839414800,1502.5024147949218,3.87233304977417,0.9533513188362122,2.5,3.7899999618530273,13.880000114440918,89,834.28125,77.6054784,12.9758233
1769155751839414800,1503.5024147949218,3.862912893295288,1.1610164642333984,2.559027671813965,3.7899999618530273,12.989999771118164,84,835.544189453125,77.6055974,12.9758012
1769155752839411200,1504.5024111328125,4.0748748779296875,0.9701603651046753,2.5,3.7899999618530273,12.680000305175781,68,836.429931640625,77.6057141,12.97577
1769155753839410200,1505.50241015625,4.336479187011719,1.0018845796585083,2.5,3.7899999618530273,11.609999656677246,41,835.475341796875,77.6058259,12.9757402
1769155754839410000,1506.5024099121094,4.522447109222412,0.9827711582183838,2.5,3.7899999618530273,10.949999809265137,48,835.178466796875,77.6059303,12.9757203
1769155755839406000,1507.5024060058595,4.633134365081787,1.009584665298462,2.5,3.7899999618530273,10.149999618530273,61,836.01416015625,77.6060259,12.9756998
1769155756839416300,1508.5024162597656,4.683879852294922,1.0406345129013062,2.506763458251953,3.7899999618530273,9.819999694824219,92,836.173828125,77.606117,12.9756813
1769155757839413500,1509.5024135742187,4.748534679412842,1.332556962966919,2.692559242248535,3.7899999618530273,9.109999656677246,91,835.60546875,77.6061975,12.9756601
1769155758839412700,1510.502412841797,4.743204593658447,1.17760169506073,3.0044071674346924,3.7899999618530273,7.710000038146973,90,835.7373046875,77.6062592,12.9756406
1769155759839412200,1511.502412109375,4.814055919647217,1.3008512258529663,3.3364899158477783,3.864000082015991,6.570000171661377,88,835.3828125,77.6063095,12.9756297
1769155760839413800,1512.5024138183594,4.906887531280518,1.2493200302124023,3.5803635120391846,3.9749999046325684,6.099999904632568,87,835.4989013671875,77.6063593,12.9756219
1769155761839411700,1513.5024116210936,5.0323896408081055,1.3319342136383057,3.9518134593963623,4.138999938964844,4.980000019073486,90,835.3411865234375,77.6063968,12.9756166
1769155762839415300,1514.5024152832032,5.155049800872803,1.3898460865020752,4.192580223083496,4.572000026702881,4.269999980926514,85,835.30419921875,77.6064337,12.9756135
1769155763839406300,1515.50240625,5.301945209503174,1.3276879787445068,4.425174713134766,4.797999858856201,3.130000114440918,80,835.258056640625,77.6064556,12.9756128
1769155764839413800,1516.5024138183594,5.494055271148682,1.60116708278656,4.6512603759765625,6.465000152587891,2.7699999809265137,91,835.483154296875,77.6064823,12.9756134
1769155765839414000,1517.5024140625,5.622566223144531,1.5465835332870483,4.772085189819336,7.942999839782715,2.990000009536743,77,835.993896484375,77.6065169,12.9756172
1769155766839411000,1518.5024108886719,5.781467437744141,1.5958073139190674,4.847631454467773,8.62600040435791,2.690000057220459,74,836.01171875,77.6065369,12.9756233
1769155767839408000,1519.502408203125,5.957800388336182,1.3415762186050415,4.899672985076904,9.765999794006348,0.7900000214576721,81,836.3876953125,77.6065183,12.9756119
1769155768839416600,1520.5024165039063,6.129915714263916,1.6341229677200317,5.059423446655273,11.76099967956543,0.8199999928474426,67,836.3482666015625,77.6065274,12.9755949
1769155769839407600,1521.5024077148437,6.29899787902832,1.6495044231414795,5.393062591552734,11.793999671936035,0.5299999713897705,57,836.3447265625,77.6065286,12.9755845
1769155770839411000,1522.5024108886719,6.467641830444336,1.279448390007019,5.484683513641357,11.831000328063965,0.3199999928474426,66,837.5457763671875,77.6065269,12.9755673
1769155771839412500,1523.5024125976563,6.651780128479004,1.2642086744308472,5.59614372253418,11.779000282287598,0.4300000071525574,88,838.96826171875,77.6065405,12.9755562
1769155772839407900,1524.5024079589843,6.831974506378174,1.4852476119995117,5.5959906578063965,11.743000030517578,0.3400000035762787,98,840.0631103515625,77.6065549,12.9755475
1769155773839410400,1525.5024104003905,7.014989376068115,1.604080080986023,5.563892364501953,11.725000381469727,0.46000000834465027,103,840.56884765625,77.6065651,12.9755406
1769155774839413500,1526.5024135742187,7.1991424560546875,1.1317411661148071,5.518608093261719,11.597000122070312,0.4699999988079071,97,841.26318359375,77.6065762,12.9755365
1769155775839409000,1527.5024089355468,7.387049198150635,1.1879231929779053,5.700490951538086,11.54699993133545,0.550000011920929,89,841.445556640625,77.606588,12.9755326
1769155776839408600,1528.5024086914063,7.575281620025635,1.4827643632888794,6.245429039001465,11.496000289916992,0.49000000953674316,84,842.0791015625,77.6065982,12.9755275
1769155777839412200,1529.502412109375,7.767280101776123,1.1262208223342896,6.602797985076904,11.37600040435791,0.3400000035762787,84,842.669921875,77.6066067,12.9755214
1769155778839416000,1530.502416015625,0,1.0351511240005493,6.815094470977783,11.260000228881836,0,0,844.46826171875,77.6066125,12.9755174
1769155779839412000,1531.5024118652343,0,0.22282074391841888,7.030240535736084,11.23900032043457,0,0,844.7919921875,77.6066223,12.9755075
1769155780839407900,1532.5024079589843,0,0.3581484854221344,11.891560554504395,11.21399974822998,0,0,824.7999877929688,77.6066303,12.9755043
1769155781839407900,1533.5024079589843,0,0.20316827297210693,11.901559829711914,11.199999809265137,0,0,824.7999877929688,77.6066357,12.9755031
1769155782839407400,1534.502407470703,0,0.45584797859191895,11.91156005859375,11.180999755859375,0,0,824.7999877929688,77.6066404,12.9755027
1769155783839409000,1535.5024089355468,0,0.24262504279613495,6.88716983795166,11.206999778747559,0,0,846.4134521484375,77.6066442,12.9755029
1769155784839409700,1536.5024096679688,0,0.2798274755477905,6.6425395011901855,11.206000328063965,0,0,846.6348876953125,77.6066437,12.9755031
1769155785839416000,1537.502416015625,0,0.26145386695861816,6.318108558654785,11.156999588012695,0,0,847.341552734375,77.6066427,12.9755049
1769155786839408000,1538.502408203125,0,0.2815377414226532,6.099788665771484,11.045999526977539,0,0,847.4698486328125,77.6066471,12.9755055
1769155787839409200,1539.5024091796874,0,0.19737735390663147,5.909524440765381,10.89799976348877,0,0,847.28515625,77.6066512,12.9755069
1769155788839407000,1540.502406982422,0,0.26120617985725403,5.752593040466309,10.817999839782715,0,0,847.862548828125,77.6066576,12.9755075
1769155789839412700,1541.502412841797,0,0.16494129598140717,5.870640277862549,10.579000473022461,0,0,848.3115234375,77.6066636,12.9755078
1769155790839407400,1542.502407470703,0,0.3931516110897064,5.711312294006348,10.527999877929688,0,0,848.231201171875,77.6066685,12.975508
1769155791839413200,1543.502413330078,0,0.41698476672172546,5.598971843719482,10.36299991607666,0,0,848.050537109375,77.6066704,12.9755084
1769155792839415800,1544.5024157714843,0,0.31339308619499207,5.643980026245117,10.29699993133545,0,0,848.0960693359375,77.6066709,12.9755082
1769155793839414800,1545.5024147949218,0,0.27256709337234497,5.4855146408081055,10.248000144958496,0,0,847.5780029296875,77.6066719,12.975507
1769155794839413500,1546.5024135742187,0,0.34389087557792664,5.554306507110596,10.206999778747559,0,0,847.606201171875,77.6066711,12.9755074
1769155795839413200,1547.502413330078,0,0.4828675389289856,5.586050510406494,10.206999778747559,0,0,847.53515625,77.6066704,12.9755075
1769155796839412200,1548.502412109375,0,0.6578521132469177,5.616880893707275,10.229000091552734,0,0,847.4248046875,77.6066687,12.975509
1769155797839412200,1549.502412109375,0,0.6693159937858582,5.382068634033203,10.277000427246094,0,0,848.3265380859375,77.6066667,12.9755095
1769155798839414000,1550.5024140625,39.358604431152344,2.4921317100524902,5.436021327972412,10.383999824523926,3.740000009536743,111,848.390869140625,77.6066883,12.9755009
1769155799839411500,1551.5024113769532,43.18277359008789,3.0394179821014404,5.323412895202637,10.53499984741211,4.070000171661377,116,847.855224609375,77.6067243,12.9754847
1769155800839412500,1552.5024125976563,45.41951370239258,3.362744092941284,5.211222171783447,10.746999740600586,4.210000038146973,116,847.052978515625,77.6067619,12.9754649
1769155801839416600,1553.5024165039063,39.29503631591797,3.5214059352874756,5.18963623046875,11.131999969482422,5.300000190734863,108,846.9085693359375,77.6068431,12.9754411
1769155802839409200,1554.5024091796874,44.04117202758789,3.551711320877075,5.159971714019775,11.293000221252441,4.630000114440918,98,847.1593017578125,77.6068848,12.9754366
1769155803839415800,1555.5024157714843,20.276119232177734,2.8678057193756104,5.2582011222839355,11.579999923706055,9.029999732971191,92,847.2393798828125,77.6070539,12.9754485
1769155804839406600,1556.5024064941406,7.49171257019043,2.232607126235962,5.290316581726074,11.496000289916992,10.829999923706055,105,845.5489501953125,77.6072107,12.9753934
1769155805839407900,1557.5024079589843,7.578486919403076,2.5337910652160645,5.049709320068359,11.394000053405762,12.199999809265137,104,840.7586669921875,77.6073977,12.9753789
1769155806839414000,1558.5024140625,4.186676502227783,1.2396305799484253,4.061066627502441,11.140999794006348,13.960000038146973,103,842.315185546875,77.6075346,12.975347
1769155807839412500,1559.5024125976563,4.999433517456055,1.644194483757019,3.7805449962615967,10.57699966430664,13.34000015258789,104,843.1689453125,77.6076633,12.9753083
1769155808839414300,1560.5024143066407,2.760629415512085,0.6255471706390381,3.480652093887329,10.470000267028809,14.609999656677246,104,840.635009765625,77.6077786,12.975298
1769155809839409400,1561.502409423828,3.885338544845581,0.9507030248641968,3.4283623695373535,10.043000221252441,14.869999885559082,103,840.970703125,77.6079074,12.9752669
1769155810839407400,1562.502407470703,3.8537821769714355,1.279686450958252,3.429908514022827,10.024999618530273,15.390000343322754,104,842.114013671875,77.608053,12.9752144
1769155811839407400,1563.502407470703,2.6275367736816406,0.6437157988548279,3.3628761768341064,9.9350004196167,15.789999961853027,105,842.159423828125,77.6081784,12.9751715
1769155812839407900,1564.5024079589843,1.2220954895019531,0.31434881687164307,3.2982497215270996,9.9350004196167,16.540000915527344,107,841.85888671875,77.6083224,12.9751325
1769155813839413800,1565.5024138183594,0.7262380123138428,0.19385729730129242,2.8689920902252197,9.9350004196167,17.149999618530273,108,840.47802734375,77.6084758,12.9750841
1769155814839410000,1566.5024099121094,1.7763808965682983,0.48001715540885925,2.67089581489563,9.9350004196167,17.389999389648438,109,840.279052734375,77.6086247,12.975035
1769155815839412000,1567.5024118652343,3.5544421672821045,0.9774996638298035,2.6032216548919678,9.9350004196167,17.75,108,839.120361328125,77.6087754,12.9749883
1769155816839414500,1568.5024145507812,3.0245156288146973,1.1255601644515991,2.7839345932006836,9.9350004196167,18.149999618530273,116,839.275390625,77.6089381,12.9749337
1769155817839414500,1569.5024145507812,4.350659370422363,1.4983142614364624,2.911308526992798,9.9350004196167,18.25,102,838.793701171875,77.6090991,12.9748815
1769155818839407900,1570.5024079589843,4.766171455383301,1.6658042669296265,3.013845920562744,9.961999893188477,17.6200008392334,107,839.15869140625,77.6092433,12.9748289
1769155819839411500,1571.5024113769532,3.1764111518859863,0.9631073474884033,2.9659786224365234,9.968000411987305,19.559999465942383,103,839.1995849609375,77.609424,12.9747837
1769155820839407000,1572.502406982422,1.3009010553359985,0.4119303226470947,3.0873684883117676,9.961999893188477,20.3700008392334,102,838.006591796875,77.6096079,12.9747437
1769155821839411700,1573.5024116210936,0.9613539576530457,0.3085617125034332,3.226048231124878,9.961999893188477,20.6299991607666,103,837.058837890625,77.6098044,12.9746983
1769155822839414800,1574.5024147949218,1.8267300128936768,0.6035593152046204,3.3752248287200928,9.968000411987305,21.270000457763672,103,836.25634765625,77.6099921,12.9746537
1769155823839412000,1575.5024118652343,5.319895267486572,1.8802294731140137,3.655331611633301,9.940999984741211,20.8700008392334,102,835.59423828125,77.6101787,12.9746103
1769155824839415600,1576.5024155273438,4.108773231506348,1.3373427391052246,3.7267651557922363,9.940999984741211,21.020000457763672,105,835.604736328125,77.6103612,12.9745584
1769155825839407600,1577.5024077148437,5.593224048614502,2.276409149169922,3.9733800888061523,9.996000289916992,20.850000381469727,103,835.34033203125,77.610549,12.9745225
1769155826839408400,1578.5024084472657,5.031941890716553,1.943400263786316,4.018332481384277,10.03499984741211,19.790000915527344,104,833.697998046875,77.6107358,12.9744705
1769155827839406300,1579.50240625,4.42903995513916,1.42903733253479,4.081424236297607,10.072999954223633,20.850000381469727,103,832.4090576171875,77.6109233,12.9744272
1769155828839415600,1580.5024155273438,1.7907007932662964,0.57740318775177,4.048174858093262,10.118000030517578,20.760000228881836,103,833.66552734375,77.6111021,12.974388
1769155829839411500,1581.5024113769532,3.483544111251831,1.1269069910049438,4.022393226623535,10.097999572753906,20.8799991607666,103,832.947509765625,77.6112939,12.9743461
1769155830839415000,1582.5024150390625,3.6012847423553467,1.1580365896224976,4.021454811096191,10.083999633789062,20.760000228881836,101,832.654052734375,77.611488,12.9743098
1769155831839408600,1583.5024086914063,3.080355167388916,0.9880732893943787,3.8424084186553955,10.024999618530273,20.690000534057617,105,833.0201416015625,77.6116726,12.9742596
1769155832839409400,1584.502409423828,1.921983242034912,0.5923652052879333,3.7540905475616455,9.979000091552734,19.850000381469727,103,831.432861328125,77.6118423,12.974212
1769155833839414300,1585.5024143066407,4.712648868560791,1.460060715675354,3.9173238277435303,9.98799991607666,20.020000457763672,103,831.372314453125,77.6120211,12.9741689
1769155834839411700,1586.5024116210936,4.806756019592285,1.421133041381836,3.998134136199951,9.968999862670898,19.110000610351562,102,830.5438232421875,77.6121944,12.9741366
1769155835839409700,1587.5024096679688,5.934047222137451,2.1565868854522705,4.0992865562438965,10.013999938964844,18.959999084472656,103,830.413818359375,77.6123636,12.9740917
1769155836839414000,1588.5024140625,4.498355865478516,2.8566627502441406,4.338627815246582,10.131999969482422,18.790000915527344,103,830.352783203125,77.6125328,12.9740581
1769155837839413000,1589.5024130859374,6.13455057144165,2.2208592891693115,4.57049560546875,10.222000122070312,18.010000228881836,103,831.66943359375,77.6126884,12.9740185
1769155838839413800,1590.5024138183594,5.4985270500183105,1.7603631019592285,4.600463390350342,10.225000381469727,17.850000381469727,104,831.8037109375,77.6128499,12.9739709
1769155839839408000,1591.502408203125,3.513859987258911,1.3914445638656616,4.639204502105713,10.241999626159668,16.010000228881836,103,831.675048828125,77.6129841,12.9739398
1769155840839412200,1592.502412109375,3.4582736492156982,1.3428316116333008,4.53125524520874,10.262999534606934,16.90999984741211,103,832.34521484375,77.6131361,12.9738932
1769155841839413000,1593.5024130859374,3.9508965015411377,1.0064483880996704,4.1781697273254395,10.208999633789062,16.450000762939453,104,832.76708984375,77.6132849,12.9738632
1769155842839415300,1594.5024152832032,1.3397351503372192,0.9557086229324341,3.8557164669036865,10.062999725341797,16.06999969482422,102,833.183349609375,77.6134284,12.9738325
1769155843839414000,1595.5024140625,2.390580654144287,0.959997296333313,3.724822759628296,10.001999855041504,15.75,102,833.8251953125,77.6135792,12.9737963
1769155844839406800,1596.5024067382813,3.239553928375244,1.1682206392288208,3.406383991241455,9.991000175476074,15.449999809265137,100,834.97265625,77.6137141,12.9737668
1769155845839410700,1597.5024106445312,3.681796073913574,0.9471506476402283,3.2303645610809326,9.956999778747559,15.279999732971191,95,835.412353515625,77.6138491,12.973736
1769155846839413200,1598.502413330078,1.9350451231002808,0.4661058485507965,3.2860360145568848,9.9350004196167,15.510000228881836,102,836.23486328125,77.6139876,12.9737034
1769155847839412200,1599.502412109375,3.837132453918457,1.2427183389663696,3.559232711791992,9.9350004196167,15.399999618530273,103,837.018310546875,77.6141275,12.9736701
1769155848839413200,1600.502413330078,3.062786102294922,0.7284029722213745,3.620286226272583,9.9350004196167,15.34000015258789,102,835.231201171875,77.6142621,12.9736417
1769155849839415600,1601.5024155273438,1.5939736366271973,0.3829920291900635,3.71523118019104,9.9350004196167,15.460000038146973,103,835.89990234375,77.6144049,12.9736048
1769155850839415000,1602.5024150390625,4.708048343658447,1.33817720413208,3.869457244873047,9.9350004196167,15.489999771118164,103,835.61181640625,77.6145489,12.9735762
1769155851839412200,1603.502412109375,4.7676310539245605,1.6833281517028809,4.128135681152344,9.9350004196167,15.479999542236328,102,835.88671875,77.61469,12.9735481
1769155852839411500,1604.5024113769532,3.1616830825805664,0.7548821568489075,4.309685707092285,9.9350004196167,15.399999618530273,103,834.62939453125,77.614826,12.9735141
1769155853839410000,1605.5024099121094,4.648940563201904,1.7753822803497314,4.651649475097656,9.961000442504883,15.359999656677246,102,834.767333984375,77.6149645,12.9734898
1769155854839413200,1606.502413330078,3.117943048477173,0.7491360306739807,4.75627326965332,9.961000442504883,15.5,103,834.5841064453125,77.6151095,12.9734455
1769155855839408400,1607.5024084472657,3.8160359859466553,1.2919896841049194,4.714262008666992,9.975000381469727,15.460000038146973,103,834.4002685546875,77.6152433,12.9734166
1769155856839411000,1608.5024108886719,2.571706771850586,0.6128390431404114,4.598042964935303,9.975000381469727,15.359999656677246,103,832.65576171875,77.615391,12.9733826
1769155857839406300,1609.50240625,4.532525539398193,1.650670051574707,4.613569259643555,9.991999626159668,15.449999809265137,103,834.2886962890625,77.6155325,12.9733475
1769155858839412000,1610.5024118652343,4.857642650604248,1.6759542226791382,4.494690418243408,9.972999572753906,13.960000038146973,102,835.29736328125,77.6156534,12.9733296
1769155859839413200,1611.502413330078,4.661434650421143,1.6564860343933105,4.39553689956665,9.972999572753906,14.15999984741211,103,835.4129638671875,77.6157807,12.973298
1769155860839407900,1612.5024079589843,5.142393589019775,1.9005614519119263,4.187375545501709,9.970000267028809,13.050000190734863,102,833.231689453125,77.6158997,12.9732723
1769155861839407600,1613.5024077148437,4.345785617828369,0.8814139366149902,4.006931781768799,9.956000328063965,11.5,102,835.294677734375,77.6159973,12.9732521
1769155862839413200,1614.502413330078,1.440043330192566,0.24613510072231293,3.9127445220947266,9.9399995803833,10.989999771118164,103,835.4462890625,77.616094,12.9732256
1769155863839409700,1615.5024096679688,1.2013717889785767,0.19119125604629517,3.7621898651123047,9.939000129699707,10.229999542236328,103,834.6162109375,77.6161912,12.9732094
1769155864839406600,1616.5024064941406,1.0996618270874023,0.16167783737182617,3.679719924926758,9.939000129699707,9.449999809265137,103,834.044189453125,77.6162785,12.9731838
1769155865839413000,1617.5024130859374,7.806770324707031,1.795554518699646,3.681203603744507,9.9350004196167,9.6899995803833,102,833.9010009765625,77.6163692,12.9731666
1769155866839407900,1618.5024079589843,7.1125335693359375,2.134977340698242,3.875706911087036,9.991999626159668,8.359999656677246,102,834.3963623046875,77.6164461,12.9731509
1769155867839415800,1619.5024157714843,13.109224319458008,1.8191659450531006,4.177748680114746,10.225000381469727,8.960000038146973,103,833.739501953125,77.6165277,12.9731266
1769155868839411200,1620.5024111328125,18.42470932006836,2.085272789001465,4.532448768615723,10.678999900817871,7.25,99,833.92919921875,77.6165795,12.9731245
1769155869839408600,1621.5024086914063,19.70218276977539,2.1471939086914062,4.806901931762695,11.333999633789062,6.96999979019165,105,834.1253662109375,77.6166313,12.9730976
1769155870839414800,1622.5024147949218,22.852079391479492,2.5089757442474365,4.961831569671631,12.312000274658203,6.96999979019165,105,834.1197509765625,77.6166932,12.9730809
1769155871839408000,1623.502408203125,26.188873291015625,2.8257393836975098,5.183284282684326,13.697999954223633,6.78000020980835,105,834.0911865234375,77.6167498,12.9730649
1769155872839415000,1624.5024150390625,25.20859718322754,2.924274206161499,5.477972030639648,14.850000381469727,7.309999942779541,108,834.017822265625,77.6168275,12.973031
1769155873839413500,1625.5024135742187,27.778470993041992,3.132267475128174,5.787015438079834,18.136999130249023,7.039999961853027,109,834.0762939453125,77.6168747,12.9730061
1769155874839409700,1626.5024096679688,28.137928009033203,3.1600987911224365,5.954506874084473,20.993999481201172,7.010000228881836,107,834.078369140625,77.6169366,12.9729947
1769155875839409700,1627.5024096679688,38.59236145019531,3.0004875659942627,6.021033763885498,22.06999969482422,4.619999885559082,110,834.05078125,77.6168957,12.97299
1769155876839410200,1628.50241015625,43.127601623535156,3.237400770187378,6.0920610427856445,26.222999572753906,4.340000152587891,105,833.7734375,77.6169265,12.9730031
1769155877839414500,1629.5024145507812,42.299232482910156,3.149383783340454,5.96851921081543,26.799999237060547,4.329999923706055,93,833.6622314453125,77.6169648,12.973062
1769155878839412000,1630.5024118652343,41.00556564331055,3.256599187850952,5.737671852111816,28.339000701904297,4.650000095367432,98,833.78955078125,77.6170217,12.9730351
1769155879839406800,1631.5024067382813,56.178714752197266,3.1911165714263916,5.5475945472717285,28.979000091552734,2.950000047683716,103,833.777099609375,77.6169946,12.9730167
1769155880839411500,1632.5024113769532,57.90273666381836,3.254607677459717,5.360905647277832,29.38599967956543,2.859999895095825,96,833.8004150390625,77.6170169,12.973035
1769155881839415000,1633.5024150390625,92.93830108642578,3.173335552215576,5.2497358322143555,28.73900032043457,0.699999988079071,93,833.4368896484375,77.6168975,12.973045
1769155882839407900,1634.5024079589843,90.55006408691406,3.1792049407958984,5.136731147766113,28.36400032043457,0.8399999737739563,205,833.6409912109375,77.616816,12.97299
1769155883839410200,1635.50241015625,91.65026092529297,3.433558225631714,5.044151782989502,28.113000869750977,0.8399999737739563,205,833.637939453125,77.6168127,12.9729832
1769155884839414300,1636.5024143066407,92.51517486572266,3.67012095451355,5.064823150634766,28.163999557495117,0.8399999737739563,205,833.635986328125,77.6168094,12.9729763
1769155893839410700,1645.5024106445312,67.3621826171875,1.3570226430892944,30.095945358276367,20.972000122070312,1.100000023841858,184,771.54150390625,77.6170178,12.9731753
1769155894839411500,1646.5024113769532,66.27261352539062,1.5482369661331177,23.119916915893555,21.496999740600586,1.2599999904632568,204,787.5712890625,77.6169865,12.9731237
1769155895839407000,1647.502406982422,90.2947769165039,4.051755905151367,62.631248474121094,32.94599914550781,1.590000033378601,200,792.2142333984375,77.6173336,12.9733265
1769155896839408000,1648.502408203125,78.17906188964844,2.721334934234619,67.92801666259766,39.56700134277344,1.5700000524520874,187,772.39111328125,77.6171717,12.973314
1769155916839407400,1668.502407470703,0,0,18.252073287963867,26.527000427246094,0,0,837.912353515625,77.6178765,12.9728781
1769155917839407600,1669.5024077148437,3.791771411895752,2.3545494079589844,9.666097640991211,16.672000885009766,13.920000076293945,102,832.311279296875,77.6179516,12.9728315
1769155918839410200,1670.50241015625,2.618964672088623,0.6042674779891968,5.425036430358887,12.420999526977539,14.869999885559082,103,827.41552734375,77.6180502,12.9727948
1769155919839413800,1671.5024138183594,1.5360320806503296,0.3576556146144867,4.365241527557373,10.262999534606934,14.979999542236328,103,825.790283203125,77.6181833,12.9727682
1769155920839416000,1672.502416015625,1.9687916040420532,0.4584656357765198,4.034960746765137,8.968000411987305,14.989999771118164,103,824.894775390625,77.6182996,12.9727252
1769155921839408600,1673.5024086914063,1.1347583532333374,0.2669978439807892,3.639272689819336,4.421000003814697,15.130000114440918,102,824.087158203125,77.6184314,12.9726946
1769155922839407900,1674.5024079589843,2.132807970046997,0.4937584102153778,3.6655521392822266,3.815999984741211,14.90999984741211,101,824.770263671875,77.6185604,12.9726579
1769155923839411200,1675.5024111328125,4.556092262268066,1.70188570022583,3.5430848598480225,3.7899999618530273,15.3100004196167,101,825.260498046875,77.6187023,12.9726252
1769155924839410700,1676.5024106445312,3.639033794403076,0.853323757648468,3.490800380706787,3.7899999618530273,13.970000267028809,96,824.2276611328125,77.6188325,12.9726191
1769155925839409000,1677.5024089355468,1.48604416847229,0.3147335350513458,3.4780433177948,3.7899999618530273,13.619999885559082,92,823.896484375,77.6189592,12.9726154
1769155926839406600,1678.5024064941406,1.5026451349258423,0.31029370427131653,3.4458541870117188,3.7899999618530273,13.279999732971191,90,825.40625,77.6190842,12.9726145
1769155927839416300,1679.5024162597656,2.1387441158294678,0.4378622770309448,3.346686840057373,3.7899999618530273,13.1899995803833,87,825.3729248046875,77.6192109,12.9726138
1769155928839407400,1680.502407470703,2.4318718910217285,0.4924333095550537,3.106471061706543,3.7899999618530273,13.050000190734863,86,825.49658203125,77.6193289,12.9726141
1769155929839411500,1681.5024113769532,1.0563486814498901,0.20548886060714722,2.951359510421753,3.7899999618530273,12.5,86,827.355224609375,77.6194446,12.972622
1769155930839411000,1682.5024108886719,4.462607383728027,0.9728102087974548,2.6707277297973633,3.7899999618530273,12.59000015258789,86,827.182861328125,77.6195651,12.9726308
1769155931839409000,1683.5024089355468,0.3787135183811188,0.9275786876678467,2.5,3.7899999618530273,12.460000038146973,87,827.578369140625,77.6196822,12.9726324
1769155932839407000,1684.502406982422,0.6775913238525391,0.9243872761726379,2.5,3.7899999618530273,12.430000305175781,80,828.27490234375,77.6197978,12.9726396
1769155933839415800,1685.5024157714843,0.9787777662277222,0.9532317519187927,2.5,3.7899999618530273,12.399999618530273,84,827.306640625,77.6199118,12.9726487
1769155934839410700,1686.5024106445312,1.2755985260009766,0.9628313779830933,2.5,3.7899999618530273,12.5600004196167,79,827.128662109375,77.6200288,12.9726567
1769155935839413000,1687.5024130859374,1.565029263496399,0.9524974226951599,2.5,3.7899999618530273,12.510000228881836,93,826.718505859375,77.6201421,12.9726593
1769155936839414800,1688.5024147949218,1.8493733406066895,0.9605996012687683,2.5,3.7899999618530273,12.210000038146973,78,826.5047607421875,77.6202555,12.9726695
1769155937839413500,1689.5024135742187,2.1143641471862793,0.9685682654380798,2.5,3.7899999618530273,12.210000038146973,94,826.31591796875,77.6203707,12.9726774
1769155938839406000,1690.5024060058595,2.340625047683716,0.9548773765563965,2.5,3.7899999618530273,12.34000015258789,83,826.553955078125,77.6204836,12.9726859
1769155939839407400,1691.502407470703,2.5609185695648193,0.9556013941764832,2.590243101119995,3.7899999618530273,12.359999656677246,74,826.076904296875,77.6205957,12.9726974
1769155940839407400,1692.502407470703,2.7487576007843018,0.9773952960968018,2.670241117477417,3.7899999618530273,12.420000076293945,88,826.1796875,77.6207078,12.9727123
1769155941839407900,1693.5024079589843,2.938516855239868,0.9807221293449402,2.70082426071167,3.7899999618530273,12.380000114440918,77,826.8828125,77.6208167,12.9727275
1769155942839414500,1694.5024145507812,3.0629942417144775,0.9576377868652344,2.66841721534729,3.7899999618530273,12.460000038146973,78,826.842529296875,77.6209279,12.9727505
1769155943839414300,1695.5024143066407,3.0736029148101807,0.939522922039032,2.5543768405914307,3.7899999618530273,12.539999961853027,74,826.690185546875,77.6210394,12.972776
1769155944839412200,1696.502412109375,3.2995331287384033,0.9560519456863403,2.5,3.7899999618530273,12.350000381469727,65,826.35107421875,77.6211489,12.9728007
1769155945839411700,1697.5024116210936,3.2673871517181396,0.9419274926185608,2.516914129257202,3.7899999618530273,12.479999542236328,68,826.105712890625,77.6212584,12.9728316
1769155946839406300,1698.50240625,3.4747424125671387,0.9846392869949341,2.518329620361328,3.7899999618530273,12,52,826.80322265625,77.621368,12.9728634
1769155947839406800,1699.5024067382813,3.5422489643096924,1.229940414428711,2.5982346534729004,3.7899999618530273,12.199999809265137,61,826.97705078125,77.6214797,12.972899
1769155948839408000,1700.502408203125,3.4677348136901855,0.9841390252113342,2.595024347305298,3.7899999618530273,12.680000305175781,68,826.5498046875,77.6215967,12.9729335
1769155949839411200,1701.5024111328125,3.4568145275115967,0.9694173336029053,2.531203269958496,3.7899999618530273,12.640000343322754,83,826.6884765625,77.6217054,12.9729747
1769155950839414000,1702.5024140625,3.5056228637695312,0.9636513590812683,2.524783134460449,3.7899999618530273,12.680000305175781,81,826.403076171875,77.6218107,12.9730222
1769155951839412000,1703.5024118652343,3.335352897644043,0.9416145086288452,2.5,3.7899999618530273,12.520000457763672,76,826.2176513671875,77.6219133,12.9730601
1769155952839409000,1704.5024089355468,3.411968469619751,0.987540602684021,2.5446176528930664,3.7899999618530273,12.3100004196167,67,826.376953125,77.6220158,12.9731044
1769155953839415600,1705.5024155273438,3.395758628845215,0.9589032530784607,2.5,3.7899999618530273,12.479999542236328,81,825.61572265625,77.622131,12.973143
1769155954839414500,1706.5024145507812,3.331906318664551,0.9591525197029114,2.5,3.7899999618530273,12.550000190734863,73,825.5277099609375,77.6222383,12.9731819
1769155955839407400,1707.502407470703,3.2284293174743652,0.9487545490264893,2.5,3.7899999618530273,12.609999656677246,73,825.020751953125,77.6223446,12.9732342
1769155956839412200,1708.502412109375,3.1286134719848633,0.95457923412323,2.5,3.7899999618530273,12.510000228881836,66,825.138427734375,77.6224503,12.973287
1769155957839415600,1709.5024155273438,3.220454692840576,0.963927686214447,2.5,3.7899999618530273,12.369999885559082,54,825.164794921875,77.6225536,12.9733376
1769155958839410700,1710.5024106445312,3.2377333641052246,0.967211902141571,2.5,3.7899999618530273,12.399999618530273,71,824.968017578125,77.6226584,12.9733895
1769155959839413000,1711.5024130859374,4.369585990905762,1.0360370874404907,2.5,3.7899999618530273,12.569999694824219,61,824.51318359375,77.6227628,12.9734441
1769155960839414300,1712.5024143066407,2.3360025882720947,0.4490737318992615,2.5,3.7899999618530273,12.380000114440918,59,823.69189453125,77.6228654,12.9735003
1769155961839416300,1713.5024162597656,3.531557083129883,0.64900803565979,2.5194735527038574,3.7899999618530273,11.859999656677246,59,823.58251953125,77.6229588,12.9735559
1769155962839415800,1714.5024157714843,4.933375835418701,1.2674506902694702,2.699453830718994,3.7899999618530273,12.210000038146973,58,823.9647216796875,77.6230538,12.9736174
1769155963839412200,1715.502412109375,6.054449558258057,2.1300599575042725,3.006692409515381,3.7899999618530273,12.800000190734863,58,824.05908203125,77.6231586,12.9736811
1769155964839406300,1716.50240625,4.15122127532959,0.8901546597480774,2.9066779613494873,3.7899999618530273,12.520000457763672,57,821.273193359375,77.6232501,12.9737476
1769155965839408000,1717.502408203125,5.02739953994751,1.2885828018188477,3.000506639480591,3.7899999618530273,12.199999809265137,57,821.516357421875,77.6233518,12.9738021
1769155966839407600,1718.5024077148437,3.8160433769226074,0.7268001437187195,2.9327361583709717,3.7899999618530273,12.289999961853027,58,820.839599609375,77.6234448,12.9738603
1769155967839408400,1719.5024084472657,3.334611177444458,0.6460554599761963,2.8618314266204834,3.7899999618530273,12.5,57,820.6834716796875,77.6235418,12.9739195
1769155968839410700,1720.5024106445312,2.0808637142181396,0.38957273960113525,2.8332231044769287,3.7899999618530273,12.0600004196167,57,820.9970703125,77.6236353,12.9739787
1769155969839407400,1721.502407470703,1.0923991203308105,0.21119239926338196,2.909311532974243,3.7899999618530273,12.430000305175781,57,820.79736328125,77.6237313,12.9740399
1769155970839413000,1722.5024130859374,2.1685550212860107,0.41473934054374695,2.9872488975524902,3.7899999618530273,12.319999694824219,57,820.835693359375,77.6238246,12.9740976
1769155971839411000,1723.5024108886719,2.5505788326263428,0.5190585255622864,2.8706142902374268,3.7899999618530273,13.109999656677246,58,820.36279296875,77.6239253,12.9741575
1769155972839408000,1724.502408203125,2.4267239570617676,0.47173011302948,2.758272886276245,3.7899999618530273,12.520000457763672,57,820.3768310546875,77.6240226,12.9742194
1769155973839407600,1725.5024077148437,3.304409980773926,0.6277759671211243,2.6819980144500732,3.7899999618530273,12.260000228881836,55,819.8199462890625,77.6241135,12.9742879
1769155974839409000,1726.5024089355468,2.108823776245117,0.4044995605945587,2.695779323577881,3.7899999618530273,12.350000381469727,58,819.1361083984375,77.6242129,12.9743466
1769155975839412700,1727.502412841797,1.1121224164962769,0.21313056349754333,2.6352856159210205,3.7899999618530273,12.319999694824219,57,818.9342041015625,77.6243044,12.9744086
1769155976839409400,1728.502409423828,1.782881498336792,0.3397388160228729,2.5001845359802246,3.7899999618530273,12.260000228881836,57,818.74609375,77.6244014,12.9744652
1769155977839411500,1729.5024113769532,5.660216331481934,1.1797236204147339,2.5599312782287598,3.7899999618530273,12.220000267028809,57,818.3436279296875,77.624502,12.9745248
1769155978839413200,1730.502413330078,2.5436513423919678,0.495455265045166,2.5,5.019000053405762,12.550000190734863,58,818.2939453125,77.624603,12.9745848
1769155979839411500,1731.5024113769532,0.8352171182632446,0.16232556104660034,2.5389320850372314,6.248000144958496,12.489999771118164,57,817.6025390625,77.6247039,12.9746428
1769155980839410200,1732.50241015625,5.122226715087891,0.9844568967819214,2.5282883644104004,6.861999988555908,12.420000076293945,57,817.5384521484375,77.6248017,12.9747013
1769155981839409200,1733.5024091796874,1.5504571199417114,0.950363039970398,2.5,7.886000156402588,12.300000190734863,56,817.500244140625,77.6248922,12.9747594
1769155982839406300,1734.50240625,2.5097262859344482,0.9386541247367859,2.5,8.90999984741211,12.25,49,817.662353515625,77.6249896,12.9748211
1769155983839410200,1735.50241015625,3.240816593170166,0.9410911202430725,2.5,9.9350004196167,12.300000190734863,48,817.682861328125,77.6250813,12.9748819
1769155984839413200,1736.502413330078,3.980569362640381,0.9594686031341553,2.5,9.9350004196167,12.59000015258789,53,818.240966796875,77.6251789,12.9749446
1769155985839408600,1737.5024086914063,4.7812018394470215,1.0063445568084717,2.5,9.9350004196167,11.880000114440918,30,818.369873046875,77.6252743,12.9750047
1769155986839415800,1738.5024157714843,4.9146623611450195,0.9596520066261292,2.5,9.9350004196167,12.270000457763672,43,818.437255859375,77.6253707,12.9750685
1769155987839411200,1739.5024111328125,5.23936653137207,0.9670596122741699,2.5,9.9350004196167,11.930000305175781,54,819.099365234375,77.6254667,12.9751257
1769155988839407000,1740.502406982422,5.123894691467285,0.9959900379180908,2.5,9.9350004196167,12.5600004196167,55,819.08251953125,77.6255649,12.9751875
1769155989839412500,1741.5024125976563,5.239065170288086,0.9961693286895752,2.5,9.9350004196167,12.289999961853027,54,818.5382080078125,77.6256568,12.9752493
1769155990839414500,1742.5024145507812,6.25398588180542,1.182550311088562,2.5,9.9350004196167,12.229999542236328,50,818.554931640625,77.6257441,12.9753153
1769155991839407400,1743.502407470703,5.216985702514648,0.9791918992996216,2.5,9.9350004196167,12.130000114440918,48,819.277587890625,77.6258331,12.9753906
1769155992839410000,1744.5024099121094,5.008415699005127,0.9697914719581604,2.5,9.9350004196167,12.510000228881836,44,818.47998046875,77.6259163,12.9754683
1769155993839413500,1745.5024135742187,5.247554779052734,0.9809606671333313,2.5,9.9350004196167,12.079999923706055,41,818.6754150390625,77.6259873,12.9755459
1769155994839415600,1746.5024155273438,5.385900020599365,0.9812875390052795,2.5,9.9350004196167,11.779999732971191,39,818.92236328125,77.6260577,12.9756265
1769155995839414300,1747.5024143066407,5.108508110046387,0.9441896677017212,2.5,9.9350004196167,11.170000076293945,28,818.1580810546875,77.6261212,12.97571
1769155996839406800,1748.5024067382813,5.859042644500732,0.9832714796066284,2.5,9.9350004196167,10.680000305175781,26,817.828369140625,77.6261822,12.9757853
1769155997839407400,1749.502407470703,5.601749897003174,0.9831576347351074,2.5,9.9350004196167,9.789999961853027,19,817.19091796875,77.6262371,12.9758641
1769155998839414000,1750.5024140625,5.679017543792725,0.9948382377624512,2.5,9.9350004196167,9.289999961853027,23,817.3271484375,77.626289,12.9759345
1769155999839407900,1751.5024079589843,5.8298563957214355,1.1747255325317383,2.5,9.9350004196167,8.279999732971191,13,817.03515625,77.6263318,12.975994
1769156000839413200,1752.502413330078,5.943521976470947,1.5566474199295044,2.640254020690918,10.10099983215332,8.069999694824219,22,816.6954345703125,77.6263653,12.9760595
1769156001839412000,1753.5024118652343,6.151005744934082,1.7953392267227173,3.059995174407959,10.347999572753906,7.920000076293945,31,816.773193359375,77.6263996,12.9761244
1769156002839410200,1754.50241015625,6.130771160125732,1.6689597368240356,3.465646743774414,10.645999908447266,7.079999923706055,28,816.6651611328125,77.6264332,12.9761714
1769156003839413200,1755.502413330078,6.259893894195557,1.7984802722930908,3.8524749279022217,10.887999534606934,6.090000152587891,46,816.623779296875,77.6264457,12.9762
1769156004839410000,1756.5024099121094,6.370399475097656,1.6772825717926025,4.207763195037842,11.60200023651123,5.099999904632568,68,816.6744384765625,77.6264727,12.9762273
1769156005839413000,1757.5024130859374,6.548260688781738,1.6952577829360962,4.480252265930176,11.86400032043457,3.8299999237060547,62,816.6732177734375,77.6264866,12.9762391
1769156006839406600,1758.5024064941406,6.799140453338623,1.8380248546600342,4.683640480041504,12.375,3.5299999713897705,64,816.3154296875,77.6265115,12.9762583
1769156007839413800,1759.5024138183594,7.038873195648193,2.0349042415618896,4.915165424346924,13.309000015258789,3.0799999237060547,52,816.2069091796875,77.6265208,12.9762607
1769156008839410000,1760.5024099121094,7.238649845123291,1.9674696922302246,5.043485641479492,13.612000465393066,4.019999980926514,52,816.014892578125,77.6265589,12.9763064
1769156009839416000,1761.502416015625,7.334373474121094,2.115466594696045,5.100210666656494,14.562000274658203,4.349999904632568,46,817.111572265625,77.6266056,12.9763209
1769156010839412500,1762.5024125976563,7.499388217926025,2.2027392387390137,5.142981052398682,14.866999626159668,4.929999828338623,45,817.7127685546875,77.6266605,12.9763631
1769156011839408000,1763.502408203125,7.61561393737793,1.443170428276062,5.318944931030273,15.130999565124512,0.8299999833106995,55,817.8265380859375,77.6265936,12.9763409
1769156012839411000,1764.5024108886719,7.843470096588135,1.4323179721832275,5.574886798858643,14.857999801635742,0.2199999988079071,41,817.294189453125,77.6265696,12.9763187
1769156013839410400,1765.5024104003905,8.091832160949707,1.928333044052124,5.825118064880371,14.644000053405762,0.3799999952316284,43,817.052001953125,77.6265658,12.9763056
1769156014839413000,1766.5024130859374,8.308507919311523,2.107218027114868,6.175558090209961,14.465999603271484,0.6299999952316284,39,816.101318359375,77.6265012,12.9763051
1769156015839406600,1767.5024064941406,8.555861473083496,2.066080093383789,6.560084819793701,14.204000473022461,0.41999998688697815,24,815.8101806640625,77.6265003,12.976307
1769156016839410700,1768.5024106445312,8.80599308013916,1.9819473028182983,6.955882549285889,13.994000434875488,0.28999999165534973,7,815.906982421875,77.6265032,12.9763089
1769156017839411500,1769.5024113769532,9.05628776550293,1.9857851266860962,7.328925132751465,14.359000205993652,0.7400000095367432,331,815.814453125,77.6265065,12.9763144
1769156018839413000,1770.5024130859374,9.306021690368652,1.9559968709945679,7.693644046783447,14.769000053405762,0.4000000059604645,348,816.0406494140625,77.6265062,12.976317
1769156019839414300,1771.5024143066407,9.556863784790039,2.0785634517669678,7.9829301834106445,15.477999687194824,0.8299999833106995,60,815.9600830078125,77.6265074,12.9763204
1769156020839416300,1772.5024162597656,9.804770469665527,1.9269345998764038,8.186612129211426,16.231000900268555,1.149999976158142,115,815.91552734375,77.6265182,12.9763226
1769156021839411200,1773.5024111328125,10.057700157165527,1.9091594219207764,8.14441204071045,16.85099983215332,0.27000001072883606,119,815.71337890625,77.6265208,12.976314
1769156022839416000,1774.502416015625,10.286386489868164,1.3662333488464355,7.363980293273926,16.784000396728516,0.17000000178813934,116,813.174072265625,77.6265267,12.9763159
1769156023839407600,1775.5024077148437,10.540066719055176,1.5860639810562134,7.246484279632568,16.496999740600586,0.5099999904632568,120,812.8560791015625,77.6265341,12.9763173
1769156024839413800,1776.5024138183594,10.780734062194824,1.3462679386138916,6.969310283660889,16.18899917602539,0.6100000143051147,125,811.1053466796875,77.6265358,12.9763047
1769156025839410200,1777.50241015625,11.032206535339355,1.445770025253296,6.849406719207764,15.654999732971191,0.7300000190734863,123,811.89697265625,77.6265398,12.976291
1769156026839410200,1778.50241015625,11.29127311706543,1.663530707359314,6.590543746948242,14.878999710083008,0.9399999976158142,122,811.93994140625,77.6265415,12.9762782
1769156027839413000,1779.5024130859374,11.553860664367676,2.0127389430999756,6.245872497558594,14.145000457763672,1.2899999618530273,117,811.908447265625,77.6265437,12.9762676
1769156028839407600,1780.5024077148437,11.81482219696045,1.9806665182113647,5.9731645584106445,13.836999893188477,1.100000023841858,122,811.33984375,77.6265428,12.9762567
1769156029839413000,1781.5024130859374,0,2.1565709114074707,5.8059539794921875,13.567999839782715,0,0,811.5888671875,77.6265416,12.9762513
1769156030839410200,1782.50241015625,12.34354305267334,1.9172890186309814,5.613476276397705,13.281999588012695,0.23000000417232513,121,811.924560546875,77.6265361,12.9762483
1769156031839408600,1783.5024086914063,12.567885398864746,1.4497241973876953,5.5784010887146,13.208999633789062,0.800000011920929,123,811.464111328125,77.6265385,12.9762434
1769156032839406600,1784.5024064941406,12.82358169555664,1.6441038846969604,5.659246921539307,13.14900016784668,0.6399999856948853,122,811.464111328125,77.6265434,12.976239
1769156033839408600,1785.5024086914063,13.087976455688477,1.718698501586914,6.195737838745117,13.220000267028809,0.30000001192092896,124,811.102783203125,77.6265414,12.9762358
1769156034839410700,1786.5024106445312,13.355672836303711,1.8875361680984497,6.56752872467041,13.420999526977539,0.17000000178813934,127,810.81298828125,77.626534,12.9762345
1769156035839415800,1787.5024157714843,13.624029159545898,2.006288766860962,6.855097770690918,13.831999778747559,0.20000000298023224,126,810.61572265625,77.6265268,12.9762331
1769156036839413000,1788.5024130859374,13.733745574951172,1.316023826599121,6.999692440032959,13.972999572753906,1.5700000524520874,127,810.673583984375,77.6265386,12.976224
1769156037839409000,1789.5024089355468,14.009023666381836,1.2722547054290771,6.732242107391357,14.067000389099121,1.1200000047683716,128,813.416748046875,77.6265499,12.9762143
1769156038839409200,1790.5024091796874,14.26956844329834,1.5843640565872192,6.805493354797363,14.053000450134277,0.8700000047683716,127,813.49853515625,77.626558,12.9762086
1769156039839407900,1791.5024079589843,14.535670280456543,1.8405444622039795,6.8998894691467285,14.098999977111816,0.8799999952316284,127,813.553955078125,77.6265656,12.9762052
1769156040839412000,1792.5024118652343,14.805425643920898,2.336580514907837,6.699317455291748,14.161999702453613,1.75,130,813.684326171875,77.6265797,12.9761982
1769156041839410400,1793.5024104003905,15.070014953613281,2.2904586791992188,6.56671142578125,14.21500015258789,2.5,124,813.748779296875,77.6266043,12.9761912
1769156042839413500,1794.5024135742187,15.340082168579102,2.3035833835601807,6.69173002243042,14.916000366210938,2.200000047683716,119,813.9005126953125,77.6266239,12.9761909
1769156043839408000,1795.502408203125,15.611534118652344,2.465519666671753,6.784697532653809,15.526000022888184,2.4000000953674316,119,814.170654296875,77.6266455,12.9761897
1769156044839409700,1796.5024096679688,15.882827758789062,2.5979371070861816,6.935179233551025,17.256000518798828,2.2699999809265137,115,814.263427734375,77.6266685,12.9761909
1769156045839407400,1797.502407470703,16.149742126464844,2.9407448768615723,7.209934711456299,18.402999877929688,2.5899999141693115,114,814.0535888671875,77.6266964,12.9762014
1769156046839409400,1798.502409423828,16.361343383789062,2.227062463760376,7.547896862030029,19.28499984741211,6.699999809265137,104,814.133056640625,77.627031,12.9765472
1769156047839409700,1799.5024096679688,13.137901306152344,1.7843443155288696,6.611843109130859,18.68899917602539,8.770000457763672,30,817.06982421875,77.6269479,12.9769432
1769156048839406600,1800.5024064941406,5.065480709075928,1.255583643913269,5.2430009841918945,17.7549991607666,7.849999904632568,41,814.8526611328125,77.6270412,12.9770267
1769156049839412500,1801.5024125976563,4.2703142166137695,1.1087929010391235,4.381451606750488,15.470999717712402,8.180000305175781,36,813.2869873046875,77.627103,12.9771076
1769156050839412700,1802.502412841797,3.9817326068878174,0.9642114639282227,3.872877359390259,12.630000114440918,8.34000015258789,34,816.153076171875,77.6271485,12.9771939
1769156051839412500,1803.5024125976563,3.9567654132843018,0.9857885837554932,3.5413711071014404,10.597000122070312,8.430000305175781,46,814.720458984375,77.6271906,12.9772606
1769156052839412000,1804.5024118652343,3.814382314682007,0.930707573890686,3.672969102859497,10.213000297546387,8.510000228881836,36,816.435546875,77.6272582,12.9773225
1769156053839407900,1805.5024079589843,3.6819350719451904,0.9287899136543274,3.251926898956299,10.0649995803833,8.489999771118164,38,816.3658447265625,77.6273063,12.9773756
1769156054839415800,1806.5024157714843,3.5939934253692627,0.9497042894363403,3.158534049987793,9.9350004196167,8.579999923706055,41,816.960205078125,77.6273571,12.9774296
1769156055839411200,1807.5024111328125,3.605699062347412,0.9664086699485779,3.0689334869384766,9.9350004196167,8.510000228881836,51,815.743896484375,77.6274165,12.9774872
1769156056839414000,1808.5024140625,3.548135757446289,0.9502469897270203,2.8826534748077393,9.9350004196167,8.289999961853027,51,815.00927734375,77.6274729,12.9775412
1769156057839410700,1809.5024106445312,3.4688661098480225,0.9421029090881348,2.948054313659668,9.9350004196167,8.210000038146973,53,814.710205078125,77.6275261,12.9775835
1769156058839413800,1810.5024138183594,3.377711772918701,0.9316307306289673,2.846707582473755,9.9350004196167,8.210000038146973,51,814.5244140625,77.6275828,12.9776328
1769156059839415300,1811.5024152832032,3.4083938598632812,0.9548595547676086,2.7849276065826416,9.9350004196167,8.210000038146973,38,812.7587890625,77.6276432,12.9776831
1769156060839406600,1812.5024064941406,3.352132558822632,0.9396423101425171,2.601240873336792,9.9350004196167,8.3100004196167,45,813.0350341796875,77.6277071,12.9777252
1769156061839413800,1813.5024138183594,3.343883991241455,0.9631559252738953,2.5,9.9350004196167,8.430000305175781,42,813.066650390625,77.6277746,12.9777679
1769156062839411000,1814.5024108886719,3.3502132892608643,0.9519944190979004,2.5,9.9350004196167,8.180000305175781,33,812.497802734375,77.6278385,12.9778148
1769156063839410200,1815.50241015625,3.342928647994995,0.9387111663818359,2.5,9.9350004196167,8.0600004196167,35,812.246826171875,77.6279075,12.9778534
1769156064839409700,1816.5024096679688,3.328495502471924,0.9410059452056885,2.5,9.9350004196167,8.029999732971191,33,812.31494140625,77.6279746,12.9778901
1769156065839407600,1817.5024077148437,3.2791121006011963,0.9286767840385437,2.5,9.9350004196167,8.039999961853027,38,812.3955078125,77.628043,12.9779274
1769156066839415800,1818.5024157714843,3.25494384765625,0.932288408279419,2.5,9.9350004196167,8.0600004196167,39,812.207275390625,77.628109,12.9779692
1769156067839412500,1819.5024125976563,3.2296502590179443,0.9343489408493042,2.5,9.9350004196167,8.140000343322754,42,811.357666015625,77.6281744,12.9780081
1769156068839410200,1820.50241015625,3.2163121700286865,0.9463760852813721,2.5,9.9350004196167,8.199999809265137,42,811.095703125,77.628242,12.9780476
1769156069839411700,1821.5024116210936,3.2974579334259033,0.9531594514846802,2.5,9.9350004196167,8.109999656677246,66,810.656982421875,77.6283078,12.9780842
1769156070839411200,1822.5024111328125,3.292311191558838,0.9529600739479065,2.5,9.9350004196167,8.170000076293945,65,810.9599609375,77.6283732,12.97812
1769156071839415800,1823.5024157714843,3.3083648681640625,0.9442304968833923,2.5,9.9350004196167,8.300000190734863,55,810.02197265625,77.6284363,12.9781594
1769156072839411500,1824.5024113769532,3.3268139362335205,0.9505957365036011,2.5,9.9350004196167,8.289999961853027,51,809.7918701171875,77.6284988,12.9782025
1769156073839406800,1825.5024067382813,3.3281807899475098,0.9608222842216492,2.5,9.9350004196167,8.40999984741211,51,809.853759765625,77.6285605,12.9782409
1769156074839414500,1826.5024145507812,3.4360110759735107,0.9751198887825012,2.5,9.9350004196167,8.239999771118164,31,809.977783203125,77.6286267,12.978276
1769156075839411200,1827.5024111328125,3.4964146614074707,0.967852771282196,2.5,9.9350004196167,8.170000076293945,42,810.4530029296875,77.6286931,12.978313
1769156076839405800,1828.5024057617188,3.5254549980163574,0.9387315511703491,2.5,9.9350004196167,7.909999847412109,38,810.9063720703125,77.6287575,12.9783418
1769156077839415300,1829.5024152832032,3.654435873031616,0.9777058362960815,2.5,9.9350004196167,8.029999732971191,63,811.1146240234375,77.6288274,12.9783681
1769156078839411700,1830.5024116210936,3.6980860233306885,0.9700786471366882,2.5,9.9350004196167,8.109999656677246,75,810.755615234375,77.6288993,12.9783951
1769156079839410700,1831.5024106445312,3.651013135910034,0.9439024329185486,2.5,9.9350004196167,8.180000305175781,73,810.30712890625,77.6289758,12.9784153
1769156080839409000,1832.5024089355468,3.676365852355957,0.958477795124054,2.5,9.9350004196167,8.260000228881836,62,810.1282958984375,77.6290514,12.978434
1769156081839413500,1833.5024135742187,3.695674419403076,0.9701055288314819,2.5,9.9350004196167,8.329999923706055,62,809.8704833984375,77.6291298,12.9784472
1769156082839407400,1834.502407470703,3.661407470703125,0.9405973553657532,2.5,9.9350004196167,8.15999984741211,62,809.46728515625,77.6292059,12.9784575
1769156083839411200,1835.5024111328125,3.628791093826294,0.9386551380157471,2.5,9.9350004196167,8.020000457763672,66,809.0869140625,77.6292836,12.9784623
1769156084839413800,1836.5024138183594,3.623084545135498,0.9425030946731567,2.5,9.9350004196167,8.079999923706055,74,808.0057373046875,77.6293592,12.9784641
1769156085839408400,1837.5024084472657,3.5777604579925537,0.9405731558799744,2.5,9.9350004196167,8.020000457763672,72,807.607421875,77.6294325,12.9784651
1769156086839409200,1838.5024091796874,3.5796260833740234,0.9512403011322021,2.5,9.9350004196167,8.069999694824219,78,807.310302734375,77.6295063,12.9784597
1769156087839411000,1839.5024108886719,3.531642198562622,0.9332109093666077,2.5,9.9350004196167,8.0600004196167,83,807.35986328125,77.6295768,12.9784512
1769156088839410000,1840.5024099121094,2.1391336917877197,1.0393956899642944,2.5,9.9350004196167,8.140000343322754,97,807.530029296875,77.6296542,12.9784466
1769156089839413200,1841.502413330078,2.0575592517852783,0.9724026918411255,2.5,9.9350004196167,8.270000457763672,107,807.101806640625,77.6297335,12.9784385
1769156090839411500,1842.5024113769532,2.064692735671997,0.9505826830863953,2.5,9.9350004196167,8.0600004196167,112,806.962158203125,77.6298088,12.9784317
1769156091839415300,1843.5024152832032,2.077298879623413,0.9501085877418518,2.5,9.9350004196167,8.09000015258789,106,806.958251953125,77.6298828,12.9784278
1769156092839412700,1844.502412841797,2.1038098335266113,0.9367148876190186,2.5,9.9350004196167,8.039999961853027,105,806.4869384765625,77.6299569,12.9784164
1769156093839407400,1845.502407470703,2.1454577445983887,0.9623755216598511,2.5,9.9350004196167,8.149999618530273,108,806.64306640625,77.630029,12.9784108
1769156094839409400,1846.502409423828,2.1812586784362793,0.936930775642395,2.5,9.9350004196167,8.140000343322754,108,806.0736083984375,77.6301057,12.9783976
1769156095839410400,1847.5024104003905,2.2272963523864746,0.935030996799469,2.5,9.9350004196167,8.140000343322754,107,806.35595703125,77.6301816,12.9783942
1769156096839407400,1848.502407470703,2.30352520942688,0.9488041400909424,2.5,9.9350004196167,8.069999694824219,101,806.5985107421875,77.630254,12.9783893
1769156097839412700,1849.502412841797,2.346329689025879,0.9340928792953491,2.5,9.9350004196167,8.140000343322754,104,806.669677734375,77.6303274,12.9783826
1769156098839411700,1850.5024116210936,2.451155662536621,0.9833077192306519,2.5,9.9350004196167,8.390000343322754,98,806.0911865234375,77.6304061,12.9783741
1769156099839410400,1851.5024104003905,3.881833076477051,0.6154696941375732,2.5,9.9350004196167,10.229999542236328,93,806.08251953125,77.6304969,12.9783689
1769156100839412200,1852.502412109375,6.242539882659912,1.4152683019638062,2.5,9.9350004196167,9.960000038146973,94,805.89794921875,77.6305865,12.9783635
1769156101839414300,1853.5024143066407,7.21465539932251,1.977143406867981,2.5,9.9350004196167,10.489999771118164,92,805.13134765625,77.6306794,12.9783649
1769156102839407000,1854.502406982422,4.616602420806885,0.8693878054618835,2.5,9.9350004196167,12.170000076293945,96,805.95263671875,77.6307942,12.9783457
1769156103839409700,1855.5024096679688,5.140422344207764,1.3342796564102173,2.5638859272003174,9.9350004196167,12.130000114440918,95,805.777099609375,77.6309041,12.9783349
1769156104839415000,1856.5024150390625,3.3808786869049072,0.7091299891471863,2.5610191822052,9.9350004196167,13.529999732971191,96,806.4815673828125,77.6310245,12.9783224
1769156105839409200,1857.5024091796874,1.6987340450286865,0.35923972725868225,2.5425171852111816,9.9350004196167,13.609999656677246,95,807.3402099609375,77.631144,12.9783067
1769156106839411000,1858.5024108886719,1.0620487928390503,0.23324066400527954,2.6148829460144043,9.9350004196167,14.119999885559082,96,807.7021484375,77.6312688,12.9782969
1769156107839408000,1859.502408203125,1.2616631984710693,0.2886902689933777,2.5692636966705322,9.9350004196167,14.710000038146973,95,807.5693359375,77.6313952,12.9782798
1769156108839407600,1860.5024077148437,1.2583779096603394,0.29488298296928406,2.5954763889312744,9.9350004196167,15.069999694824219,96,806.8941650390625,77.6315352,12.9782593
1769156109839412700,1861.502412841797,0.7851490378379822,0.19038750231266022,2.5058553218841553,9.9350004196167,15.579999923706055,96,805.613037109375,77.6316768,12.9782462
1769156110839407600,1862.5024077148437,0.6092110276222229,0.1508656144142151,2.5,9.9350004196167,15.90999984741211,96,805.175048828125,77.6318209,12.978229
1769156111839409400,1863.502409423828,0.5044523477554321,0.12753380835056305,2.5,9.9350004196167,16.229999542236328,96,805.5465087890625,77.6319725,12.9782136
1769156112839414300,1864.5024143066407,1.593627691268921,0.40148863196372986,2.5,9.9350004196167,16.209999084472656,96,804.474609375,77.6321239,12.9781976
1769156113839406300,1865.50240625,2.277808427810669,0.5883735418319702,2.5,9.9350004196167,16.639999389648438,95,804.6751708984375,77.6322712,12.9781791
1769156114839407000,1866.502406982422,2.3037490844726562,0.6276913285255432,2.5,9.9350004196167,17.549999237060547,94,805.2362060546875,77.6324318,12.9781634
1769156115839410200,1867.50241015625,1.076927900314331,0.2907032370567322,2.5,9.9350004196167,17.350000381469727,92,805.363525390625,77.632592,12.9781556
1769156116839415300,1868.5024152832032,0.7941102981567383,0.22055499255657196,2.5,9.9350004196167,17.850000381469727,91,806.2158203125,77.6327573,12.9781505
1769156117839413800,1869.5024138183594,1.188197374343872,0.33487623929977417,2.5,9.9350004196167,18.1200008392334,89,806.35986328125,77.6329213,12.9781512
1769156118839407900,1870.5024079589843,0.9851336479187012,0.280929297208786,2.5,9.9350004196167,18.329999923706055,87,805.98681640625,77.6330903,12.9781601
1769156119839416000,1871.502416015625,1.8784080743789673,0.5323237776756287,2.5,9.9350004196167,18.25,86,806.038330078125,77.6332564,12.9781633
1769156120839414000,1872.5024140625,5.304932117462158,1.5273412466049194,2.6303658485412598,9.9350004196167,18.6200008392334,87,805.478271484375,77.6334298,12.9781695
1769156121839413200,1873.502413330078,4.184695243835449,1.5496926307678223,2.9576704502105713,9.970000267028809,18.5,85,805.108154296875,77.6336012,12.9781698
1769156122839406800,1874.5024067382813,3.4111387729644775,0.9756354093551636,2.8396947383880615,9.970000267028809,18.459999084472656,87,806.6102294921875,77.6337698,12.9781732
1769156123839416000,1875.502416015625,4.690232753753662,1.3279179334640503,2.921558141708374,9.97700023651123,18.299999237060547,87,807.7769775390625,77.6339287,12.9781742
1769156124839408400,1876.5024084472657,4.806064128875732,1.3655205965042114,3.1338021755218506,10.006999969482422,18.309999465942383,90,808.012939453125,77.6341045,12.9781836
1769156125839407600,1877.5024077148437,3.776055097579956,1.0280265808105469,3.200624465942383,10.006999969482422,17.579999923706055,88,807.3048095703125,77.6342556,12.9781947
1769156126839414500,1878.5024145507812,3.588704824447632,0.9638216495513916,3.2043282985687256,9.979000091552734,17.329999923706055,88,806.921630859375,77.6344168,12.9782003
1769156127839409400,1879.502409423828,3.4885544776916504,0.9498395323753357,3.158468723297119,9.979000091552734,17,89,806.5965576171875,77.6345657,12.9782092
1769156128839415800,1880.5024157714843,3.312896490097046,0.951015830039978,3.008880376815796,9.970999717712402,16.690000534057617,91,807.0919189453125,77.6347266,12.9782055
1769156129839412200,1881.502412109375,3.307968854904175,0.9563995003700256,3.0098352432250977,9.9350004196167,16.440000534057617,87,808.08203125,77.6348793,12.9782081
1769156130839411500,1882.5024113769532,3.218315839767456,0.9491932392120361,2.827108144760132,9.9350004196167,16.049999237060547,88,807.8995361328125,77.6350243,12.9782178
1769156131839413200,1883.502413330078,3.540335178375244,0.9815601706504822,2.698974609375,9.9350004196167,15.829999923706055,96,807.9122314453125,77.6351634,12.9782206
1769156132839411000,1884.5024108886719,3.309534788131714,0.9512746930122375,2.658686399459839,9.9350004196167,15.550000190734863,91,809.0166015625,77.6353124,12.978229
1769156133839412000,1885.5024118652343,3.177889347076416,0.9579183459281921,2.621419906616211,9.9350004196167,15.300000190734863,88,811.083740234375,77.6354534,12.9782363
1769156134839411500,1886.5024113769532,3.0743870735168457,0.9511836767196655,2.5,9.9350004196167,15.359999656677246,90,812.5654296875,77.6355948,12.9782424
1769156135839409400,1887.502409423828,3.0624029636383057,0.949637770652771,2.5,9.9350004196167,15.25,92,813.9173583984375,77.635736,12.9782475
1769156136839413000,1888.5024130859374,2.968341827392578,0.9490497708320618,2.5,9.9350004196167,15.0600004196167,88,813.94140625,77.6358738,12.9782506
1769156137839411500,1889.5024113769532,2.961216688156128,0.9588802456855774,2.5,9.9350004196167,14.859999656677246,87,814.34375,77.6360151,12.9782583
1769156138839415800,1890.5024157714843,2.9431397914886475,0.9525800347328186,2.5,9.9350004196167,14.479999542236328,87,815.30322265625,77.6361502,12.9782692
1769156139839412000,1891.5024118652343,2.91230845451355,0.9531665444374084,2.5,9.9350004196167,14.0600004196167,89,816.4730224609375,77.6362737,12.9782706
1769156140839414300,1892.5024143066407,2.8555166721343994,0.9414295554161072,2.5,9.9350004196167,13.569999694824219,87,817.302490234375,77.6364043,12.9782764
1769156141839410200,1893.50241015625,2.7902517318725586,0.9400755763053894,2.5,9.9350004196167,13.09000015258789,90,819.27880859375,77.6365253,12.9782769
1769156142839409200,1894.5024091796874,2.7701995372772217,0.9368242025375366,2.5,9.9350004196167,12.479999542236328,89,819.8209228515625,77.6366411,12.9782771
1769156143839407900,1895.5024079589843,2.7829678058624268,0.9417767524719238,2.5,9.9350004196167,11.970000267028809,88,820.03125,77.6367559,12.97828
1769156144839408400,1896.5024084472657,2.8496806621551514,0.9557439684867859,2.5,9.9350004196167,11.510000228881836,81,820.775634765625,77.636861,12.9782809
1769156145839413800,1897.5024138183594,2.8754024505615234,0.9417266249656677,2.5,9.9350004196167,10.930000305175781,88,821.6282958984375,77.6369663,12.9782857
1769156146839407000,1898.502406982422,2.8776676654815674,0.937505304813385,2.5,9.9350004196167,10.470000267028809,89,821.5191650390625,77.637062,12.9782929
1769156147839410700,1899.5024106445312,2.8833396434783936,0.9449732899665833,2.5,9.9350004196167,10.029999732971191,89,821.307373046875,77.637156,12.9782964
1769156148839410400,1900.5024104003905,2.9242470264434814,0.9352672100067139,2.5,9.9350004196167,9.520000457763672,86,821.458740234375,77.6372446,12.9783003
1769156149839415000,1901.5024150390625,2.981066942214966,0.9440290927886963,2.5,9.9350004196167,9.15999984741211,87,821.61279296875,77.6373328,12.9783043
1769156150839412000,1902.5024118652343,3.0195484161376953,0.9473074078559875,2.5,9.9350004196167,8.949999809265137,89,821.614501953125,77.6374193,12.9783047
1769156151839410700,1903.5024106445312,3.2027523517608643,1.0202661752700806,2.5,9.9350004196167,8.829999923706055,63,822.0103759765625,77.6374999,12.9783059
1769156152839415600,1904.5024155273438,3.350735902786255,0.9844549298286438,2.5,9.9350004196167,8.539999961853027,16,821.92041015625,77.6375786,12.978304
1769156153839411700,1905.5024116210936,8.261496543884277,1.2838491201400757,2.5,9.9350004196167,8.359999656677246,87,821.76611328125,77.6376519,12.9783057
1769156154839410400,1906.5024104003905,7.749708652496338,1.0251574516296387,2.5,9.9350004196167,8.5600004196167,88,820.747802734375,77.6377341,12.9783007
1769156155839409000,1907.5024089355468,6.139503479003906,0.9798488616943359,2.5,9.9350004196167,8.5,88,820.28515625,77.637818,12.9782988
1769156156839412000,1908.5024118652343,6.472572326660156,1.3607341051101685,2.6450161933898926,9.9350004196167,8.65999984741211,88,820.451171875,77.6378964,12.978304
1769156157839415300,1909.5024152832032,7.8419928550720215,1.4168903827667236,2.986466884613037,9.9350004196167,8.329999923706055,88,820.6845703125,77.637973,12.9783107
1769156158839413800,1910.5024138183594,18.09228515625,2.297858715057373,3.270665407180786,9.956000328063965,8.149999618530273,89,820.48388671875,77.6380493,12.9783114
1769156159839413800,1911.5024138183594,27.207714080810547,3.398714065551758,3.63027024269104,10.21399974822998,7.820000171661377,91,820.381591796875,77.6381202,12.9783098
1769156160839414000,1912.5024140625,34.28453826904297,4.267069339752197,4.0254645347595215,10.779000282287598,7.570000171661377,90,820.3746337890625,77.6381892,12.9783094
1769156161839407600,1913.5024077148437,33.599945068359375,4.251950740814209,4.309465408325195,11.196000099182129,7.71999979019165,91,820.3017578125,77.6382603,12.9783076
1769156162839406800,1914.5024067382813,36.262611389160156,4.646856784820557,4.600240230560303,12.03499984741211,7.710000038146973,91,820.3037109375,77.6383313,12.9783063
1769156163839415600,1915.5024155273438,23.78409767150879,2.8969552516937256,4.907734394073486,14.038000106811523,7.710000038146973,91,820.3150634765625,77.6384023,12.9783051
1769156164839414800,1916.5024147949218,32.53678894042969,2.5224311351776123,4.999608993530273,15.354000091552734,4.75,75,820.2967529296875,77.6383667,12.9783512
1769156165839413500,1917.5024135742187,32.87327575683594,2.546314001083374,5.010078430175781,15.875,4.739999771118164,78,820.0462646484375,77.6384107,12.9783481
1769156166839406300,1918.50240625,29.048906326293945,2.465696334838867,4.980872631072998,16.777000427246094,5.28000020980835,64,819.72412109375,77.6384691,12.9784066
1769156167839413800,1919.5024138183594,62.75870895385742,4.3036394119262695,4.990869045257568,17.80699920654297,3.309999942779541,115,819.30029296875,77.6384738,12.9783318
1769156168839410000,1920.5024099121094,68.54485321044922,3.711390495300293,4.76570463180542,17.393999099731445,2.4100000858306885,27,820.0113525390625,77.6384408,12.9783649
1769156169839406800,1921.5024067382813,72.36283874511719,4.24052619934082,4.619881629943848,16.993000030517578,2.450000047683716,63,819.8306884765625,77.6384695,12.9783705
1769156170839412200,1922.502412109375,82.21438598632812,4.263225078582764,4.496682643890381,16.465999603271484,1.7300000190734863,69,820.363037109375,77.6384712,12.9783461
1769156171839411000,1923.5024108886719,93.17742156982422,3.787702798843384,4.478081703186035,15.13599967956543,0.8199999928474426,137,820.865966796875,77.6384233,12.9782541
1769156172839410700,1924.5024106445312,97.93791961669922,1.7445757389068604,4.496788501739502,14.729999542236328,0.1899999976158142,170,820.93115234375,77.638412,12.9782203
1769156173839413500,1925.5024135742187,97.06499481201172,2.0602951049804688,4.582608222961426,13.902999877929688,0.27000001072883606,59,820.82373046875,77.6384176,12.9782265
1769156174839407000,1926.502406982422,88.89208984375,1.6913528442382812,4.637833595275879,13.315999984741211,0.49000000953674316,325,820.890380859375,77.6383727,12.9782471
1769156175839413500,1927.5024135742187,95.41902160644531,1.650067687034607,4.78314733505249,12.911999702453613,0.2800000011920929,351,820.8795166015625,77.6383535,12.978247
1769156176839410200,1928.50241015625,97.26573944091797,1.9319634437561035,4.756957054138184,12.88700008392334,0.23999999463558197,322,821.8773193359375,77.6383308,12.9782467
1769156177839413500,1929.5024135742187,94.1285629272461,2.227989912033081,4.641315460205078,12.746000289916992,0.4399999976158142,95,821.864013671875,77.6383196,12.9782469
1769156178839407400,1930.502407470703,68.44178009033203,2.424006938934326,5.016036033630371,12.815999984741211,1.5800000429153442,105,825.24658203125,77.6382971,12.9782372
1769156179839411000,1931.5024108886719,53.71946716308594,1.3878722190856934,5.116646766662598,12.614999771118164,1.3700000047683716,273,826.3082275390625,77.6382724,12.9782352
1769156180839413000,1932.5024130859374,94.05257415771484,1.186948299407959,5.0301618576049805,12.32699966430664,0.23000000417232513,118,825.246337890625,77.6382698,12.9782335
1769156181839412200,1933.502412109375,86.01700592041016,1.3581255674362183,5.044583797454834,11.85200023651123,0.46000000834465027,290,824.4224853515625,77.6382726,12.9782335
1769156182839413000,1934.5024130859374,83.12187194824219,1.272061824798584,4.818325519561768,11.630000114440918,0.49000000953674316,76,825.6632080078125,77.6382804,12.978234
1769156183839407000,1935.502406982422,70.4560546875,1.2384452819824219,4.59454345703125,11.241999626159668,0.75,83,826.50341796875,77.6382914,12.9782356
1769156184839408000,1936.502408203125,0,1.2097361087799072,4.496635437011719,10.76200008392334,0,0,825.827880859375,77.6383002,12.9782366
1769156185839412000,1937.5024118652343,0,0.21298618614673615,4.170321941375732,10.437999725341797,0,0,825.910400390625,77.638292,12.9782432
1769156186839411000,1938.5024108886719,0,0.15869170427322388,4.182794570922852,10.279999732971191,0,0,826.9986572265625,77.638285,12.9782449
1769156187839411200,1939.5024111328125,0,0.1099720448255539,3.8962278366088867,10.154999732971191,0,0,826.386474609375,77.6382754,12.9782408
1769156188839415600,1940.5024155273438,0,0.09821134060621262,3.829395294189453,10.005000114440918,0,0,825.6923828125,77.6382691,12.9782385
1769156189839408600,1941.5024086914063,0,0.3238210082054138,4.022035121917725,9.9350004196167,0,0,824.80322265625,77.6382613,12.9782357
1769156190839414500,1942.5024145507812,0,0.48358842730522156,4.2979607582092285,10.062999725341797,0,0,824.5948486328125,77.6382572,12.9782372
1769156191839409700,1943.5024096679688,0,0.1460057497024536,4.424438953399658,10.157999992370605,0,0,824.0311279296875,77.6382552,12.9782399
1769156192839415000,1944.5024150390625,0,0.3675031363964081,4.595757484436035,10.322999954223633,0,0,824.2861328125,77.6382549,12.9782407
1769156193839413500,1945.5024135742187,0,0.5019358992576599,4.6635260581970215,10.357000350952148,0,0,824.56689453125,77.6382554,12.9782407
1769156194839414800,1946.5024147949218,0,0.6415730118751526,4.830216407775879,10.694999694824219,0,0,824.6983642578125,77.6382563,12.9782401
1769156195839409700,1947.5024096679688,0,0.6453141570091248,5.013584136962891,10.871000289916992,0,0,824.705078125,77.6382573,12.9782404
1769156196839408000,1948.502408203125,0,0.6482006311416626,5.037674903869629,11.10200023651123,0,0,824.645751953125,77.6382579,12.9782406
1769156197839415800,1949.5024157714843,0,0.4151717722415924,5.004892826080322,11.402000427246094,0,0,824.669921875,77.6382585,12.9782399
1769156198839411200,1950.5024111328125,0,0.3655078709125519,4.831878185272217,11.28600025177002,0,0,824.47705078125,77.6382578,12.9782394
1769156199839409400,1951.502409423828,0,0.4415176510810852,4.660123348236084,11.312000274658203,0,0,824.47998046875,77.6382577,12.9782391
1769156200839406300,1952.50240625,0,0.5274558067321777,4.567124366760254,11.218999862670898,0,0,824.5426025390625,77.6382576,12.9782388
1769156201839408600,1953.5024086914063,0,0.48684725165367126,4.534951210021973,10.84000015258789,0,0,824.03759765625,77.6382566,12.9782397
1769156202839406600,1954.5024064941406,0,0.7687865495681763,4.895362377166748,10.819999694824219,0,0,824.09130859375,77.6382565,12.9782403
1769156203839409400,1955.502409423828,0,0.7093621492385864,5.15200662612915,10.708000183105469,0,0,824.3602294921875,77.638257,12.9782398
1769156204839407000,1956.502406982422,0,0.8126822113990784,5.480307579040527,10.782999992370605,0,0,824.4403076171875,77.6382573,12.9782395
1769156205839412500,1957.5024125976563,0,1.1278977394104004,5.431128025054932,10.942000389099121,0,0,824.4327392578125,77.6382576,12.9782392
1769156206839414500,1958.5024145507812,24.761871337890625,1.4201349020004272,5.201639652252197,11.131999969482422,3.619999885559082,92,824.837890625,77.6382988,12.9782409
1769156207839413000,1959.5024130859374,26.520156860351562,1.5828831195831299,5.112182140350342,11.32800006866455,3.740000009536743,92,824.523681640625,77.6383473,12.9782414
1769156208839408600,1960.5024086914063,19.24397850036621,1.4909745454788208,5.0463433265686035,11.38700008392334,4.960000038146973,92,824.8671875,77.6384056,12.9782415
1769156209839407900,1961.5024079589843,20.783123016357422,1.660315752029419,5.108689785003662,11.60099983215332,5.090000152587891,84,824.294189453125,77.6385418,12.9782774
1769156210839410200,1962.50241015625,18.19574737548828,1.7922050952911377,5.2500433921813965,11.63700008392334,6.320000171661377,93,824.19921875,77.6386616,12.9782583
1769156211839410400,1963.5024104003905,19.483638763427734,1.6768981218338013,5.4767560958862305,11.718999862670898,5.5,85,825.19677734375,77.6387195,12.9782915
1769156212839415000,1964.5024150390625,14.954562187194824,1.6882508993148804,5.78215217590332,11.782999992370605,7.28000020980835,77,822.78564453125,77.6388566,12.9783189
1769156213839415300,1965.5024152832032,7.1522345542907715,1.3344752788543701,5.937588691711426,11.670999526977539,7.869999885559082,90,817.931640625,77.6391345,12.9782873
1769156214839412500,1966.5024125976563,8.554047584533691,1.3345715999603271,5.036488056182861,11.368000030517578,8.3100004196167,89,818.4271240234375,77.6392989,12.9782778
1769156215839406000,1967.5024060058595,7.4220781326293945,0.957643449306488,4.422346115112305,11.128999710083008,8.350000381469727,88,819.180908203125,77.6393738,12.9783023
1769156216839409700,1968.5024096679688,7.368654727935791,0.9497813582420349,3.980207920074463,10.815999984741211,8.34000015258789,88,819.23876953125,77.6394519,12.9783123
1769156217839407600,1969.5024077148437,7.298331260681152,0.9444808959960938,3.642472743988037,10.49899959564209,8.25,87,818.812744140625,77.6395395,12.978317
1769156218839406300,1970.50240625,6.860953330993652,0.9422168731689453,3.4293346405029297,10.178999900817871,8.210000038146973,86,820.2215576171875,77.6396142,12.9783181
1769156219839405800,1971.5024057617188,6.497734069824219,0.9408314228057861,3.220247983932495,9.982000350952148,8.279999732971191,85,820.10009765625,77.6396914,12.9783273
1769156220839415600,1972.5024155273438,6.289198398590088,0.9412721991539001,2.8175151348114014,9.9350004196167,8.289999961853027,81,820.612060546875,77.6397826,12.9783349
1769156221839406300,1973.50240625,6.057589530944824,0.9411768317222595,2.730192184448242,9.9350004196167,8.380000114440918,78,820.8245849609375,77.639864,12.9783516
1769156222839406800,1974.5024067382813,5.90862512588501,0.9429852962493896,2.674724817276001,9.9350004196167,8.390000343322754,73,820.516845703125,77.6399458,12.9783694
1769156223839412500,1975.5024125976563,5.777224540710449,0.9978963732719421,2.6359405517578125,9.9350004196167,8.470000267028809,69,820.73876953125,77.64002,12.9783908
1769156224839407900,1976.5024079589843,5.633627891540527,0.9445026516914368,2.5070760250091553,9.9350004196167,8.369999885559082,64,820.435546875,77.6400958,12.9784167
1769156225839412000,1977.5024118652343,5.482157230377197,0.9423417448997498,2.5,9.9350004196167,8.4399995803833,60,820.879638671875,77.6401708,12.9784467
1769156226839414000,1978.5024140625,5.355384826660156,0.947154700756073,2.5,9.9350004196167,8.4399995803833,55,820.950927734375,77.6402448,12.978483
1769156227839406800,1979.5024067382813,5.226985454559326,0.9402089715003967,2.5,9.9350004196167,8.390000343322754,51,821.825439453125,77.6403096,12.978523
1769156228839410700,1980.5024106445312,5.121850490570068,0.9442628026008606,2.5,9.9350004196167,8.420000076293945,46,822.021240234375,77.6403671,12.9785755
1769156229839406800,1981.5024067382813,4.983244895935059,0.9414278864860535,2.5,9.9350004196167,8.5,42,822.169677734375,77.6404303,12.9786308
1769156230839410200,1982.50241015625,4.859180927276611,0.9402920603752136,2.5,9.9350004196167,8.529999732971191,38,822.271240234375,77.6404927,12.9786896
1769156231839411700,1983.5024116210936,4.749067783355713,0.9427191615104675,2.5,9.9350004196167,8.5,35,821.877197265625,77.6405473,12.97875
1769156232839409000,1984.5024089355468,4.682090759277344,0.9409197568893433,2.5,9.9350004196167,8.229999542236328,30,821.54931640625,77.6405945,12.9788064
1769156233839414000,1985.5024140625,4.601963520050049,0.9441393613815308,2.5,9.9350004196167,8.180000305175781,27,821.623779296875,77.6406336,12.9788676
1769156234839415600,1986.5024155273438,4.515791893005371,0.9500063061714172,2.5,9.9350004196167,8.359999656677246,23,821.685791015625,77.6406697,12.9789344
1769156235839408600,1987.5024086914063,4.455173015594482,1.034281849861145,2.5,9.9350004196167,8.180000305175781,19,822.267578125,77.6407006,12.9789973
1769156236839413000,1988.5024130859374,4.3473100662231445,0.9390557408332825,2.5,9.9350004196167,8.449999809265137,15,821.8265380859375,77.6407258,12.9790733
1769156237839409400,1989.502409423828,4.276833534240723,0.9398316740989685,2.5,9.9350004196167,8.350000381469727,11,821.716552734375,77.640749,12.9791459
1769156238839413800,1990.5024138183594,4.204614639282227,0.9361183047294617,2.5,9.9350004196167,8.319999694824219,7,821.666015625,77.6407692,12.9792149
1769156239839406600,1991.5024064941406,4.151540756225586,0.9369469285011292,2.5,9.9350004196167,8.25,3,821.75927734375,77.6407832,12.9792892
1769156240839414300,1992.5024143066407,4.0880446434021,0.9397249817848206,2.5,9.9350004196167,8.350000381469727,359,821.1915283203125,77.6407838,12.9793594
1769156241839415800,1993.5024157714843,4.01443338394165,0.9380807876586914,2.5,9.9350004196167,8.430000305175781,355,820.459228515625,77.6407894,12.9794389
1769156242839413500,1994.5024135742187,3.932209014892578,0.9390195608139038,2.5,9.9350004196167,8.510000228881836,353,820.601806640625,77.6407907,12.9795149
1769156243839409400,1995.502409423828,3.8553361892700195,0.9395836591720581,2.5,9.9350004196167,8.399999618530273,351,820.6767578125,77.6407888,12.9795897
1769156244839410000,1996.5024099121094,3.947695255279541,1.0186835527420044,2.5,9.9350004196167,8.029999732971191,0,820.410400390625,77.6407864,12.9796611
1769156245839411700,1997.5024116210936,3.9883458614349365,0.9768137335777283,2.5,9.9350004196167,7.849999904632568,350,819.81298828125,77.6407798,12.9797332
1769156246839413500,1998.5024135742187,3.8801958560943604,0.9300643801689148,2.5,9.9350004196167,8.279999732971191,349,820.022705078125,77.6407763,12.9798099
1769156247839413200,1999.502413330078,3.830745220184326,0.9410494565963745,2.5,9.9350004196167,8.380000114440918,351,819.7940673828125,77.6407742,12.9798849
1769156248839414500,2000.5024145507812,3.7212846279144287,0.9250507354736328,2.5,9.9350004196167,8.4399995803833,352,819.4375,77.6407674,12.9799668
1769156249839407400,2001.502407470703,3.6379520893096924,0.9262027144432068,2.5,9.9350004196167,8.359999656677246,352,819.68017578125,77.6407668,12.9800474
1769156250839414300,2002.5024143066407,3.554786443710327,0.9247115850448608,2.5,9.9350004196167,8.359999656677246,352,819.7286376953125,77.6407608,12.9801226
1769156251839410700,2003.5024106445312,3.4704270362854004,0.9245215058326721,2.5,9.9350004196167,8.470000267028809,352,819.5751953125,77.6407587,12.9802016
1769156252839411700,2004.5024116210936,3.369230270385742,0.9258362054824829,2.5,9.9350004196167,8.899999618530273,353,819.512939453125,77.6407554,12.9802783
1769156253839409400,2005.502409423828,3.2279598712921143,0.9252990484237671,2.5,9.9350004196167,9.770000457763672,353,819.068115234375,77.6407523,12.98037
1769156254839416000,2006.502416015625,3.087024688720703,0.926677942276001,2.5,9.9350004196167,10.479999542236328,354,818.7783203125,77.6407479,12.9804675
1769156255839409400,2007.502409423828,2.9733331203460693,0.9258539080619812,2.5,9.9350004196167,10.720000267028809,354,818.6026611328125,77.6407485,12.9805671
1769156256839411500,2008.5024113769532,2.8839962482452393,0.9245936870574951,2.5,9.9350004196167,10.640000343322754,355,819.01220703125,77.6407465,12.9806609
1769156257839411200,2009.5024111328125,2.8235974311828613,0.9238444566726685,2.5,9.9350004196167,10.279999732971191,355,818.4814453125,77.6407396,12.9807522
1769156258839414300,2010.5024143066407,2.7868399620056152,0.9254257082939148,2.5,9.9350004196167,9.960000038146973,355,818.81396484375,77.6407323,12.9808414
1769156259839408000,2011.502408203125,2.7570712566375732,0.9236211776733398,2.5,9.9350004196167,9.670000076293945,355,818.915771484375,77.6407269,12.9809278
1769156260839412000,2012.5024118652343,2.739480972290039,0.9267880916595459,2.5,9.9350004196167,9.380000114440918,355,818.75439453125,77.6407195,12.9810167
1769156261839414800,2013.5024147949218,2.7265255451202393,0.9227830171585083,2.5,9.9350004196167,9.069999694824219,355,819.094970703125,77.6407173,12.9810992
1769156262839411200,2014.5024111328125,2.7236697673797607,0.9236236810684204,2.5,9.9350004196167,8.779999732971191,355,819.2593994140625,77.6407124,12.9811759
1769156263839406300,2015.50240625,2.7262611389160156,0.9229283332824707,2.5,9.9350004196167,8.520000457763672,355,818.877685546875,77.6407074,12.9812524
1769156264839410000,2016.5024099121094,2.730252265930176,0.9210837483406067,2.5,9.9350004196167,8.329999923706055,355,818.912353515625,77.640702,12.9813247
1769156265839415600,2017.5024155273438,2.734612226486206,0.92295241355896,2.5,9.9350004196167,8.270000457763672,355,818.883056640625,77.6406994,12.9814046
1769156266839409700,2018.5024096679688,2.737900972366333,0.9219239950180054,2.5,9.9350004196167,8.289999961853027,355,818.778076171875,77.6406969,12.9814768
1769156267839415000,2019.5024150390625,2.740044355392456,0.9210870862007141,2.5,9.9350004196167,8.279999732971191,355,819.0611572265625,77.6406921,12.9815498
1769156268839408000,2020.502408203125,2.7426679134368896,0.921113908290863,2.5,9.9350004196167,8.270000457763672,355,819.061767578125,77.6406948,12.9816305
1769156269839411000,2021.5024108886719,2.7459754943847656,0.9218248724937439,2.5,9.9350004196167,8.239999771118164,355,819.006591796875,77.640697,12.9817067
1769156270839415800,2022.5024157714843,2.749654769897461,0.9219617247581482,2.5,9.9350004196167,8.210000038146973,356,818.640380859375,77.6406964,12.9817768
1769156271839407400,2023.502407470703,2.7539560794830322,0.9219989776611328,2.5,9.9350004196167,8.149999618530273,356,818.1326904296875,77.6406911,12.9818513
1769156272839410400,2024.5024104003905,2.7587015628814697,0.9212689995765686,2.5,9.9350004196167,8.100000381469727,356,818.560302734375,77.6406875,12.9819235
1769156273839412500,2025.5024125976563,2.7644970417022705,0.9221572875976562,2.5,9.9350004196167,8.100000381469727,356,818.4942626953125,77.640678,12.9820006
1769156274839412500,2026.5024125976563,2.765712261199951,0.9220401048660278,2.5,9.9350004196167,8.180000305175781,356,818.9373779296875,77.640674,12.9820746
1769156275839407400,2027.502407470703,2.76431941986084,0.9226919412612915,2.5,9.9350004196167,8.270000457763672,356,819.3231201171875,77.640671,12.9821524
1769156276839414500,2028.5024145507812,2.762711524963379,0.9219533801078796,2.5,9.9350004196167,8.350000381469727,356,819.382080078125,77.640667,12.9822291
1769156277839409000,2029.5024089355468,2.763909101486206,0.9231054782867432,2.5,9.9350004196167,8.289999961853027,355,819.6239013671875,77.640665,12.9823011
1769156278839408400,2030.5024084472657,2.7691636085510254,0.9221002459526062,2.5,9.9350004196167,8.15999984741211,355,819.603759765625,77.6406627,12.9823778
1769156279839414500,2031.5024145507812,2.768000364303589,0.9208572506904602,2.5,9.9350004196167,8.199999809265137,355,819.3809814453125,77.6406568,12.9824563
1769156280839410200,2032.50241015625,2.7668731212615967,0.9216315746307373,2.5,9.9350004196167,8.270000457763672,356,819.610595703125,77.6406502,12.9825289
1769156281839410400,2033.5024104003905,2.7649569511413574,0.9221796989440918,2.5,9.9350004196167,8.34000015258789,356,819.9993896484375,77.6406422,12.9826001
1769156282839415600,2034.5024155273438,2.7618048191070557,0.9225953817367554,2.5,9.9350004196167,8.369999885559082,356,819.9892578125,77.6406373,12.9826757
1769156283839407000,2035.502406982422,2.7629334926605225,0.9223819971084595,2.5,9.9350004196167,8.260000228881836,356,820.181396484375,77.6406333,12.9827507
1769156284839407600,2036.5024077148437,2.7606678009033203,0.9216189384460449,2.5,9.9350004196167,8.279999732971191,356,820.6143798828125,77.640627,12.9828215
1769156285839411500,2037.5024113769532,2.758397102355957,0.9225104451179504,2.5,9.9350004196167,8.34000015258789,356,820.7022705078125,77.6406212,12.9828981
1769156286839413000,2038.5024130859374,2.753262519836426,0.9213394522666931,2.5,9.9350004196167,8.390000343322754,356,820.7213134765625,77.6406155,12.9829738
1769156287839412000,2039.5024118652343,2.7529094219207764,0.9248821139335632,2.5,9.9350004196167,8.40999984741211,356,821.04052734375,77.6406107,12.9830512
1769156288839415000,2040.5024150390625,2.7491233348846436,0.9214816689491272,2.5,9.9350004196167,8.329999923706055,356,821.377197265625,77.6406066,12.9831244
1769156289839407000,2041.502406982422,2.7496373653411865,0.9222849607467651,2.5,9.9350004196167,8.260000228881836,356,821.60595703125,77.6406018,12.9831963
1769156290839407400,2042.502407470703,2.7454006671905518,0.9217477440834045,2.5,9.9350004196167,8.329999923706055,357,821.77294921875,77.6405966,12.9832738
1769156291839406000,2043.5024060058595,2.744072675704956,0.9227508902549744,2.5,9.9350004196167,8.350000381469727,357,821.9686279296875,77.6405931,12.983352
1769156292839407600,2044.5024077148437,2.7500710487365723,0.9250087141990662,2.5,9.9350004196167,8.350000381469727,359,822.478515625,77.6405938,12.9834265
1769156293839410000,2045.5024099121094,2.761209726333618,0.9284756779670715,2.5,9.9350004196167,8.329999923706055,1,822.23388671875,77.6406003,12.9835032
1769156294839412500,2046.5024125976563,2.772343158721924,0.9303728938102722,2.5,9.9350004196167,8.380000114440918,5,822.2545166015625,77.6406086,12.9835797
1769156295839412000,2047.5024118652343,2.7914865016937256,0.937277615070343,2.5,9.9350004196167,8.220000267028809,8,822.12109375,77.6406221,12.9836543
1769156296839406300,2048.50240625,2.8137989044189453,0.9319503903388977,2.5,9.9350004196167,8.3100004196167,13,821.7568359375,77.6406406,12.9837271
1769156297839413500,2049.5024135742187,2.830566883087158,0.932968020439148,2.5,9.9350004196167,8.239999771118164,17,821.8447265625,77.640663,12.9838012
1769156298839411200,2050.5024111328125,2.848384380340576,0.9351528286933899,2.5,9.9350004196167,8.229999542236328,21,822.3603515625,77.640695,12.9838701
1769156299839415300,2051.502415283203,2.8587164878845215,0.9340214729309082,2.5,9.9350004196167,8.319999694824219,25,822.14404296875,77.640726,12.9839338
1769156300839408000,2052.502408203125,2.869046926498413,0.9331643581390381,2.5,9.9350004196167,8.289999961853027,29,821.867919921875,77.6407606,12.9839972
1769156301839406000,2053.5024060058595,2.8780629634857178,0.9349119663238525,2.5,9.9350004196167,8.329999923706055,33,821.877685546875,77.6408024,12.9840621
1769156302839414800,2054.502414794922,2.8930227756500244,0.9338938593864441,2.5,9.9350004196167,8.270000457763672,37,822.246337890625,77.640848,12.9841191
1769156303839413200,2055.502413330078,2.9647841453552246,1.181247353553772,2.5,9.9350004196167,8.220000267028809,41,822.4639892578125,77.6408952,12.9841762
1769156304839414300,2056.5024143066407,2.9213054180145264,0.9346979856491089,2.5,9.9350004196167,8.3100004196167,45,823.4493408203125,77.6409528,12.984236
1769156305839409200,2057.5024091796877,2.9306070804595947,0.9348412752151489,2.5,9.9350004196167,8.229999542236328,49,823.50048828125,77.64101,12.9842878
1769156306839412500,2058.502412597656,2.9358129501342773,0.9340953230857849,2.5,9.9350004196167,8.3100004196167,53,823.75341796875,77.6410684,12.984331
1769156307839407000,2059.5024069824217,2.947469472885132,0.9366728663444519,2.5,9.9350004196167,8.270000457763672,58,824.49365234375,77.6411274,12.984374
1769156308839411000,2060.502410888672,2.9504573345184326,0.9363110065460205,4.826740741729736,9.9350004196167,8.25,61,829.5,77.6411979,12.9844088
1769156309839413800,2061.5024138183594,2.949862003326416,0.9315947890281677,4.836740970611572,9.9350004196167,8.319999694824219,65,829.5,77.6412708,12.984446
1769156310839412700,2062.5024128417967,2.948129177093506,0.9304381608963013,4.846741199493408,9.9350004196167,8.319999694824219,68,829.5,77.6413391,12.9844794
1769156311839413200,2063.502413330078,2.9393093585968018,0.9267083406448364,4.856740951538086,9.9350004196167,8.34000015258789,70,829.5,77.6414061,12.9845075
1769156312839411700,2064.502411621094,2.9272003173828125,0.9252114295959473,4.866741180419922,9.9350004196167,8.329999923706055,71,829.5,77.6414768,12.9845359
1769156313839406600,2065.502406494141,2.907804489135742,0.9234524369239807,4.8767409324646,9.9350004196167,8.350000381469727,72,829.5,77.6415495,12.9845644
1769156314839406000,2066.5024060058595,2.9437825679779053,1.1840084791183472,4.886740684509277,9.9350004196167,8.470000267028809,72,829.5,77.6416231,12.9845934
1769156315839411500,2067.502411376953,2.8816730976104736,0.921928882598877,4.896740913391113,9.9350004196167,8.369999885559082,71,829.5,77.6416868,12.9846171
1769156316839412200,2068.502412109375,2.866281509399414,0.922541081905365,4.906741142272949,9.9350004196167,8.34000015258789,71,829.5,77.641759,12.9846474
1769156317839415300,2069.502415283203,2.8843674659729004,1.1539008617401123,4.916740894317627,9.9350004196167,8.279999732971191,71,829.5,77.6418311,12.9846743
1769156318839412000,2070.5024118652345,2.834648847579956,0.922906219959259,4.926741123199463,9.9350004196167,8.569999694824219,71,829.5,77.6419064,12.9847052
1769156319839412200,2071.502412109375,2.8400909900665283,1.1649473905563354,4.936740875244141,9.9350004196167,8.819999694824219,70,829.5,77.6419842,12.9847339
1769156320839409400,2072.5024094238283,2.747338056564331,0.9240150451660156,4.946741104125977,9.9350004196167,9.800000190734863,70,829.5,77.6420761,12.9847787
1769156321839413200,2073.502413330078,2.6821129322052,0.9261020421981812,4.956740856170654,9.9350004196167,10.359999656677246,70,829.5,77.6421682,12.9848194
1769156322839411000,2074.502410888672,2.6141676902770996,0.9282249808311462,4.96674108505249,9.9350004196167,10.850000381469727,70,829.5,77.6422641,12.9848566
1769156323839408600,2075.5024086914063,2.5408294200897217,0.926183819770813,4.976740837097168,9.9350004196167,11.390000343322754,69,829.5,77.642363,12.984898
1769156324839412000,2076.5024118652345,2.4715163707733154,0.9295886158943176,4.986741065979004,9.9350004196167,11.819999694824219,69,829.5,77.6424585,12.9849376
1769156325839411000,2077.502410888672,2.398597240447998,0.9274750351905823,4.996740818023682,9.9350004196167,12.300000190734863,69,829.5,77.6425696,12.9849792
1769156326839414000,2078.5024140625,2.3305180072784424,0.9259490966796875,5.006741046905518,9.9350004196167,12.65999984741211,69,829.5,77.6426791,12.9850219
1769156327839408000,2079.502408203125,2.2626569271087646,0.9266534447669983,5.016740798950195,9.9350004196167,13.140000343322754,69,829.5,77.6427903,12.9850656
1769156328839408400,2080.5024084472657,2.2081234455108643,0.9271553754806519,5.026741027832031,9.9350004196167,13.380000114440918,68,829.5,77.6428969,12.9851031
1769156329839414300,2081.5024143066407,2.1540989875793457,0.9256888628005981,5.036740779876709,9.9350004196167,13.699999809265137,68,829.5,77.6430142,12.9851551
1769156330839407900,2082.5024079589843,2.1011180877685547,0.9251919984817505,5.046741008758545,9.9350004196167,14.029999732971191,67,829.5,77.6431298,12.9852004
1769156331839414300,2083.5024143066407,2.0596272945404053,0.9260395169258118,5.056740760803223,9.9350004196167,14.069999694824219,67,829.5,77.6432512,12.9852559
1769156332839408400,2084.5024084472657,2.034444808959961,0.9255121350288391,5.066740989685059,9.9350004196167,13.800000190734863,67,829.5,77.6433641,12.9853052
1769156333839412200,2085.502412109375,2.0117783546447754,0.9240835905075073,5.076740741729736,9.9350004196167,13.529999732971191,67,829.5,77.6434822,12.9853551
1769156334839414300,2086.5024143066407,1.9953159093856812,0.9239619374275208,5.086740970611572,9.9350004196167,13.380000114440918,67,829.5,77.6435959,12.9854079
1769156335839406000,2087.5024060058595,1.9820805788040161,0.9228110909461975,5.09674072265625,9.9350004196167,13.25,67,829.5,77.6437068,12.9854554
1769156336839407900,2088.5024079589843,1.9726777076721191,0.9224721789360046,5.106740951538086,9.9350004196167,13.109999656677246,67,829.5,77.6438163,12.9855038
1769156337839414300,2089.5024143066407,1.98885977268219,0.9243205785751343,5.116741180419922,9.9350004196167,12.9399995803833,69,829.5,77.6439304,12.9855487
1769156338839406000,2090.5024060058595,2.0000641345977783,0.9245983362197876,5.1267409324646,9.9350004196167,12.279999732971191,69,829.5,77.6440352,12.9855898
1769156339839409400,2091.5024094238283,2.0239720344543457,0.9249897599220276,5.1367411613464355,9.9350004196167,11.40999984741211,70,829.5,77.6441305,12.9856298
1769156340839407400,2092.502407470703,2.0542683601379395,0.9216926693916321,5.146740913391113,9.9350004196167,10.59000015258789,70,829.5,77.6442247,12.9856601
1769156341839411200,2093.5024111328125,2.0908169746398926,0.921326756477356,5.156741142272949,9.9350004196167,9.8100004196167,70,829.5,77.6443041,12.9856957
1769156342839410200,2094.50241015625,2.1373701095581055,0.9278854131698608,5.166740894317627,9.9350004196167,9,70,829.5,77.6443788,12.9857254
1769156343839415300,2095.502415283203,2.2249271869659424,1.2457541227340698,5.176741123199463,9.9350004196167,8.449999809265137,69,829.5,77.6444511,12.9857536
1769156344839411700,2096.502411621094,2.3207459449768066,1.3478734493255615,5.186740875244141,9.970000267028809,7.309999942779541,70,829.5,77.6445066,12.9857735
1769156345839414000,2097.5024140625,2.4145185947418213,1.3819307088851929,5.196741104125977,10.083000183105469,6.300000190734863,70,829.5,77.6445551,12.9857892
1769156346839406600,2098.502406494141,2.4888036251068115,1.3250404596328735,5.206740856170654,10.168999671936035,5.489999771118164,75,829.5,77.6445965,12.9858004
1769156347839410400,2099.5024104003905,2.576214551925659,1.2581888437271118,5.21674108505249,10.354999542236328,4.070000171661377,74,829.5,77.6446136,12.9858133
1769156348839408600,2100.5024086914063,2.6824545860290527,1.3016375303268433,5.226740837097168,10.430999755859375,2.890000104904175,75,829.5,77.6446315,12.9858151
1769156349839415600,2101.5024155273436,2.793863534927368,1.3881189823150635,5.236741065979004,10.71500015258789,1.9500000476837158,76,829.5,77.6446447,12.9858179
1769156350839411700,2102.502411621094,2.9014477729797363,1.3661580085754395,5.246740818023682,10.788999557495117,1.7400000095367432,77,829.5,77.6446538,12.9858136
1769156351839406300,2103.50240625,3.017180919647217,1.7494994401931763,5.256741046905518,10.967000007629395,1.8300000429153442,81,829.5,77.6446752,12.9858136
1769156352839409200,2104.5024091796877,3.1340200901031494,1.913303017616272,5.266740798950195,11.258999824523926,1.940000057220459,86,829.5,77.6446965,12.9858222
1769156353839408400,2105.5024084472657,3.2501063346862793,1.6794164180755615,5.276741027832031,11.555999755859375,1.409999966621399,86,829.5,77.6447039,12.9858136
1769156354839409200,2106.5024091796877,3.3670568466186523,1.3896753787994385,5.286740779876709,11.786999702453613,0.9100000262260437,87,829.5,77.6447183,12.9858033
1769156355839414300,2107.5024143066407,3.4891014099121094,1.3094987869262695,5.296741008758545,12.121000289916992,0.550000011920929,86,829.5,77.6447294,12.9858089
1769156356839412500,2108.502412597656,3.613072395324707,1.2725611925125122,5.306740760803223,12.114999771118164,0.36000001430511475,86,829.5,77.644736,12.9858155
1769156357839412700,2109.5024128417967,0,0.48501884937286377,15.969484329223633,11.906999588012695,0,0,855,77.6447106,12.9858177
1769156358839407400,2110.502407470703,0,0.32820430397987366,15.979484558105469,11.835000038146973,0,0,855,77.6446992,12.9858162
1769156359839413000,2111.5024130859374,0,0.3043302595615387,15.989484786987305,11.586000442504883,0,0,855,77.6446932,12.9858146
1769156360839412200,2112.502412109375,0,0.5898611545562744,15.99948501586914,11.538000106811523,0,0,855,77.6446925,12.9858105
1769156361839410000,2113.502409912109,0,0.3156975209712982,16.009485244750977,11.432000160217285,0,0,855,77.64469,12.9858091
1769156362839411500,2114.502411376953,0,0.3077147901058197,16.019485473632812,11.397000312805176,0,0,855,77.6446887,12.985808
1769156363839407600,2115.5024077148437,0,0.2930881977081299,16.029483795166016,11.354999542236328,0,0,855,77.6446879,12.9858068
1769156364839411000,2116.502410888672,0,0.5260211825370789,7.511611461639404,11.307999610900879,0,0,850.5999755859375,77.6446849,12.9858071
1769156365839406000,2117.5024060058595,0,0.19871170818805695,7.521611213684082,11.246000289916992,0,0,850.5999755859375,77.6446815,12.9858078
1769156366839407000,2118.5024069824217,0,0.3750857412815094,7.531611442565918,11.248000144958496,0,0,850.5999755859375,77.644679,12.9858068
1769156367839406000,2119.5024060058595,0,0.5909393429756165,7.541611194610596,11.267999649047852,0,0,850.5999755859375,77.6446777,12.9858066
1769156368839415300,2120.502415283203,0,0.4177455008029938,7.551611423492432,11.392999649047852,0,0,850.5999755859375,77.644677,12.9858072
1769156369839415000,2121.5024150390627,0,0.6809821724891663,7.561611175537109,11.61299991607666,0,0,850.5999755859375,77.6446764,12.985808
1769156370839406300,2122.50240625,0,0.528010368347168,7.571611404418945,11.857999801635742,0,0,850.5999755859375,77.6446758,12.9858084
1769156371839407000,2123.5024069824217,0,0.5119504928588867,6.646766185760498,11.99899959564209,0,0,850.5999755859375,77.6446757,12.9858088
1769156372839407400,2124.502407470703,0,0.5005544424057007,6.656766414642334,12.411999702453613,0,0,850.5999755859375,77.644676,12.985809
1769156373839409400,2125.5024094238283,0,0.4409794807434082,6.666766166687012,12.47599983215332,0,0,850.5999755859375,77.6446764,12.9858095
1769156374839410000,2126.502409912109,0,0.5132178068161011,6.676766395568848,12.656000137329102,0,0,850.5999755859375,77.6446765,12.9858099
1769156375839409700,2127.5024096679685,0,0.574530303478241,6.686766147613525,12.927000045776367,0,0,850.5999755859375,77.6446762,12.9858103
1769156376839406300,2128.50240625,0,0.4699725806713104,6.696766376495361,13.020000457763672,0,0,850.5999755859375,77.6446762,12.9858108
1769156377839414300,2129.5024143066407,0,0.51486736536026,16.629528045654297,13.225000381469727,0,0,829.5,77.6446762,12.985811
1769156378839414800,2130.502414794922,0,0.6470375657081604,16.639528274536133,13.390999794006348,0,0,829.5,77.6446764,12.9858112
1769156379839409700,2131.5024096679685,0,0.6835744976997375,16.64952850341797,13.458999633789062,0,0,829.5,77.6446763,12.9858111
1769156380839411500,2132.502411376953,0,0.8101075887680054,16.659528732299805,13.725000381469727,0,0,829.5,77.6446763,12.9858111
1769156381839415300,2133.502415283203,0,0.875274121761322,16.66952896118164,13.911999702453613,0,0,829.5,77.6446762,12.9858111
1769156382839414000,2134.5024140625,0,0.9329290986061096,16.679527282714844,14.059000015258789,0,0,829.5,77.6446761,12.9858111
1769156383839412000,2135.5024118652345,0,1.0006003379821777,16.68952751159668,14.347000122070312,0,0,829.5,77.6446761,12.9858111
1769156384839416000,2136.502416015625,0,1.0391502380371094,33.988338470458984,14.87600040435791,0,0,850.5999755859375,77.6446761,12.9858112
1769156385839413000,2137.5024130859374,0,1.04646635055542,33.99833679199219,15.246999740600586,0,0,850.5999755859375,77.6446761,12.9858113
1769156386839412000,2138.5024118652345,0,1.0648599863052368,34.008338928222656,15.461000442504883,0,0,850.5999755859375,77.6446762,12.9858112
1769156387839407400,2139.502407470703,0,1.0543135404586792,34.01833724975586,15.812000274658203,0,0,850.5999755859375,77.6446766,12.9858113
1769156388839409700,2140.5024096679685,36.701839447021484,3.858398914337158,34.02833938598633,16.131999969482422,6.309999942779541,61,850.5999755859375,77.6449307,12.9859112
1769156389839407400,2141.502407470703,5.625227451324463,2.7563586235046387,34.03833770751953,15.77299976348877,14.600000381469727,70,850.5999755859375,77.6453135,12.9861533
1769156390839415000,2142.5024150390627,4.122591972351074,1.3240206241607666,34.048336029052734,14.744000434875488,15.300000190734863,68,850.5999755859375,77.6457403,12.986272
1769156391839408400,2143.5024084472657,3.985788583755493,1.0476453304290771,15.4837007522583,14.064000129699707,14.819999694824219,68,839.5,77.6458733,12.9863272
1769156392839406000,2144.5024060058595,4.0789666175842285,1.0700409412384033,15.493700981140137,13.043000221252441,13.760000228881836,70,839.5,77.6460196,12.9863803
1769156393839414500,2145.5024145507814,4.615270137786865,1.4023847579956055,15.503701210021973,11.069000244140625,13.75,69,839.5,77.646133,12.9864216
1769156394839406600,2146.502406494141,4.638972282409668,1.858371376991272,15.513700485229492,10.958000183105469,13.8100004196167,68,839.5,77.6462547,12.986464
1769156395839409000,2147.502408935547,6.282801151275635,2.625291585922241,15.523700714111328,10.522000312805176,13.989999771118164,69,839.5,77.6463819,12.9865025
1769156396839412200,2148.502412109375,5.376405239105225,2.781090021133423,15.533700942993164,10.53499984741211,13.539999961853027,69,839.5,77.6464911,12.9865434
1769156397839408400,2149.5024084472657,6.520830154418945,2.974294662475586,15.543701171875,10.668000221252441,13.920000076293945,68,839.5,77.6466159,12.9865982
1769156398839413000,2150.5024130859374,5.932041645050049,2.7222437858581543,15.55370044708252,10.704999923706055,13,69,839.5,77.6467123,12.9866166
1769156399839406800,2151.502406738281,5.564752578735352,2.1081109046936035,15.563700675964355,10.843999862670898,12.59000015258789,68,839.5,77.646804,12.9866617
1769156400839413000,2152.5024130859374,6.323896884918213,2.3413829803466797,15.573700904846191,10.91100025177002,12.34000015258789,68,839.5,77.6468882,12.9867191
1769156401839411200,2153.5024111328125,6.819173812866211,1.617738962173462,15.583701133728027,10.977999687194824,12.1899995803833,68,839.5,77.6469814,12.9867677
1769156402839409200,2154.5024091796877,5.09682559967041,1.1127660274505615,15.593700408935547,10.940999984741211,11.75,68,839.5,77.6470643,12.9868089
1769156403839409400,2155.5024094238283,7.22959566116333,1.3700075149536133,15.603700637817383,10.942999839782715,11.329999923706055,67,839.5,77.6471535,12.9868516
1769156404839414000,2156.5024140625,7.376208305358887,1.267533540725708,15.613700866699219,11.017999649047852,10.789999961853027,67,839.5,77.6472293,12.9868966
1769156405839406600,2157.502406494141,6.538248062133789,1.1601183414459229,15.623701095581055,11.01099967956543,10.489999771118164,66,839.5,77.6473118,12.9869474
1769156406839415300,2158.502415283203,6.115813255310059,1.2397314310073853,15.633700370788574,10.970999717712402,10.619999885559082,67,839.5,77.6473997,12.986973
1769156407839409200,2159.5024091796877,6.429757595062256,1.1793345212936401,15.64370059967041,11,8.739999771118164,64,839.5,77.6474596,12.9870214
1769156408839409000,2160.502408935547,6.905764579772949,1.3864030838012695,15.653700828552246,11.048999786376953,9.1899995803833,66,839.5,77.6475487,12.9870516
1769156409839406600,2161.502406494141,7.2326979637146,1.3624141216278076,15.663701057434082,11.144000053405762,7.809999942779541,64,839.5,77.6476092,12.9870806
1769156410839412500,2162.502412597656,6.985664367675781,1.3115715980529785,15.673700332641602,11.281000137329102,7.940000057220459,60,839.5,77.6476836,12.987126
1769156411839410400,2163.5024104003905,6.56067419052124,1.1115878820419312,15.683700561523438,11.288000106811523,7.550000190734863,55,839.5,77.6477514,12.9871833
1769156412839409400,2164.5024094238283,6.166616439819336,1.1119276285171509,15.693700790405273,11.383000373840332,7.960000038146973,53,839.5,77.6478217,12.9872226
1769156413839413000,2165.5024130859374,6.22328519821167,1.114007830619812,15.70370101928711,11.381999969482422,7.340000152587891,50,839.5,77.647885,12.9872607
1769156414839412000,2166.5024118652345,6.221712112426758,1.2678260803222656,15.713701248168945,11.388999938964844,7.949999809265137,48,839.5,77.6479466,12.987322
1769156415839411700,2167.502411621094,5.958430290222168,1.247317910194397,15.723700523376465,11.4399995803833,8.279999732971191,44,839.5,77.6480003,12.9873919
1769156416839406000,2168.5024060058595,5.6008710861206055,1.1992663145065308,15.7337007522583,11.461000442504883,8.75,41,839.5,77.648071,12.9874624
1769156417839415000,2169.5024150390627,5.6935553550720215,1.459096908569336,15.743700981140137,11.631999969482422,8.720000267028809,40,839.5,77.6481239,12.9875172
1769156418839408400,2170.5024084472657,5.061558723449707,1.071044683456421,15.753701210021973,11.579999923706055,8.239999771118164,36,839.5,77.6481678,12.9875811
1769156419839407400,2171.502407470703,5.187414169311523,1.4643499851226807,15.763700485229492,11.619999885559082,8.180000305175781,34,839.5,77.6482135,12.9876368
1769156420839407600,2172.5024077148437,4.9115071296691895,1.3225600719451904,15.773700714111328,11.645999908447266,8.479999542236328,30,839.5,77.6482503,12.9877131
1769156421839407400,2173.502407470703,4.72627067565918,1.1965121030807495,15.783700942993164,11.635000228881836,8.4399995803833,28,839.5,77.6482841,12.9877674
1769156422839408400,2174.5024084472657,4.607419013977051,1.1761788129806519,15.793701171875,11.652000427246094,8.5600004196167,25,839.5,77.6483192,12.987825
1769156423839410400,2175.5024104003905,4.449419021606445,1.1444510221481323,15.80370044708252,11.673999786376953,8.630000114440918,22,839.5,77.6483502,12.987899
1769156424839414300,2176.5024143066407,4.306094169616699,1.115983247756958,15.813700675964355,11.697999954223633,8.699999809265137,19,839.5,77.6483834,12.9879827
1769156425839412500,2177.502412597656,4.286276340484619,1.2572883367538452,15.823700904846191,11.6899995803833,8.489999771118164,18,839.5,77.6484145,12.9880578
1769156426839406000,2178.5024060058595,4.3027544021606445,1.5067676305770874,15.833701133728027,11.706000328063965,8.279999732971191,16,839.5,77.6484383,12.9881251
1769156427839414000,2179.5024140625,4.214573383331299,1.2948660850524902,15.843700408935547,11.66100025177002,8.270000457763672,15,839.5,77.6484458,12.9881897
1769156428839409400,2180.5024094238283,3.987089157104492,1.1302975416183472,15.853700637817383,11.555999755859375,8.3100004196167,14,839.5,77.6484642,12.9882703
1769156429839410000,2181.502409912109,4.1012420654296875,1.4861992597579956,15.863700866699219,11.463000297546387,8.350000381469727,14,839.5,77.6484799,12.9883405
1769156430839407400,2182.502407470703,4.097297191619873,1.5615993738174438,15.873701095581055,11.383000373840332,8.6899995803833,14,839.5,77.648501,12.9884213
1769156431839413000,2183.5024130859374,4.090789794921875,1.551361083984375,15.883700370788574,11.206000328063965,8.170000076293945,14,839.5,77.648518,12.9884701
1769156432839414000,2184.5024140625,4.077703952789307,1.2521889209747314,15.89370059967041,11.154000282287598,8.210000038146973,15,839.5,77.6485556,12.9885406
1769156433839415300,2185.502415283203,3.868563652038574,1.397704005241394,15.903700828552246,11.065999984741211,8.3100004196167,16,839.5,77.6485974,12.9886168
1769156434839411200,2186.5024111328125,3.9032139778137207,1.5719518661499023,15.913701057434082,11.071000099182129,8.510000228881836,17,839.5,77.6486244,12.9887009
1769156435839411200,2187.5024111328125,3.8874990940093994,1.625653624534607,15.923700332641602,11.102999687194824,8.3100004196167,17,839.5,77.6486466,12.988774
1769156436839408400,2188.5024084472657,3.710399627685547,1.156725525856018,15.933700561523438,11.001999855041504,8.020000457763672,16,839.5,77.6486549,12.9888317
1769156437839414500,2189.5024145507814,3.615999460220337,1.2953499555587769,15.943700790405273,10.88700008392334,8.09000015258789,17,839.5,77.6486806,12.9889103
1769156438839408600,2190.5024086914063,3.4247231483459473,1.0464602708816528,15.95370101928711,10.779999732971191,8.579999923706055,17,839.5,77.6487047,12.9890284
1769156439839413500,2191.5024135742187,3.409006118774414,1.1334885358810425,15.963701248168945,10.543000221252441,8.149999618530273,19,839.5,77.6487224,12.9890973
1769156440839414300,2192.5024143066407,3.4123404026031494,1.0914301872253418,15.973700523376465,10.288000106811523,8.140000343322754,21,839.5,77.6487556,12.9891631
1769156441839411700,2193.502411621094,3.48360276222229,1.187408685684204,15.9837007522583,10.196999549865723,8.680000305175781,23,839.5,77.6487889,12.9892299
1769156442839415000,2194.5024150390627,3.587862014770508,1.452513575553894,15.993700981140137,10.168000221252441,8.569999694824219,26,839.5,77.6488182,12.9893006
1769156443839408000,2195.502408203125,3.5384645462036133,1.1158976554870605,16.003700256347656,10.177000045776367,7.900000095367432,30,839.5,77.6488522,12.9893465
1769156444839415300,2196.502415283203,3.584113121032715,1.1675721406936646,16.013700485229492,10.220000267028809,7.809999942779541,33,839.5,77.6488953,12.9894207
1769156445839415300,2197.502415283203,3.68219256401062,1.4905061721801758,16.023700714111328,10.359999656677246,7.340000152587891,36,839.5,77.6489155,12.9894653
1769156446839411700,2198.502411621094,3.7638845443725586,1.653287410736084,16.033700942993164,10.506999969482422,8.25,39,839.5,77.6489718,12.9895348
1769156447839414800,2199.502414794922,3.7239575386047363,1.2919186353683472,16.043701171875,10.71500015258789,8.680000305175781,44,839.5,77.6490406,12.989587
1769156448839411700,2200.502411621094,3.517505168914795,1.1643317937850952,16.053701400756836,10.897000312805176,8.130000114440918,45,839.5,77.6490513,12.9896437
1769156449839412200,2201.502412109375,3.3932411670684814,1.1604176759719849,16.063701629638672,10.86400032043457,8.239999771118164,49,839.5,77.649118,12.9896912
1769156450839410700,2202.502410644531,3.330859899520874,1.1084744930267334,16.073699951171875,10.883000373840332,8.25,52,839.5,77.6491695,12.9897429
1769156451839410200,2203.50241015625,3.3475844860076904,1.4229680299758911,16.08370018005371,10.857000350952148,8.029999732971191,56,839.5,77.6492359,12.9897642
1769156452839414500,2204.5024145507814,3.323495626449585,1.4604694843292236,16.093700408935547,10.751999855041504,7.519999980926514,59,839.5,77.6492817,12.9897954
1769156453839413500,2205.5024135742187,3.340909242630005,1.6148362159729004,16.103700637817383,10.682999610900879,8.09000015258789,63,839.5,77.6493659,12.9898305
1769156454839409200,2206.5024091796877,3.272345781326294,1.0534627437591553,16.11370086669922,10.661999702453613,8.050000190734863,66,839.5,77.6494492,12.9898656
1769156455839407900,2207.5024079589843,3.231839179992676,1.091817021369934,16.123701095581055,10.638999938964844,8.260000228881836,70,839.5,77.6495388,12.9898888
1769156456839413200,2208.502413330078,3.186131238937378,1.0588258504867554,16.13370132446289,10.628000259399414,8.09000015258789,73,839.5,77.649622,12.9899157
1769156457839408400,2209.5024084472657,3.1630823612213135,1.0778605937957764,16.143701553344727,10.5649995803833,8.270000457763672,74,839.5,77.6497057,12.9899436
1769156458839405600,2210.502405517578,3.1948981285095215,1.4082648754119873,16.15369987487793,10.51200008392334,8.399999618530273,76,839.5,77.6497837,12.9899716
1769156459839406000,2211.5024060058595,3.1278464794158936,1.1574193239212036,16.163700103759766,10.42300033569336,8.420000076293945,77,839.5,77.6498597,12.9899926
1769156460839413000,2212.5024130859374,3.1126046180725098,1.3692206144332886,16.1737003326416,10.35200023651123,7.929999828338623,77,839.5,77.6499059,12.990004
1769156461839411200,2213.5024111328125,3.087620735168457,1.0987374782562256,16.183700561523438,10.343000411987305,8.15999984741211,78,839.5,77.6499763,12.9900286
1769156462839410000,2214.502409912109,3.0576751232147217,1.0318989753723145,16.193700790405273,10.364999771118164,8.079999923706055,77,839.5,77.6500465,12.9900459
1769156463839407400,2215.502407470703,3.0580942630767822,1.1142809391021729,16.20370101928711,10.414999961853027,7.989999771118164,78,839.5,77.6501127,12.9900586
1769156464839414300,2216.5024143066407,3.1054210662841797,1.396448016166687,16.213701248168945,10.46399974822998,7.929999828338623,77,839.5,77.6501856,12.9900816
1769156465839414000,2217.5024140625,3.1271681785583496,1.1973172426223755,16.22370147705078,10.51200008392334,8.180000305175781,77,839.5,77.6502692,12.9901029
1769156466839415000,2218.5024150390627,3.164469003677368,1.4233661890029907,16.233701705932617,10.572999954223633,7.880000114440918,78,839.5,77.6503361,12.9901125
1769156467839412000,2219.5024118652345,3.2038819789886475,1.584179162979126,16.24370002746582,10.70300006866455,8.109999656677246,78,839.5,77.650415,12.9901152
1769156468839407400,2220.502407470703,3.0513813495635986,1.065345287322998,16.253700256347656,10.690999984741211,8.489999771118164,77,839.5,77.650499,12.9901503
1769156469839407900,2221.5024079589843,3.088550567626953,1.3802790641784668,16.263700485229492,10.72700023651123,8.369999885559082,77,839.5,77.6505652,12.9901773
1769156470839409200,2222.5024091796877,2.997124671936035,1.062292456626892,16.273700714111328,10.701000213623047,8.699999809265137,76,839.5,77.650642,12.9902064
1769156471839413000,2223.5024130859374,2.9447925090789795,1.153169870376587,16.283700942993164,10.6899995803833,9.5600004196167,76,839.5,77.6507252,12.9902287
1769156472839409200,2224.5024091796877,2.8215856552124023,1.055045247077942,16.293701171875,10.645999908447266,10.420000076293945,76,839.5,77.6508245,12.9902665
1769156473839406000,2225.5024060058595,2.7753140926361084,1.2231203317642212,16.303701400756836,10.531999588012695,10.819999694824219,75,839.5,77.6509263,12.9903032
1769156474839410400,2226.5024104003905,2.784388780593872,1.135083794593811,16.313701629638672,10.42199993133545,10.699999809265137,75,839.5,77.6510237,12.9903278
1769156475839409700,2227.5024096679685,2.8349475860595703,1.4717813730239868,16.323699951171875,10.42199993133545,10.770000457763672,76,839.5,77.6511251,12.9903497
1769156476839413000,2228.5024130859374,2.7823984622955322,1.1717864274978638,16.33370018005371,10.416000366210938,10.430000305175781,75,839.5,77.6512078,12.9903757
1769156477839409000,2229.502408935547,2.7977569103240967,1.2636327743530273,4.143392562866211,10.392999649047852,10.270000457763672,75,832.07275390625,77.6512965,12.9904
1769156478839409400,2230.5024094238283,2.7436683177948,1.194210171699524,3.9464948177337646,10.361000061035156,10.109999656677246,76,832.2177734375,77.651376,12.9904131
1769156479839410200,2231.50241015625,2.7579832077026367,1.1873270273208618,3.9671106338500977,10.336999893188477,9.640000343322754,76,831.59375,77.651459,12.9904317
1769156480839413800,2232.5024138183594,2.7263529300689697,1.1069750785827637,3.845186471939087,10.270000457763672,9.479999542236328,76,831.234375,77.6515415,12.9904475
1769156481839413000,2233.5024130859374,2.762415647506714,1.1843169927597046,3.7507574558258057,10.260000228881836,9.130000114440918,76,831.16455078125,77.6516272,12.9904755
1769156482839406600,2234.502406494141,2.821882486343384,1.2205049991607666,3.748845100402832,10.234000205993652,8.680000305175781,76,831.0181884765625,77.651704,12.9904767
1769156483839411000,2235.502410888672,2.892585515975952,1.364287257194519,3.8802602291107178,10.26200008392334,8.460000038146973,76,830.535888671875,77.6517781,12.9904923
1769156484839414300,2236.5024143066407,2.977154016494751,1.5061088800430298,3.839965343475342,10.361000061035156,7.989999771118164,76,830.2281494140625,77.6518474,12.9905095
1769156485839410200,2237.50241015625,3.080493927001953,1.6866862773895264,3.8313071727752686,10.484000205993652,8.079999923706055,76,830.304931640625,77.6519196,12.9905261
1769156486839407400,2238.502407470703,3.187709331512451,1.9158015251159668,3.8556900024414062,10.727999687194824,7.949999809265137,76,830.41015625,77.6519871,12.9905433
1769156487839411000,2239.502410888672,3.298888921737671,2.11590576171875,3.87636661529541,11.220000267028809,7.980000019073486,77,830.401123046875,77.6520596,12.9905607
1769156488839412700,2240.5024128417967,3.4102683067321777,2.286348819732666,3.9018092155456543,11.70199966430664,8.020000457763672,76,830.405029296875,77.6521318,12.9905773
1769156489839406600,2241.502406494141,3.527681827545166,2.4655303955078125,3.8628087043762207,12.020000457763672,8.010000228881836,77,830.4066162109375,77.6522037,12.9905936
1769156490839415000,2242.5024150390627,3.644038677215576,2.60711669921875,3.8869762420654297,12.9399995803833,7.699999809265137,76,830.541259765625,77.652257,12.9906088
1769156491839409400,2243.5024094238283,3.7597904205322266,2.702359914779663,3.9467530250549316,13.66100025177002,7.559999942779541,76,830.5650634765625,77.6523193,12.9906247
1769156492839413800,2244.5024138183594,3.884875774383545,2.854767084121704,4.09222412109375,14.586000442504883,7.559999942779541,77,830.5679931640625,77.652387,12.9906402
1769156493839413200,2245.502413330078,4.007385730743408,2.8928470611572266,4.181273460388184,15.666000366210938,7.900000095367432,76,830.4808349609375,77.6524759,12.9906614
1769156494839407000,2246.5024069824217,4.136831760406494,3.0378472805023193,4.389533996582031,17.190000534057617,7.889999866485596,76,830.483642578125,77.6525465,12.9906775
1769156495839406000,2247.5024060058595,4.26601505279541,3.172377586364746,4.6140241622924805,18.408000946044922,7.860000133514404,76,830.457275390625,77.6526142,12.9906941
1769156496839409000,2248.502408935547,4.400027275085449,3.303391456604004,4.856234550476074,20.70400047302246,7.860000133514404,76,830.46142578125,77.6526844,12.9907103
1769156497839413500,2249.5024135742187,4.536239147186279,3.2270870208740234,5.08470344543457,23.06100082397461,7.840000152587891,92,830.475830078125,77.6527572,12.9907259
1769156498839406300,2250.50240625,30.351102828979492,3.900470495223999,5.748458385467529,26.482999801635742,7.949999809265137,76,830.474365234375,77.6528347,12.990744
1769156499839412200,2251.502412109375,26.37642478942871,3.879211187362671,6.028992652893066,31.447999954223633,9.229999542236328,76,830.464111328125,77.6530352,12.9907958
1769156500839406800,2252.502406738281,31.8149356842041,3.892935276031494,6.865816116333008,35.191001892089844,7.519999980926514,74,830.631591796875,77.652938,12.9908023
1769156501839409700,2253.5024096679685,33.32698440551758,4.1026291847229,7.808437347412109,40.196998596191406,7.519999980926514,74,830.6365966796875,77.6530045,12.9908206
1769156502839410000,2254.502409912109,34.73943328857422,4.30185079574585,8.8623046875,44.37099838256836,7.510000228881836,74,830.640380859375,77.6530708,12.9908389
1769156507888000000,2259.551,0,0,8.8623046875,267.18499755859375,0,0,830.640380859375,77.6530708,12.9908389
1769156513416000000,2265.079,0,0,8.8623046875,100,0,0,830.640380859375,77.6523596,12.9906309
1769156521220000000,2272.883,0,0,8.8623046875,100,0,0,830.640380859375,77.6523596,12.9906309
1769156526424000000,2278.087,0,0,8.8623046875,100,0,0,830.640380859375,77.6523596,12.9906309
1769156531747000000,2283.41,0,0,8.8623046875,100,0,0,830.640380859375,77.6534334,12.9896225
1769156537050000000,2288.7129997558595,0,0,8.8623046875,100,0,0,830.640380859375,77.6534334,12.9896225
1769156542382000000,2294.0450002441407,0,0,8.8623046875,100,0,0,830.640380859375,77.6534334,12.9896225
1769156546839414300,2298.5024143066407,13.87631893157959,2.2544825077056885,15.292730331420898,13.187000274658203,10.489999771118164,66,828.0244140625,77.653878,12.9911558
1769156547839413500,2299.5024135742187,4.135284900665283,0.974964439868927,12.313636779785156,10.336999893188477,12.420000076293945,74,825.1312255859375,77.653954,12.9911642
1769156548839407900,2300.5024079589843,2.83819580078125,1.0316776037216187,11.043415069580078,9.085000038146973,12.520000457763672,74,826.890380859375,77.6540454,12.9911972
1769156549839412200,2301.502412109375,4.044129371643066,1.184335470199585,8.683025360107422,8.036999702453613,12.59000015258789,74,823.5286865234375,77.6541517,12.9912246
1769156550839406000,2302.5024060058595,4.973669052124023,1.3602244853973389,7.69829797744751,7.335000038146973,12.84000015258789,74,824.473876953125,77.6542784,12.9912583
1769156551839412500,2303.502412597656,4.517877578735352,1.0684826374053955,7.001742839813232,6.801000118255615,13.039999961853027,73,825.6551513671875,77.6544015,12.9912874
1769156552839415000,2304.5024150390627,4.4283833503723145,1.0245639085769653,6.534377098083496,4.824999809265137,12.380000114440918,68,824.68212890625,77.6545062,12.9913414
1769156553839407400,2305.502407470703,4.349877834320068,1.19113290309906,5.993125915527344,4.678999900817871,12.359999656677246,64,824.9835205078125,77.6546114,12.9913828
1769156554839407400,2306.502407470703,4.238893985748291,0.9879040122032166,5.776813983917236,4.214000225067139,12.550000190734863,58,824.1756591796875,77.6547132,12.9914377
1769156555839407600,2307.5024077148437,4.409536838531494,1.3242688179016113,5.435636520385742,3.930000066757202,12.800000190734863,54,822.948486328125,77.6548142,12.9915007
1769156556839414300,2308.5024143066407,4.479273319244385,1.2323534488677979,5.456932067871094,3.8929998874664307,12.789999961853027,50,821.10107421875,77.6549174,12.9915683
1769156557839408400,2309.5024084472657,4.531404972076416,1.4423850774765015,5.480968475341797,3.924999952316284,12.34000015258789,47,821.04052734375,77.6550065,12.9916377
1769156558839408000,2310.502408203125,4.109473705291748,1.143404245376587,5.467482089996338,3.937999963760376,12.220000267028809,43,821.51220703125,77.6550855,12.9917177
1769156559839411000,2311.502410888672,3.8104941844940186,1.0491821765899658,5.489435195922852,3.98799991607666,12.329999923706055,43,821.380126953125,77.6551744,12.9918033
1769156560839414800,2312.502414794922,3.7544260025024414,1.3239195346832275,5.466785430908203,4.059999942779541,12.199999809265137,43,821.137451171875,77.655247,12.9918775
1769156561839412000,2313.5024118652345,3.3046703338623047,0.9537603855133057,5.388698577880859,4.0229997634887695,12.489999771118164,43,824.5020751953125,77.6553306,12.9919629
1769156562839408400,2314.5024084472657,3.202029228210449,1.2156099081039429,5.514581203460693,4.025000095367432,12.319999694824219,44,823.38037109375,77.6554137,12.9920318
1769156563839412700,2315.5024128417967,3.22817063331604,1.4623260498046875,5.554835796356201,4.091000080108643,12.550000190734863,45,823.9473876953125,77.6555109,12.9921126
1769156564839414500,2316.5024145507814,2.9626431465148926,0.9357096552848816,5.348289489746094,4.091000080108643,12.430000305175781,47,822.60986328125,77.655596,12.9921761
1769156565839410200,2317.50241015625,2.8515539169311523,0.9418466687202454,5.5644049644470215,4.081999778747559,12.789999961853027,48,820.775634765625,77.6556839,12.9922574
1769156566839410000,2318.502409912109,2.739393472671509,1.0089045763015747,5.338038921356201,4.056000232696533,13.350000381469727,49,821.03076171875,77.655782,12.9923465
1769156567839414300,2319.5024143066407,2.621767520904541,0.9643458724021912,5.196565628051758,4.090000152587891,13.90999984741211,50,820.873046875,77.6558817,12.9924287
1769156568839411700,2320.502411621094,2.5395987033843994,1.1701221466064453,5.066582679748535,4.085000038146973,14.640000343322754,52,823.290283203125,77.6559961,12.992517
1769156569839411200,2321.5024111328125,2.4571142196655273,1.3510795831680298,5.286258697509766,4.124000072479248,14.699999809265137,53,822.3204345703125,77.6561088,12.9925969
1769156570839409400,2322.5024094238283,2.3431663513183594,0.9790292978286743,4.968286037445068,4.138000011444092,15.260000228881836,54,823.741943359375,77.6562238,12.9926811
1769156571839411700,2323.502411621094,2.2430286407470703,0.9560346007347107,4.849005222320557,4.172999858856201,15.729999542236328,56,822.5089111328125,77.6563453,12.9927649
1769156572839413500,2324.5024135742187,2.1744182109832764,1.0407143831253052,4.839942455291748,4.166999816894531,16.100000381469727,57,823.543212890625,77.656474,12.9928478
1769156573839406300,2325.50240625,2.1109185218811035,1.330367088317871,4.934047698974609,4.296000003814697,16.299999237060547,58,825.2674560546875,77.6566031,12.9929215
1769156574839411000,2326.502410888672,2.0458567142486572,1.399374008178711,5.045291900634766,4.488999843597412,16.850000381469727,60,824.37939453125,77.6567467,12.9930039
1769156575839411000,2327.502410888672,1.9952772855758667,1.1877706050872803,5.13895320892334,4.624000072479248,17.420000076293945,60,825.147216796875,77.6568955,12.9930885
1769156576839411700,2328.502411621094,1.9033029079437256,0.9607260227203369,5.028075218200684,4.590000152587891,17.549999237060547,60,825.5404052734375,77.6570391,12.9931713
1769156577839410700,2329.502410644531,1.882856845855713,1.1350418329238892,4.924551010131836,4.624000072479248,17.559999465942383,60,826.028564453125,77.6571716,12.9932436
1769156578839413500,2330.5024135742187,1.8632779121398926,1.0937082767486572,4.838649272918701,4.60699987411499,17.799999237060547,60,826.79443359375,77.6573071,12.9933186
1769156579839412000,2331.5024118652345,1.7666263580322266,0.9376262426376343,4.847358703613281,4.363999843597412,17.940000534057617,60,826.3453369140625,77.6574445,12.9934093
1769156580839411200,2332.5024111328125,1.7180362939834595,0.9373316764831543,5.107310771942139,4.172999858856201,18.020000457763672,60,827.03271484375,77.657596,12.9934919
1769156581839412700,2333.5024128417967,1.6969319581985474,0.954155683517456,5.36281681060791,4.113999843597412,17.770000457763672,60,827.3236083984375,77.6577388,12.9935706
1769156582839412000,2334.5024118652345,1.676842212677002,0.9502169489860535,5.330226421356201,4.072000026702881,17.440000534057617,60,827.606689453125,77.6578683,12.9936441
1769156583839412000,2335.5024118652345,1.6530007123947144,0.9460632801055908,5.375296115875244,4.060999870300293,17.5,60,829.0185546875,77.658006,12.9937236
1769156584839410700,2336.502410644531,1.630299687385559,0.934101402759552,5.202390670776367,4.025000095367432,17.459999084472656,60,827.88134765625,77.6581446,12.993805
1769156585839413200,2337.502413330078,1.6117820739746094,0.9322839379310608,5.105981349945068,3.9769999980926514,17.610000610351562,60,827.661865234375,77.6582843,12.9938887
1769156586839415800,2338.5024157714843,1.5974715948104858,0.9275087118148804,4.9031572341918945,3.9100000858306885,17.610000610351562,60,830.847900390625,77.6584223,12.9939649
1769156587839408400,2339.5024084472657,1.5865060091018677,0.928791880607605,4.755183219909668,3.890000104904175,17.579999923706055,60,831.2529296875,77.6585641,12.9940443
1769156588839411500,2340.502411376953,1.576574683189392,0.9302287101745605,4.546718597412109,3.8450000286102295,17.600000381469727,60,831.8839111328125,77.6587062,12.994129
1769156589839413800,2341.5024138183594,1.5688313245773315,0.9277147054672241,4.394044876098633,3.7929999828338623,17.700000762939453,60,833.568603515625,77.6588526,12.9942172
1769156590839409000,2342.502408935547,1.5614840984344482,0.9246841073036194,4.1633734703063965,3.7920000553131104,17.84000015258789,60,833.413818359375,77.658994,12.9942961
1769156591839412000,2343.5024118652345,1.557840347290039,0.928142249584198,3.8393445014953613,3.7899999618530273,17.989999771118164,61,834.5418701171875,77.6591428,12.9943818
1769156592839414800,2344.502414794922,1.554504156112671,0.9385952353477478,3.635603904724121,3.7899999618530273,18.079999923706055,61,834.522216796875,77.6592892,12.9944652
1769156593839406800,2345.502406738281,1.5449542999267578,0.9382969737052917,3.4531280994415283,3.7899999618530273,18.5,62,834.66064453125,77.6594447,12.9945408
1769156594839415600,2346.5024155273436,1.5379060506820679,0.9254500269889832,3.2756943702697754,3.7899999618530273,18.389999389648438,62,833.7333984375,77.6595943,12.9946137
1769156595839414300,2347.5024143066407,1.5315579175949097,0.9247504472732544,3.211637496948242,3.7899999618530273,18.3700008392334,63,832.759033203125,77.6597521,12.9946876
1769156596839412200,2348.502412109375,1.534901738166809,0.9738100171089172,3.1215157508850098,3.7899999618530273,18.389999389648438,62,831.776123046875,77.6599074,12.9947622
1769156597839412200,2349.502412109375,1.5242475271224976,0.9265553951263428,3.0356104373931885,3.7899999618530273,18.280000686645508,62,831.8470458984375,77.6600521,12.9948382
1769156598839414300,2350.5024143066407,1.5240979194641113,0.929446816444397,2.9704909324645996,3.7899999618530273,18.110000610351562,63,832.5458984375,77.6601966,12.994906
1769156599839411200,2351.5024111328125,1.5276081562042236,0.9468649625778198,2.9831383228302,3.7899999618530273,17.90999984741211,62,831.89990234375,77.6603414,12.9949749
1769156600839406000,2352.5024060058595,1.5237977504730225,0.9244911670684814,2.828981876373291,3.7899999618530273,17.969999313354492,62,831.1104736328125,77.6604884,12.9950506
1769156601839407400,2353.502407470703,1.5236619710922241,0.926868200302124,2.801668167114258,3.7899999618530273,18.049999237060547,62,829.5782470703125,77.6606324,12.9951285
1769156602839410000,2354.502409912109,1.5231709480285645,0.9387145638465881,2.8373982906341553,3.7899999618530273,18.200000762939453,62,828.966796875,77.6607772,12.9952042
1769156603839415000,2355.5024150390627,1.5815355777740479,1.084528923034668,2.9163570404052734,3.7899999618530273,18.219999313354492,63,829.4808349609375,77.6609269,12.9952778
1769156604839411000,2356.502410888672,1.5651156902313232,1.0468071699142456,2.95739483833313,3.7899999618530273,18.299999237060547,64,829.5155029296875,77.6610805,12.9953525
1769156605839412200,2357.502412109375,1.5778790712356567,1.0011664628982544,2.936655282974243,3.7899999618530273,17.93000030517578,67,829.01220703125,77.661232,12.9954111
1769156606839407400,2358.502407470703,1.6418368816375732,1.3875701427459717,2.9765982627868652,3.7899999618530273,17.780000686645508,70,828.5791015625,77.6613843,12.9954696
1769156607839412700,2359.5024128417967,1.6104849576950073,0.9851864576339722,2.957118511199951,5.019000053405762,17.90999984741211,74,828.21435546875,77.661548,12.9954975
1769156608839414800,2360.502414794922,1.612183690071106,0.9476056694984436,2.671072244644165,5.8379998207092285,18.139999389648438,77,827.844482421875,77.6617104,12.9955371
1769156609839414500,2361.5024145507814,1.6155880689620972,0.9664140939712524,2.803971767425537,7.4770002365112305,18.100000381469727,80,828.499267578125,77.6618705,12.9955637
1769156610839406000,2362.5024060058595,1.6204127073287964,0.978516161441803,2.840484857559204,7.886000156402588,18.209999084472656,84,828.872314453125,77.6620387,12.9955911
1769156611839413800,2363.5024138183594,1.6238919496536255,0.9643399715423584,2.8317878246307373,9.9350004196167,18.100000381469727,87,828.21875,77.6622077,12.9955984
1769156612839409700,2364.5024096679685,1.6345022916793823,1.0018017292022705,2.82430100440979,9.9350004196167,17.829999923706055,90,828.9830322265625,77.6623672,12.9956005
1769156613839413200,2365.502413330078,1.6397433280944824,0.9981644153594971,2.902499198913574,9.9350004196167,17.969999313354492,93,829.736572265625,77.6625295,12.9955901
1769156614839407900,2366.5024079589843,1.6466472148895264,0.9634602665901184,2.954725980758667,9.9350004196167,17.670000076293945,97,829.2652587890625,77.6627003,12.9955775
1769156615839414800,2367.502414794922,1.6501134634017944,0.9774134159088135,2.8699772357940674,9.9350004196167,17.889999389648438,100,829.0142822265625,77.6628558,12.9955521
1769156616839410700,2368.502410644531,1.6595708131790161,1.0672357082366943,2.879284143447876,9.9350004196167,17.950000762939453,103,828.4169921875,77.6630144,12.9955121
1769156617839416000,2369.502416015625,1.645219326019287,0.9372078776359558,2.7956595420837402,9.9350004196167,17.90999984741211,105,828.389404296875,77.6631654,12.9954706
1769156618839409400,2370.5024094238283,1.639119267463684,0.9671220183372498,2.8004820346832275,9.9350004196167,17.639999389648438,105,828.2137451171875,77.6633203,12.9954291
1769156619839414800,2371.502414794922,1.704088807106018,1.4073197841644287,3.095587730407715,9.9350004196167,17.170000076293945,105,826.9266357421875,77.6634606,12.9953797
1769156620839411500,2372.502411376953,1.6538536548614502,1.0172797441482544,3.3101327419281006,9.9350004196167,17.690000534057617,103,826.648193359375,77.6636314,12.9953473
1769156621839407000,2373.5024069824217,1.6484088897705078,1.0203838348388672,3.4008677005767822,9.9350004196167,17.959999084472656,100,825.954345703125,77.6637928,12.9953249
1769156622839408600,2374.5024086914063,1.6414304971694946,1.0238813161849976,3.6210572719573975,9.9350004196167,18.280000686645508,98,826.9208984375,77.6639603,12.9953079
1769156623839411200,2375.5024111328125,1.6417475938796997,0.9390795826911926,3.497950792312622,9.9350004196167,17.299999237060547,96,827.2552490234375,77.6641207,12.995299
1769156624839408400,2376.5024084472657,1.647193431854248,0.9541394710540771,3.356783390045166,9.9350004196167,17.06999969482422,93,826.8660888671875,77.6642742,12.9952896
1769156625839406300,2377.50240625,1.6530479192733765,0.9311614036560059,3.11189603805542,9.9350004196167,16.770000457763672,91,826.35546875,77.6644294,12.9952834
1769156626839408600,2378.5024086914063,1.6614094972610474,0.9400468468666077,3.0730040073394775,9.9350004196167,16.510000228881836,89,825.9305419921875,77.6645844,12.9952839
1769156627839411500,2379.502411376953,1.7141250371932983,1.3677868843078613,3.1363487243652344,9.9350004196167,16.520000457763672,87,826.737548828125,77.6647371,12.9952883
1769156628839416000,2380.502416015625,1.7268180847167969,1.157060980796814,3.2005982398986816,9.9350004196167,16.1299991607666,85,827.5882568359375,77.6648854,12.9953028
1769156629839406600,2381.502406494141,1.7107727527618408,0.9297233819961548,3.101022481918335,9.9350004196167,15.479999542236328,83,826.69921875,77.6650264,12.9953186
1769156630839411500,2382.502411376953,1.728574514389038,0.9896441698074341,3.003584861755371,9.9350004196167,15.289999961853027,81,826.6728515625,77.6651569,12.995341
1769156631839410700,2383.502410644531,1.7365566492080688,0.9693275690078735,3.0594327449798584,9.9350004196167,15.380000114440918,79,825.9246826171875,77.6652996,12.9953644
1769156632839415800,2384.5024157714843,1.7507144212722778,0.9795951247215271,3.1174113750457764,9.9350004196167,15.170000076293945,77,825.572998046875,77.6654492,12.9953958
1769156633839413200,2385.502413330078,1.7942415475845337,1.187351107597351,3.260424852371216,9.9350004196167,15.130000114440918,75,826.680419921875,77.6655765,12.9954258
1769156634839409700,2386.5024096679685,1.8047490119934082,1.098063349723816,3.3566360473632812,9.9350004196167,15.029999732971191,73,826.499267578125,77.6657051,12.995459
1769156635839409000,2387.502408935547,1.7891414165496826,1.0159659385681152,3.3069570064544678,9.9350004196167,15.260000228881836,72,826.21044921875,77.6658415,12.9955002
1769156636839408600,2388.5024086914063,1.83140230178833,1.3109490871429443,3.4050228595733643,9.9350004196167,15.020000457763672,71,826.0787353515625,77.6659671,12.9955372
1769156637839409000,2389.502408935547,1.7834620475769043,0.9260773062705994,3.267025947570801,9.9350004196167,15.130000114440918,71,825.0191650390625,77.6660991,12.9955776
1769156638839408400,2390.5024084472657,1.779152274131775,0.9293307662010193,3.2817111015319824,9.9350004196167,14.989999771118164,71,825.090576171875,77.6662337,12.9956227
1769156639839406600,2391.502406494141,1.77876877784729,0.9380321502685547,3.393460273742676,9.9350004196167,14.800000190734863,71,824.59228515625,77.6663676,12.9956657
1769156640839407900,2392.5024079589843,1.7822718620300293,0.9651656150817871,3.450040102005005,9.9350004196167,14.649999618530273,71,824.0556640625,77.6664957,12.9957088
1769156641839414000,2393.5024140625,1.7874987125396729,0.940345048904419,3.515380859375,9.9350004196167,14.220000267028809,71,823.1036376953125,77.6666207,12.995742
1769156642839410400,2394.5024104003905,1.79953134059906,0.9927499890327454,3.549286127090454,9.9350004196167,14.119999885559082,70,822.4990234375,77.6667444,12.9957847
1769156643839411000,2395.502410888672,1.8242297172546387,0.9874320030212402,3.6116392612457275,9.9350004196167,13.579999923706055,70,823.1624755859375,77.6668733,12.9958263
1769156644839412200,2396.502412109375,1.833444356918335,0.9808534979820251,3.6036007404327393,9.9350004196167,13.75,69,823.494384765625,77.6669929,12.9958708
1769156645839407000,2397.5024069824217,1.8428322076797485,1.01915442943573,3.709796190261841,9.9350004196167,13.710000038146973,68,823.0255126953125,77.6671137,12.9959133
1769156646839415300,2398.502415283203,1.8819587230682373,1.3344471454620361,3.851823329925537,10.003999710083008,13.779999732971191,68,823.333984375,77.667236,12.9959562
1769156647839413000,2399.5024130859374,1.8744550943374634,0.9865891337394714,3.9169182777404785,10.064000129699707,12.960000038146973,67,824.3812255859375,77.6673467,12.9959977
1769156648839410700,2400.502410644531,1.9044740200042725,1.0145761966705322,4.032181739807129,10.098999977111816,12.050000190734863,67,823.922607421875,77.6674481,12.9960384
1769156649839415800,2401.5024157714843,1.9307273626327515,0.9273622632026672,4.003379821777344,10.204000473022461,11.5,66,823.471923828125,77.6675388,12.9960848
1769156650839410700,2402.502410644531,1.9655717611312866,0.9315618276596069,3.8160767555236816,10.246999740600586,10.8100004196167,65,822.8232421875,77.6676265,12.9961285
1769156651839412700,2403.5024128417967,2.010000228881836,0.9328782558441162,3.675027370452881,10.194999694824219,10.020000457763672,65,822.895263671875,77.66772,12.9961705
1769156652839412700,2404.5024128417967,2.0916199684143066,1.2927813529968262,3.844623327255249,10.21399974822998,9.649999618530273,65,822.571533203125,77.6677994,12.9962068
1769156653839410000,2405.502409912109,2.1745567321777344,1.3816999197006226,4.078586578369141,10.244000434875488,9.329999923706055,65,822.755126953125,77.6678774,12.9962404
1769156654839414800,2406.502414794922,2.2665538787841797,1.519675374031067,4.3336663246154785,10.373000144958496,8.920000076293945,65,823.3057861328125,77.6679507,12.9962705
1769156655839411200,2407.5024111328125,2.3701274394989014,1.575452208518982,4.546748638153076,10.689000129699707,7.710000038146973,65,823.136474609375,77.6680048,12.9962962
1769156656839415000,2408.5024150390627,2.4745280742645264,1.859487533569336,4.831180572509766,11.222000122070312,7.71999979019165,64,823.172119140625,77.6680692,12.9963251
1769156657839411200,2409.5024111328125,2.5767242908477783,1.9330719709396362,5.036890983581543,11.605999946594238,7.429999828338623,64,823.0361328125,77.6681217,12.9963505
1769156658839413000,2410.5024130859374,2.6837096214294434,1.9375041723251343,5.3194379806518555,12.642000198364258,6.820000171661377,64,822.676025390625,77.6681689,12.9963778
1769156659839411200,2411.5024111328125,2.787433385848999,2.1353371143341064,5.5246734619140625,13.135000228881836,6.929999828338623,63,822.3929443359375,77.6682304,12.9964132
1769156660839410200,2412.50241015625,2.889366388320923,1.9409817457199097,5.688906669616699,13.92199993133545,5.769999980926514,63,822.1563720703125,77.6682497,12.9964248
1769156661839406800,2413.502406738281,3.006582021713257,2.1158878803253174,5.835651397705078,14.890000343322754,5.78000020980835,63,822.186279296875,77.6682971,12.9964472
1769156662839413800,2414.5024138183594,3.119586229324341,2.2368733882904053,5.9796576499938965,16.429000854492188,5.960000038146973,63,822.308349609375,77.6683655,12.9964734
1769156663839414800,2415.502414794922,3.186729669570923,2.1776394844055176,5.999685764312744,17.364999771118164,5.25,63,821.9453125,77.6683784,12.9964906
1769156664839413800,2416.5024138183594,0,1.521988868713379,5.909366607666016,17.094999313354492,0,0,821.076171875,77.6682395,12.9964352
1769156665839411200,2417.5024111328125,0,1.3587007522583008,5.891983509063721,16.624000549316406,0,0,820.41650390625,77.6682189,12.9964433
1769156666839413000,2418.5024130859374,0,1.5759135484695435,5.866271495819092,15.774999618530273,0,0,819.460205078125,77.6681799,12.9964425
1769156667839406000,2419.5024060058595,0,1.8685630559921265,5.919428825378418,15.355999946594238,0,0,819.5772705078125,77.6681861,12.9964447
1769156668839409400,2420.5024094238283,3.605780601501465,2.1577680110931396,5.996295928955078,14.487000465393066,0.20000000298023224,61,819.39404296875,77.6681688,12.9964469
1769156669839410200,2421.50241015625,3.715278387069702,2.4212019443511963,5.935540676116943,13.680999755859375,0.5699999928474426,61,819.4560546875,77.6681424,12.9964584
1769156670839412000,2422.5024118652345,3.8349411487579346,1.6171573400497437,6.070226669311523,13.5,1.1299999952316284,61,820.7862548828125,77.668107,12.9963672
1769156671839410200,2423.50241015625,3.959707498550415,1.9228371381759644,6.144582748413086,13.404000282287598,1.75,61,820.821044921875,77.6680694,12.9963208
1769156672839412200,2424.502412109375,4.082533836364746,1.2895830869674683,6.08512544631958,13.218999862670898,0.4000000059604645,61,820.269287109375,77.6680752,12.9963605
1769156673839406800,2425.502406738281,4.212560653686523,1.2251335382461548,30.3419132232666,12.980999946594238,0.23999999463558197,61,837.7000122070312,77.6680933,12.9963534
1769156674839413000,2426.5024130859374,4.345943927764893,1.306297779083252,30.351913452148438,12.305999755859375,0.25,61,837.7000122070312,77.6680842,12.9963485
1769156675839409000,2427.502408935547,4.48242712020874,1.2803411483764648,30.361913681030273,12.180000305175781,0.41999998688697815,63,837.7000122070312,77.6680805,12.9963468
1769156676839414000,2428.5024140625,82.2639389038086,1.534188985824585,30.37191390991211,11.765000343322754,0.6200000047683716,131,837.7000122070312,77.6680863,12.9963457
1769156677839413800,2429.5024138183594,87.24017333984375,1.5357080698013306,30.381912231445312,11.670000076293945,0.49000000953674316,212,837.7000122070312,77.6680887,12.9963395
1769156678839411000,2430.502410888672,78.1905288696289,1.2654683589935303,30.39191246032715,11.619000434875488,0.6000000238418579,198,837.7000122070312,77.6680851,12.996337
1769156679839410700,2431.502410644531,91.30549621582031,1.6705467700958252,30.401912689208984,11.593000411987305,0.4099999964237213,246,837.7000122070312,77.6680784,12.9963421
1769156680839413000,2432.5024130859374,89.7150650024414,2.000990390777588,4.537360668182373,11.631999969482422,0.550000011920929,288,837.7000122070312,77.6680719,12.9963538
1769156681839413500,2433.5024135742187,0,0.2812809348106384,4.547360420227051,11.562000274658203,0,0,837.7000122070312,77.6680704,12.9963785
1769156682839413200,2434.502413330078,0,0.5127960443496704,4.557360649108887,11.472999572753906,0,0,837.7000122070312,77.6680712,12.9963915
1769156683839414800,2435.502414794922,0,0.6026455163955688,4.567360877990723,11.46399974822998,0,0,837.7000122070312,77.6680718,12.9963975
1769156684839414500,2436.5024145507814,0,0.6846439838409424,3.9270524978637695,11.63599967956543,0,0,835,77.6680729,12.9964008
1769156685839406300,2437.50240625,0,0.7438140511512756,3.9370524883270264,11.887999534606934,0,0,835,77.6680734,12.9964025
1769156686839412000,2438.5024118652345,0,0.8888075351715088,3.947052478790283,12.27299976348877,0,0,835,77.6680739,12.9964032
1769156687839410200,2439.50241015625,0,1.0352057218551636,3.95705246925354,12.944999694824219,0,0,835,77.6680744,12.9964033
1769156688839406600,2440.502406494141,0,0.8337821364402771,3.967052459716797,13.690999984741211,0,0,835,77.6680751,12.9964028
1769156689839412200,2441.502412109375,0,0.9866676330566406,3.9770524501800537,14.661999702453613,0,0,835,77.6680763,12.9964027
1769156690839411700,2442.502411621094,0,1.148045301437378,3.9870524406433105,16.02899932861328,0,0,835,77.6680766,12.9964027
1769156691839411200,2443.5024111328125,0,1.3933645486831665,3.9970524311065674,16.559999465942383,0,0,835,77.6680766,12.9964027
1769156692839415600,2444.5024155273436,0,1.3056442737579346,4.007052421569824,18.010000228881836,0,0,835,77.6680761,12.9964025
1769156693839409000,2445.502408935547,0,1.8823646306991577,4.01705265045166,18.496999740600586,0,0,835,77.6680758,12.9964019
1769156694839406000,2446.5024060058595,0,0.9372685551643372,4.027052402496338,18.30900001525879,0,0,835,77.6680761,12.996403
1769156695839416000,2447.502416015625,0,1.2913068532943726,4.037052631378174,18.219999313354492,0,0,835,77.6680785,12.9964056
1769156696839415600,2448.5024155273436,0,1.1401454210281372,4.047052383422852,17.402999877929688,0,0,835,77.6680818,12.9964069
1769156697839406600,2449.502406494141,0,1.1063055992126465,4.0570526123046875,16.958999633789062,0,0,835,77.668083,12.9964063
1769156698839408000,2450.502408203125,18.68830108642578,3.108102560043335,4.067052364349365,16.128999710083008,10.65999984741211,87,835,77.6681866,12.9964336
1769156702533000000,2454.196,0,0,4.067052364349365,162.7480010986328,0,0,835,77.6681866,12.9964336
1769156710839412500,2462.502412597656,5.791033744812012,2.8745734691619873,4.1870527267456055,20.753000259399414,14.220000267028809,76,835,77.6695886,12.9969148
1769156711839409200,2463.5024091796877,5.420727252960205,2.718179702758789,4.197052478790283,17.68600082397461,14.5,80,835,77.6698085,12.9970033
1769156712839406600,2464.502406494141,4.316013336181641,1.8044649362564087,6.424977779388428,14.699999809265137,13.529999732971191,84,826.5,77.669986,12.9970534
1769156713839411700,2465.502411621094,4.649569511413574,1.7809057235717773,6.434978008270264,13.109000205993652,13.579999923706055,82,826.5,77.6701271,12.997056
1769156714839414800,2466.502414794922,5.14739990234375,2.071089029312134,6.444977760314941,11.855999946594238,14.270000457763672,84,826.5,77.6703197,12.9970337
1769156715839410200,2467.50241015625,4.242525577545166,1.5192307233810425,6.454977989196777,10.75100040435791,13.430000305175781,78,826.5,77.6704272,12.9970742
1769156716839412000,2468.5024118652345,5.081847190856934,1.869219422340393,6.464977741241455,6.736000061035156,13.359999656677246,76,826.5,77.6705489,12.9971185
1769156717839405600,2469.502405517578,4.3679656982421875,1.558613896369934,6.474977970123291,6.406000137329102,12.899999618530273,70,826.5,77.6706669,12.9971597
1769156718839413800,2470.5024138183594,4.710829257965088,1.8324599266052246,6.484977722167969,5.313000202178955,12.420000076293945,67,826.5,77.6707706,12.9971943
1769156719839407900,2471.5024079589843,6.3605122566223145,1.762011170387268,6.494977951049805,5.486999988555908,13.039999961853027,65,826.5,77.6708873,12.9972491
1769156720839414500,2472.5024145507814,8.358148574829102,2.021371603012085,6.504977703094482,5.826000213623047,13.510000228881836,65,826.5,77.6710086,12.9973032
1769156721839411000,2473.502410888672,8.673663139343262,2.1912474632263184,6.514977931976318,6.511000156402588,14.829999923706055,62,826.5,77.6711536,12.9973862
1769156722839408600,2474.5024086914063,7.856583118438721,2.185342788696289,6.524977684020996,8.085000038146973,15.40999984741211,60,826.5,77.6712866,12.9974701
1769156723839407400,2475.502407470703,8.044270515441895,2.2756409645080566,6.534977912902832,8.704000473022461,15.960000038146973,64,826.5,77.6714407,12.9975182
1769156724839406000,2476.5024060058595,6.337610721588135,1.8669185638427734,6.54497766494751,9.42300033569336,15.760000228881836,72,826.5,77.6715914,12.997519
1769156725839414500,2477.5024145507814,4.125127792358398,1.0670286417007446,6.554977893829346,9.729999542236328,14.720000267028809,66,826.5,77.6716947,12.9975873
1769156726839407000,2478.5024069824217,4.357665061950684,1.4344727993011475,6.564977645874023,9.222999572753906,14.739999771118164,66,826.5,77.6718113,12.9976416
1769156727839405800,2479.502405761719,3.9544100761413574,1.1078858375549316,6.574977874755859,8.531000137329102,14.5600004196167,63,826.5,77.6719134,12.99772
1769156728839407600,2480.5024077148437,3.486835241317749,1.0307745933532715,6.584977626800537,6.76800012588501,15.180000305175781,63,826.5,77.6720614,12.997773
1769156729839415300,2481.502415283203,3.364741563796997,1.0739253759384155,6.594977855682373,5.855000019073486,15.020000457763672,63,826.5,77.6721844,12.9978229
1769156730839413000,2482.5024130859374,3.5210869312286377,1.3919693231582642,6.604978084564209,5.709000110626221,15.0600004196167,63,826.5,77.6722986,12.9978826
1769156731839415300,2483.502415283203,3.8079490661621094,1.6855556964874268,6.614977836608887,5.308000087738037,14.880000114440918,63,826.5,77.6724169,12.9979427
1769156732839413000,2484.5024130859374,3.946284770965576,1.8414403200149536,6.624978065490723,5.418000221252441,14.9399995803833,62,826.5,77.6725374,12.9980061
1769156733839413500,2485.5024135742187,3.9198036193847656,1.6109524965286255,6.6349778175354,5.5929999351501465,15.279999732971191,62,826.5,77.6726627,12.9980766
1769156734839411200,2486.5024111328125,3.6639175415039062,1.5359798669815063,6.644978046417236,5.578999996185303,14.699999809265137,60,826.5,77.6727529,12.9981568
1769156735839407400,2487.502407470703,3.4892265796661377,1.5668290853500366,6.654977798461914,5.698999881744385,15.350000381469727,61,826.5,77.6729033,12.9982156
1769156736839406000,2488.5024060058595,3.558016300201416,1.639994740486145,6.66497802734375,5.928999900817871,15.15999984741211,61,826.5,77.6730296,12.9982839
1769156737839406300,2489.50240625,3.644744873046875,1.771679162979126,6.674977779388428,6.066999912261963,14.399999618530273,59,826.5,77.6731168,12.9983522
1769156738839408600,2490.5024086914063,2.838731288909912,1.0154716968536377,6.684978008270264,5.836999893188477,15.4399995803833,61,826.5,77.673277,12.9984161
1769156739839406800,2491.502406738281,2.6639037132263184,1.0645338296890259,6.694977760314941,5.585999965667725,15.380000114440918,61,826.5,77.6734184,12.9984899
1769156740839408000,2492.502408203125,2.715540647506714,1.3713425397872925,6.704977989196777,5.35099983215332,15.050000190734863,62,826.5,77.6735388,12.9985363
1769156741839415300,2493.502415283203,2.6665432453155518,1.4625341892242432,6.714977741241455,4.947000026702881,15.710000038146973,62,826.5,77.6736909,12.9986131
1769156742839415000,2494.5024150390627,2.595203399658203,1.462668776512146,6.724977970123291,4.553999900817871,15.970000267028809,62,826.5,77.6738382,12.9986825
1769156743839410700,2495.502410644531,2.3228211402893066,0.9940049648284912,6.734977722167969,4.364999771118164,15.460000038146973,62,826.5,77.673961,12.9987314
1769156744839415000,2496.5024150390627,2.269865036010742,0.9968681931495667,6.744977951049805,4.243000030517578,15.40999984741211,63,826.5,77.6740861,12.9987894
1769156745839411700,2497.502411621094,2.2233340740203857,1.0194932222366333,6.754977703094482,4.140999794006348,15.579999923706055,63,826.5,77.6742045,12.9988421
1769156746839415600,2498.5024155273436,2.177344560623169,1.012907862663269,6.764977931976318,4.058000087738037,15.479999542236328,63,826.5,77.6743433,12.9989016
1769156747839413800,2499.5024138183594,2.156702995300293,1.0435278415679932,6.774977684020996,4.057000160217285,15.15999984741211,63,826.5,77.6744689,12.9989658
1769156748839410700,2500.502410644531,2.108274459838867,1.0060374736785889,6.784977912902832,3.9519999027252197,15.220000267028809,63,826.5,77.6745918,12.9990284
1769156749839414800,2501.502414794922,2.090358257293701,0.9958187937736511,6.79497766494751,3.928999900817871,15.15999984741211,63,826.5,77.6747203,12.9990909
1769156750839414300,2502.5024143066407,2.0592129230499268,1.028245210647583,6.804977893829346,3.928999900817871,15.130000114440918,63,826.5,77.6748398,12.9991564
1769156751839406800,2503.502406738281,2.0190868377685547,0.9681661128997803,6.814977645874023,3.9059998989105225,15.350000381469727,63,826.5,77.6749627,12.9992169
1769156752839409700,2504.5024096679685,2.0455844402313232,1.0715540647506714,6.824977874755859,3.882999897003174,15.180000305175781,63,826.5,77.6750934,12.9992778
1769156753839411500,2505.502411376953,2.1127567291259766,1.3041349649429321,6.834977626800537,3.8489999771118164,15.050000190734863,63,826.5,77.6752166,12.9993379
1769156754839414800,2506.502414794922,2.013699531555176,1.037532091140747,6.844977855682373,3.8389999866485596,15.029999732971191,63,826.5,77.6753417,12.9993969
1769156755839412500,2507.502412597656,2.086981773376465,1.4407317638397217,6.854978084564209,3.8589999675750732,14.899999618530273,63,826.5,77.6754592,12.9994541
1769156756839412500,2508.502412597656,2.1553030014038086,1.6880792379379272,6.864977836608887,4.110000133514404,14.3100004196167,63,826.5,77.6755715,12.9994983
1769156757839410400,2509.5024104003905,2.0141844749450684,1.0695945024490356,6.874978065490723,4.24399995803833,15.039999961853027,63,826.5,77.6757042,12.9995676
1769156758839409200,2510.5024091796877,2.047368288040161,1.4464898109436035,6.8849778175354,4.315000057220459,15.149999618530273,63,826.5,77.6758389,12.9996238
1769156759839414300,2511.5024143066407,2.087531805038452,1.7039211988449097,6.894978046417236,4.577000141143799,15.229999542236328,64,826.5,77.6759755,12.9996773
1769156760839406000,2512.5024060058595,2.1520838737487793,1.8796907663345337,6.904977798461914,5.066999912261963,15.050000190734863,67,826.5,77.6761066,12.9997271
1769156761839413500,2513.5024135742187,2.1877312660217285,1.8961801528930664,6.91497802734375,5.7129998207092285,15.970000267028809,70,826.5,77.6762674,12.9997951
1769156762839407400,2514.502407470703,2.1991147994995117,1.989760160446167,6.924977779388428,6.133999824523926,15.890000343322754,74,826.5,77.6764132,12.9998306
1769156763839414800,2515.502414794922,2.088794469833374,1.117199182510376,6.934978008270264,6.7870001792907715,13.510000228881836,78,826.5,77.6764866,12.9998387
1769156764839406600,2516.502406494141,2.074718952178955,1.0562281608581543,6.944977760314941,6.550000190734863,12.6899995803833,82,826.5,77.6765825,12.9998476
1769156765839406600,2517.502406494141,2.1422278881073,1.200697898864746,6.954977989196777,6.508999824523926,12.239999771118164,84,826.5,77.6766893,12.9998681
1769156766839412000,2518.5024118652345,2.20723819732666,1.4125834703445435,6.964977741241455,6.341000080108643,11.869999885559082,86,826.5,77.6767877,12.9998698
1769156767839410700,2519.502410644531,2.175872564315796,1.0694446563720703,6.974977970123291,5.51800012588501,10.510000228881836,88,826.5,77.6768764,12.999876
1769156768839408000,2520.502408203125,2.2069103717803955,1.2132360935211182,6.984977722167969,5.4029998779296875,9.989999771118164,88,826.5,77.676973,12.9998846
1769156769839408400,2521.5024084472657,2.2387285232543945,1.5023725032806396,6.994977951049805,5.23799991607666,9.75,88,826.5,77.6770628,12.9998836
1769156770839412700,2522.5024128417967,2.335965871810913,1.6635890007019043,7.004977703094482,5.427999973297119,9.239999771118164,88,826.5,77.6771471,12.9998866
1769156778877000000,2530.54,0,0,7.004977703094482,100,0,0,826.5,77.6763394,12.9995531
1769156784516000000,2536.179,0,0,16.59490394592285,92.9000015258789,0,0,851.3999633789062,77.6772727,13.0001657
1769156790962000000,2542.6249997558593,0,0,3.744225025177002,26.625,0,0,838.7999877929688,77.6761671,13.0020396
1769156796639000000,2548.302,0,0,3.744225025177002,253.70399475097656,0,0,838.7999877929688,77.6761671,13.0020396
1769156798839412500,2550.502412597656,93.7699203491211,2.0710508823394775,3.8229992389678955,41.40599822998047,0.41999998688697815,355,838.7999877929688,77.6772809,13.0000805
1769156799839410400,2551.5024104003905,97.76163482666016,2.3837146759033203,3.8329992294311523,40.71699905395508,0.27000001072883606,36,838.7999877929688,77.6772999,13.0000441
1769156800839406300,2552.50240625,94.46076202392578,2.065006971359253,3.84299898147583,38.46799850463867,0.38999998569488525,342,838.7999877929688,77.6772434,13.0000661
1769156801839416000,2553.502416015625,91.5002670288086,1.5342801809310913,3.852999210357666,36.15599822998047,0.3700000047683716,349,838.7999877929688,77.677283,13.0000639
1769156802839409200,2554.5024091796877,97.83421325683594,1.9980319738388062,3.862999200820923,34.858001708984375,0.2199999988079071,1,838.7999877929688,77.6772886,13.0000534
1769156807606000000,2559.2690002441404,0,0,3.862999200820923,220.3300018310547,0,0,838.7999877929688,77.6772886,13.0000534
1769156810988000000,2562.651,0,0,14.976900100708008,87.5999984741211,0,0,851.3999633789062,77.6772764,13.0001676
1769156818336000000,2569.999,0,0,14.976900100708008,381.5199890136719,0,0,851.3999633789062,77.6772764,13.0001676
1769156825839414300,2577.5024143066407,4.459571361541748,2.324517250061035,15.12541389465332,10.73799991607666,13.829999923706055,87,851.3999633789062,77.6786901,12.9999783
1769156826839413500,2578.5024135742187,3.729501485824585,1.3536063432693481,15.135414123535156,9.338000297546387,15,87,851.3999633789062,77.678835,12.9999821
1769156827839406600,2579.502406494141,3.6339077949523926,1.0814813375473022,15.145414352416992,8.131999969482422,14.989999771118164,87,851.3999633789062,77.6789784,12.9999822
1769156828839410000,2580.502409912109,2.142631769180298,0.5160549879074097,15.155414581298828,7.204999923706055,15.510000228881836,87,851.3999633789062,77.679135,12.9999847
1769156829839414800,2581.502414794922,0.8166160583496094,0.19837906956672668,15.165413856506348,6.560999870300293,15.609999656677246,87,851.3999633789062,77.6792851,12.9999816
1769156830839415600,2582.5024155273436,3.985076904296875,0.9742260575294495,15.175414085388184,5.171999931335449,15.789999961853027,87,851.3999633789062,77.6794327,12.9999914
1769156831839413800,2583.5024138183594,1.3946281671524048,1.0241219997406006,15.18541431427002,4.3420000076293945,16.06999969482422,88,851.3999633789062,77.679585,12.999999
1769156832839410700,2584.502410644531,2.047447919845581,0.9297618269920349,15.195414543151855,3.9560000896453857,16.3700008392334,89,851.3999633789062,77.6797394,13.0000062
1769156833839405600,2585.502405517578,2.49682354927063,0.9343433380126953,15.205413818359375,3.927999973297119,16.739999771118164,89,851.3999633789062,77.6798954,13.0000126
1769156834839405600,2586.502405517578,2.8813674449920654,1.081802487373352,15.215414047241211,3.822000026702881,16.90999984741211,89,851.3999633789062,77.6800533,13.0000166
1769156835839414300,2587.5024143066407,2.770019769668579,0.9358452558517456,15.225414276123047,3.7899999618530273,17.309999465942383,89,851.3999633789062,77.6802075,13.0000287
1769156836839408400,2588.5024084472657,2.7320847511291504,0.9377161860466003,15.235414505004883,3.7899999618530273,17.520000457763672,88,851.3999633789062,77.6803703,13.0000339
1769156837839412000,2589.5024118652345,2.6703033447265625,0.9386169910430908,15.245413780212402,3.7899999618530273,17.799999237060547,85,851.3999633789062,77.6805358,13.0000492
1769156838839415300,2590.502415283203,2.603062391281128,0.9403758645057678,15.255414009094238,3.7899999618530273,18.100000381469727,82,851.3999633789062,77.6807048,13.0000721
1769156839839407000,2591.5024069824217,2.5090017318725586,0.9390084743499756,15.265414237976074,3.7899999618530273,18.489999771118164,80,851.3999633789062,77.6808804,13.0000998
1769156840839411200,2592.5024111328125,2.424485445022583,0.94903564453125,15.27541446685791,3.7899999618530273,18.729999542236328,76,851.3999633789062,77.68105,13.0001393
1769156841839411000,2593.502410888672,2.32358717918396,0.9390164017677307,15.28541374206543,3.7899999618530273,18.920000076293945,75,851.3999633789062,77.6812241,13.0001769
1769156842839406300,2594.50240625,2.2066073417663574,0.9323918223381042,15.295413970947266,3.7899999618530273,19.270000457763672,74,851.3999633789062,77.6813991,13.0002232
1769156843839407000,2595.5024069824217,2.119093894958496,0.9698413610458374,15.305414199829102,3.7899999618530273,19.530000686645508,75,851.3999633789062,77.6815806,13.0002699
1769156844839414800,2596.502414794922,2.051891803741455,0.9362671971321106,15.315414428710938,3.7899999618530273,19.670000076293945,78,851.3999633789062,77.6817557,13.0003135
1769156845839415000,2597.5024150390627,2.006373405456543,0.9441059827804565,15.325414657592773,3.7899999618530273,19.760000228881836,81,851.3999633789062,77.6819389,13.0003409
1769156846839414500,2598.5024145507814,2.0499987602233887,1.1293675899505615,15.335413932800293,3.7899999618530273,19.479999542236328,85,851.3999633789062,77.6821116,13.0003577
1769156847839414300,2599.5024143066407,2.0656089782714844,1.118099331855774,15.345414161682129,3.7899999618530273,19.459999084472656,87,851.3999633789062,77.6822873,13.0003739
1769156848839405800,2600.502405761719,1.9279557466506958,0.9414727687835693,15.355414390563965,3.7899999618530273,19.389999389648438,91,851.3999633789062,77.6824683,13.0003667
1769156849839412700,2601.5024128417967,1.870063066482544,0.9329738616943359,15.3654146194458,3.7899999618530273,19.270000457763672,91,851.3999633789062,77.6826492,13.0003616
1769156850839413500,2602.5024135742187,1.808884859085083,0.9335808157920837,15.37541389465332,3.7899999618530273,19.309999465942383,91,851.3999633789062,77.6828209,13.0003642
1769156851839410000,2603.502409912109,1.7549842596054077,0.9284640550613403,15.385414123535156,3.7899999618530273,19.479999542236328,91,851.3999633789062,77.6829996,13.0003646
1769156852839412200,2604.502412109375,1.711028814315796,0.9282369613647461,15.395414352416992,3.7899999618530273,19.510000228881836,91,851.3999633789062,77.6831767,13.0003593
1769156853839415000,2605.5024150390627,1.6754971742630005,0.9267432689666748,15.405414581298828,3.7899999618530273,19.40999984741211,91,851.3999633789062,77.683351,13.0003628
1769156854839410400,2606.5024104003905,1.643076777458191,0.9253961443901062,15.415413856506348,3.7899999618530273,19.3700008392334,91,851.3999633789062,77.6835313,13.0003543
1769156855839408600,2607.5024086914063,1.6148449182510376,0.9250260591506958,15.425414085388184,3.7899999618530273,19.280000686645508,91,851.3999633789062,77.6837068,13.0003564
1769156856839409200,2608.5024091796877,1.5918041467666626,0.9285290837287903,15.43541431427002,3.7899999618530273,19.290000915527344,91,851.3999633789062,77.6838814,13.0003511
1769156857839409200,2609.5024091796877,1.570671796798706,0.9289770722389221,15.445414543151855,3.7899999618530273,19.43000030517578,91,851.3999633789062,77.6840597,13.0003463
1769156858839407400,2610.502407470703,1.5504558086395264,0.925151526927948,15.455413818359375,3.7899999618530273,19.559999465942383,92,851.3999633789062,77.6842434,13.0003392
1769156859839410400,2611.5024104003905,1.5528860092163086,1.1195037364959717,15.465414047241211,3.7899999618530273,19.489999771118164,92,851.3999633789062,77.6844219,13.0003329
1769156860839409200,2612.5024091796877,1.5264395475387573,0.9271772503852844,15.475414276123047,3.7899999618530273,19.3799991607666,93,851.3999633789062,77.6846006,13.0003199
1769156861839412500,2613.502412597656,1.514940857887268,0.9252292513847351,15.485414505004883,3.7899999618530273,19.299999237060547,93,851.3999633789062,77.6847795,13.000312
1769156862839414000,2614.5024140625,1.5051517486572266,0.9260651469230652,15.495413780212402,3.7899999618530273,19.280000686645508,93,851.3999633789062,77.6849618,13.0003046
1769156863839415000,2615.5024150390627,1.4950928688049316,0.9248749613761902,15.505414009094238,3.7899999618530273,19.329999923706055,94,851.3999633789062,77.6851385,13.000295
1769156864839409700,2616.5024096679685,1.4866551160812378,0.9247204065322876,15.515414237976074,3.7899999618530273,19.399999618530273,94,851.3999633789062,77.6853224,13.0002823
1769156865839411700,2617.502411621094,1.4777177572250366,0.9256662726402283,15.52541446685791,3.7899999618530273,19.420000076293945,95,851.3999633789062,77.6855001,13.0002672
1769156866839409200,2618.5024091796877,1.4718539714813232,0.924886167049408,15.53541374206543,3.7899999618530273,19.479999542236328,95,851.3999633789062,77.6856804,13.0002515
1769156867839405800,2619.502405761719,1.479193925857544,0.9411652684211731,15.545413970947266,3.7899999618530273,19.5,97,851.3999633789062,77.6858548,13.0002312
1769156868839411500,2620.502411376953,1.4872082471847534,0.995280921459198,15.555414199829102,3.7899999618530273,19.389999389648438,100,851.3999633789062,77.6860316,13.000203
1769156869839410700,2621.502410644531,1.4946143627166748,0.9514806270599365,15.565414428710938,3.7899999618530273,19.510000228881836,103,851.3999633789062,77.6862097,13.0001645
1769156870839406300,2622.50240625,1.4977550506591797,0.9394769668579102,15.575413703918457,3.7899999618530273,19.459999084472656,106,851.3999633789062,77.6863832,13.0001131
1769156871839413500,2623.5024135742187,1.5163263082504272,1.0755687952041626,15.585413932800293,3.7899999618530273,19.34000015258789,109,851.3999633789062,77.6865469,13.0000529
1769156872839407600,2624.5024077148437,1.5214003324508667,1.1193645000457764,15.595414161682129,3.7899999618530273,19.399999618530273,112,851.3999633789062,77.6867125,12.9999916
1769156873839415000,2625.5024150390627,1.5190573930740356,0.9445555806159973,15.605414390563965,3.7899999618530273,19.469999313354492,115,851.3999633789062,77.6868759,12.9999202
1769156874839412000,2626.5024118652345,1.5234583616256714,0.9505917429924011,15.6154146194458,3.7899999618530273,19.530000686645508,118,851.3999633789062,77.6870352,12.9998382
1769156875839410700,2627.502410644531,1.5320123434066772,1.0496788024902344,15.62541389465332,3.7899999618530273,19.6299991607666,121,851.3999633789062,77.6871921,12.9997508
1769156876839407000,2628.5024069824217,1.5381355285644531,1.000894546508789,15.635414123535156,3.7899999618530273,19.520000457763672,124,851.3999633789062,77.6873458,12.9996548
1769156877839414500,2629.5024145507814,1.5401549339294434,1.035852074623108,15.645414352416992,3.7899999618530273,19.360000610351562,127,851.3999633789062,77.6874851,12.999548
1769156878839409200,2630.5024091796877,1.535064935684204,0.938296377658844,15.655414581298828,3.7899999618530273,19.520000457763672,130,851.3999633789062,77.6876329,12.9994355
1769156879839407400,2631.502407470703,1.537920594215393,0.9342688918113708,15.665413856506348,3.7899999618530273,19.209999084472656,133,851.3999633789062,77.6877633,12.9993182
1769156880839413000,2632.5024130859374,1.5393799543380737,0.9433903694152832,15.675414085388184,3.7899999618530273,19.40999984741211,135,851.3999633789062,77.6878854,12.9991995
1769156881839413000,2633.5024130859374,1.5343226194381714,0.9310810565948486,15.68541431427002,3.7899999618530273,19.34000015258789,137,851.3999633789062,77.6879936,12.9990782
1769156882839410200,2634.50241015625,1.5243252515792847,0.9270294308662415,15.695414543151855,3.7899999618530273,19.190000534057617,137,851.3999633789062,77.6881118,12.9989465
1769156883839414000,2635.5024140625,1.515667200088501,0.9308348298072815,15.705413818359375,3.7899999618530273,19.1200008392334,137,851.3999633789062,77.6882254,12.9988201
1769156884839407600,2636.5024077148437,1.507646083831787,0.9268116354942322,15.715414047241211,3.7899999618530273,19.100000381469727,137,851.3999633789062,77.6883457,12.9986957
1769156885839411700,2637.502411621094,1.5039772987365723,0.9257786870002747,15.725414276123047,3.7899999618530273,18.889999389648438,136,851.3999633789062,77.6884665,12.9985756
1769156886839410000,2638.502409912109,1.5166690349578857,0.9335517883300781,15.735414505004883,4.814000129699707,18.459999084472656,134,851.3999633789062,77.6885884,12.9984625
1769156887839406000,2639.5024060058595,1.5330944061279297,0.9841358065605164,15.745413780212402,5.8379998207092285,18.100000381469727,131,851.3999633789062,77.6887143,12.9983553
1769156888839407000,2640.5024069824217,1.550758957862854,0.9448145031929016,15.755414009094238,6.861999988555908,17.56999969482422,128,851.3999633789062,77.688846,12.9982544
1769156889839410400,2641.5024104003905,1.5697158575057983,0.9398057460784912,15.765414237976074,8.706000328063965,17.280000686645508,125,851.3999633789062,77.6889796,12.9981612
1769156890839406000,2642.5024060058595,1.5890185832977295,1.0192140340805054,15.77541446685791,8.90999984741211,17,123,851.3999633789062,77.6891112,12.9980785
1769156891839406000,2643.5024060058595,1.6082137823104858,0.9665585160255432,15.78541374206543,9.9350004196167,16.690000534057617,120,851.3999633789062,77.6892407,12.9980061
1769156892839406000,2644.5024060058595,1.6324845552444458,0.9505842924118042,15.795413970947266,9.9350004196167,16.040000915527344,118,851.3999633789062,77.689368,12.997936
1769156893839415000,2645.5024150390627,1.6476635932922363,0.929108738899231,15.805414199829102,9.9350004196167,15.5600004196167,116,851.3999633789062,77.6894957,12.9978674
1769156894839405800,2646.502405761719,1.660597562789917,0.9373929500579834,15.815414428710938,9.9350004196167,15.399999618530273,116,851.3999633789062,77.6896208,12.9978024
1769156895839414500,2647.5024145507814,1.7106249332427979,1.064873218536377,15.825414657592773,9.9350004196167,15.270000457763672,115,851.3999633789062,77.689752,12.9977431
1769156896839409400,2648.5024094238283,1.6908658742904663,0.9284007549285889,15.835413932800293,9.9350004196167,15.239999771118164,115,851.3999633789062,77.6898758,12.9976762
1769156897839406600,2649.502406494141,1.6956920623779297,0.9312978982925415,15.845414161682129,9.9350004196167,15.270000457763672,115,851.3999633789062,77.6899988,12.9976114
1769156898839408600,2650.5024086914063,1.7082951068878174,1.0323131084442139,15.855414390563965,9.9350004196167,15.270000457763672,115,851.3999633789062,77.690127,12.9975514
1769156899839409000,2651.502408935547,1.7171002626419067,1.0106837749481201,15.8654146194458,9.9350004196167,15.270000457763672,115,851.3999633789062,77.6902547,12.9974911
1769156900839406300,2652.50240625,1.7230875492095947,0.9426814317703247,15.87541389465332,9.9350004196167,15.199999809265137,115,851.3999633789062,77.69038,12.9974306
1769156901839405800,2653.502405761719,1.7296128273010254,0.9997367262840271,15.885414123535156,9.9350004196167,15.270000457763672,115,851.3999633789062,77.6905098,12.9973771
1769156902839410000,2654.502409912109,1.7341969013214111,0.9934561252593994,15.895414352416992,9.9350004196167,15.260000228881836,115,851.3999633789062,77.6906345,12.9973171
1769156903839408600,2655.5024086914063,1.7366423606872559,0.9417033791542053,15.905414581298828,9.9350004196167,15.170000076293945,115,851.3999633789062,77.6907503,12.9972543
1769156904839413500,2656.5024135742187,1.7410072088241577,0.9932594895362854,15.915413856506348,9.9350004196167,15.170000076293945,115,851.3999633789062,77.6908785,12.9971889
1769156905839414800,2657.502414794922,1.7415963411331177,0.9297241568565369,15.925414085388184,9.9350004196167,15.170000076293945,114,851.3999633789062,77.6910163,12.9971238
1769156906839409400,2658.5024094238283,1.7481689453125,0.929268479347229,15.93541431427002,9.9350004196167,15.100000381469727,112,851.3999633789062,77.6911456,12.9970724
1769156907839412500,2659.502412597656,1.7625045776367188,1.0052087306976318,15.945414543151855,9.9350004196167,14.880000114440918,111,851.3999633789062,77.6912734,12.9970262
1769156908839409000,2660.502408935547,1.7709553241729736,0.9268413186073303,15.955413818359375,9.9350004196167,14.300000190734863,110,851.3999633789062,77.6913947,12.9969822
1769156909839407400,2661.502407470703,1.7917141914367676,0.9288238883018494,15.965414047241211,9.9350004196167,13.670000076293945,109,851.3999633789062,77.6915115,12.996939
1769156910839410200,2662.50241015625,1.8164762258529663,0.9221423268318176,15.975414276123047,9.9350004196167,12.880000114440918,109,851.3999633789062,77.6916359,12.9968931
1769156911839406300,2663.50240625,1.8466488122940063,0.9222255349159241,15.985414505004883,9.9350004196167,12.119999885559082,108,851.3999633789062,77.6917477,12.9968542
1769156912839405600,2664.502405517578,1.8831062316894531,0.9207698702812195,15.995413780212402,9.9350004196167,11.270000457763672,108,851.3999633789062,77.6918432,12.9968229
1769156913839414000,2665.5024140625,1.9259464740753174,0.9218717217445374,16.005414962768555,9.9350004196167,10.470000267028809,108,851.3999633789062,77.691933,12.9967914
1769156914839406600,2666.502406494141,1.9743839502334595,0.920717716217041,2.5,9.9350004196167,9.619999885559082,108,831.328857421875,77.6920113,12.9967692
1769156915839413800,2667.5024138183594,2.03206205368042,0.9546970725059509,2.5,9.9350004196167,8.630000114440918,108,831.3055419921875,77.6920862,12.9967474
1769156916839413200,2668.502413330078,2.120985269546509,1.3866885900497437,2.5749013423919678,9.9350004196167,8.369999885559082,108,830.9986572265625,77.6921555,12.9967267
1769156917839407900,2669.5024079589843,2.214296340942383,1.6519594192504883,2.917139768600464,10.112000465393066,8.199999809265137,108,831.1634521484375,77.6922277,12.9967036
1769156918839407400,2670.502407470703,2.3145482540130615,1.877274751663208,3.288803815841675,10.378000259399414,8.069999694824219,108,831.20849609375,77.6922983,12.9966806
1769156927204000000,2678.867,0,0,16.59490394592285,92.9000015258789,0,0,827.7999877929688,77.6935936,12.9980522
1769156931053000000,2682.716,0,0,12.377603530883789,85.25,0,0,827.7999877929688,77.6935942,12.9980461
1769156938726000000,2690.389000244141,0,0,12.377603530883789,77.5999984741211,0,0,827.7999877929688,77.6935942,12.9980461
1769156941839413200,2693.502413330078,65.76525115966797,1.0334863662719727,12.408738136291504,65.12999725341797,0.8899999856948853,216,827.7999877929688,77.693486,12.9980048
1769156942839408600,2694.5024086914063,36.3321533203125,0.7649644017219543,12.418737411499023,62.7760009765625,1.3300000429153442,181,827.7999877929688,77.693353,12.9977785
1769156943839411200,2695.5024111328125,39.91534423828125,1.6556600332260132,12.42873764038086,50.32500076293945,2.5399999618530273,183,827.7999877929688,77.6934853,12.9978578
1769156944839406800,2696.502406738281,57.1739616394043,1.358157753944397,12.438737869262695,47.62900161743164,1.3700000047683716,117,827.7999877929688,77.6934646,12.9977733
1769156945839408400,2697.5024084472657,51.75813293457031,1.124857783317566,12.448737144470215,50.28200149536133,0.6100000143051147,117,827.7999877929688,77.6932763,12.9978151
1769156946839408400,2698.5024084472657,92.03128051757812,1.754673957824707,12.45873737335205,52.94900131225586,0.8199999928474426,190,827.7999877929688,77.6932499,12.9978134
1769156948839412200,2700.502412109375,79.46184539794922,3.4472551345825195,15.008184432983398,160.66799926757812,1.559999942779541,350,827.7999877929688,77.692516,12.9967283
1769156949839415000,2701.5024150390627,94.43853759765625,3.026189088821411,15.018184661865234,136.5590057373047,0.5799999833106995,290,827.7999877929688,77.6925381,12.9966795
1769156950839415000,2702.5024150390627,85.63984680175781,3.1414706707000732,15.028183937072754,122.78500366210938,1.090000033378601,215,827.7999877929688,77.6925421,12.9966327
1769156951839407600,2703.5024077148437,88.56295013427734,3.357226848602295,15.03818416595459,112.39600372314453,1,234,827.7999877929688,77.6925377,12.996608
1769156952839406600,2704.502406494141,89.32183074951172,3.5400402545928955,15.048184394836426,104.05000305175781,1.0099999904632568,216,827.7999877929688,77.6925393,12.9965857
1769156953839409400,2705.5024094238283,90.73052215576172,3.6095693111419678,15.058184623718262,96.63200378417969,0.9399999976158142,215,827.7999877929688,77.6925376,12.9965694
1769156954839411500,2706.502411376953,91.59469604492188,3.835118055343628,15.068183898925781,79.37899780273438,0.9399999976158142,210,827.7999877929688,77.6925357,12.996555
1769156955839409200,2707.5024091796877,99.52053833007812,3.8440675735473633,16.63580894470215,68.51599884033203,0.1899999976158142,213,829.7999877929688,77.6925455,12.9965546
1769156956839412000,2708.5024118652345,98.48517608642578,3.9306178092956543,16.64580726623535,56.334999084472656,0.36000001430511475,215,829.7999877929688,77.6925514,12.9965533
1769156957839408600,2709.5024086914063,90.6797866821289,3.901215076446533,16.655807495117188,51.60499954223633,1.0199999809265137,215,829.7999877929688,77.6925511,12.9965415
1769156958839412700,2710.5024128417967,99.47823333740234,4.12982177734375,13.604204177856445,49.529998779296875,0.20999999344348907,222,827.7999877929688,77.6925571,12.9965535
1769156959839410200,2711.50241015625,99.52397155761719,4.327744007110596,13.614203453063965,50.60499954223633,0.20999999344348907,231,827.7999877929688,77.6925632,12.9965657
1769156965576000000,2717.239,0,0,13.614203453063965,285.4440002441406,0,0,827.7999877929688,77.6925632,12.9965657
1769156969839412500,2721.502412597656,4.0185394287109375,1.143946886062622,13.714203834533691,21.865999221801758,14.270000457763672,110,827.7999877929688,77.6938339,12.9961054
1769156970839405800,2722.502405761719,3.2345633506774902,0.7919361591339111,13.724204063415527,15.461000442504883,15.789999961853027,113,827.7999877929688,77.6938851,12.9960711
1769156971839413500,2723.5024135742187,1.8100053071975708,0.45574572682380676,13.734204292297363,12.454000473022461,16.209999084472656,113,827.7999877929688,77.69399,12.9960282
1769156972839409200,2724.5024091796877,1.2496801614761353,0.3251715898513794,13.744203567504883,10.729999542236328,16.729999542236328,114,827.7999877929688,77.694144,12.9959675
1769156973839412700,2725.5024128417967,2.585523843765259,0.691771388053894,13.754203796386719,9.668999671936035,17.25,114,827.7999877929688,77.6942891,12.9958981
1769156974839408600,2726.5024086914063,2.0852816104888916,0.5618605613708496,13.764204025268555,8.875,17.350000381469727,115,827.7999877929688,77.6944329,12.9958309
1769156975839409000,2727.502408935547,3.4781339168548584,1.3428258895874023,13.77420425415039,5.395999908447266,17.329999923706055,114,827.7999877929688,77.6945828,12.9957668
1769156976839406000,2728.5024060058595,3.1174068450927734,0.8611875176429749,13.78420352935791,5.210000038146973,17.81999969482422,115,827.7999877929688,77.6947274,12.9956946
1769156977839414300,2729.5024143066407,1.7637526988983154,0.476283460855484,13.794203758239746,4.65500020980835,17.3799991607666,114,827.7999877929688,77.694871,12.9956265
1769156978839414300,2730.5024143066407,3.108121395111084,0.8218413591384888,13.804203987121582,4.381999969482422,17.059999465942383,113,827.7999877929688,77.695007,12.9955669
1769156979839409400,2731.5024094238283,2.417144775390625,0.632077157497406,13.814204216003418,4.190000057220459,16.850000381469727,110,827.7999877929688,77.6951527,12.9955122
1769156980839412200,2732.502412109375,1.1299939155578613,0.29278764128685,13.824203491210938,4.038000106811523,16.65999984741211,107,827.7999877929688,77.6953022,12.9954731
1769156981839411500,2733.502411376953,3.8499457836151123,1.386620283126831,13.834203720092773,3.9690001010894775,17.1200008392334,108,827.7999877929688,77.6954615,12.9954204
1769156982839407000,2734.5024069824217,4.737846851348877,1.2204028367996216,13.84420394897461,3.947000026702881,16.649999618530273,103,827.7999877929688,77.695606,12.9953874
1769156983839410400,2735.5024104003905,3.900958776473999,1.0600045919418335,13.854204177856445,3.9089999198913574,17.540000915527344,101,827.7999877929688,77.6957664,12.9953478
1769156984839406800,2736.502406738281,1.414605736732483,0.9583922028541565,13.864203453063965,3.865000009536743,17.889999389648438,100,827.7999877929688,77.6959326,12.9953116
1769156985839411700,2737.502411621094,3.89147686958313,1.4000399112701416,13.8742036819458,3.865999937057495,18.010000228881836,100,827.7999877929688,77.6960986,12.9952827
1769156986839409200,2738.5024091796877,3.303952217102051,1.428821325302124,13.884203910827637,3.9769999980926514,18.209999084472656,98,827.7999877929688,77.6962639,12.9952669
1769156987839405800,2739.502405761719,3.3398237228393555,0.9888699054718018,13.894204139709473,3.9760000705718994,19.100000381469727,98,827.7999877929688,77.6964514,12.9952472
1769156988839406300,2740.50240625,2.8213391304016113,0.9450818300247192,13.904203414916992,3.9830000400543213,19.3799991607666,98,827.7999877929688,77.6966235,12.995236
1769156989839415000,2741.5024150390627,3.2148594856262207,0.9827607274055481,13.914203643798828,4.021999835968018,19.719999313354492,98,827.7999877929688,77.6968006,12.9952147
1769156990839412500,2742.502412597656,2.5046775341033936,0.9486687779426575,13.924203872680664,3.98799991607666,20.1299991607666,98,827.7999877929688,77.6969805,12.9951932
1769156991839414000,2743.5024140625,3.2743048667907715,1.0282139778137207,13.9342041015625,3.8359999656677246,20.260000228881836,98,827.7999877929688,77.6971716,12.9951716
1769156992839406000,2744.5024060058595,2.2673568725585938,0.9352965950965881,13.944204330444336,3.808000087738037,20.479999542236328,98,827.7999877929688,77.6973611,12.995144
1769156993839410400,2745.5024104003905,3.0537891387939453,0.9808985590934753,13.954203605651855,3.7899999618530273,20.719999313354492,99,827.7999877929688,77.697547,12.9951097
1769156994839410400,2746.5024104003905,2.1372156143188477,0.9397727251052856,13.964203834533691,3.7899999618530273,20.889999389648438,101,827.7999877929688,77.6977399,12.9950722
1769156995839409200,2747.5024091796877,2.054069995880127,0.9353669285774231,13.974204063415527,3.7899999618530273,21.040000915527344,104,827.7999877929688,77.6979319,12.9950225
1769156996839415300,2748.502415283203,2.016725778579712,0.9733028411865234,13.984204292297363,3.7899999618530273,20.90999984741211,106,827.7999877929688,77.6981166,12.994972
1769156997839413000,2749.5024130859374,1.958895206451416,0.9535267353057861,13.994203567504883,3.7899999618530273,20.860000610351562,109,827.7999877929688,77.6982931,12.9949132
1769156998839407900,2750.5024079589843,3.565807342529297,1.1538965702056885,14.004203796386719,3.7899999618530273,20.889999389648438,109,827.7999877929688,77.6984728,12.9948458
1769156999839407000,2751.5024069824217,1.8401137590408325,0.9301612377166748,14.014204025268555,3.7899999618530273,20.920000076293945,110,827.7999877929688,77.6986507,12.9947846
1769157000839409700,2752.5024096679685,3.0416574478149414,0.9797675013542175,14.02420425415039,3.7899999618530273,20.780000686645508,110,827.7999877929688,77.6988367,12.9947159
1769157001839407600,2753.5024077148437,1.7457085847854614,0.9321424961090088,14.03420352935791,3.7899999618530273,20.3700008392334,110,827.7999877929688,77.6990134,12.9946531
1769157002839409400,2754.5024094238283,3.2167718410491943,0.9937350153923035,14.044203758239746,3.7899999618530273,19.93000030517578,109,827.7999877929688,77.699191,12.9945959
1769157003839408000,2755.502408203125,1.7129786014556885,1.198168158531189,14.054203987121582,3.7899999618530273,19.670000076293945,108,827.7999877929688,77.6993653,12.9945457
1769157004839409400,2756.5024094238283,5.052292823791504,1.498900294303894,14.064204216003418,3.861999988555908,19.18000030517578,108,827.7999877929688,77.6995271,12.9944918
1769157005839411500,2757.502411376953,1.729941964149475,1.1149935722351074,14.074203491210938,3.9070000648498535,18.559999465942383,106,827.7999877929688,77.699687,12.9944518
1769157006839411500,2758.502411376953,4.129073619842529,1.1486601829528809,14.084203720092773,3.941999912261963,17.969999313354492,104,827.7999877929688,77.6998392,12.9944165
1769157007839411700,2759.502411621094,1.7211484909057617,1.0199216604232788,14.09420394897461,3.9700000286102295,17.43000030517578,104,827.7999877929688,77.6999913,12.9943757
1769157008839412000,2760.5024118652345,4.164213180541992,1.0944465398788452,14.104204177856445,4.00600004196167,16.969999313354492,104,827.7999877929688,77.700146,12.9943419
1769157009839411500,2761.502411376953,1.7048966884613037,0.9427562355995178,14.114204406738281,3.937000036239624,16.510000228881836,104,827.7999877929688,77.7002955,12.9942932
1769157010839411500,2762.502411376953,4.086472511291504,1.0059819221496582,14.1242036819458,3.9119999408721924,15.899999618530273,104,827.7999877929688,77.7004392,12.9942602
1769157011839410200,2763.50241015625,1.7225141525268555,0.9716808795928955,14.134203910827637,3.875,15.319999694824219,104,827.7999877929688,77.700574,12.9942121
1769157012839408400,2764.5024084472657,1.7280023097991943,0.9511299729347229,14.144204139709473,3.8459999561309814,15.0600004196167,104,827.7999877929688,77.7007046,12.9941759
1769157013839412500,2765.502412597656,1.7291040420532227,0.9562709927558899,14.154204368591309,3.7929999828338623,15.210000038146973,104,827.7999877929688,77.7008396,12.9941422
1769157014839407000,2766.5024069824217,1.739433765411377,0.9672735333442688,14.164203643798828,3.7920000553131104,15.170000076293945,104,827.7999877929688,77.7009805,12.9941098
1769157015839413200,2767.502413330078,3.4325196743011475,0.9808496236801147,14.174203872680664,3.7899999618530273,15.239999771118164,104,827.7999877929688,77.7011194,12.9940786
1769157016839411000,2768.502410888672,1.7381352186203003,0.9570953249931335,14.1842041015625,3.7899999618530273,15.300000190734863,104,827.7999877929688,77.7012592,12.9940453
1769157017839414800,2769.502414794922,3.412205934524536,0.9869391322135925,14.194204330444336,3.7899999618530273,15.260000228881836,104,827.7999877929688,77.7013992,12.9940057
1769157018839407600,2770.5024077148437,1.7408522367477417,0.966000497341156,14.204203605651855,3.7899999618530273,15.260000228881836,104,827.7999877929688,77.7015352,12.993972
1769157019839410700,2771.502410644531,3.4810290336608887,0.9972513914108276,14.214203834533691,3.7899999618530273,15.289999961853027,104,827.7999877929688,77.701672,12.9939379
1769157020839413200,2772.502413330078,1.7384417057037354,0.9680531620979309,14.224204063415527,3.7899999618530273,15.319999694824219,104,827.7999877929688,77.7018073,12.9939019
1769157021839408400,2773.5024084472657,3.5255892276763916,1.0117753744125366,14.234204292297363,3.7899999618530273,14.960000038146973,105,827.7999877929688,77.7019429,12.9938697
1769157022839412700,2774.5024128417967,1.74240243434906,0.9717687964439392,14.244203567504883,3.7899999618530273,14.979999542236328,104,827.7999877929688,77.7020812,12.9938352
1769157023839414300,2775.5024143066407,3.63456392288208,0.9870488047599792,14.254203796386719,3.7899999618530273,14.3100004196167,104,827.7999877929688,77.7022034,12.9938073
1769157024839405600,2776.502405517578,1.7829991579055786,1.0424530506134033,14.264204025268555,3.7899999618530273,14.119999885559082,104,827.7999877929688,77.7023295,12.993776
1769157025839413200,2777.502413330078,3.8132524490356445,0.981715977191925,7.904445171356201,3.7899999618530273,13.609999656677246,104,880,77.7024412,12.9937434
1769157026839410200,2778.50241015625,1.8068256378173828,1.1494431495666504,7.914444923400879,3.7899999618530273,13.489999771118164,104,880,77.7025606,12.9937139
1769157027839408600,2779.5024086914063,1.824122667312622,0.9381877779960632,7.924445152282715,3.7899999618530273,12.649999618530273,104,880,77.7026701,12.9936866
1769157028839414800,2780.502414794922,1.8580107688903809,0.9948040843009949,7.934444904327393,3.7899999618530273,12.229999542236328,104,880,77.7027852,12.9936531
1769157029839409700,2781.5024096679685,1.8924851417541504,1.0194872617721558,7.9444451332092285,3.7899999618530273,11.619999885559082,105,880,77.7028872,12.9936251
1769157030839407400,2782.502407470703,4.794389724731445,0.97878098487854,7.954444885253906,3.7899999618530273,10.8100004196167,105,880,77.7029803,12.9936026
1769157031839408000,2783.502408203125,1.9688937664031982,0.9271944761276245,7.964445114135742,4.814000129699707,9.979999542236328,105,880,77.7030681,12.9935803
1769157032839408600,2784.5024086914063,5.6334309577941895,1.011017918586731,7.97444486618042,6.248000144958496,9.239999771118164,105,880,77.703151,12.9935587
1769157033839405800,2785.502405761719,2.0842812061309814,1.2338436841964722,7.984445095062256,6.861999988555908,8.65999984741211,105,880,77.7032297,12.9935375
1769157034839408400,2786.5024084472657,12.686562538146973,1.6609021425247192,7.994444847106934,7.984000205993652,8.460000038146973,104,880,77.7033053,12.993519
1769157043569000000,2795.232,0,0,6.643725395202637,41.20500183105469,0,0,832.5,77.7030511,12.9937145
1769157045839410000,2797.502409912109,33.56168746948242,1.7926313877105713,6.66642951965332,29.902999877929688,0.5199999809265137,110,832.5,77.7035849,12.9934425
1769157046839410700,2798.502410644531,0,1.8661463260650635,6.676429271697998,25.531999588012695,0,0,832.5,77.7035814,12.9934464
1769157047839409700,2799.5024096679685,99.32672119140625,2.6299588680267334,6.686429500579834,24.145000457763672,0.15000000596046448,241,832.5,77.7035773,12.9934407
1769157048716000000,2800.379,0,0,6.686429500579834,27.60700035095215,0,0,832.5,77.7035773,12.9934407
1769157048839411000,2800.502410888672,99.41386413574219,3.0394484996795654,6.69642972946167,26.465999603271484,0.17000000178813934,240,832.5,77.7035749,12.9934397
1769157049839411700,2801.502411621094,99.50148010253906,3.3047149181365967,6.706429481506348,26.149999618530273,0.17000000178813934,240,832.5,77.7035735,12.993439
1769157050839412700,2802.5024128417967,95.04093170166016,3.431540012359619,6.716429710388184,27.350000381469727,0.6100000143051147,185,832.5,77.7035446,12.9934299
1769157051839409700,2803.5024096679685,95.57943725585938,3.6681313514709473,6.726429462432861,27.808000564575195,0.6100000143051147,185,832.5,77.7035441,12.9934243
1769157052839407600,2804.5024077148437,96.01553344726562,3.8902080059051514,6.736429691314697,30.798999786376953,0.6100000143051147,185,832.5,77.7035436,12.9934188
1769157053839413800,2805.5024138183594,57.24553298950195,3.63736891746521,1.8471616506576538,30.726999282836914,3.259999990463257,295,832.5,77.7033404,12.9935419
1769157054839409400,2806.5024094238283,76.79000091552734,3.4135923385620117,1.8571616411209106,31.88800048828125,1.7000000476837158,308,832.5,77.7033601,12.9935453
1769157055839414000,2807.5024140625,73.1579818725586,2.3407480716705322,1.867161750793457,33.78099822998047,1.309999942779541,358,832.5,77.703388,12.9935637
1769157056839406800,2808.502406738281,86.79218292236328,5.002096652984619,1.8771616220474243,32.72600173950195,1.649999976158142,342,832.5,77.7034024,12.9935823
1769157057839412000,2809.5024118652345,71.96215057373047,4.710887432098389,1.8871617317199707,30.79199981689453,2.75,16,832.5,77.7034225,12.9936083
1769157058839407600,2810.5024077148437,53.97998046875,2.6282596588134766,1.897161602973938,29.959999084472656,2.5799999237060547,19,832.5,77.7034439,12.9936413
1769157059839409400,2811.5024094238283,46.268436431884766,2.639356851577759,1.9071615934371948,28.548999786376953,3.2200000286102295,20,832.5,77.7034638,12.9936778
1769157060839415300,2812.502415283203,55.49766159057617,2.8500418663024902,1.9171617031097412,26.934999465942383,2.680000066757202,7,832.5,77.7034688,12.993703
1769157061839410200,2813.50241015625,60.868133544921875,3.1703286170959473,5.018447399139404,27.565000534057617,2.569999933242798,357,832.7000122070312,77.7034602,12.9937239
1769157062839410000,2814.502409912109,55.4521484375,3.2539737224578857,5.02844762802124,28.45599937438965,3.069999933242798,340,832.7000122070312,77.7034398,12.9937409
1769157063839415300,2815.502415283203,84.88237762451172,1.831873893737793,5.038447380065918,29.2549991607666,0.6600000262260437,341,832.7000122070312,77.7034373,12.993725
1769157064839410400,2816.5024104003905,80.19100189208984,1.9106230735778809,5.048447608947754,29.63800048828125,0.8399999737739563,348,832.7000122070312,77.7034445,12.9937042
1769157065075000000,2816.738,0,0,5.048447608947754,31.006999969482422,0,0,832.7000122070312,77.7034445,12.9937042
1769157065839410000,2817.502409912109,87.41825103759766,2.3720438480377197,5.058447360992432,31.128000259399414,0.75,34,832.7000122070312,77.7034522,12.9936849
1769157066839410200,2818.50241015625,89.70687866210938,2.704023599624634,5.068447589874268,32.270999908447266,0.75,33,832.7000122070312,77.7034614,12.9936698
1769157070367000000,2822.03,0,0,5.068447589874268,178.125,0,0,832.7000122070312,77.7034614,12.9936698
1769157078839406800,2830.502406738281,2.18172025680542,0.47820863127708435,5.18844747543335,7.72599983215332,14.119999885559082,105,832.7000122070312,77.7046602,12.9931693
1769157079839413000,2831.5024130859374,0.6797627806663513,0.15274770557880402,5.1984477043151855,6.736999988555908,14.430000305175781,104,832.7000122070312,77.7047778,12.9931376
1769157080839408000,2832.502408203125,0.8563385605812073,0.18863296508789062,5.208447456359863,6.001999855041504,14.149999618530273,103,832.7000122070312,77.7049172,12.9930935
1769157081839413200,2833.502413330078,0.9463580250740051,0.20916132628917694,5.218447685241699,5.486000061035156,14.199999809265137,101,832.7000122070312,77.7050333,12.9930712
1769157082839409700,2834.5024096679685,2.1944897174835205,0.49883267283439636,5.137938499450684,5.145999908447266,14.640000343322754,99,831.64111328125,77.7051642,12.993049
1769157083839409200,2835.5024091796877,1.2999101877212524,0.3158845901489258,4.898661136627197,4.359000205993652,15.630000114440918,97,828.89599609375,77.7053041,12.99302
1769157084839412200,2836.502412109375,0.5868988633155823,0.14616484940052032,4.229615688323975,4.263999938964844,15.989999771118164,94,826.2230224609375,77.7054488,12.9930046
1769157085839412500,2837.502412597656,0.4649350345134735,0.11898770183324814,3.948779344558716,3.819000005722046,16.43000030517578,93,825.52197265625,77.705601,12.9929903
1769157086839413200,2838.502413330078,0.627287745475769,0.16505305469036102,3.6505367755889893,3.813999891281128,16.899999618530273,92,824.001708984375,77.7057564,12.9929788
1769157087839406800,2839.502406738281,0.526283323764801,0.14214244484901428,3.4238033294677734,3.7899999618530273,17.34000015258789,92,823.6201171875,77.7059149,12.99297
1769157088839406800,2840.502406738281,0.5483505725860596,0.14843866229057312,3.493183135986328,3.7899999618530273,17.3799991607666,92,823.973388671875,77.7060757,12.9929646
1769157089839413200,2841.502413330078,0.3674994111061096,0.9274269342422485,3.434539318084717,3.7899999618530273,17.34000015258789,92,824.003173828125,77.7062339,12.9929573
1769157090839412200,2842.502412109375,3.6377501487731934,0.9840488433837891,3.482606887817383,3.7899999618530273,17.459999084472656,92,823.4613037109375,77.7063965,12.9929477
1769157091839412200,2843.502412109375,0.9428919553756714,0.9227548837661743,3.4501073360443115,3.7899999618530273,17.530000686645508,92,823.894287109375,77.7065604,12.992941
1769157092839414000,2844.5024140625,1.2044215202331543,0.9244017004966736,3.288663625717163,3.7899999618530273,17.459999084472656,93,822.489013671875,77.7067191,12.9929346
1769157093839406300,2845.50240625,1.4369611740112305,0.9249477982521057,2.9281983375549316,3.7899999618530273,16.989999771118164,93,823.3074951171875,77.7068749,12.9929295
1769157094839414300,2846.5024143066407,1.6406621932983398,0.9322825074195862,2.7357559204101562,3.7899999618530273,16.510000228881836,92,824.32763671875,77.7070328,12.9929212
1769157095839415800,2847.5024157714843,1.8081438541412354,0.9325456619262695,2.5662646293640137,3.7899999618530273,15.899999618530273,92,824.24755859375,77.7071777,12.9929144
1769157096839406600,2848.502406494141,1.9409098625183105,0.928517758846283,2.5,3.7899999618530273,15.319999694824219,92,823.662841796875,77.7073231,12.9929067
1769157097839406300,2849.50240625,2.0532121658325195,0.926659107208252,2.5,3.7899999618530273,14.680000305175781,92,823.84228515625,77.707459,12.9928995
1769157098839410000,2850.502409912109,2.158705949783325,0.9271824359893799,2.5,3.7899999618530273,14.020000457763672,90,824.6103515625,77.7075925,12.9928977
1769157099839406800,2851.502406738281,3.8489978313446045,0.9741257429122925,2.5,3.7899999618530273,13.460000038146973,91,824.5247802734375,77.7077131,12.9928939
1769157100839406600,2852.502406494141,2.359816551208496,0.9327837228775024,2.5,3.7899999618530273,13.130000114440918,84,825.357666015625,77.7078356,12.9928988
1769157101839411000,2853.502410888672,3.925790786743164,0.9741663932800293,2.5,3.7899999618530273,13.199999809265137,91,825.6951904296875,77.7079593,12.9928968
1769157102839408400,2854.5024084472657,2.3876984119415283,0.9268898367881775,2.5,3.7899999618530273,13.319999694824219,86,825.0419921875,77.7080817,12.9928966
1769157103839408600,2855.5024086914063,3.8639862537384033,0.9741195440292358,2.5,3.7899999618530273,13.40999984741211,91,825.06591796875,77.7082071,12.9928962
1769157104839406600,2856.502406494141,2.3713881969451904,0.9267348051071167,2.5,3.7899999618530273,13.319999694824219,87,825.1434326171875,77.7083282,12.9928927
1769157105839406600,2857.502406494141,3.9016013145446777,0.974303126335144,2.5,3.7899999618530273,13.279999732971191,91,825.023681640625,77.7084522,12.9928948
1769157106839413200,2858.502413330078,2.338120460510254,0.9250918626785278,2.5,3.7899999618530273,13.180000305175781,89,824.8193359375,77.7085754,12.992887
1769157107839407600,2859.5024077148437,3.9995696544647217,0.9741830229759216,2.5,3.7899999618530273,12.949999809265137,91,825.0174560546875,77.7086954,12.992889
1769157108839408000,2860.502408203125,2.3182616233825684,0.9273495078086853,2.5,3.7899999618530273,12.680000305175781,90,824.9281005859375,77.708812,12.9928827
1769157109839410200,2861.50241015625,4.161144733428955,0.9742923974990845,2.5,3.7899999618530273,12.449999809265137,91,824.81884765625,77.7089233,12.9928822
1769157110839414500,2862.5024145507814,2.300809144973755,0.923272430896759,2.5,3.7899999618530273,12.260000228881836,90,824.74365234375,77.7090396,12.9928826
1769157111839408400,2863.5024084472657,2.297797918319702,0.9258477687835693,2.5,3.7899999618530273,12.0600004196167,91,824.07861328125,77.7091497,12.9928796
1769157112839415000,2864.5024150390627,2.301046371459961,0.9540973901748657,2.5,3.7899999618530273,11.699999809265137,91,824.21533203125,77.70926,12.9928787
1769157113839406300,2865.50240625,2.3859879970550537,0.9661939740180969,2.5,3.7899999618530273,11.460000038146973,80,823.501953125,77.7093726,12.9928757
1769157114839412700,2866.5024128417967,4.90753173828125,1.0008065700531006,2.5,3.7899999618530273,10.779999732971191,91,823.4971923828125,77.7094664,12.9928699
1769157115839408600,2867.5024086914063,2.403123617172241,0.9287824034690857,2.5,3.7899999618530273,10.75,82,822.0869140625,77.7095671,12.9928723
1769157116839410000,2868.502409912109,4.736465930938721,0.9741739630699158,2.5,3.7899999618530273,10.9399995803833,91,821.735107421875,77.7096637,12.9928744
1769157117839414000,2869.5024140625,2.384131669998169,0.9289263486862183,2.5,3.7899999618530273,11.100000381469727,84,821.543701171875,77.709767,12.9928724
1769157118839410400,2870.5024104003905,4.582657337188721,0.9750502109527588,2.5,3.7899999618530273,11.3100004196167,91,821.997314453125,77.7098701,12.992863
1769157119839414800,2871.502414794922,2.3652055263519287,0.924173891544342,2.5,3.7899999618530273,11.430000305175781,84,821.734619140625,77.7099768,12.9928604
1769157120839415600,2872.5024155273436,4.447365760803223,0.9740859270095825,2.5,3.7899999618530273,11.640000343322754,91,821.046630859375,77.7100809,12.9928602
1769157121839409700,2873.5024096679685,2.3260347843170166,0.9264901876449585,2.5,3.7899999618530273,11.59000015258789,87,821.03662109375,77.7101897,12.9928546
1769157122839415000,2874.5024150390627,4.499382019042969,0.9743092656135559,2.5,3.7899999618530273,11.510000228881836,93,820.6011962890625,77.7102977,12.9928481
1769157123839409700,2875.5024096679685,2.294208526611328,0.9222660064697266,2.5,3.7899999618530273,11.329999923706055,91,820.5531005859375,77.7104002,12.9928388
1769157124839407900,2876.5024079589843,4.631962299346924,0.9736072421073914,2.5,3.7899999618530273,11.180000305175781,95,820.022705078125,77.7105054,12.992828
1769157125839414800,2877.502414794922,2.2808773517608643,0.924842119216919,2.5,3.7899999618530273,11.130000114440918,92,820.152587890625,77.710605,12.9928186
1769157126839414500,2878.5024145507814,2.271737575531006,0.9252151846885681,2.5,3.7899999618530273,11.0600004196167,93,820.130859375,77.7107077,12.9928058
1769157127839408000,2879.502408203125,2.2613837718963623,0.9243562817573547,2.5,3.7899999618530273,11.020000457763672,94,820.482666015625,77.7108057,12.9927936
1769157128839410400,2880.5024104003905,2.252689838409424,0.9241995811462402,2.5,3.7899999618530273,11.020000457763672,96,820.7900390625,77.7109022,12.9927777
1769157129839412000,2881.5024118652345,4.637120246887207,0.9753841161727905,2.5,3.7899999618530273,11.180000305175781,99,820.6494140625,77.7110055,12.9927591
1769157130839414000,2882.5024140625,2.234109401702881,0.9273685216903687,2.5,3.7899999618530273,11.279999732971191,99,820.4840087890625,77.7111088,12.9927393
1769157131839407900,2883.5024079589843,4.643911838531494,0.9743719100952148,2.5,3.7899999618530273,11.149999618530273,100,819.86572265625,77.7112082,12.9927158
1769157132839411500,2884.502411376953,2.225863218307495,0.922157347202301,2.5,3.7899999618530273,11.020000457763672,102,819.722412109375,77.7113072,12.9926932
1769157133839411500,2885.502411376953,4.7778639793396,0.9750129580497742,2.5,3.7899999618530273,10.850000381469727,102,819.0428466796875,77.711403,12.9926818
1769157134839409000,2886.502408935547,2.2322349548339844,0.9245866537094116,2.5,3.7899999618530273,10.710000038146973,104,818.312744140625,77.7115007,12.9926618
1769157135839414800,2887.502414794922,4.880079746246338,0.9742233753204346,2.5,3.7899999618530273,10.619999885559082,104,818.0390625,77.7115955,12.9926421
1769157136839413200,2888.502413330078,2.2436628341674805,0.9255192279815674,2.5,3.7899999618530273,10.510000228881836,107,817.376708984375,77.7116876,12.9926162
1769157137839411700,2889.502411621094,4.912451267242432,0.9738366603851318,2.5,3.7899999618530273,10.539999961853027,105,816.736328125,77.7117731,12.9925923
1769157138839411700,2890.502411621094,2.248265027999878,0.9248167872428894,2.5,3.7899999618530273,10.680000305175781,109,817.052001953125,77.7118639,12.9925655
1769157139839413000,2891.5024130859374,4.7634782791137695,0.9747835397720337,2.5,5.019000053405762,10.880000114440918,107,817.503662109375,77.711956,12.9925366
1769157140839411500,2892.502411376953,2.2412216663360596,0.9251688122749329,2.5,5.8379998207092285,10.989999771118164,112,817.7322998046875,77.7120577,12.9924983
1769157141839410000,2893.502409912109,2.2409191131591797,0.9271979331970215,2.5,6.861999988555908,11.020000457763672,113,818.179931640625,77.7121557,12.9924626
1769157142839415800,2894.5024157714843,2.2393665313720703,0.9243668913841248,2.5,8.706000328063965,10.880000114440918,114,818.636962890625,77.7122436,12.9924295
1769157143839407600,2895.5024077148437,2.241608142852783,0.9291190505027771,2.5,8.90999984741211,10.84000015258789,115,819.15234375,77.7123386,12.9923952
1769157144839412700,2896.5024128417967,4.798701763153076,0.9759300351142883,2.5,9.9350004196167,10.8100004196167,109,819.1046142578125,77.7124377,12.9923587
1769157145839411700,2897.502411621094,2.2375681400299072,0.9230071306228638,2.5,9.9350004196167,10.789999961853027,115,819.260498046875,77.7125331,12.9923218
1769157146839409400,2898.5024094238283,4.768449306488037,0.974319338798523,2.5,9.9350004196167,10.869999885559082,109,819.254638671875,77.7126298,12.992289
1769157147839407000,2899.5024069824217,2.232391834259033,0.9257762432098389,2.5,9.9350004196167,10.920000076293945,115,819.4215087890625,77.712726,12.9922574
1769157148839408000,2900.502408203125,4.728304386138916,0.9807767271995544,2.5,9.9350004196167,10.970000267028809,109,819.9232177734375,77.7128195,12.9922269
1769157149839413800,2901.5024138183594,4.966541767120361,1.0310429334640503,2.5,9.9350004196167,11.010000228881836,109,820.01318359375,77.712916,12.9921981
1769157150839410000,2902.502409912109,3.489647388458252,0.6063380837440491,2.5,9.9350004196167,11.210000038146973,109,820.4727783203125,77.7130137,12.9921581
1769157151839408000,2903.502408203125,2.3381948471069336,0.3969419002532959,2.5,9.9350004196167,10.9399995803833,109,820.41650390625,77.7131124,12.9921281
1769157152839405800,2904.502405761719,2.245636224746704,0.37365248799324036,2.5,9.9350004196167,10.720000267028809,111,821.0615234375,77.7132056,12.9920952
1769157153839408000,2905.502408203125,2.340610980987549,0.3817768394947052,2.5,9.9350004196167,10.510000228881836,114,820.2078857421875,77.7132894,12.9920588
1769157154839411500,2906.502411376953,1.8962030410766602,0.30742892622947693,2.5,9.9350004196167,10.4399995803833,118,820.5166015625,77.7133799,12.992012
1769157155839415000,2907.5024150390627,1.507524847984314,0.24390915036201477,2.5,9.9350004196167,10.40999984741211,121,820.29931640625,77.7134619,12.9919664
1769157156839412500,2908.502412597656,2.919389247894287,0.43730637431144714,2.5,9.9350004196167,9.65999984741211,128,820.2191162109375,77.7135312,12.9919151
1769157157839414300,2909.5024143066407,1.5239660739898682,0.24816936254501343,2.5,9.9350004196167,10.479999542236328,132,820.634765625,77.7136102,12.9918546
1769157158839406000,2910.5024060058595,0.9891549348831177,0.16458547115325928,2.5,9.9350004196167,10.6899995803833,136,820.8646240234375,77.7136804,12.9917847
1769157159839413200,2911.502413330078,1.2076284885406494,0.20071910321712494,2.5,9.9350004196167,10.6899995803833,141,821.0443115234375,77.7137472,12.991716
1769157160839408000,2912.502408203125,3.0139310359954834,0.47959622740745544,2.5,9.9350004196167,10.260000228881836,146,821.525390625,77.7138052,12.9916393
1769157161839408400,2913.5024084472657,1.616176724433899,0.28782498836517334,2.5,9.9350004196167,11.460000038146973,150,821.8812255859375,77.7138635,12.9915545
1769157162839409700,2914.5024096679685,1.265524983406067,0.22402170300483704,2.5,9.9350004196167,11.380000114440918,155,821.909423828125,77.7139087,12.9914675
1769157163839407000,2915.5024069824217,1.5200674533843994,0.26874983310699463,2.5,9.9350004196167,11.369999885559082,160,822.1856689453125,77.7139441,12.9913727
1769157164839407000,2916.5024069824217,2.573737144470215,0.45551976561546326,2.5,9.9350004196167,11.40999984741211,164,823.088623046875,77.7139739,12.9912703
1769157165839407400,2917.502407470703,2.6418964862823486,0.4349897503852844,2.5,9.9350004196167,10.609999656677246,172,824.133056640625,77.7139899,12.9911756
1769157166839405600,2918.502405517578,5.367273807525635,1.3248144388198853,2.5484910011291504,9.9350004196167,11.119999885559082,172,824.532470703125,77.7140036,12.9910771
1769157167839405600,2919.502405517578,5.129526615142822,1.3771103620529175,2.76169753074646,9.9350004196167,11.09000015258789,176,824.3367919921875,77.714008,12.9909765
1769157168839411500,2920.502411376953,4.587031364440918,0.779293417930603,2.716315507888794,9.9350004196167,10.979999542236328,186,824.732177734375,77.7140067,12.9908752
1769157169839412500,2921.502412597656,3.3712308406829834,0.606242835521698,2.7777862548828125,9.9350004196167,11.600000381469727,188,825.241943359375,77.7140011,12.9907735
1769157170839406800,2922.502406738281,5.476903915405273,0.9706788063049316,2.5623269081115723,9.9350004196167,11.460000038146973,191,825.386474609375,77.7139714,12.9906727
1769157171839413800,2923.5024138183594,4.525213241577148,0.9881398677825928,2.5691215991973877,9.9350004196167,11.579999923706055,198,825.2890625,77.7139366,12.9905732
1769157172839412200,2924.502412109375,3.5579347610473633,0.9407647252082825,2.5,9.9350004196167,11.600000381469727,204,825.5986328125,77.7138974,12.9904767
1769157173839412500,2925.502412597656,4.371603012084961,0.9486292004585266,2.5,9.9350004196167,11.430000305175781,210,826.056640625,77.7138528,12.9903859
1769157174839411000,2926.502410888672,4.69169807434082,0.9488829970359802,2.5,9.9350004196167,11.449999809265137,215,826.18017578125,77.7137998,12.9902989
1769157175839410400,2927.5024104003905,4.847966194152832,0.9498075842857361,2.5,9.9350004196167,11.460000038146973,220,826.2998046875,77.7137357,12.990221
1769157176839409000,2928.502408935547,4.688586235046387,0.9884839057922363,2.5,9.9350004196167,11.210000038146973,221,826.041748046875,77.7136694,12.9901493
1769157177839408400,2929.5024084472657,4.713207244873047,0.9734952449798584,2.5,9.9350004196167,11.300000190734863,230,826.1007080078125,77.7135915,12.9900817
1769157178839406000,2930.5024060058595,4.620674133300781,0.9984089136123657,2.5,9.9350004196167,11.270000457763672,231,825.8046875,77.7135067,12.9900159
1769157179839414500,2931.5024145507814,4.3831562995910645,0.952580988407135,2.5,9.9350004196167,11.260000228881836,238,825.731689453125,77.7134223,12.9899614
1769157180839415300,2932.502415283203,4.561792373657227,0.9750323295593262,2.5,9.9350004196167,11.359999656677246,238,826.378173828125,77.7133304,12.989906
1769157181839415000,2933.5024150390627,3.9792895317077637,0.9343347549438477,2.5,9.9350004196167,11.199999809265137,241,826.744873046875,77.7132358,12.9898586
1769157182839408000,2934.502408203125,4.595849990844727,0.9744918942451477,2.5,9.9350004196167,11.279999732971191,240,826.84912109375,77.7131452,12.9898097
1769157183839414000,2935.5024140625,3.6275532245635986,0.9314588308334351,2.5,9.9350004196167,11.239999771118164,241,826.2266845703125,77.7130519,12.9897595
1769157184839405800,2936.502405761719,4.618644714355469,0.9740127325057983,2.5,9.9350004196167,11.210000038146973,239,826.23095703125,77.7129581,12.9897099
1769157185839408400,2937.5024084472657,3.3599648475646973,0.9280278086662292,2.5,9.9350004196167,11.039999961853027,240,826.38330078125,77.7128744,12.9896597
1769157186839412200,2938.502412109375,4.804892063140869,0.9739969968795776,2.5,9.9350004196167,10.779999732971191,239,826.626708984375,77.7127902,12.9896133
1769157187839405800,2939.502405761719,3.2266783714294434,0.927147626876831,2.5,9.9350004196167,10.40999984741211,240,826.836181640625,77.7127088,12.9895648
1769157188839407400,2940.502407470703,3.199751853942871,0.9289982914924622,2.5,9.9350004196167,10.010000228881836,240,826.609130859375,77.712627,12.989519
1769157189839414000,2941.5024140625,3.167315721511841,0.9239919185638428,2.5,9.9350004196167,9.579999923706055,240,826.636962890625,77.7125482,12.9894771
1769157190839410400,2942.5024104003905,3.1602654457092285,0.9243336915969849,2.5,9.9350004196167,9.149999618530273,240,826.674072265625,77.7124747,12.9894386
1769157191839408400,2943.5024084472657,5.931004047393799,0.9737525582313538,2.5,9.9350004196167,8.729999542236328,239,827.1083984375,77.7124032,12.9893945
1769157192839413200,2944.502413330078,3.171759843826294,0.9227777123451233,2.5,9.9350004196167,8.3100004196167,239,826.759033203125,77.7123372,12.9893563
1769157193839413800,2945.5024138183594,6.5460076332092285,0.9737815856933594,2.5,9.9350004196167,7.909999847412109,239,827.23974609375,77.7122711,12.9893238
1769157194839411700,2946.502411621094,3.2114737033843994,0.9225785136222839,2.5,9.9350004196167,7.570000171661377,239,827.61279296875,77.7122133,12.9892926
1769157195839413800,2947.5024138183594,7.053892135620117,0.9737105369567871,2.5,9.9350004196167,7.340000152587891,239,827.1402587890625,77.7121536,12.989254
1769157196839410700,2948.502410644531,3.2547404766082764,0.9219405055046082,2.5,9.9350004196167,7.119999885559082,238,827.1358642578125,77.7120946,12.9892225
1769157197839409400,2949.5024094238283,7.49487829208374,0.9742684364318848,2.5,9.9350004196167,6.909999847412109,239,827.420654296875,77.712039,12.9891896
1769157198839413800,2950.5024138183594,3.30989146232605,0.9212804436683655,2.5,9.9350004196167,6.619999885559082,238,827.54931640625,77.7119834,12.9891563
1769157199839415300,2951.502415283203,8.197188377380371,0.9754263162612915,2.5,9.9350004196167,6.309999942779541,239,827.54638671875,77.7119343,12.9891279
1769157200839406000,2952.5024060058595,3.4062108993530273,1.01188063621521,2.5,9.9350004196167,5.880000114440918,238,827.67431640625,77.711888,12.9890992
1769157201839409700,2953.5024096679685,14.83252239227295,1.361101746559143,2.5,9.9350004196167,5.909999847412109,237,827.8603515625,77.7118424,12.9890703
1769157202839408600,2954.5024086914063,3.592630386352539,1.3798974752426147,2.5618183612823486,10.01099967956543,5.809999942779541,238,827.9296875,77.7117947,12.9890451
1769157203839412700,2955.5024128417967,3.7221529483795166,1.6072887182235718,2.9222400188446045,10.166000366210938,5.809999942779541,238,827.767578125,77.7117499,12.9890181
1769157204839407900,2956.5024079589843,3.8533272743225098,1.6705660820007324,3.246662139892578,10.447999954223633,5.579999923706055,238,827.80859375,77.7117082,12.9889938
1769157205839406800,2957.502406738281,3.9899799823760986,1.8398774862289429,3.5484726428985596,11.105999946594238,5.460000038146973,238,827.84375,77.7116652,12.9889678
1769157206839408600,2958.5024086914063,4.128831386566162,2.042198896408081,3.86122727394104,11.57800006866455,5.260000228881836,237,827.839111328125,77.7116245,12.988943
1769157207839411200,2959.5024111328125,4.266167163848877,2.2096052169799805,4.093662261962891,12.845000267028809,5.110000133514404,237,827.7789306640625,77.7115881,12.988921
1769157208839407400,2960.502407470703,27.959814071655273,2.4055891036987305,4.309536933898926,13.345000267028809,5.369999885559082,237,827.7208251953125,77.7115364,12.9888897
1769157209839410700,2961.502410644531,4.546694278717041,2.3270931243896484,4.487987995147705,14.949000358581543,5.639999866485596,237,827.572998046875,77.7114952,12.9888634
1769157210839408400,2962.5024084472657,28.961559295654297,2.6122167110443115,4.633667945861816,16.292999267578125,5.610000133514404,237,827.525634765625,77.7114537,12.9888375
1769157211839413800,2963.5024138183594,4.821813583374023,2.5962696075439453,4.888381481170654,17.990999221801758,5.980000019073486,237,826.929931640625,77.7114109,12.9888215
1769157212839415300,2964.502415283203,26.703872680664062,2.691754102706909,5.058183193206787,19.641000747680664,6.320000171661377,237,826.8802490234375,77.7113373,12.9887731
1769157213839412000,2965.5024118652345,5.00266695022583,2.584733724594116,4.9625725746154785,21.275999069213867,6.480000019073486,234,826.2412109375,77.7112869,12.9887245
1769157214839410700,2966.502410644531,27.251598358154297,2.8138275146484375,4.892948150634766,22.893999099731445,6.460000038146973,235,826.12744140625,77.7112292,12.9886913
1769157215839406300,2967.50240625,5.266841411590576,2.7279341220855713,4.881408214569092,23.344999313354492,5.849999904632568,234,826.0250244140625,77.711229,12.9886841
1769157216839410000,2968.502409912109,33.82196807861328,2.6853878498077393,4.918090343475342,24.31999969482422,4.78000020980835,234,825.8369140625,77.7112356,12.9886833
1769157217839412700,2969.5024128417967,5.55177640914917,2.7148120403289795,4.987426280975342,25.138999938964844,4.769999980926514,234,825.8431396484375,77.7112003,12.9886581
1769157218839411500,2970.502411376953,5.67463493347168,2.43314528465271,5.0835041999816895,25.594999313354492,2.6700000762939453,234,825.689697265625,77.7112501,12.9886877
1769157219839410400,2971.5024104003905,5.8094353675842285,2.4365200996398926,5.249200344085693,26.0310001373291,2.3299999237060547,233,825.9541015625,77.7112084,12.9886484
1769157220839407000,2972.5024069824217,5.952332019805908,2.5716166496276855,5.4036078453063965,26.740999221801758,2.0199999809265137,232,825.81591796875,77.7112129,12.9886407
1769157221839413200,2973.502413330078,6.100916862487793,2.130413770675659,5.564446449279785,25.219999313354492,0.3499999940395355,232,825.51611328125,77.7114517,12.988794
1769157222839406600,2974.502406494141,6.240034103393555,2.2775678634643555,5.818210601806641,24.038999557495117,0.2199999988079071,230,824.263427734375,77.7113847,12.9887102
1769157223839413000,2975.5024130859374,32.962852478027344,2.0629289150238037,6.042562484741211,21.5049991607666,0.6899999976158142,228,825.046875,77.7115005,12.988727
1769157224839413200,2976.502413330078,6.08112907409668,2.185331344604492,6.513338088989258,19.711999893188477,0.47999998927116394,230,825.6942138671875,77.7114851,12.9887811
1769157225839411700,2977.502411621094,25.903226852416992,1.7880973815917969,7.470069885253906,17.742000579833984,0.6200000047683716,229,825.665283203125,77.7115322,12.98879
1769157226839414800,2978.502414794922,6.265196323394775,1.4484599828720093,8.358342170715332,18.099000930786133,0.5699999928474426,230,825.331787109375,77.7115286,12.9887957
1769157227839407600,2979.5024077148437,20.88129234313965,1.572466254234314,8.576485633850098,18.165000915527344,0.30000001192092896,230,826.553955078125,77.7115336,12.9888109
1769157228839414800,2980.502414794922,6.431126117706299,1.9503604173660278,8.669944763183594,18.56100082397461,0.41999998688697815,231,826.17822265625,77.7115404,12.9888252
1769157229839406800,2981.502406738281,31.24322509765625,2.1333956718444824,8.626248359680176,18.643999099731445,0.33000001311302185,231,826.2822265625,77.7115441,12.9888364
1769157230839414000,2982.5024140625,6.653783321380615,1.8719639778137207,9.157431602478027,18.972999572753906,0.2199999988079071,237,825.73388671875,77.7115406,12.9888475
1769157231839415000,2983.5024150390627,23.448396682739258,1.7374383211135864,9.111177444458008,18.733999252319336,0.2800000011920929,253,826.504638671875,77.7115433,12.9888571
1769157232839411000,2984.502410888672,94.98909759521484,2.011993169784546,8.931492805480957,18.667999267578125,0.30000001192092896,231,827.4334716796875,77.7115496,12.9888662
1769157233839406800,2985.502406738281,0,2.25968074798584,8.859071731567383,18.749000549316406,0,0,827.450927734375,77.7115548,12.9888739
1769157234839410200,2986.50241015625,96.04834747314453,2.5968546867370605,8.739112854003906,19.090999603271484,0.4000000059604645,187,827.4195556640625,77.7115605,12.9888785
1769157235839409700,2987.5024096679685,98.08096313476562,2.6314938068389893,19.952878952026367,19.59000015258789,0.27000001072883606,143,830.3999633789062,77.7115721,12.9888867
1769157236839406600,2988.502406494141,86.74372863769531,2.8202011585235596,19.962879180908203,20.246999740600586,0.9300000071525574,68,830.3999633789062,77.7115906,12.988907
1769157237839406000,2989.5024060058595,84.6957015991211,2.6268794536590576,19.97287940979004,21.389999389648438,0.949999988079071,90,830.3999633789062,77.7116134,12.988908
1769157238839411000,2990.502410888672,78.59613037109375,2.6924989223480225,19.982879638671875,23.94499969482422,1.25,28,830.3999633789062,77.7116187,12.9889326
1769157239839406800,2991.502406738281,87.44068908691406,2.8500492572784424,5.354034900665283,25.023000717163086,0.8999999761581421,22,830.3999633789062,77.7116286,12.9889546
1769157240839407900,2992.5024079589843,92.73988342285156,3.0594112873077393,5.364034652709961,27.423999786376953,0.6800000071525574,347,830.3999633789062,77.7116286,12.9889717
1769157241839411500,2993.502411376953,78.748291015625,3.263417959213257,5.374034881591797,31.886999130249023,1.5099999904632568,348,830.3999633789062,77.7116231,12.9889989
1769157242839414300,2994.5024143066407,91.98554229736328,3.3476638793945312,5.384034633636475,35.4109992980957,0.800000011920929,332,830.3999633789062,77.7116192,12.989015
1769157243839406800,2995.502406738281,79.23420715332031,3.481184482574463,5.3940348625183105,37.439998626708984,1.590000033378601,337,830.3999633789062,77.7116106,12.9890392
1769157244839408600,2996.5024086914063,80.94501495361328,3.714682102203369,5.404034614562988,44.11399841308594,1.5800000429153442,338,830.3999633789062,77.711602,12.9890641
1769157245839412500,2997.502412597656,82.381591796875,3.934114933013916,5.414034843444824,49.45100021362305,1.5800000429153442,340,830.3999633789062,77.7115943,12.9890867
1769157246839412200,2998.502412109375,69.8532943725586,4.0592732429504395,5.424034595489502,55.104000091552734,2.5299999713897705,341,830.3999633789062,77.7115814,12.9891266
1769157247839408600,2999.5024086914063,68.61164093017578,4.334263801574707,5.434034824371338,58.95600128173828,2.809999942779541,346,830.3999633789062,77.7115768,12.9891749
1769157248839409400,3000.5024094238283,70.04566192626953,4.522987365722656,5.444034576416016,71.00700378417969,2.799999952316284,349,830.3999633789062,77.7115737,12.9892199
1769157249839410400,3001.5024104003905,71.06510162353516,4.574042797088623,5.454034805297852,80.9209976196289,2.75,351,830.3999633789062,77.7115692,12.9892601
1769157250839408000,3002.502408203125,72.31768035888672,4.752868175506592,5.464034557342529,87.74600219726562,2.75,350,830.3999633789062,77.7115647,12.9892969
1769157251839408400,3003.5024084472657,73.4592514038086,4.924901485443115,5.474034786224365,101.05899810791016,2.740000009536743,348,830.3999633789062,77.7115595,12.9893311
1769157259839410200,3011.50241015625,3.9260916709899902,0.9904304146766663,5.55403470993042,21.757999420166016,13.369999885559082,239,830.3999633789062,77.7104804,12.9881647
1769157260839412000,3012.5024118652345,2.3048505783081055,0.5000237226486206,5.564034938812256,18.010000228881836,13.979999542236328,239,830.3999633789062,77.7103763,12.9881083
1769157261839412200,3013.502412109375,2.149547576904297,0.48937517404556274,7.940155029296875,15.85099983215332,14.65999984741211,239,870.0999755859375,77.7102493,12.9880718
1769157262839407900,3014.5024079589843,1.8382235765457153,0.43132731318473816,7.950155258178711,13.824000358581543,15.100000381469727,239,870.0999755859375,77.7101615,12.9880321
1769157263839411700,3015.502411621094,4.375491619110107,1.297229528427124,7.960155010223389,12.371999740600586,15.350000381469727,240,870.0999755859375,77.7100149,12.987962
1769157264839409200,3016.5024091796877,3.449007749557495,1.1791037321090698,7.970155239105225,11.25100040435791,16.59000015258789,238,870.0999755859375,77.7098752,12.9878883
1769157265839412700,3017.5024128417967,3.6230363845825195,1.0220657587051392,7.980154991149902,7.296000003814697,15.899999618530273,236,870.0999755859375,77.7097544,12.9878141
1769157266839411200,3018.5024111328125,4.629707336425781,1.6874059438705444,7.990155220031738,6.906000137329102,16.719999313354492,234,870.0999755859375,77.709638,12.9877307
1769157267839406000,3019.5024060058595,4.479327201843262,1.1559735536575317,8.000155448913574,5.724999904632568,16.670000076293945,226,870.0999755859375,77.7095241,12.9876362
1769157268839412500,3020.502412597656,2.811199188232422,0.737657904624939,8.010154724121094,4.809000015258789,16.920000076293945,222,870.0999755859375,77.7094231,12.987532
1769157269839414000,3021.5024140625,1.9400336742401123,0.5205410122871399,8.02015495300293,4.442999839782715,17.280000686645508,219,870.0999755859375,77.709314,12.9874239
1769157270839415800,3022.5024157714843,0.7402562499046326,0.19873474538326263,8.030155181884766,4.202000141143799,17.25,216,870.0999755859375,77.709217,12.9873029
1769157271839410400,3023.5024104003905,0.3696904480457306,0.10009936988353729,8.040155410766602,4.132999897003174,17.3799991607666,212,870.0999755859375,77.7091356,12.9871785
1769157272839410200,3024.50241015625,0.38233456015586853,0.10335059463977814,8.050154685974121,3.8369998931884766,17.350000381469727,209,870.0999755859375,77.7090513,12.9870408
1769157273839414300,3025.5024143066407,3.0489585399627686,0.9798372983932495,8.060154914855957,3.7950000762939453,17.329999923706055,208,870.0999755859375,77.7089673,12.9868992
1769157274839410000,3026.502409912109,4.142048358917236,1.1279711723327637,8.070155143737793,3.7939999103546143,17.59000015258789,206,870.0999755859375,77.7088899,12.9867525
1769157275839407900,3027.5024079589843,2.309750556945801,0.9499002695083618,8.080155372619629,3.7899999618530273,17.440000534057617,206,870.0999755859375,77.7088204,12.9866097
1769157276839408400,3028.5024084472657,3.6538379192352295,0.9964711666107178,8.090154647827148,3.7899999618530273,17.600000381469727,205,870.0999755859375,77.7087562,12.9864702
1769157277839414800,3029.502414794922,2.7817766666412354,0.9376713633537292,8.100154876708984,3.7899999618530273,17.68000030517578,205,870.0999755859375,77.708692,12.9863246
1769157278839408400,3030.5024084472657,2.800346851348877,1.0595120191574097,8.11015510559082,3.7899999618530273,17.860000610351562,205,870.0999755859375,77.7086168,12.9861725
1769157279839406600,3031.502406494141,2.7526092529296875,0.9449262619018555,8.120155334472656,3.7899999618530273,17.81999969482422,203,870.0999755859375,77.7085553,12.9860255
1769157280839408600,3032.5024086914063,2.722947835922241,1.0007661581039429,8.130154609680176,3.7899999618530273,17.90999984741211,201,870.0999755859375,77.7084989,12.9858757
1769157281839411500,3033.502411376953,2.646101474761963,0.9416707754135132,8.140154838562012,3.7899999618530273,17.8700008392334,198,870.0999755859375,77.7084459,12.9857228
1769157282839409200,3034.5024091796877,2.568211078643799,0.939540684223175,8.150155067443848,3.7899999618530273,17.90999984741211,195,870.0999755859375,77.7084013,12.9855719
1769157283839407400,3035.502407470703,3.550755739212036,0.9778110384941101,8.160155296325684,3.7899999618530273,17.770000457763672,192,870.0999755859375,77.7083648,12.9854142
1769157284839410000,3036.502409912109,2.4165124893188477,0.9326779842376709,8.17015552520752,3.7899999618530273,17.610000610351562,190,870.0999755859375,77.7083367,12.9852547
1769157285839412500,3037.502412597656,3.620577335357666,0.9771920442581177,8.180154800415039,3.7899999618530273,17.420000076293945,187,870.0999755859375,77.7083202,12.9851042
1769157286839407900,3038.5024079589843,2.343743324279785,0.9387571811676025,8.190155029296875,3.7899999618530273,16.920000076293945,184,870.0999755859375,77.7083057,12.9849563
1769157287839410700,3039.502410644531,3.842226028442383,0.9768526554107666,8.200155258178711,3.7899999618530273,16.40999984741211,182,870.0999755859375,77.7082998,12.9848084
1769157288839415600,3040.5024155273436,2.2607851028442383,0.9287167191505432,8.210155487060547,3.7899999618530273,15.979999542236328,180,870.0999755859375,77.7082964,12.9846579
1769157289839408000,3041.502408203125,3.98848295211792,0.9764261841773987,8.220154762268066,3.7899999618530273,15.8100004196167,179,870.0999755859375,77.7083009,12.9845132
1769157290839412700,3042.5024128417967,2.194108009338379,0.9310399889945984,8.230154991149902,3.7899999618530273,15.640000343322754,178,870.0999755859375,77.7083029,12.9843706
1769157291839413000,3043.5024130859374,4.059600830078125,0.9760363101959229,8.240155220031738,3.7899999618530273,15.529999732971191,179,870.0999755859375,77.7083074,12.9842286
1769157292839414300,3044.5024143066407,2.1117238998413086,0.929238498210907,8.250155448913574,3.7899999618530273,15.369999885559082,178,870.0999755859375,77.7083103,12.9840857
1769157293839410000,3045.502409912109,2.080594062805176,0.9284065961837769,8.260154724121094,3.7899999618530273,15.1899995803833,178,870.0999755859375,77.7083139,12.9839437
1769157294839409000,3046.502408935547,2.049578905105591,0.9244553446769714,8.27015495300293,3.7899999618530273,15.010000228881836,178,870.0999755859375,77.7083159,12.9838078
1769157295839410200,3047.50241015625,2.025160789489746,0.9242543578147888,8.280155181884766,3.7899999618530273,14.880000114440918,178,870.0999755859375,77.7083176,12.9836764
1769157296839406800,3048.502406738281,2.0001120567321777,0.9244330525398254,8.290155410766602,3.7899999618530273,14.84000015258789,178,870.0999755859375,77.7083175,12.9835415
1769157297839407600,3049.5024077148437,1.9839417934417725,0.9284363389015198,8.300154685974121,3.7899999618530273,14.649999618530273,178,870.0999755859375,77.708322,12.9834105
1769157298839407900,3050.5024079589843,1.9739432334899902,1.0108462572097778,8.310154914855957,3.7899999618530273,14.619999885559082,177,870.0999755859375,77.7083259,12.9832831
1769157299839407900,3051.5024079589843,1.9610822200775146,0.9316325783729553,8.320155143737793,3.7899999618530273,14.600000381469727,176,870.0999755859375,77.7083346,12.9831529
1769157300839406800,3052.502406738281,1.9621212482452393,0.9382569193840027,8.330155372619629,3.7899999618530273,14.1899995803833,174,870.0999755859375,77.7083435,12.9830298
1769157301839411500,3053.502411376953,1.9600567817687988,0.974871039390564,8.340154647827148,3.7899999618530273,14.25,173,870.0999755859375,77.7083566,12.982902
1769157302839406600,3054.502406494141,1.9505952596664429,0.9416142702102661,8.350154876708984,3.7899999618530273,13.899999618530273,172,870.0999755859375,77.7083729,12.9827761
1769157303839414300,3055.5024143066407,1.951490879058838,0.9278159141540527,8.36015510559082,3.7899999618530273,13.539999961853027,171,870.0999755859375,77.7083908,12.9826555
1769157304839414300,3056.5024143066407,1.9640038013458252,0.9252558350563049,8.370155334472656,3.7899999618530273,12.829999923706055,170,870.0999755859375,77.7084169,12.9825417
1769157305839410700,3057.502410644531,1.9784626960754395,0.9215558767318726,8.380155563354492,3.7899999618530273,12.199999809265137,170,870.0999755859375,77.7084379,12.9824341
1769157306839411200,3058.5024111328125,2.007956027984619,0.9275901913642883,8.390154838562012,3.7899999618530273,11.369999885559082,168,870.0999755859375,77.7084595,12.982332
1769157307839409400,3059.5024094238283,2.0417656898498535,0.9306520819664001,8.400155067443848,3.7899999618530273,10.579999923706055,167,870.0999755859375,77.7084788,12.9822422
1769157308839411000,3060.502410888672,2.079380750656128,0.9261786341667175,8.410155296325684,3.7899999618530273,9.949999809265137,166,870.0999755859375,77.7084948,12.9821551
1769157309839413500,3061.5024135742187,2.1146647930145264,0.9223849773406982,8.42015552520752,3.7899999618530273,9.550000190734863,166,870.0999755859375,77.7085171,12.9820661
1769157310839409000,3062.502408935547,2.1575043201446533,0.9246374368667603,8.430154800415039,3.7899999618530273,9.050000190734863,165,870.0999755859375,77.7085377,12.9819852
1769157311839415300,3063.502415283203,2.2003095149993896,0.9228466749191284,8.440155029296875,3.7899999618530273,8.6899995803833,164,870.0999755859375,77.7085628,12.9819089
1769157312839411000,3064.502410888672,2.243557929992676,0.9216468334197998,8.450155258178711,3.7899999618530273,8.399999618530273,164,870.0999755859375,77.7085842,12.9818381
1769157313839409000,3065.502408935547,2.287353038787842,0.9212824702262878,8.460155487060547,3.7899999618530273,8.140000343322754,163,870.0999755859375,77.7086049,12.9817706
1769157314839414500,3066.5024145507814,2.3320982456207275,0.9195862412452698,8.470154762268066,3.7899999618530273,7.849999904632568,163,870.0999755859375,77.7086233,12.9817049
1769157315839413500,3067.5024135742187,2.3827037811279297,0.9207582473754883,8.480154991149902,3.7899999618530273,7.429999828338623,163,870.0999755859375,77.7086393,12.9816401
1769157316839409400,3068.5024094238283,2.4400861263275146,0.9199321866035461,8.490155220031738,3.7899999618530273,6.840000152587891,164,870.0999755859375,77.7086573,12.981583
1769157317839408400,3069.5024084472657,2.5035202503204346,0.9196820855140686,8.500155448913574,3.7899999618530273,6.239999771118164,164,870.0999755859375,77.7086723,12.9815279
1769157318839413000,3070.5024130859374,2.5710713863372803,0.9219355583190918,8.510154724121094,3.7899999618530273,5.75,163,870.0999755859375,77.7086885,12.9814805
1769157319839410200,3071.50241015625,2.6382782459259033,0.9226717352867126,8.52015495300293,3.7899999618530273,5.489999771118164,163,870.0999755859375,77.7087021,12.9814301
1769157320839413500,3072.5024135742187,2.72019362449646,1.2161688804626465,8.530155181884766,3.7899999618530273,5.070000171661377,164,870.0999755859375,77.7087154,12.9813871
1769157321839410200,3073.50241015625,2.810551643371582,1.3738435506820679,8.540155410766602,5.085000038146973,4.369999885559082,163,870.0999755859375,77.7087229,12.9813508
1769157322839415000,3074.5024150390627,2.895648717880249,1.475247859954834,8.550154685974121,6.484000205993652,4.260000228881836,163,870.0999755859375,77.7087334,12.9813143
1769157323839406000,3075.5024060058595,3.0010697841644287,1.5327281951904297,3.5796613693237305,7.297999858856201,3.0299999713897705,163,834.2999877929688,77.7087371,12.9813007
1769157324839412000,3076.5024118652345,3.1081790924072266,1.6414512395858765,3.5896613597869873,9.597000122070312,3.0999999046325684,163,834.2999877929688,77.7087455,12.9812745
1769157325839413000,3077.5024130859374,3.218923568725586,1.7013299465179443,3.599661350250244,10.027999877929688,3.740000009536743,164,834.2999877929688,77.7087578,12.9812316
1769157326839412200,3078.502412109375,3.335472583770752,1.8154197931289673,3.609661340713501,11.829000473022461,3.740000009536743,164,834.2999877929688,77.7087671,12.9811995
1769157327839407900,3079.5024079589843,3.4514803886413574,1.9305633306503296,3.619661331176758,12.187999725341797,3.4700000286102295,164,834.2999877929688,77.7087698,12.9811828
1769157328839408400,3080.5024084472657,3.5722579956054688,2.0976510047912598,3.6296613216400146,13.229000091552734,3.309999942779541,163,834.2999877929688,77.7087796,12.9811442
1769157329839409700,3081.5024096679685,3.694755792617798,1.6696211099624634,3.6396613121032715,13.442999839782715,2.9100000858306885,164,834.2999877929688,77.7087932,12.9811058
1769157330839411200,3082.5024111328125,3.8190200328826904,1.86166250705719,3.6496613025665283,14.031999588012695,2.5799999237060547,164,834.2999877929688,77.7087942,12.9811013
1769157331839414000,3083.5024140625,3.9447121620178223,1.688324213027954,3.659661293029785,14.762999534606934,2.009999990463257,164,834.2999877929688,77.7087988,12.9810878
1769157332839410000,3084.502409912109,4.073003768920898,1.8236185312271118,3.669661283493042,14.956000328063965,1.8600000143051147,164,834.2999877929688,77.7088047,12.9810686
1769157333839414500,3085.5024145507814,4.199194431304932,1.5365760326385498,3.679661512374878,14.732999801635742,0.5099999904632568,164,834.2999877929688,77.7088066,12.9810652
1769157334839412500,3086.502412597656,4.333549499511719,1.7564693689346313,3.6896612644195557,14.690999984741211,0.46000000834465027,163,834.2999877929688,77.7088073,12.9810643
1769157335839408600,3087.5024086914063,0,1.828524112701416,3.6996612548828125,14.503999710083008,0,0,834.2999877929688,77.7088078,12.981066
1769157336839406800,3088.502406738281,4.60090446472168,2.0165727138519287,3.7096612453460693,14.241999626159668,0.20000000298023224,163,834.2999877929688,77.708809,12.9810705
1769157337839410000,3089.502409912109,4.741101264953613,2.072575569152832,3.719661235809326,14.107000350952148,0.23000000417232513,163,834.2999877929688,77.7088105,12.9810738
1769157338839414800,3090.502414794922,0,2.205768585205078,3.729661464691162,14.008999824523926,0,0,834.2999877929688,77.7088108,12.9810759
1769157339839406600,3091.502406494141,0,2.3887994289398193,3.73966121673584,14.168000221252441,0,0,834.2999877929688,77.7088113,12.9810758
1769157340839408600,3092.5024086914063,89.26346588134766,1.9465361833572388,3.749661445617676,14.149999618530273,0.550000011920929,62,834.2999877929688,77.7088159,12.9810748
1769157341839415300,3093.502415283203,0,1.6613560914993286,3.7596614360809326,14.284000396728516,0,0,834.2999877929688,77.708812,12.9810731
1769157342839409000,3094.502408935547,94.39488220214844,1.7560697793960571,5.791092872619629,14.29699993133545,0.33000001311302185,57,827.2763671875,77.7088035,12.9810763
1769157343839406600,3095.502406494141,94.47577667236328,1.8967493772506714,5.640105247497559,14.315999984741211,0.36000001430511475,58,826.03759765625,77.7088005,12.9810791
1769157344839410000,3096.502409912109,90.10093688964844,2.1318178176879883,5.71363639831543,14.166000366210938,0.5799999833106995,106,824.9888916015625,77.7088099,12.9810756
1769157345839407000,3097.5024069824217,67.04518127441406,3.5761570930480957,5.784155368804932,14.180999755859375,2.430000066757202,45,825.916259765625,77.7088246,12.9810889
1769157346839407600,3098.5024077148437,0,1.3596059083938599,5.898048400878906,14.053000450134277,0,0,825.9100341796875,77.7088273,12.9810981
1769157347839406300,3099.50240625,95.7058334350586,1.8374130725860596,5.976676940917969,14,0.30000001192092896,32,825.732177734375,77.7088258,12.9811008
1769157348839409400,3100.5024094238283,96.18679809570312,2.179579496383667,15.010004043579102,13.793000221252441,0.33000001311302185,160,844.7999877929688,77.7088258,12.9811052
1769157349839412000,3101.5024118652345,94.15694427490234,2.4059813022613525,15.020004272460938,13.802000045776367,0.4699999988079071,150,844.7999877929688,77.7088263,12.9811067
1769157350839414500,3102.5024145507814,89.16807556152344,2.823431968688965,15.030004501342773,14.03499984741211,0.8100000023841858,154,844.7999877929688,77.7088271,12.9811034
1769157351839410700,3103.502410644531,91.01953125,3.065732002258301,15.040003776550293,14.852999687194824,0.7799999713897705,152,844.7999877929688,77.7088307,12.981101
1769157352839412200,3104.502412109375,94.32684326171875,3.1945416927337646,15.050004005432129,16.030000686645508,0.6200000047683716,170,844.7999877929688,77.7088238,12.9811001
1769157353839407600,3105.5024077148437,97.0633544921875,2.71392822265625,15.060004234313965,16.579999923706055,0.36000001430511475,188,844.7999877929688,77.7088164,12.9811127
1769157354839410400,3106.5024104003905,95.80970001220703,2.792146682739258,15.0700044631958,17.854000091552734,0.44999998807907104,298,844.7999877929688,77.7088113,12.9811304
1769157355839410400,3107.5024104003905,90.27225494384766,3.069671869277954,15.08000373840332,19.246000289916992,0.8199999928474426,64,844.7999877929688,77.7088123,12.9811423
1769157356839410700,3108.502410644531,89.44219970703125,3.2102224826812744,15.090003967285156,21.3700008392334,0.9100000262260437,98,844.7999877929688,77.708823,12.9811532
1769157357839410200,3109.50241015625,88.69810485839844,3.311645746231079,15.100004196166992,22.170000076293945,0.9800000190734863,115,844.7999877929688,77.7088332,12.981155
1769157358839415600,3110.5024155273436,89.8842544555664,3.5562326908111572,15.110004425048828,24.599000930786133,0.9800000190734863,115,844.7999877929688,77.7088428,12.9811546
1769157359839406300,3111.50240625,93.86107635498047,3.802273988723755,15.120003700256348,25.58300018310547,0.7699999809265137,116,844.7999877929688,77.7088499,12.9811564
1769157360839411200,3112.5024111328125,68.8810806274414,3.3603687286376953,15.130003929138184,27.833999633789062,2.1600000858306885,150,844.7999877929688,77.7088402,12.9811274
1769157361839406800,3113.502406738281,69.36064147949219,3.4138073921203613,15.14000415802002,28.72599983215332,2.1600000858306885,168,844.7999877929688,77.7088315,12.9811008
1769157362839411700,3114.502411621094,72.01422119140625,3.7041358947753906,15.150004386901855,31.777000427246094,2.1600000858306885,178,844.7999877929688,77.7088191,12.9810741
1769157363839411000,3115.502410888672,69.92402648925781,3.799365997314453,15.160004615783691,33.10499954223633,2.359999895095825,179,844.7999877929688,77.7088074,12.9810479
1769157364839410200,3116.50241015625,65.22453308105469,3.724853038787842,15.170003890991211,35.40700149536133,2.6600000858306885,181,844.7999877929688,77.7087952,12.9810166
1769157365839410700,3117.502410644531,38.670372009277344,3.5085606575012207,15.180004119873047,35.95100021362305,5.389999866485596,156,844.7999877929688,77.7089284,12.9808315
1769157366839407400,3118.502407470703,28.67905616760254,3.547323226928711,15.190004348754883,38.542999267578125,7.699999809265137,154,844.7999877929688,77.7090463,12.980646
1769157367839407900,3119.5024079589843,23.57926368713379,3.16398286819458,15.200004577636719,36.61600112915039,8.5,147,844.7999877929688,77.7092262,12.9806053
1769157368839415000,3120.5024150390627,10.666731834411621,1.679294466972351,15.210003852844238,31.242000579833984,10.1899995803833,161,844.7999877929688,77.7090662,12.9803355
1769157369839408000,3121.502408203125,4.745536804199219,1.2271835803985596,15.220004081726074,27.80900001525879,11.630000114440918,164,844.7999877929688,77.7090637,12.9800748
1769157370839406300,3122.50240625,1.3854790925979614,0.2334292232990265,15.23000431060791,23.238000869750977,10.84000015258789,164,844.7999877929688,77.7090798,12.9800016
1769157371839414000,3123.5024140625,0.5668057799339294,0.09760735929012299,15.240004539489746,14.20199966430664,11.0600004196167,164,844.7999877929688,77.7090996,12.9798888
1769157372839411200,3124.5024111328125,0.5770972967147827,0.10043296217918396,15.250003814697266,10.793000221252441,11.170000076293945,164,844.7999877929688,77.7091251,12.9797972
1769157373839414800,3125.502414794922,0.8069095611572266,0.14098110795021057,15.260004043579102,10.649999618530273,11.220000267028809,164,844.7999877929688,77.7091495,12.9796995
1769157374839408000,3126.502408203125,0.607646107673645,0.10724107176065445,15.270004272460938,10.093999862670898,11.329999923706055,164,844.7999877929688,77.7091804,12.9795935
1769157375839405600,3127.502405517578,0.5572047233581543,0.09748464077711105,15.280004501342773,9.97599983215332,11.229999542236328,164,844.7999877929688,77.7092139,12.9794959
1769157376839406800,3128.502406738281,0.6129768490791321,0.10667020082473755,15.290003776550293,9.9350004196167,11.180000305175781,164,844.7999877929688,77.7092424,12.9794025
1769157377839412500,3129.502412597656,0.6230701804161072,0.10818711668252945,15.300004005432129,9.9350004196167,11.149999618530273,164,844.7999877929688,77.7092652,12.9793032
1769157378839410700,3130.502410644531,0.5825884938240051,0.1004357784986496,15.310004234313965,9.9350004196167,11.069999694824219,164,844.7999877929688,77.7092901,12.9792024
1769157379839409400,3131.5024094238283,0.7764391303062439,0.13489681482315063,15.3200044631958,9.9350004196167,11.15999984741211,162,844.7999877929688,77.7093214,12.9791066
1769157380839409400,3132.5024094238283,5.636334419250488,0.9671227931976318,15.33000373840332,9.9350004196167,11.09000015258789,161,844.7999877929688,77.7093557,12.9790093
1769157381839412700,3133.5024128417967,1.5137356519699097,0.943733811378479,15.340003967285156,9.9350004196167,11.039999961853027,156,844.7999877929688,77.7093954,12.9789211
1769157382839408000,3134.502408203125,2.369004011154175,0.9440876245498657,15.350004196166992,9.9350004196167,11.119999885559082,151,844.7999877929688,77.7094436,12.9788361
1769157383839411000,3135.502410888672,3.1051619052886963,0.9517797231674194,15.360004425048828,9.9350004196167,10.819999694824219,145,844.7999877929688,77.7094989,12.9787562
1769157384839414800,3136.502414794922,3.632230520248413,0.9425261616706848,15.370004653930664,9.9350004196167,11.119999885559082,139,844.7999877929688,77.7095573,12.9786732
1769157385839411700,3137.502411621094,3.990065574645996,0.9514906406402588,15.380003929138184,9.9350004196167,10.960000038146973,134,844.7999877929688,77.7096195,12.9786008
1769157386839410200,3138.50241015625,4.195349216461182,0.9574208855628967,15.39000415802002,9.9350004196167,10.979999542236328,129,844.7999877929688,77.7096955,12.978533
1769157387839415000,3139.5024150390627,4.237007141113281,0.9649462103843689,15.400004386901855,9.9350004196167,11.149999618530273,123,844.7999877929688,77.7097761,12.9784724
1769157388839408600,3140.5024086914063,4.2330827713012695,0.9565139412879944,15.410004615783691,9.9350004196167,11.279999732971191,117,844.7999877929688,77.7098678,12.9784221
1769157389839414800,3141.502414794922,4.138539791107178,0.9480440020561218,15.420003890991211,9.9350004196167,11.529999732971191,113,844.7999877929688,77.7099615,12.9783705
1769157390839414500,3142.5024145507814,4.302651882171631,1.145920753479004,15.430004119873047,9.9350004196167,11.600000381469727,107,844.7999877929688,77.7100637,12.9783367
1769157391839413000,3143.5024130859374,4.022332191467285,1.0028643608093262,15.440004348754883,9.9350004196167,11.670000076293945,103,844.7999877929688,77.7101629,12.9782956
1769157392839407400,3144.502407470703,3.829606056213379,0.943678081035614,15.450004577636719,9.9350004196167,11.920000076293945,98,844.7999877929688,77.7102682,12.978267
1769157393839414300,3145.5024143066407,3.723320960998535,0.9386667609214783,15.460003852844238,9.9350004196167,11.4399995803833,95,844.7999877929688,77.7103764,12.978252
1769157394839411500,3146.502411376953,3.6879982948303223,0.9356188178062439,15.470004081726074,9.9350004196167,10.279999732971191,93,844.7999877929688,77.7104696,12.9782442
1769157395839412000,3147.5024118652345,3.6836156845092773,0.9297759532928467,15.48000431060791,9.9350004196167,9.319999694824219,92,844.7999877929688,77.7105541,12.9782305
1769157396839415300,3148.502415283203,3.6937098503112793,0.9258963465690613,15.490004539489746,9.9350004196167,8.5,92,844.7999877929688,77.7106339,12.9782208
1769157397839405800,3149.502405761719,3.6757328510284424,0.9243805408477783,15.500003814697266,9.9350004196167,8.300000190734863,92,844.7999877929688,77.7107089,12.9782115
1769157398839414500,3150.5024145507814,3.629554033279419,0.9238051772117615,15.510004043579102,9.9350004196167,8.430000305175781,93,844.7999877929688,77.7107876,12.9781995
1769157399839409700,3151.5024096679685,3.563007354736328,0.9245127439498901,15.520004272460938,9.9350004196167,8.729999542236328,93,844.7999877929688,77.7108703,12.9781917
1769157400839415600,3152.5024155273436,3.4453065395355225,0.9253132939338684,15.530004501342773,9.9350004196167,9.460000038146973,93,844.7999877929688,77.7109566,12.9781788
1769157401839410000,3153.502409912109,3.3074920177459717,0.9261025786399841,15.540003776550293,9.9350004196167,10.15999984741211,94,844.7999877929688,77.7110493,12.9781709
1769157402839408400,3154.5024084472657,3.1670358180999756,0.9261409640312195,15.550004005432129,9.9350004196167,10.75,94,844.7999877929688,77.7111436,12.9781586
1769157403839408600,3155.5024086914063,3.018935203552246,0.9258629083633423,15.560004234313965,9.9350004196167,11.40999984741211,95,844.7999877929688,77.7112498,12.9781464
1769157404839412000,3156.5024118652345,2.8678407669067383,0.9266963005065918,15.5700044631958,9.9350004196167,12.140000343322754,95,844.7999877929688,77.7113603,12.9781325
1769157405839407900,3157.5024079589843,2.7121775150299072,0.9262194633483887,15.58000373840332,9.9350004196167,12.920000076293945,95,844.7999877929688,77.7114795,12.9781179
1769157406839415000,3158.5024150390627,2.5677762031555176,0.9262137413024902,15.590003967285156,9.9350004196167,13.640000343322754,96,844.7999877929688,77.7116011,12.9781031
1769157407839412000,3159.5024118652345,2.4332797527313232,0.9260008335113525,15.600004196166992,9.9350004196167,14.289999961853027,96,844.7999877929688,77.7117325,12.9780857
1769157408839415600,3160.5024155273436,2.3192389011383057,0.9275134205818176,15.610004425048828,9.9350004196167,14.829999923706055,96,844.7999877929688,77.711867,12.9780681
1769157409839413500,3161.5024135742187,2.2267537117004395,0.9268184304237366,15.620004653930664,9.9350004196167,14.949999809265137,96,844.7999877929688,77.7120054,12.9780566
1769157410839410200,3162.50241015625,2.149569511413574,0.926207959651947,15.630003929138184,9.9350004196167,15.020000457763672,96,844.7999877929688,77.7121447,12.9780359
1769157411839410400,3163.5024104003905,2.081336259841919,0.9246651530265808,15.64000415802002,9.9350004196167,15.069999694824219,96,844.7999877929688,77.7122851,12.9780193
1769157412839409400,3164.5024094238283,2.0329010486602783,0.9265979528427124,15.650004386901855,9.9350004196167,14.899999618530273,96,844.7999877929688,77.7124186,12.9780042
1769157413839410000,3165.502409912109,1.996972918510437,0.9263360500335693,15.660004615783691,9.9350004196167,14.630000114440918,97,844.7999877929688,77.7125545,12.9779833
1769157414839412700,3166.5024128417967,1.9672808647155762,0.9262803196907043,15.670003890991211,9.9350004196167,14.380000114440918,97,844.7999877929688,77.7126918,12.9779731
1769157415839406600,3167.502406494141,1.9464777708053589,0.925153911113739,15.680004119873047,9.9350004196167,14.109999656677246,97,844.7999877929688,77.7128219,12.9779567
1769157416839406300,3168.50240625,1.926949143409729,0.9238832592964172,15.690004348754883,9.9350004196167,13.970000267028809,97,844.7999877929688,77.7129527,12.9779442
1769157417839406000,3169.5024060058595,1.9090054035186768,0.9237136840820312,15.700004577636719,9.9350004196167,14.010000228881836,97,844.7999877929688,77.71308,12.9779282
1769157418839409000,3170.502408935547,1.8938227891921997,0.9237601161003113,15.710003852844238,9.9350004196167,13.989999771118164,97,844.7999877929688,77.7132084,12.9779094
1769157419839414800,3171.502414794922,1.8810735940933228,0.9246972799301147,15.720004081726074,9.9350004196167,13.960000038146973,97,844.7999877929688,77.7133375,12.9778923
1769157420839407000,3172.5024069824217,1.8768508434295654,0.9234466552734375,15.73000431060791,9.9350004196167,13.649999618530273,97,844.7999877929688,77.7134609,12.977879
1769157421839406000,3173.5024060058595,1.8816227912902832,0.9229618310928345,15.740004539489746,9.9350004196167,13.09000015258789,97,844.7999877929688,77.7135841,12.9778639
1769157422839410700,3174.502410644531,1.8935766220092773,0.922968864440918,15.750003814697266,9.9350004196167,12.5,97,844.7999877929688,77.7136951,12.977852
1769157423839414000,3175.5024140625,1.9114441871643066,0.9232724905014038,15.760004043579102,9.9350004196167,11.949999809265137,97,844.7999877929688,77.7138039,12.9778413
1769157424839411700,3176.502411621094,1.9357434511184692,0.9220358729362488,15.770004272460938,9.9350004196167,11.350000381469727,97,844.7999877929688,77.7139114,12.9778265
1769157425839409000,3177.502408935547,1.9632939100265503,0.921043336391449,15.780004501342773,9.9350004196167,10.84000015258789,97,844.7999877929688,77.7140054,12.9778121
1769157426839405800,3178.502405761719,1.9902546405792236,0.9212799072265625,15.790003776550293,9.9350004196167,10.609999656677246,97,844.7999877929688,77.7141015,12.9777965
1769157427839407000,3179.5024069824217,2.0234615802764893,0.9244908094406128,15.800004005432129,9.9350004196167,10.25,98,844.7999877929688,77.7141919,12.9777826
1769157428839412500,3180.502412597656,2.056321382522583,0.9210667014122009,15.810004234313965,9.9350004196167,9.850000381469727,98,844.7999877929688,77.71428,12.9777695
1769157429839412500,3181.502412597656,2.0956804752349854,0.9228771924972534,15.8200044631958,9.9350004196167,9.420000076293945,98,844.7999877929688,77.7143649,12.9777547
1769157430839410000,3182.502409912109,2.1364667415618896,0.9207865595817566,15.83000373840332,9.9350004196167,9,98,844.7999877929688,77.7144435,12.9777421
1769157431839409200,3183.5024091796877,2.1789822578430176,0.9214014410972595,15.840003967285156,9.9350004196167,8.680000305175781,99,844.7999877929688,77.7145193,12.9777241
1769157432839406300,3184.50240625,2.221649646759033,0.9218103885650635,15.850004196166992,9.9350004196167,8.460000038146973,99,844.7999877929688,77.7145954,12.9777111
1769157433839409000,3185.502408935547,2.2671971321105957,0.9202791452407837,15.860004425048828,9.9350004196167,8.09000015258789,98,844.7999877929688,77.7146659,12.9776975
1769157434839406600,3186.502406494141,2.316279888153076,0.9204166531562805,2.5,9.9350004196167,7.75,99,824.0968017578125,77.7147343,12.9776868
1769157435839412200,3187.502412109375,2.36934232711792,0.9206376671791077,2.5,9.9350004196167,7.320000171661377,98,823.94140625,77.7147985,12.977675
1769157436839409700,3188.5024096679685,2.4248671531677246,0.9204866290092468,2.5,9.9350004196167,6.96999979019165,98,823.8515625,77.7148605,12.9776635
1769157437839407000,3189.5024069824217,2.4856579303741455,0.9199104905128479,2.5,9.9350004196167,6.53000020980835,98,823.83984375,77.7149182,12.9776544
1769157438839407000,3190.5024069824217,2.5493462085723877,0.9189334511756897,2.5,9.9350004196167,6.119999885559082,98,823.992919921875,77.7149734,12.9776473
1769157439839407600,3191.5024077148437,2.616041898727417,0.9198713302612305,2.5,9.9350004196167,5.78000020980835,98,824.3592529296875,77.7150268,12.9776422
1769157440839414500,3192.5024145507814,2.693678855895996,0.9592160582542419,2.6508400440216064,9.9350004196167,5.320000171661377,98,824.37890625,77.7150741,12.9776296
1769157441839406000,3193.5024060058595,2.7884058952331543,1.1756236553192139,3.116898775100708,9.961999893188477,5.21999979019165,98,824.14892578125,77.7151212,12.9776224
1769157442839414000,3194.5024140625,2.8908607959747314,1.1732243299484253,3.6239407062530518,10.151000022888184,4.710000038146973,99,824.0462646484375,77.7151624,12.9776156
1769157443839413000,3195.5024130859374,3.0027480125427246,1.4165440797805786,4.140529155731201,10.366999626159668,4.480000019073486,100,823.89453125,77.7152019,12.9776079
1769157444839410700,3196.502410644531,31.21451759338379,2.2566235065460205,4.6520891189575195,11.121000289916992,4.449999809265137,100,823.87744140625,77.7152414,12.9775996
1769157445839411000,3197.502410888672,58.63889694213867,4.929778099060059,5.160953521728516,11.944999694824219,4.25,99,823.85009765625,77.7152783,12.9775939
1769157446839415600,3198.5024155273436,35.97263717651367,2.91770076751709,5.665977478027344,14.97599983215332,4.889999866485596,96,824.102294921875,77.7153444,12.977598
1769157447839412200,3199.502412109375,40.66366958618164,2.596632957458496,5.913093566894531,16.518999099731445,3.75,102,824.0662841796875,77.7153522,12.9775811
1769157448839410400,3200.5024104003905,43.8450927734375,2.7840828895568848,5.976067543029785,19.242000579833984,3.6500000953674316,101,823.79296875,77.7153802,12.9775795
1769157449839415600,3201.5024155273436,51.874507904052734,2.8880412578582764,23.935848236083984,23.30699920654297,3.009999990463257,112,842.7000122070312,77.7153702,12.9775493
1769157450839409400,3202.5024094238283,69.45967102050781,2.5315520763397217,23.94584846496582,23.492000579833984,1.600000023841858,135,842.7000122070312,77.7153411,12.977527
1769157451839412700,3203.5024128417967,96.18281555175781,4.281985759735107,23.955848693847656,24.292999267578125,0.6600000262260437,128,842.7000122070312,77.7153573,12.9775688
1769157452839407900,3204.5024079589843,83.22188568115234,3.7296478748321533,23.965848922729492,23.433000564575195,1.4500000476837158,154,842.7000122070312,77.7153601,12.9775414
1769157453839415300,3205.502415283203,75.41707611083984,3.8556652069091797,23.975847244262695,21.402000427246094,2.009999990463257,107,842.7000122070312,77.7153756,12.9775317
1769157454839409200,3206.5024091796877,93.33604431152344,4.431009769439697,23.98584747314453,20.969999313354492,0.9399999976158142,116,842.7000122070312,77.715388,12.9775326
1769157455839411000,3207.502410888672,96.61544036865234,4.782349586486816,7.779954433441162,19.207000732421875,0.6899999976158142,97,840.8999633789062,77.7153919,12.9775299
1769157463960000000,3215.623,0,0,4.344203948974609,39.233001708984375,0,0,842.0999755859375,77.7151244,12.9775102
1769157466839410200,3218.50241015625,92.4576416015625,0.7726120352745056,4.372998237609863,25.22800064086914,0.30000001192092896,106,842.0999755859375,77.7151518,12.9775277
1769157467839411200,3219.5024111328125,52.03207015991211,0.804092526435852,4.382997989654541,20.670000076293945,0.9399999976158142,326,842.0999755859375,77.7151605,12.9775535
1769157468839409400,3220.5024094238283,42.49007034301758,0.8410710692405701,4.392998218536377,18.41699981689453,0.33000001311302185,326,842.0999755859375,77.7151576,12.9775751
1769157469839409700,3221.5024096679685,42.49007034301758,1.170450210571289,4.402997970581055,11.782999992370605,0.6899999976158142,326,842.0999755859375,77.7151932,12.9775671
1769157470839408000,3222.502408203125,42.49007034301758,0.835019052028656,4.412998199462891,12.15999984741211,0.4399999976158142,326,842.0999755859375,77.7152072,12.9775734
1769157471839406800,3223.502406738281,42.49007034301758,0.7040475606918335,4.422997951507568,15.46399974822998,0.3400000035762787,326,842.0999755859375,77.7151977,12.9775222
1769157472839405300,3224.5024052734375,42.49007034301758,0.7907285094261169,12.841827392578125,15.935999870300293,0.4000000059604645,326,842.2000122070312,77.7148817,12.977412
1769157473839406300,3225.50240625,42.49007034301758,1.107288122177124,12.851827621459961,16.899999618530273,0.7099999785423279,326,842.2000122070312,77.7148912,12.9773981
1769157474839407900,3226.5024079589843,42.76508712768555,2.1239662170410156,12.861827850341797,19.770000457763672,0.6000000238418579,326,842.2000122070312,77.714907,12.9774064
1769157475839409200,3227.5024091796877,95.83552551269531,2.3074212074279785,12.871828079223633,25.486000061035156,0.8999999761581421,111,842.2000122070312,77.7149225,12.9773987
1769157476839407400,3228.502407470703,49.64904022216797,3.6378588676452637,12.881827354431152,128.82000732421875,4.039999961853027,247,842.2000122070312,77.7146872,12.9773152
1769157477839409200,3229.5024091796877,94.3728256225586,2.6165013313293457,12.891827583312988,114.39099884033203,0.5,193,842.2000122070312,77.7149545,12.9773859
1769157478839408600,3230.5024086914063,91.30672454833984,2.3262336254119873,12.901827812194824,101.24199676513672,0.5799999833106995,88,842.2000122070312,77.7149901,12.9773839
1769157479839411700,3231.502411621094,91.40420532226562,2.4794020652770996,10.433929443359375,92.31900024414062,0.6100000143051147,89,842.2000122070312,77.7149854,12.9773753
1769157480839412000,3232.5024118652345,92.05902099609375,2.8737897872924805,10.443929672241211,86.53900146484375,0.6800000071525574,90,842.2000122070312,77.7149854,12.977367
1769157481839410200,3233.50241015625,96.40772247314453,3.080995798110962,10.45392894744873,73.05000305175781,0.44999998807907104,89,842.2000122070312,77.7149865,12.9773598
1769157482839414500,3234.5024145507814,96.90088653564453,3.3428571224212646,10.463929176330566,65.61900329589844,0.44999998807907104,89,842.2000122070312,77.7149864,12.9773534
1769157483839413200,3235.502413330078,95.00143432617188,3.5511510372161865,10.473929405212402,64.14099884033203,0.6399999856948853,87,842.2000122070312,77.7149873,12.977342
1769157484839413000,3236.5024130859374,95.51742553710938,3.780203342437744,10.483929634094238,65.60099792480469,0.6399999856948853,87,842.2000122070312,77.7149887,12.9773318
1769157485839406300,3237.50240625,85.6433334350586,3.7367260456085205,10.493928909301758,67.2959976196289,1.2999999523162842,87,842.2000122070312,77.7150246,12.9773232
1769157486839408600,3238.5024086914063,74.01248168945312,3.9438369274139404,20.757566452026367,70.66200256347656,2.1600000858306885,89,827.8999633789062,77.7152654,12.9773597
1769157487839408600,3239.5024086914063,50.93950271606445,3.444592237472534,20.767566680908203,72.81400299072266,3.680000066757202,67,827.8999633789062,77.7154746,12.9775809
1769157488839411500,3240.502411376953,49.50202560424805,3.0153679847717285,20.77756690979004,73.22100067138672,3.359999895095825,87,827.8999633789062,77.7155615,12.9776051
1769157489839406300,3241.50240625,15.773234367370605,2.0111870765686035,20.787567138671875,67.60700225830078,8.210000038146973,101,827.8999633789062,77.7160702,12.9774876
1769157490839415300,3242.502415283203,6.741543292999268,1.810593843460083,20.79756736755371,54.2859992980957,9.960000038146973,99,827.8999633789062,77.7162614,12.9775325
1769157491839409000,3243.502408935547,5.887907981872559,1.1809649467468262,20.807567596435547,38.777000427246094,12.970000267028809,97,827.8999633789062,77.7164924,12.9774808
1769157492839414300,3244.5024143066407,4.51621675491333,0.9546464681625366,20.817567825317383,24.785999298095703,13.65999984741211,98,827.8999633789062,77.716623,12.9774329
1769157493839408000,3245.502408203125,4.491623401641846,0.9659829139709473,20.827566146850586,21.288999557495117,13.890000343322754,97,827.8999633789062,77.7167507,12.9774177
1769157494839411200,3246.5024111328125,4.344899654388428,0.9547426700592041,20.837566375732422,6.482999801635742,14.1899995803833,96,827.8999633789062,77.716865,12.9774055
1769157495839410700,3247.502410644531,4.255517959594727,0.9726733565330505,20.847566604614258,6.033999919891357,14.760000228881836,95,827.8999633789062,77.7170065,12.9773971
1769157496839406300,3248.50240625,4.04942512512207,0.954685628414154,20.857566833496094,4.263999938964844,15.220000267028809,95,827.8999633789062,77.7171469,12.9773831
1769157497839410200,3249.50241015625,0.4375915229320526,0.1099969744682312,20.86756706237793,3.884000062942505,16.139999389648438,93,827.8999633789062,77.7172896,12.9773838
1769157498839408400,3250.5024084472657,0.37854915857315063,0.09838495403528214,20.877567291259766,3.7899999618530273,16.68000030517578,93,827.8999633789062,77.7174398,12.9773738
1769157499839409400,3251.5024094238283,0.3553813695907593,0.09504128247499466,2.6687064170837402,3.7899999618530273,17.170000076293945,93,818.905029296875,77.7175915,12.977357
1769157500839412700,3252.5024128417967,0.4112788736820221,0.11332139372825623,2.558950424194336,3.7899999618530273,17.690000534057617,93,818.556396484375,77.7177489,12.9773492
1769157501839415600,3253.5024155273436,4.34602165222168,1.3847628831863403,2.7666916847229004,3.7899999618530273,17.959999084472656,94,818.5743408203125,77.7179116,12.977336
1769157502839407400,3254.502407470703,1.9378724098205566,0.5584803819656372,2.643267869949341,3.7899999618530273,18.559999465942383,93,818.494140625,77.7180893,12.9773329
1769157503839409700,3255.5024096679685,0.26416918635368347,0.07768883556127548,2.5767271518707275,3.7899999618530273,18.8799991607666,94,819.0255126953125,77.7182553,12.9773146
1769157504839408000,3256.502408203125,0.21656619012355804,0.06516694277524948,2.5,3.7899999618530273,19.309999465942383,94,818.943115234375,77.7184364,12.9773024
1769157505839412200,3257.502412109375,0.25012651085853577,0.07670559734106064,2.5,3.7899999618530273,19.68000030517578,94,819.03759765625,77.7186145,12.9772937
1769157506839408600,3258.5024086914063,0.3196239769458771,0.09980612248182297,2.5,3.7899999618530273,20.040000915527344,94,818.96826171875,77.7187955,12.9772797
1769157507839413500,3259.5024135742187,0.3229537606239319,0.10090023279190063,2.5,3.7899999618530273,20.059999465942383,95,818.069091796875,77.7189756,12.9772633
1769157508839406000,3260.5024060058595,0.33874568343162537,0.10638174414634705,2.5,3.7899999618530273,20.15999984741211,95,817.653076171875,77.7191614,12.9772462
1769157509839407000,3261.5024069824217,2.8436777591705322,0.8881306648254395,2.5,3.7899999618530273,20.139999389648438,95,817.292724609375,77.7193457,12.9772278
1769157510839415000,3262.5024150390627,1.387850046157837,0.4392503798007965,2.5,3.7899999618530273,20.360000610351562,95,817.308837890625,77.7195318,12.9772071
1769157511839411000,3263.502410888672,0.4356892704963684,0.13810759782791138,2.5,3.7899999618530273,20.350000381469727,95,816.624755859375,77.7197129,12.9771883
1769157512839410000,3264.502409912109,0.36837059259414673,0.11685647815465927,2.5,3.7899999618530273,20.3700008392334,95,816.876708984375,77.7198988,12.9771699
1769157513839410200,3265.50241015625,0.2992183268070221,0.09502722322940826,2.5,3.7899999618530273,20.389999389648438,95,817.0167236328125,77.7200867,12.97715
1769157514839409700,3266.5024096679685,0.31635570526123047,0.100269615650177,2.5,3.7899999618530273,20.350000381469727,95,817.3795166015625,77.7202743,12.9771347
1769157515839412500,3267.502412597656,0.3205867111682892,0.09838787466287613,2.5,3.7899999618530273,19.700000762939453,95,816.93310546875,77.7204529,12.9771149
1769157516839415000,3268.5024150390627,0.2890603840351105,0.08439046144485474,2.5,3.7899999618530273,18.739999771118164,95,817.3692626953125,77.7206285,12.9770986
1769157517839413200,3269.502413330078,3.42509388923645,0.9735122323036194,2.5,3.7899999618530273,18.34000015258789,95,817.41845703125,77.7208012,12.97708
1769157518839410000,3270.502409912109,0.21485070884227753,0.9195746183395386,2.5,3.7899999618530273,17.459999084472656,95,817.469970703125,77.7209589,12.9770603
1769157519839405600,3271.502405517578,0.414644330739975,0.9215042591094971,2.5,3.7899999618530273,16.709999084472656,95,817.1168212890625,77.7211121,12.9770455
1769157520839405300,3272.5024052734375,0.6138328909873962,0.952063262462616,2.5,3.7899999618530273,15.899999618530273,96,816.4610595703125,77.721261,12.9770341
1769157521839407900,3273.5024079589843,3.480746269226074,0.9744449257850647,2.5,3.7899999618530273,14.869999885559082,95,816.583984375,77.7213989,12.9770187
1769157522839405800,3274.502405761719,0.6317582130432129,0.13838696479797363,2.5,3.7899999618530273,14.069999694824219,95,816.14404296875,77.7215282,12.9770032
1769157523839408400,3275.5024084472657,0.5072019100189209,0.11042892187833786,2.5,3.7899999618530273,13.979999542236328,95,816.66552734375,77.7216586,12.976992
1769157524839411500,3276.502411376953,0.4496309161186218,0.09702597558498383,2.5,3.7899999618530273,13.850000381469727,95,817.3699951171875,77.7217891,12.9769808
1769157525839410200,3277.50241015625,0.46940726041793823,0.10007041692733765,2.5,3.7899999618530273,13.6899995803833,95,817.6568603515625,77.7219153,12.9769702
1769157526839411500,3278.502411376953,0.4250434935092926,0.08922581374645233,2.5,3.7899999618530273,13.479999542236328,95,817.826904296875,77.7220402,12.9769533
1769157527839414300,3279.5024143066407,0.47896119952201843,0.09904354810714722,2.5,3.7899999618530273,13.279999732971191,95,817.76611328125,77.7221643,12.976937
1769157528839413500,3280.5024135742187,0.4359212815761566,0.0887712687253952,2.5,3.7899999618530273,13.069999694824219,95,818.0357666015625,77.7222882,12.9769263
1769157529839412200,3281.502412109375,0.4576099216938019,0.09197357296943665,2.5,3.7899999618530273,12.899999618530273,96,818.5645751953125,77.7224053,12.9769168
1769157530839414000,3282.5024140625,0.4489477872848511,0.08818361908197403,2.5,3.7899999618530273,12.609999656677246,97,818.7518310546875,77.7225226,12.9769013
1769157531839412000,3283.5024118652345,0.45141372084617615,0.08762893080711365,2.5,3.7899999618530273,12.460000038146973,98,819.467041015625,77.7226328,12.976885
1769157532839410200,3284.50241015625,0.4291295111179352,0.08200137317180634,2.5,3.7899999618530273,12.270000457763672,99,820.43994140625,77.7227438,12.9768676
1769157533839414000,3285.5024140625,0.3943626284599304,0.07228468358516693,2.5,3.7899999618530273,11.770000457763672,100,820.693115234375,77.7228531,12.9768477
1769157534839414500,3286.5024145507814,0.5474293231964111,0.09644381701946259,2.5,3.7899999618530273,11.3100004196167,100,821.1123046875,77.7229567,12.9768319
1769157535839408000,3287.502408203125,0.7597125768661499,0.13055549561977386,2.5,3.7899999618530273,11.039999961853027,100,821.670166015625,77.7230599,12.9768142
1769157536839408400,3288.5024084472657,0.5615274310112,0.09514367580413818,2.5,3.7899999618530273,10.880000114440918,100,821.976318359375,77.7231624,12.9767947
1769157537839411000,3289.502410888672,0.4599475562572479,0.07745340466499329,2.5,3.7899999618530273,10.8100004196167,100,822.583251953125,77.7232612,12.9767782
1769157538839407600,3290.5024077148437,0.4723719358444214,0.07636681944131851,21.27756690979004,4.814000129699707,10.380000114440918,99,827.8999633789062,77.7233523,12.9767612
1769157539839411700,3291.502411621094,0.5261812806129456,0.07867825776338577,21.287567138671875,5.8379998207092285,9.600000381469727,98,827.8999633789062,77.7234443,12.9767468
1769157540839409200,3292.5024091796877,0.48228999972343445,0.06691614538431168,21.29756736755371,7.4770002365112305,8.90999984741211,98,827.8999633789062,77.7235281,12.9767345
1769157541839414800,3293.502414794922,0.5278448462486267,0.0693303570151329,21.307567596435547,8.706000328063965,8.430000305175781,97,827.8999633789062,77.7236052,12.9767238
1769157542839414500,3294.5024145507814,7.454416275024414,0.9675410389900208,21.317567825317383,9.9350004196167,8.399999618530273,97,827.8999633789062,77.7236837,12.9767145
1769157543839408600,3295.5024086914063,7.603155612945557,0.9518091678619385,21.327566146850586,9.9350004196167,8.100000381469727,97,827.8999633789062,77.7237582,12.9767082
1769157544839413000,3296.5024130859374,7.86555814743042,0.9526626467704773,21.337566375732422,9.9350004196167,7.840000152587891,97,827.8999633789062,77.7238322,12.9767037
1769157545839412500,3297.502412597656,8.126299858093262,0.9535678625106812,21.347566604614258,9.9350004196167,7.590000152587891,97,827.8999633789062,77.7239076,12.976697
1769157546839411000,3298.502410888672,8.318694114685059,0.9456642866134644,21.357566833496094,9.9350004196167,7.360000133514404,97,827.8999633789062,77.7239755,12.9766941
1769157547839415300,3299.502415283203,7.940973281860352,0.9413465261459351,21.36756706237793,9.9350004196167,7.090000152587891,103,827.8999633789062,77.7240392,12.9766854
1769157548839407000,3300.5024069824217,8.285430908203125,0.9550269842147827,21.377567291259766,9.9350004196167,6.739999771118164,108,827.8999633789062,77.7241029,12.976679
1769157549839413500,3301.5024135742187,8.295912742614746,0.946092963218689,21.3875675201416,9.9350004196167,6.199999809265137,106,827.8999633789062,77.7241593,12.9766713
1769157550839409700,3302.5024096679685,8.018842697143555,1.2243943214416504,21.397567749023438,9.9350004196167,6.070000171661377,104,827.8999633789062,77.7242149,12.9766652
1769157551839411500,3303.502411376953,8.552911758422852,1.5930078029632568,21.40756607055664,10.03600025177002,5.880000114440918,106,827.8999633789062,77.7242683,12.9766548
1769157552839415300,3304.502415283203,9.077990531921387,1.5770001411437988,21.417566299438477,10.23799991607666,5.070000171661377,108,827.8999633789062,77.7243061,12.9766468
1769157553839412000,3305.5024118652345,9.375411033630371,1.705312728881836,21.427566528320312,10.621000289916992,4.829999923706055,107,827.8999633789062,77.7243505,12.9766465
1769157554839411700,3306.502411621094,9.888850212097168,1.6983373165130615,21.43756675720215,10.942000389099121,4.289999961853027,110,827.8999633789062,77.724381,12.9766356
1769157555839406600,3307.502406494141,10.256251335144043,1.928948163986206,21.447566986083984,11.5600004196167,3.9600000381469727,112,827.8999633789062,77.7244095,12.9766365
1769157556839410000,3308.502409912109,10.964760780334473,1.6659811735153198,21.45756721496582,12.22700023651123,2.8499999046325684,122,827.8999633789062,77.7244191,12.9766333
1769157557839410700,3309.502410644531,11.467447280883789,1.7513716220855713,21.467567443847656,12.89900016784668,2.5999999046325684,124,827.8999633789062,77.7244353,12.9766238
1769157558839406600,3310.502406494141,12.209105491638184,1.8743867874145508,21.477567672729492,13.609000205993652,2.440000057220459,122,827.8999633789062,77.7244557,12.976612
1769157559839410700,3311.502410644531,12.522558212280273,1.9146584272384644,21.487567901611328,14.152999877929688,2.2100000381469727,125,827.8999633789062,77.7244509,12.976602
1769157560839408000,3312.502408203125,12.701278686523438,1.7010397911071777,21.49756622314453,14.592000007629395,1.6100000143051147,133,827.8999633789062,77.7244636,12.976613
1769157561839408600,3313.5024086914063,12.755090713500977,1.5965662002563477,21.507566452026367,14.401000022888184,1.3600000143051147,130,827.8999633789062,77.7244903,12.9766102
1769157562839415000,3314.5024150390627,13.393011093139648,1.6301181316375732,21.517566680908203,14.17300033569336,0.8899999856948853,130,827.8999633789062,77.7244896,12.9766159
1769157563839413800,3315.5024138183594,13.928838729858398,1.7190483808517456,21.52756690979004,13.60099983215332,0.4099999964237213,131,827.8999633789062,77.7244875,12.9766235
1769157564839415300,3316.502415283203,14.46881103515625,2.2019670009613037,21.537567138671875,13.109999656677246,0.47999998927116394,131,827.8999633789062,77.7244887,12.9766339
1769157565839406800,3317.502406738281,14.895024299621582,2.2886273860931396,21.54756736755371,12.989999771118164,0.6100000143051147,132,827.8999633789062,77.7244861,12.9766412
1769157566839414500,3318.5024145507814,15.426607131958008,1.9324986934661865,21.557567596435547,12.531999588012695,1.2300000190734863,135,827.8999633789062,77.7244951,12.97665
1769157567839406300,3319.50240625,15.941485404968262,1.8949054479599,21.567567825317383,12.46500015258789,1.0800000429153442,137,827.8999633789062,77.7245057,12.9766571
1769157568839414500,3320.5024145507814,16.480878829956055,1.6259658336639404,21.577566146850586,12.315999984741211,0.7300000190734863,140,827.8999633789062,77.7245092,12.9766633
1769157569839407600,3321.5024077148437,17.0786075592041,1.6581847667694092,21.587566375732422,12.293999671936035,0.6399999856948853,140,827.8999633789062,77.7245149,12.9766701
1769157570839408400,3322.5024084472657,17.689599990844727,1.8710236549377441,21.597566604614258,12.255000114440918,0.4000000059604645,142,827.8999633789062,77.7245191,12.9766752
1769157571839409400,3323.5024094238283,83.45560455322266,2.198474884033203,21.607566833496094,12.456999778747559,0.8399999737739563,325,827.8999633789062,77.7245138,12.9766868
1769157572839409700,3324.5024096679685,92.46699523925781,2.3533854484558105,21.61756706237793,12.840999603271484,0.5400000214576721,214,827.8999633789062,77.7245094,12.9766819
1769157573839405800,3325.502405761719,80.8543930053711,4.640048027038574,5.632382869720459,13.019000053405762,1.9900000095367432,44,817.5372314453125,77.7245236,12.9766875
1769157574839412700,3326.5024128417967,0,1.237505555152893,5.5618438720703125,13.255999565124512,0,0,818.6300048828125,77.7245395,12.9766888
1769157575839411000,3327.502410888672,97.16241455078125,1.4165728092193604,5.198103427886963,13.067999839782715,0.18000000715255737,71,815.39111328125,77.7245493,12.9766801
1769157576839408400,3328.5024084472657,98.1008071899414,1.4671775102615356,4.695831298828125,12.73799991607666,0.15000000596046448,175,812.3369140625,77.7245603,12.9766689
1769157577839413200,3329.502413330078,0,1.4657762050628662,4.872653007507324,12.027000427246094,0,0,810.2713623046875,77.7245693,12.9766589
1769157578839409700,3330.5024096679685,90.77195739746094,1.0544264316558838,4.678299427032471,11.404000282287598,0.27000001072883606,196,808.406982421875,77.7245756,12.9766494
1769157579839408400,3331.5024084472657,95.26187133789062,1.038972020149231,4.901135444641113,11.310999870300293,0.18000000715255737,209,808.6202392578125,77.72458,12.9766404
1769157580839407000,3332.5024069824217,0,0.3806484639644623,4.966177940368652,11.065999984741211,0,0,810.260498046875,77.7245888,12.9766342
1769157581839406300,3333.50240625,0,0.12930354475975037,11.3569917678833,10.96399974822998,0,0,828.5999755859375,77.7245947,12.9766349
1769157582839411500,3334.502411376953,0,0.17354342341423035,11.366991996765137,10.942999839782715,0,0,828.5999755859375,77.7245928,12.9766342
1769157583839406000,3335.5024060058595,0,0.07854834944009781,11.376992225646973,10.871999740600586,0,0,828.5999755859375,77.7245872,12.9766341
1769157584839411000,3336.502410888672,0,0.1745009571313858,11.386992454528809,10.845999717712402,0,0,828.5999755859375,77.7245871,12.9766381
1769157585839415000,3337.5024150390627,0,0.2666293680667877,11.396991729736328,10.803999900817871,0,0,828.5999755859375,77.7245871,12.9766425
1769157586839415300,3338.502415283203,0,0.21713167428970337,11.406991958618164,10.76200008392334,0,0,828.5999755859375,77.7245859,12.9766453
1769157587839415600,3339.5024155273436,0,0.16553901135921478,11.4169921875,10.680999755859375,0,0,828.5999755859375,77.7245873,12.9766501
1769157588839414300,3340.5024143066407,0,0.20881642401218414,11.356512069702148,10.63599967956543,0,0,834.5999755859375,77.724586,12.976651
1769157589839411500,3341.502411376953,0,0.23944781720638275,11.366512298583984,10.597999572753906,0,0,834.5999755859375,77.7245853,12.9766509
1769157590839405800,3342.502405761719,0,0.3492383658885956,11.376511573791504,10.572999954223633,0,0,834.5999755859375,77.7245839,12.9766498
1769157591839411500,3343.502411376953,0,0.29986581206321716,11.38651180267334,10.541999816894531,0,0,834.5999755859375,77.7245839,12.976649
1769157591944000000,3343.607,0,0,11.38651180267334,11.189000129699707,0,0,834.5999755859375,77.7245839,12.976649
1769157592839410000,3344.502409912109,0,0.47210055589675903,11.396512031555176,11.095999717712402,0,0,834.5999755859375,77.7245848,12.9766491
1769157593839409200,3345.5024091796877,0,0.6790504455566406,11.406512260437012,11.100000381469727,0,0,834.5999755859375,77.724585,12.9766485
1769157594839407900,3346.5024079589843,35.15569305419922,2.285599946975708,11.416512489318848,11.13599967956543,3.930000066757202,91,834.5999755859375,77.7246103,12.9766492
1769157595839413800,3347.5024138183594,52.686134338378906,2.900346517562866,11.426511764526367,11.368000030517578,2.950000047683716,90,834.5999755859375,77.7246446,12.9766463
1769157596839407600,3348.5024077148437,58.111454010009766,3.2825305461883545,11.436511993408203,11.413000106811523,2.869999885559082,90,834.5999755859375,77.7246732,12.9766445
1769157597839405800,3349.502405761719,33.19282913208008,3.096104621887207,11.446512222290039,11.086999893188477,5.699999809265137,89,834.5999755859375,77.7247557,12.9766578
1769157598839415600,3350.5024155273436,41.237613677978516,3.237060070037842,11.456512451171875,11.531999588012695,4.590000152587891,90,834.5999755859375,77.7247925,12.9766583
1769157599839407600,3351.5024077148437,43.997642517089844,3.2867801189422607,11.466511726379395,11.677000045776367,4.289999961853027,85,834.5999755859375,77.7248311,12.9766646
1769157600839412500,3352.502412597656,26.83965301513672,3.1283364295959473,11.47651195526123,11.942999839782715,7.309999942779541,104,834.5999755859375,77.7249649,12.9766194
1769157601839410000,3353.502409912109,7.06720495223999,2.386308193206787,11.486512184143066,12.128999710083008,11.010000228881836,95,834.5999755859375,77.7251636,12.9766068
1769157602839406000,3354.5024060058595,4.84228515625,1.0193681716918945,11.496512413024902,11.946000099182129,12.0600004196167,94,834.5999755859375,77.7254011,12.9766153
1769157603839405300,3355.5024052734375,1.4967594146728516,0.26941612362861633,11.506511688232422,11.701000213623047,11.579999923706055,95,834.5999755859375,77.7255414,12.9765666
1769157604839411000,3356.502410888672,0.8193567395210266,0.146527960896492,11.516511917114258,11.192999839782715,11.489999771118164,94,834.5999755859375,77.7256575,12.9765337
1769157605839410700,3357.502410644531,0.9091100096702576,0.1641472578048706,11.526512145996094,11.029000282287598,11.600000381469727,95,834.5999755859375,77.7257628,12.9765243
1769157606839408400,3358.5024084472657,1.8310761451721191,0.32093676924705505,11.53651237487793,10.666000366210938,11.279999732971191,95,834.5999755859375,77.7258845,12.9765115
1769157607839406300,3359.50240625,1.9656600952148438,0.33983615040779114,11.54651165008545,10.244999885559082,11.130000114440918,93,834.5999755859375,77.725992,12.9765025
1769157608839413800,3360.5024138183594,2.1044342517852783,0.368540495634079,11.556511878967285,10.13700008392334,11.279999732971191,92,834.5999755859375,77.7261018,12.976496
1769157609839405600,3361.502405517578,3.060671329498291,0.5288408994674683,11.566512107849121,10.102999687194824,11.140000343322754,89,834.5999755859375,77.7262117,12.976494
1769157610839408000,3362.502408203125,1.800333023071289,0.31238147616386414,11.576512336730957,10.020999908447266,11.170000076293945,83,834.5999755859375,77.7263121,12.9765049
1769157611839414800,3363.502414794922,1.4955086708068848,0.2627232074737549,11.586512565612793,9.9350004196167,11.300000190734863,78,834.5999755859375,77.726413,12.9765229
1769157612839411000,3364.502410888672,5.996834754943848,1.046018123626709,11.596511840820312,9.9350004196167,11.279999732971191,76,834.5999755859375,77.7265153,12.9765463
1769157613839413800,3365.5024138183594,3.0786542892456055,0.9959068894386292,11.606512069702148,9.9350004196167,10.970000267028809,69,834.5999755859375,77.7266144,12.976583
1769157614839411200,3366.5024111328125,4.521307468414307,0.9815642237663269,11.616512298583984,9.9350004196167,10.630000114440918,63,834.5999755859375,77.726708,12.9766205
1769157615839412000,3367.5024118652345,5.25874137878418,0.9686049818992615,11.62651252746582,9.9350004196167,11.029999732971191,58,834.5999755859375,77.7267901,12.9766687
1769157616839412000,3368.5024118652345,5.808793544769287,1.209054708480835,11.63651180267334,9.9350004196167,10.770000457763672,53,834.5999755859375,77.7268755,12.9767257
1769157617839412000,3369.5024118652345,6.223519325256348,1.4505198001861572,11.646512031555176,10.005000114440918,11.220000267028809,49,834.5999755859375,77.7269616,12.9767936
1769157618839411700,3370.502411621094,5.872178077697754,1.2052981853485107,11.656512260437012,10,11.270000457763672,44,834.5999755859375,77.727036,12.9768641
1769157619839406600,3371.502406494141,5.279799461364746,1.0307464599609375,11.666512489318848,10,11.020000457763672,37,834.5999755859375,77.7271015,12.9769433
1769157620839411200,3372.5024111328125,5.436121940612793,1.290361762046814,11.676511764526367,10.031999588012695,10.9399995803833,33,834.5999755859375,77.727162,12.9770168
1769157621839412500,3373.502412597656,4.955071926116943,1.0178436040878296,11.686511993408203,10.095999717712402,10.899999618530273,25,834.5999755859375,77.7272005,12.9771008
1769157622839413000,3374.5024130859374,4.703209400177002,0.9950883388519287,11.696512222290039,10.062000274658203,11.199999809265137,19,834.5999755859375,77.7272373,12.9771973
1769157623839411700,3375.502411621094,4.626479148864746,1.2154186964035034,11.706512451171875,10.092000007629395,11.319999694824219,13,834.5999755859375,77.7272704,12.9773017
1769157624839407600,3376.5024077148437,4.267025470733643,0.9775373935699463,11.716511726379395,10.144000053405762,11.59000015258789,8,834.5999755859375,77.7272945,12.9774025
1769157625839410000,3377.502409912109,4.097909927368164,0.964098334312439,11.72651195526123,10.109000205993652,11.34000015258789,4,834.5999755859375,77.7273103,12.977498
1769157626839406000,3378.5024060058595,3.928480625152588,0.9638804197311401,11.736512184143066,10.07699966430664,11.319999694824219,1,834.5999755859375,77.7273188,12.9776003
1769157627839406800,3379.502406738281,3.7440342903137207,0.9576810598373413,11.746512413024902,10.039999961853027,11.329999923706055,358,834.5999755859375,77.727318,12.9776954
1769157628839407900,3380.5024079589843,3.757829189300537,1.3190313577651978,11.756511688232422,10.029999732971191,11.239999771118164,358,834.5999755859375,77.7273233,12.9777973
1769157629839414500,3381.5024145507814,3.430668592453003,0.9334259629249573,11.766511917114258,9.958999633789062,11.359999656677246,358,834.5999755859375,77.7273361,12.9779021
1769157630839415300,3382.502415283203,3.295541763305664,0.9662896990776062,11.776512145996094,9.96399974822998,11.3100004196167,359,834.5999755859375,77.7273425,12.9780087
1769157631839407000,3383.5024069824217,3.174971342086792,0.9362450242042542,11.78651237487793,9.96399974822998,11.220000267028809,359,834.5999755859375,77.7273478,12.97811
1769157632839412700,3384.5024128417967,3.0962748527526855,1.0451469421386719,11.79651165008545,9.96399974822998,11.270000457763672,359,834.5999755859375,77.7273492,12.9782104
1769157633839408400,3385.5024084472657,2.977691888809204,0.933062732219696,11.806511878967285,9.939000129699707,11.34000015258789,0,834.5999755859375,77.72736,12.9783159
1769157634839414800,3386.502414794922,2.9738597869873047,1.1817578077316284,11.816512107849121,9.944999694824219,11.289999961853027,359,834.5999755859375,77.7273647,12.9784177
1769157635839409000,3387.502408935547,2.831761121749878,0.9295362830162048,11.826512336730957,9.942999839782715,11.850000381469727,359,834.5999755859375,77.7273632,12.9785222
1769157636839413000,3388.5024130859374,2.767582416534424,1.019479751586914,11.836511611938477,9.940999984741211,12.390000343322754,358,834.5999755859375,77.7273619,12.9786329
1769157637839409700,3389.5024096679685,2.6340832710266113,0.9329010248184204,11.846511840820312,9.9399995803833,13.079999923706055,357,834.5999755859375,77.7273605,12.9787542
1769157638839413200,3390.502413330078,2.5319972038269043,0.942719578742981,11.856512069702148,9.940999984741211,13.630000114440918,356,834.5999755859375,77.7273602,12.9788806
1769157639839408400,3391.5024084472657,2.4346415996551514,0.9277375340461731,11.866512298583984,9.9399995803833,13.729999542236328,356,834.5999755859375,77.7273564,12.9790059
1769157640839407600,3392.5024077148437,2.358630418777466,0.925294816493988,11.876511573791504,9.9350004196167,13.640000343322754,356,834.5999755859375,77.7273514,12.9791285
1769157641839409200,3393.5024091796877,2.3053972721099854,0.9444964528083801,11.88651180267334,9.9350004196167,13.539999961853027,356,834.5999755859375,77.7273387,12.9792479
1769157642839405600,3394.502405517578,2.275460958480835,0.9371145963668823,11.896512031555176,9.9350004196167,12.9399995803833,357,834.5999755859375,77.7273348,12.9793672
1769157643839409700,3395.5024096679685,2.2593822479248047,0.9283025860786438,11.906512260437012,9.9350004196167,12.460000038146973,358,834.5999755859375,77.727329,12.9794829
1769157644839407400,3396.502407470703,2.2612876892089844,0.9297711253166199,11.916512489318848,9.9350004196167,11.770000457763672,0,834.5999755859375,77.7273256,12.9795871
1769157645839406300,3397.50240625,2.277209758758545,0.9523752927780151,11.926511764526367,9.9350004196167,11.079999923706055,1,834.5999755859375,77.7273261,12.9796841
1769157646839414500,3398.5024145507814,2.2928595542907715,0.9326145648956299,11.936511993408203,9.9350004196167,10.550000190734863,3,834.5999755859375,77.7273298,12.9797766
1769157647839414000,3399.5024140625,2.321664333343506,0.927520751953125,11.946512222290039,9.9350004196167,9.829999923706055,5,834.5999755859375,77.7273355,12.9798652
1769157648839409200,3400.5024091796877,2.352001428604126,0.9274542927742004,11.956512451171875,9.9350004196167,9.34000015258789,7,834.5999755859375,77.727336,12.9799512
1769157649839412200,3401.502412109375,2.3861262798309326,0.9270250201225281,11.966511726379395,9.9350004196167,8.899999618530273,8,834.5999755859375,77.7273475,12.9800281
1769157650839410400,3402.5024104003905,2.4231510162353516,0.9267434477806091,11.97651195526123,9.9350004196167,8.520000457763672,10,834.5999755859375,77.7273673,12.9801041
1769157651839413200,3403.502413330078,2.460894823074341,0.9245961904525757,11.986512184143066,9.9350004196167,8.140000343322754,11,834.5999755859375,77.7273806,12.9801785
1769157652839407600,3404.5024077148437,2.549875020980835,1.0906667709350586,11.996512413024902,9.9350004196167,7.920000076293945,10,834.5999755859375,77.7273874,12.9802472
1769157653839414300,3405.5024143066407,6.969907760620117,0.9754139184951782,12.006511688232422,9.9350004196167,7.449999809265137,11,834.5999755859375,77.7274044,12.9803086
1769157654839413500,3406.5024135742187,1.1006807088851929,0.1220322996377945,12.016511917114258,9.9350004196167,7.119999885559082,12,834.5999755859375,77.7274226,12.9803718
1769157655839410200,3407.50241015625,1.3054217100143433,0.13727343082427979,12.026512145996094,9.9350004196167,6.760000228881836,11,834.5999755859375,77.7274308,12.9804327
1769157656839414500,3408.5024145507814,1.7688980102539062,0.17271065711975098,12.03651237487793,9.9350004196167,6.28000020980835,11,834.5999755859375,77.7274379,12.980487
1769157657839413800,3409.5024138183594,7.6044721603393555,0.6887771487236023,12.04651165008545,9.9350004196167,5.860000133514404,11,834.5999755859375,77.7274478,12.9805404
1769157658839414800,3410.502414794922,18.949308395385742,1.7072347402572632,12.056511878967285,9.96399974822998,5.769999980926514,11,834.5999755859375,77.7274597,12.9805917
1769157659839414500,3411.5024145507814,28.01726722717285,2.4593589305877686,12.066512107849121,10.147000312805176,5.480000019073486,11,834.5999755859375,77.7274695,12.9806382
1769157660839410400,3412.5024104003905,30.929508209228516,2.4743497371673584,12.076512336730957,10.425000190734863,4.929999828338623,20,834.5999755859375,77.7274825,12.9806767
1769157661839407900,3413.5024079589843,43.58268737792969,3.243259906768799,12.086511611938477,10.772000312805176,4.289999961853027,12,834.5999755859375,77.7274869,12.9807065
1769157662839415000,3414.5024150390627,54.97832107543945,3.21262788772583,12.096511840820312,11.47599983215332,3.069999933242798,2,834.5999755859375,77.7274896,12.9807349
1769157663839414500,3415.5024145507814,46.695552825927734,3.0409698486328125,12.106512069702148,11.76099967956543,3.6700000762939453,349,834.5999755859375,77.727479,12.9807804
1769157664839411700,3416.502411621094,44.544620513916016,3.4885520935058594,12.116512298583984,12.416999816894531,4.480000019073486,343,834.5999755859375,77.7274537,12.9808351
1769157665839405300,3417.5024052734375,69.81131744384766,3.6732096672058105,12.126511573791504,13.024999618530273,2.2899999618530273,8,834.5999755859375,77.7274672,12.9808472
1769157666839414000,3418.5024140625,74.0414810180664,3.1279428005218506,12.13651180267334,13.6850004196167,1.7100000381469727,6,834.5999755859375,77.7274619,12.9808823
1769157667839410700,3419.502410644531,70.15078735351562,2.892700672149658,12.146512031555176,13.755000114440918,1.7899999618530273,59,834.5999755859375,77.7274815,12.9808778
1769157668839411000,3420.502410888672,72.55561065673828,3.4634945392608643,12.156512260437012,14.137999534606934,1.9800000190734863,28,834.5999755859375,77.7274923,12.9808946
1769157669839407000,3421.5024069824217,79.68285369873047,3.817842483520508,12.166512489318848,14.557000160217285,1.7100000381469727,19,834.5999755859375,77.7274892,12.9809284
1769157670839414800,3422.502414794922,76.328369140625,4.144989967346191,12.176511764526367,15.232000350952148,2.0999999046325684,19,834.5999755859375,77.7274945,12.9809461
1769157671839410400,3423.5024104003905,66.33809661865234,4.2118611335754395,12.186511993408203,15.821999549865723,2.9200000762939453,52,834.5999755859375,77.7275188,12.9809635
1769157672839410700,3424.502410644531,91.12254333496094,4.066834449768066,12.196512222290039,16.740999221801758,1.0299999713897705,45,834.5999755859375,77.7275331,12.9809693
1769157673839409200,3425.5024091796877,79.06166076660156,3.019599676132202,12.206512451171875,17.284000396728516,1.3799999952316284,39,834.5999755859375,77.7275314,12.9809791
1769157674839412000,3426.5024118652345,58.846702575683594,1.8983720541000366,7.824887275695801,18.28499984741211,1.6200000047683716,12,823.4017333984375,77.7275259,12.9809937
1769157675839410700,3427.502410644531,91.83063507080078,1.718359351158142,8.09572982788086,18.312999725341797,0.4099999964237213,14,823.6492919921875,77.7275141,12.9809988
1769157676839412500,3428.502412597656,91.7975845336914,1.7765400409698486,13.603254318237305,18.488000869750977,0.4300000071525574,15,831.7999877929688,77.7275042,12.9809994
1769157677839412500,3429.502412597656,76.2225570678711,1.7426677942276,13.613253593444824,18.36400032043457,0.8799999952316284,15,831.7999877929688,77.727504,12.9810007
1769157678839414000,3430.5024140625,88.06819915771484,1.6974316835403442,13.62325382232666,18.46299934387207,0.5199999809265137,14,831.7999877929688,77.7275098,12.9810053
1769157679839412500,3431.502412597656,86.45040893554688,2.07308292388916,13.633254051208496,18.493999481201172,0.6899999976158142,13,831.7999877929688,77.7275205,12.9810092
1769157680839409200,3432.5024091796877,96.1337890625,1.9439051151275635,13.643254280090332,18.232999801635742,0.30000001192092896,21,831.7999877929688,77.7275265,12.981013
1769157681839408000,3433.502408203125,0,1.388522744178772,13.653253555297852,17.38800048828125,0,0,831.7999877929688,77.7275309,12.9810129
1769157682839412700,3434.5024128417967,57.760894775390625,2.3645777702331543,13.663253784179688,15.934000015258789,2.0899999141693115,298,831.7999877929688,77.7275216,12.9810119
1769157683839409400,3435.5024094238283,93.8101806640625,1.1661114692687988,6.356223106384277,15.244000434875488,0.23000000417232513,298,823.2625732421875,77.7275172,12.9810119
1769157684839415000,3436.5024150390627,71.2481689453125,1.149428129196167,6.083057403564453,13.317000389099121,0.6800000071525574,295,823.25244140625,77.7275148,12.981009
1769157685839409400,3437.5024094238283,90.74073791503906,0.9253223538398743,5.837819576263428,12.147000312805176,0.23999999463558197,296,823.1531982421875,77.7275119,12.9810059
1769157686839409700,3438.5024096679685,87.42080688476562,1.2370541095733643,5.877166271209717,11.684000015258789,0.38999998569488525,307,822.404296875,77.7275106,12.9810056
1769157687839408400,3439.5024084472657,93.99071502685547,0.9550963640213013,6.216732501983643,11.545000076293945,0.1899999976158142,351,823.374755859375,77.7275079,12.9810045
1769157688839410400,3440.5024104003905,88.63946533203125,1.2081875801086426,6.0636210441589355,11.041000366210938,0.3499999940395355,13,823.922119140625,77.7275088,12.9810058
1769157689839411000,3441.502410888672,80.89564514160156,1.185486912727356,6.430475234985352,11.029999732971191,0.5,30,823.87939453125,77.7275137,12.9810097
1769157690839413200,3442.502413330078,88.76605987548828,1.1303144693374634,6.939109802246094,10.970000267028809,0.33000001311302185,42,824.962158203125,77.7275224,12.9810086
1769157691839406000,3443.5024060058595,84.98686218261719,1.3025317192077637,6.932586193084717,11.043000221252441,0.46000000834465027,61,826.42626953125,77.7275334,12.9810053
1769157692839412000,3444.5024118652345,0,0.18334664404392242,7.455702304840088,11.045000076293945,0,0,826.171142578125,77.7275472,12.9809885
1769157693839408600,3445.5024086914063,0,0.13818024098873138,7.914646148681641,11.04699993133545,0,0,825.7342529296875,77.7275528,12.9809786
1769157694839410200,3446.50241015625,0,0.18294161558151245,7.985835075378418,11.104000091552734,0,0,826.047607421875,77.7275564,12.9809729
1769157695839407600,3447.5024077148437,0,0.215131014585495,8.250587463378906,11.147000312805176,0,0,825.90234375,77.7275604,12.9809718
1769157696839405800,3448.502405761719,0,0.35060495138168335,11.35190200805664,11.184000015258789,0,0,831.7999877929688,77.7275622,12.9809711
1769157697839410400,3449.5024104003905,0,0.3746463656425476,11.361902236938477,11.23900032043457,0,0,831.7999877929688,77.7275631,12.9809707
1769157698839413800,3450.5024138183594,0,0.4196202754974365,11.371902465820312,11.543000221252441,0,0,831.7999877929688,77.7275636,12.9809708
1769157699839411700,3451.502411621094,0,0.5720787644386292,11.381901741027832,11.845000267028809,0,0,831.7999877929688,77.7275633,12.9809711
1769157700839410200,3452.50241015625,0,0.6126655340194702,11.391901969909668,12.190999984741211,0,0,831.7999877929688,77.7275632,12.9809715
1769157701839407000,3453.5024069824217,0,0.6094617247581482,11.401902198791504,12.555000305175781,0,0,831.7999877929688,77.7275635,12.9809735
1769157702839407000,3454.5024069824217,0,1.0241669416427612,12.407477378845215,12.680999755859375,0,0,831.7999877929688,77.7275642,12.9809755
1769157703839409400,3455.5024094238283,0,1.0172359943389893,12.41747760772705,12.956999778747559,0,0,831.7999877929688,77.7275647,12.9809763
1769157704839407900,3456.5024079589843,0,1.1658108234405518,12.427477836608887,13.199000358581543,0,0,831.7999877929688,77.727565,12.9809766
1769157705839413500,3457.5024135742187,0,1.1275060176849365,12.437478065490723,13.496000289916992,0,0,831.7999877929688,77.7275652,12.9809769
1769157706839409400,3458.5024094238283,0,1.7225319147109985,12.447477340698242,13.6899995803833,0,0,831.7999877929688,77.7275654,12.9809771
1769157707839413200,3459.502413330078,18.69565773010254,2.1463406085968018,7.5107741355896,14.024999618530273,7.360000133514404,5,848.2999877929688,77.7275686,12.98102
1769157708839407000,3460.5024069824217,14.722329139709473,2.0622448921203613,7.520773887634277,14.288000106811523,9.029999732971191,9,848.2999877929688,77.7276293,12.9811514
1769157709839412500,3461.502412597656,13.835348129272461,2.0522587299346924,7.530774116516113,14.890999794006348,9.579999923706055,19,848.2999877929688,77.7277718,12.981237
1769157710839415000,3462.5024150390627,24.315706253051758,3.9827919006347656,7.540774345397949,15.277999877929688,10.350000381469727,22,848.2999877929688,77.7277989,12.9813293
1769157711839413500,3463.5024135742187,21.646947860717773,3.8614838123321533,7.550774097442627,15.152999877929688,11.359999656677246,10,848.2999877929688,77.7277474,12.981474
1769157712839410700,3464.502410644531,3.946608066558838,1.1398519277572632,7.560774326324463,14.538000106811523,14.479999542236328,11,848.2999877929688,77.7277892,12.9817116
1769157713839408600,3465.5024086914063,0.4702039957046509,0.10268625617027283,7.570774078369141,13.343000411987305,14.020000457763672,12,848.2999877929688,77.7278229,12.9819188
1769157714839414000,3466.5024140625,0.32965001463890076,0.07484069466590881,1.2852493524551392,12.170999526977539,14.569999694824219,13,848.2999877929688,77.7278487,12.9820837
1769157715839411000,3467.502410888672,0.3054512143135071,0.07011928409337997,1.2952492237091064,11.79800033569336,14.729999542236328,15,848.2999877929688,77.7278771,12.9822277
1769157716839408400,3468.5024084472657,0.34430092573165894,0.08059262484312057,1.3052492141723633,10.824000358581543,15.029999732971191,17,848.2999877929688,77.7279171,12.9823634
1769157717839413800,3469.5024138183594,0.3523997366428375,0.08361373096704483,1.3152493238449097,9.963000297546387,15.229999542236328,18,848.2999877929688,77.7279584,12.9824966
1769157718839411500,3470.502411376953,3.170909881591797,0.7535461783409119,1.3252493143081665,9.9350004196167,15.329999923706055,20,848.2999877929688,77.7280053,12.9826265
1769157719839414800,3471.502414794922,1.2987641096115112,0.3141860067844391,1.3352493047714233,9.9350004196167,15.5600004196167,23,848.2999877929688,77.7280601,12.9827625
1769157720839411500,3472.502411376953,0.41139477491378784,0.1015651747584343,1.3452492952346802,9.9350004196167,15.850000381469727,25,848.2999877929688,77.7281204,12.982903
1769157721839411000,3473.502410888672,0.7259801626205444,0.18234987556934357,1.355249285697937,9.9350004196167,16.139999389648438,27,848.2999877929688,77.7281855,12.9830371
1769157722839409700,3474.5024096679685,0.633163332939148,0.1599148064851761,1.3652492761611938,9.9350004196167,16.219999313354492,29,848.2999877929688,77.7282448,12.9831636
1769157723839408400,3475.5024084472657,0.5228419303894043,0.13211692869663239,1.3752492666244507,9.9350004196167,16.229999542236328,31,848.2999877929688,77.7283155,12.9832868
1769157724839409000,3476.502408935547,0.4154511094093323,0.10562045127153397,1.3852492570877075,9.9350004196167,16.31999969482422,33,848.2999877929688,77.728398,12.9834132
1769157725839408000,3477.502408203125,0.4258548319339752,0.10335123538970947,1.3952492475509644,9.9350004196167,15.579999923706055,35,848.2999877929688,77.7284743,12.9835237
1769157726839408600,3478.5024086914063,0.46632370352745056,0.10777672380208969,1.4052492380142212,9.9350004196167,14.84000015258789,36,848.2999877929688,77.7285541,12.9836323
1769157727839413500,3479.5024135742187,0.4564274847507477,0.10159473866224289,1.4152493476867676,9.9350004196167,14.289999961853027,37,848.2999877929688,77.7286368,12.9837392
1769157728839414800,3480.502414794922,0.46935608983039856,0.10158401727676392,1.4252493381500244,9.9350004196167,13.899999618530273,37,848.2999877929688,77.7287122,12.9838396
1769157729839408000,3481.502408203125,0.45389124751091003,0.09959083795547485,1.4352492094039917,9.9350004196167,14.09000015258789,37,848.2999877929688,77.728786,12.9839444
1769157730839415000,3482.5024150390627,0.38834425806999207,0.08624450117349625,1.445249319076538,9.9350004196167,14.260000228881836,37,848.2999877929688,77.7288663,12.9840499
1769157731839413200,3483.502413330078,3.634969472885132,0.9754392504692078,1.455249309539795,9.9350004196167,14.300000190734863,37,848.2999877929688,77.7289467,12.9841583
1769157732839406800,3484.502406738281,0.2290496528148651,0.9181682467460632,1.4652491807937622,9.9350004196167,14.380000114440918,37,848.2999877929688,77.7290251,12.9842609
1769157733839407000,3485.5024069824217,0.4331628680229187,0.9193668961524963,1.475249171257019,9.9350004196167,14.34000015258789,38,848.2999877929688,77.7291053,12.984361
1769157734839406800,3486.502406738281,0.6362001895904541,0.9234822392463684,1.4852492809295654,9.9350004196167,14.109999656677246,39,848.2999877929688,77.7291845,12.9844583
1769157735839411000,3487.502410888672,0.8356598019599915,0.9203160405158997,1.4952492713928223,9.9350004196167,13.539999961853027,39,848.2999877929688,77.7292643,12.984551
1769157736839409400,3488.5024094238283,1.0292168855667114,0.9186111688613892,1.505249261856079,9.9350004196167,13.039999961853027,40,848.2999877929688,77.7293436,12.9846449
1769157737839413000,3489.5024130859374,1.2147725820541382,0.919430136680603,1.515249252319336,9.9350004196167,12.65999984741211,40,848.2999877929688,77.7294216,12.9847333
1769157738839406300,3490.50240625,1.3888347148895264,0.9205043911933899,1.5252492427825928,9.9350004196167,12.449999809265137,40,848.2999877929688,77.7294976,12.9848144
1769157739839414500,3491.5024145507814,1.548859715461731,0.9223169088363647,1.5352493524551392,9.9350004196167,12.40999984741211,40,848.2999877929688,77.729573,12.9849014
1769157740839406600,3492.502406494141,1.6906898021697998,0.9212363362312317,1.5452492237091064,9.9350004196167,12.489999771118164,40,848.2999877929688,77.7296418,12.984985
1769157741839406000,3493.5024060058595,1.8142807483673096,0.9228605031967163,1.5552492141723633,9.9350004196167,12.600000381469727,41,848.2999877929688,77.7297169,12.9850694
1769157742839409000,3494.502408935547,1.9202076196670532,0.9254242777824402,1.5652492046356201,9.9350004196167,12.710000038146973,41,848.2999877929688,77.729796,12.9851563
1769157743839409400,3495.5024094238283,2.008239984512329,0.924220085144043,1.575249195098877,9.9350004196167,12.670000076293945,42,848.2999877929688,77.7298741,12.98524
1769157744839405800,3496.502405761719,2.0874476432800293,0.9274662733078003,1.5852491855621338,9.9350004196167,12.640000343322754,44,848.2999877929688,77.7299549,12.9853283
1769157745839410200,3497.50241015625,2.153634786605835,0.930188775062561,1.5952492952346802,9.9350004196167,12.609999656677246,45,848.2999877929688,77.7300369,12.9854119
1769157746839414000,3498.5024140625,2.2014355659484863,0.9266588091850281,1.605249285697937,9.9350004196167,12.59000015258789,47,848.2999877929688,77.7301229,12.9854865
1769157747839414000,3499.5024140625,2.242271661758423,0.926753044128418,1.6152492761611938,9.9350004196167,12.520000457763672,49,848.2999877929688,77.7302134,12.9855582
1769157748839407000,3500.5024069824217,2.276097536087036,0.9291184544563293,1.6252492666244507,9.9350004196167,12.470000267028809,51,848.2999877929688,77.730303,12.9856232
1769157749839406600,3501.502406494141,2.296642541885376,0.9269365072250366,1.6352492570877075,9.9350004196167,12.399999618530273,53,848.2999877929688,77.7303968,12.9856903
1769157750839407000,3502.5024069824217,2.3067617416381836,0.9283239841461182,1.6452492475509644,9.9350004196167,12.569999694824219,55,848.2999877929688,77.7304919,12.9857536
1769157751839413500,3503.5024135742187,2.3091115951538086,0.9291050434112549,1.6552492380142212,9.9350004196167,12.699999809265137,57,848.2999877929688,77.7305934,12.9858155
1769157752839413800,3504.5024138183594,2.304030418395996,0.9261504411697388,1.6652493476867676,9.9350004196167,12.739999771118164,59,848.2999877929688,77.7306919,12.98587
1769157753839411000,3505.502410888672,2.2979514598846436,0.9276070594787598,1.6752492189407349,9.9350004196167,12.6899995803833,60,848.2999877929688,77.730797,12.9859257
1769157754839414800,3506.502414794922,2.279275417327881,0.9234625101089478,1.6852493286132812,9.9350004196167,12.640000343322754,61,848.2999877929688,77.7308974,12.9859824
1769157755839405800,3507.502405761719,2.2642934322357178,0.9244896173477173,1.6952491998672485,9.9350004196167,12.59000015258789,61,848.2999877929688,77.7309986,12.9860368
1769157756839410000,3508.502409912109,2.2457573413848877,0.9252403378486633,1.705249309539795,9.9350004196167,12.5600004196167,61,848.2999877929688,77.7310983,12.9860897
1769157757839411200,3509.5024111328125,2.2263331413269043,0.9243764281272888,1.7152493000030518,9.9350004196167,12.550000190734863,61,848.2999877929688,77.7311992,12.9861441
1769157758839414300,3510.5024143066407,2.379645347595215,1.0407567024230957,1.7252492904663086,9.9350004196167,12.550000190734863,62,848.2999877929688,77.7313001,12.9861996
1769157759839408600,3511.5024086914063,2.363088369369507,0.9831809997558594,1.7352492809295654,9.9350004196167,12.390000343322754,63,848.2999877929688,77.7314001,12.9862532
1769157760839327200,3512.5023271484374,4.189010143280029,0.7997735142707825,1.7452484369277954,9.9350004196167,12.329999923706055,60,848.2999877929688,77.731498,12.9863094
1769157761839409700,3513.5024096679685,4.191447734832764,0.807400107383728,1.755249261856079,9.9350004196167,12.4399995803833,58,848.2999877929688,77.7315959,12.9863671
1769157762839412000,3514.5024118652345,1.5918480157852173,0.3050009608268738,1.765249252319336,9.9350004196167,12.329999923706055,55,848.2999877929688,77.7317001,12.986427
1769157763839411000,3515.502410888672,4.436838150024414,0.8656642436981201,1.7752492427825928,9.9350004196167,12.600000381469727,53,848.2999877929688,77.7317947,12.986493
1769157764839406000,3516.5024060058595,2.386918306350708,0.4591135084629059,1.7852492332458496,9.9350004196167,12.390000343322754,47,848.2999877929688,77.7318833,12.9865612
1769157765839405800,3517.502405761719,1.0594124794006348,0.2023131251335144,1.7952492237091064,9.9350004196167,12.270000457763672,44,848.2999877929688,77.7319682,12.9866422
1769157766839412000,3518.5024118652345,0.9340135455131531,0.17564737796783447,1.8052493333816528,9.9350004196167,12.079999923706055,39,848.2999877929688,77.7320453,12.9867294
1769157767839406600,3519.502406494141,0.884076714515686,0.16674314439296722,1.8152492046356201,9.9350004196167,12.119999885559082,36,848.2999877929688,77.732115,12.9868144
1769157768839410700,3520.502410644531,0.5536180734634399,0.1061829924583435,1.8252493143081665,9.9350004196167,12.319999694824219,34,848.2999877929688,77.7321827,12.9869093
1769157769839414800,3521.502414794922,0.48798179626464844,0.09401355683803558,1.8352493047714233,9.9350004196167,12.369999885559082,33,848.2999877929688,77.7322507,12.9870055
1769157770839410200,3522.50241015625,0.9784371852874756,0.19107282161712646,1.8452492952346802,9.9350004196167,12.550000190734863,33,848.2999877929688,77.7323112,12.9871014
1769157771839410000,3523.502409912109,0.688064455986023,0.13334301114082336,1.855249285697937,9.9350004196167,12.449999809265137,34,848.2999877929688,77.7323783,12.9871984
1769157772839405600,3524.502405517578,0.5068175196647644,0.09889502078294754,1.8652491569519043,9.9350004196167,12.529999732971191,35,848.2999877929688,77.732451,12.9872922
1769157773839412200,3525.502412109375,0.751545786857605,0.14626814424991608,1.8752492666244507,9.9350004196167,12.5,38,848.2999877929688,77.7325209,12.9873843
1769157774839412200,3526.502412109375,3.9530344009399414,0.7782912850379944,1.8852492570877075,9.9350004196167,12.710000038146973,41,848.2999877929688,77.7325969,12.9874724
1769157775839407000,3527.5024069824217,1.759864091873169,0.3441888093948364,1.8952492475509644,9.9350004196167,12.59000015258789,48,848.2999877929688,77.7326722,12.9875476
1769157776839406800,3528.502406738281,0.8468415141105652,0.16280752420425415,1.9052492380142212,9.9350004196167,12.350000381469727,52,848.2999877929688,77.7327599,12.9876234
1769157777839413200,3529.502413330078,1.4435011148452759,0.28075894713401794,1.9152493476867676,9.9350004196167,12.510000228881836,59,848.2999877929688,77.7328514,12.98768
1769157778839411000,3530.502410888672,3.9886724948883057,0.7798794507980347,1.9252492189407349,9.9350004196167,12.619999885559082,60,848.2999877929688,77.7329496,12.9877342
1769157779839406300,3531.50240625,5.3571906089782715,1.3893208503723145,1.9352492094039917,9.9350004196167,11.960000038146973,63,848.2999877929688,77.733047,12.9877778
1769157780839408400,3532.5024084472657,6.459535598754883,1.2350188493728638,1.9452491998672485,9.968000411987305,12.369999885559082,68,848.2999877929688,77.7331616,12.9878151
1769157781839412500,3533.502412597656,2.6799097061157227,0.9537327885627747,1.955249309539795,9.968000411987305,12.609999656677246,74,848.2999877929688,77.7332668,12.9878403
1769157782839411200,3534.5024111328125,4.638718605041504,1.001893401145935,1.9652493000030518,9.963000297546387,12.5,79,848.2999877929688,77.7333798,12.9878545
1769157783839410400,3535.5024104003905,5.2705864906311035,1.0374797582626343,1.9752492904663086,9.963000297546387,12.460000038146973,85,848.2999877929688,77.7334887,12.9878541
1769157784839406600,3536.502406494141,4.904141902923584,0.9544079303741455,1.9852492809295654,9.968000411987305,12.579999923706055,89,848.2999877929688,77.7336077,12.9878549
1769157785839414000,3537.5024140625,4.91426420211792,0.9523417949676514,1.9952492713928223,9.9350004196167,12.520000457763672,93,848.2999877929688,77.7337216,12.9878474
1769157786839410400,3538.5024104003905,4.709843635559082,0.9475572109222412,2.005249261856079,9.9350004196167,12.479999542236328,98,848.2999877929688,77.733835,12.9878337
1769157787839407600,3539.5024077148437,4.386746883392334,0.9467393159866333,2.015249252319336,9.9350004196167,12.550000190734863,99,848.2999877929688,77.733944,12.9878169
1769157788839406800,3540.502406738281,4.128515720367432,0.9401161074638367,2.0252492427825928,9.9350004196167,12.520000457763672,100,848.2999877929688,77.734051,12.9877966
1769157789839410700,3541.502410644531,3.9629509449005127,0.9730815291404724,2.0352492332458496,9.9350004196167,12.520000457763672,99,848.2999877929688,77.7341649,12.9877782
1769157790839414500,3542.5024145507814,3.7513763904571533,0.9558573961257935,2.0452492237091064,8.706000328063965,12.550000190734863,100,848.2999877929688,77.734279,12.9877601
1769157791839412200,3543.502412109375,3.544503927230835,0.9334315061569214,2.0552492141723633,7.4770002365112305,12.529999732971191,100,848.2999877929688,77.7343896,12.9877452
1769157792839413800,3544.5024138183594,3.4408748149871826,0.9684371948242188,2.06524920463562,6.248000144958496,12.460000038146973,99,848.2999877929688,77.7345029,12.9877265
1769157793839414300,3545.5024143066407,3.262803554534912,0.9298166632652283,2.075249195098877,5.019000053405762,12.520000457763672,99,848.2999877929688,77.7346189,12.987705
1769157794839405600,3546.502405517578,3.1462442874908447,0.9300493001937866,2.085249185562134,4.814000129699707,12.529999732971191,99,848.2999877929688,77.73474,12.9876905
1769157795839411500,3547.502411376953,3.0470540523529053,0.928691565990448,2.0952491760253906,3.7899999618530273,12.5,99,848.2999877929688,77.7348602,12.9876681
1769157796839410400,3548.5024104003905,3.0258381366729736,0.9416899085044861,2.1052491664886475,3.7899999618530273,12.5,96,848.2999877929688,77.734973,12.9876488
1769157797839410200,3549.50241015625,3.3305578231811523,0.9850895404815674,2.1152491569519043,3.7899999618530273,12.760000228881836,106,848.2999877929688,77.7350897,12.9876363
1769157798839415000,3550.5024150390627,3.3285601139068604,0.949320912361145,2.1252493858337402,3.7899999618530273,13.020000457763672,105,848.2999877929688,77.7352089,12.987622
1769157799839409400,3551.5024094238283,3.9250810146331787,0.9802720546722412,2.135249137878418,3.7899999618530273,13.300000190734863,97,848.2999877929688,77.7353308,12.9876117
1769157800839408400,3552.5024084472657,0.5700176358222961,0.12059048563241959,2.5,3.7899999618530273,13.59000015258789,95,819.734130859375,77.7354567,12.9876014
1769157801839409700,3553.5024096679685,0.368427574634552,0.07675616443157196,2.5,3.7899999618530273,13.369999885559082,94,820.192626953125,77.7355777,12.9875897
1769157802839408000,3554.502408203125,0.4396630823612213,0.09082810580730438,2.5,3.7899999618530273,13.260000228881836,93,819.6104736328125,77.7356993,12.987585
1769157803839411000,3555.502410888672,0.4219020903110504,0.08404030650854111,2.5,3.7899999618530273,12.789999961853027,92,819.9190673828125,77.7358206,12.9875822
1769157804839410400,3556.5024104003905,0.8548470735549927,0.16207292675971985,2.5,3.7899999618530273,12.180000305175781,91,820.3636474609375,77.735934,12.987573
1769157805839409000,3557.502408935547,0.6054739356040955,0.11187167465686798,2.5,3.7899999618530273,11.869999885559082,90,820.3048095703125,77.7360451,12.9875622
1769157806839411500,3558.502411376953,0.4406072199344635,0.07598894089460373,2.5,3.7899999618530273,11.069999694824219,90,820.8531494140625,77.7361473,12.9875564
1769157807839413000,3559.5024130859374,0.3909815549850464,0.06369184702634811,2.5,3.7899999618530273,10.460000038146973,89,820.8758544921875,77.7362465,12.987553
1769157808839407900,3560.5024079589843,0.8201022148132324,0.1264326572418213,2.5,3.7899999618530273,9.899999618530273,90,819.92529296875,77.736336,12.9875516
1769157809839413800,3561.5024138183594,0.6486638188362122,0.09507300704717636,2.5,3.7899999618530273,9.40999984741211,89,820.493408203125,77.7364229,12.9875524
1769157810839406300,3562.50240625,0.48559871315956116,0.06729388236999512,2.5,3.7899999618530273,8.899999618530273,90,820.6337890625,77.7365062,12.9875499
1769157811839410000,3563.502409912109,0.5424163937568665,0.07072995603084564,2.5,3.7899999618530273,8.369999885559082,90,820.52197265625,77.7365845,12.9875454
1769157812839410700,3564.502410644531,0.5587653517723083,0.06874272972345352,2.5,3.7899999618530273,7.900000095367432,89,820.225341796875,77.736657,12.9875413
1769157813839415300,3565.502415283203,0.6494015455245972,0.07566925138235092,2.5,3.7899999618530273,7.480000019073486,90,819.992919921875,77.7367313,12.987541
1769157814839407400,3566.502407470703,0.6622877717018127,0.07151532173156738,2.5,3.7899999618530273,6.929999828338623,89,819.8232421875,77.7367974,12.9875441
1769157815839407400,3567.502407470703,0.8234318494796753,0.08287931233644485,2.5,3.7899999618530273,6.460000038146973,89,819.601806640625,77.7368605,12.9875455
1769157816839410400,3568.5024104003905,0.8868405818939209,0.08147124201059341,2.5,3.7899999618530273,5.900000095367432,90,819.748779296875,77.7369202,12.9875467
1769157817839408000,3569.502408203125,1.0753915309906006,0.09570582211017609,2.5,3.7899999618530273,5.71999979019165,90,819.5501708984375,77.7369758,12.9875463
1769157818839405600,3570.502405517578,1.1487501859664917,0.09644360840320587,2.5,3.7899999618530273,5.389999866485596,89,820.203369140625,77.7370274,12.9875472
1769157819839412200,3571.502412109375,1.4081977605819702,0.11394080519676208,2.5,3.7899999618530273,5.199999809265137,91,820.58837890625,77.737077,12.9875529
1769157820839412500,3572.502412597656,9.318840026855469,0.935937225818634,2.5,3.7899999618530273,5.119999885559082,90,821.11865234375,77.7371268,12.9875541
1769157821839410000,3573.502409912109,1.1978718042373657,0.9291433095932007,2.5,3.7899999618530273,4.900000095367432,91,821.9306640625,77.7371706,12.9875548
1769157822839409700,3574.5024096679685,2.0600364208221436,0.9737260937690735,2.5,3.7899999618530273,4.440000057220459,96,821.7861328125,77.7372095,12.9875554
1769157823839413500,3575.5024135742187,2.9320411682128906,1.0573474168777466,2.5,3.7899999618530273,4.380000114440918,92,822.356689453125,77.7372506,12.9875553
1769157824839410200,3576.50241015625,3.758744955062866,1.0111901760101318,13.05410099029541,3.7899999618530273,4.139999866485596,92,830.0999755859375,77.7372881,12.98756
1769157825839412700,3577.5024128417967,4.625838279724121,1.2106889486312866,13.064101219177246,3.7899999618530273,4.019999980926514,102,830.0999755859375,77.7373237,12.9875586
1769157826839414000,3578.5024140625,5.442432403564453,1.4427865743637085,13.074101448059082,3.9549999237060547,4.349999904632568,101,830.0999755859375,77.7373633,12.9875586
1769157827839412700,3579.5024128417967,6.25454568862915,1.4694626331329346,13.084100723266602,4.300000190734863,4.28000020980835,106,830.0999755859375,77.7374014,12.9875549
1769157828839405300,3580.5024052734375,6.966237545013428,1.2233909368515015,13.094100952148438,4.552000045776367,3.6700000762939453,104,830.0999755859375,77.7374208,12.9875504
1769157829839405800,3581.502405761719,7.546732425689697,1.3994756937026978,13.104101181030273,5.0329999923706055,4.190000057220459,101,830.0999755859375,77.7374615,12.987547
1769157830839410200,3582.50241015625,8.35402774810791,1.5288951396942139,13.11410140991211,5.645999908447266,3.7100000381469727,101,830.0999755859375,77.7374812,12.9875394
1769157831839413500,3583.5024135742187,9.107763290405273,1.460908055305481,16.613048553466797,6.367000102996826,3.4200000762939453,98,831.8999633789062,77.7375101,12.9875335
1769157832839414000,3584.5024140625,9.827249526977539,1.373711109161377,16.623048782348633,7.255000114440918,3.2899999618530273,96,831.8999633789062,77.7375397,12.9875311
1769157833839407400,3585.502407470703,10.531396865844727,1.5409280061721802,16.633047103881836,7.908999919891357,3.8399999141693115,94,831.8999633789062,77.7375764,12.9875304
1769157834839409000,3586.502408935547,11.144122123718262,1.7388015985488892,16.643047332763672,8.543999671936035,3.859999895095825,93,831.8999633789062,77.7376133,12.9875292
1769157835839413500,3587.5024135742187,11.786404609680176,1.2876322269439697,16.653047561645508,8.979999542236328,2.380000114440918,94,831.8999633789062,77.7376366,12.9875264
1769157836839411200,3588.5024111328125,12.537866592407227,1.5371017456054688,16.663047790527344,9.234000205993652,2.640000104904175,93,831.8999633789062,77.7376574,12.9875247
1769157837839411500,3589.502411376953,13.269747734069824,1.7206246852874756,16.67304801940918,9.8149995803833,2.630000114440918,93,831.8999633789062,77.7376787,12.9875231
1769157838839405600,3590.502405517578,13.710298538208008,1.8771167993545532,16.683048248291016,10.5600004196167,2.7799999713897705,94,831.8999633789062,77.7377012,12.9875195
1769157839839409200,3591.5024091796877,14.018070220947266,1.8162585496902466,16.69304847717285,11.253999710083008,2.7200000286102295,92,831.8999633789062,77.7377241,12.9875191
1769157840839410700,3592.502410644531,14.473001480102539,2.17146372795105,16.703048706054688,11.54699993133545,2.75,90,831.8999633789062,77.7377475,12.9875213
1769157841839412700,3593.5024128417967,14.546899795532227,2.2949681282043457,16.713048934936523,12.529999732971191,1.9800000190734863,86,831.8999633789062,77.7377633,12.9875311
1769157842839410400,3594.5024104003905,14.914813995361328,2.5099258422851562,16.723047256469727,13.064000129699707,1.2699999809265137,83,831.8999633789062,77.7377669,12.987545
1769157843839411500,3595.502411376953,15.14533805847168,2.5833358764648438,16.733047485351562,14.086000442504883,1.1799999475479126,81,831.8999633789062,77.7377591,12.9875617
1769157844839414500,3596.5024145507814,15.715792655944824,2.7346625328063965,16.7430477142334,15.425999641418457,1.3600000143051147,81,831.8999633789062,77.7377494,12.9875753
1769157845839405800,3597.502405761719,15.736737251281738,2.4885013103485107,6.687524318695068,15.196999549865723,1.9199999570846558,84,825.2000122070312,77.7377364,12.9875727
1769157846839412700,3598.5024128417967,16.172815322875977,1.6001741886138916,6.697524547576904,14.895000457763672,0.8299999833106995,89,825.2000122070312,77.7377229,12.9875672
1769157847839412500,3599.502412597656,16.654319763183594,1.3063873052597046,6.707524299621582,13.961999893188477,0.5899999737739563,78,825.2000122070312,77.7377021,12.987564
1769157848839407900,3600.5024079589843,17.220748901367188,1.618133544921875,6.71752405166626,13.178000450134277,0.3700000047683716,98,825.2000122070312,77.7376815,12.9875592
1769157849839410700,3601.502410644531,17.777868270874023,1.5101816654205322,6.727524280548096,11.871000289916992,0.47999998927116394,89,825.2000122070312,77.7376613,12.9875546
1769157850839407600,3602.5024077148437,18.37099266052246,1.7195937633514404,6.737524509429932,9.569000244140625,0.8299999833106995,86,825.2000122070312,77.7376453,12.9875586
1769157851839412200,3603.502412109375,18.966554641723633,1.6794732809066772,8.299394607543945,9.378000259399414,0.8899999856948853,83,831.8999633789062,77.7376326,12.9875677
1769157852839410000,3604.502409912109,19.573007583618164,1.680716872215271,8.309394836425781,9.538999557495117,1.25,78,831.8999633789062,77.737627,12.9875826
1769157853839411200,3605.5024111328125,20.18316078186035,1.6881917715072632,8.3193941116333,10.071000099182129,0.9100000262260437,79,831.8999633789062,77.7376238,12.9875968
1769157854839415300,3606.502415283203,20.795015335083008,1.6015660762786865,8.329394340515137,10.732999801635742,1.4600000381469727,78,831.8999633789062,77.7376214,12.9876155
1769157855839413000,3607.5024130859374,21.40789794921875,1.4893629550933838,8.339394569396973,11.220999717712402,0.46000000834465027,78,831.8999633789062,77.7376247,12.9876185
1769157856839408400,3608.5024084472657,22.020708084106445,1.1787800788879395,8.349394798278809,11.26099967956543,0.30000001192092896,77,831.8999633789062,77.7376263,12.9876257
1769157857839408400,3609.5024084472657,0,0.4588368535041809,8.359394073486328,11.779999732971191,0,0,831.8999633789062,77.7376201,12.9876373
1769157858839415600,3610.5024155273436,0,0.3273813724517822,8.369394302368164,11.677000045776367,0,0,831.8999633789062,77.7376167,12.9876434
1769157859839413000,3611.5024130859374,0,0.5304534435272217,3.3117928504943848,11.789999961853027,0,0,830.0999755859375,77.7376155,12.9876446
1769157860839413200,3612.502413330078,0,0.5624381899833679,3.3217928409576416,12.026000022888184,0,0,830.0999755859375,77.7376138,12.9876452
1769157861839406000,3613.5024060058595,0,0.7060491442680359,3.3317928314208984,12.251999855041504,0,0,830.0999755859375,77.7376111,12.987645
1769157862839412500,3614.502412597656,0,0.7733155488967896,3.3417928218841553,12.92300033569336,0,0,830.0999755859375,77.737609,12.9876446
1769157863839415000,3615.5024150390627,0,0.5360104441642761,3.351793050765991,13.050000190734863,0,0,830.0999755859375,77.7376088,12.9876443
1769157864839408600,3616.5024086914063,0,0.6243964433670044,3.361792802810669,13.371000289916992,0,0,830.0999755859375,77.7376088,12.9876443
1769157865839410000,3617.502409912109,0,0.6965973377227783,3.371793031692505,13.670999526977539,0,0,830.0999755859375,77.7376089,12.9876442
1769157866839409400,3618.5024094238283,0,0.7687549591064453,3.3817930221557617,14.069000244140625,0,0,830.0999755859375,77.7376087,12.9876442
1769157867839414000,3619.5024140625,0,0.9523323774337769,3.3917930126190186,14.222000122070312,0,0,830.0999755859375,77.7376089,12.9876443
1769157868839406800,3620.502406738281,0,1.268439531326294,3.4017927646636963,14.340999603271484,0,0,830.0999755859375,77.7376093,12.9876443
1769157869839411000,3621.502410888672,0,1.284437656402588,3.4117929935455322,14.690999984741211,0,0,830.0999755859375,77.7376096,12.9876443
1769157870839412200,3622.502412109375,0,1.5705305337905884,3.421792984008789,14.803999900817871,0,0,830.0999755859375,77.7376105,12.9876439
1769157871839410200,3623.50241015625,0,1.617066740989685,3.431792974472046,14.864999771118164,0,0,830.0999755859375,77.737611,12.9876434
1769157872839411500,3624.502411376953,26.210941314697266,2.505058765411377,10.429909706115723,14.930999755859375,6,96,832.7000122070312,77.7376444,12.9876397
1769157873839414000,3625.5024140625,13.926952362060547,2.0864782333374023,10.439908981323242,14.871000289916992,9.670000076293945,74,832.7000122070312,77.7378459,12.9878703
1769157874839409200,3626.5024091796877,4.778116703033447,1.4972063302993774,10.449909210205078,14.37600040435791,10.710000038146973,92,832.7000122070312,77.7381601,12.9875626
1769157875839411200,3627.5024111328125,4.454825401306152,1.598793625831604,10.459909439086914,13.654999732971191,11.859999656677246,91,832.7000122070312,77.7383916,12.9875736
1769157876839414000,3628.5024140625,3.35493540763855,0.9438508749008179,10.46990966796875,12.465999603271484,11.739999771118164,91,832.7000122070312,77.7385937,12.9875486
1769157877839415600,3629.5024155273436,3.0630810260772705,0.9281541109085083,10.47990894317627,11.399999618530273,12.0600004196167,91,832.7000122070312,77.7387384,12.987537
1769157878839413000,3630.5024130859374,2.849832773208618,0.927249014377594,10.489909172058105,11.156000137329102,12.40999984741211,90,832.7000122070312,77.7388615,12.9875346
1769157879839406300,3631.50240625,2.6748557090759277,0.9280825257301331,10.499909400939941,10.383000373840332,12.8100004196167,90,832.7000122070312,77.7389923,12.9875424
1769157880839406300,3632.50240625,2.5261647701263428,0.9267445802688599,10.509909629821777,10.055000305175781,13.25,90,832.7000122070312,77.7391245,12.9875493
1769157881839414300,3633.5024143066407,2.4285759925842285,0.9712361693382263,10.519908905029297,9.9350004196167,13.699999809265137,89,832.7000122070312,77.73925,12.9875482
1769157882839408000,3634.502408203125,2.2961385250091553,0.9283691644668579,10.529909133911133,9.9350004196167,14.1899995803833,90,832.7000122070312,77.7393852,12.9875473
1769157883839409200,3635.5024091796877,2.189138174057007,0.92788165807724,10.539909362792969,9.9350004196167,14.680000305175781,89,832.7000122070312,77.7395223,12.9875449
1769157884839413200,3636.502413330078,2.0925896167755127,0.9257215261459351,10.549909591674805,9.9350004196167,15.149999618530273,89,832.7000122070312,77.739664,12.987542
1769157885839412500,3637.502412597656,2.0162737369537354,0.9268090128898621,10.55990982055664,9.9350004196167,15.619999885559082,90,832.7000122070312,77.7398103,12.9875385
1769157886839410400,3638.5024104003905,1.9679219722747803,0.9343842267990112,10.56990909576416,9.9350004196167,16.110000610351562,92,832.7000122070312,77.7399579,12.9875293
1769157887839413200,3639.502413330078,1.9316835403442383,0.9377633333206177,10.579909324645996,9.9350004196167,16.420000076293945,95,832.7000122070312,77.7401057,12.9875099
1769157888839407900,3640.5024079589843,1.881976842880249,0.9353203773498535,10.589909553527832,9.9350004196167,17.010000228881836,97,832.7000122070312,77.7402648,12.987486
1769157889839412000,3641.5024118652345,1.837628722190857,0.936225175857544,10.599909782409668,9.9350004196167,17.540000915527344,100,832.7000122070312,77.7404192,12.9874631
1769157890839415000,3642.5024150390627,1.8131037950515747,0.9284220933914185,10.609909057617188,9.9350004196167,17.969999313354492,105,832.7000122070312,77.740575,12.9874273
1769157891839409400,3643.5024094238283,1.7725591659545898,0.9332299828529358,10.619909286499023,9.9350004196167,18.5,107,832.7000122070312,77.7407366,12.9873859
1769157892839409200,3644.5024091796877,1.7801148891448975,0.9377382397651672,10.62990951538086,9.9350004196167,18.959999084472656,101,832.7000122070312,77.7409023,12.9873493
1769157893839407400,3645.502407470703,1.7731553316116333,0.9370351433753967,10.639909744262695,9.9350004196167,19.209999084472656,104,832.7000122070312,77.7410716,12.9873018
1769157894839407000,3646.5024069824217,1.7128100395202637,0.929591178894043,10.649909019470215,9.9350004196167,19.350000381469727,105,832.7000122070312,77.7412443,12.9872568
1769157895839409000,3647.502408935547,1.6774731874465942,0.932081401348114,10.65990924835205,9.9350004196167,19.459999084472656,105,832.7000122070312,77.7414151,12.9872095
1769157896839408000,3648.502408203125,1.6510223150253296,0.9349946975708008,10.669909477233887,9.9350004196167,19.559999465942383,105,832.7000122070312,77.7415905,12.9871626
1769157897839413800,3649.5024138183594,1.613796591758728,0.9255605936050415,10.679909706115723,9.9350004196167,19.6200008392334,104,832.7000122070312,77.7417676,12.9871212
1769157898839411700,3650.502411621094,1.5901312828063965,0.928283154964447,10.689908981323242,9.9350004196167,19.65999984741211,104,832.7000122070312,77.7419418,12.987077
1769157899839407000,3651.5024069824217,1.5661064386367798,0.9263848662376404,10.699909210205078,9.9350004196167,19.690000534057617,104,832.7000122070312,77.7421153,12.987028
1769157900839414800,3652.502414794922,1.554431438446045,0.9267734289169312,10.709909439086914,9.9350004196167,19.670000076293945,104,832.7000122070312,77.7422918,12.9869773
1769157901839410400,3653.5024104003905,1.5485163927078247,0.9336193799972534,10.71990966796875,9.9350004196167,19.639999389648438,104,832.7000122070312,77.7424708,12.9869337
1769157902839413500,3654.5024135742187,1.5316944122314453,0.9250226616859436,10.72990894317627,9.9350004196167,19.59000015258789,104,832.7000122070312,77.7426517,12.9868894
1769157903839410000,3655.502409912109,1.531507134437561,0.9270108938217163,10.739909172058105,9.9350004196167,19.25,103,832.7000122070312,77.7428275,12.9868487
1769157904839406000,3656.5024060058595,1.534770131111145,0.9282468557357788,10.749909400939941,9.9350004196167,18.65999984741211,104,832.7000122070312,77.7430001,12.9868041
1769157905839407000,3657.5024069824217,1.5402991771697998,0.9240307211875916,10.759909629821777,9.9350004196167,18,103,832.7000122070312,77.7431628,12.9867634
1769157906839411500,3658.502411376953,1.5575402975082397,0.9247015714645386,10.769908905029297,9.9350004196167,17.309999465942383,104,832.7000122070312,77.7433184,12.986721
1769157907839405800,3659.502405761719,1.581924319267273,0.931706428527832,10.779909133911133,9.9350004196167,16.579999923706055,103,832.7000122070312,77.7434672,12.9866852
1769157908839409400,3660.5024094238283,1.676842212677002,0.9606441259384155,10.789909362792969,9.9350004196167,15.949999809265137,107,832.7000122070312,77.7436066,12.9866483
1769157909839405800,3661.502405761719,1.704583764076233,0.9320987462997437,10.799909591674805,9.9350004196167,15.600000381469727,108,832.7000122070312,77.7437523,12.9866124
1769157910839413500,3662.5024135742187,1.723892092704773,0.9272382259368896,10.80990982055664,9.9350004196167,15.270000457763672,107,832.7000122070312,77.7438862,12.9865865
1769157911839408400,3663.5024084472657,1.7440705299377441,0.9298939108848572,10.81990909576416,9.9350004196167,15.09000015258789,107,832.7000122070312,77.7440216,12.9865491
1769157912839411700,3664.502411621094,1.765741229057312,0.9291074872016907,10.829909324645996,9.9350004196167,14.930000305175781,105,832.7000122070312,77.7441546,12.9865163
1769157913839411500,3665.502411376953,1.8070791959762573,0.9370753765106201,10.839909553527832,9.9350004196167,14.739999771118164,107,832.7000122070312,77.7442862,12.9864824
1769157914839408000,3666.502408203125,1.8663908243179321,0.9757604598999023,10.849909782409668,9.9350004196167,14.579999923706055,103,832.7000122070312,77.7444168,12.9864548
1769157915839408000,3667.502408203125,1.937200665473938,0.9689615964889526,10.859909057617188,9.9350004196167,14.420000076293945,114,832.7000122070312,77.7445457,12.9864213
1769157916839415300,3668.502415283203,1.962186574935913,0.9385355114936829,10.869909286499023,9.9350004196167,14.25,107,832.7000122070312,77.744673,12.986397
1769157917839410400,3669.5024104003905,1.9543237686157227,0.9281949996948242,10.87990951538086,9.9350004196167,14.050000190734863,107,832.7000122070312,77.7447989,12.9863666
1769157918839409700,3670.5024096679685,1.9636160135269165,0.9251934289932251,10.889909744262695,9.9350004196167,13.890000343322754,105,832.7000122070312,77.744922,12.9863364
1769157919839408400,3671.5024084472657,1.9813172817230225,0.9341734051704407,10.899909019470215,9.9350004196167,13.720000267028809,107,832.7000122070312,77.7450409,12.9862996
1769157920839412500,3672.502412597656,1.9854673147201538,0.9281723499298096,10.90990924835205,9.9350004196167,13.550000190734863,108,832.7000122070312,77.7451593,12.9862642
1769157921839413200,3673.502413330078,1.983557105064392,0.9244438409805298,10.919909477233887,9.9350004196167,13.350000381469727,108,832.7000122070312,77.7452788,12.9862274
1769157922839410400,3674.5024104003905,1.9948257207870483,0.922958254814148,10.929909706115723,9.9350004196167,12.729999542236328,108,832.7000122070312,77.7453887,12.9861959
1769157923839412200,3675.502412109375,2.0157508850097656,0.9238089323043823,10.939908981323242,9.9350004196167,12.029999732971191,108,832.7000122070312,77.7454875,12.9861636
1769157924839409000,3676.502408935547,0.41349613666534424,0.06980300694704056,10.949909210205078,9.9350004196167,10.84000015258789,108,832.7000122070312,77.7455817,12.9861345
1769157925839411000,3677.502410888672,0.40376752614974976,0.06413857638835907,10.959909439086914,9.9350004196167,10.199999809265137,109,832.7000122070312,77.7456717,12.9861048
1769157926839409700,3678.5024096679685,0.44559213519096375,0.06658457219600677,10.96990966796875,9.9350004196167,9.59000015258789,109,832.7000122070312,77.7457599,12.9860746
1769157927839412200,3679.502412109375,0.49349695444107056,0.0701979249715805,10.97990894317627,9.9350004196167,9.130000114440918,109,832.7000122070312,77.7458391,12.9860488
1769157928839412000,3680.5024118652345,0.6315764784812927,0.08738863468170166,10.989909172058105,9.9350004196167,8.880000114440918,110,832.7000122070312,77.7459183,12.9860221
1769157929839414800,3681.502414794922,3.01739239692688,0.4015568792819977,10.999909400939941,9.9350004196167,8.579999923706055,109,832.7000122070312,77.7459954,12.9859962
1769157930839408000,3682.502408203125,1.5099799633026123,0.18787066638469696,11.009909629821777,9.9350004196167,8,111,832.7000122070312,77.7460667,12.9859683
1769157931839413500,3683.5024135742187,0.6226943731307983,0.07348334789276123,11.019908905029297,9.9350004196167,7.579999923706055,111,832.7000122070312,77.7461309,12.9859459
1769157932839409400,3684.5024094238283,0.633355438709259,0.0700424462556839,11.029909133911133,9.9350004196167,7.099999904632568,111,832.7000122070312,77.746189,12.9859235
1769157933839406000,3685.5024060058595,0.6725404262542725,0.06975235790014267,11.039909362792969,9.9350004196167,6.659999847412109,110,832.7000122070312,77.7462448,12.9858996
1769157934839411500,3686.502411376953,0.9921417236328125,0.09690969437360764,11.049909591674805,9.9350004196167,6.269999980926514,111,832.7000122070312,77.7462965,12.9858748
1769157935839412000,3687.5024118652345,0.9551098346710205,0.0899667963385582,11.05990982055664,9.9350004196167,6.050000190734863,111,832.7000122070312,77.7463476,12.9858508
1769157936839414000,3688.5024140625,0.9013429284095764,0.08248807489871979,11.06990909576416,9.9350004196167,5.880000114440918,111,832.7000122070312,77.7463963,12.9858291
1769157937839409200,3689.5024091796877,1.152066946029663,0.10208112746477127,11.079909324645996,9.9350004196167,5.690000057220459,111,832.7000122070312,77.7464412,12.9858126
1769157938839412700,3690.5024128417967,19.628334045410156,1.6118823289871216,11.089909553527832,9.9350004196167,5.25,112,832.7000122070312,77.7464861,12.9857959
1769157939839408400,3691.5024084472657,25.73969268798828,2.01101016998291,11.099909782409668,9.972999572753906,4.909999847412109,114,832.7000122070312,77.7465283,12.9857779
1769157940839412000,3692.5024118652345,23.28270721435547,1.7248271703720093,11.109909057617188,10.04699993133545,4.690000057220459,111,832.7000122070312,77.7465721,12.9857667
1769157941839414000,3693.5024140625,34.931556701660156,2.540374517440796,11.119909286499023,10.170999526977539,4.400000095367432,115,832.7000122070312,77.7466073,12.9857484
1769157942839408000,3694.502408203125,46.984806060791016,2.987886428833008,10.419729232788086,10.425999641418457,3.5799999237060547,114,833.3999633789062,77.746633,12.985737
1769157943839414000,3695.5024140625,68.99072265625,3.3344597816467285,10.429729461669922,11.039999961853027,2.130000114440918,92,833.3999633789062,77.7466531,12.98574
1769157944839410200,3696.50241015625,69.60502624511719,2.9449079036712646,10.439729690551758,11.46399974822998,1.850000023841858,145,833.3999633789062,77.7466552,12.9857198
1769157945839415000,3697.5024150390627,69.22200775146484,1.7691950798034668,10.449728965759277,11.934000015258789,1.1200000047683716,149,833.3999633789062,77.7466457,12.985713
1769157946839414800,3698.502414794922,68.1832046508789,1.9327166080474854,10.459729194641113,12.427000045776367,1.2599999904632568,140,833.3999633789062,77.7466611,12.9857056
1769157947839415000,3699.5024150390627,52.750244140625,1.7904537916183472,10.46972942352295,12.670000076293945,1.8200000524520874,117,833.3999633789062,77.7467035,12.985712
1769157948839415600,3700.5024155273436,56.85593795776367,1.952575445175171,10.479729652404785,12.82699966430664,1.7699999809265137,113,833.3999633789062,77.746721,12.9857059
1769157949839409700,3701.5024096679685,61.902626037597656,2.0577502250671387,13.613143920898438,12.984000205993652,1.6200000047683716,111,822.2999877929688,77.7467282,12.9856897
1769157950839410400,3702.5024104003905,78.00373840332031,2.23756742477417,13.623144149780273,13.37399959564209,1.059999942779541,111,822.2999877929688,77.746735,12.9856829
1769157951839411500,3703.502411376953,0,2.2690813541412354,13.63314437866211,13.814000129699707,0,0,822.2999877929688,77.7467365,12.9856857
1769157952839408600,3704.5024086914063,79.8354263305664,1.6669354438781738,13.643143653869629,13.991000175476074,0.7400000095367432,111,822.2999877929688,77.7467388,12.9856858
1769157953839412700,3705.5024128417967,67.65191650390625,1.6916335821151733,13.653143882751465,14.232999801635742,1.1200000047683716,111,822.2999877929688,77.746743,12.9856837
1769157954839415000,3706.5024150390627,87.0167236328125,1.3751940727233887,13.6631441116333,14.12600040435791,0.4399999976158142,110,822.2999877929688,77.7467509,12.9856927
1769157955839407400,3707.502407470703,0,1.2591619491577148,13.673144340515137,13.744000434875488,0,0,822.2999877929688,77.7467539,12.9857065
1769157956839407400,3708.502407470703,90.576171875,1.1013412475585938,15.016064643859863,13.204999923706055,0.28999999165534973,108,840.2999877929688,77.7467627,12.9857276
1769157957839413500,3709.5024135742187,0,0.12922242283821106,15.026063919067383,12.152000427246094,0,0,840.2999877929688,77.7467791,12.9857816
1769157958839412700,3710.5024128417967,0,0.14822132885456085,15.036064147949219,11.494000434875488,0,0,840.2999877929688,77.7467866,12.9858058
1769157959839413500,3711.5024135742187,0,0.4792506992816925,15.046064376831055,11.371999740600586,0,0,840.2999877929688,77.7467913,12.9858206
1769157960839415600,3712.5024155273436,0,0.1233389601111412,15.05606460571289,10.9399995803833,0,0,840.2999877929688,77.7467985,12.9858317
1769157961839413000,3713.5024130859374,0,0.0875350832939148,4.519338130950928,10.737000465393066,0,0,815.69775390625,77.7468035,12.9858386
1769157962839405600,3714.502405517578,0,0.13797049224376678,4.4742231369018555,10.66100025177002,0,0,816.685791015625,77.7468049,12.985837
1769157963839406600,3715.502406494141,0,0.1960923820734024,4.40128755569458,10.510000228881836,0,0,815.7685546875,77.746812,12.9858345
1769157964839411200,3716.5024111328125,0,0.6216414570808411,4.531516075134277,10.434000015258789,0,0,815.6424560546875,77.7468161,12.9858334
1769157965839409000,3717.502408935547,0,0.8810572624206543,4.815281867980957,10.479999542236328,0,0,813.9547119140625,77.7468253,12.9858274
1769157966839415000,3718.5024150390627,0,0.946898877620697,4.7999587059021,10.67300033569336,0,0,814.2998046875,77.7468277,12.9858227
1769157967839409400,3719.5024094238283,0,1.0246723890304565,4.846102237701416,11.050000190734863,0,0,814.306884765625,77.7468304,12.9858211
1769157968839406000,3720.5024060058595,0,0.38946256041526794,4.898643493652344,11.152999877929688,0,0,814.1356201171875,77.7468319,12.9858197
1769157969839415000,3721.5024150390627,0,0.3819461166858673,5.003210067749023,11.61400032043457,0,0,814.43310546875,77.7468328,12.985819
1769157970839411700,3722.502411621094,0,0.41287943720817566,5.320629596710205,11.8100004196167,0,0,814.1551513671875,77.7468322,12.9858186
1769157971839408600,3723.5024086914063,0,0.3857372999191284,5.410072326660156,11.850000381469727,0,0,814.5537109375,77.7468304,12.9858187
1769157972839412200,3724.502412109375,0,0.37884581089019775,5.546257495880127,11.914999961853027,0,0,814.727783203125,77.7468299,12.9858189
1769157973839408000,3725.502408203125,0,0.42307180166244507,18.52422332763672,12.020000457763672,0,0,840.2999877929688,77.74683,12.9858189
1769157974839408600,3726.5024086914063,0,0.4737430810928345,18.534223556518555,12.092000007629395,0,0,840.2999877929688,77.7468301,12.9858191
1769157975839412000,3727.5024118652345,0,0.6061374545097351,18.54422378540039,12.288000106811523,0,0,840.2999877929688,77.7468302,12.9858192
1769157976839410400,3728.5024104003905,0,0.7151125073432922,18.554224014282227,12.501999855041504,0,0,840.2999877929688,77.7468304,12.9858194
1769157977839406800,3729.502406738281,0,0.9405568242073059,18.564224243164062,12.631999969482422,0,0,840.2999877929688,77.7468306,12.9858194
1769157978839412500,3730.502412597656,0,0.9666043519973755,18.5742244720459,13.017000198364258,0,0,840.2999877929688,77.7468307,12.9858194
1769157979839414500,3731.5024145507814,0,1.1001393795013428,25.018917083740234,13.326000213623047,0,0,833.7999877929688,77.7468306,12.9858191
1769157980839414000,3732.5024140625,0,1.2888648509979248,25.02891731262207,13.600000381469727,0,0,833.7999877929688,77.7468306,12.9858186
1769157981839413200,3733.502413330078,0,1.4475595951080322,25.038915634155273,13.869000434875488,0,0,833.7999877929688,77.7468306,12.9858184
1769157982839409400,3734.5024094238283,0,1.5740593671798706,25.04891586303711,14.210000038146973,0,0,833.7999877929688,77.7468307,12.9858182
1769157983839407400,3735.502407470703,28.659910202026367,2.065181255340576,25.058916091918945,14.41100025177002,4.480000019073486,136,833.7999877929688,77.7468461,12.9858028
1769157984839409400,3736.5024094238283,33.01555252075195,3.906299352645874,25.06891632080078,14.770999908447266,7.239999771118164,136,833.7999877929688,77.7468824,12.985757
1769157985839405800,3737.502405761719,9.187605857849121,4.265577793121338,7.157200813293457,15.008999824523926,19.15999984741211,125,844.7000122070312,77.7474666,12.9854809
1769157986839411200,3738.5024111328125,5.287199974060059,2.487506866455078,7.167201042175293,14.557999610900879,12.140000343322754,115,844.7000122070312,77.7475686,12.9853954
1769157987839415300,3739.502415283203,4.156538486480713,1.042941689491272,7.177200794219971,13.670000076293945,13.59000015258789,111,844.7000122070312,77.7476574,12.9853461
1769157988839407400,3740.502407470703,1.2774560451507568,0.2833631932735443,7.187201023101807,13.083999633789062,14.260000228881836,111,844.7000122070312,77.7478085,12.9852926
1769157989839406600,3741.502406494141,0.37822312116622925,0.08725146949291229,7.197200775146484,12.185999870300293,14.8100004196167,110,844.7000122070312,77.7479523,12.9852532
1769157990839410400,3742.5024104003905,0.3263806998729706,0.07589380443096161,18.961475372314453,10.381999969482422,14.930000305175781,110,848,77.7480893,12.9851878
1769157991839406800,3743.502406738281,0.3914291560649872,0.09241270273923874,18.97147560119629,10.307000160217285,15.15999984741211,109,848,77.7482297,12.9851396
1769157992839405800,3744.502405761719,0.33712297677993774,0.08148614317178726,18.981475830078125,10.07699966430664,15.520000457763672,109,848,77.748366,12.9850908
1769157993839413200,3745.502413330078,0.29131725430488586,0.07149457186460495,18.99147605895996,9.958999633789062,15.75,109,848,77.7485089,12.9850483
1769157994839408000,3746.502408203125,3.9822371006011963,0.9697648286819458,19.001474380493164,9.939000129699707,15.720000267028809,109,848,77.7486453,12.9850046
1769157995839415000,3747.5024150390627,0.28794097900390625,0.9199541807174683,19.011474609375,9.9350004196167,15.699999809265137,109,848,77.7487814,12.9849558
1769157996839405000,3748.502405029297,0.5285044312477112,0.9228386282920837,19.021474838256836,9.9350004196167,15.510000228881836,109,848,77.7489216,12.9849088
1769157997839411200,3749.5024111328125,0.7673051357269287,0.9250938892364502,19.031475067138672,9.9350004196167,15.3100004196167,109,848,77.749056,12.9848654
1769157998839412200,3750.502412109375,0.9976359009742737,0.9281222224235535,19.041475296020508,9.9350004196167,15.170000076293945,109,848,77.7491915,12.9848185
1769157999839409400,3751.5024094238283,1.21262788772583,0.9226015210151672,19.051475524902344,9.9350004196167,14.949999809265137,109,848,77.7493265,12.9847764
1769158000839411500,3752.502411376953,1.407607913017273,0.9204957485198975,19.06147575378418,9.9350004196167,14.770000457763672,109,848,77.74946,12.9847321
1769158001839406000,3753.5024060058595,1.5809468030929565,0.9219781160354614,19.071475982666016,9.9350004196167,14.640000343322754,108,848,77.7495914,12.9846901
1769158002839407000,3754.5024069824217,1.7298530340194702,0.9245327115058899,19.08147430419922,9.9350004196167,14.579999923706055,109,848,77.7497211,12.9846433
1769158003839414500,3755.5024145507814,1.849071741104126,0.92303067445755,19.091474533081055,9.9350004196167,14.510000228881836,108,848,77.7498513,12.9846008
1769158004839405600,3756.502405517578,1.9472211599349976,0.9273450374603271,19.10147476196289,9.9350004196167,14.5,108,848,77.7499786,12.9845532
1769158005839410000,3757.502409912109,2.0414109230041504,0.9346796870231628,19.111474990844727,9.9350004196167,14.460000038146973,109,848,77.7501007,12.9845092
1769158006839413000,3758.5024130859374,2.1088173389434814,0.9404521584510803,19.121475219726562,9.951000213623047,14.399999618530273,109,848,77.7502281,12.9844677
1769158007839408600,3759.5024086914063,2.142993927001953,0.9305614829063416,19.1314754486084,9.984000205993652,14.279999732971191,109,848,77.7503515,12.9844272
1769158008839407400,3760.502407470703,2.2985239028930664,0.9393681287765503,19.141475677490234,10.041999816894531,14.039999961853027,102,848,77.7504704,12.9843865
1769158009839412700,3761.5024128417967,2.4918620586395264,0.9805041551589966,19.15147590637207,10.133999824523926,14.079999923706055,110,848,77.750594,12.9843431
1769158010839407400,3762.502407470703,2.53001070022583,0.95098876953125,19.161474227905273,10.152999877929688,14.15999984741211,111,848,77.7507182,12.9843025
1769158011839407900,3763.5024079589843,2.6574370861053467,0.9544269442558289,19.17147445678711,10.218000411987305,14.350000381469727,111,848,77.7508432,12.9842636
1769158012839405800,3764.502405761719,2.6558618545532227,1.0404611825942993,19.181474685668945,10.289999961853027,14.449999809265137,109,848,77.7509634,12.9842264
1769158013839412700,3765.5024128417967,2.5193111896514893,0.9284849166870117,19.19147491455078,10.329000473022461,14.510000228881836,105,848,77.7511004,12.9842018
1769158014839406600,3766.502406494141,2.583814859390259,0.9742485880851746,19.201475143432617,9.267000198364258,14.390000343322754,99,848,77.7512316,12.9841788
1769158015839411000,3767.502410888672,2.538198947906494,1.000866174697876,19.211475372314453,7.784999847412109,14.470000267028809,93,848,77.7513679,12.9841652
1769158016839410000,3768.502409912109,2.510108470916748,0.9851579070091248,19.22147560119629,6.521999835968018,14.390000343322754,90,848,77.7515014,12.9841622
1769158017839415300,3769.502415283203,2.542999744415283,1.0165706872940063,19.231475830078125,5.2769999504089355,14.520000457763672,84,848,77.7516354,12.9841707
1769158018839411700,3770.502411621094,2.5921943187713623,0.9836287498474121,19.24147605895996,5.033999919891357,14.430000305175781,89,848,77.7517664,12.9841753
1769158019839413200,3771.502413330078,2.6668620109558105,1.0046359300613403,19.251474380493164,3.940999984741211,14.399999618530273,80,848,77.7518922,12.98421
1769158020839415300,3772.502415283203,1.6083455085754395,0.3581596612930298,19.261474609375,3.927000045776367,14.329999923706055,70,848,77.7520179,12.9842516
1769158021839414800,3773.502414794922,1.0053149461746216,0.22048765420913696,19.271474838256836,3.881999969482422,14.100000381469727,64,848,77.7521346,12.9843044
1769158022839410200,3774.50241015625,0.5618570446968079,0.12566712498664856,2.5,3.867000102996826,14.359999656677246,62,814.6632080078125,77.7522545,12.9843654
1769158023839412500,3775.502412597656,1.024885892868042,0.22928403317928314,2.5,3.7899999618530273,14.380000114440918,57,815.01220703125,77.7523692,12.9844295
1769158024839408400,3776.5024084472657,0.7068588733673096,0.15707851946353912,2.5,3.7899999618530273,14.270000457763672,53,815.37255859375,77.7524779,12.9845028
1769158025839414300,3777.5024143066407,1.213112235069275,0.2686968147754669,2.5,3.7899999618530273,14.239999771118164,48,815.97265625,77.7525798,12.9845848
1769158026839409200,3778.5024091796877,0.7659805417060852,0.17189408838748932,2.5,3.7899999618530273,14.420000076293945,44,815.90625,77.7526792,12.9846763
1769158027839413800,3779.5024138183594,0.7095481753349304,0.15885478258132935,2.5,3.7899999618530273,14.380000114440918,40,816.03173828125,77.7527706,12.9847708
1769158028839410700,3780.502410644531,4.153556823730469,0.8942229151725769,2.5,3.7899999618530273,13.899999618530273,36,815.649169921875,77.7528506,12.9848695
1769158029839414300,3781.5024143066407,4.362063884735107,1.0960263013839722,2.5,3.7899999618530273,13.829999923706055,33,815.736083984375,77.7529202,12.9849747
1769158030839406300,3782.50240625,4.931685924530029,1.3955802917480469,2.5012152194976807,3.7899999618530273,13.800000190734863,29,815.919921875,77.752982,12.9850835
1769158031839412500,3783.502412597656,5.112483978271484,2.167123794555664,2.716691493988037,3.803999900817871,13.550000190734863,26,816.072265625,77.7530367,12.9851933
1769158032839407900,3784.5024079589843,4.210171699523926,1.0735599994659424,2.6678361892700195,3.802000045776367,12.979999542236328,23,816.2950439453125,77.7530843,12.9853005
1769158033839414000,3785.5024140625,1.2752265930175781,0.24953128397464752,2.5,3.803999900817871,12.579999923706055,21,814.923583984375,77.7531274,12.9854221
1769158034839407400,3786.502407470703,0.5334203243255615,0.09967567026615143,2.5,3.802000045776367,12,20,814.349609375,77.7531728,12.9855387
1769158035839413800,3787.5024138183594,0.4838293492794037,0.08579081296920776,2.5,3.803999900817871,11.380000114440918,21,814.0374755859375,77.7532116,12.9856412
1769158036839408600,3788.5024086914063,0.41803261637687683,0.06896409392356873,2.5,3.802000045776367,10.59000015258789,21,813.6849365234375,77.7532458,12.9857353
1769158037839413000,3789.5024130859374,1.9627900123596191,0.302977591753006,2.5,3.7899999618530273,9.9399995803833,20,813.62841796875,77.7532801,12.9858212
1769158038839409700,3790.5024096679685,4.49678373336792,0.6774680018424988,2.5,3.7899999618530273,9.729999542236328,21,813.5594482421875,77.7533153,12.9859049
1769158039839410200,3791.50241015625,2.1386590003967285,0.31147444248199463,2.5,3.7899999618530273,9.380000114440918,21,813.765625,77.7533487,12.9859851
1769158040839412000,3792.5024118652345,6.689676761627197,0.9559446573257446,2.5,3.7899999618530273,9.239999771118164,21,813.2939453125,77.7533767,12.9860672
1769158041839406300,3793.50240625,1.903381586074829,0.257293164730072,2.5,3.7899999618530273,8.699999809265137,21,811.91357421875,77.7534055,12.9861482
1769158042839414000,3794.5024140625,1.080506682395935,0.14019837975502014,2.5,3.7899999618530273,8.34000015258789,21,811.861572265625,77.7534316,12.9862215
1769158043839408000,3795.502408203125,0.5335702300071716,0.06583748757839203,2.5,3.7899999618530273,7.920000076293945,22,811.460693359375,77.7534608,12.9862894
1769158044839414000,3796.5024140625,0.5017724633216858,0.05850837752223015,2.5,3.7899999618530273,7.480000019073486,22,811.4591064453125,77.7534883,12.9863548
1769158045839412000,3797.5024118652345,0.5256778597831726,0.05771707370877266,2.5,3.7899999618530273,7.050000190734863,22,811.7890625,77.7535123,12.9864112
1769158046839411500,3798.502411376953,0.5844511985778809,0.061358001083135605,2.5,3.7899999618530273,6.739999771118164,22,812.0869140625,77.7535331,12.9864649
1769158047839409000,3799.502408935547,0.6540699601173401,0.06712806969881058,2.5,3.7899999618530273,6.590000152587891,22,812.0433349609375,77.7535559,12.9865218
1769158048839415300,3800.502415283203,0.6820408701896667,0.06726560741662979,2.5,3.7899999618530273,6.329999923706055,22,812.4976806640625,77.7535802,12.9865758
1769158049839406300,3801.50240625,0.7263025045394897,0.06951647996902466,2.5,3.7899999618530273,6.150000095367432,22,812.45166015625,77.7536051,12.9866282
1769158050839410200,3802.50241015625,1.0708036422729492,0.09874513000249863,2.5,3.7899999618530273,5.920000076293945,22,812.476806640625,77.7536264,12.9866795
1769158051839412200,3803.502412109375,2.828645944595337,0.23575104773044586,2.5,3.7899999618530273,5.369999885559082,22,812.2384033203125,77.7536449,12.9867288
1769158052839405300,3804.5024052734375,14.594152450561523,1.121069312095642,2.5,3.7899999618530273,4.949999809265137,21,812.6129150390625,77.7536627,12.9867725
1769158053839409000,3805.502408935547,31.9564266204834,2.2288053035736084,2.7567245960235596,3.86899995803833,4.28000020980835,22,812.389892578125,77.7536783,12.9868091
1769158054839407900,3806.5024079589843,44.62696838378906,3.171189308166504,3.356105327606201,4.502999782562256,4.059999942779541,33,812.1539306640625,77.7536998,12.9868406
1769158055839409700,3807.5024096679685,59.71151351928711,3.9903531074523926,19.611474990844727,5.486000061035156,3.3399999141693115,40,848,77.753719,12.9868585
1769158056839406600,3808.502406494141,52.12462615966797,3.4428348541259766,19.621475219726562,6.636000156402588,3.559999942779541,26,848,77.7537287,12.9868963
1769158057839405800,3809.502405761719,47.84667205810547,3.36525821685791,19.6314754486084,8.894000053405762,3.930000066757202,31,848,77.7537506,12.9869265
1769158058839405800,3810.502405761719,63.954139709472656,3.362250328063965,19.641475677490234,9.640999794006348,2.490000009536743,35,848,77.7537559,12.9869428
1769158059839406300,3811.50240625,72.745849609375,3.550088405609131,19.65147590637207,11.300000190734863,2.0199999809265137,5,848,77.7537392,12.9869722
1769158060839412200,3812.502412109375,67.03312683105469,3.6166651248931885,19.661474227905273,12.95300006866455,2.450000047683716,354,848,77.7537215,12.9870109
1769158061839411000,3813.502410888672,60.45425796508789,2.632948160171509,19.67147445678711,13.26099967956543,2.1600000858306885,353,848,77.7537299,12.9870926
1769158062839408000,3814.502408203125,51.49272155761719,1.3801236152648926,19.681474685668945,13.121999740600586,1.4500000476837158,21,848,77.7537365,12.9871083
1769158063839406800,3815.502406738281,56.81021499633789,1.4464114904403687,19.69147491455078,12.711000442504883,1.309999942779541,21,848,77.7537362,12.9871227
1769158064839412700,3816.5024128417967,71.21493530273438,1.831799030303955,11.340692520141602,12.184000015258789,1.090000033378601,21,821.7999877929688,77.753735,12.9871339
1769158065839407600,3817.5024077148437,89.51397705078125,1.618290901184082,11.350691795349121,12.050999641418457,0.44999998807907104,21,821.7999877929688,77.7537344,12.9871391
1769158066839412000,3818.5024118652345,66.46963500976562,1.6712470054626465,11.360692024230957,11.548999786376953,1.149999976158142,21,821.7999877929688,77.7537296,12.9871454
1769158067839414000,3819.5024140625,97.06503295898438,1.9311813116073608,11.370692253112793,11.244000434875488,0.25,20,821.7999877929688,77.7537363,12.9871462
1769158068839409700,3820.5024096679685,81.26786041259766,2.017427921295166,11.380692481994629,11.0600004196167,0.8500000238418579,13,821.7999877929688,77.7537434,12.9871508
1769158069839406800,3821.502406738281,96.54235076904297,1.6006239652633667,11.390691757202148,10.902000427246094,0.23000000417232513,11,821.7999877929688,77.753751,12.9871571
1769158070839410400,3822.5024104003905,73.69445037841797,1.5817662477493286,11.400691986083984,10.496000289916992,0.8700000047683716,12,821.7999877929688,77.7537638,12.987161
1769158071839413500,3823.5024135742187,70.8130111694336,1.5512936115264893,11.41069221496582,10.105999946594238,0.9399999976158142,24,821.7999877929688,77.7537759,12.9871645
1769158072839408400,3824.5024084472657,87.02578735351562,1.7797865867614746,5.27125358581543,10.236000061035156,0.5699999928474426,26,808.892333984375,77.7537852,12.9871647
1769158073839413200,3825.502413330078,83.75009155273438,2.028691530227661,5.59485387802124,10.694999694824219,0.7699999809265137,24,809.029541015625,77.7537953,12.9871617
1769158074839407000,3826.5024069824217,95.96683502197266,1.2540656328201294,5.579071044921875,10.763999938964844,0.1899999976158142,24,808.645263671875,77.7538036,12.987157
1769158075839409700,3827.5024096679685,95.68604278564453,1.5420598983764648,5.57802152633667,10.678000450134277,0.25,27,808.440185546875,77.7538182,12.9871474
1769158076839406800,3828.502406738281,89.49994659423828,1.791248083114624,5.652728080749512,11.232999801635742,0.5,25,806.825439453125,77.7538347,12.9871366
1769158077839407600,3829.5024077148437,97.37452697753906,1.7697341442108154,5.8314642906188965,11.769000053405762,0.2199999988079071,28,807.4993896484375,77.7538502,12.9871248
1769158078839414000,3830.5024140625,71.6995849609375,1.180222749710083,5.74754524230957,11.916999816894531,0.6899999976158142,23,807.851806640625,77.7538593,12.9871207
1769158079839406300,3831.50240625,84.49712371826172,1.440075159072876,6.019713878631592,12.041999816894531,0.5199999809265137,24,807.9090576171875,77.7538674,12.9871173
1769158080839414000,3832.5024140625,91.27356719970703,1.5637667179107666,5.969030380249023,12.895999908447266,0.38999998569488525,26,806.041259765625,77.7538758,12.9871148
1769158081839413000,3833.5024130859374,87.14224243164062,1.6774325370788574,5.929277420043945,12.914999961853027,0.5400000214576721,25,806.27783203125,77.753882,12.987115
1769158082839406600,3834.502406494141,85.36348724365234,1.630820870399475,6.111877918243408,13.095000267028809,0.5699999928474426,27,805.2984619140625,77.7538839,12.9871153
1769158083839415600,3835.5024155273436,88.20393371582031,1.6763454675674438,6.267165660858154,13.519000053405762,0.5099999904632568,28,803.75439453125,77.753885,12.9871162
1769158084839405800,3836.502405761719,88.62891387939453,1.7607791423797607,8.251272201538086,13.76200008392334,0.5199999809265137,27,821.7999877929688,77.7538854,12.9871175
1769158085839407400,3837.502407470703,38.79071807861328,1.6727511882781982,8.261272430419922,13.90999984741211,2.559999942779541,23,821.7999877929688,77.7538609,12.987129
1769158086839410200,3838.50241015625,36.99663543701172,1.4794361591339111,8.271272659301758,13.868000030517578,2.390000104904175,279,821.7999877929688,77.7536804,12.987127
1769158087839407600,3839.5024077148437,0,0.7531418800354004,8.281271934509277,13.442999839782715,0,0,821.7999877929688,77.7536958,12.9871206
1769158088839414500,3840.5024145507814,0,0.7683213353157043,8.291272163391113,13.069999694824219,0,0,821.7999877929688,77.7537109,12.9871156
1769158089839406600,3841.502406494141,91.75257110595703,0.9543598890304565,9.611949920654297,12.017999649047852,0.23000000417232513,26,821.7999877929688,77.7537207,12.9871138
1769158090839414300,3842.5024143066407,67.98550415039062,0.9874250888824463,9.621950149536133,11.543000221252441,0.6499999761581421,26,821.7999877929688,77.7537262,12.9871157
1769158091839407900,3843.5024079589843,94.71466064453125,0.9340106844902039,9.631949424743652,11.484999656677246,0.17000000178813934,25,821.7999877929688,77.7537314,12.9871165
1769158092839406000,3844.5024060058595,0,0.2505417764186859,9.641949653625488,11.220999717712402,0,0,821.7999877929688,77.7537391,12.9871137
1769158093839410000,3845.502409912109,0,0.22273802757263184,9.651949882507324,11.166000366210938,0,0,821.7999877929688,77.7537456,12.9871119
1769158094839409000,3846.502408935547,0,0.2842821776866913,9.66195011138916,11.166000366210938,0,0,821.7999877929688,77.7537517,12.9871128
1769158095839408600,3847.5024086914063,0,0.5240917801856995,9.67194938659668,11.20199966430664,0,0,821.7999877929688,77.7537548,12.9871165
1769158096839410200,3848.50241015625,0,0.6310403943061829,12.413777351379395,11.309000015258789,0,0,821.7999877929688,77.7537566,12.9871188
1769158097839407900,3849.5024079589843,0,0.5987265110015869,12.42377758026123,11.496999740600586,0,0,821.7999877929688,77.7537566,12.9871217
1769158098839411200,3850.5024111328125,0,0.9906569719314575,12.433777809143066,11.680999755859375,0,0,821.7999877929688,77.7537585,12.9871241
1769158099839405800,3851.502405761719,0,1.1189020872116089,12.443778038024902,11.793999671936035,0,0,821.7999877929688,77.7537592,12.9871275
1769158100839408400,3852.5024084472657,0,1.251252293586731,12.453777313232422,12.04699993133545,0,0,821.7999877929688,77.7537593,12.9871299
1769158101839414000,3853.5024140625,0,1.3683148622512817,13.610033988952637,12.482999801635742,0,0,821.7999877929688,77.7537585,12.9871328
1769158102839405800,3854.502405761719,19.696552276611328,2.0614163875579834,13.620034217834473,12.781000137329102,6.690000057220459,22,821.7999877929688,77.7538116,12.9872323
1769158103839412500,3855.502412597656,15.417867660522461,1.9990371465682983,13.630033493041992,13.432000160217285,8.350000381469727,16,821.7999877929688,77.7538159,12.9873421
1769158104839410000,3856.502409912109,14.420512199401855,2.037766218185425,13.640033721923828,13.932999610900879,9.119999885559082,8,821.7999877929688,77.75379,12.9874517
1769158105839411200,3857.5024111328125,15.066924095153809,2.1343953609466553,13.650033950805664,14.399999618530273,9.130000114440918,15,821.7999877929688,77.7538512,12.9875329
1769158106839412200,3858.502412109375,12.13801097869873,2.012082576751709,13.6600341796875,14.454999923706055,10.720000267028809,25,821.7999877929688,77.7539625,12.9876173
1769158107839411500,3859.502411376953,8.953890800476074,1.8284459114074707,1.7292168140411377,14.258999824523926,10.800000190734863,32,813,77.7542449,12.9876427
1769158108839413000,3860.5024130859374,4.460661888122559,0.9415361881256104,1.7392168045043945,13.423999786376953,11.619999885559082,22,813,77.7542545,12.9878621
1769158109839406300,3861.50240625,4.645274639129639,0.9403537511825562,1.7492167949676514,12.842000007629395,11.600000381469727,22,813,77.7542844,12.9879991
1769158110839410200,3862.50241015625,4.83501672744751,0.9387668967247009,1.7592167854309082,12.020999908447266,11.149999618530273,22,813,77.7543148,12.9881167
1769158111839411700,3863.502411621094,4.952572822570801,0.9367738366127014,1.769216775894165,11.163999557495117,10.5,22,813,77.7543379,12.9882063
1769158112839408000,3864.502408203125,5.08741569519043,0.9374366998672485,1.7792167663574219,10.364999771118164,9.880000114440918,22,813,77.7543683,12.9882988
1769158113839413800,3865.5024138183594,5.134319305419922,0.9356684684753418,1.7892168760299683,9.9350004196167,9.390000343322754,23,813,77.7543978,12.9883769
1769158114839409200,3866.5024091796877,5.102813720703125,0.9328153133392334,1.7992167472839355,9.9350004196167,9.119999885559082,23,813,77.7544226,12.9884564
1769158115839408000,3867.502408203125,5.048243999481201,0.9326975345611572,1.8092167377471924,9.9350004196167,8.979999542236328,23,813,77.7544537,12.9885322
1769158116839406800,3868.502406738281,4.926070213317871,0.9308825135231018,1.8192167282104492,8.90999984741211,8.960000038146973,23,813,77.7544824,12.9886074
1769158117839410000,3869.502409912109,4.830066680908203,0.9304160475730896,1.8292168378829956,7.4770002365112305,8.859999656677246,23,813,77.7545116,12.9886804
1769158118839411000,3870.502410888672,4.7580413818359375,0.9292842745780945,1.8392168283462524,6.861999988555908,8.640000343322754,23,813,77.7545405,12.9887528
1769158119839411700,3871.502411621094,4.7036356925964355,0.9287540912628174,1.8492168188095093,5.019000053405762,8.399999618530273,23,813,77.7545668,12.9888234
1769158120839405000,3872.502405029297,4.663776874542236,0.9284676909446716,1.8592168092727661,4.814000129699707,8.149999618530273,23,813,77.7545915,12.9888933
1769158121839411000,3873.502410888672,4.647490978240967,0.928443193435669,1.869216799736023,3.7899999618530273,7.860000133514404,24,813,77.7546179,12.9889613
1769158122839407900,3874.5024079589843,4.627610683441162,0.9274982810020447,1.8792167901992798,3.7899999618530273,7.639999866485596,24,813,77.754644,12.9890264
1769158123839405300,3875.5024052734375,4.57468843460083,0.9265965223312378,1.8892167806625366,3.7899999618530273,7.630000114440918,24,813,77.7546681,12.9890852
1769158124839409200,3876.5024091796877,4.49129581451416,0.9264194965362549,1.8992167711257935,3.7899999618530273,7.800000190734863,24,813,77.7546953,12.9891516
1769158125839407600,3877.5024077148437,4.3458991050720215,0.9261460304260254,1.9092167615890503,3.7899999618530273,8.25,24,813,77.7547241,12.9892206
1769158126839411200,3878.5024111328125,4.182300567626953,0.9262201189994812,1.9192168712615967,3.7899999618530273,8.6899995803833,23,813,77.7547551,12.9892955
1769158127839407900,3879.5024079589843,4.009822845458984,0.9266914129257202,1.929216742515564,3.7899999618530273,9.119999885559082,23,813,77.7547843,12.9893689
1769158128839410700,3880.502410644531,3.860556125640869,0.9285898804664612,1.9392168521881104,3.7899999618530273,9.40999984741211,23,813,77.7548181,12.9894518
1769158129839412500,3881.502412597656,3.715485095977783,0.9278014302253723,1.9492168426513672,3.7899999618530273,9.59000015258789,24,813,77.7548523,12.9895328
1769158130839410400,3882.5024104003905,3.589592218399048,0.9262010455131531,1.959216833114624,3.7899999618530273,9.710000038146973,24,813,77.7548879,12.9896162
1769158131839414800,3883.502414794922,3.502408742904663,0.9276649355888367,1.9692168235778809,3.7899999618530273,9.770000457763672,25,813,77.7549272,12.9896999
1769158132839407400,3884.502407470703,3.4095802307128906,0.9257340431213379,1.9792168140411377,3.7899999618530273,9.84000015258789,26,813,77.7549663,12.989786
1769158133839414500,3885.5024145507814,3.5484819412231445,0.9596444368362427,1.9892168045043945,3.7899999618530273,9.890000343322754,32,813,77.7550076,12.9898705
1769158134839407600,3886.5024077148437,3.401794195175171,0.9263966679573059,1.9992167949676514,3.7899999618530273,10.079999923706055,30,813,77.7550535,12.9899577
1769158135839406000,3887.5024060058595,3.320058822631836,0.9301843643188477,2.009216785430908,3.7899999618530273,10.079999923706055,31,813,77.7551003,12.9900367
1769158136839406600,3888.502406494141,3.248465061187744,0.9287012219429016,2.019216775894165,3.7899999618530273,9.979999542236328,33,813,77.7551472,12.9901104
1769158137839409400,3889.5024094238283,3.1875739097595215,0.9262369275093079,2.029216766357422,3.7899999618530273,9.829999923706055,34,813,77.7551963,12.9901848
1769158138839408000,3890.502408203125,3.153981924057007,0.926762580871582,2.0392167568206787,3.7899999618530273,9.550000190734863,35,813,77.7552443,12.9902525
1769158139839414500,3891.5024145507814,3.1329736709594727,0.927280843257904,2.0492167472839355,3.7899999618530273,9.210000038146973,36,813,77.7552944,12.9903159
1769158140839414300,3892.5024143066407,3.1193878650665283,0.9258204102516174,2.0592167377471924,3.7899999618530273,8.84000015258789,37,813,77.7553385,12.9903787
1769158141839413000,3893.5024130859374,3.114917278289795,0.9224324822425842,2.069216728210449,3.7899999618530273,8.430000305175781,38,813,77.7553812,12.9904381
1769158142839414800,3894.502414794922,3.1223368644714355,0.9234493374824524,2.079216957092285,3.7899999618530273,8.010000228881836,38,813,77.7554257,12.9904942
1769158143839406300,3895.50240625,3.1384079456329346,0.9220383763313293,2.089216709136963,3.7899999618530273,7.579999923706055,38,813,77.7554644,12.9905481
1769158144839405300,3896.5024052734375,3.162142515182495,0.9225684404373169,2.0992166996002197,3.7899999618530273,7.239999771118164,38,813,77.7555056,12.9905993
1769158145839405300,3897.5024052734375,3.180432081222534,0.9217343926429749,2.1092166900634766,3.7899999618530273,7.099999904632568,38,813,77.7555479,12.9906489
1769158146839412500,3898.502412597656,3.1992955207824707,0.9225935339927673,2.1192169189453125,3.7899999618530273,7.010000228881836,38,813,77.7555877,12.9907036
1769158147839413000,3899.5024130859374,3.2225375175476074,0.9228800535202026,2.1292169094085693,3.7899999618530273,6.800000190734863,38,813,77.7556252,12.9907539
1769158148839412500,3900.502412597656,3.248107433319092,0.9210001826286316,2.139216899871826,3.7899999618530273,6.570000171661377,38,813,77.7556595,12.9908015
1769158149839411700,3901.502411621094,3.2753899097442627,0.9210821986198425,2.149216890335083,3.7899999618530273,6.429999828338623,38,813,77.7556927,12.9908497
1769158150839413200,3902.502413330078,3.2987847328186035,0.9214322566986084,2.15921688079834,3.7899999618530273,6.400000095367432,38,813,77.7557289,12.9908937
1769158151839407400,3903.502407470703,3.3218042850494385,0.9230355620384216,2.1692168712615967,3.7899999618530273,6.400000095367432,38,813,77.7557642,12.9909373
1769158152839411000,3904.502410888672,3.3397984504699707,0.9293556809425354,2.1792168617248535,3.7899999618530273,6.369999885559082,38,813,77.7557993,12.9909815
1769158153839411200,3905.5024111328125,3.352154016494751,0.9211320877075195,2.1892168521881104,3.7899999618530273,6.400000095367432,38,813,77.7558332,12.9910283
1769158154839407000,3906.5024069824217,3.3654518127441406,0.929331362247467,2.199216842651367,3.7899999618530273,6.409999847412109,38,813,77.7558688,12.9910745
1769158155839409200,3907.5024091796877,3.4273183345794678,0.9652839303016663,2.209216833114624,3.7899999618530273,6.400000095367432,41,813,77.7559021,12.9911219
1769158156839406000,3908.5024060058595,3.486069440841675,0.9941920042037964,2.219216823577881,3.7899999618530273,6.550000190734863,42,813,77.7559392,12.9911685
1769158157839410700,3909.502410644531,3.533409833908081,1.0144870281219482,2.2292168140411377,3.7899999618530273,6.710000038146973,40,813,77.7559769,12.9912186
1769158158839406000,3910.5024060058595,3.551555633544922,1.0295350551605225,2.2392168045043945,3.7899999618530273,6.980000019073486,41,813,77.7560169,12.9912693
1769158159839411000,3911.502410888672,3.5462114810943604,1.0049055814743042,2.2492167949676514,3.7899999618530273,7.050000190734863,42,813,77.7560579,12.9913191
1769158160839407000,3912.5024069824217,3.5245625972747803,1.0125060081481934,2.259216785430908,3.7899999618530273,7.119999885559082,41,813,77.7560994,12.9913693
1769158161839412200,3913.502412109375,3.572761058807373,0.9780393838882446,2.269216775894165,3.7899999618530273,7.019999980926514,40,813,77.7561387,12.9914221
1769158162839413000,3914.5024130859374,3.5948643684387207,0.9736729264259338,2.279216766357422,3.7899999618530273,7.010000228881836,38,813,77.7561814,12.9914748
1769158163839410000,3915.502409912109,3.623483657836914,0.9468713998794556,2.2892167568206787,3.7899999618530273,6.849999904632568,39,813,77.7562199,12.9915256
1769158164839406300,3916.50240625,3.703049421310425,0.9638129472732544,2.2992167472839355,3.7899999618530273,6.760000228881836,40,813,77.7562577,12.9915749
1769158165839415600,3917.5024155273436,3.684520721435547,0.9524581432342529,2.3092169761657715,3.7899999618530273,6.920000076293945,42,813,77.7562974,12.9916258
1769158166839407900,3918.5024079589843,3.664057493209839,0.9479492902755737,2.319216728210449,3.7899999618530273,7.099999904632568,38,813,77.7563391,12.9916794
1769158167839405800,3919.502405761719,3.6475424766540527,0.9623068571090698,2.329216718673706,3.7899999618530273,7.28000020980835,38,813,77.7563817,12.9917342
1769158168839405600,3920.502405517578,3.6587295532226562,1.0700329542160034,2.339216709136963,3.7899999618530273,7.46999979019165,39,813,77.7564241,12.9917903
1769158169839409400,3921.5024094238283,3.5938546657562256,0.9422850012779236,2.3492166996002197,3.7899999618530273,7.690000057220459,41,813,77.7564662,12.9918443
1769158170839411200,3922.5024111328125,3.5768818855285645,1.0073434114456177,2.3592169284820557,3.7899999618530273,7.909999847412109,41,813,77.7565127,12.9918994
1769158171839412500,3923.502412597656,3.583921432495117,1.0434263944625854,2.3692169189453125,3.7899999618530273,8.0600004196167,38,813,77.7565575,12.9919571
1769158172839409200,3924.5024091796877,3.4468603134155273,0.9310207366943359,2.3792169094085693,3.7899999618530273,8.329999923706055,38,813,77.7565987,12.9920229
1769158173839410200,3925.50241015625,3.389570713043213,0.9470282196998596,2.389216899871826,3.7899999618530273,8.520000457763672,37,813,77.7566474,12.9920818
1769158174839413000,3926.5024130859374,3.4476022720336914,1.1586675643920898,2.399216890335083,3.811000108718872,8.529999732971191,37,813,77.7566953,12.9921431
1769158175839406800,3927.502406738281,3.4178175926208496,0.9847424626350403,2.40921688079834,3.808000087738037,8.829999923706055,36,813,77.7567429,12.9922051
1769158176839410700,3928.502410644531,3.4314568042755127,1.0993849039077759,2.4192168712615967,3.821000099182129,8.960000038146973,36,813,77.7567913,12.9922696
1769158177839414300,3929.5024143066407,3.3047688007354736,0.9466485381126404,2.4292168617248535,3.828000068664551,8.930000305175781,37,813,77.7568392,12.992339
1769158178839415600,3930.5024155273436,3.3553481101989746,1.1560628414154053,2.4392168521881104,3.828000068664551,8.729999542236328,25,813,77.7568734,12.9924083
1769158179839411700,3931.502411621094,3.406298875808716,1.0908215045928955,2.449216842651367,3.821000099182129,8.6899995803833,26,813,77.7569165,12.9924775
1769158180839409200,3932.5024091796877,3.3530802726745605,0.9367644190788269,2.459216833114624,3.805999994277954,8.4399995803833,29,813,77.7569674,12.99253
1769158181839408400,3933.5024084472657,3.385568857192993,0.9304443001747131,2.469216823577881,3.802999973297119,7.860000133514404,28,813,77.7569906,12.9925871
1769158182839408000,3934.502408203125,3.4124791622161865,0.9335047006607056,2.4792168140411377,3.7899999618530273,7.110000133514404,26,813,77.7570168,12.992646
1769158183839405800,3935.502405761719,3.464136838912964,0.9275127053260803,2.4892168045043945,3.7899999618530273,6.340000152587891,24,813,77.7570451,12.9927063
1769158184839413000,3936.5024130859374,3.507100820541382,0.9216549396514893,2.4992167949676514,3.7899999618530273,5.489999771118164,23,813,77.7570691,12.9927583
1769158185839409700,3937.5024096679685,3.5681869983673096,0.9248884320259094,2.509216785430908,3.7899999618530273,4.840000152587891,21,813,77.7570823,12.9927953
1769158186839414800,3938.502414794922,3.633779764175415,0.9840659499168396,2.519216775894165,5.019000053405762,4.650000095367432,20,813,77.7570977,12.9928342
1769158187839412000,3939.5024118652345,3.6636695861816406,0.9275615811347961,2.529216766357422,6.248000144958496,4.670000076293945,18,813,77.7571116,12.9928812
1769158188839410000,3940.502409912109,3.7366104125976562,0.9495471715927124,13.6033935546875,7.4770002365112305,4.650000095367432,14,817.3999633789062,77.7571235,12.9929242
1769158189839414800,3941.502414794922,3.8109023571014404,0.9469226598739624,13.613393783569336,8.706000328063965,4.679999828338623,4,817.3999633789062,77.7571341,12.9929616
1769158190839411700,3942.502411621094,3.863879442214966,0.9461117386817932,13.623394012451172,9.9350004196167,4.619999885559082,4,817.3999633789062,77.7571491,12.9930018
1769158191839412200,3943.502412109375,3.8921453952789307,0.9243266582489014,13.633394241333008,9.9350004196167,4.599999904632568,4,817.3999633789062,77.7571653,12.9930451
1769158192839406800,3944.502406738281,3.9315133094787598,0.9210628271102905,13.643393516540527,9.9350004196167,4.449999809265137,4,817.3999633789062,77.7571767,12.9930842
1769158193839414500,3945.5024145507814,3.9823389053344727,0.922799289226532,13.653393745422363,9.9350004196167,4.230000019073486,3,817.3999633789062,77.7571902,12.9931204
1769158194839410000,3946.502409912109,4.0376200675964355,0.9266349673271179,13.6633939743042,9.9350004196167,3.990000009536743,3,817.3999633789062,77.7572004,12.9931545
1769158195839412700,3947.5024128417967,4.090022087097168,0.9194311499595642,12.410717964172363,9.9350004196167,3.859999895095825,3,801.2000122070312,77.7572113,12.9931899
1769158196839412000,3948.5024118652345,4.141392707824707,0.9236867427825928,12.420717239379883,9.9350004196167,3.8399999141693115,3,801.2000122070312,77.7572181,12.993224
1769158197839407600,3949.5024077148437,4.189918518066406,0.9196987152099609,12.430717468261719,9.9350004196167,3.809999942779541,4,801.2000122070312,77.7572252,12.9932577
1769158198839408000,3950.502408203125,4.235903263092041,0.9185373187065125,12.440717697143555,9.9350004196167,3.799999952316284,4,801.2000122070312,77.7572326,12.9932916
1769158199839408600,3951.5024086914063,4.281301975250244,0.918743371963501,12.45071792602539,9.9350004196167,3.7899999618530273,4,801.2000122070312,77.7572404,12.9933254
1769158200839413200,3952.502413330078,4.325817108154297,0.9190329313278198,12.46071720123291,9.9350004196167,3.759999990463257,5,801.2000122070312,77.7572479,12.9933593
1769158201839414500,3953.5024145507814,4.368297100067139,0.9187691807746887,12.470717430114746,9.9350004196167,3.740000009536743,5,801.2000122070312,77.7572565,12.9933932
1769158202839413000,3954.5024130859374,4.412320137023926,0.9202902913093567,1.7103016376495361,9.9350004196167,3.7200000286102295,6,804.7999877929688,77.7572655,12.9934265
1769158203839412500,3955.502412597656,4.453455924987793,0.9195413589477539,1.7203017473220825,9.9350004196167,3.7100000381469727,7,804.7999877929688,77.7572751,12.9934594
1769158204839406300,3956.50240625,4.496373653411865,0.9278643131256104,1.7303016185760498,9.9350004196167,3.7200000286102295,8,804.7999877929688,77.7572855,12.993492
1769158205839408600,3957.5024086914063,4.539322376251221,0.9246560335159302,1.7403016090393066,9.9350004196167,3.6700000762939453,9,804.7999877929688,77.7572961,12.9935242
1769158206839409200,3958.5024091796877,4.575312614440918,0.9203711152076721,1.7503015995025635,9.9350004196167,3.6700000762939453,11,804.7999877929688,77.7573071,12.993556
1769158207839408400,3959.5024084472657,4.616809368133545,0.921750545501709,1.7603015899658203,9.9350004196167,3.609999895095825,12,804.7999877929688,77.7573189,12.9935859
1769158208839406800,3960.502406738281,4.664348602294922,0.9199946522712708,1.7703015804290771,9.9350004196167,3.4200000762939453,12,804.7999877929688,77.7573316,12.9936154
1769158209839412700,3961.5024128417967,4.716177940368652,0.9239038825035095,1.7803016901016235,9.9350004196167,3.3499999046325684,13,804.7999877929688,77.757345,12.9936433
1769158210839407600,3962.5024077148437,4.760409832000732,0.9203928709030151,7.2945051193237305,9.9350004196167,3.3299999237060547,14,804.7999877929688,77.7573589,12.9936702
1769158211839413200,3963.502413330078,4.80430269241333,0.9219333529472351,7.304505348205566,9.9350004196167,3.319999933242798,15,804.7999877929688,77.7573728,12.993697
1769158212839410400,3964.5024104003905,4.85980749130249,0.9222121238708496,7.314505577087402,9.9350004196167,3.1500000953674316,16,804.7999877929688,77.7573862,12.993723
1769158213839410200,3965.50241015625,4.915032386779785,0.9228262305259705,7.32450532913208,9.9350004196167,3.049999952316284,16,804.7999877929688,77.7573985,12.9937475
1769158214839405800,3966.502405761719,4.966022491455078,0.9192150831222534,7.334505081176758,9.9350004196167,3.0199999809265137,16,804.7999877929688,77.7574105,12.9937728
1769158215839412200,3967.502412109375,5.016533374786377,0.9211153388023376,7.344505310058594,9.9350004196167,3.0299999713897705,16,804.7999877929688,77.7574227,12.9937982
1769158216839412000,3968.5024118652345,5.067110061645508,0.9228560328483582,7.35450553894043,9.9350004196167,3,16,804.7999877929688,77.7574345,12.9938234
1769158217839408600,3969.5024086914063,5.110790252685547,0.6944156289100647,2.5673277378082275,9.9350004196167,2.9700000286102295,15,804.0999755859375,77.7574456,12.9938486
1769158218839411200,3970.5024111328125,5.159707069396973,0.693923830986023,2.5773277282714844,9.9350004196167,2.9700000286102295,15,804.0999755859375,77.7574562,12.9938735
1769158219839412500,3971.502412597656,5.203749656677246,0.6924847960472107,2.587327718734741,9.9350004196167,2.9700000286102295,14,804.0999755859375,77.7574667,12.9938987
1769158220839412700,3972.5024128417967,5.25172758102417,0.6917123198509216,2.597327709197998,9.9350004196167,2.9200000762939453,14,804.0999755859375,77.7574765,12.9939245
1769158221839409700,3973.5024096679685,5.29787015914917,0.6920674443244934,2.607327699661255,9.9350004196167,2.9100000858306885,14,804.0999755859375,77.7574855,12.9939505
1769158222839409400,3974.5024094238283,5.34780216217041,0.7154735922813416,2.6173276901245117,9.9350004196167,2.9200000762939453,14,804.0999755859375,77.757494,12.9939765
1769158223839410000,3975.502409912109,5.384837627410889,0.6927281618118286,2.6273276805877686,9.9350004196167,2.890000104904175,14,804.0999755859375,77.7575023,12.9940026
1769158224839412500,3976.502412597656,5.426294803619385,0.6923350095748901,2.6373276710510254,9.9350004196167,2.869999885559082,13,804.0999755859375,77.7575103,12.9940287
1769158225839414800,3977.502414794922,5.465322017669678,0.6914622783660889,5.025154113769531,9.9350004196167,2.8499999046325684,13,804.0999755859375,77.7575179,12.9940552
1769158226839410700,3978.502410644531,5.505037307739258,0.6918746829032898,5.035153865814209,9.9350004196167,2.8399999141693115,13,804.0999755859375,77.7575252,12.9940812
1769158227839408000,3979.502408203125,5.544071197509766,0.6925384402275085,5.045154094696045,9.9350004196167,2.819999933242798,14,804.0999755859375,77.7575316,12.9941074
1769158228839405600,3980.502405517578,5.577682971954346,0.6914151310920715,5.055153846740723,9.9350004196167,2.799999952316284,14,804.0999755859375,77.7575379,12.9941337
1769158229839411200,3981.5024111328125,5.614437580108643,0.691794753074646,5.065154075622559,9.9350004196167,2.799999952316284,14,804.0999755859375,77.7575444,12.9941597
1769158230839407600,3982.5024077148437,5.648345470428467,0.691403329372406,5.075153827667236,9.9350004196167,2.7899999618530273,14,804.0999755859375,77.7575507,12.9941852
1769158231839408400,3983.5024084472657,5.684865951538086,0.6918834447860718,5.085154056549072,9.9350004196167,2.7699999809265137,14,804.0999755859375,77.757557,12.9942108
1769158232839405800,3984.502405761719,5.717663764953613,0.6921737194061279,7.515072822570801,9.9350004196167,2.7699999809265137,15,802.7000122070312,77.7575634,12.9942364
1769158233839409700,3985.5024096679685,5.752266883850098,0.6929653882980347,7.5250725746154785,9.9350004196167,2.75,15,802.7000122070312,77.7575698,12.9942618
1769158234839410400,3986.5024104003905,5.779703140258789,0.6916904449462891,7.5350728034973145,9.9350004196167,2.740000009536743,15,802.7000122070312,77.7575765,12.9942868
1769158235839409000,3987.502408935547,5.810769557952881,0.6917601227760315,7.545072555541992,9.9350004196167,2.7300000190734863,16,802.7000122070312,77.7575835,12.9943115
1769158236839408000,3988.502408203125,5.840636253356934,0.6913543939590454,7.555072784423828,9.9350004196167,2.7100000381469727,16,802.7000122070312,77.7575908,12.9943352
1769158237839405600,3989.502405517578,5.8747453689575195,0.6932387948036194,7.565072536468506,9.9350004196167,2.700000047683716,16,802.7000122070312,77.757598,12.9943586
1769158238839413200,3990.502413330078,5.901296615600586,0.6925721168518066,7.575072765350342,9.9350004196167,2.690000057220459,16,802.7000122070312,77.7576052,12.9943815
1769158239839407000,3991.5024069824217,5.9319071769714355,0.6933190226554871,18.601177215576172,9.9350004196167,2.680000066757202,16,801.0999755859375,77.7576127,12.9944042
1769158240839406600,3992.502406494141,5.9563984870910645,0.6919694542884827,18.611177444458008,9.9350004196167,2.6600000858306885,17,801.0999755859375,77.7576203,12.9944265
1769158241839406800,3993.502406738281,5.982496738433838,0.6918379068374634,18.621177673339844,9.9350004196167,2.6600000858306885,17,801.0999755859375,77.7576278,12.9944486
1769158242839412200,3994.502412109375,6.01191520690918,0.6924686431884766,18.63117790222168,9.9350004196167,2.6600000858306885,17,801.0999755859375,77.7576351,12.9944706
1769158243839405300,3995.5024052734375,6.039988994598389,0.6914523243904114,18.641176223754883,9.9350004196167,2.640000104904175,17,801.0999755859375,77.7576424,12.9944924
1769158244839407600,3996.5024077148437,6.073561668395996,0.6948693990707397,18.65117645263672,9.9350004196167,2.630000114440918,17,801.0999755859375,77.7576498,12.9945144
1769158245839410400,3997.5024104003905,6.091547012329102,0.6917228102684021,18.661176681518555,9.9350004196167,2.619999885559082,17,801.0999755859375,77.7576575,12.9945363
1769158246839406600,3998.502406494141,6.113960266113281,0.6914046406745911,18.67117691040039,9.9350004196167,2.609999895095825,17,801.0999755859375,77.7576651,12.9945583
1769158247839411700,3999.502411621094,6.140256404876709,0.6923506259918213,9.421501159667969,9.9350004196167,2.609999895095825,18,801.0999755859375,77.7576728,12.9945804
1769158248839412500,4000.502412597656,6.159183502197266,0.6911158561706543,9.431501388549805,9.9350004196167,2.5999999046325684,18,801.0999755859375,77.7576807,12.9946021
1769158249839405000,4001.502405029297,6.1832146644592285,0.6915755867958069,9.44150161743164,9.9350004196167,2.5799999237060547,18,801.0999755859375,77.7576887,12.9946235
1769158250839411500,4002.502411376953,6.20850133895874,0.6922978758811951,9.451501846313477,9.9350004196167,2.569999933242798,18,801.0999755859375,77.7576969,12.994645
1769158251839413500,4003.5024135742187,6.244757652282715,0.6911802887916565,9.461501121520996,9.9350004196167,2.450000047683716,18,801.0999755859375,77.7577052,12.9946658
1769158252839406000,4004.5024060058595,6.300654888153076,0.6917855739593506,9.471501350402832,9.9350004196167,2.2699999809265137,18,801.0999755859375,77.7577122,12.9946856
1769158253839406000,4005.5024060058595,6.365099906921387,0.6914417147636414,9.481501579284668,9.9350004196167,2.0899999141693115,18,801.0999755859375,77.7577188,12.9947039
1769158254839407400,4006.502407470703,6.429203033447266,0.6910077929496765,9.491501808166504,9.9350004196167,2,19,801.0999755859375,77.7577252,12.9947209
1769158255839408600,4007.5024086914063,6.491270542144775,0.6915533542633057,9.501501083374023,9.9350004196167,1.9900000095367432,19,801.0999755859375,77.7577311,12.9947372
1769158256839406000,4008.5024060058595,6.5542778968811035,0.6909059286117554,9.51150131225586,9.9350004196167,1.940000057220459,19,801.0999755859375,77.7577373,12.9947531
1769158257839406300,4009.50240625,6.6329731941223145,0.6910756230354309,9.521501541137695,9.9350004196167,1.809999942779541,19,801.0999755859375,77.7577431,12.9947682
1769158258839409200,4010.5024091796877,6.716374397277832,0.691013514995575,9.531501770019531,9.9350004196167,1.690000057220459,19,801.0999755859375,77.7577486,12.9947825
1769158259839407000,4011.5024069824217,6.794730186462402,0.6913158297538757,9.54150104522705,9.9350004196167,1.6799999475479126,19,801.0999755859375,77.7577531,12.9947964
1769158260839413200,4012.502413330078,6.870491981506348,0.6910410523414612,9.551501274108887,9.9350004196167,1.6799999475479126,20,801.0999755859375,77.7577574,12.9948105
1769158261839410000,4013.502409912109,6.94909143447876,0.6913615465164185,9.561501502990723,9.9350004196167,1.649999976158142,20,801.0999755859375,77.7577611,12.9948249
1769158262839411200,4014.5024111328125,7.02915620803833,0.6914663910865784,8.417601585388184,9.9350004196167,1.6299999952316284,20,801.0999755859375,77.7577644,12.994839
1769158263839410200,4015.50241015625,7.1156110763549805,0.697638213634491,8.42760181427002,9.9350004196167,1.649999976158142,19,801.0999755859375,77.7577679,12.9948531
1769158264839407400,4016.502407470703,7.184911727905273,0.6932152509689331,8.437601089477539,9.9350004196167,1.649999976158142,20,801.0999755859375,77.7577715,12.9948671
1769158265839408000,4017.502408203125,7.2607011795043945,0.6936758160591125,8.447601318359375,9.9350004196167,1.6100000143051147,20,801.0999755859375,77.7577754,12.9948806
1769158266839411500,4018.502411376953,7.332491397857666,0.6929953694343567,8.457601547241211,9.9350004196167,1.6299999952316284,20,801.0999755859375,77.7577789,12.9948944
1769158267839406300,4019.50240625,7.405452251434326,0.6957340836524963,8.467601776123047,9.9350004196167,1.6299999952316284,20,801.0999755859375,77.7577821,12.9949082
1769158268839412500,4020.502412597656,7.479388236999512,0.7822690606117249,8.477601051330566,9.9350004196167,1.6299999952316284,20,801.0999755859375,77.7577857,12.994922
1769158269839405300,4021.5024052734375,7.6276702880859375,1.0137215852737427,8.487601280212402,9.9350004196167,1.2100000381469727,19,801.0999755859375,77.7577882,12.9949329
1769158270839407600,4022.5024077148437,7.749307155609131,0.9477272033691406,5.245786666870117,9.954000473022461,1.2799999713897705,25,801.5999755859375,77.7577912,12.9949422
1769158271839413800,4023.5024138183594,7.843966960906982,0.746032178401947,5.255786895751953,9.958000183105469,1.2799999713897705,25,801.5999755859375,77.7577948,12.9949506
1769158272839406600,4024.502406494141,7.957229137420654,0.7261225581169128,5.265786647796631,9.958000183105469,1.1100000143051147,25,801.5999755859375,77.7577987,12.9949572
1769158273839406000,4025.5024060058595,8.049809455871582,0.7147612571716309,5.275786399841309,9.954000473022461,1.2699999809265137,27,801.5999755859375,77.7578019,12.9949651
1769158274839408400,4026.5024084472657,8.174603462219238,0.7290602922439575,5.2857866287231445,9.958000183105469,1.1799999475479126,24,801.5999755859375,77.7578047,12.9949728
1769158275839415300,4027.502415283203,8.292963027954102,0.9289038777351379,5.2957868576049805,9.9350004196167,1.25,25,801.5999755859375,77.7578083,12.9949807
1769158276839408000,4028.502408203125,8.42189884185791,0.7757479548454285,5.305786609649658,9.9350004196167,1.1100000143051147,29,801.5999755859375,77.7578125,12.9949889
1769158277839407000,4029.5024069824217,8.558014869689941,0.7749494314193726,3.17002010345459,9.9350004196167,0.8700000047683716,29,800.7999877929688,77.7578149,12.9949954
1769158278839413800,4030.5024138183594,8.685526847839355,0.9192723631858826,3.180020332336426,9.9350004196167,0.9900000095367432,29,800.7999877929688,77.7578167,12.9950024
1769158279839405800,4031.502405761719,8.848734855651855,0.8161392211914062,3.1900200843811035,9.9350004196167,0.7300000190734863,36,800.7999877929688,77.7578191,12.9950082
1769158280839415000,4032.5024150390627,8.99050235748291,0.7912600040435791,3.2000203132629395,9.9350004196167,0.8700000047683716,27,800.7999877929688,77.7578222,12.9950145
1769158281839409200,4033.5024091796877,9.042072296142578,0.8454992771148682,3.2100203037261963,9.9350004196167,1.3799999952316284,27,800.7999877929688,77.7578271,12.9950268
1769158282839410700,4034.502410644531,30.310121536254883,1.6537588834762573,3.220020294189453,9.9350004196167,1.2400000095367432,27,800.7999877929688,77.7578315,12.9950402
1769158283839413000,4035.5024130859374,27.88538360595703,0.8194779753684998,3.23002028465271,9.9350004196167,0.8999999761581421,27,800.7999877929688,77.7578344,12.9950522
1769158284839415600,4036.5024155273436,60.76486587524414,0.8137299418449402,3.240020275115967,9.9350004196167,0.6600000262260437,26,800.7999877929688,77.7578365,12.9950617
1769158285839412700,4037.5024128417967,62.51136779785156,1.494673490524292,3.2500202655792236,9.9350004196167,1.149999976158142,20,800.7999877929688,77.7578386,12.9950733
1769158286839411000,4038.502410888672,66.2359848022461,1.7436884641647339,3.2600202560424805,9.979999542236328,1.2100000381469727,20,800.7999877929688,77.7578393,12.9950878
1769158287839413200,4039.502413330078,60.60807800292969,0.8417647480964661,3.2700202465057373,9.984000205993652,0.6800000071525574,28,800.7999877929688,77.7578418,12.9950979
1769158288839411500,4040.502411376953,54.584476470947266,1.3481404781341553,3.280020236968994,10.003999710083008,1.2999999523162842,34,800.7999877929688,77.7578475,12.9951099
1769158289839415000,4041.5024150390627,50.67067337036133,1.7848789691925049,3.290020227432251,10.050999641418457,1.9199999570846558,35,800.7999877929688,77.7578572,12.9951304
1769158290839408400,4042.5024084472657,60.183372497558594,1.9061248302459717,3.300020217895508,10.071000099182129,1.5700000524520874,27,800.7999877929688,77.7578668,12.9951529
1769158291839408000,4043.502408203125,59.382572174072266,0.8280887007713318,3.3100202083587646,10.071000099182129,0.6899999976158142,29,800.7999877929688,77.7578724,12.9951678
1769158292839405600,4044.502405517578,69.80354309082031,0.8145955204963684,3.3200201988220215,10.032999992370605,0.5,25,800.7999877929688,77.757874,12.9951772
1769158293839412700,4045.5024128417967,62.18563461303711,0.804888904094696,24.37501335144043,10.015000343322754,0.6200000047683716,10,812.2000122070312,77.7578744,12.9951862
1769158294839414000,4046.5024140625,60.476566314697266,0.7839186191558838,24.385013580322266,10.001999855041504,0.6399999856948853,357,812.2000122070312,77.7578756,12.9951967
1769158295839408000,4047.502408203125,79.7219467163086,0.7530998587608337,24.3950138092041,9.954999923706055,0.33000001311302185,7,812.2000122070312,77.7578772,12.9952043
1769158296839407600,4048.5024077148437,79.14921569824219,0.788020670413971,24.405012130737305,9.9350004196167,0.36000001430511475,26,812.2000122070312,77.7578791,12.9952096
1769158297839412200,4049.502412109375,84.14627838134766,0.8032827377319336,24.41501235961914,9.9350004196167,0.28999999165534973,39,812.2000122070312,77.7578825,12.9952137
1769158298839412500,4050.502412597656,0,0.8171904683113098,24.425012588500977,9.9350004196167,0,0,812.2000122070312,77.7578831,12.9952161
1769158299839409400,4051.5024094238283,0,0.17229501903057098,24.435012817382812,9.9350004196167,0,0,812.2000122070312,77.7578799,12.995219
1769158300839412200,4052.502412109375,0,0.07218048721551895,12.963186264038086,9.9350004196167,0,0,811.7000122070312,77.7578764,12.9952204
1769158301839415300,4053.502415283203,0,0.07347216457128525,12.973186492919922,9.9350004196167,0,0,811.7000122070312,77.7578731,12.9952217
1769158302839410400,4054.5024104003905,0,0.1315833181142807,12.983185768127441,9.9350004196167,0,0,811.7000122070312,77.7578705,12.9952221
1769158303839415600,4055.5024155273436,0,0.087444968521595,12.993185997009277,9.9350004196167,0,0,811.7000122070312,77.7578686,12.9952221
