time,seconds_elapsed,bearingAccuracy,speedAccuracy,verticalAccuracy,horizontalAccuracy,speed,bearing,altitude,longitude,latitude
1766330538937000000,0.225,45,1.5,2.0873727798461914,34.85100173950195,0,0,834,77.7188955,12.9768785
1766330541631238400,2.91923828125,4.786638259887695,1.1100850105285645,2.1143152713775635,23.600000381469727,14.239409446716309,274.35845947265625,834,77.7187925,12.9772035
1766330542631603700,3.919603759765625,0.9601529836654663,0.2277608960866928,2.124318838119507,17.121000289916992,15.203648567199707,274.01873779296875,834,77.7186322,12.977252
1766330543057146000,4.34514599609375,3.4364960193634033,0.9842487573623657,2.1285741329193115,13.788000106811523,15.200530052185059,274.0087585449219,834,77.7185254,12.9772507
1766330544056285200,5.34428515625,4.128864765167236,0.9727923274040222,2.1385655403137207,6.0229997634887695,15.216316223144531,273.99578857421875,834,77.7183726,12.9772569
1766330545056215800,6.3442158203125,0.9824177026748657,0.23454929888248444,2.1485650539398193,5.59499979019165,15.237906455993652,274.00836181640625,834,77.7182448,12.977285
1766330546056625700,7.344625732421875,45,1.5,2.158569097518921,6.894999980926514,15.237950325012207,274.00860595703125,834,77.7181042,12.9772949
1766330547057143300,8.345143310546876,6.181918621063232,2.215867042541504,2.168574094772339,5.8429999351501465,15.232105255126953,273.6617126464844,834,77.7179675,12.9773011
1766330548056354600,9.3443544921875,0.3796250522136688,0.09053848683834076,2.1785662174224854,5.881999969482422,15.309630393981934,273.00396728515625,834,77.7178265,12.9773043
1766330549056603000,10.344602783203126,0.3297828733921051,0.07838647067546844,2.1885688304901123,6.343999862670898,15.260466575622559,273.00006103515625,834,77.7176862,12.9773109
1766330550056364300,11.3443642578125,0.3496575355529785,0.08345330506563187,2.198566436767578,6.34499979019165,15.319363594055176,272.9999694824219,834,77.7175459,12.9773182
1766330551056859000,12.34485888671875,0.1964004933834076,1.1069433689117432,2.208571434020996,4.422999858856201,15.253392219543457,272.9760437011719,834,77.7174087,12.9773245
1766330552056349200,13.34434912109375,0.17109480500221252,0.954339325428009,2.2185661792755127,4.317999839782715,15.119584083557129,272.9783935546875,834,77.7172718,12.9773325
1766330553056628700,14.344628662109375,0.19968023896217346,1.1215319633483887,2.2285690307617188,3.86299991607666,15.011399269104004,273.9519348144531,834,77.7171351,12.977341
1766330554056907300,15.3449072265625,0.3046782910823822,1.318613886833191,2.238571882247925,3.9010000228881836,14.892335891723633,273.9595642089844,834,77.7170014,12.9773519
1766330555056811300,16.344811279296874,0.6241872906684875,1.500059723854065,2.2485709190368652,4.048999786376953,14.778741836547852,274.8755798339844,834,77.716868,12.9773639
1766330556056482000,17.34448193359375,0.29057854413986206,1.383678913116455,2.2585675716400146,4.13700008392334,14.561114311218262,275.8491516113281,834,77.7167386,12.9773764
1766330557056549400,18.34454931640625,0.3689699172973633,1.5346704721450806,2.268568277359009,4.452000141143799,14.190218925476074,276.6697692871094,834,77.7166133,12.977392
1766330558057020000,19.34502001953125,0.40415525436401367,1.5282918214797974,2.2785730361938477,4.714000225067139,13.657299995422363,277.5030822753906,834,77.7164957,12.9774092
1766330559057043000,20.34504296875,0.2833949327468872,1.3494820594787598,2.2885732650756836,4.699999809265137,12.910051345825195,277.5246276855469,834,77.716386,12.977425
1766330560057153300,21.3451533203125,3.1784517765045166,1.5620845556259155,2.298574209213257,4.570000171661377,12.524187088012695,277.67962646484375,834,77.7162782,12.97744
1766330561056776400,22.3447763671875,6.865963935852051,1.6027441024780273,2.308570623397827,4.651000022888184,12.133951187133789,277.81011962890625,834,77.7161728,12.9774518
1766330562056300000,23.344300048828124,8.58499526977539,1.5463223457336426,2.318565845489502,4.914000034332275,11.013863563537598,280.3369445800781,834,77.7160929,12.9774783
1766330563056311600,24.3443115234375,13.910175323486328,1.9401077032089233,2.328565835952759,5.48199987411499,10.361221313476562,281.5506591796875,834,77.7160176,12.9775032
1766330564057046300,25.34504638671875,14.940622329711914,1.7473074197769165,2.3385732173919678,6.396999835968018,9.268871307373047,279.531494140625,834,77.7159516,12.9775106
1766330565056843000,26.344843017578125,13.932016372680664,1.7413636445999146,2.348571300506592,6.974999904632568,8.805136680603027,278.4385986328125,834,77.7158799,12.9775161
1766330566056687000,27.34468701171875,17.55721092224121,2.0302278995513916,2.358569622039795,8.253000259399414,8.366386413574219,278.3167724609375,834,77.715813,12.9775233
1766330567057046300,28.34504638671875,34.21900939941406,4.391878128051758,2.3685731887817383,10.505999565124512,8.292470932006836,277.76953125,834,77.7157417,12.9775264
1766330568056187600,29.344187744140626,22.164352416992188,2.393205165863037,2.3785645961761475,11.435999870300293,8.02169418334961,277.3426513671875,834,77.7156752,12.9775319
1766330569056724700,30.344724853515626,27.874061584472656,2.567389965057373,2.3885700702667236,13.031000137329102,7.584597587585449,278.2569274902344,834,77.715621,12.9775414
1766330570056443400,31.344443359375,34.67810821533203,2.759108543395996,2.3985671997070312,14.942999839782715,7.084521293640137,278.15789794921875,834,77.7155767,12.9775441
1766330571056649200,32.34464916992187,45.11946487426758,2.655161142349243,2.4085693359375,16.753000259399414,6.24323844909668,278.4829406738281,834,77.7155541,12.9775439
1766330572056257000,33.34425708007812,42.191123962402344,2.3385708332061768,2.418565273284912,18.075000762939453,5.153100967407227,281.3741455078125,834,77.7155506,12.9775501
1766330573056708400,34.34470825195312,55.14290237426758,2.01013445854187,2.428569793701172,18.591999053955078,3.7412924766540527,273.9386901855469,834,77.7155617,12.9775297
1766330574056396300,35.344396240234374,56.477256774902344,1.824916958808899,2.4385666847229004,17.990999221801758,2.8512675762176514,276.1835021972656,834,77.7155683,12.9775279
1766330574188000000,35.476,45,1.5,23.401405334472656,18.365999221801758,2.8227345943450928,276.1621398925781,836,77.7155746,12.9775268
1766330575056441600,36.34444165039063,62.32242202758789,2.2421658039093018,23.41008949279785,17.934999465942383,2.4686529636383057,274.6626892089844,836,77.7155728,12.9775167
1766330576056235500,37.344235595703125,74.0794677734375,2.4862756729125977,23.420087814331055,17.31100082397461,2.148167133331299,273.3208923339844,836,77.7155665,12.9775103
1766330577056376600,38.34437646484375,84.99803924560547,2.373265504837036,23.430089950561523,15.5600004196167,1.7133729457855225,276.1817932128906,836,77.7155676,12.9775094
1766330578056474600,39.344474609375,84.99803924560547,2.0751752853393555,23.44009017944336,15.001999855041504,1.21364164352417,277.3056335449219,836,77.7155742,12.9775084
1766330579057178000,40.34517822265625,84.99803924560547,1.9113258123397827,23.450098037719727,14.270000457763672,0.7878140211105347,276.7447204589844,836,77.7155831,12.9775112
1766330580057049000,41.345049072265624,79.54004669189453,1.6634360551834106,23.46009635925293,11.87399959564209,0.6093191504478455,284.8611755371094,836,77.715588,12.977519
1766330581056511000,42.344510986328125,79.54004669189453,1.3528708219528198,23.470090866088867,10.420999526977539,0.40843793749809265,288.2521667480469,836,77.7155885,12.9775238
1766330582056870700,43.34487060546875,45,1.7721831798553467,4.394720554351807,9.446999549865723,0.4090805947780609,288.8929138183594,842.2999877929688,77.7155852,12.9775288
1766330583056857000,44.344857177734376,84.99803924560547,1.8959602117538452,4.404720306396484,8.586999893188477,0.3963029682636261,288.2120361328125,842.2999877929688,77.7155798,12.9775372
1766330584056904400,45.34490454101562,84.99803924560547,1.5695863962173462,4.4147210121154785,8.223999977111816,0.27160000801086426,283.53564453125,842.2999877929688,77.7155793,12.9775413
1766330585056539600,46.34453955078125,45,1.8979986906051636,4.424717426300049,7.577000141143799,0.2521369457244873,284.39459228515625,842.2999877929688,77.7155816,12.9775409
1766330586056697300,47.344697265625,84.99803924560547,2.0058786869049072,4.434718608856201,6.9079999923706055,0.2362392693758011,288.3542175292969,842.2999877929688,77.7155854,12.9775372
1766330587056497700,48.34449755859375,84.99803924560547,1.7246270179748535,4.444716930389404,6.796999931335449,0.1744622439146042,287.0154113769531,842.2999877929688,77.7155904,12.9775325
1766330588056650000,49.34464990234375,84.99803924560547,2.016080617904663,4.454718112945557,6.605000019073486,0.14711911976337433,289.45477294921875,842.2999877929688,77.715596,12.9775301
1766330589057149400,50.3451494140625,79.54004669189453,1.940441370010376,12.402384757995605,6.440000057220459,0.15675228834152222,296.6103820800781,836,77.7156,12.9775248
1766330590057017300,51.34501733398437,84.99803924560547,1.7337226867675781,12.412384033203125,6.373000144958496,0.2899935841560364,291.8871765136719,836,77.7155944,12.9775155
1766330591056255000,52.3442548828125,84.99803924560547,2.001332998275757,12.422375679016113,6.386000156402588,0.36861076951026917,290.24237060546875,836,77.7155887,12.9775073
1766330592056394000,53.34439404296875,84.99803924560547,1.7392851114273071,12.432377815246582,6.2820000648498535,0.3407660126686096,288.0922546386719,836,77.7155888,12.9775017
1766330593056366600,54.34436669921875,84.99803924560547,2.0471065044403076,12.442377090454102,6.357999801635742,0.2667156457901001,285.1073303222656,836,77.7155913,12.9775027
1766330594056471300,55.34447119140625,84.99803924560547,2.3728249073028564,12.452378273010254,6.572999954223633,0.2547348439693451,288.5350036621094,836,77.7155947,12.9775032
1766330595056417500,56.34441748046875,79.54004669189453,2.531703472137451,12.462377548217773,7.001999855041504,0.20155058801174164,292.26641845703125,836,77.7155993,12.9775051
1766330596056232700,57.34423266601563,58.88827896118164,2.1722989082336426,4.403024196624756,7.383999824523926,0.6396024227142334,296.668212890625,842.2999877929688,77.7155864,12.9775206
1766330597056914400,58.34491455078125,81.35775756835938,2.2709991931915283,4.413031101226807,8.270999908447266,0.6827437877655029,292.68670654296875,842.2999877929688,77.7155764,12.9775296
1766330598056548600,59.34454858398438,81.35775756835938,2.2211415767669678,4.423027515411377,8.897000312805176,0.5964192152023315,287.7667236328125,842.2999877929688,77.7155705,12.9775362
1766330599056672800,60.3446728515625,81.35775756835938,2.4091944694519043,4.433028697967529,9.484999656677246,0.5467489957809448,286.6748352050781,842.2999877929688,77.7155674,12.977542
1766330600056691500,61.34469140625,81.35775756835938,2.7073514461517334,4.443028926849365,10.15999984741211,0.5258908271789551,286.9247131347656,842.2999877929688,77.7155646,12.9775474
1766330601056651300,62.3446513671875,81.35775756835938,2.955643653869629,4.453028202056885,11.22700023651123,0.4794832766056061,285.5067443847656,842.2999877929688,77.7155619,12.9775502
1766330602057056300,63.34505615234375,81.35775756835938,3.040093421936035,4.463032245635986,12.38700008392334,0.4779469072818756,286.38006591796875,842.2999877929688,77.7155582,12.9775521
1766330603056349000,64.34434887695312,90.4456558227539,3.2730493545532227,7.152700424194336,13.003999710083008,0.5348206162452698,291.81005859375,842.2999877929688,77.7155516,12.9775561
1766330604056373500,65.34437353515625,92.87274932861328,3.44079852104187,7.162700653076172,14.230999946594238,0.5693157911300659,292.3319091796875,842.2999877929688,77.7155439,12.97756
1766330605056887800,66.3448876953125,92.87274932861328,3.529550790786743,7.17270565032959,16.170000076293945,0.5366909503936768,290.60919189453125,842.2999877929688,77.7155397,12.9775584
1766330606056210400,67.34421044921875,94.22518157958984,3.6215336322784424,7.182698726654053,16.757999420166016,0.13592365384101868,303.7438049316406,842.2999877929688,77.715544,12.9775523
1766330607056330500,68.34433056640626,0,3.846392869949341,7.192700386047363,18.160999298095703,0.05336163565516472,0,842.2999877929688,77.7155489,12.9775447
1766330608056823800,69.34482373046875,86.83975219726562,3.961766004562378,7.202704906463623,20.34000015258789,0.24993182718753815,191.88543701171875,842.2999877929688,77.715549,12.9775321
1766330609056701000,70.34470092773438,86.17191314697266,3.958624839782715,11.346494674682617,21.70199966430664,0.4622885584831238,202.3396453857422,842.2999877929688,77.7155426,12.977518
1766330610056486700,71.34448657226562,70.33342742919922,3.7245876789093018,11.35649299621582,22.04199981689453,0.4672814607620239,254.92630004882812,842.2999877929688,77.7155202,12.977519
1766330611056314000,72.34431420898437,82.26099395751953,3.639760971069336,11.366491317749023,23.639999389648438,0.6770324110984802,278.029052734375,842.2999877929688,77.7154946,12.9775254
1766330612056821800,73.34482177734375,87.772216796875,3.7357070446014404,11.376496315002441,24.211999893188477,0.8289857506752014,283.27142333984375,842.2999877929688,77.7154719,12.9775314
1766330613057075700,74.34507568359375,91.8709487915039,3.8223369121551514,11.38649845123291,24.590999603271484,0.8918253183364868,283.6133117675781,842.2999877929688,77.715454,12.9775359
1766330614056477400,75.3444775390625,90.93348693847656,3.8257555961608887,11.396492958068848,24.83099937438965,0.9255683422088623,289.2425842285156,842.2999877929688,77.7154412,12.977545
1766330615056764700,76.3447646484375,91.64151000976562,3.9248454570770264,11.406496047973633,25.639999389648438,0.8109452724456787,300.48455810546875,842.2999877929688,77.7154378,12.9775583
1766330616056998100,77.344998046875,34.9168815612793,3.0178542137145996,11.416498184204102,24.884000778198242,2.073690414428711,312.5087585449219,842.2999877929688,77.7153532,12.9776751
1766330617056486400,78.344486328125,20.260465621948242,2.542600393295288,11.426492691040039,23.04599952697754,4.062283039093018,300.3096618652344,842.2999877929688,77.7151454,12.9777513
1766330618056282600,79.34428271484374,18.208194732666016,2.1708548069000244,11.436491012573242,19.78499984741211,5.570560932159424,292.08929443359375,842.2999877929688,77.7149447,12.977722
1766330619056359700,80.34435961914062,10.358813285827637,1.7551881074905396,11.446491241455078,17.101999282836914,7.15596342086792,275.4588317871094,842.2999877929688,77.7148517,12.9776867
1766330620056339500,81.34433935546875,0.5706350207328796,0.9459677338600159,11.456491470336914,14.418999671936035,11.127469062805176,279.1026916503906,842.2999877929688,77.7147105,12.9776784
1766330621057048800,82.345048828125,0.7390344142913818,0.9685276746749878,7.6241984367370605,9.84000015258789,12.45080280303955,278.56988525390625,829.2000122070312,77.7145728,12.9776852
1766330622057046500,83.34504663085937,0.5214258432388306,0.1160171627998352,7.6341986656188965,9.053999900817871,14.26895809173584,277.99884033203125,829.2000122070312,77.7144348,12.9777002
1766330623056516000,84.34451611328124,0.249648317694664,0.057423509657382965,7.644193172454834,9.9350004196167,14.757512092590332,277.9996643066406,829.2000122070312,77.714295,12.9777186
1766330624056900900,85.34490087890624,0.2656093239784241,0.06186044588685036,7.6541972160339355,9.9350004196167,14.948851585388184,277.9998474121094,829.2000122070312,77.7141535,12.9777385
1766330625056708400,86.34470825195312,0.2513888478279114,0.05788150802254677,7.6641950607299805,9.9350004196167,14.780908584594727,277.0066223144531,829.2000122070312,77.7140139,12.9777567
1766330626056638500,87.34463842773438,0.26481980085372925,0.06081071123480797,7.6741943359375,9.9350004196167,14.740235328674316,277.00006103515625,829.2000122070312,77.713877,12.9777719
1766330627056331500,88.34433154296875,0.26121270656585693,0.9766567349433899,7.6841912269592285,9.9350004196167,14.740148544311523,276.99993896484375,829.2000122070312,77.7137398,12.9777863
1766330628056193300,89.344193359375,0.27090978622436523,0.9264509677886963,7.69419002532959,9.9350004196167,14.723751068115234,276.9938049316406,829.2000122070312,77.7136041,12.9778014
1766330629056908300,90.344908203125,0.24195411801338196,0.9324730634689331,7.704197406768799,9.9350004196167,14.625666618347168,276.96551513671875,829.2000122070312,77.7134684,12.9778173
1766330630056851700,91.34485180664062,0.2660609185695648,0.9385234117507935,7.714196681976318,9.9350004196167,14.365388870239258,276.9091491699219,829.2000122070312,77.7133372,12.9778328
1766330631056672500,92.34467260742187,0.16336680948734283,0.9467151165008545,7.7241950035095215,9.9350004196167,14.056723594665527,276.8855285644531,829.2000122070312,77.7132078,12.9778476
1766330632056700400,93.34470043945312,0.2935350239276886,0.9363917708396912,7.734195232391357,9.9350004196167,13.661825180053711,276.8559265136719,829.2000122070312,77.7130842,12.9778623
1766330633056630300,94.34463037109376,0.3037588596343994,0.9427887201309204,7.744194507598877,9.9350004196167,13.341575622558594,276.8765869140625,829.2000122070312,77.7129635,12.9778764
1766330634056479700,95.34447973632813,0.25599175691604614,0.9324166178703308,7.75419282913208,9.9350004196167,12.943458557128906,276.8464660644531,829.2000122070312,77.7128457,12.9778912
1766330635056501500,96.34450146484374,1.974769949913025,1.1745964288711548,7.764193058013916,9.9350004196167,12.658266067504883,276.1116027832031,829.2000122070312,77.7127321,12.9779051
1766330636056512000,97.34451196289062,0.3689567446708679,0.9336336851119995,7.774193286895752,9.9350004196167,12.148016929626465,276.7886962890625,829.2000122070312,77.712624,12.9779196
1766330637056483300,98.3444833984375,0.3472343683242798,0.9534667134284973,7.78419303894043,9.9350004196167,11.755517959594727,276.82843017578125,829.2000122070312,77.7125199,12.9779356
1766330638056359700,99.34435961914062,1.482588291168213,0.9360939264297485,7.794191837310791,9.9350004196167,11.422747611999512,276.8730773925781,829.2000122070312,77.7124193,12.9779493
1766330639056355600,100.34435546875,2.172685384750366,0.9384128451347351,7.804191589355469,9.9350004196167,11.213225364685059,276.9242858886719,829.2000122070312,77.7123213,12.9779627
1766330640056286200,101.3442861328125,0.3343603014945984,0.931776762008667,7.814190864562988,9.9350004196167,11.104888916015625,276.953369140625,829.2000122070312,77.7122243,12.9779744
1766330641056497400,102.34449731445312,0.3450108766555786,0.9367303848266602,7.824193000793457,9.9350004196167,11.042017936706543,276.9737243652344,829.2000122070312,77.7121276,12.9779847
1766330642056360000,103.34435986328126,0.47898516058921814,0.9414518475532532,7.834191799163818,9.9350004196167,11.020431518554688,276.9931335449219,829.2000122070312,77.7120317,12.9779951
1766330643056887300,104.34488720703125,0.4731518030166626,0.9486516714096069,7.844196796417236,9.9350004196167,11.000783920288086,276.99346923828125,829.2000122070312,77.7119342,12.9780053
1766330644056488700,105.34448876953125,0.41709303855895996,0.9529585242271423,7.854193210601807,9.9350004196167,10.993390083312988,276.9978332519531,829.2000122070312,77.7118353,12.9780148
1766330645056179200,106.34417919921874,0.4489474296569824,0.9394823908805847,7.864190101623535,9.9350004196167,11.038780212402344,277.0183410644531,829.2000122070312,77.7117323,12.9780247
1766330646056996900,107.34499682617188,0.8532242178916931,0.9448410272598267,7.874197959899902,9.9350004196167,11.056182861328125,277.00872802734375,829.2000122070312,77.7116312,12.9780375
1766330647056421600,108.34442163085937,0.3949073851108551,0.9350941181182861,7.88419246673584,9.9350004196167,11.086867332458496,277.01397705078125,829.2000122070312,77.71153,12.9780496
1766330648056699100,109.34469921875,0.36577558517456055,0.9374735355377197,7.894195079803467,9.9350004196167,11.083650588989258,276.9981689453125,829.2000122070312,77.7114272,12.9780616
1766330649056229400,110.3442294921875,0.22580312192440033,0.9327216148376465,7.904190540313721,9.9350004196167,11.08188247680664,276.9988098144531,829.2000122070312,77.7113252,12.9780732
1766330650057121800,111.34512182617188,0.25178655982017517,0.9373600482940674,7.914199352264404,9.9350004196167,11.085606575012207,277.0026550292969,829.2000122070312,77.7112248,12.9780855
1766330651056939800,112.34493969726563,0.3365911841392517,0.936075747013092,7.924197673797607,9.9350004196167,11.069657325744629,276.9943542480469,829.2000122070312,77.7111251,12.9780965
1766330652056372700,113.34437280273437,0.2661200165748596,0.9353548884391785,7.934191703796387,9.9350004196167,11.081047058105469,277.0052490234375,829.2000122070312,77.7110241,12.9781081
1766330653056373200,114.34437329101563,0.3411068916320801,0.933057963848114,7.944191932678223,9.9350004196167,11.12144660949707,277.0170593261719,829.2000122070312,77.7109211,12.9781189
1766330654056437500,115.3444375,0.32916998863220215,0.9341668486595154,7.954192638397217,9.9350004196167,11.126806259155273,277.0023193359375,829.2000122070312,77.7108182,12.9781313
1766330655056288300,116.34428833007813,0.3616834282875061,0.9360597133636475,7.96419095993042,9.9350004196167,11.099555015563965,276.98846435546875,829.2000122070312,77.710717,12.9781438
1766330656056995000,117.3449951171875,0.25706133246421814,0.9354631900787354,7.974197864532471,9.9350004196167,11.124068260192871,277.00921630859375,829.2000122070312,77.7106133,12.9781558
1766330657056533200,118.344533203125,0.3238410949707031,0.9316615462303162,7.984193325042725,9.9350004196167,11.139540672302246,277.0064392089844,829.2000122070312,77.7105104,12.9781692
1766330658056194600,119.34419458007812,1.0052343606948853,0.9397575259208679,7.994190216064453,9.9350004196167,11.008916854858398,276.9474792480469,829.2000122070312,77.7104088,12.9781817
1766330659057083100,120.34508325195313,0.5442212820053101,0.9750207662582397,8.004199028015137,9.9350004196167,11.13186264038086,278.943603515625,829.2000122070312,77.7103071,12.978196
1766330660056915500,121.34491552734374,2.7696025371551514,0.4867665469646454,8.01419734954834,9.9350004196167,11.269451141357422,281.76776123046875,829.2000122070312,77.7102039,12.9782164
1766330661056633300,122.34463330078125,4.6786065101623535,0.8690937757492065,8.024194717407227,9.9350004196167,11.618457794189453,283.3236999511719,829.2000122070312,77.7100952,12.9782437
1766330662056490000,123.34448999023438,3.6752068996429443,0.6225720643997192,8.03419303894043,9.9350004196167,11.083995819091797,289.3052062988281,829.2000122070312,77.7099941,12.9782782
1766330663056552700,124.344552734375,2.9144768714904785,0.4721638262271881,8.044193267822266,9.9350004196167,10.547144889831543,295.29559326171875,829.2000122070312,77.7099013,12.9783179
1766330664056895700,125.34489575195313,3.9214882850646973,0.6766916513442993,8.054197311401367,9.9350004196167,10.900428771972656,298.21453857421875,829.2000122070312,77.7098166,12.9783641
1766330665056839200,126.34483911132813,6.631168842315674,1.0788240432739258,8.064196586608887,9.9350004196167,10.735815048217773,298.9693603515625,829.2000122070312,77.7097338,12.9784117
1766330666056704500,127.34470458984374,8.752518653869629,1.5968616008758545,8.07419490814209,9.9350004196167,10.629185676574707,300.26409912109375,829.2000122070312,77.7096529,12.978462
1766330667056839400,128.34483935546876,2.125664710998535,1.0310622453689575,8.084196090698242,9.9350004196167,10.830906867980957,310.8156433105469,829.2000122070312,77.7095812,12.9785386
1766330668056861700,129.34486181640625,1.731241226196289,1.303646206855774,8.094196319580078,9.9350004196167,10.658024787902832,315.8897399902344,829.2000122070312,77.7095172,12.9786183
1766330669056568000,130.34456811523438,5.8338165283203125,0.997391402721405,8.104193687438965,9.9350004196167,10.791905403137207,320.07525634765625,829.2000122070312,77.7094655,12.9786968
1766330670057123600,131.34512353515626,2.8160459995269775,0.5090927481651306,8.1141996383667,9.9350004196167,11.470227241516113,329.8116455078125,829.2000122070312,77.7094159,12.9787868
1766330671057048300,132.34504833984374,0.4249163269996643,0.0740235447883606,8.124198913574219,9.9350004196167,11.181817054748535,336.9460754394531,829.2000122070312,77.7093716,12.9788818
1766330672056742000,133.34474194335937,0.47309017181396484,0.0828709602355957,8.134195327758789,9.9350004196167,11.249459266662598,339.96197509765625,829.2000122070312,77.7093332,12.9789774
1766330673056763100,134.34476318359376,0.5170788168907166,0.0892716646194458,8.144195556640625,9.9350004196167,11.082364082336426,342.9541015625,829.2000122070312,77.7092995,12.9790779
1766330674056959500,135.34495947265626,0.3051181435585022,0.05308524891734123,8.154197692871094,9.9350004196167,11.169649124145508,343.9946594238281,829.2000122070312,77.709269,12.9791786
1766330675056243200,136.3442431640625,0.252225786447525,0.9635348320007324,8.164190292358398,9.9350004196167,11.123323440551758,344.063232421875,829.2000122070312,77.7092392,12.9792802
1766330676056249300,137.34424926757814,0.24912256002426147,0.9401753544807434,8.174190521240234,9.9350004196167,11.089038848876953,344.04022216796875,829.2000122070312,77.70921,12.9793793
1766330677057059300,138.34505932617188,0.22192251682281494,0.9413630962371826,8.184198379516602,9.9350004196167,11.075879096984863,344.0232238769531,829.2000122070312,77.7091811,12.9794812
1766330678057151200,139.34515112304686,0.33003470301628113,0.9669345617294312,8.194199562072754,9.9350004196167,11.03483772277832,344.04327392578125,829.2000122070312,77.7091532,12.9795816
1766330679056487000,140.34448681640626,2.2212698459625244,1.0503113269805908,8.204193115234375,9.9350004196167,10.907716751098633,342.6865539550781,829.2000122070312,77.7091241,12.9796782
1766330680056489000,141.34448901367188,2.2572805881500244,1.0385668277740479,8.214193344116211,9.9350004196167,10.647723197937012,344.5848388671875,829.2000122070312,77.7090988,12.979773
1766330681056481500,142.3444814453125,0.40036335587501526,0.9694429039955139,8.22419261932373,9.9350004196167,10.613274574279785,344.1070556640625,829.2000122070312,77.7090736,12.9798688
1766330682056580000,143.344580078125,0.9176140427589417,0.9807814359664917,8.234193801879883,9.9350004196167,10.46759033203125,344.98828125,829.2000122070312,77.7090489,12.9799656
1766330683057144800,144.34514477539062,6.542639255523682,1.3620857000350952,8.244199752807617,9.9350004196167,10.007769584655762,344.6179504394531,829.2000122070312,77.7090211,12.9800515
1766330684057113600,145.34511352539062,3.3433892726898193,1.113039493560791,8.254199028015137,9.9350004196167,9.970766067504883,342.800537109375,829.2000122070312,77.7089899,12.9801387
1766330685056184600,146.3441845703125,4.5237135887146,1.2603999376296997,8.264189720153809,9.9350004196167,10.294646263122559,342.264404296875,829.2000122070312,77.7089589,12.9802308
1766330686056189400,147.344189453125,5.752367973327637,1.2263758182525635,8.274189949035645,9.9350004196167,10.346875190734863,342.1421203613281,829.2000122070312,77.7089311,12.9803212
1766330687056277800,148.34427783203125,7.483005046844482,1.0709991455078125,8.284191131591797,9.968999862670898,9.779546737670898,344.53338623046875,829.2000122070312,77.7089075,12.9804068
1766330688056256800,149.3442568359375,7.484793663024902,1.0709991455078125,8.294190406799316,10.11299991607666,9.512829780578613,346.10418701171875,829.2000122070312,77.7088869,12.9804907
1766330696078000000,157.36600024414062,45,1.5,8.294190406799316,100,9.44300365447998,346.15234375,829.2000122070312,77.708727,12.9811306
1766330699056453600,160.34445361328125,43.37590408325195,1.8041329383850098,8.404192924499512,16.398000717163086,3.654149055480957,348.53680419921875,829.2000122070312,77.7088061,12.9808685
1766330700056912600,161.34491259765625,38.98456954956055,1.4523383378982544,8.414196968078613,15.909000396728516,2.73050594329834,343.74761962890625,829.2000122070312,77.7088179,12.980812
1766330701056454700,162.34445458984376,50.115360260009766,0.9899294972419739,8.424192428588867,14.175999641418457,1.6480052471160889,334.7431945800781,829.2000122070312,77.7088184,12.9807625
1766330702057180000,163.34517993164062,80.60972595214844,2.2367403507232666,8.434200286865234,20.736000061035156,1.50141179561615,342.3420104980469,829.2000122070312,77.7088157,12.980783
1766330703056489700,164.34448974609376,85.8456039428711,2.586200475692749,8.444192886352539,24.924999237060547,1.4213038682937622,348.2575378417969,829.2000122070312,77.7088156,12.9808039
1766330704056335600,165.34433569335937,89.13127136230469,2.975846290588379,6.816268444061279,27.527999877929688,1.3776719570159912,351.8512878417969,841.0999755859375,77.7088167,12.9808253
1766330705056907300,166.3449072265625,89.13127136230469,3.1653237342834473,6.8262739181518555,31.16200065612793,1.2847089767456055,355.0892028808594,841.0999755859375,77.7088154,12.9808419
1766330706056534800,167.34453466796876,84.02013397216797,2.630377769470215,6.836270332336426,37.750999450683594,1.2571911811828613,352.80169677734375,841.0999755859375,77.7088173,12.9808647
1766330707056336100,168.3443361816406,84.02013397216797,2.8428661823272705,6.846268177032471,35.959999084472656,1.0358381271362305,354.1169128417969,841.0999755859375,77.7088187,12.9808731
1766330708056866300,169.3448662109375,84.02013397216797,2.454169273376465,6.856273651123047,31.573999404907227,0.9203171730041504,351.7832946777344,841.0999755859375,77.708818,12.9808797
1766330709056638000,170.34463793945312,84.02013397216797,2.7762951850891113,6.866271495819092,28.700000762939453,0.8537876009941101,350.20416259765625,841.0999755859375,77.7088163,12.9808857
1766330710056224500,171.344224609375,84.02013397216797,3.105757474899292,16.625505447387695,28.610000610351562,0.7968875765800476,349.390380859375,841.0999755859375,77.7088144,12.9808907
1766330711056912000,172.34491186523437,62.634883880615234,2.0550644397735596,16.635513305664062,24.83799934387207,0.8932777643203735,11.107993125915527,841.0999755859375,77.7088254,12.9808964
1766330712056702200,173.3447021484375,71.4293212890625,2.4307470321655273,16.645511627197266,23.39900016784668,0.9942968487739563,22.816255569458008,841.0999755859375,77.7088394,12.9809033
1766330713056455700,174.34445556640625,75.82563018798828,2.7478296756744385,16.655508041381836,22.969999313354492,1.0781012773513794,30.583755493164062,841.0999755859375,77.7088543,12.9809108
1766330714057193200,175.34519311523437,75.82563018798828,2.489000082015991,16.665515899658203,21.195999145507812,0.8721711039543152,35.026702880859375,841.0999755859375,77.7088629,12.9809129
1766330715056587500,176.34458740234376,75.82563018798828,1.9542760848999023,7.116172790527344,18.56599998474121,0.5096572041511536,36.51478576660156,841.0999755859375,77.7088571,12.9809093
1766330716056339200,177.3443391113281,77.45426177978516,2.223301887512207,7.1261701583862305,18.03499984741211,0.11680538207292557,338.0608215332031,841.0999755859375,77.7088368,12.9809039
1766330717056888600,178.344888671875,77.45426177978516,2.4563097953796387,7.136175632476807,17.201000213623047,0.18176089227199554,258.04278564453125,841.0999755859375,77.7088156,12.9808987
1766330717768000000,179.056,45,1.5,7.136175632476807,21.783000946044922,0.18978534638881683,258.3666076660156,841.0999755859375,77.7088123,12.9808979
1766330721057127200,182.3451271972656,0,3.3503808975219727,7.176177978515625,27.450000762939453,0.07625560462474823,0,841.0999755859375,77.7087844,12.9808893
1766330722056213200,183.34421313476562,89.4527359008789,3.592515468597412,7.186169147491455,26.93400001525879,0.675883412361145,96.22367858886719,841.0999755859375,77.7087734,12.9808842
1766330723056878800,184.34487890625,89.4527359008789,3.6755521297454834,7.196175575256348,25.104999542236328,0.5502910017967224,94.94908905029297,841.0999755859375,77.7087703,12.980881
1766330724056473000,185.34447314453126,89.4527359008789,3.8971810340881348,7.20617151260376,26.756999969482422,0.5317049622535706,95.08012390136719,841.0999755859375,77.7087684,12.9808792
1766330725056712400,186.34471240234376,87.98897552490234,3.1877832412719727,7.216174125671387,26.704999923706055,0.8422595262527466,174.63674926757812,841.0999755859375,77.7087551,12.9808651
1766330726056490500,187.34449047851564,87.98897552490234,3.148037910461426,7.116591930389404,25.972000122070312,0.5613916516304016,176.35269165039062,841.0999755859375,77.7087369,12.9808477
1766330727056329700,188.34432983398438,87.98897552490234,3.403310775756836,7.126590251922607,27.0049991607666,0.5308791399002075,176.09002685546875,841.0999755859375,77.7087261,12.9808382
1766330728056391000,189.34439086914062,90.77806091308594,3.6418070793151855,7.136590957641602,27.56999969482422,0.5269377827644348,164.564453125,841.0999755859375,77.7087198,12.9808306
1766330729056639500,190.34463940429688,90.77806091308594,3.775080919265747,7.14659309387207,27.55299949645996,0.45551198720932007,164.51332092285156,841.0999755859375,77.7087161,12.9808245
1766330730056259000,191.34425903320312,75.5898666381836,2.2463507652282715,7.156589508056641,26.224000930786133,1.103289008140564,120.3042984008789,841.0999755859375,77.708737,12.9808217
1766330731056862500,192.34486254882813,81.76576232910156,2.110999584197998,7.166595458984375,24.867000579833984,0.8867934346199036,123.49385070800781,841.0999755859375,77.7087757,12.9808159
1766330732056510000,193.34451000976563,77.18618774414062,2.3293616771698,7.176591873168945,23.05900001525879,1.126645565032959,135.23898315429688,841.0999755859375,77.7088055,12.9808061
1766330733056365800,194.34436572265625,81.53740692138672,2.497105598449707,7.186590671539307,22.424999237060547,1.0490416288375854,136.77749633789062,841.0999755859375,77.7088294,12.9807944
1766330734057089800,195.34508984375,81.55227661132812,2.497105598449707,7.196597576141357,18.711999893188477,1.043243408203125,135.97564697265625,841.0999755859375,77.7088482,12.9807838
1766330735056293000,196.34429321289062,76.00890350341797,2.6354570388793945,7.206589698791504,19.26799964904785,0.5414797067642212,130.06930541992188,841.0999755859375,77.7088616,12.9807784
1766330736056821500,197.34482153320312,76.00890350341797,2.800560235977173,7.21659517288208,20.232999801635742,0.5123177766799927,129.9053955078125,841.0999755859375,77.7088677,12.9807775
1766330737056828000,198.34482788085938,76.00890350341797,3.2076401710510254,7.226594924926758,23.39699935913086,0.5100972652435303,129.9383087158203,841.0999755859375,77.708872,12.9807767
1766330738056493600,199.34449365234374,76.00890350341797,3.397198438644409,7.236591815948486,25.958999633789062,0.37288805842399597,129.65623474121094,841.0999755859375,77.708875,12.9807766
1766330739056702500,200.3447023925781,76.00890350341797,3.63619327545166,7.246593952178955,27.68899917602539,0.3606492280960083,129.89088439941406,841.0999755859375,77.7088769,12.9807769
1766330740056950300,201.3449501953125,52.55521774291992,3.045936346054077,7.256596565246582,30.861000061035156,2.8978679180145264,325.0157165527344,841.0999755859375,77.7088269,12.9808447
1766330741056296400,202.34429638671875,38.91868591308594,2.862576723098755,7.266589641571045,30.540000915527344,4.488613605499268,330.415283203125,841.0999755859375,77.7087639,12.980965
1766330742057139000,203.34513891601563,16.431547164916992,2.1217188835144043,7.2765984535217285,29.976999282836914,6.706943511962891,341.3790283203125,841.0999755859375,77.7086912,12.9811939
1766330743056713700,204.34471362304689,4.971896171569824,1.2166105508804321,7.286593914031982,25.39699935913086,9.4989652633667,343.4485778808594,841.0999755859375,77.7086397,12.9815307
1766330744056644600,205.34464453125,10.410360336303711,1.422890543937683,26.658987045288086,22.05699920654297,9.875717163085938,343.4804992675781,832.3999633789062,77.7086096,12.9816073
1766330745057098200,206.34509814453125,1.0194523334503174,0.9737934470176697,26.668991088867188,13.472000122070312,11.491931915283203,342.97833251953125,832.3999633789062,77.7085667,12.9816979
1766330746056175000,207.34417504882813,0.1761825829744339,0.93513423204422,26.67898178100586,11.857999801635742,12.427265167236328,343.29119873046875,832.3999633789062,77.7085274,12.981798
1766330747057180700,208.3451806640625,0.16633638739585876,0.9354322552680969,26.688993453979492,5.193999767303467,13.184228897094727,343.4489440917969,832.3999633789062,77.7084947,12.9819141
1766330748057083100,209.34508325195313,0.42835602164268494,0.9435319900512695,3.2741053104400635,4.120999813079834,13.81911849975586,344.4338684082031,821.2615966796875,77.7084635,12.9820279
1766330749057186600,210.3451865234375,0.3298211693763733,0.9428644180297852,2.9361672401428223,3.806999921798706,14.383647918701172,345.51788330078125,822.1363525390625,77.7084284,12.9821497
1766330750056501000,211.3445009765625,0.1984308362007141,0.9396435022354126,2.69619083404541,3.803999900817871,14.927154541015625,346.5889587402344,822.1861572265625,77.7084001,12.9822834
1766330751056436200,212.34443627929687,0.4402793347835541,0.9455196261405945,2.625985622406006,3.7899999618530273,15.452888488769531,348.57379150390625,822.3564453125,77.7083722,12.9824304
1766330752056257300,213.34425732421874,0.20821693539619446,0.9423138499259949,2.5019848346710205,3.7899999618530273,15.992901802062988,349.6977844238281,822.56494140625,77.7083466,12.9825784
1766330753056215800,214.3442158203125,0.1500980705022812,0.9376750588417053,2.5,3.7899999618530273,16.465124130249023,350.76641845703125,821.730224609375,77.7083214,12.9827299
1766330754056269000,215.34426904296876,0.18530769646167755,0.9374839663505554,2.5,3.7899999618530273,16.91484260559082,352.79241943359375,821.55810546875,77.7083004,12.9828831
1766330755056926500,216.34492651367188,0.119684137403965,0.9358678460121155,2.5,3.7899999618530273,17.351423263549805,353.8642272949219,821.366455078125,77.7082863,12.9830426
1766330756056711400,217.34471142578124,0.21020011603832245,0.9367170929908752,2.5,3.7899999618530273,17.733530044555664,355.9010009765625,821.1043701171875,77.7082753,12.9832055
1766330757056791800,218.34479174804687,0.16445954144001007,0.9346237182617188,2.5,3.7899999618530273,17.959735870361328,356.9619445800781,821.2193603515625,77.7082671,12.9833712
1766330758056707300,219.34470727539062,0.17496925592422485,0.9368970394134521,2.5,3.7899999618530273,18.084543228149414,357.9819030761719,821.726806640625,77.7082636,12.9835344
1766330759056487400,220.3444873046875,0.32185307145118713,0.9437282681465149,2.5,3.7899999618530273,18.031402587890625,358.9853210449219,822.2332763671875,77.7082644,12.9836946
1766330760056347100,221.34434716796875,0.15845471620559692,0.9383128881454468,2.5,3.7899999618530273,18.049890518188477,358.99884033203125,822.719970703125,77.7082662,12.9838535
1766330761056918300,222.34491821289063,0.16405458748340607,0.9356311559677124,2.5,3.7899999618530273,18.006694793701172,359.00146484375,823.95947265625,77.7082655,12.9840119
1766330762056597000,223.34459692382814,0.26768767833709717,0.9405713677406311,2.5,3.7899999618530273,17.955772399902344,359.001953125,823.616455078125,77.7082638,12.9841713
1766330763056496000,224.34449609375,0.17475827038288116,0.9325098991394043,2.5,3.7899999618530273,17.907142639160156,359.0014953613281,824.80517578125,77.7082619,12.9843266
1766330764056494300,225.34449438476562,0.10771937668323517,0.9374119639396667,2.5,5.019000053405762,17.923376083374023,358.99908447265625,825.46826171875,77.7082596,12.9844854
1766330765057068300,226.345068359375,0.1186215877532959,0.9312439560890198,2.5,6.248000144958496,17.946176528930664,359.99786376953125,825.2813720703125,77.7082575,12.9846439
1766330766056927000,227.34492700195312,0.25553229451179504,0.9398653507232666,2.5,7.4770002365112305,17.977493286132812,0.9908587336540222,825.6669921875,77.7082602,12.9848055
1766330767056480300,228.34448022460938,0.2675660252571106,0.9390169978141785,2.5,7.886000156402588,17.961326599121094,2.9660134315490723,825.568359375,77.7082677,12.984969
1766330768056501800,229.34450170898438,0.12046261876821518,0.9341750144958496,2.5,9.9350004196167,18.028060913085938,5.9467267990112305,825.6907958984375,77.7082854,12.9851344
1766330769056500200,230.34450024414062,0.19368517398834229,0.9330510497093201,2.5,9.9350004196167,18.044755935668945,7.917669296264648,826.104248046875,77.7083106,12.9852985
1766330770056491800,231.34449169921874,0.3588618040084839,0.9375173449516296,2.5,9.9350004196167,18.06071662902832,10.752885818481445,825.6112060546875,77.7083441,12.9854639
1766330771056626700,232.34462670898438,0.21411298215389252,0.9343307614326477,2.5,9.9350004196167,18.0076904296875,13.642049789428711,825.7655029296875,77.7083855,12.9856234
1766330772056499500,233.34449951171874,0.7479297518730164,0.9987389445304871,2.5,9.9350004196167,17.9984073638916,15.559998512268066,826.14892578125,77.7084336,12.9857789
1766330773056471300,234.34447119140626,5.0682220458984375,1.3964999914169312,2.5,9.9350004196167,17.884872436523438,15.946338653564453,825.982666015625,77.7084857,12.9859321
1766330774056905200,235.3449052734375,0.5191633105278015,0.9489959478378296,2.60567569732666,9.9350004196167,17.897598266601562,21.116283416748047,826.666015625,77.7085473,12.9860768
1766330775056826000,236.344826171875,3.8661551475524902,1.0450594425201416,2.8613293170928955,9.9350004196167,17.63360023498535,22.28699493408203,827.016845703125,77.7086141,12.9862212
1766330776056679400,237.34467944335938,1.6047452688217163,0.4336072504520416,2.8285231590270996,9.9350004196167,17.408611297607422,25.400375366210938,826.5712890625,77.7086838,12.9863621
1766330777056476000,238.34447583007812,3.6018247604370117,0.9241783618927002,3.09126877784729,9.944999694824219,16.98624610900879,27.457040786743164,826.892333984375,77.7087584,12.9864963
1766330778056408600,239.34440869140624,3.8468260765075684,0.9469766616821289,3.190392255783081,9.944999694824219,16.41128921508789,25.81216812133789,826.5164794921875,77.7088252,12.9866268
1766330779057144300,240.34514428710938,1.361279010772705,0.33447912335395813,3.2878458499908447,9.946999549865723,15.856714248657227,26.885114669799805,826.840576171875,77.7088924,12.9867546
1766330780057001200,241.34500122070312,0.5816881656646729,0.13972201943397522,3.3504531383514404,9.946999549865723,15.441645622253418,26.99856948852539,827.078857421875,77.7089573,12.986879
1766330781056896800,242.34489672851564,2.3262031078338623,1.112870216369629,3.3847055435180664,9.946999549865723,15.39825439453125,27.46880531311035,827.499267578125,77.7090221,12.9869982
1766330782057194000,243.34519409179688,0.3096705973148346,0.9936849474906921,3.323725700378418,9.9350004196167,15.462076187133789,29.35403823852539,826.428955078125,77.7090957,12.9871202
1766330783056251400,244.34425146484375,0.17265023291110992,0.9409672021865845,3.129220962524414,9.9350004196167,15.422403335571289,31.970176696777344,826.01953125,77.7091734,12.9872368
1766330784056487400,245.3444873046875,0.12930582463741302,0.9440954923629761,2.9576637744903564,9.9350004196167,15.418177604675293,34.79286193847656,825.867919921875,77.7092568,12.987349
1766330785056498200,246.3444982910156,0.28164955973625183,0.9795665740966797,2.7154784202575684,9.9350004196167,15.387479782104492,38.269287109375,825.611572265625,77.7093461,12.9874573
1766330786056486700,247.34448657226562,3.010897159576416,0.7239993214607239,2.8299996852874756,9.9350004196167,15.44243049621582,40.570587158203125,825.861572265625,77.7094418,12.9875627
1766330787057203500,248.34520336914062,3.5950329303741455,0.915323793888092,2.922614336013794,9.9350004196167,15.335183143615723,43.47662353515625,824.9697265625,77.7095482,12.9876626
1766330788056442400,249.3444423828125,1.4462226629257202,0.3415687084197998,2.9563183784484863,9.9350004196167,15.201600074768066,48.4103889465332,825.2659912109375,77.7096576,12.9877571
1766330789057048800,250.345048828125,1.2157217264175415,0.29393675923347473,2.9369282722473145,9.9350004196167,15.507017135620117,54.26374816894531,824.070556640625,77.7097739,12.9878422
1766330790057142300,251.34514233398437,2.6522414684295654,0.6271073222160339,2.914637804031372,9.9350004196167,15.342931747436523,55.32066345214844,824.284423828125,77.7098928,12.987919
1766330791056487000,252.34448681640626,1.9875162839889526,0.46927544474601746,2.729038953781128,9.9350004196167,15.232451438903809,57.41367721557617,825.43115234375,77.7100143,12.9879953
1766330792056717000,253.34471704101563,0.7445706725120544,0.1726577877998352,2.6925859451293945,9.9350004196167,14.913049697875977,58.934417724609375,825.20068359375,77.7101355,12.9880677
1766330793056373000,254.344373046875,0.9119110703468323,0.21847620606422424,2.500822067260742,9.9350004196167,15.365538597106934,59.92725372314453,824.6754150390625,77.7102585,12.9881389
1766330794056670000,255.344669921875,0.9900093674659729,0.9939447641372681,2.5,9.9350004196167,15.010041236877441,59.5957145690918,824.15380859375,77.7103811,12.9882093
1766330795056730600,256.3447307128906,0.573643147945404,1.176264762878418,2.5,9.9350004196167,14.694185256958008,59.41873550415039,823.50537109375,77.7104952,12.9882776
1766330796056910800,257.34491088867185,0.3143993318080902,0.9540731310844421,2.5,9.9350004196167,14.044934272766113,59.379241943359375,823.8802490234375,77.7106048,12.9883441
1766330797056372500,258.34437255859376,0.2007012814283371,0.9542272686958313,2.5,9.9350004196167,13.338337898254395,59.43412399291992,823.69287109375,77.7107097,12.9884063
1766330798056247600,259.34424755859374,0.3514857888221741,0.9539942741394043,2.5,9.9350004196167,12.580720901489258,59.49937438964844,822.746826171875,77.7108087,12.9884629
1766330799057050400,260.3450502929687,0.8424655795097351,0.9632856249809265,2.5,9.9350004196167,11.876544952392578,59.504180908203125,822.41015625,77.7109003,12.9885148
1766330800056861700,261.34486181640625,3.88584566116333,1.1190848350524902,2.5,9.9350004196167,11.337871551513672,59.33847427368164,822.5361328125,77.7109882,12.9885633
1766330801057134300,262.34513427734373,7.429949760437012,1.3858296871185303,2.5,9.9350004196167,10.97990608215332,59.51856231689453,822.6943359375,77.7110713,12.9886096
1766330802056915700,263.34491577148435,11.55528450012207,1.7458585500717163,2.8172407150268555,10.095000267028809,10.843493461608887,59.843257904052734,822.4527587890625,77.7111557,12.988655
1766330810069000000,271.357,45,1.5,2.8172407150268555,200,10.785888671875,59.952449798583984,822.4527587890625,77.7118381,12.9890348
1766330816057006800,277.3450068359375,90.07257843017578,3.078752279281616,27.378990173339844,50.33700180053711,2.885223865509033,64.38922882080078,832.3999633789062,77.7118809,12.9890294
1766330817056697300,278.344697265625,67.97640991210938,3.056201696395874,27.388988494873047,48.643001556396484,1.6092392206192017,86.7960433959961,832.3999633789062,77.7117437,12.9889381
1766330818056832500,279.3448325195312,91.8476333618164,3.180997371673584,20.300172805786133,45.62200164794922,1.1905810832977295,88.98128509521484,831.3999633789062,77.7116612,12.9888865
1766330819056490200,280.344490234375,90.02924346923828,3.14558744430542,20.310171127319336,43.44499969482422,0.8945643305778503,96.61036682128906,831.3999633789062,77.7116098,12.9888459
1766330820056711400,281.34471142578127,89.95641326904297,3.143795967102051,20.320173263549805,41.84700012207031,0.796830952167511,106.25215911865234,831.3999633789062,77.7115793,12.988815
1766330821056290600,282.34429052734373,89.95641326904297,2.675886631011963,20.330167770385742,39.44900131225586,0.5688093900680542,113.46495056152344,831.3999633789062,77.7115422,12.9887834
1766330822056460000,283.3444599609375,90.85417175292969,2.724879026412964,20.34016990661621,35.04800033569336,0.4043010473251343,113.51045227050781,831.3999633789062,77.7115129,12.9887628
1766330823057105000,284.34510498046876,90.85417175292969,2.5841879844665527,20.350175857543945,29.073999404907227,0.31062769889831543,115.53312683105469,831.3999633789062,77.7114927,12.9887515
1766330824056913200,285.3449130859375,90.85417175292969,2.233527421951294,20.36017417907715,25.13599967956543,0.21717406809329987,118.14594268798828,831.3999633789062,77.7114703,12.9887457
1766330825056856000,286.34485595703126,90.85417175292969,2.33073353767395,20.370174407958984,21.195999145507812,0.19325558841228485,121.3505859375,831.3999633789062,77.7114559,12.9887429
1766330826056878000,287.34487817382814,76.46790313720703,2.0470974445343018,20.38017463684082,18.378000259399414,0.3486308157444,73.7226791381836,831.3999633789062,77.7114481,12.9887485
1766330827056232000,288.34423193359373,61.32735824584961,1.807099461555481,20.390167236328125,17.200000762939453,0.6945655345916748,63.00122833251953,831.3999633789062,77.7114558,12.9887644
1766330828056413000,289.3444128417969,65.89730072021484,1.6124069690704346,20.400169372558594,14.932999610900879,0.7757307887077332,76.50013732910156,831.3999633789062,77.7114709,12.9887749
1766330829056482800,290.3444829101563,65.89730072021484,1.6370904445648193,20.41016960144043,12.788000106811523,0.6062968373298645,85.9344253540039,831.3999633789062,77.7114707,12.9887719
1766330830056615200,291.344615234375,82.33222961425781,2.010876417160034,20.4201717376709,11.369000434875488,0.6427783966064453,192.73789978027344,831.3999633789062,77.7114627,12.9887612
1766330831056911400,292.3449113769531,82.33222961425781,2.1807470321655273,4.278999328613281,9.244999885559082,0.3308444023132324,192.2466278076172,822.032470703125,77.7114687,12.9887599
1766330832056712400,293.34471240234376,82.33222961425781,2.1173858642578125,4.141153335571289,8.402999877929688,0.5246658325195312,193.2956085205078,821.966796875,77.7114784,12.9887616
1766330833057156600,294.3451564941406,82.33222961425781,1.7164710760116577,4.171139717102051,7.580999851226807,0.45274800062179565,192.9362335205078,824.431640625,77.711482,12.9887585
1766330834056721400,295.3447214355469,82.33222961425781,2.111745595932007,4.4744133949279785,7.251999855041504,0.24409645795822144,192.3103790283203,824.2265625,77.7114777,12.9887553
1766330835056893200,296.34489306640626,82.33222961425781,1.9588979482650757,4.437426567077637,6.9039998054504395,0.30679041147232056,193.11827087402344,824.3681640625,77.7114734,12.9887521
1766330836056827100,297.3448271484375,82.33222961425781,2.312100410461426,4.502527713775635,7.11299991607666,0.3932877480983734,193.19654846191406,824.329833984375,77.7114709,12.9887487
1766330837057152500,298.34515258789065,77.68264770507812,2.0290629863739014,4.564456939697266,7.315000057220459,0.818208634853363,131.2967987060547,824.58447265625,77.7114771,12.9887451
1766330838056226300,299.34422631835935,84.40755462646484,2.2810630798339844,5.109695911407471,7.790999889373779,0.8921336531639099,117.62934112548828,824.614990234375,77.7114887,12.9887415
1766330839056206800,300.3442067871094,84.40755462646484,2.339693546295166,5.5512261390686035,8.534000396728516,0.7977669835090637,116.85655212402344,824.330078125,77.7115,12.9887398
1766330840056922600,301.3449226074219,84.40755462646484,2.3857932090759277,6.0168657302856445,9.906000137329102,0.6046004295349121,116.57261657714844,824.430419921875,77.7115107,12.988738
1766330841057089300,302.34508935546876,84.40755462646484,2.647913694381714,6.510927677154541,11.281999588012695,0.5925601720809937,116.88581085205078,824.415771484375,77.711519,12.9887353
1766330842057153500,303.34515356445314,90.16793823242188,2.7440967559814453,37.83620071411133,13.022000312805176,0.7838433384895325,185.185791015625,838.7000122070312,77.7115231,12.9887292
1766330843056929300,304.34492919921877,92.05658721923828,3.0354597568511963,37.84619903564453,14.890999794006348,0.8440688848495483,186.0010223388672,838.7000122070312,77.7115228,12.9887195
1766330844057174000,305.34517407226565,83.39260864257812,3.101862907409668,37.856201171875,17.006000518798828,1.1727632284164429,210.67697143554688,838.7000122070312,77.7115191,12.9887084
1766330845057153300,306.3451533203125,83.15562438964844,3.3090596199035645,37.8661994934082,19.291000366210938,1.2255061864852905,210.08096313476562,838.7000122070312,77.7115118,12.9886964
1766330846056433400,307.3444333496094,86.41957092285156,3.417447328567505,37.87619400024414,20.30500030517578,1.1512707471847534,206.24720764160156,838.7000122070312,77.7115015,12.9886834
1766330847056448300,308.3444482421875,90.0308837890625,3.52335524559021,37.886192321777344,22.406999588012695,0.9811068773269653,218.37059020996094,838.7000122070312,77.7114894,12.988674
1766330848056355600,309.34435546875,92.39410400390625,3.8003273010253906,26.651634216308594,24.775999069213867,0.7489247918128967,216.1468048095703,844.2999877929688,77.7114772,12.9886712
1766330849056460300,310.3444602050781,86.4996566772461,3.561110258102417,26.661636352539062,26.33799934387207,1.0089386701583862,324.60760498046875,844.2999877929688,77.7114661,12.9886877
1766330850057000000,311.345,77.3397445678711,3.69254994392395,26.671640396118164,27.742000579833984,1.3881323337554932,332.3142395019531,844.2999877929688,77.7114563,12.9887208
1766330851057175600,312.34517553710936,84.55113983154297,3.787834882736206,26.681642532348633,29.538999557495117,1.1559927463531494,341.084228515625,844.2999877929688,77.7114523,12.9887517
1766330852056382200,313.34438232421877,87.21548461914062,3.92683482170105,26.691635131835938,29.7549991607666,1.0345616340637207,341.70538330078125,844.2999877929688,77.7114531,12.9887764
1766330853056506600,314.34450659179686,86.17810821533203,3.9857378005981445,26.701635360717773,30.086000442504883,1.063649296760559,341.3519592285156,844.2999877929688,77.7114551,12.9887978
1766330854056261000,315.34426123046876,30.015451431274414,2.066798686981201,26.711633682250977,27.45599937438965,7.431905269622803,66.5355224609375,844.2999877929688,77.7117404,12.9889359
1766330855056381000,316.344380859375,21.10880470275879,2.102161407470703,26.721633911132812,23.988000869750977,8.463387489318848,60.01445770263672,844.2999877929688,77.7119361,12.9890721
1766330856056437500,317.3444375,12.3268461227417,1.769818663597107,26.73163604736328,19.76799964904785,9.391876220703125,60.81461715698242,844.2999877929688,77.7120455,12.9891699
1766330857057034000,318.3450339355469,0.2869044542312622,0.9296844005584717,26.741641998291016,12.22700023651123,10.818119049072266,58.809513092041016,844.2999877929688,77.7121434,12.9892298
1766330858056987100,319.3449870605469,0.2904771566390991,0.9434724450111389,26.75164031982422,6.864999771118164,11.034627914428711,58.874046325683594,844.2999877929688,77.7122386,12.9892799
1766330859057092900,320.3450927734375,0.29926833510398865,0.949117124080658,11.211212158203125,4.76200008392334,11.083181381225586,58.93601608276367,838.2000122070312,77.7123264,12.9893361
1766330860056317000,321.34431689453123,0.28541281819343567,0.9480151534080505,11.221203804016113,4.599999904632568,11.068942070007324,58.9959602355957,838.2000122070312,77.712417,12.9893886
1766330861056482800,322.3444829101563,0.3250492811203003,0.946323573589325,11.231205940246582,3.7899999618530273,11.08206844329834,58.995094299316406,838.2000122070312,77.7125045,12.9894344
1766330862056616400,323.34461645507815,0.283778578042984,0.9444729685783386,11.241207122802734,3.7899999618530273,11.067716598510742,59.00949478149414,838.2000122070312,77.7125928,12.9894838
1766330863056703200,324.344703125,0.32041221857070923,0.9425334930419922,11.251208305358887,3.7899999618530273,11.050775527954102,59.01626205444336,838.2000122070312,77.7126824,12.9895352
1766330864056340200,325.34434033203127,0.32974639534950256,0.9406653046607971,11.26120376586914,3.7899999618530273,11.032470703125,59.0208625793457,838.2000122070312,77.7127728,12.9895865
1766330865056340700,326.3443408203125,0.291757732629776,0.9394190907478333,11.271203994750977,3.7899999618530273,11.071487426757812,58.985496520996094,838.2000122070312,77.7128616,12.9896391
1766330866056875000,327.344875,0.22468899190425873,0.93880695104599,11.281209945678711,3.7899999618530273,11.095584869384766,58.97915267944336,838.2000122070312,77.7129475,12.9896899
1766330867056495900,328.34449584960936,4.933145999908447,1.1907480955123901,11.291205406188965,3.7899999618530273,11.026986122131348,58.98347091674805,838.2000122070312,77.7130315,12.9897384
1766330868056351200,329.3443513183594,2.3642807006835938,1.0151976346969604,11.301204681396484,3.7899999618530273,11.054415702819824,58.98271560668945,838.2000122070312,77.7131192,12.9897901
1766330869056302600,330.3443024902344,1.1348023414611816,0.9532661437988281,11.311203956604004,3.7899999618530273,10.961540222167969,59.037235260009766,838.2000122070312,77.713202,12.989838
1766330870056326400,331.34432641601563,0.6424185037612915,0.9488577246665955,11.32120418548584,3.7899999618530273,11.005849838256836,58.26994705200195,838.2000122070312,77.7132888,12.9898882
1766330871056182000,332.34418212890625,0.3165763318538666,0.9405062794685364,11.331202507019043,3.7899999618530273,11.087368965148926,58.03858184814453,838.2000122070312,77.7133794,12.9899425
1766330872057230000,333.34522998046873,6.464468955993652,0.9972555637359619,11.34121322631836,3.7899999618530273,11.102334976196289,58.41679763793945,838.2000122070312,77.7134666,12.9899992
1766330873056645000,334.34464501953124,0.22507013380527496,0.9428106546401978,11.351207733154297,3.7899999618530273,11.087467193603516,53.661415100097656,838.2000122070312,77.7135525,12.9900621
1766330874056688600,335.3446887207031,0.2868099808692932,0.9436235427856445,11.361207962036133,3.7899999618530273,11.015493392944336,49.10978317260742,838.2000122070312,77.7136306,12.9901315
1766330875056332300,336.3443322753906,0.5094948410987854,0.9472779035568237,11.371204376220703,3.7899999618530273,10.929316520690918,44.97008514404297,838.2000122070312,77.7137034,12.990205
1766330876056188000,337.34418798828125,0.5124900341033936,0.9464125633239746,11.381202697753906,5.019000053405762,10.955451011657715,40.18462371826172,838.2000122070312,77.7137699,12.9902809
1766330877057139700,338.3451396484375,0.836881697177887,0.9533198475837708,11.391212463378906,5.8379998207092285,10.862059593200684,35.12068557739258,838.2000122070312,77.7138294,12.9903616
1766330878057174500,339.34517456054687,3.9187092781066895,1.124964714050293,11.401212692260742,7.4770002365112305,10.80689811706543,30.789045333862305,838.2000122070312,77.7138784,12.9904467
1766330879056282400,340.34428247070315,0.3329921364784241,0.9480202794075012,11.411203384399414,7.886000156402588,10.837742805480957,23.575618743896484,838.2000122070312,77.7139165,12.9905366
1766330880056183800,341.3441838378906,1.475850224494934,0.979292094707489,11.421202659606934,8.90999984741211,11.158214569091797,18.58636474609375,838.2000122070312,77.713948,12.9906349
1766330881056920600,342.34492065429686,1.9476593732833862,0.9971907138824463,11.4312105178833,9.9350004196167,10.977827072143555,13.292673110961914,838.2000122070312,77.7139691,12.9907344
1766330882056706300,343.3447062988281,0.5895896553993225,1.046915054321289,11.441207885742188,9.9350004196167,10.880696296691895,7.280631065368652,838.2000122070312,77.7139823,12.9908352
1766330883057123600,344.34512353515623,2.8836050033569336,1.054019570350647,11.451211929321289,9.9350004196167,10.85246753692627,3.6406188011169434,838.2000122070312,77.7139869,12.9909337
1766330884056630500,345.3446306152344,1.378921389579773,0.9724698662757874,11.461207389831543,9.9350004196167,11.058472633361816,358.4183349609375,838.2000122070312,77.7139841,12.9910357
1766330885056706600,346.34470654296877,5.126322269439697,1.347773790359497,11.471207618713379,9.9350004196167,11.20883846282959,355.8013916015625,838.2000122070312,77.7139754,12.9911436
1766330886056733000,347.34473291015627,1.0467666387557983,0.959366500377655,11.481207847595215,9.9350004196167,11.227787971496582,347.7774963378906,838.2000122070312,77.7139529,12.9912459
1766330887056766500,348.34476635742186,1.8032128810882568,0.9793494939804077,11.49120807647705,9.9350004196167,11.147002220153809,342.72119140625,838.2000122070312,77.7139198,12.9913416
1766330888056846600,349.3448466796875,1.7000423669815063,0.980339527130127,11.501209259033203,9.9350004196167,10.978913307189941,338.5960388183594,838.2000122070312,77.7138812,12.9914351
1766330889056186600,350.3441865234375,0.48597896099090576,0.953812837600708,11.511202812194824,9.9350004196167,11.007950782775879,333.58001708984375,838.2000122070312,77.7138334,12.9915196
1766330890057108200,351.3451081542969,1.373575210571289,0.9649432301521301,11.521211624145508,9.9350004196167,10.911270141601562,329.11151123046875,838.2000122070312,77.7137781,12.9916013
1766330891056531500,352.3445314941406,1.3927994966506958,0.9708206653594971,11.531206130981445,9.9350004196167,10.90664005279541,323.7143859863281,838.2000122070312,77.7137161,12.9916785
1766330892056124700,353.34412475585935,0.526189386844635,0.9444899559020996,11.541202545166016,9.9350004196167,10.93850040435791,319.09844970703125,838.2000122070312,77.7136452,12.991751
1766330893056177000,354.34417700195314,2.279801845550537,1.0101107358932495,11.551202774047852,9.9350004196167,10.798766136169434,314.7420959472656,838.2000122070312,77.713569,12.9918174
1766330894056925400,355.34492553710936,5.708169460296631,0.9969453811645508,11.561209678649902,9.9350004196167,10.813313484191895,310.96710205078125,838.2000122070312,77.7134862,12.9918766
1766330895056524800,356.3445249023438,1.1061878204345703,0.9581699967384338,11.571206092834473,9.9350004196167,10.696866035461426,303.4959411621094,838.2000122070312,77.7133991,12.9919279
1766330896056732200,357.3447321777344,0.9371799826622009,0.9533584117889404,11.581208229064941,9.9350004196167,10.887652397155762,298.7647705078125,838.2000122070312,77.7133063,12.9919745
1766330897056664300,358.34466430664065,0.7590325474739075,0.9456858038902283,11.591207504272461,9.9350004196167,10.810302734375,294.2025451660156,838.2000122070312,77.713212,12.9920168
1766330898056801500,359.3448015136719,0.5756809711456299,0.9398985505104065,11.601208686828613,9.9350004196167,10.832189559936523,291.62200927734375,838.2000122070312,77.7131142,12.9920558
1766330899056602400,360.34460229492186,0.2280726432800293,0.9334314465522766,11.611207008361816,9.9350004196167,10.873786926269531,289.45318603515625,838.2000122070312,77.7130184,12.9920914
1766330900057042200,361.34504223632814,2.195338726043701,0.9864392280578613,11.621211051940918,9.9350004196167,10.919404983520508,289.1513977050781,838.2000122070312,77.7129212,12.9921235
1766330901057114000,362.3451140136719,1.3847475051879883,0.9546067118644714,11.63121223449707,9.9350004196167,10.967144966125488,289.0606689453125,838.2000122070312,77.7128239,12.9921571
1766330902056509700,363.344509765625,0.19932205975055695,0.9311379194259644,11.641205787658691,9.9350004196167,11.00537109375,289.0386657714844,838.2000122070312,77.7127277,12.9921899
1766330903056918800,364.3449187011719,0.2844211161136627,0.9320026636123657,11.651209831237793,9.9350004196167,11.051246643066406,289.0404357910156,838.2000122070312,77.7126305,12.9922227
1766330904056440800,365.34444091796877,0.208915576338768,0.9344066977500916,11.661205291748047,9.9350004196167,11.087644577026367,289.0326232910156,838.2000122070312,77.7125323,12.9922567
1766330905056619300,366.3446193847656,2.9482908248901367,1.0647424459457397,11.671207427978516,9.9350004196167,11.169010162353516,289.03948974609375,838.2000122070312,77.7124325,12.9922913
1766330906056313600,367.3443137207031,4.765695571899414,1.0732965469360352,11.681203842163086,9.9350004196167,11.33022689819336,288.51055908203125,838.2000122070312,77.7123312,12.9923261
1766330907056899000,368.34489916992186,2.308676242828369,0.3904080092906952,11.69120979309082,9.9350004196167,10.942632675170898,288.0988464355469,838.2000122070312,77.7122335,12.9923588
1766330908056453000,369.344453125,0.8880141377449036,0.15567868947982788,11.701205253601074,9.9350004196167,11.250085830688477,288.0013122558594,838.2000122070312,77.7121364,12.9923927
1766330909056626200,370.3446262207031,0.5289616584777832,0.09378112107515335,11.711207389831543,9.9350004196167,11.3782320022583,287.9995422363281,838.2000122070312,77.7120367,12.9924276
1766330910056179200,371.34417919921873,3.202517509460449,0.5553016066551208,11.721202850341797,9.9350004196167,11.245781898498535,288.0125427246094,838.2000122070312,77.7119363,12.9924599
1766330911056883700,372.3448837890625,2.8787741661071777,0.5982759594917297,11.731209754943848,9.9350004196167,12.752226829528809,286.4967346191406,838.2000122070312,77.7118233,12.9924925
1766330912056509200,373.3445092773438,0.9275658130645752,0.19951023161411285,11.741206169128418,9.9350004196167,13.773911476135254,285.0614013671875,838.2000122070312,77.7117014,12.9925273
1766330913056916700,374.3449167480469,1.0763208866119385,0.23997598886489868,11.75121021270752,9.9350004196167,14.286198616027832,284.0877380371094,838.2000122070312,77.7115741,12.9925606
1766330914056502500,375.34450244140623,0.574246883392334,0.9806621074676514,11.761205673217773,9.9350004196167,14.414837837219238,284.13494873046875,838.2000122070312,77.7114434,12.9925939
1766330915056439000,376.34443896484373,0.29468005895614624,0.9371016025543213,11.771204948425293,9.9350004196167,14.616565704345703,282.29498291015625,838.2000122070312,77.7113106,12.9926247
1766330916056795100,377.3447951660156,0.3015977442264557,0.9372611045837402,11.781208992004395,9.9350004196167,14.909296035766602,281.23297119140625,838.2000122070312,77.7111726,12.9926529
1766330917056927000,378.3449270019531,0.24728187918663025,0.9387818574905396,11.791210174560547,9.9350004196167,15.230783462524414,280.21417236328125,838.2000122070312,77.7110319,12.9926786
1766330918056917800,379.3449177246094,4.530880928039551,1.2945916652679443,11.801210403442383,9.9350004196167,15.353761672973633,280.1268005371094,838.2000122070312,77.7108901,12.9927032
1766330919056929000,380.3449289550781,1.0439019203186035,1.1947290897369385,11.811209678649902,9.9350004196167,15.461811065673828,278.26971435546875,838.2000122070312,77.7107482,12.9927224
1766330920056327200,381.3443271484375,0.2070593386888504,0.9694967269897461,11.82120418548584,9.9350004196167,15.824474334716797,277.144287109375,838.2000122070312,77.7106021,12.9927377
1766330921056610800,382.34461083984377,0.25704675912857056,0.9466592073440552,11.831207275390625,9.9350004196167,16.112146377563477,276.1060485839844,838.2000122070312,77.7104484,12.9927517
1766330922056450000,383.3444499511719,0.3137524127960205,0.9464630484580994,11.841205596923828,9.9350004196167,16.346641540527344,275.0806579589844,838.2000122070312,77.7102927,12.9927638
1766330923056327700,384.34432763671873,1.084231972694397,0.9897017478942871,11.851203918457031,9.9350004196167,16.53700065612793,274.1764831542969,838.2000122070312,77.7101384,12.9927744
1766330924056328400,385.3443283691406,1.1550415754318237,0.9882973432540894,11.861204147338867,9.9350004196167,16.81296730041504,272.3209533691406,838.2000122070312,77.7099803,12.9927826
1766330925057112600,386.3451125488281,0.1719590723514557,0.9427165389060974,11.871212005615234,9.9350004196167,16.91606330871582,271.0099792480469,838.2000122070312,77.7098223,12.9927855
1766330926056183800,387.3441838378906,0.5976616144180298,0.9504947066307068,11.881202697753906,9.9350004196167,17.059162139892578,271.0062561035156,838.2000122070312,77.7096639,12.992788
1766330927056500500,388.34450048828126,0.16924968361854553,0.94061678647995,11.891205787658691,9.9350004196167,17.19600486755371,271.0060119628906,838.2000122070312,77.7095042,12.9927906
1766330928056878800,389.34487890625,0.23385761678218842,0.9453637003898621,11.901209831237793,9.9350004196167,17.3231258392334,271.0055236816406,838.2000122070312,77.7093425,12.9927937
1766330929056280300,390.3442802734375,0.14364823698997498,0.937185525894165,11.911203384399414,9.9350004196167,17.44263458251953,271.0049743652344,838.2000122070312,77.7091783,12.992797
1766330930056294000,391.3442939453125,0.16905853152275085,0.9374942183494568,11.92120361328125,9.9350004196167,17.583890914916992,271.0059814453125,838.2000122070312,77.709014,12.9928013
1766330931056829700,392.34482958984376,0.4727306663990021,0.9440978169441223,11.931209564208984,9.9350004196167,17.745845794677734,271.00665283203125,838.2000122070312,77.7088484,12.9928061
1766330932057046800,393.345046875,0.13270588219165802,0.9365208148956299,11.941211700439453,9.9350004196167,17.85653305053711,271.0046691894531,838.2000122070312,77.7086825,12.9928114
1766330933056341500,394.34434155273436,0.13766127824783325,0.935085117816925,11.951204299926758,9.9350004196167,17.971860885620117,271.0048828125,838.2000122070312,77.7085166,12.9928168
1766330934056821500,395.3448215332031,0.18080514669418335,0.9401293396949768,11.961209297180176,9.9350004196167,17.937807083129883,270.9985046386719,838.2000122070312,77.7083497,12.9928213
1766330935056327400,396.3443273925781,0.17115089297294617,0.9359546899795532,11.971203804016113,9.9350004196167,17.80881690979004,270.9945068359375,838.2000122070312,77.7081854,12.9928259
1766330936056333800,397.3443337402344,0.1859763115644455,0.9354763031005859,11.98120403289795,9.9350004196167,17.661985397338867,270.99371337890625,838.2000122070312,77.7080227,12.9928306
1766330937056763400,398.3447634277344,0.1373654156923294,0.9331338405609131,11.99120807647705,9.9350004196167,17.51266860961914,270.99359130859375,838.2000122070312,77.707862,12.992835
1766330938056831200,399.3448312988281,0.1366930902004242,0.9317042231559753,12.001209259033203,9.9350004196167,17.362022399902344,270.9935607910156,838.2000122070312,77.7077038,12.9928391
1766330939056846800,400.34484692382813,0.17511340975761414,0.9327541589736938,12.011209487915039,9.9350004196167,17.244524002075195,271.98321533203125,838.2000122070312,77.7075455,12.9928442
1766330940056904000,401.34490405273436,0.19534912705421448,0.9332428574562073,12.021209716796875,9.9350004196167,17.121910095214844,271.98931884765625,838.2000122070312,77.7073888,12.9928531
1766330941056781000,402.3447810058594,0.2758520543575287,0.9372639656066895,12.031208992004395,9.9350004196167,16.99066734313965,271.98834228515625,838.2000122070312,77.7072323,12.9928608
1766330942056809000,403.34480908203125,0.18150337040424347,0.9336978793144226,12.04120922088623,9.9350004196167,16.670412063598633,271.9714660644531,838.2000122070312,77.7070814,12.9928682
1766330943056777500,404.34477758789063,0.16568247973918915,0.9338846802711487,12.05120849609375,9.9350004196167,16.29473876953125,271.9653015136719,838.2000122070312,77.7069327,12.9928741
1766330944056921600,405.3449216308594,0.1739092320203781,0.932300865650177,12.061209678649902,9.9350004196167,15.915624618530273,271.9643249511719,838.2000122070312,77.7067882,12.9928829
1766330945056802800,406.344802734375,0.224185511469841,0.9346581697463989,12.071208953857422,9.9350004196167,15.592488288879395,271.9691467285156,838.2000122070312,77.7066484,12.9928897
1766330946056813000,407.34481298828126,0.18810062110424042,0.9320630431175232,2.5,9.9350004196167,15.384671211242676,271.97998046875,826.122802734375,77.7065092,12.9928971
1766330947056673000,408.3446730957031,0.19326646625995636,0.9340371489524841,2.5,9.9350004196167,15.289787292480469,271.9908752441406,826.169677734375,77.7063704,12.9929033
1766330948056623600,409.34462353515624,0.18834534287452698,0.9342699646949768,2.5,9.9350004196167,15.277381896972656,271.9989929199219,826.46337890625,77.7062312,12.9929085
1766330949057075000,410.34507495117185,0.17714878916740417,0.9373476505279541,2.5,9.9350004196167,15.290116310119629,272.00128173828125,827.1705322265625,77.7060901,12.9929146
1766330950056174800,411.3441748046875,0.1975444257259369,0.9375861287117004,2.5,9.9350004196167,15.290493965148926,271.99993896484375,828.0062255859375,77.7059485,12.9929217
1766330951056940000,412.34493994140627,1.1785088777542114,0.9649995565414429,2.5,9.9350004196167,15.27290153503418,271.99884033203125,828.40625,77.7058084,12.9929271
1766330952056921000,413.34492114257813,1.51960289478302,1.0041286945343018,2.5,9.9350004196167,15.211908340454102,271.99609375,828.760986328125,77.7056688,12.9929344
1766330953057202400,414.34520239257813,0.49523070454597473,0.9506233334541321,2.5,9.9350004196167,15.112717628479004,272.9599914550781,829.398193359375,77.7055299,12.9929444
1766330954056231000,415.34423095703124,0.2674565613269806,0.9634217023849487,2.5,9.9350004196167,15.039521217346191,273.96734619140625,829.596923828125,77.7053923,12.992956
1766330955056187400,416.3441875,0.3820243179798126,0.9586954116821289,2.5,9.9350004196167,14.931995391845703,276.83587646484375,829.5858154296875,77.7052574,12.9929704
1766330956056920800,417.3449208984375,4.621968746185303,1.297701358795166,2.7154464721679688,9.9350004196167,14.80672836303711,277.53857421875,829.6710205078125,77.7051237,12.9929919
1766330957056924400,418.34492431640626,2.1409153938293457,1.030327558517456,2.9291789531707764,9.9350004196167,14.555696487426758,278.61444091796875,829.6639404296875,77.7049949,12.9930167
1766330958056994300,419.34499438476564,2.9915030002593994,1.075402855873108,3.1484463214874268,9.9350004196167,14.540019035339355,280.6257629394531,829.3975830078125,77.7048655,12.9930453
1766330959056908800,420.34490869140626,7.08513879776001,1.478554606437683,3.431948661804199,10.020999908447266,14.4862060546875,281.240966796875,829.15185546875,77.7047373,12.9930772
1766330960056504800,421.3445048828125,8.054627418518066,1.6265310049057007,3.4548285007476807,10.180999755859375,14.132991790771484,282.3644714355469,828.619140625,77.7046204,12.9931095
1766330961056505300,422.34450537109376,0.38063424825668335,0.9356410503387451,3.1199939250946045,10.15999984741211,13.040047645568848,284.3077392578125,828.0791015625,77.7045186,12.9931405
1766330962056498200,423.3444982910156,0.5957388877868652,0.9837605953216553,3.03021502494812,10.15999984741211,12.350478172302246,284.4648132324219,827.9476318359375,77.7044177,12.9931655
1766330963056476700,424.3444765625,5.808535575866699,1.0237557888031006,2.944958209991455,10.15999984741211,11.591830253601074,285.6382751464844,827.4111328125,77.7043219,12.9931925
1766330964056943400,425.344943359375,6.010545253753662,1.2428749799728394,3.1661527156829834,10.156999588012695,10.903060913085938,285.26165771484375,827.5274658203125,77.7042302,12.9932187
1766330965057160700,426.34516064453123,8.077314376831055,1.2613301277160645,3.404191255569458,10.123000144958496,10.54899787902832,284.15985107421875,826.944091796875,77.7041415,12.9932404
1766330966057055200,427.3450551757812,11.598747253417969,1.9199163913726807,3.67983341217041,10.411999702453613,10.591773986816406,283.87109375,827.0621337890625,77.7040471,12.9932623
1766330967056720000,428.3447199707031,14.735342979431152,2.4215028285980225,3.9784014225006104,11.038000106811523,10.593774795532227,283.6973876953125,827.013916015625,77.7039522,12.9932844
1766330975079000000,436.367,45,1.5,3.9784014225006104,100,10.507360458374023,283.76141357421875,827.013916015625,77.7032106,12.9934635
1766330977056343000,438.3443430175781,36.59103775024414,2.2799458503723145,41.661338806152344,12.604999542236328,5.94063138961792,284.0994567871094,770.76318359375,77.7033331,12.9934647
1766330978056916000,439.344916015625,33.19187927246094,2.0613973140716553,33.534217834472656,10.859000205993652,4.704680919647217,282.12017822265625,734.0390625,77.7033768,12.9934472
1766330979056859400,440.344859375,33.33127212524414,4.437734127044678,8.713189125061035,85.19999694824219,5.109921455383301,280.5077819824219,827.044921875,77.7033255,12.9934539
1766330980056940800,441.34494091796876,69.4975814819336,3.188337802886963,8.660472869873047,72.06300354003906,4.17230224609375,273.6322021484375,827.108642578125,77.7033001,12.9934415
1766330981057074200,442.34507421875,71.98558044433594,3.4418840408325195,8.59021282196045,68.6240005493164,3.5802202224731445,267.5904846191406,827.1141357421875,77.7032823,12.9934239
1766330982056870400,443.3448703613281,89.0827407836914,2.9030349254608154,8.139339447021484,62.98099899291992,2.7071287631988525,262.56744384765625,827.481689453125,77.7032949,12.9934021
1766330983056786200,444.3447861328125,91.91600799560547,3.2530157566070557,7.696354389190674,59.183998107910156,2.219074010848999,260.5941162109375,827.4915771484375,77.7033107,12.9933834
1766330984056377600,445.3443776855469,88.83601379394531,3.1228692531585693,7.336065769195557,55.66699981689453,1.7289620637893677,264.55731201171875,827.51123046875,77.7033483,12.9933657
1766330985056627700,446.34462768554687,89.06106567382812,2.9609720706939697,7.04080867767334,47.30699920654297,1.3417291641235352,257.9010009765625,827.640625,77.7033848,12.9933409
1766330986056470500,447.34447045898435,89.06106567382812,2.6291322708129883,7.159228801727295,42.641998291015625,0.9119318127632141,253.32772827148438,828.0029296875,77.7034308,12.9933307
1766330987057145600,448.3451455078125,89.06106567382812,2.7221388816833496,7.3216376304626465,35.584999084472656,0.5717560052871704,251.4265899658203,827.7679443359375,77.7034753,12.9933312
1766330988056331000,449.3443310546875,89.06106567382812,2.5891075134277344,7.362932205200195,33.96900177001953,0.3244709074497223,247.18612670898438,827.5498046875,77.7035212,12.9933382
1766330989055575800,450.3435759277344,89.06106567382812,2.896242141723633,7.534501075744629,31.340999603271484,0.20519602298736572,240.9103546142578,827.548828125,77.7035503,12.9933454
1766330990055920400,451.3439204101563,89.06106567382812,2.8845534324645996,7.687994003295898,29.527999877929688,0.18971997499465942,228.33775329589844,827.5709228515625,77.7035782,12.9933542
1766330991055609900,452.34360986328124,86.89935302734375,2.730177640914917,7.645269870758057,28.066999435424805,0.25903767347335815,285.43084716796875,827.114990234375,77.7035983,12.993367
1766330992056025900,453.3440258789062,86.89935302734375,2.5580735206604004,7.558191776275635,26.892000198364258,0.5344066619873047,300.7424621582031,827.467041015625,77.7036236,12.9933834
1766330993055927600,454.34392749023436,84.30282592773438,2.865286111831665,7.419411659240723,26.08799934387207,0.5824407935142517,290.89532470703125,827.213134765625,77.7036402,12.9933993
1766330994056175000,455.3441750488281,84.30282592773438,3.0528836250305176,7.1940598487854,25.660999298095703,0.4191553592681885,289.827392578125,827.2403564453125,77.7036515,12.9934121
1766330995055940600,456.3439406738281,45,2.8947105407714844,7.019548416137695,25.20800018310547,0.3448190689086914,295.9984436035156,827.21923828125,77.7036634,12.9934218
1766330996056084200,457.3440842285156,91.00406646728516,3.1210036277770996,6.908726215362549,25.19700050354004,0.6987143754959106,299.6316833496094,827.127685546875,77.7036655,12.9934318
1766330997055235000,458.3432351074219,79.80655670166016,3.2529070377349854,6.811142444610596,25.61199951171875,1.2972052097320557,300.5330810546875,826.816162109375,77.703657,12.9934449
1766330998056062700,459.3440627441406,79.80655670166016,2.6216020584106445,6.4821858406066895,25.474000930786133,0.7690595984458923,299.461669921875,826.757080078125,77.7036482,12.9934634
1766330999055467500,460.3434675292969,79.80655670166016,2.447145938873291,6.139708995819092,24.518999099731445,0.48657241463661194,299.6218566894531,827.624755859375,77.7036512,12.9934875
1766331000055445200,461.3434453125,79.80655670166016,2.5928447246551514,5.959367275238037,23.309999465942383,0.38648632168769836,299.7765808105469,827.572021484375,77.7036507,12.9934966
1766331001055224600,462.343224609375,79.80655670166016,2.783071994781494,5.715664863586426,22.191999435424805,0.30596035718917847,299.68475341796875,827.572509765625,77.7036493,12.9934997
1766331002055688400,463.3436884765625,79.80655670166016,2.9621877670288086,5.568602085113525,19.459999084472656,0.5762943625450134,300.5601806640625,827.65380859375,77.7036432,12.9934968
1766331003055253500,464.34325341796875,79.80655670166016,3.157604217529297,5.46702766418457,19.402999877929688,0.544334888458252,299.76513671875,827.581298828125,77.7036358,12.9934923
1766331004055391000,465.34339086914065,79.80655670166016,3.2499613761901855,5.316318511962891,18.791000366210938,0.43257397413253784,299.3536682128906,827.69873046875,77.7036301,12.9934885
1766331005055435000,466.34343505859374,79.80655670166016,3.1993000507354736,5.241449356079102,18.589000701904297,0.48651576042175293,299.8878479003906,827.6083984375,77.7036228,12.9934822
1766331006055824000,467.3438239746094,79.80655670166016,3.4521424770355225,5.176229000091553,18.93600082397461,0.4912824034690857,299.7451477050781,827.593505859375,77.7036158,12.9934765
1766331007055313000,468.34331298828124,79.80655670166016,3.687511444091797,5.096346855163574,19.381000518798828,0.4914516806602478,299.7195129394531,827.58740234375,77.7036097,12.9934713
1766331008056072200,469.344072265625,79.80655670166016,3.8573570251464844,5.234481334686279,20.673999786376953,0.4993147552013397,299.8135681152344,827.579833984375,77.7036047,12.9934668
1766331009055489300,470.3434892578125,95.30657958984375,4.012341022491455,5.360716819763184,22.264999389648438,0.4607574939727783,171.54295349121094,827.81689453125,77.703602,12.9934607
1766331010056150500,471.34415063476564,84.95037841796875,3.7783918380737305,5.302336692810059,23.570999145507812,0.978736937046051,85.3160629272461,827.198486328125,77.7036168,12.9934589
1766331011055728600,472.3437287597656,71.82979583740234,3.636629343032837,5.3972649574279785,23.62700080871582,1.922808289527893,129.24368286132812,826.60595703125,77.7036764,12.9934014
1766331012055585300,473.3435852050781,64.62434387207031,3.6054444313049316,5.456319808959961,24.781999588012695,2.400275468826294,147.8487091064453,826.6103515625,77.7037088,12.9933466
1766331013055826200,474.343826171875,65.17989349365234,3.776733636856079,5.407370567321777,24.809999465942383,2.4655749797821045,153.4953155517578,826.50439453125,77.703722,12.9933027
1766331014055475700,475.34347583007815,58.28864288330078,3.7838122844696045,5.367701053619385,24.98699951171875,2.912715435028076,160.29884338378906,826.5299072265625,77.7037252,12.9932621
1766331015056085000,476.3440849609375,59.240272521972656,3.9992873668670654,5.398650169372559,25.10300064086914,2.9847218990325928,161.1510772705078,826.5157470703125,77.7037255,12.9932242
1766331016056002800,477.3440029296875,59.240272521972656,3.098660707473755,5.373886585235596,24.81100082397461,0.5259642004966736,168.96067810058594,826.67822265625,77.7037178,12.9932273
1766331017056106200,478.3441062011719,59.240272521972656,3.2398996353149414,5.462929725646973,24.93400001525879,0.2815230190753937,161.7820281982422,826.669677734375,77.7037102,12.99325
1766331018055198500,479.3431984863281,59.240272521972656,3.4634690284729004,5.640963077545166,25.114999771118164,0.40844032168388367,159.22218322753906,826.66796875,77.7037039,12.9932704
1766331019056082700,480.34408276367185,59.240272521972656,3.6980342864990234,5.968577861785889,25.98200035095215,0.41700661182403564,159.92555236816406,826.659912109375,77.7036998,12.9932842
1766331020055310800,481.3433107910156,59.240272521972656,3.8160738945007324,6.546586036682129,27.19499969482422,0.4128183424472809,160.18946838378906,826.670166015625,77.7036956,12.9932938
1766331021055222000,482.34322192382814,59.240272521972656,4.02985143661499,7.163343906402588,29.099000930786133,0.4155547022819519,160.33676147460938,826.6722412109375,77.7036923,12.9932995
1766331022055589600,483.3435895996094,59.240272521972656,4.055655002593994,7.460407733917236,31.784000396728516,0.5831920504570007,159.3600311279297,826.809326171875,77.7036842,12.9933122
1766331023055403000,484.34340307617185,59.240272521972656,4.257131576538086,9.049971580505371,38.111000061035156,0.6046041250228882,160.20184326171875,826.807373046875,77.7036784,12.99332
1766331024055344400,485.34334448242186,59.240272521972656,4.449227809906006,10.798731803894043,42.50299835205078,0.6116911768913269,160.43826293945312,826.806640625,77.7036741,12.9933247
1766331025055220000,486.3432199707031,59.240272521972656,4.587767601013184,12.696760177612305,50.986000061035156,0.6156882643699646,160.56541442871094,826.799560546875,77.7036709,12.9933274
1766331026056166000,487.34416577148437,59.240272521972656,4.08893346786499,14.731815338134766,62.99300003051758,0.8045614957809448,160.1226348876953,826.5655517578125,77.7036657,12.9933293
1766331027055677200,488.34367724609376,60.66058349609375,3.6662142276763916,16.912681579589844,70.84400177001953,2.297438383102417,308.9420166015625,826.3631591796875,77.7036386,12.9933439
1766331028055776800,489.3437768554688,24.811010360717773,1.5459405183792114,14.274331092834473,17.878999710083008,8.905027389526367,305.9073486328125,827.23095703125,77.7033363,12.9934926
1766331029055850000,490.34385009765623,18.254657745361328,1.339480996131897,10.215295791625977,12.89900016784668,10.883108139038086,292.20831298828125,825.093994140625,77.703108,12.9935615
1766331030055193600,491.3431936035156,4.207803249359131,0.9893249869346619,7.523101806640625,10.34000015258789,12.288843154907227,285.0733947753906,826.828125,77.7029471,12.9935858
1766331031055990300,492.343990234375,1.4957945346832275,0.313900887966156,5.951105117797852,8.871000289916992,13.497931480407715,284.9996337890625,826.74169921875,77.7028115,12.9936197
1766331032055790600,493.34379052734374,1.8634536266326904,0.399964839220047,4.960807800292969,7.889999866485596,13.819091796875,284.0032043457031,824.5748291015625,77.7026915,12.9936512
1766331033055566600,494.34356665039064,1.0121995210647583,0.2340237945318222,4.572437763214111,7.205999851226807,14.858964920043945,283.9997863769531,823.5537109375,77.7025533,12.9936794
1766331034055545000,495.34354516601564,0.4383990168571472,0.103596031665802,4.283970355987549,4.857999801635742,15.169939041137695,284,823.998291015625,77.7024137,12.9937116
1766331035055334700,496.3433347167969,0.769824743270874,0.9780732989311218,4.0813703536987305,3.9590001106262207,15.38670539855957,284.0027160644531,824.166259765625,77.7022757,12.9937462
1766331036055592700,497.3435927734375,1.6227333545684814,1.0541430711746216,3.599390983581543,3.930999994277954,15.910916328430176,284.0060119628906,824.320068359375,77.7021313,12.9937863
1766331037055727600,498.3437275390625,0.3410269021987915,0.9341325163841248,3.0917158126831055,3.819000005722046,16.57120132446289,284.0069885253906,823.864501953125,77.7019825,12.993826
1766331038055718400,499.3437185058594,0.21058745682239532,0.9369426369667053,3.0553524494171143,3.7899999618530273,17.102806091308594,284.0055847167969,823.5584716796875,77.7018298,12.9938693
1766331039056068600,500.3440686035156,0.2002473622560501,0.9480981826782227,3.076666831970215,3.7899999618530273,17.74119758605957,284.0065612792969,822.900390625,77.7016696,12.9939107
1766331040055254800,501.3432548828125,0.2491406798362732,0.9412673711776733,3.1332104206085205,3.7899999618530273,18.25316619873047,284.00494384765625,823.044677734375,77.7014991,12.9939546
1766331041055224800,502.3432248535156,0.1517305076122284,0.939310610294342,3.0839614868164062,4.814000129699707,18.7236270904541,284.0045166015625,823.34423828125,77.7013307,12.9939974
1766331042055601000,503.3436008300781,0.18772393465042114,0.9390615820884705,3.1000592708587646,5.8379998207092285,19.193601608276367,284.0044250488281,823.1146240234375,77.7011591,12.9940444
1766331043055952000,504.3439519042969,0.14380531013011932,0.9423887133598328,3.0314643383026123,7.4770002365112305,19.683284759521484,284.0045471191406,822.3231201171875,77.7009829,12.9940913
1766331044056084200,505.3440842285156,0.1877836287021637,0.9394529461860657,2.8792307376861572,8.706000328063965,20.114152908325195,284.00384521484375,821.802001953125,77.7008013,12.9941375
1766331045055478500,506.343478515625,0.15679624676704407,0.9783161878585815,2.721414566040039,9.9350004196167,20.622478485107422,284.0048522949219,821.3468017578125,77.700617,12.9941841
1766331046055610000,507.34361010742185,4.437477111816406,1.4176576137542725,2.7328004837036133,9.9350004196167,20.63945960998535,284.0000915527344,821.03466796875,77.7004305,12.9942307
1766331047055288600,508.3432885742188,2.553988456726074,0.8560546636581421,2.6112802028656006,9.9350004196167,21.587602615356445,284.9837646484375,821.5401611328125,77.7002394,12.9942767
1766331048055818200,509.343818359375,2.0729496479034424,0.6048441529273987,2.683373212814331,9.9350004196167,18.808334350585938,283.0205078125,823.5675048828125,77.700061,12.9943209
1766331049055267800,510.3432678222656,1.720688819885254,0.551220178604126,2.5,9.9350004196167,20.609777450561523,284.9866638183594,822.119873046875,77.6998847,12.9943602
1766331050055855600,511.3438557128906,1.0088058710098267,0.3284842073917389,2.5,9.9350004196167,20.929407119750977,284.0021667480469,822.33154296875,77.6996963,12.9944085
1766331051055798800,512.343798828125,0.8904727101325989,0.2807704508304596,2.5,9.9350004196167,20.26089096069336,285.99664306640625,822.532958984375,77.6995128,12.9944588
1766331052055523600,513.3435236816406,0.6945666074752808,0.22052624821662903,2.5,9.9350004196167,20.399852752685547,286.9989318847656,822.1754150390625,77.6993352,12.994512
1766331053055615700,514.3436157226563,0.28289785981178284,0.08872421085834503,2.5,9.9350004196167,20.13003158569336,288.9996643066406,822.425537109375,77.6991604,12.994568
1766331054055321900,515.3433217773437,0.9458903670310974,1.0179988145828247,2.5,9.9350004196167,20.170129776000977,289.0272521972656,822.85498046875,77.6989827,12.9946275
1766331055055209700,516.3432097167969,1.591625690460205,1.1675776243209839,2.5,9.9350004196167,20.209373474121094,289.64324951171875,822.1505126953125,77.6988069,12.9946909
1766331056055208700,517.3432087402343,3.464892625808716,1.090488076210022,2.5,9.9350004196167,20.267168045043945,289.3765563964844,821.49609375,77.6986287,12.9947524
1766331057055926500,518.3439265136719,1.402614951133728,0.4549627900123596,2.5,9.9350004196167,20.77824592590332,289.88262939453125,823.285888671875,77.6984486,12.9948169
1766331058055924500,519.3439245605468,0.6264036297798157,0.2010212242603302,2.5,9.9350004196167,20.61878776550293,289.0493469238281,822.9365234375,77.6982685,12.9948786
1766331059055712000,520.3437119140625,0.45689675211906433,0.14862677454948425,2.5,9.9350004196167,20.88196563720703,287.0748596191406,822.86865234375,77.6980879,12.9949364
1766331060055739100,521.3437392578124,0.6826574802398682,0.2166540026664734,2.5,9.9350004196167,20.425081253051758,284.25445556640625,822.7972412109375,77.6979033,12.9949888
1766331061055440400,522.3434404296875,1.2408051490783691,0.39853817224502563,2.5,9.9350004196167,20.6180362701416,282.48883056640625,823.1011962890625,77.697719,12.995032
1766331062055227400,523.3432272949219,0.8404420614242554,0.2666667699813843,2.5,9.9350004196167,20.409652709960938,279.3546447753906,822.9378662109375,77.6975328,12.9950677
1766331063055961000,524.3439611816407,0.30785274505615234,0.9831483960151672,2.5,9.9350004196167,20.48754119873047,279.0667419433594,822.7701416015625,77.6973466,12.9950984
1766331064055198000,525.3431979980469,0.10352792590856552,0.9531800150871277,2.5,9.9350004196167,20.376916885375977,278.012451171875,822.34912109375,77.69716,12.9951283
1766331065055505200,526.3435051269531,0.11503763496875763,0.9571658372879028,2.5,9.9350004196167,20.11328887939453,277.92431640625,821.4490966796875,77.6969756,12.995156
1766331066055712000,527.3437119140625,0.6904717087745667,0.9774028658866882,2.5,9.9350004196167,19.861568450927734,277.9290466308594,820.80126953125,77.6967948,12.9951822
1766331067055662800,528.3436628417969,1.7393808364868164,1.3113008737564087,2.5,9.9350004196167,19.69458770751953,277.9366760253906,820.0968017578125,77.6966173,12.9952091
1766331068055698400,529.3436984863281,2.1470048427581787,1.115149736404419,2.5,9.9350004196167,19.244495391845703,277.93927001953125,819.7833251953125,77.6964449,12.9952349
1766331069055853300,530.3438532714844,1.3099137544631958,1.0503939390182495,2.5,9.9350004196167,18.602033615112305,277.03662109375,820.159423828125,77.69628,12.9952587
1766331070055461600,531.3434616699219,1.1561424732208252,0.9927741289138794,2.6352150440216064,9.9350004196167,18.20583724975586,277.7564392089844,820.70166015625,77.6961189,12.9952821
1766331071056164400,532.3441643066407,0.6803893446922302,0.957215428352356,2.5972204208374023,9.9350004196167,17.480459213256836,278.66204833984375,821.736572265625,77.6959604,12.995304
1766331072055334400,533.3433344726562,0.1555694341659546,0.9374845027923584,2.5,9.9350004196167,16.862638473510742,278.76904296875,823.266357421875,77.6958139,12.9953275
1766331073055251000,534.3432509765624,0.892626166343689,0.9642239809036255,2.5,9.9350004196167,16.461515426635742,280.5398254394531,822.82763671875,77.6956727,12.995354
1766331074055400200,535.3434001464843,0.42527061700820923,0.9419988393783569,2.5,9.9350004196167,15.933338165283203,282.5115661621094,823.4683837890625,77.6955371,12.9953833
1766331075055389700,536.3433896484376,0.6528379917144775,0.9450308084487915,2.5,9.9350004196167,15.586834907531738,285.2975158691406,822.919677734375,77.6954028,12.9954179
1766331076056044500,537.3440444335937,1.774583339691162,1.0178477764129639,2.5,9.9350004196167,15.341537475585938,286.3979187011719,822.8818359375,77.6952704,12.9954603
1766331077055925500,538.3439255371094,1.6564840078353882,1.0045593976974487,2.5,9.9350004196167,15.350946426391602,289.0037841796875,822.905029296875,77.6951391,12.9955094
1766331078055919000,539.3439191894531,0.25473323464393616,0.93351149559021,2.5,9.9350004196167,15.336419105529785,290.66802978515625,824.0997314453125,77.6950114,12.9955604
1766331079055697700,540.3436977539062,0.24220715463161469,0.9334373474121094,2.5,9.9350004196167,15.337162971496582,292.5328063964844,824.24560546875,77.6948836,12.9956149
1766331080055240000,541.3432399902343,0.33764466643333435,0.9378483891487122,2.5,9.9350004196167,15.346384048461914,293.68701171875,824.2373046875,77.694754,12.995672
1766331081055295700,542.3432956542969,0.5457311272621155,0.9402709007263184,2.5,9.9350004196167,15.260107040405273,293.8883972167969,824.926513671875,77.694627,12.9957321
1766331082055508200,543.3435083007812,0.2813449800014496,0.9373169541358948,2.5,9.9350004196167,15.255581855773926,293.9761962890625,825.3175048828125,77.6944998,12.9957912
1766331083055823400,544.3438232421875,4.126586437225342,0.974089503288269,2.5,9.9350004196167,15.246376991271973,293.9918212890625,825.463623046875,77.6943731,12.9958482
1766331084055468300,545.3434682617187,0.5512943863868713,0.1300184279680252,2.5,9.9350004196167,15.15141773223877,294.0002746582031,826.3814697265625,77.6942477,12.9959023
1766331085055307500,546.3433076171875,0.5050433278083801,0.11727319657802582,2.5,9.9350004196167,14.915283203125,294.00115966796875,825.760498046875,77.6941218,12.9959576
1766331086055211000,547.3432109375,0.27062803506851196,0.0619238018989563,2.5,9.9350004196167,14.69147777557373,293.00732421875,826.1719970703125,77.6939969,12.9960104
1766331087055942000,548.3439418945312,0.3954313099384308,0.09001132100820541,2.5,9.9350004196167,14.611242294311523,292.01519775390625,826.5205078125,77.693872,12.9960621
1766331088055325200,549.3433251953124,0.31010663509368896,0.07010277360677719,2.5,9.9350004196167,14.510908126831055,291.0093688964844,826.193115234375,77.6937478,12.9961117
1766331089055295700,550.3432956542969,0.2614564299583435,0.9672136902809143,2.5,9.9350004196167,14.348896980285645,290.0644836425781,826.524169921875,77.6936248,12.996159
1766331090055346200,551.3433461914062,0.2083195447921753,0.9337669014930725,2.5,9.9350004196167,13.759233474731445,288.7784423828125,826.3292236328125,77.6935067,12.9962024
1766331091055657700,552.3436577148437,0.2619697153568268,0.9344604015350342,2.5,9.9350004196167,12.98399829864502,288.4473876953125,825.74267578125,77.6933966,12.9962402
1766331092055198200,553.3431982421876,0.5204209685325623,0.9408931136131287,2.5,9.9350004196167,12.265308380126953,287.5839538574219,825.849365234375,77.6932932,12.9962743
1766331093055931000,554.3439309082031,5.166191101074219,1.2287384271621704,2.5,9.9350004196167,11.998326301574707,288.1644287109375,825.92529296875,77.6931929,12.9963073
1766331094055325400,555.3433254394531,6.919826030731201,1.4223272800445557,2.7831308841705322,10.055000305175781,11.614557266235352,288.13031005859375,825.72216796875,77.6930972,12.9963387
1766331095055891200,556.3438911132813,11.778376579284668,1.7736740112304688,3.251293897628784,10.3149995803833,11.432796478271484,288.1910095214844,825.701416015625,77.6930023,12.9963703
1766331096055884000,557.3438840332032,13.512762069702148,1.926147222518921,3.6862192153930664,10.79699993133545,11.358386039733887,288.1972961425781,825.7264404296875,77.6929048,12.9964026
1766331104247000000,565.535,45,1.5,10.328896522521973,98.4000015258789,11.182547569274902,288.4205322265625,832,77.6921352,12.9966609
1766331109055292700,570.3432927246093,52.8962287902832,3.3318495750427246,10.37697982788086,73.65299987792969,6.858646869659424,279.874755859375,832,77.6919568,12.9966301
1766331110055813400,571.3438134765624,51.655094146728516,3.047511577606201,10.386984825134277,46.676998138427734,5.193465709686279,271.2555847167969,832,77.6920387,12.9965319
1766331111055491000,572.3434909667968,62.61960983276367,2.7507400512695312,10.396981239318848,43.388999938964844,3.915334939956665,275.681884765625,832,77.6921328,12.9965376
1766331112055271200,573.3432712402343,64.81538391113281,2.866114616394043,10.40697956085205,41.4379997253418,3.2889227867126465,281.04730224609375,832,77.6921774,12.9965473
1766331113055598600,574.3435986328125,70.18636322021484,2.562922716140747,10.416982650756836,39.11000061035156,2.6678097248077393,285.58123779296875,832,77.6922219,12.9965595
1766331114055358500,575.3433583984375,75.1565170288086,2.872788190841675,10.426980018615723,35.45399856567383,2.3607871532440186,288.888916015625,832,77.6922429,12.9965717
1766331115055446500,576.3434465332032,75.1565170288086,2.5502991676330566,10.436981201171875,33.595001220703125,1.3593802452087402,285.1722106933594,832,77.692347,12.9965546
1766331116055257600,577.3432575683594,75.1565170288086,2.7654457092285156,10.446979522705078,30.334999084472656,0.8803117275238037,285.6456298828125,832,77.6924068,12.9965459
1766331117055613700,578.3436137695312,75.1565170288086,2.8466663360595703,10.456982612609863,26.718000411987305,0.5899351239204407,287.9517517089844,832,77.6924494,12.9965389
1766331118055352000,579.3433520507813,68.80864715576172,2.4770593643188477,10.46697998046875,25.405000686645508,0.3751278221607208,291.75457763671875,832,77.6924994,12.9965267
1766331119055935000,580.3439350585937,68.80864715576172,2.79655385017395,10.476985931396484,22.183000564575195,0.26919227838516235,297.879150390625,832,77.6925323,12.9965167
1766331120055871000,581.34387109375,75.1565170288086,1.6403698921203613,10.486985206604004,19.841999053955078,0.24165526032447815,307.7443542480469,832,77.6925726,12.9965097
1766331121055777300,582.34377734375,71.25543212890625,1.5775392055511475,10.496984481811523,17.045000076293945,0.23575669527053833,122.68915557861328,832,77.6925952,12.9964992
1766331122055703000,583.343703125,71.25543212890625,1.3526490926742554,10.506983757019043,14.085000038146973,0.6410626769065857,138.84152221679688,832,77.6925976,12.9964858
1766331123055811600,584.3438115234375,71.25543212890625,1.7353825569152832,10.516984939575195,12.11299991607666,0.5042846202850342,139.09774780273438,832,77.6925954,12.9964739
1766331124055231500,585.3432314453125,71.25543212890625,1.673966407775879,18.51780128479004,11.473999977111816,0.6363630890846252,139.0273895263672,833.3999633789062,77.6925942,12.996463
1766331125055986700,586.3439865722656,71.25543212890625,1.661734938621521,18.527809143066406,9.105999946594238,0.3275369703769684,139.17713928222656,833.3999633789062,77.6925919,12.9964615
1766331126055208700,587.3432087402343,71.25543212890625,1.941754937171936,18.53780174255371,8.857000350952148,0.34000658988952637,139.11500549316406,833.3999633789062,77.6925894,12.9964509
1766331127055294000,588.3432939453126,71.25543212890625,2.141420364379883,18.547801971435547,8.371000289916992,0.3018876314163208,139.2017059326172,833.3999633789062,77.6925865,12.9964434
1766331128056024600,589.3440246582031,68.80864715576172,2.1869313716888428,18.557809829711914,7.961999893188477,0.24970309436321259,291.66546630859375,833.3999633789062,77.6925875,12.9964418
1766331129055476500,590.3434765625,86.66525268554688,2.310997724533081,18.56780433654785,7.922999858856201,0.7036510705947876,2.8504769802093506,833.3999633789062,77.692594,12.9964531
1766331130055498500,591.3434985351563,84.2449722290039,2.2764806747436523,18.577804565429688,7.979000091552734,0.8326153755187988,355.16900634765625,833.3999633789062,77.6925989,12.9964653
1766331131055397000,592.3433972167969,84.2449722290039,2.4565484523773193,18.58780288696289,8.20199966430664,0.527158796787262,355.22711181640625,833.3999633789062,77.6925974,12.9964688
1766331132055588000,593.3435881347656,84.2449722290039,2.601827621459961,18.59780502319336,8.699000358581543,0.45081213116645813,355.1208801269531,833.3999633789062,77.6926042,12.9964764
1766331133055230200,594.3432302246093,83.5794448852539,2.853792667388916,18.60780143737793,9.449000358581543,0.6302151083946228,350.9774475097656,833.3999633789062,77.6926178,12.9964924
1766331134056033000,595.3440329589844,83.5794448852539,3.183842658996582,18.617809295654297,11.489999771118164,0.6498495936393738,351.1639404296875,833.3999633789062,77.6926283,12.9965078
1766331135056058400,596.3440583496093,83.5794448852539,3.1621105670928955,14.999421119689941,13.303999900817871,0.4730396866798401,351.8101501464844,840.5,77.6926459,12.996526
1766331136055916800,597.3439167480469,45,3.280625343322754,15.009419441223145,15.29800033569336,0.5480954647064209,354.0779724121094,840.5,77.6926623,12.9965392
1766331137055371500,598.3433715820313,81.61072540283203,3.0908639430999756,15.019413948059082,16.117000579833984,1.098271369934082,237.61489868164062,840.5,77.6926591,12.9965427
1766331138055557600,599.3435576171875,81.61072540283203,2.795762062072754,15.02941608428955,18.60700035095215,0.5937627553939819,237.89480590820312,840.5,77.6926587,12.9965459
1766331139055812000,600.3438120117188,85.23722839355469,2.8999807834625244,15.03941822052002,19.160999298095703,0.8853880763053894,244.2753143310547,840.5,77.6926564,12.9965507
1766331140055816700,601.3438166503906,85.56072235107422,3.1686925888061523,15.049418449401855,20.60700035095215,0.9866064786911011,244.83224487304688,840.5,77.6926493,12.996553
1766331149055701000,610.3437009277344,15.118464469909668,2.278966188430786,11.020308494567871,7.964000225067139,8.005664825439453,282.9554443359375,832,77.6919945,12.9966768
1766331150055571700,611.3435717773438,1.798852801322937,0.999335765838623,11.030306816101074,5.876999855041504,11.638586044311523,288.0369567871094,832,77.6918511,12.9967303
1766331151055947000,612.3439470214844,3.068636417388916,1.1131662130355835,5.529446125030518,5.181000232696533,12.257951736450195,288.0099182128906,833.7000122070312,77.691752,12.9967552
1766331152055828200,613.343828125,0.25060713291168213,0.9591697454452515,5.539444923400879,4.833000183105469,13.218576431274414,289.0129699707031,833.7000122070312,77.6916351,12.996803
1766331153055938000,614.3439379882813,0.21384015679359436,0.9517439603805542,5.549446105957031,4.624000072479248,13.802680015563965,289.009033203125,833.7000122070312,77.6915095,12.9968522
1766331154055821800,615.3438217773438,0.21504469215869904,0.9480669498443604,5.559444904327393,3.7899999618530273,14.29486083984375,290.0043029785156,833.7000122070312,77.6913827,12.9968986
1766331155055700700,616.3437006835937,0.24026452004909515,0.9446427822113037,5.569443702697754,3.7899999618530273,14.775203704833984,291.0036315917969,833.7000122070312,77.6912527,12.9969503
1766331156055810600,617.343810546875,0.22358423471450806,0.9435611963272095,5.579444885253906,3.7899999618530273,15.186105728149414,292.0023193359375,833.7000122070312,77.6911248,12.9970046
1766331157055913700,618.3439138183594,0.16719838976860046,0.9420461058616638,5.589446067810059,3.7899999618530273,15.626977920532227,293.9979248046875,833.7000122070312,77.6909936,12.9970645
1766331158056054500,619.3440544433594,0.12269584089517593,0.9386350512504578,5.599447250366211,3.7899999618530273,16.016672134399414,295.0009765625,833.7000122070312,77.6908668,12.9971281
1766331159055203300,620.3432033691406,0.1418377012014389,0.9393950700759888,5.609438896179199,3.7899999618530273,16.446430206298828,296.00091552734375,833.7000122070312,77.6907324,12.9971951
1766331160055392300,621.3433923339844,0.2188996821641922,0.9408586025238037,5.61944055557251,3.7899999618530273,16.75668716430664,296.0039367675781,833.7000122070312,77.6905947,12.997262
1766331161055457500,622.3434575195313,0.1736164391040802,0.9387351274490356,5.629441261291504,3.7899999618530273,17.126121520996094,296.0044860839844,833.7000122070312,77.6904509,12.9973293
1766331162055685400,623.3436853027343,0.20737357437610626,0.9380925893783569,5.639443874359131,3.7899999618530273,17.466447830200195,296.0040283203125,833.7000122070312,77.690303,12.9973971
1766331163055836700,624.3438366699219,0.20008762180805206,0.9384943246841431,5.649445056915283,3.7899999618530273,17.776763916015625,296.00360107421875,833.7000122070312,77.6901524,12.997468
1766331164055940900,625.3439409179688,0.1979702115058899,0.942017674446106,5.6594462394714355,3.7899999618530273,18.0669002532959,296.00341796875,833.7000122070312,77.6900032,12.9975424
1766331165056061000,626.3440610351563,0.3391517102718353,1.0844860076904297,5.669447422027588,3.7899999618530273,18.138975143432617,296.0011291503906,833.7000122070312,77.6898527,12.9976145
1766331166056056800,627.3440568847657,0.6826679110527039,0.9654092192649841,5.679447174072266,3.7899999618530273,18.843368530273438,297.0018615722656,833.7000122070312,77.6896934,12.9976926
1766331167056106000,628.3441059570313,0.23105062544345856,0.938907265663147,5.68944787979126,3.7899999618530273,18.87836265563965,296.00531005859375,833.7000122070312,77.6895392,12.9977706
1766331168055827000,629.3438269042969,0.18701915442943573,0.934357762336731,5.6994452476501465,3.7899999618530273,19.168167114257812,296.9981689453125,833.7000122070312,77.6893818,12.997848
1766331169056010000,630.3440100097656,1.5429253578186035,1.046708583831787,5.709446907043457,3.7899999618530273,18.954065322875977,297.98828125,833.7000122070312,77.6892274,12.9979298
1766331170056151800,631.3441518554688,0.6561201214790344,0.9543011784553528,5.719448089599609,3.7899999618530273,19.56584930419922,299.9931640625,833.7000122070312,77.6890672,12.9980214
1766331171055826000,632.3438259277344,1.6820924282073975,1.0486419200897217,5.729444980621338,3.7899999618530273,20.20328140258789,302.9709167480469,833.7000122070312,77.6889105,12.9981232
1766331172055810800,633.3438107910156,2.0549070835113525,1.0824156999588013,5.739444732666016,3.7899999618530273,19.87602424621582,304.9703369140625,833.7000122070312,77.6887622,12.9982294
1766331173055680000,634.3436799316406,1.5159027576446533,1.0640389919281006,5.749443531036377,3.7899999618530273,19.525775909423828,308.95123291015625,833.7000122070312,77.6886236,12.9983431
1766331174055810300,635.3438103027344,1.1879438161849976,0.9940949082374573,5.759444713592529,3.7899999618530273,19.767833709716797,312.9609069824219,833.7000122070312,77.6884858,12.9984739
1766331175055321000,636.3433210449218,0.26688352227211,1.0450515747070312,5.769440174102783,3.7899999618530273,19.58170509338379,314.9805603027344,833.7000122070312,77.6883579,12.9986047
1766331176055454500,637.3434543457031,3.0616848468780518,0.9264526963233948,5.7794413566589355,3.7899999618530273,19.54849624633789,315.0017395019531,833.7000122070312,77.6882324,12.9987325
1766331177055976700,638.3439768066406,2.3773603439331055,0.726148247718811,5.7894463539123535,3.7899999618530273,19.627559661865234,317.6745300292969,833.7000122070312,77.688115,12.9988627
1766331178056178000,639.3441779785156,0.5983195304870605,0.18179813027381897,5.799448490142822,3.7899999618530273,19.523374557495117,316.05938720703125,833.7000122070312,77.6879959,12.9989937
1766331179056023600,640.3440234375,0.3326331377029419,0.10040874034166336,5.809446811676025,3.7899999618530273,19.382366180419922,316.0009765625,833.7000122070312,77.687872,12.9991199
1766331180055441000,641.3434409179688,0.5401107668876648,0.16534392535686493,5.819441318511963,3.7899999618530273,19.64704132080078,314.0891418457031,833.7000122070312,77.6877483,12.9992418
1766331181055326200,642.343326171875,0.9661977291107178,0.29316356778144836,5.829440116882324,3.7899999618530273,19.51608657836914,310.522705078125,833.7000122070312,77.6876129,12.9993613
1766331182055221500,643.3432214355469,1.6830499172210693,0.507942795753479,5.8394389152526855,3.7899999618530273,19.447874069213867,308.72894287109375,833.7000122070312,77.6874731,12.9994693
1766331183055771100,644.3437712402343,1.2498284578323364,0.3772679269313812,5.849444389343262,3.7899999618530273,19.414527893066406,304.75994873046875,833.7000122070312,77.6873293,12.9995703
1766331184056067300,645.3440673828125,0.27146703004837036,0.9760212898254395,5.859447479248047,3.7899999618530273,19.3499813079834,303.5773010253906,833.7000122070312,77.6871804,12.999669
1766331185055607600,646.3436076660156,0.33735302090644836,0.9436288475990295,5.869442939758301,3.7899999618530273,19.22989273071289,300.93756103515625,833.7000122070312,77.6870259,12.9997563
1766331186055973400,647.3439733886719,0.5375016927719116,0.9558829665184021,5.879446506500244,3.7899999618530273,19.23948097229004,298.0382995605469,833.7000122070312,77.686869,12.9998349
1766331187055494400,648.3434943847657,0.14006978273391724,0.9426213502883911,5.889441967010498,3.7899999618530273,19.205625534057617,294.8544616699219,833.7000122070312,77.6867072,12.9999075
1766331188055640800,649.3436408691406,0.42899608612060547,0.9563685059547424,5.89944314956665,3.7899999618530273,19.210311889648438,291.787109375,833.7000122070312,77.6865415,12.9999761
1766331189056189400,650.344189453125,0.2668932378292084,0.9493924975395203,5.909448623657227,3.7899999618530273,19.0350341796875,288.52569580078125,833.7000122070312,77.6863745,13.0000368
1766331190055181600,651.343181640625,0.23981352150440216,0.948380708694458,5.91943883895874,3.7899999618530273,19.101354598999023,285.46405029296875,833.7000122070312,77.6862044,13.000083
1766331191055476000,652.3434760742188,0.15354028344154358,0.9511256814002991,5.929441452026367,3.7899999618530273,19.208572387695312,282.3385009765625,833.7000122070312,77.6860293,13.0001174
1766331192055283200,653.343283203125,0.8930519223213196,0.9821195602416992,5.93943977355957,3.7899999618530273,19.26518440246582,279.53546142578125,833.7000122070312,77.6858525,13.0001493
1766331193055323000,654.3433229980469,1.9890919923782349,1.0761470794677734,5.949440002441406,3.7899999618530273,19.379199981689453,278.6084899902344,833.7000122070312,77.6856756,13.0001742
1766331194055601200,655.3436010742188,0.8022444248199463,0.9693424701690674,5.959442615509033,3.7899999618530273,19.26360321044922,275.2876281738281,833.7000122070312,77.685498,13.0001919
1766331195055582500,656.3435825195312,0.155191108584404,0.9489148259162903,5.969442844390869,3.7899999618530273,19.306394577026367,274.0256652832031,833.7000122070312,77.6853232,13.0002071
1766331196056089300,657.3440893554688,0.1812724769115448,0.9436584711074829,5.979447841644287,3.7899999618530273,19.33555793762207,274.0052490234375,833.7000122070312,77.685146,13.0002195
1766331197056042200,658.3440422363282,0.1254129260778427,0.9480481147766113,5.989447116851807,3.7899999618530273,19.374696731567383,274.0072021484375,833.7000122070312,77.6849705,13.0002336
1766331198055470800,659.3434709472656,0.11506029963493347,0.9651636481285095,5.999441623687744,3.7899999618530273,19.36809539794922,273.0081481933594,833.7000122070312,77.6847924,13.0002408
1766331199055685600,660.343685546875,0.1274498552083969,0.9454497694969177,6.009443759918213,3.7899999618530273,19.37294578552246,273.0011291503906,833.7000122070312,77.6846156,13.0002519
1766331200055603000,661.3436030273438,0.15541107952594757,0.9438152313232422,6.019443035125732,3.7899999618530273,19.35750389099121,272.0061950683594,833.7000122070312,77.6844388,13.0002605
1766331201056164600,662.3441645507812,0.9875637888908386,0.9788516759872437,6.029448509216309,3.7899999618530273,19.337810516357422,271.9996643066406,833.7000122070312,77.6842594,13.0002676
1766331202056081200,663.3440810546875,0.15659023821353912,0.9404590725898743,6.039447784423828,3.7899999618530273,19.3548583984375,271.0054626464844,833.7000122070312,77.684084,13.0002741
1766331203055618300,664.3436184082032,0.09682296216487885,0.9374974370002747,6.049442768096924,3.7899999618530273,19.40253257751465,271.0019226074219,833.7000122070312,77.6839055,13.0002796
1766331204055582000,665.34358203125,0.1140352264046669,0.9375458359718323,6.059442520141602,3.7899999618530273,19.412532806396484,271.0003967285156,833.7000122070312,77.6837262,13.0002868
1766331205056065300,666.3440651855469,0.11969441920518875,0.9373366236686707,6.0694475173950195,3.7899999618530273,19.420127868652344,270.0025634765625,833.7000122070312,77.6835478,13.0002923
1766331206055552800,667.343552734375,0.1098700538277626,0.9392830729484558,6.079442501068115,3.7899999618530273,19.41427993774414,270,833.7000122070312,77.6833687,13.0002942
1766331207056080000,668.3440798339843,0.13721270859241486,0.9346188306808472,6.089447498321533,3.7899999618530273,19.42599105834961,270,833.7000122070312,77.6831923,13.0002967
1766331208056001300,669.3440012207031,0.11781596392393112,0.9373259544372559,6.099446773529053,3.7899999618530273,19.427400588989258,270,833.7000122070312,77.6830138,13.0002986
1766331209055517000,670.3435168457031,0.15623818337917328,0.9375607371330261,6.109441757202148,3.7899999618530273,19.399396896362305,270,833.7000122070312,77.6828361,13.0003023
1766331210056161500,671.3441616210938,0.2248741090297699,0.9376934766769409,6.119448184967041,3.7899999618530273,19.229999542236328,270,833.7000122070312,77.6826616,13.0003055
1766331211055306200,672.3433061523438,0.1416540890932083,0.9353395104408264,6.129439830780029,4.814000129699707,19.059999465942383,270,833.7000122070312,77.6824889,13.0003078
1766331212055825000,673.3438249511719,0.19404864311218262,0.9384265542030334,6.139444828033447,5.8379998207092285,18.889999389648438,268,833.7000122070312,77.6823128,13.0003003
1766331213055293200,674.3432932128907,0.18233969807624817,0.9424836039543152,6.149439811706543,6.861999988555908,18.739999771118164,266,833.7000122070312,77.6821361,13.0002902
1766331214055608800,675.3436088867187,1.9493827819824219,0.9536649584770203,6.159442901611328,8.706000328063965,18.700000762939453,264,833.7000122070312,77.6819591,13.0002654
1766331215055900200,676.3439001464844,0.379245400428772,0.9439517259597778,6.169445991516113,8.90999984741211,18.1200008392334,260,833.7000122070312,77.6817973,13.000241
1766331216055316700,677.3433166503906,0.27652400732040405,0.942889928817749,6.179440021514893,9.9350004196167,17.719999313354492,258,833.7000122070312,77.6816386,13.0002043
1766331217056126700,678.3441267089844,0.3503497242927551,0.9392461776733398,6.18944787979126,9.9350004196167,17.299999237060547,256,833.7000122070312,77.6814854,13.0001675
1766331218056157400,679.3441574707032,0.15568777918815613,0.9354814887046814,6.199448585510254,9.9350004196167,16.920000076293945,255,833.7000122070312,77.6813318,13.0001289
1766331219056189400,680.344189453125,0.16316938400268555,0.9325640201568604,6.20944881439209,9.9350004196167,16.5,255,833.7000122070312,77.6811866,13.0000889
1766331220055365400,681.3433654785156,1.5948245525360107,1.0023022890090942,6.219440460205078,9.9350004196167,16.020000457763672,255,833.7000122070312,77.6810458,13.0000532
1766331221055465200,682.3434653320312,1.0598329305648804,0.9619591236114502,6.2294416427612305,9.9350004196167,15.789999961853027,257,833.7000122070312,77.6809044,13.0000251
1766331222055381500,683.3433815917969,0.34136906266212463,0.9335922002792358,6.239440441131592,9.9350004196167,15.470000267028809,259,833.7000122070312,77.6807649,13.0000013
1766331223055679000,684.3436789550781,0.4502948820590973,0.9343442916870117,6.249443531036377,9.9350004196167,15.289999961853027,262,833.7000122070312,77.6806268,12.999983
1766331224055420000,685.343419921875,0.2710297703742981,0.9317806363105774,6.259440898895264,9.9350004196167,15.229999542236328,264,833.7000122070312,77.6804838,12.9999674
1766331225055593200,686.3435932617188,0.15962234139442444,0.9277369976043701,6.269442558288574,9.9350004196167,15.25,266,833.7000122070312,77.6803443,12.9999631
1766331226055234000,687.3432341308594,0.1758030652999878,0.9315686225891113,6.2794389724731445,9.9350004196167,15.1899995803833,267,833.7000122070312,77.680204,12.9999525
1766331227055328800,688.3433288574219,0.2043548971414566,0.9330998063087463,6.289440155029297,9.9350004196167,15.25,267,833.7000122070312,77.6800649,12.9999475
1766331228055782000,689.3437819824219,0.21822793781757355,0.935263991355896,6.299444675445557,9.9350004196167,15.3100004196167,267,833.7000122070312,77.6799234,12.9999401
1766331229055977000,690.3439770507813,0.17263545095920563,0.9326992630958557,6.309446811676025,9.9350004196167,15.119999885559082,267,833.7000122070312,77.6797859,12.9999324
1766331230056040000,691.3440400390625,0.19265104830265045,0.9299691915512085,6.319447040557861,9.9350004196167,14.789999961853027,267,833.7000122070312,77.6796508,12.9999246
1766331231056046000,692.3440461425781,6.573304653167725,1.2879668474197388,6.329447269439697,9.9350004196167,14.3100004196167,269,833.7000122070312,77.6795243,12.9999229
1766331232055367400,693.3433674316407,1.3748034238815308,1.348769187927246,6.33944034576416,9.9350004196167,14.270000457763672,266,833.7000122070312,77.6793962,12.9999185
1766331233055407600,694.3434077148438,3.8795390129089355,1.079058289527893,6.349441051483154,9.9350004196167,14.319999694824219,267,833.7000122070312,77.6792591,12.9999091
1766331234056042500,695.3440424804687,4.595561504364014,0.9944427609443665,6.359447002410889,9.942999839782715,13.979999542236328,267,833.7000122070312,77.6791329,12.9999034
1766331235055830000,696.343830078125,3.7340989112854004,0.8011756539344788,6.369445323944092,9.942000389099121,13.850000381469727,267,833.7000122070312,77.6790097,12.9998939
1766331236055411200,697.3434111328125,0.5502958297729492,0.11774904280900955,6.379440784454346,9.942000389099121,13.739999771118164,267,833.7000122070312,77.6788889,12.9998831
1766331237056131600,698.3441315917969,0.3037666082382202,0.06441003084182739,6.389448165893555,9.942999839782715,13.609999656677246,267,833.7000122070312,77.6787583,12.9998747
1766331238055665400,699.3436655273438,0.8855592012405396,0.18366767466068268,2.9211626052856445,9.942999839782715,13.329999923706055,268,830.6380615234375,77.6786355,12.9998644
1766331239056164900,700.3441647949219,0.24725210666656494,0.9648746252059937,2.846283435821533,9.9350004196167,12.6899995803833,267,831.1385498046875,77.6785222,12.9998622
1766331240056139800,701.3441398925781,0.7845919728279114,0.9444632530212402,2.723336935043335,9.9350004196167,12.09000015258789,267,831.506103515625,77.678411,12.9998552
1766331241055245800,702.3432458496094,0.26189517974853516,0.9340496063232422,2.531355857849121,9.9350004196167,11.329999923706055,267,830.969482421875,77.6783051,12.9998551
1766331242055492000,703.3434921875,0.307477205991745,0.9406899809837341,2.5,9.9350004196167,10.6899995803833,267,831.092529296875,77.6782061,12.9998522
1766331243056144600,704.34414453125,6.412101745605469,1.3137279748916626,2.5181093215942383,9.9350004196167,10.329999923706055,268,831.17724609375,77.6781098,12.9998497
1766331244056003800,705.34400390625,8.787103652954102,1.4019691944122314,2.684600830078125,9.982999801635742,10.329999923706055,268,831.20458984375,77.6780146,12.9998465
1766331245055804000,706.3438039550781,12.546985626220703,2.002945899963379,2.9039604663848877,10.14900016784668,10.319999694824219,267,831.2347412109375,77.6779196,12.9998432
1766331253078000000,714.3660002441407,0,0,2.9039604663848877,100,0,0,831.2347412109375,77.6777709,13.0006817
1766331257056007000,718.3440068359375,32.10670852661133,3.5336198806762695,5.8981032371521,43.00600051879883,7.769999980926514,280,831.845703125,77.6770206,12.9999129
1766331258055321300,719.3433212890625,54.093849182128906,3.485539436340332,5.953404426574707,42.06999969482422,4.570000171661377,277,832.3134765625,77.6772531,12.9998512
1766331259056212200,720.3442121582032,51.745765686035156,3.3406286239624023,5.879862308502197,41.22700119018555,4.449999809265137,282,832.2337646484375,77.6771881,12.9998793
1766331260055716900,721.343716796875,55.17044448852539,3.5831687450408936,5.880709171295166,41.459999084472656,4.449999809265137,282,832.2391357421875,77.6771476,12.9998848
1766331261055995400,722.3439953613281,70.34099578857422,3.0494048595428467,5.836121559143066,40.632999420166016,2.7699999809265137,278,832.4326171875,77.6772259,12.999901
1766331262055245800,723.3432458496094,63.7967414855957,2.9919323921203613,5.7397074699401855,39.79800033569336,2.950000047683716,280,832.5115966796875,77.6771755,12.9999242
1766331263056051500,724.3440515136718,70.47462463378906,2.4221367835998535,5.655423164367676,36.512001037597656,2.0299999713897705,273,831.9586181640625,77.6772127,12.9999455
1766331264056009000,725.3440090332032,68.22964477539062,2.348733425140381,5.494950771331787,34.54899978637695,1.8799999952316284,275,831.7742919921875,77.6772316,12.9999587
1766331265055126800,726.3431267089844,80.80076599121094,2.396657705307007,5.347049713134766,31.854000091552734,1.3300000429153442,283,831.9677734375,77.6772658,12.9999706
1766331266055504000,727.34350390625,83.5401382446289,2.6265206336975098,5.334278583526611,28.77400016784668,1.25,273,832.291259765625,77.6773004,12.9999753
1766331267055603200,728.3436032714844,88.24769592285156,2.690091133117676,5.240082740783691,24.674999237060547,1.0299999713897705,268,832.1951904296875,77.6773302,12.9999725
1766331268055290600,729.3432905273437,90.62157440185547,2.9113609790802,5.02544641494751,24.520999908447266,0.9599999785423279,266,832.2088623046875,77.6773534,12.9999695
1766331269055638000,730.3436379394532,72.43974304199219,2.69930362701416,4.774581432342529,23.466999053955078,1.5499999523162842,265,831.9700927734375,77.6773552,12.999973
1766331270055719200,731.3437192382812,82.5921401977539,2.4465384483337402,5.146856307983398,22.743000030517578,0.9399999976158142,257,832.148193359375,77.6773865,12.9999652
1766331271055638500,732.3436384277344,82.5921401977539,2.3999338150024414,5.254714012145996,21.638999938964844,0.3499999940395355,257,832.0445556640625,77.6775609,12.9999171
1766331272055717600,733.3437175292969,0,2.369645118713379,5.108371734619141,20.333999633789062,0,0,832.885986328125,77.6775778,12.9999219
1766331273056057000,734.3440571289062,82.5921401977539,2.5853137969970703,5.130736827850342,18.972000122070312,0.38999998569488525,257,832.373291015625,77.6775948,12.9999229
1766331274055434000,735.3434340820312,83.53182220458984,2.770108222961426,5.269383907318115,18.729000091552734,0.4300000071525574,309,832.9097900390625,77.6775891,12.9999299
1766331275055703800,736.3437038574219,83.53182220458984,2.999391794204712,5.265763282775879,18.091999053955078,0.5099999904632568,309,833.248046875,77.6775765,12.999936
1766331276055630300,737.3436303710937,83.53182220458984,3.2679250240325928,5.335264682769775,17.871000289916992,0.5099999904632568,309,833.2569580078125,77.6775665,12.9999408
1766331277055550200,738.3435502929688,83.53182220458984,3.404775857925415,5.395538806915283,18.354000091552734,0.4300000071525574,309,833.2408447265625,77.6775614,12.9999442
1766331278055633200,739.3436330566407,83.53182220458984,3.3540117740631104,5.629498481750488,19.132999420166016,0.5299999713897705,309,832.87158203125,77.6775923,12.9999456
1766331279055273700,740.3432736816407,83.53182220458984,3.123567581176758,5.66703987121582,19.621000289916992,0.7400000095367432,309,832.841796875,77.6776163,12.9999307
1766331280055702800,741.3437028808594,80.66604614257812,2.4814577102661133,5.638437271118164,19.518999099731445,1.0199999809265137,182,832.875732421875,77.6776144,12.9999007
1766331281056090600,742.3440905761719,80.73077392578125,2.7021868228912354,5.763696670532227,19.530000686645508,1.100000023841858,175,832.860595703125,77.677614,12.9998885
1766331282055965700,743.3439655761719,79.22023010253906,2.9160799980163574,5.548074245452881,18.922000885009766,1.2799999713897705,171,832.834228515625,77.677617,12.9998742
1766331283056002600,744.3440024414062,85.04208374023438,3.1213693618774414,5.273314476013184,18.138999938964844,1.1200000047683716,184,832.697021484375,77.6776115,12.9998644
1766331284056065000,745.3440649414063,85.5569839477539,3.1169886589050293,5.441470146179199,17.90999984741211,1.090000033378601,147,832.658935546875,77.6776273,12.9998558
1766331285056051200,746.3440512695313,91.23775482177734,3.3611152172088623,5.603259086608887,18.69499969482422,0.9100000262260437,155,832.85888671875,77.67763,12.9998491
1766331286056105000,747.3441049804687,87.4245376586914,3.414158582687378,5.697990894317627,19.524999618530273,1.1399999856948853,153,833.18212890625,77.67764,12.9998364
1766331287055587300,748.3435874023437,87.39156341552734,2.9644224643707275,5.43257999420166,19.312000274658203,0.9599999785423279,101,833.16552734375,77.6776741,12.999841
1766331288055528700,749.3435288085938,87.36450958251953,2.8540878295898438,5.2670440673828125,18.944000244140625,0.8899999856948853,92,833.18115234375,77.6776983,12.9998509
1766331289055616800,750.3436166992187,87.56706237792969,3.1117639541625977,5.226018905639648,18.785999298095703,0.9800000190734863,89,833.444091796875,77.677719,12.999858
1766331290055371800,751.3433718261718,89.40677642822266,3.3712809085845947,5.269614219665527,18.7810001373291,0.9800000190734863,89,833.4483642578125,77.6777356,12.9998625
1766331291055574300,752.34357421875,90.27947235107422,3.4831702709198,5.295722484588623,18.64299964904785,0.9800000190734863,91,833.45068359375,77.6777496,12.9998651
1766331292055875000,753.343875,90.27947235107422,3.601398229598999,5.264448642730713,18.427000045776367,0.550000011920929,91,833.509033203125,77.6777482,12.999861
1766331293056166400,754.3441665039062,90.27947235107422,3.6196398735046387,5.1772356033325195,19.395999908447266,0.6299999952316284,91,833.667236328125,77.6777476,12.9998535
1766331294055137300,755.3431372070313,90.27947235107422,3.83516001701355,5.055397987365723,19.8439998626709,0.6399999856948853,91,833.626953125,77.6777492,12.9998476
1766331295055997200,756.3439970703125,90.8909683227539,3.8312366008758545,4.875272750854492,20.920000076293945,0.949999988079071,123,833.777099609375,77.6777632,12.9998396
1766331296056147500,757.3441474609375,86.12952423095703,3.8869330883026123,4.693465709686279,21.231000900268555,1.2000000476837158,143,833.7294921875,77.6777726,12.9998243
1766331297055937500,758.3439375,86.6783218383789,4.09694766998291,4.526509761810303,21.631999969482422,1.2000000476837158,143,833.729736328125,77.6777812,12.9998119
1766331298055358200,759.3433581542969,85.72212982177734,4.232304573059082,4.386829376220703,21.95599937438965,1.2699999809265137,151,833.705810546875,77.6777858,12.9997967
1766331299055459600,760.3434594726563,22.72087860107422,2.884406805038452,4.634153366088867,20.860000610351562,7.050000190734863,274,833.220458984375,77.6770626,12.9998591
1766331300055821000,761.3438210449219,13.18613338470459,2.000626564025879,4.631155967712402,18.316999435424805,8.640000343322754,268,836.230712890625,77.6769167,12.9997944
1766331301055790800,762.3437907714844,1.8739409446716309,1.0127981901168823,5.135946273803711,15.640000343322754,12.420000076293945,266,837.42919921875,77.676758,12.9997818
1766331302055812900,763.3438127441407,2.3016114234924316,1.1159412860870361,4.865605354309082,12.871999740600586,12.75,265,835.982177734375,77.6766366,12.9997678
1766331303056150500,764.3441506347656,1.1470221281051636,0.9890159368515015,4.684693336486816,7.0970001220703125,13.399999618530273,263,835.93896484375,77.6764944,12.9997526
1766331304055253500,765.3432534179688,4.865923881530762,1.3083845376968384,4.247406005859375,6.5929999351501465,13.529999732971191,258,833.5390625,77.6763686,12.9997314
1766331305055466000,766.3434660644531,4.085309028625488,1.1080342531204224,4.323669910430908,4.7129998207092285,13.8100004196167,255,833.815185546875,77.6762529,12.9997037
1766331306056069000,767.3440690917969,3.348478078842163,0.7393454909324646,4.267673015594482,4.323999881744385,14.25,251,834.40185546875,77.6761206,12.9996653
1766331307055266300,768.3432663574218,4.022073745727539,0.9120281338691711,4.162060737609863,4.2769999504089355,14.640000343322754,246,833.5850830078125,77.6759842,12.9996157
1766331308055600400,769.3436003417969,3.8265738487243652,0.8217781186103821,4.159168720245361,4.084000110626221,13.859999656677246,243,832.53857421875,77.67585,12.9995609
1766331309055447300,770.343447265625,3.1173784732818604,0.673832356929779,4.315187931060791,3.944000005722046,13.9399995803833,243,831.9267578125,77.6757344,12.9995084
1766331310056046800,771.344046875,4.6118974685668945,1.3174974918365479,4.297905921936035,3.8970000743865967,13.899999618530273,244,832.232177734375,77.6756186,12.9994601
1766331311055700500,772.3437004394531,2.163992166519165,1.0497411489486694,4.261749267578125,3.878999948501587,14.270000457763672,242,830.88623046875,77.6755046,12.9993906
1766331312055764500,773.3437644042968,6.0691046714782715,1.2613284587860107,4.368969440460205,3.7899999618530273,14.5,242,830.27197265625,77.675379,12.9993261
1766331313056039200,774.3440390625,5.987251281738281,1.4261118173599243,4.5604729652404785,3.8410000801086426,13.899999618530273,244,831.0751953125,77.6752682,12.999281
1766331314055839500,775.3438395996094,0.9593378305435181,0.9698407649993896,4.416029453277588,3.8410000801086426,14.050000190734863,243,830.8006591796875,77.6751543,12.9992209
1766331315055824400,776.3438244628907,5.433577537536621,1.3333885669708252,4.26719331741333,4.85699987411499,14,244,830.354248046875,77.6750403,12.9991657
1766331316055575800,777.3435759277344,5.970150470733643,1.378191590309143,4.1844587326049805,5.914000034332275,14.0600004196167,243,829.017333984375,77.6749253,12.9991099
1766331317055646000,778.3436459960938,3.4034738540649414,1.172315239906311,4.175228595733643,6.965000152587891,14.399999618530273,243,829.1275634765625,77.674806,12.9990532
1766331318056035000,779.34403515625,2.1005239486694336,1.0575551986694336,3.9783575534820557,7.988999843597412,15.3100004196167,243,828.471923828125,77.674685,12.9989922
1766331319055918300,780.3439184570312,4.283294200897217,1.3110735416412354,4.042166233062744,10.005999565124512,15.479999542236328,243,827.280029296875,77.6745584,12.9989302
1766331320055938000,781.3439379882813,1.1824951171875,0.984580934047699,3.9254941940307617,10.005999565124512,15.899999618530273,243,826.79736328125,77.674421,12.9988617
1766331321056089600,782.3440895996093,4.268477916717529,1.2909222841262817,3.9552385807037354,9.965999603271484,15.789999961853027,243,825.8787841796875,77.674292,12.9988037
1766331322056120800,783.3441208496093,0.9525442719459534,0.96756911277771,3.6697404384613037,9.9350004196167,15.569999694824219,243,824.8411865234375,77.6741769,12.9987542
1766331323055388000,784.3433879394531,1.2865668535232544,0.9872409105300903,3.6442441940307617,9.9350004196167,15.5,243,825.328369140625,77.6740485,12.9986894
1766331324055916800,785.3439167480469,1.4596283435821533,1.0001599788665771,3.4826648235321045,9.9350004196167,15.720000267028809,243,824.655517578125,77.6739201,12.9986265
1766331325056091000,786.3440908203125,0.385734885931015,0.9459860920906067,3.206670045852661,9.9350004196167,15.170000076293945,243,823.57470703125,77.6737955,12.9985677
1766331326055398400,787.3433984375,0.4654234051704407,0.943243145942688,2.8088316917419434,9.9350004196167,14.890000343322754,244,826.12109375,77.6736686,12.9985047
1766331327055420000,788.343419921875,0.4790892004966736,0.9454862475395203,2.5975255966186523,9.9350004196167,14.729999542236328,243,827.553955078125,77.6735405,12.9984432
1766331328056117000,789.3441169433594,0.692769467830658,0.9481325745582581,2.556873321533203,9.9350004196167,14.359999656677246,243,828.1787109375,77.6734264,12.9983834
1766331329055699700,790.3436997070313,0.3320780098438263,0.9399773478507996,2.529093027114868,9.9350004196167,14.069999694824219,243,828.1917724609375,77.6733071,12.9983251
1766331330055950600,791.3439506835938,0.3153652846813202,0.9369017481803894,2.5,9.9350004196167,14,243,827.950927734375,77.6731904,12.9982683
1766331331055463000,792.343462890625,0.3770981729030609,0.9392305016517639,2.5,9.9350004196167,13.930000305175781,243,828.72607421875,77.6730753,12.9982121
1766331332055400200,793.3434001464843,0.7180930376052856,0.9448756575584412,2.5,9.9350004196167,13.880000114440918,243,828.20458984375,77.6729583,12.9981541
1766331333056166000,794.3441657714844,1.5831146240234375,1.0252166986465454,2.5,9.9350004196167,13.84000015258789,244,827.447021484375,77.6728457,12.9980969
1766331334056085200,795.3440852050782,4.447593688964844,1.2560213804244995,2.561053514480591,9.9350004196167,13.350000381469727,243,827.62890625,77.6727334,12.9980472
1766331335055928300,796.3439282226562,3.2497572898864746,1.2132670879364014,2.739366292953491,9.9350004196167,13.3100004196167,244,827.741943359375,77.6726243,12.9979957
1766331336055413500,797.3434135742187,2.426398992538452,1.0594927072525024,2.734705686569214,9.9350004196167,13.600000381469727,244,827.066650390625,77.6725099,12.9979326
1766331337055651600,798.3436516113281,1.3634759187698364,0.9773638844490051,2.56044340133667,9.9350004196167,13.9399995803833,244,826.35546875,77.6723981,12.9978788
1766331338056168700,799.3441687011718,2.8684704303741455,1.1219689846038818,2.6237363815307617,9.9350004196167,13.829999923706055,244,826.18701171875,77.6722889,12.9978291
1766331339055839700,800.34383984375,2.903754949569702,1.0964325666427612,2.635725736618042,9.9350004196167,13.890000343322754,244,825.332763671875,77.6721681,12.9977729
1766331340055873000,801.343873046875,1.3135244846343994,0.9820877313613892,2.631284236907959,9.9350004196167,13.829999923706055,243,824.838623046875,77.6720532,12.9977137
1766331341055259400,802.3432592773438,5.398416519165039,1.3093730211257935,2.725979804992676,9.9350004196167,13.9399995803833,243,824.7469482421875,77.6719363,12.9976556
1766331342056071700,803.3440717773437,6.67323637008667,1.4752172231674194,2.8877172470092773,9.9350004196167,13.710000038146973,244,824.39306640625,77.6718266,12.9976015
1766331343055709000,804.343708984375,3.9498391151428223,1.2022093534469604,2.9711639881134033,9.9350004196167,13.520000457763672,244,823.820068359375,77.671721,12.9975491
1766331344055263200,805.3432631835938,6.5330729484558105,1.5008600950241089,3.045567274093628,10.057000160217285,13.819999694824219,241,823.659423828125,77.6716066,12.997492
1766331345055206000,806.3432058105469,4.839695453643799,1.2964904308319092,3.168732166290283,10.168000221252441,13.65999984741211,242,823.1241455078125,77.6715065,12.997444
1766331346055791000,807.343791015625,6.106035232543945,1.4372470378875732,3.388929843902588,10.38599967956543,13.760000228881836,243,823.1689453125,77.6713898,12.9973889
1766331347055745000,808.3437451171875,8.599264144897461,1.704201340675354,3.715690851211548,10.458000183105469,14.010000228881836,245,823.16552734375,77.6712632,12.9973373
1766331348055460400,809.3434604492187,8.361122131347656,1.6392263174057007,3.936412811279297,10.616999626159668,14.109999656677246,246,823.416015625,77.6711306,12.9972838
1766331349055336700,810.3433366699219,5.101287841796875,1.3473402261734009,4.132618427276611,10.74899959564209,13.460000038146973,244,823.56103515625,77.6710351,12.9972325
1766331350055341000,811.3433410644532,7.374412536621094,1.5477275848388672,4.198291778564453,10.779000282287598,13.359999656677246,243,824.08349609375,77.6709336,12.9971762
1766331351055269600,812.34326953125,7.841550827026367,1.635192632675171,4.167110443115234,10.789999961853027,13.3100004196167,246,824.009765625,77.6708195,12.997139
1766331352056089000,813.3440891113281,9.626789093017578,1.756168007850647,4.214319229125977,10.809000015258789,12.779999732971191,245,823.455322265625,77.6707202,12.9970887
1766331353056026000,814.3440261230469,3.8471462726593018,1.2020481824874878,4.2502288818359375,10.777999877929688,13.699999809265137,251,823.77880859375,77.6705918,12.9970499
1766331354055842300,815.3438422851563,3.1804661750793457,1.1404744386672974,4.225639343261719,10.779000282287598,14.359999656677246,253,824.336669921875,77.6704535,12.997015
1766331355055911700,816.3439116210938,4.402686595916748,1.2907562255859375,4.09321403503418,10.732000350952148,14.8100004196167,259,824.8734130859375,77.6703251,12.9969923
1766331356055850800,817.3438508300782,4.815153121948242,1.3170651197433472,4.126421928405762,10.63700008392334,13.84000015258789,261,824.583740234375,77.6702079,12.9969637
1766331357056224500,818.344224609375,0.47061604261398315,0.9507129788398743,3.907768964767456,10.468000411987305,13.770000457763672,263,824.945068359375,77.67008,12.9969425
1766331358055274800,819.3432746582031,0.6159827709197998,0.9544553160667419,3.7566709518432617,10.378999710083008,13.75,263,824.436767578125,77.669965,12.9969352
1766331359055912200,820.343912109375,1.5224977731704712,0.9882435202598572,3.784571409225464,10.163999557495117,13.829999923706055,262,825.167724609375,77.6698375,12.9969172
1766331360055852800,821.3438527832031,1.485237717628479,0.987063467502594,3.4783220291137695,10.12600040435791,13.380000114440918,260,825.0782470703125,77.6697217,12.9969003
1766331361055283700,822.3432836914062,3.4012136459350586,0.9635971188545227,3.261199474334717,10.029999732971191,13.380000114440918,257,824.478515625,77.6695972,12.9968718
1766331362055419400,823.3434194335938,2.170557737350464,1.047614574432373,3.164689779281616,9.956999778747559,13.65999984741211,254,823.6951904296875,77.6694694,12.9968345
1766331363055255600,824.3432556152344,2.9394371509552,1.1218514442443848,3.2977070808410645,9.9350004196167,13.5600004196167,251,824.13818359375,77.6693459,12.9967934
1766331364055937500,825.3439375,4.484261989593506,1.2767142057418823,3.478545665740967,9.9350004196167,13.270000457763672,247,824.61279296875,77.6692328,12.9967475
1766331365055974400,826.3439743652344,3.724194049835205,1.2388665676116943,3.6346747875213623,9.956999778747559,12.40999984741211,246,824.39208984375,77.6691305,12.9967065
1766331366055242500,827.3432424316406,6.78061056137085,1.3980575799942017,3.780013084411621,10.008999824523926,11.329999923706055,247,824.414794921875,77.669032,12.9966865
1766331367055272000,828.3432719726562,8.67800235748291,1.5301083326339722,4.013527870178223,10.144000053405762,10.399999618530273,246,823.5960693359375,77.6689387,12.9966625
1766331368056103400,829.344103515625,8.842116355895996,1.600897192955017,4.343323230743408,10.425000190734863,9.600000381469727,247,823.3939208984375,77.66886,12.9966332
1766331369055210500,830.3432104492188,12.151464462280273,1.6240438222885132,4.741020202636719,10.618000030517578,7.920000076293945,244,823.6273193359375,77.6688086,12.996623
1766331370055652000,831.3436520996094,15.252971649169922,1.5491522550582886,4.978295803070068,10.942999839782715,6.360000133514404,237,824.0247802734375,77.6687764,12.9966203
1766331371056168700,832.3441687011718,16.47088050842285,1.5856528282165527,5.18395471572876,11.524999618530273,6.019999980926514,241,824.15087890625,77.668725,12.996613
1766331372055932400,833.3439323730469,18.565481185913086,1.810640573501587,5.2429518699646,11.940999984741211,6.210000038146973,243,823.904541015625,77.6686628,12.9966022
1766331373055941000,834.3439411621093,20.41689682006836,1.8741627931594849,5.1792707443237305,12.137999534606934,5.5,240,824.0828857421875,77.6686287,12.996595
1766331374055863000,835.3438630371094,20.63304328918457,2.0104315280914307,5.129937171936035,12.744000434875488,4.610000133514404,242,823.923095703125,77.6685983,12.9965649
1766331375055977000,836.3439770507813,26.532611846923828,2.4197304248809814,5.124148368835449,13.288000106811523,5.71999979019165,250,823.58056640625,77.6685253,12.9964928
1766331376055895800,837.3438957519531,26.539833068847656,2.4197304248809814,5.14042854309082,13.682999610900879,5.71999979019165,250,823.57763671875,77.6684759,12.9964735
1766331377056055000,838.3440549316406,27.992149353027344,2.9342916011810303,5.118350028991699,14.77400016784668,6.539999961853027,247,823.36328125,77.6683935,12.9964369
1766331378055650300,839.343650390625,33.488914489746094,2.5356454849243164,5.074817657470703,14.925000190734863,4.619999885559082,243,823.34130859375,77.6684234,12.9964266
1766331379055296000,840.3432958984375,35.52747344970703,2.675909996032715,5.089702606201172,15.550000190734863,4.550000190734863,239,822.9129638671875,77.6683969,12.9963964
1766331380056003000,841.3440031738281,40.72831726074219,2.4458255767822266,5.064742088317871,16.22599983215332,3.5199999809265137,236,822.860107421875,77.668413,12.9963917
1766331381055248000,842.3432478027344,43.392093658447266,2.3702194690704346,5.1742634773254395,16.14900016784668,3.1500000953674316,236,822.334716796875,77.6683891,12.9963558
1766331382055471600,843.3434716796875,50.120941162109375,2.422394275665283,5.2956037521362305,16.360000610351562,3.140000104904175,233,822.263427734375,77.6683713,12.9963397
1766331383055909600,844.3439096679688,67.7822265625,2.371030330657959,5.510612487792969,16.63800048828125,2.0799999237060547,253,822.0579833984375,77.6683666,12.9963427
1766331384055992800,845.3439929199219,82.60787963867188,2.0705413818359375,5.692692279815674,16.466999053955078,1.3600000143051147,211,822.335205078125,77.6683758,12.9963235
1766331385055357700,846.3433576660157,82.60787963867188,2.171962261199951,5.907494068145752,16.5310001373291,0.7200000286102295,211,822.54736328125,77.6683919,12.9963227
1766331386055815000,847.3438149414062,82.60787963867188,2.4558401107788086,6.018152713775635,17.14900016784668,0.6000000238418579,211,822.715576171875,77.6683973,12.9963233
1766331387055641300,848.3436413574219,82.60787963867188,2.7272472381591797,6.127674579620361,17.81399917602539,0.5199999809265137,211,822.712890625,77.6684006,12.9963241
1766331388055468500,849.3434685058594,91.55064392089844,2.9864063262939453,6.299901962280273,18.589000701904297,0.28999999165534973,100,822.5401611328125,77.6684139,12.9963231
1766331389055887000,850.3438872070312,91.55064392089844,2.7355053424835205,6.385242462158203,19.14900016784668,0.25,100,822.047607421875,77.6684377,12.9963213
1766331390056192300,851.3441921386719,75.95532989501953,2.246668815612793,6.268008708953857,19.816999435424805,0.7900000214576721,4,822.3243408203125,77.6684246,12.996316
1766331391055263000,852.3432629394531,79.2834701538086,2.230090618133545,6.15350866317749,19.236000061035156,0.7099999785423279,7,822.3189697265625,77.6684206,12.9963133
1766331392055393500,853.3433935546875,79.2834701538086,1.3590351343154907,6.237210750579834,18.479000091552734,0.28999999165534973,7,822.09326171875,77.6684276,12.9963113
1766331393055724300,854.3437243652344,79.2834701538086,1.3747950792312622,6.843791961669922,16.121999740600586,0.3700000047683716,7,821.79638671875,77.6684117,12.9963013
1766331394056151600,855.3441516113281,79.2834701538086,1.6949957609176636,19.953632354736328,14.336999893188477,0.25,7,841.7999877929688,77.6683967,12.996295
1766331395055923000,856.3439228515625,79.2834701538086,1.9298495054244995,19.96363067626953,13.972000122070312,0.3499999940395355,7,841.7999877929688,77.6683851,12.9962913
1766331396055881500,857.3438815917968,79.2834701538086,2.257235050201416,19.973628997802734,12.532999992370605,0.3700000047683716,7,841.7999877929688,77.6683692,12.9962783
1766331397055755800,858.343755859375,79.2834701538086,1.828808069229126,19.98362922668457,12.1850004196167,0.49000000953674316,7,841.7999877929688,77.6683517,12.9962723
1766331398055878400,859.3438784179688,79.2834701538086,2.185520887374878,19.993629455566406,12.166999816894531,0.44999998807907104,7,841.7999877929688,77.6683368,12.9962677
1766331399055721700,860.3437216796875,79.2834701538086,2.3088572025299072,20.00362777709961,12.281000137329102,0.5099999904632568,7,841.7999877929688,77.6683197,12.9962625
1766331400055735600,861.3437355957032,79.2834701538086,2.506120204925537,4.959145545959473,12.552000045776367,0.6399999856948853,7,825.7999877929688,77.6683047,12.9962583
1766331401056099300,862.3440993652343,79.2834701538086,2.4212422370910645,4.969149112701416,13.074000358581543,0.47999998927116394,7,825.7999877929688,77.6682944,12.9962522
1766331402055859200,863.3438591308594,79.2834701538086,1.8616290092468262,4.979146957397461,13.043999671936035,0.4699999988079071,7,825.7999877929688,77.6682841,12.9962567
1766331403055283500,864.3432834472657,85.25271606445312,2.010028123855591,4.98914098739624,12.965999603271484,0.7200000286102295,265,825.7999877929688,77.6682771,12.9962697
1766331404056185600,865.344185546875,85.25271606445312,2.2287566661834717,4.999149799346924,13.0600004196167,0.15000000596046448,265,825.7999877929688,77.6682742,12.9962681
1766331405055951000,866.343951171875,85.25271606445312,2.0808351039886475,5.009147644042969,13.069999694824219,0.47999998927116394,265,825.7999877929688,77.6682692,12.9962662
1766331406055929300,867.3439294433593,85.25271606445312,1.3278865814208984,3.0504684448242188,12.979000091552734,0.699999988079071,265,826.3999633789062,77.668265,12.9962739
1766331407056042800,868.3440427246094,72.97401428222656,1.3754099607467651,3.060469627380371,12.873000144958496,0.7699999809265137,352,826.3999633789062,77.6682653,12.9962836
1766331408055692800,869.3436928710937,67.76713562011719,0.994996964931488,3.0704660415649414,12.907999992370605,0.41999998688697815,356,826.3999633789062,77.668266,12.9962887
1766331409056044800,870.344044921875,67.76713562011719,1.0357030630111694,3.0804696083068848,12.973999977111816,0.46000000834465027,356,826.3999633789062,77.668265,12.9962918
1766331410055752700,871.3437526855469,67.76713562011719,1.3548860549926758,3.0904667377471924,13.156000137329102,0.4699999988079071,356,826.3999633789062,77.6682653,12.9962957
1766331411056095000,872.3440949707032,72.97401428222656,1.496801495552063,3.1004700660705566,13.458000183105469,0.6000000238418579,352,826.3999633789062,77.6682644,12.9963013
1766331412055615500,873.3436154785156,72.97401428222656,1.7459969520568848,3.1104652881622314,13.824000358581543,0.49000000953674316,352,826.3999633789062,77.6682638,12.9963062
1766331413055455700,874.3434558105469,72.97401428222656,1.872646689414978,3.1204636096954346,14.451000213623047,0.18000000715255737,352,826.3999633789062,77.668267,12.9962973
1766331414055741200,875.3437412109375,72.97401428222656,1.889086127281189,3.1304664611816406,15.329999923706055,0.28999999165534973,352,826.3999633789062,77.6682671,12.9962922
1766331415055630300,876.3436303710937,72.97401428222656,2.0805773735046387,3.140465497970581,16.450000762939453,0.3799999952316284,352,826.3999633789062,77.6682648,12.9962904
1766331416055745000,877.3437451171875,67.76713562011719,2.1814165115356445,3.1504666805267334,17.445999145507812,0.23000000417232513,356,826.3999633789062,77.6682662,12.9962794
1766331417056162000,878.344162109375,67.76713562011719,2.1227223873138428,3.160470724105835,18.81100082397461,0.4300000071525574,356,826.3999633789062,77.6682664,12.996267
1766331418056165400,879.3441652832031,67.76713562011719,2.247589349746704,3.170470714569092,19.652999877929688,0.5899999737739563,356,826.3999633789062,77.6682616,12.9962557
1766331419055436500,880.3434365234375,67.76713562011719,2.0103952884674072,3.1804635524749756,19.386999130249023,0.550000011920929,356,826.3999633789062,77.6682579,12.9962522
1766331420055289900,881.3432897949219,67.76713562011719,2.168684720993042,3.190462112426758,19.468000411987305,0.5,356,826.3999633789062,77.6682592,12.9962475
1766331421055343900,882.34334375,67.76713562011719,1.9180598258972168,3.200462579727173,18.85099983215332,0.47999998927116394,356,826.3999633789062,77.6682529,12.9962543
1766331422055432400,883.3434323730469,67.76713562011719,2.009835720062256,3.210463523864746,18.22100067138672,0.800000011920929,356,826.3999633789062,77.6682432,12.9962534
1766331423056156400,884.3441564941406,67.76713562011719,2.1928789615631104,3.220470666885376,17.72599983215332,0.8100000023841858,356,826.3999633789062,77.6682338,12.9962523
1766331424055875800,885.3438757324219,63.412437438964844,2.48262095451355,6.480897426605225,16.83099937438965,1.7699999809265137,252,826.5999755859375,77.6682113,12.996247
1766331425055640300,886.3436403808594,29.448381423950195,1.8659613132476807,6.4908952713012695,16.275999069213867,3.9700000286102295,238,826.5999755859375,77.6681561,12.9962271
1766331426055259400,887.3432592773438,21.80171012878418,1.9791955947875977,6.500891208648682,16.291000366210938,5.369999885559082,236,826.5999755859375,77.6679908,12.9960953
1766331427055644000,888.3436437988281,20.132041931152344,2.1423630714416504,6.510895252227783,16.347999572753906,5.949999809265137,238,826.5999755859375,77.6679388,12.9960649
1766331428055587600,889.3435876464844,17.265111923217773,1.9392268657684326,6.520894527435303,16.030000686645508,6.789999961853027,251,826.5999755859375,77.6677875,12.9961094
1766331429055895800,890.3438957519531,16.412355422973633,1.995046615600586,6.530897617340088,15.222000122070312,7.28000020980835,250,826.5999755859375,77.6677023,12.9961072
1766331430055751000,891.3437509765625,0.5229575037956238,0.9562867283821106,6.540896415710449,14.319999694824219,12,246,826.5999755859375,77.6676043,12.996065
1766331431055909400,892.3439094238281,0.4256877899169922,0.9655649662017822,6.55089807510376,13.248000144958496,12.619999885559082,247,826.5999755859375,77.667504,12.9960371
1766331432056166100,893.3441662597656,0.41265249252319336,0.9612912535667419,6.5609002113342285,12.017999649047852,13.359999656677246,247,826.5999755859375,77.6673838,12.9959817
1766331433055757000,894.3437570800781,0.6449100375175476,0.9712235331535339,6.570896148681641,11.130999565124512,13.850000381469727,248,826.5999755859375,77.6672439,12.9959218
1766331434055849200,895.3438491210937,0.9172593951225281,0.968177080154419,6.580897331237793,10.932000160217285,14.119999885559082,249,826.5999755859375,77.6671222,12.9958758
1766331435055269600,896.34326953125,0.6945594549179077,0.9627292156219482,6.590891361236572,10.378999710083008,14.65999984741211,249,826.5999755859375,77.6669878,12.9958151
1766331436055899000,897.3438989257812,5.58479642868042,1.3914299011230469,6.600897789001465,10.164999961853027,14.8100004196167,249,826.5999755859375,77.6668551,12.9957617
1766331437055862000,898.3438620605468,1.845741629600525,1.0304062366485596,6.610897541046143,9.986000061035156,15.100000381469727,250,826.5999755859375,77.66672,12.9957115
1766331438055688700,899.3436887207031,1.4443153142929077,1.0144567489624023,6.620895862579346,9.946999549865723,15.84000015258789,252,826.5999755859375,77.6665748,12.9956563
1766331439055445200,900.3434453125,1.214298129081726,0.9894578456878662,6.630893230438232,9.9350004196167,16.09000015258789,252,826.5999755859375,77.666433,12.9956106
1766331440055896000,901.3438959960938,0.671477198600769,0.9601477384567261,6.640897750854492,9.9350004196167,16.360000610351562,252,826.5999755859375,77.6662838,12.9955602
1766331441055800300,902.3438002929687,0.9713790416717529,0.9800850749015808,6.6508965492248535,9.9350004196167,16.709999084472656,252,826.5999755859375,77.6661326,12.9955139
1766331442055453200,903.343453125,1.1728870868682861,1.0044320821762085,6.660893440246582,9.9350004196167,17.15999984741211,252,826.5999755859375,77.6659812,12.9954619
1766331443055402800,904.3434028320313,1.2378764152526855,0.9951897263526917,6.670892715454102,9.9350004196167,16.93000030517578,252,826.5999755859375,77.6658344,12.9954204
1766331444056074500,905.3440744628906,1.502303123474121,1.011096715927124,6.680899620056152,9.9350004196167,17.239999771118164,253,826.5999755859375,77.6656833,12.9953787
1766331445055914200,906.3439143066406,3.4019763469696045,0.9745137095451355,6.6908979415893555,9.9350004196167,17.43000030517578,254,826.5999755859375,77.6655315,12.9953401
1766331446055925500,907.3439255371094,4.986281871795654,1.3463138341903687,6.700898170471191,9.9350004196167,17.510000228881836,256,826.5999755859375,77.665375,12.9953018
1766331447055925500,908.3439255371094,1.1718913316726685,1.0174446105957031,6.710897922515869,9.9350004196167,17.68000030517578,259,826.5999755859375,77.6652168,12.9952772
1766331448055877000,909.3438771972657,0.5093961954116821,0.9490382671356201,6.720897674560547,9.9350004196167,17.770000457763672,261,826.5999755859375,77.665056,12.9952515
1766331449055914200,910.3439143066406,1.3055226802825928,1.0234190225601196,6.730897903442383,9.9350004196167,17.899999618530273,263,826.5999755859375,77.6648933,12.9952298
1766331450055606500,911.3436064453125,4.001650333404541,1.4668514728546143,6.740894794464111,9.9350004196167,17.90999984741211,264,826.5999755859375,77.6647315,12.9952141
1766331451054771000,912.3427709960938,2.4626283645629883,0.7000254988670349,6.7508864402771,9.9350004196167,18.31999969482422,269,826.5999755859375,77.6645595,12.9952085
1766331452054654500,913.3426545410156,0.5858529806137085,0.17043563723564148,6.760885238647461,9.9350004196167,18.68000030517578,271,826.5999755859375,77.6643926,12.9952127
1766331453054455000,914.342455078125,0.5201858282089233,0.15071585774421692,6.770883083343506,9.9350004196167,18.610000610351562,273,826.5999755859375,77.6642285,12.9952252
1766331454054308900,915.3423088378906,0.2948151230812073,0.9742541313171387,6.780881881713867,9.9350004196167,18.389999389648438,274,826.5999755859375,77.6640554,12.9952416
1766331455055114500,916.3431145019531,0.7577728033065796,0.21812178194522858,6.790889739990234,9.9350004196167,18.489999771118164,278,826.5999755859375,77.6638883,12.9952676
1766331456054753000,917.3427529296875,2.0039124488830566,0.5402021408081055,6.800886154174805,9.9350004196167,17.360000610351562,283,826.5999755859375,77.6637295,12.9952971
1766331457054660900,918.3426608886718,3.533782482147217,0.9823662638664246,6.810885429382324,9.9350004196167,17.940000534057617,280,826.5999755859375,77.663561,12.9953246
1766331458054807000,919.3428071289062,3.720378875732422,1.038975477218628,6.820886611938477,9.9350004196167,18.030000686645508,283,826.5999755859375,77.6633991,12.9953628
1766331459054848800,920.3428488769531,1.8310900926589966,0.5203962922096252,6.830887317657471,9.9350004196167,18.299999237060547,285,826.5999755859375,77.6632319,12.9954019
1766331460054798300,921.3427983398437,0.5329957008361816,0.14945967495441437,6.84088659286499,9.9350004196167,18.010000228881836,283,826.5999755859375,77.6630653,12.9954408
1766331461054923000,922.3429230957031,0.8664286732673645,1.0033469200134277,6.850887775421143,9.9350004196167,18.100000381469727,282,826.5999755859375,77.6629061,12.9954736
1766331462055100200,923.3431000976562,0.4128200113773346,0.9500786662101746,6.860889911651611,9.9350004196167,17.950000762939453,280,826.5999755859375,77.6627411,12.9955041
1766331463054251000,924.3422509765625,0.4330674409866333,0.9568376541137695,6.870881080627441,9.9350004196167,18.040000915527344,276,826.5999755859375,77.6625779,12.9955188
1766331464054487600,925.3424875488281,0.16728435456752777,0.9475594162940979,6.880883693695068,9.9350004196167,17.920000076293945,273,826.5999755859375,77.6624125,12.9955282
1766331465054672000,926.342671875,0.20873640477657318,0.9491226077079773,6.890885353088379,9.9350004196167,17.770000457763672,270,826.5999755859375,77.6622464,12.9955293
1766331466054817000,927.3428171386719,0.28389063477516174,0.9729469418525696,6.9008870124816895,9.9350004196167,17.760000228881836,267,826.5999755859375,77.6620832,12.9955208
1766331467055149800,928.3431499023437,0.22368499636650085,0.95970219373703,6.910890102386475,9.9350004196167,17.899999618530273,264,826.5999755859375,77.6619176,12.9955027
1766331468054296600,929.3422966308593,0.23005443811416626,0.9773595333099365,6.920881748199463,9.9350004196167,17.889999389648438,260,826.5999755859375,77.6617541,12.9954747
1766331469054237700,930.3422377929687,0.2126699984073639,0.9604146480560303,6.930881023406982,9.9350004196167,17.950000762939453,257,826.5999755859375,77.6615887,12.9954408
1766331470054318600,931.3423186035157,1.0201337337493896,0.9903872609138489,6.940881729125977,9.9350004196167,18.1200008392334,254,826.5999755859375,77.6614295,12.9953915
1766331471054452200,932.3424521484375,2.451237678527832,1.1510088443756104,6.950883388519287,9.9350004196167,17.969999313354492,250,826.5999755859375,77.6612733,12.9953366
1766331472054827500,933.3428276367188,4.353050231933594,1.4289228916168213,6.9608869552612305,9.9350004196167,17.790000915527344,248,826.5999755859375,77.6611214,12.9952756
1766331473054448000,934.3424482421875,3.8857715129852295,1.3232289552688599,6.970883369445801,10.010000228881836,17.530000686645508,247,826.5999755859375,77.6609772,12.9952109
1766331474055139000,935.3431391601563,3.971992015838623,1.3413203954696655,6.980890274047852,10.208000183105469,17.649999618530273,244,826.5999755859375,77.6608238,12.9951349
1766331475055129000,936.3431291503906,3.202300548553467,1.2379810810089111,6.990890026092529,10.416000366210938,17.790000915527344,243,826.5999755859375,77.6606751,12.9950566
1766331476055126300,937.3431262207031,1.993798851966858,1.0672698020935059,7.000889778137207,10.555000305175781,18.18000030517578,242,826.5999755859375,77.6605341,12.9949822
1766331477054816500,938.34281640625,4.23345947265625,1.2937183380126953,7.010887145996094,10.479000091552734,18.100000381469727,242,826.5999755859375,77.660387,12.9948957
1766331478054331100,939.3423310546875,4.889546871185303,1.454159140586853,7.0208821296691895,10.553999900817871,18.600000381469727,243,826.5999755859375,77.6602282,12.9948129
1766331479054408200,940.342408203125,2.9043960571289062,1.209704875946045,7.030882835388184,10.501999855041504,18.15999984741211,243,826.5999755859375,77.6600764,12.9947633
1766331480054671400,941.3426713867187,0.3614768385887146,0.9413148164749146,7.0408854484558105,10.336999893188477,18.09000015258789,242,826.5999755859375,77.6599309,12.9946967
1766331481054908400,942.3429084472656,3.4373791217803955,1.239411473274231,7.0508880615234375,10.163999557495117,18.280000686645508,242,826.5999755859375,77.6597785,12.9946203
1766331482054830300,943.3428303222656,2.9221434593200684,1.181180477142334,7.060886859893799,10.038000106811523,17.489999771118164,243,826.5999755859375,77.6596382,12.9945509
1766331483054255900,944.342255859375,2.478660821914673,1.126190185546875,7.070881366729736,10.020999908447266,18.15999984741211,243,826.5999755859375,77.6594856,12.9944733
1766331484054776000,945.3427761230469,1.39456307888031,1.0019112825393677,7.080886363983154,9.9350004196167,18.239999771118164,242,826.5999755859375,77.6593348,12.9943905
1766331485054924800,946.3429248046875,3.20542049407959,1.1894303560256958,7.090888023376465,9.9350004196167,18.459999084472656,241,826.5999755859375,77.659185,12.9943049
1766331486054672000,947.342671875,3.8578591346740723,1.3312562704086304,7.100885391235352,9.9350004196167,18.559999465942383,240,826.5999755859375,77.6590297,12.9942255
1766331487054599700,948.342599609375,5.05584716796875,1.540666103363037,7.110884666442871,10.036999702453613,18.68000030517578,240,826.5999755859375,77.6588764,12.9941324
1766331488054444000,949.3424440917969,3.2704074382781982,1.245958924293518,7.120882987976074,10.128999710083008,17.670000076293945,240,826.5999755859375,77.6587354,12.9940642
1766331489054429000,950.3424289550782,1.340584635734558,1.0053271055221558,7.13088321685791,10.097000122070312,17.34000015258789,239,826.5999755859375,77.6586015,12.993987
1766331490054922800,951.3429228515625,2.9134349822998047,0.972787082195282,7.14088773727417,10.097000122070312,16.959999084472656,239,826.5999755859375,77.6584635,12.9939074
1766331491054928100,952.3429282226563,2.998349905014038,1.1548844575881958,7.150887966156006,10.128999710083008,16.940000534057617,239,826.5999755859375,77.6583324,12.9938282
1766331492054628400,953.3426284179687,3.032226085662842,1.1668447256088257,7.160884857177734,10.006999969482422,16.399999618530273,239,826.5999755859375,77.6582047,12.9937459
1766331493055091200,954.3430913085938,2.801833391189575,1.1386713981628418,7.170889854431152,9.9350004196167,16.190000534057617,239,826.5999755859375,77.6580796,12.9936741
1766331494054877700,955.3428776855469,3.4968984127044678,0.9638019800186157,7.180887699127197,9.9350004196167,15.970000267028809,240,826.5999755859375,77.6579451,12.9936002
1766331495054930400,956.3429304199219,1.0490810871124268,0.964846670627594,7.190887928009033,9.9350004196167,15.489999771118164,239,826.5999755859375,77.6578232,12.9935245
1766331496054305000,957.3423049316406,0.558392345905304,0.9473806619644165,7.2008819580078125,9.9350004196167,15.350000381469727,239,826.5999755859375,77.6577055,12.9934509
1766331497055090200,958.3430900878906,1.367802381515503,1.0184580087661743,7.21088981628418,9.9350004196167,15.1899995803833,239,826.5999755859375,77.6575826,12.9933832
1766331498054412300,959.3424123535157,2.9984850883483887,0.6685238480567932,7.220882892608643,9.9350004196167,14.380000114440918,239,826.5999755859375,77.6574684,12.9933197
1766331499055111400,960.343111328125,2.662214517593384,0.5761027932167053,7.230889797210693,9.9350004196167,13.949999809265137,239,826.5999755859375,77.657359,12.9932596
1766331500054459400,961.3424594726563,2.330379009246826,0.4997745454311371,7.2408833503723145,9.9350004196167,13.819999694824219,239,826.5999755859375,77.6572518,12.9931976
1766331501054572300,962.342572265625,3.8395988941192627,0.8023726940155029,7.250884532928467,9.9350004196167,13.489999771118164,239,826.5999755859375,77.6571426,12.9931346
1766331502055134700,963.343134765625,3.563480854034424,0.7125527858734131,7.260890007019043,9.9350004196167,12.899999618530273,239,826.5999755859375,77.657035,12.993072
1766331503054459100,964.3424592285156,4.170985221862793,1.2469429969787598,7.270883560180664,9.9350004196167,13.0600004196167,240,826.5999755859375,77.65693,12.9930136
1766331504054252300,965.3422521972657,1.2060725688934326,0.9806630611419678,7.280881404876709,9.9350004196167,12.75,239,826.5999755859375,77.6568374,12.992972
1766331505054800100,966.3428000488282,2.0515551567077637,1.0263786315917969,7.290886878967285,9.9350004196167,12.359999656677246,239,826.5999755859375,77.656734,12.9929068
1766331506055108900,967.3431088867187,0.47467514872550964,0.9530948996543884,7.30088996887207,9.9350004196167,12.350000381469727,239,826.5999755859375,77.6566321,12.9928488
1766331507054607000,968.3426071777344,0.5937066078186035,0.9573224782943726,7.310884952545166,9.9350004196167,12.210000038146973,238,826.5999755859375,77.6565428,12.9927974
1766331508054567200,969.3425671386718,0.5968464612960815,0.9542966485023499,7.3208842277526855,9.9350004196167,12.180000305175781,237,826.5999755859375,77.6564475,12.9927406
1766331509055034600,970.3430346679687,0.7169053554534912,0.9607511758804321,7.3308892250061035,9.9350004196167,12.210000038146973,236,826.5999755859375,77.6563528,12.9926776
1766331510054270500,971.3422705078125,0.6425774693489075,0.964610755443573,2.90828537940979,9.9350004196167,12.390000343322754,235,827.76318359375,77.6562573,12.9926163
1766331511055044000,972.3430441894532,2.3566806316375732,1.0435539484024048,2.9408164024353027,9.9350004196167,12.229999542236328,234,827.85009765625,77.6561601,12.9925501
1766331512054914300,973.3429143066406,2.2498085498809814,1.0287047624588013,2.967437982559204,9.9350004196167,12.3100004196167,233,827.863037109375,77.6560679,12.9924825
1766331513055190000,974.3431899414062,2.2563023567199707,1.0186115503311157,2.9374988079071045,9.9350004196167,12.359999656677246,232,827.781494140625,77.6559792,12.9924165
1766331514054211800,975.3422119140625,2.482300281524658,1.0367907285690308,2.89328670501709,9.9350004196167,12.369999885559082,231,827.732666015625,77.6558908,12.9923483
1766331515054932000,976.3429318847657,5.122106075286865,1.2714754343032837,2.8226139545440674,9.9350004196167,12.289999961853027,230,827.301513671875,77.6558046,12.9922783
1766331516054282500,977.3422824707031,2.6112985610961914,1.057318091392517,2.817025899887085,9.9350004196167,12.520000457763672,229,827.616455078125,77.655714,12.9922042
1766331517054455300,978.3424553222657,1.5802130699157715,0.9783163666725159,2.7139673233032227,9.9350004196167,12.210000038146973,229,827.5390625,77.6556272,12.9921325
1766331518054440000,979.3424399414063,5.203023433685303,1.2243311405181885,2.6062357425689697,9.9350004196167,12.180000305175781,228,827.808349609375,77.6555409,12.9920578
1766331519054204200,980.3422041015625,2.348655939102173,1.0216188430786133,2.5417821407318115,9.9350004196167,12.15999984741211,227,827.7144775390625,77.6554587,12.9919802
1766331520054547200,981.3425471191406,3.3490989208221436,1.0899714231491089,2.5135011672973633,9.9350004196167,11.949999809265137,227,827.5164794921875,77.655376,12.9919105
1766331521055138300,982.3431381835937,3.982889413833618,1.1390570402145386,2.5734496116638184,9.9350004196167,11.270000457763672,227,826.278076171875,77.6553011,12.9918462
1766331522054783500,983.3427834472657,5.314209938049316,1.274557113647461,2.7132813930511475,9.9350004196167,11.989999771118164,225,826.359130859375,77.6552152,12.9917596
1766331523054835500,984.3428354492188,4.067015171051025,1.1429393291473389,2.8679115772247314,9.9350004196167,11.619999885559082,227,826.1875,77.6551391,12.9916879
1766331524055067400,985.3430673828125,8.140273094177246,1.4900680780410767,2.9097366333007812,10.013999938964844,11.75,227,825.3912353515625,77.6550598,12.9916125
1766331525054564000,986.3425642089844,3.944247245788574,1.0858547687530518,2.9260082244873047,10.013999938964844,11.930000305175781,230,824.15283203125,77.6549715,12.9915439
1766331526054642000,987.3426418457032,7.944553375244141,1.4354928731918335,3.03202486038208,10.00100040435791,12.010000228881836,231,823.218994140625,77.6548875,12.9914728
1766331527054480100,988.3424802246094,7.046719551086426,1.454157829284668,3.301842212677002,10.062000274658203,12.699999809265137,230,822.2822265625,77.6547938,12.9913752
1766331528054311000,989.3423107910156,5.876683712005615,1.3412909507751465,3.4917678833007812,10.182999610900879,12.260000228881836,238,822.82275390625,77.6546907,12.9913173
1766331529054350300,990.3423503417969,2.4948859214782715,1.0380182266235352,3.5553667545318604,10.208999633789062,12.149999618530273,244,822.8341064453125,77.6545882,12.9912652
1766331530054787800,991.3427878417968,1.7465795278549194,0.986115574836731,3.5207412242889404,10.1850004196167,12.3100004196167,249,823.828857421875,77.6544675,12.9912159
1766331531054901000,992.3429008789062,0.869260311126709,0.9899765849113464,3.451131582260132,10.1850004196167,12.220000267028809,251,824.220458984375,77.6543562,12.9911732
1766331532054648300,993.3426484375,4.104459285736084,1.1794015169143677,3.630486249923706,10.111000061035156,12.300000190734863,252,824.65478515625,77.654246,12.9911467
1766331533054420000,994.342419921875,6.310939788818359,1.3750789165496826,3.83813738822937,10.081999778747559,11.970000267028809,254,824.6866455078125,77.6541391,12.9911127
1766331534054456600,995.3424565429688,0.8703465461730957,0.9525313973426819,3.6434991359710693,10.050000190734863,12.25,254,824.304931640625,77.6540296,12.9910842
1766331535054609700,996.3426096191406,1.0016933679580688,0.9522705078125,3.4634623527526855,10.031000137329102,12.390000343322754,253,824.48583984375,77.6539182,12.9910502
1766331536054925300,997.3429252929687,1.0937647819519043,0.9602482318878174,3.298050880432129,10.050000190734863,12.34000015258789,253,824.729248046875,77.6538047,12.9910141
1766331537054190300,998.3421904296875,1.1084012985229492,0.9565178155899048,3.1522297859191895,10.031000137329102,12.3100004196167,254,823.6259765625,77.653698,12.9909853
1766331538055045400,999.3430454101563,6.756050109863281,1.411433458328247,3.147879123687744,9.9350004196167,12.210000038146973,253,823.76708984375,77.6535882,12.9909499
1766331539054862600,1000.3428625488282,6.400794982910156,1.3347314596176147,3.2894299030303955,9.986000061035156,11.640000343322754,255,822.3487548828125,77.6534928,12.9909255
1766331540054476800,1001.3424768066407,7.238432884216309,1.4061731100082397,3.335108518600464,10.050000190734863,11.140000343322754,254,822.447998046875,77.6533968,12.9908976
1766331541054451500,1002.3424514160156,1.5377660989761353,0.9672081470489502,3.115018606185913,10.069999694824219,11,254,823.36962890625,77.6533045,12.9908713
1766331542054481400,1003.3424814453125,6.395106315612793,1.2807402610778809,3.0183794498443604,10.135000228881836,10.920000076293945,253,822.908935546875,77.653208,12.9908401
1766331543054284000,1004.3422839355469,6.023775577545166,1.2574697732925415,3.0090577602386475,10.151000022888184,10.130000114440918,256,822.0081787109375,77.6531194,12.9908188
1766331544055139800,1005.3431398925782,10.764080047607422,1.5867170095443726,3.085538625717163,10.265999794006348,10.180000305175781,255,821.84716796875,77.6530299,12.9907914
1766331545054920000,1006.342919921875,13.550864219665527,1.8433642387390137,3.191877841949463,10.41100025177002,10.149999618530273,254,821.8048095703125,77.6529416,12.9907626
1766331546054592300,1007.3425922851562,16.284870147705078,2.041689395904541,3.28436279296875,10.711000442504883,10.119999885559082,254,821.767822265625,77.6528552,12.9907329
1766331547054418700,1008.3424187011718,18.971878051757812,2.2488527297973633,3.406174421310425,11.003000259399414,10.100000381469727,254,821.7528076171875,77.6527683,12.9907008
1766331548054598400,1009.3425983886718,20.601993560791016,2.4261348247528076,3.4371585845947266,11.788000106811523,10.1899995803833,254,821.73779296875,77.6526777,12.9906666
1766331549054444800,1010.3424448242188,19.24062156677246,2.552255868911743,3.607771158218384,12.20199966430664,11.359999656677246,257,821.49560546875,77.6525283,12.9906179
1766331550054931000,1011.3429309082031,20.61587142944336,2.6924514770507812,3.796757698059082,13.418000221252441,11.420000076293945,257,821.46484375,77.6524278,12.9905804
1766331551054676200,1012.3426762695312,21.354156494140625,2.8137691020965576,4.007959842681885,14.609999656677246,11.59000015258789,257,821.3955078125,77.6523176,12.990542
1766331552054419700,1013.3424196777344,21.658811569213867,2.786163330078125,4.218710899353027,15.994000434875488,11.770000457763672,258,821.280517578125,77.6522039,12.9905024
1766331553054221600,1014.3422216796876,21.54340362548828,2.811520576477051,4.451396942138672,16.867000579833984,11.699999809265137,257,821.2490234375,77.6520993,12.9904666
1766331554054721000,1015.3427209472657,19.563810348510742,2.906843423843384,4.709842681884766,19.575000762939453,12.180000305175781,249,821.154052734375,77.6519626,12.9904071
1766331555054436400,1016.3424362792969,21.078819274902344,3.05875825881958,4.987791061401367,20.97599983215332,12.180000305175781,249,821.14794921875,77.6518565,12.9903716
1766331556054287600,1017.3422875976562,22.475419998168945,3.623436450958252,5.1147871017456055,23.680999755859375,12.1899995803833,249,821.1424560546875,77.6517529,12.9903256
1766331564070000000,1025.3580002441406,0,0,5.1147871017456055,352.3739929199219,0,0,821.1424560546875,77.6517529,12.9903256
1766331570052000000,1031.34,0,0,5.1147871017456055,200,0,0,821.1424560546875,77.6548652,12.9903977
1766331575881000000,1037.169,0,0,5.1147871017456055,200,0,0,821.1424560546875,77.6548652,12.9903977
1766331581684000000,1042.972,0,0,5.1147871017456055,200,0,0,821.1424560546875,77.6548652,12.9903977
1766331587512000000,1048.8,0,0,5.1147871017456055,200,0,0,821.1424560546875,77.6548652,12.9903977
1766331593324000000,1054.612,0,0,5.1147871017456055,200,0,0,821.1424560546875,77.6548652,12.9903977
1766331599155000000,1060.443,0,0,5.1147871017456055,200,0,0,821.1424560546875,77.6548652,12.9903977
1766331604961000000,1066.249,0,0,5.1147871017456055,200,0,0,821.1424560546875,77.6548652,12.9903977
1766331610762000000,1072.0499997558593,0,0,5.1147871017456055,200,0,0,821.1424560546875,77.6548652,12.9903977
1766331616592000000,1077.88,0,0,5.1147871017456055,100,0,0,821.1424560546875,77.6512858,12.9905794
1766331620054609400,1081.342609375,17.531604766845703,2.4413769245147705,25.267894744873047,14.918999671936035,8.9399995803833,253,847.9619140625,77.6512206,12.9902698
1766331621054264000,1082.3422641601562,6.927806377410889,1.0486873388290405,20.115449905395508,13.149999618530273,8.09000015258789,254,854.749755859375,77.6511883,12.9902268
1766331622055160800,1083.343160888672,3.5431978702545166,0.44298261404037476,11.007698059082031,10.95300006866455,8.069999694824219,254,846.52880859375,77.6511054,12.9902196
1766331623054217000,1084.3422170410156,2.866619110107422,0.3814221918582916,8.666722297668457,9.512999534606934,8.579999923706055,256,839.511474609375,77.6510232,12.9902122
1766331624054659000,1085.3426591796874,2.8346848487854004,1.0192286968231201,7.0779643058776855,8.501999855041504,8.619999885559082,256,836.6865234375,77.6509384,12.990199
1766331625054659000,1086.3426591796874,1.2587271928787231,1.1526809930801392,6.082710266113281,6.276000022888184,8.399999618530273,253,832.1290283203125,77.6508346,12.9901869
1766331626054441000,1087.3424409179688,2.3153226375579834,0.9858689308166504,5.496782302856445,4.757999897003174,8.239999771118164,254,831.104736328125,77.6507677,12.990165
1766331627055015000,1088.3430148925781,2.1022164821624756,0.9778565764427185,5.170441627502441,4.5970001220703125,8.210000038146973,253,833.411376953125,77.6507036,12.9901295
1766331628055225000,1089.3432250976562,0.8040429949760437,0.9744181632995605,4.830685138702393,3.9230000972747803,8.199999809265137,253,833.303466796875,77.6506303,12.9901093
1766331629054580200,1090.3425803222656,2.87980580329895,1.0025086402893066,4.424615383148193,3.9010000228881836,8.069999694824219,254,831.719970703125,77.6505499,12.9900987
1766331630054445800,1091.3424458007812,4.371837139129639,1.0648483037948608,4.01485538482666,3.7899999618530273,7.840000152587891,255,832.48095703125,77.6504836,12.9900827
1766331631054230300,1092.3422302246095,6.957662105560303,1.3306217193603516,3.9300639629364014,3.7899999618530273,8.829999923706055,257,832.961669921875,77.6504013,12.9900628
1766331632054910000,1093.3429099121095,8.700338363647461,1.4004324674606323,3.8251729011535645,3.7899999618530273,8.989999771118164,260,832.9775390625,77.6503192,12.9900498
1766331633054760400,1094.3427604980468,2.4833834171295166,0.9868888854980469,3.8231210708618164,3.7899999618530273,8.3100004196167,254,832.8458251953125,77.6502524,12.9900318
1766331634054559700,1095.3425598144531,3.9968085289001465,1.0766429901123047,3.7664942741394043,3.7899999618530273,8.3100004196167,254,833.34814453125,77.6501862,12.9900128
1766331635054255400,1096.3422553710936,3.504253387451172,1.041791319847107,4.043009281158447,3.7899999618530273,8.1899995803833,251,832.408935546875,77.6501092,12.9899898
1766331636055098000,1097.3430981445313,4.570829391479492,1.070448637008667,4.174173831939697,3.7899999618530273,8.300000190734863,251,833.380615234375,77.650031,12.9899633
1766331637054625500,1098.3426254882813,9.436941146850586,1.32718026638031,4.2097368240356445,3.7899999618530273,8.380000114440918,251,833.6634521484375,77.6499577,12.9899386
1766331638054716000,1099.3427158203126,2.6503005027770996,0.9914817214012146,4.057957172393799,3.7899999618530273,8.359999656677246,251,833.9716796875,77.6498808,12.9899069
1766331639055000300,1100.3430002441405,2.421395778656006,0.9770727753639221,4.159012794494629,3.7899999618530273,8.220000267028809,253,835.034912109375,77.6498011,12.9898833
1766331640054767400,1101.3427673339843,3.1300981044769287,1.0038965940475464,4.180728435516357,3.7899999618530273,8.0600004196167,251,835.3330078125,77.6497358,12.9898582
1766331641054248000,1102.342248046875,2.663011074066162,0.9917539954185486,4.040017604827881,3.7899999618530273,8.279999732971191,251,836.40771484375,77.6496626,12.9898346
1766331642055166200,1103.3431662597657,1.8313391208648682,0.9630252718925476,3.77195405960083,3.7899999618530273,8.34000015258789,250,835.833984375,77.6495939,12.9898128
1766331643055048400,1104.3430483398438,2.336237907409668,0.9743927717208862,3.5948588848114014,3.7899999618530273,8.100000381469727,245,836.0916748046875,77.6495266,12.9897779
1766331644054830000,1105.342830078125,2.460618019104004,0.9775263667106628,3.2177224159240723,3.7899999618530273,8.270000457763672,243,835.6063232421875,77.6494596,12.9897438
1766331645054466600,1106.3424665527343,2.2497355937957764,1.0117913484573364,3.23431658744812,3.7899999618530273,8.199999809265137,242,835.7025146484375,77.6493856,12.9897137
1766331646054663400,1107.342663330078,6.947897911071777,1.2015607357025146,3.3086676597595215,3.7899999618530273,7.960000038146973,241,835.6571044921875,77.649326,12.9896754
1766331647055030800,1108.3430307617186,7.433903694152832,1.2228224277496338,3.2112324237823486,3.7899999618530273,7.940000057220459,235,836.618408203125,77.6492701,12.9896286
1766331648055044900,1109.343044921875,9.028926849365234,1.2845392227172852,3.322883129119873,3.7899999618530273,7.869999885559082,231,837.7098388671875,77.6492184,12.9895718
1766331649054894800,1110.3428947753907,10.464408874511719,1.1554944515228271,3.4121551513671875,3.825000047683716,7.840000152587891,226,839.0567626953125,77.6491723,12.9895107
1766331650054451500,1111.3424514160156,14.994474411010742,1.5101157426834106,3.557007074356079,3.930999994277954,7.349999904632568,226,839.51220703125,77.6491309,12.9894558
1766331651054281700,1112.3422817382811,13.948650360107422,1.466278314590454,3.6181039810180664,4.126999855041504,7.389999866485596,224,840.540283203125,77.6490887,12.9893999
1766331652055050200,1113.3430502929687,13.680207252502441,1.5293760299682617,3.549532413482666,4.504000186920166,8.170000076293945,224,842.03515625,77.6490387,12.9893372
1766331653054937600,1114.3429375,14.281782150268555,1.637927770614624,3.5801453590393066,4.696000099182129,8.079999923706055,219,842.247314453125,77.6489798,12.9892832
1766331654055060700,1115.3430607910157,16.613658905029297,1.8596645593643188,3.687037944793701,5.454999923706055,8.079999923706055,219,842.1575927734375,77.6489423,12.9892186
1766331655054572800,1116.3425727539063,18.4566707611084,1.9431824684143066,3.5205278396606445,5.941999912261963,7.800000190734863,215,841.8133544921875,77.648891,12.9891682
1766331656054307000,1117.3423071289062,10.684601783752441,1.4292703866958618,3.283520221710205,6.020999908447266,8.5600004196167,207,840.16162109375,77.6488452,12.9890834
1766331657054845700,1118.342845703125,10.824398040771484,1.4470762014389038,3.282607078552246,5.892000198364258,8.029999732971191,194,839.758544921875,77.6488253,12.9890059
1766331658054580200,1119.3425803222656,16.224924087524414,1.7291200160980225,3.2766149044036865,5.942999839782715,7.929999828338623,194,839.932373046875,77.6488042,12.9889369
1766331659054248000,1120.342248046875,18.02392578125,1.8588038682937622,3.280093193054199,6.03000020980835,7.889999866485596,192,840.109130859375,77.6487879,12.9888698
1766331660054692900,1121.3426928710937,18.708690643310547,1.9367421865463257,3.2308216094970703,5.677999973297119,8.260000228881836,186,840.3681640625,77.6487695,12.9887979
1766331661054561800,1122.3425617675782,19.981412887573242,1.926621675491333,3.123772382736206,5.75600004196167,7.78000020980835,188,841.516357421875,77.6487518,12.9887488
1766331662054612500,1123.3426125488281,8.030675888061523,1.2055504322052002,2.907911539077759,5.572000026702881,8.15999984741211,196,842.1915283203125,77.6487269,12.9886924
1766331663054271200,1124.3422712402344,8.584668159484863,1.2902483940124512,2.771439790725708,5.415999889373779,8.25,196,842.7984619140625,77.6487014,12.9886218
1766331664054887400,1125.342887451172,9.377968788146973,1.3350008726119995,2.6708528995513916,4.98799991607666,8.220000267028809,196,843.7144775390625,77.6486765,12.9885548
1766331665054636500,1126.3426364746094,9.65191650390625,1.3668534755706787,2.679485559463501,4.89300012588501,8.359999656677246,197,845.0924072265625,77.6486429,12.9884817
1766331666054798300,1127.3427983398437,11.029839515686035,1.4289191961288452,2.6243298053741455,4.451000213623047,8.380000114440918,196,843.5906982421875,77.6486252,12.9884156
1766331667054910200,1128.34291015625,12.084039688110352,1.473652958869934,2.634354829788208,4.4720001220703125,8.449999809265137,193,843.343017578125,77.6486034,12.9883417
1766331668054559000,1129.3425590820314,9.978469848632812,1.3048595190048218,2.573814868927002,4.59499979019165,8.899999618530273,197,844.1744384765625,77.6485804,12.9882669
1766331669054300200,1130.342300048828,2.7028684616088867,0.9768614172935486,2.5505642890930176,4.511000156402588,8.390000343322754,195,843.66552734375,77.6485691,12.9882154
1766331670055005400,1131.3430053710938,3.3422257900238037,1.004579782485962,2.5,4.435999870300293,8.399999618530273,195,843.292724609375,77.6485571,12.9881384
1766331671054378800,1132.3423786621095,2.673304557800293,0.9777860641479492,2.5,4.328000068664551,8.539999961853027,196,842.951171875,77.648529,12.9880594
1766331672054584300,1133.3425842285155,2.1806342601776123,0.96523517370224,2.5,4.191999912261963,9.140000343322754,197,841.470703125,77.6484825,12.9879725
1766331673054592000,1134.3425920410157,2.0155599117279053,0.9654157161712646,2.5,3.8499999046325684,9.869999885559082,199,841.9766845703125,77.6484504,12.9878835
1766331674054827500,1135.3428276367188,6.061023712158203,1.1715872287750244,2.5,3.7899999618530273,10.390000343322754,198,841.9462890625,77.6484095,12.9877914
1766331675054617900,1136.3426179199218,6.769214630126953,1.2351528406143188,2.5,3.7960000038146973,11.149999618530273,200,842.4036865234375,77.6483652,12.9876953
1766331676054531000,1137.3425310058594,9.946154594421387,1.5240644216537476,2.5,3.811000108718872,11.119999885559082,201,842.740478515625,77.6483216,12.9876047
1766331677054419700,1138.3424196777344,10.279848098754883,1.5944273471832275,2.5472493171691895,3.8989999294281006,11.600000381469727,203,842.5523681640625,77.6482609,12.987516
1766331678054517800,1139.3425178222656,7.414498329162598,1.4577844142913818,2.696150302886963,4.0289998054504395,13.170000076293945,210,842.6259765625,77.6481803,12.9873993
1766331679054684700,1140.3426845703125,2.0338423252105713,1.0065850019454956,2.700446128845215,4.066999912261963,13.920000076293945,217,841.931396484375,77.6480889,12.9872946
1766331680054579200,1141.3425791015625,5.345190048217773,1.275687575340271,2.791022777557373,4.13100004196167,14.119999885559082,217,841.74951171875,77.6480097,12.9871928
1766331681054235600,1142.3422355957032,6.665338516235352,1.4018542766571045,2.775861978530884,5.204999923706055,14.329999923706055,220,842.156005859375,77.6479118,12.9870936
1766331682055184100,1143.3431840820313,3.9994869232177734,1.1550029516220093,2.666351556777954,6.6479997634887695,14.430000305175781,226,842.96435546875,77.6478095,12.9870009
1766331683055134000,1144.3431340332031,6.632099628448486,1.4365178346633911,2.7120540142059326,7.813000202178955,14.430000305175781,230,842.82958984375,77.6477005,12.9869224
1766331684054728700,1145.3427287597656,9.406288146972656,1.7353161573410034,2.7703328132629395,9.140999794006348,14.34000015258789,230,842.765625,77.6475879,12.9868537
1766331685054456600,1146.3424565429686,11.31862735748291,1.8930424451828003,2.834440231323242,9.4350004196167,13.770000457763672,231,842.912841796875,77.6474937,12.9867974
1766331686054409700,1147.3424096679687,8.699490547180176,1.6341737508773804,2.918403387069702,10.5,15.010000228881836,236,842.23388671875,77.6473005,12.9867288
1766331687054283800,1148.3422836914062,10.294281005859375,1.8292717933654785,2.962186336517334,10.515999794006348,15.229999542236328,236,842.2216796875,77.6471759,12.9866689
1766331688054882800,1149.3428828125,11.366016387939453,1.9262205362319946,3.5171115398406982,10.711999893188477,14.609999656677246,237,841.8487548828125,77.647062,12.9866247
1766331689054569000,1150.3425688476561,12.38840389251709,2.019249677658081,4.076523303985596,11.04699993133545,14.270000457763672,233,842.108642578125,77.6469557,12.9865582
1766331690054906600,1151.3429067382813,13.066329002380371,2.0134456157684326,4.612188816070557,11.581999778747559,14.369999885559082,235,841.839111328125,77.6468344,12.9865021
1766331691054564400,1152.342564453125,12.263955116271973,1.4092419147491455,4.654805660247803,12.081999778747559,14.6899995803833,236,841.968994140625,77.6466963,12.986435
1766331692054632200,1153.3426320800781,5.550642490386963,1.2052557468414307,4.6998162269592285,12.49899959564209,14.640000343322754,246,841.666259765625,77.646565,12.9863855
1766331693055120000,1154.3431198730468,4.031550884246826,1.1237696409225464,4.742496967315674,12.732000350952148,14.529999732971191,247,841.984130859375,77.6464397,12.9863358
1766331694054837000,1155.3428369140624,6.582969665527344,1.3634228706359863,4.776804447174072,12.760000228881836,14.6899995803833,248,841.6273193359375,77.6463027,12.9862959
1766331695054227500,1156.3422275390626,5.47141170501709,1.202896237373352,4.730739116668701,12.706999778747559,14.510000228881836,249,841.600830078125,77.6461746,12.9862535
1766331696055012000,1157.3430122070313,3.0429646968841553,1.0563545227050781,5.1958818435668945,12.47700023651123,14.149999618530273,250,841.231689453125,77.6460161,12.9862439
1766331697054966300,1158.3429663085938,7.052955150604248,1.3950399160385132,5.618441581726074,12.473999977111816,13.789999961853027,249,840.794189453125,77.6459011,12.9861996
1766331698054839600,1159.3428395996093,9.970392227172852,1.6699118614196777,6.065962314605713,12.62600040435791,13.6899995803833,248,840.444091796875,77.645785,12.9861556
1766331699054630000,1160.3426298828124,11.795435905456543,1.7318485975265503,6.4933648109436035,12.899999618530273,12.960000038146973,246,840.28857421875,77.6456808,12.9861112
1766331700055079400,1161.343079345703,14.283857345581055,1.9261465072631836,6.951444625854492,13.538000106811523,12.630000114440918,246,839.9210205078125,77.6455751,12.9860727
1766331701054826800,1162.3428266601563,15.943046569824219,2.0462594032287598,7.485162258148193,14.161999702453613,12.420000076293945,248,839.5257568359375,77.6454732,12.9860365
1766331702054670300,1163.3426704101562,18.00638198852539,2.295774221420288,8.073143005371094,15.609999656677246,12.420000076293945,249,839.4853515625,77.6453663,12.9859968
1766331703055089400,1164.3430893554687,19.10784912109375,2.417100191116333,8.11485767364502,18.117000579833984,12.479999542236328,248,839.445556640625,77.6452545,12.9859562
1766331704054774500,1165.3427744140624,20.787160873413086,2.6314520835876465,8.234107971191406,20.490999221801758,12.390000343322754,248,839.44384765625,77.6451489,12.9859196
1766331705054806800,1166.3428068847657,22.3189754486084,2.7901413440704346,8.345243453979492,22.0049991607666,12.460000038146973,248,839.429443359375,77.645039,12.98588
1766331706055099100,1167.3430991210937,21.84392738342285,2.885984182357788,8.232335090637207,26.176000595092773,12.270000457763672,249,839.37158203125,77.6449478,12.985838
1766331707054225200,1168.3422250976562,22.82694435119629,3.0578629970550537,8.094923973083496,27.46500015258789,12.0600004196167,249,839.36181640625,77.6448537,12.985795
1766331708054816300,1169.3428161621093,23.164329528808594,3.064913272857666,8.24751091003418,29.926000595092773,11.829999923706055,244,839.411376953125,77.6447707,12.9857367
1766331709054748200,1170.342748046875,24.606203079223633,3.178230047225952,8.398249626159668,32.69200134277344,11.6899995803833,244,839.408447265625,77.6446832,12.9856859
1766331710054715600,1171.342715576172,25.94923210144043,3.251116991043091,8.701839447021484,35.80500030517578,11.75,244,839.39892578125,77.6445787,12.9856443
1766331718070000000,1179.3580002441406,0,0,8.701839447021484,100,0,0,839.39892578125,77.6448425,12.9853244
1766331723879000000,1185.167,0,0,8.701839447021484,100,0,0,839.39892578125,77.6448425,12.9853244
1766331729704000000,1190.992,0,0,8.701839447021484,100,0,0,839.39892578125,77.6448425,12.9853244
1766331736255000000,1197.543,0,0,8.217778205871582,56.099998474121094,0,0,850.8999633789062,77.6446815,12.9863143
1766331741337000000,1202.625,0,0,8.217778205871582,259.3800048828125,0,0,850.8999633789062,77.6446815,12.9863143
1766331747146000000,1208.4339997558593,0,0,8.217778205871582,100,0,0,850.8999633789062,77.6448425,12.9853244
1766331753001000000,1214.289,0,0,8.217778205871582,100,0,0,850.8999633789062,77.6441265,12.98529
1766331759054553900,1220.342553955078,17.916587829589844,1.7393239736557007,8.44577407836914,10.072999954223633,8.479999542236328,248,850.8999633789062,77.6431601,12.9850899
1766331760054402000,1221.3424020996094,16.227367401123047,1.4629371166229248,8.455772399902344,9.265999794006348,8.569999694824219,245,850.8999633789062,77.6430916,12.9850566
1766331761055045400,1222.3430454101563,11.074254035949707,1.533376932144165,8.465778350830078,8.15999984741211,9.109999656677246,246,850.8999633789062,77.6430034,12.9850312
1766331762054956000,1223.3429560546874,10.261602401733398,1.4780720472335815,8.475777626037598,7.323999881744385,8.970000267028809,245,850.8999633789062,77.642933,12.9849996
1766331763054819300,1224.3428193359375,10.066608428955078,1.5220025777816772,8.4857759475708,6.843999862670898,8.84000015258789,246,850.8999633789062,77.6428571,12.9849743
1766331764054830800,1225.342830810547,15.26835823059082,1.6773767471313477,8.495776176452637,5.751999855041504,8.300000190734863,245,850.8999633789062,77.6428193,12.9849487
1766331765054587000,1226.3425869140624,7.467381000518799,1.153526782989502,8.50577449798584,4.880000114440918,8.359999656677246,248,850.8999633789062,77.6427362,12.9849157
1766331766054544000,1227.3425439453124,12.304571151733398,1.395356297492981,8.51577377319336,4.7789998054504395,8.199999809265137,248,850.8999633789062,77.6426725,12.9848881
1766331767054451700,1228.3424516601563,12.026101112365723,1.3258756399154663,8.525773048400879,4.525000095367432,8.210000038146973,248,850.8999633789062,77.6426107,12.9848674
1766331768054994000,1229.3429938964844,16.12715721130371,1.5886725187301636,8.535778045654297,4.443999767303467,8.289999961853027,247,850.8999633789062,77.642539,12.9848342
1766331769054843600,1230.34284375,18.11281394958496,1.725972294807434,8.5457763671875,4.6620001792907715,8.369999885559082,246,850.8999633789062,77.6424679,12.9848045
1766331770054499300,1231.3424992675782,12.730506896972656,1.3052114248275757,8.55577278137207,4.879000186920166,8.289999961853027,255,850.8999633789062,77.6423906,12.9847956
1766331771054223400,1232.342223388672,16.679595947265625,1.525368094444275,8.565770149230957,5.361999988555908,8.09000015258789,255,850.8999633789062,77.6423265,12.9847719
1766331772054302000,1233.3423020019532,19.537935256958008,1.6794569492340088,8.57577133178711,6.011000156402588,7.860000133514404,254,850.8999633789062,77.6422635,12.9847465
1766331773054812700,1234.3428127441407,21.7330265045166,1.8592864274978638,8.585776329040527,6.948999881744385,7.980000019073486,253,850.8999633789062,77.6421934,12.9847183
1766331774054916900,1235.342916748047,12.152899742126465,1.3202341794967651,8.59577751159668,8.220999717712402,8.729999542236328,246,850.8999633789062,77.6421136,12.9846788
1766331775054680000,1236.3426801757812,12.867671966552734,1.3950450420379639,8.605774879455566,9.029999732971191,8.550000190734863,249,850.8999633789062,77.6420326,12.9846622
1766331776054745600,1237.3427456054687,7.452558517456055,1.1477543115615845,8.615776062011719,9.569000244140625,8.5,252,850.8999633789062,77.641955,12.9846428
1766331777054903800,1238.3429038085937,10.672102928161621,1.3242177963256836,8.625777244567871,10.003000259399414,8.369999885559082,255,850.8999633789062,77.6418787,12.9846171
1766331778054134800,1239.342134765625,7.322731971740723,1.1913589239120483,8.635769844055176,9.508999824523926,8.079999923706055,247,850.8999633789062,77.6418357,12.9845504
1766331779054341000,1240.3423410644532,13.398149490356445,1.5163400173187256,8.645771980285645,8.946000099182129,8.15999984741211,246,850.8999633789062,77.6417667,12.9845133
1766331780054219500,1241.3422194824218,12.982675552368164,1.3984928131103516,8.655770301818848,8.39799976348877,8.069999694824219,246,850.8999633789062,77.641698,12.9844804
1766331781055088400,1242.3430883789063,16.79684066772461,1.6406915187835693,8.665779113769531,7.498000144958496,7.980000019073486,247,850.8999633789062,77.6416339,12.9844558
1766331782055084800,1243.343084716797,11.459376335144043,1.2043683528900146,8.675779342651367,6.61299991607666,8.140000343322754,248,850.8999633789062,77.6415734,12.9844306
1766331783054821000,1244.342821044922,12.624988555908203,1.339608073234558,8.685776710510254,6.464000225067139,8.289999961853027,247,850.8999633789062,77.6414983,12.9844001
1766331784054385000,1245.3423850097656,15.602701187133789,1.548453450202942,8.695772171020508,6.4029998779296875,8.380000114440918,245,850.8999633789062,77.6414259,12.9843668
1766331785054314200,1246.3423142089844,16.38702392578125,1.6254370212554932,8.705771446228027,6.40500020980835,8.550000190734863,249,850.8999633789062,77.6413472,12.984339
1766331786054447000,1247.3424470214843,16.73226547241211,1.5135166645050049,8.71577262878418,6.498000144958496,8.149999618530273,247,850.8999633789062,77.6412837,12.9843076
1766331787055153400,1248.3431533203125,19.876827239990234,1.73552405834198,8.72577953338623,6.796000003814697,7.949999809265137,245,850.8999633789062,77.6412219,12.9842679
1766331788054914800,1249.3429147949219,15.367044448852539,1.6754094362258911,8.735776901245117,6.9730000495910645,7.260000228881836,239,850.8999633789062,77.6411645,12.9842446
1766331789054929000,1250.3429289550782,13.992887496948242,1.6135625839233398,8.745777130126953,7.033999919891357,7.829999923706055,237,850.8999633789062,77.64108,12.9842041
1766331790054276400,1251.3422763671874,15.910908699035645,1.7119321823120117,8.755770683288574,7.014999866485596,7.940000057220459,238,850.8999633789062,77.6410226,12.9841606
1766331791054893300,1252.342893310547,17.562618255615234,1.8312538862228394,8.765777587890625,7.144000053405762,8,236,850.8999633789062,77.6409688,12.9841084
1766331792054215000,1253.34221484375,15.049232482910156,1.5390803813934326,8.77577018737793,7.0229997634887695,7.960000038146973,229,850.8999633789062,77.6409211,12.9840514
1766331793054821400,1254.3428212890626,16.959068298339844,1.7061511278152466,8.785776138305664,6.831999778747559,7.920000076293945,229,850.8999633789062,77.6408696,12.9839934
1766331794054860800,1255.3428608398438,19.134815216064453,1.7931228876113892,8.7957763671875,6.749000072479248,7.610000133514404,224,850.8999633789062,77.6408394,12.983936
1766331795054690800,1256.3426909179686,13.947677612304688,1.7766895294189453,8.805774688720703,6.793000221252441,8.270000457763672,213,850.8999633789062,77.6407974,12.9838587
1766331796054704400,1257.3427043457032,15.457725524902344,1.837584376335144,8.815774917602539,6.794000148773193,8.0600004196167,212,850.8999633789062,77.6407526,12.9838168
1766331797054621400,1258.3426213378907,4.889307022094727,1.2256312370300293,8.825774192810059,6.566999912261963,8.1899995803833,201,850.8999633789062,77.6407234,12.9837381
1766331798054306300,1259.3423063964844,3.6426379680633545,1.0365015268325806,8.835771560668945,6.242000102996826,8.210000038146973,197,850.8999633789062,77.6406948,12.983668
1766331799054205700,1260.3422058105468,3.281484842300415,1.0189274549484253,8.845769882202148,5.9029998779296875,8.270000457763672,194,850.8999633789062,77.6406502,12.9835909
1766331800054806300,1261.3428061523437,10.824373245239258,1.4267016649246216,8.855775833129883,5.281000137329102,8.260000228881836,193,850.8999633789062,77.6406327,12.9835238
1766331801054684700,1262.3426845703125,11.529714584350586,1.5270720720291138,8.865775108337402,5.179999828338623,7.809999942779541,185,850.8999633789062,77.6406049,12.9834639
1766331802054783200,1263.342783203125,6.437561511993408,1.1731135845184326,8.875776290893555,4.577000141143799,8.359999656677246,181,850.8999633789062,77.6406079,12.9833851
1766331803054296300,1264.3422963867188,5.656198978424072,1.1588332653045654,8.885770797729492,4.576000213623047,8.289999961853027,181,850.8999633789062,77.6406145,12.9833235
1766331804054114300,1265.3421142578125,5.07835578918457,1.0509512424468994,8.895769119262695,4.570000171661377,8.479999542236328,180,850.8999633789062,77.6406131,12.9832598
1766331805054656300,1266.34265625,6.3287129402160645,1.1046509742736816,8.90577507019043,4.61299991607666,8.260000228881836,176,850.8999633789062,77.6406166,12.9831862
1766331806054518500,1267.3425185546876,6.558321952819824,1.1167407035827637,8.915773391723633,4.6579999923706055,8.3100004196167,176,850.8999633789062,77.6406232,12.9831178
1766331807054283000,1268.3422829589845,10.863301277160645,1.3292346000671387,8.92577075958252,4.769000053405762,8.220000267028809,176,850.8999633789062,77.6406277,12.9830432
1766331808054836200,1269.3428361816407,6.680154323577881,1.1165411472320557,8.935776710510254,5.014999866485596,8.319999694824219,175,850.8999633789062,77.6406332,12.9829621
1766331809054141000,1270.3421408691406,5.988612174987793,1.1053645610809326,8.945769309997559,5.142000198364258,8.449999809265137,176,850.8999633789062,77.6406391,12.9828772
1766331810054701000,1271.342701171875,3.561455726623535,1.0217344760894775,8.955775260925293,5.107999801635742,8.289999961853027,175,850.8999633789062,77.6406567,12.982811
1766331811054573000,1272.3425729980468,2.6000592708587646,0.9778939485549927,8.965773582458496,4.895999908447266,8.279999732971191,176,850.8999633789062,77.6406715,12.9827439
1766331812054460700,1273.3424606933593,6.663824081420898,1.1962153911590576,8.975772857666016,4.585999965667725,8.34000015258789,176,850.8999633789062,77.6406765,12.9826672
1766331813054916900,1274.342916748047,10.849204063415527,1.3634885549545288,8.985776901245117,4.269999980926514,7.840000152587891,175,850.8999633789062,77.6406808,12.9826045
1766331814054879700,1275.3428796386718,8.126484870910645,1.266392707824707,8.995777130126953,3.9839999675750732,8.109999656677246,177,850.8999633789062,77.6406873,12.98253
1766331815054604800,1276.3426047363282,13.581618309020996,1.5611234903335571,9.00577449798584,4.010000228881836,7.960000038146973,178,850.8999633789062,77.6406886,12.9824602
1766331816055046000,1277.3430458984376,10.642477989196777,1.5427908897399902,9.015778541564941,3.9590001106262207,8.569999694824219,177,850.8999633789062,77.6406951,12.982378
1766331817054207000,1278.34220703125,0.895869255065918,0.9548438191413879,9.02577018737793,3.930999994277954,9.4399995803833,177,850.8999633789062,77.6407144,12.9822957
1766331818054872800,1279.3428728027343,3.521284818649292,1.105773687362671,9.03577709197998,3.930999994277954,10.270000457763672,176,850.8999633789062,77.6407125,12.9821977
1766331819054534700,1280.3425346679687,1.8224945068359375,1.0125398635864258,9.04577350616455,4.954999923706055,10.899999618530273,177,850.8999633789062,77.6407093,12.9820849
1766331820054945300,1281.3429453125,5.564759731292725,1.2817260026931763,9.055777549743652,6.3470001220703125,11.050000190734863,176,850.8999633789062,77.6407218,12.9819806
1766331821054863000,1282.3428630371093,2.0114500522613525,0.985663115978241,9.065776824951172,6.945000171661377,10.680000305175781,177,850.8999633789062,77.6407248,12.9818896
1766331822054583300,1283.342583251953,2.8947017192840576,1.014337420463562,9.075774192810059,8.706000328063965,10.260000228881836,177,850.8999633789062,77.640734,12.9817926
1766331823055033000,1284.343033203125,3.503202438354492,1.0724855661392212,9.08577823638916,9.9350004196167,9.829999923706055,178,850.8999633789062,77.6407408,12.9817035
1766331824054443300,1285.342443359375,6.176680088043213,1.288596510887146,9.095772743225098,9.9350004196167,9.539999961853027,176,850.8999633789062,77.6407502,12.9816262
1766331825054295800,1286.3422958984374,6.227808952331543,1.2205144166946411,9.1057710647583,9.937000274658203,9.220000267028809,177,850.8999633789062,77.640759,12.9815463
1766331826054208800,1287.3422087402344,9.887962341308594,1.4769846200942993,9.11577033996582,9.994000434875488,9.300000190734863,176,850.8999633789062,77.6407635,12.981456
1766331827054443500,1288.3424436035157,11.611108779907227,1.6692795753479004,9.125772476196289,10.168999671936035,9.5600004196167,174,850.8999633789062,77.6407736,12.9813644
1766331828054619100,1289.342619140625,4.304115295410156,1.6528058052062988,9.135774612426758,10.357000350952148,9.390000343322754,176,850.8999633789062,77.6407804,12.9812768
1766331829054414300,1290.3424143066406,9.09947395324707,1.728600263595581,9.145771980285645,10.619999885559082,9.300000190734863,176,850.8999633789062,77.6407776,12.9811931
1766331830054421500,1291.3424213867188,6.14019250869751,1.1845972537994385,9.15577220916748,10.920000076293945,8.09000015258789,177,850.8999633789062,77.6407799,12.9811516
1766331831054630100,1292.342630126953,4.251803398132324,1.055014967918396,9.16577434539795,10.963000297546387,8.229999542236328,177,850.8999633789062,77.6407838,12.9810794
1766331832054210000,1293.3422099609375,5.63971471786499,1.1421921253204346,9.17577075958252,10.878000259399414,7.949999809265137,173,850.8999633789062,77.6407886,12.9810195
1766331833055064600,1294.3430646972656,4.240372180938721,1.0489782094955444,9.185778617858887,10.711999893188477,8.199999809265137,176,850.8999633789062,77.6407913,12.9809491
1766331834054929400,1295.3429294433595,7.808069705963135,1.3096665143966675,9.195777893066406,10.470999717712402,8.180000305175781,177,850.8999633789062,77.6407987,12.9808833
1766331835054895600,1296.3428955078125,12.581822395324707,1.649345874786377,9.205777168273926,10.409000396728516,8.180000305175781,177,850.8999633789062,77.6408016,12.9808091
1766331836054451200,1297.342451171875,15.197449684143066,1.6943559646606445,9.21577262878418,10.454000473022461,7.579999923706055,175,850.8999633789062,77.6408071,12.9807476
1766331837054239000,1298.3422390136718,18.042762756347656,1.9894945621490479,9.225770950317383,10.583000183105469,7.849999904632568,175,850.8999633789062,77.640814,12.9806776
1766331838054759400,1299.3427595214844,19.314064025878906,2.0050723552703857,9.2357759475708,10.725000381469727,8.279999732971191,179,850.8999633789062,77.640813,12.9805985
1766331839054453200,1300.3424533691407,19.20937156677246,2.0308661460876465,9.245772361755371,10.92300033569336,8.649999618530273,177,850.8999633789062,77.6408174,12.9805045
1766331840055045600,1301.343045654297,8.354089736938477,1.2761460542678833,9.255778312683105,11.163999557495117,8.710000038146973,183,850.8999633789062,77.6408163,12.9804233
1766331841054978300,1302.3429782714843,5.062986373901367,1.1927107572555542,9.265777587890625,11.220000267028809,8.630000114440918,177,850.8999633789062,77.6408163,12.9803367
1766331842055176400,1303.3431765136718,3.872450828552246,1.0374929904937744,9.275779724121094,11.10200023651123,8.579999923706055,178,850.8999633789062,77.640813,12.980266
1766331843054609000,1304.3426088867188,4.92643928527832,1.0519291162490845,9.285774230957031,11.001999855041504,8.5600004196167,177,850.8999633789062,77.6408188,12.9801815
1766331844054784500,1305.342784423828,5.365566253662109,1.1016043424606323,9.2957763671875,10.711999893188477,8.1899995803833,177,850.8999633789062,77.6408235,12.9801071
1766331845054273000,1306.3422729492188,11.758661270141602,1.419301986694336,9.305770874023438,10.71399974822998,7.739999771118164,178,850.8999633789062,77.6408252,12.9800396
1766331846054911000,1307.342910888672,16.966733932495117,1.6651941537857056,9.315777778625488,10.699000358581543,7.710000038146973,177,850.8999633789062,77.6408326,12.9799693
1766331847054889700,1308.3428896484374,11.746467590332031,1.5429344177246094,9.325777053833008,10.673999786376953,8.029999732971191,176,850.8999633789062,77.6408488,12.9798925
1766331848054305000,1309.3423049316407,5.267172336578369,1.1361583471298218,2.79492449760437,10.656999588012695,8.600000381469727,175,832.485595703125,77.6408476,12.979802
1766331849054450200,1310.3424501953125,7.608275890350342,1.3515130281448364,2.5959432125091553,10.616999626159668,8.819999694824219,177,832.50634765625,77.6408477,12.9797183
1766331850054836000,1311.3428359375,5.344785690307617,1.1484603881835938,2.5064897537231445,10.526000022888184,8.199999809265137,177,833.2039794921875,77.6408393,12.9796575
1766331851054455000,1312.342455078125,8.129775047302246,1.248273491859436,2.5,10.446999549865723,8.029999732971191,177,833.0625,77.6408459,12.9795879
1766331852054263000,1313.3422629394531,6.7446675300598145,1.1896413564682007,2.5,10.295000076293945,8.15999984741211,175,833.26611328125,77.6408517,12.9795104
1766331853054874600,1314.3428745117187,12.215595245361328,1.5797920227050781,2.5,10.118000030517578,8.199999809265137,174,833.24072265625,77.6408551,12.9794314
1766331854054913000,1315.3429130859374,12.606157302856445,1.5713067054748535,2.5,10.177000045776367,8.34000015258789,178,833.40087890625,77.6408522,12.9793484
1766331855054911700,1316.3429118652343,11.598184585571289,1.5472455024719238,2.5,10.321000099182129,7.980000019073486,184,834.25048828125,77.6408391,12.9792775
1766331856055087400,1317.3430874023438,7.2231855392456055,1.3027827739715576,2.5,10.371000289916992,8.489999771118164,189,833.566650390625,77.6408165,12.9791903
1766331857054915800,1318.3429157714843,9.591889381408691,1.427207112312317,2.603344678878784,10.454999923706055,8.40999984741211,192,833.40380859375,77.6407999,12.9791144
1766331858054289400,1319.3422893066406,6.557145595550537,1.2457188367843628,2.709010362625122,10.503000259399414,8.229999542236328,194,833.0673828125,77.6407758,12.9790286
1766331859055144200,1320.3431442871095,11.414111137390137,1.6217654943466187,2.8107564449310303,10.593999862670898,8.220000267028809,197,834.171630859375,77.6407512,12.9789582
1766331860054640400,1321.3426403808594,12.360979080200195,1.7039039134979248,3.0234668254852295,10.607000350952148,8.90999984741211,198,834.884033203125,77.6407264,12.978871
1766331861054445300,1322.3424453125,6.4514617919921875,1.2440346479415894,2.9472293853759766,10.607999801635742,8.699999809265137,207,834.514892578125,77.6406702,12.978809
1766331862054444300,1323.3424443359374,6.350064277648926,1.263902187347412,2.981922149658203,10.70199966430664,8.520000457763672,212,834.4854736328125,77.6406306,12.9787373
1766331863054295000,1324.342294921875,8.216133117675781,1.375024437904358,2.858938455581665,10.777000427246094,8.170000076293945,214,834.44677734375,77.6405885,12.9786761
1766331864055122200,1325.3431220703126,9.064188957214355,1.6193486452102661,2.9638333320617676,10.791000366210938,8.140000343322754,219,834.3546142578125,77.6405421,12.9786149
1766331865055041300,1326.3430412597656,12.408719062805176,1.868686318397522,3.0354394912719727,10.87399959564209,8.359999656677246,221,834.12060546875,77.640489,12.9785553
1766331866054255900,1327.342255859375,11.316947937011719,1.5526535511016846,3.036418914794922,10.795000076293945,8.869999885559082,229,833.30126953125,77.6404,12.9784989
1766331867054211000,1328.3422111816406,9.702653884887695,1.1677441596984863,2.962751865386963,10.697999954223633,7.789999961853027,228,833.0302734375,77.640349,12.9784522
1766331868054283800,1329.3422836914062,10.2032470703125,1.32538640499115,2.939842462539673,10.581999778747559,8.40999984741211,227,833.406005859375,77.6402945,12.9783957
1766331869055219000,1330.3432189941407,12.085309982299805,1.6122950315475464,2.9474027156829834,10.42199993133545,8.619999885559082,221,833.203857421875,77.640241,12.9783361
1766331870054481400,1331.3424814453124,14.265268325805664,1.654272198677063,3.134284734725952,10.449999809265137,7.480000019073486,239,833.06201171875,77.6401813,12.9783025
1766331871054458600,1332.3424587402344,10.428167343139648,1.4914559125900269,3.3071072101593018,10.42300033569336,9.25,241,833.3323974609375,77.6401006,12.9782613
1766331872054467300,1333.3424672851563,12.755542755126953,1.7898801565170288,3.6458582878112793,10.588000297546387,8.460000038146973,239,832.9197998046875,77.640056,12.9782321
1766331873054308900,1334.3423088378906,13.727431297302246,1.8686734437942505,4.017328262329102,10.878000259399414,8.460000038146973,241,832.586181640625,77.6399889,12.9781988
1766331874054239700,1335.3422397460938,14.478723526000977,1.979277491569519,3.9160497188568115,11.01200008392334,8.630000114440918,238,832.8948974609375,77.6399309,12.9781441
1766331875054650600,1336.3426506347657,15.924077033996582,2.0204415321350098,3.9600460529327393,11.416000366210938,7.960000038146973,244,832.725830078125,77.639864,12.9781362
1766331876054612000,1337.3426120605468,4.672366142272949,1.1140791177749634,3.9679818153381348,11.380000114440918,8.300000190734863,264,832.484375,77.6397758,12.9781835
1766331877054209800,1338.3422097167968,12.494471549987793,1.6528027057647705,3.945492744445801,11.24899959564209,8.199999809265137,263,832.670654296875,77.6397042,12.9781725
1766331878054304000,1339.342303955078,16.670568466186523,2.017832040786743,4.215273857116699,11.227999687194824,8.109999656677246,268,832.096435546875,77.6396325,12.9781854
1766331879054310100,1340.3423100585937,17.045194625854492,2.1778757572174072,3.903048515319824,10.954000473022461,8.430000305175781,271,831.6121826171875,77.6395477,12.9781919
1766331880054315500,1341.3423154296875,15.926135063171387,2.2634429931640625,3.8984127044677734,10.918999671936035,9.149999618530273,271,831.447998046875,77.6394569,12.978199
1766331881054781700,1342.3427817382812,15.312983512878418,2.090611696243286,3.880031108856201,10.73900032043457,8.800000190734863,270,832.49755859375,77.6393762,12.9782107
1766331882054701000,1343.342701171875,11.492498397827148,1.710611343383789,3.7005932331085205,10.6850004196167,8.59000015258789,270,832.7685546875,77.6392895,12.9782283
1766331883054171100,1344.342171142578,13.269392013549805,1.7098017930984497,3.7981960773468018,10.663999557495117,8.319999694824219,269,832.587158203125,77.6392175,12.9782273
1766331884053400000,1345.3414001464844,15.269381523132324,2.021078109741211,3.926738739013672,10.696000099182129,8.529999732971191,267,832.715087890625,77.6391396,12.9782228
1766331885053704200,1346.3417041015625,18.813718795776367,2.4315454959869385,4.071402072906494,10.916999816894531,8.279999732971191,269,832.741943359375,77.6390661,12.9782228
1766331893159000000,1354.447,0,0,6.608345031738281,24.899999618530273,0,0,844.5999755859375,77.6386737,12.9781766
1766331897054187000,1358.3421870117188,38.844505310058594,3.703160524368286,6.647296905517578,26.634000778198242,5.920000076293945,268,844.5999755859375,77.6384276,12.978183
1766331905190000000,1366.4780002441407,0,0,2.7431323528289795,16.343000411987305,0,0,841.2000122070312,77.6386603,12.978205
1766331911079000000,1372.367,0,0,7.549324035644531,19.58799934387207,0,0,844.5999755859375,77.6387744,12.9781332
1766331917019000000,1378.307,0,0,3.4923810958862305,17.2549991607666,0,0,841.2000122070312,77.6386856,12.9781834
1766331923027000000,1384.315,0,0,23.653911590576172,26.399999618530273,0,0,844.5999755859375,77.6387122,12.9781773
1766331926054100200,1387.3421003417968,78.5234146118164,3.121060848236084,23.68418312072754,35.165000915527344,0.27000001072883606,105,844.5999755859375,77.6387341,12.9782035
1766331927053224700,1388.341224609375,78.5234146118164,3.379826068878174,23.69417381286621,38.005001068115234,0.27000001072883606,105,844.5999755859375,77.6387362,12.9782071
1766331935318000000,1396.6060002441407,0,0,69.89197540283203,77.5999984741211,0,0,827.8999633789062,77.6374571,12.9784497
1766331941053597700,1402.34159765625,9.53142261505127,2.0465667247772217,69.94933319091797,25.645000457763672,15.529999732971191,267,827.8999633789062,77.6368113,12.9781339
1766331942053223200,1403.3412231445313,10.443921089172363,2.3689699172973633,69.9593276977539,26.242000579833984,16.239999771118164,265,827.8999633789062,77.6366589,12.9780867
1766331943053667300,1404.341667236328,11.187281608581543,2.5483386516571045,69.96932983398438,26.20400047302246,16.299999237060547,267,827.8999633789062,77.6365006,12.9780946
1766331944053260300,1405.3412602539063,11.849851608276367,2.7190158367156982,69.97932434082031,25.770000457763672,16.280000686645508,269,827.8999633789062,77.6363367,12.9781147
1766331945054070300,1406.3420703125,4.3783087730407715,1.5180089473724365,69.98933410644531,23.264999389648438,17.770000457763672,268,827.8999633789062,77.6361681,12.978107
1766331946054101200,1407.3421013183595,6.964644432067871,1.898898720741272,69.99933624267578,20.725000381469727,17.549999237060547,268,827.8999633789062,77.6360136,12.978106
1766331947053842700,1408.3418427734375,6.848996639251709,1.950573444366455,70.00933074951172,17.829999923706055,18.010000228881836,270,827.8999633789062,77.6358188,12.9781411
1766331948053177000,1409.3411770019532,8.993199348449707,2.286956548690796,70.01932525634766,17.281999588012695,18.010000228881836,270,827.8999633789062,77.6356529,12.9781426
1766331949053919500,1410.3419194335938,6.50501012802124,1.8469040393829346,70.02933502197266,13.37399959564209,17.280000686645508,270,827.8999633789062,77.6355067,12.9781449
1766331950054098000,1411.3420979003906,5.228327751159668,1.6599435806274414,70.03933715820312,13.331999778747559,18.079999923706055,268,827.8999633789062,77.6353101,12.9781121
1766331951053385000,1412.3413850097656,5.101046085357666,1.6324764490127563,70.04933166503906,13.36299991607666,19.239999771118164,269,827.8999633789062,77.6350732,12.9780913
1766331952053912300,1413.3419123535157,5.642375946044922,1.655500054359436,70.05933380126953,13.701000213623047,18.809999465942383,269,827.8999633789062,77.6348794,12.9780845
1766331953053709300,1414.3417092285156,7.254225254058838,1.9119514226913452,70.0693359375,13.701000213623047,18.959999084472656,269,827.8999633789062,77.6347151,12.9780744
1766331954053759200,1415.3417592773437,8.50940990447998,2.0996599197387695,70.07933044433594,14.052000045776367,18.75,270,827.8999633789062,77.6345609,12.9780777
1766331955054051600,1416.3420515136718,8.414677619934082,2.1579604148864746,70.0893325805664,14.708999633789062,18.450000762939453,270,827.8999633789062,77.6343924,12.97808
1766331956053862100,1417.3418620605469,6.733394145965576,1.884968876838684,70.09933471679688,15.71399974822998,17.790000915527344,268,827.8999633789062,77.6342402,12.9780767
1766331957053581800,1418.3415817871094,6.529045104980469,1.7751891613006592,70.10932922363281,15.855999946594238,17.260000228881836,270,827.8999633789062,77.6340872,12.9780829
1766331958053897700,1419.341897705078,8.561908721923828,2.0161843299865723,70.11933135986328,16.69300079345703,16.829999923706055,270,827.8999633789062,77.6339516,12.978096
1766331959053914000,1420.3419140625,7.699478626251221,1.6581450700759888,70.12933349609375,16.351999282836914,15.609999656677246,270,827.8999633789062,77.6338624,12.9781003
1766331960053752800,1421.3417529296876,5.254579067230225,1.423444390296936,70.13933563232422,15.347000122070312,15.140000343322754,266,827.8999633789062,77.6337712,12.9780816
1766331961053458700,1422.3414587402344,7.913977146148682,1.684139609336853,70.14933013916016,13.973999977111816,15.0600004196167,267,827.8999633789062,77.6336299,12.9780986
1766331962053887500,1423.341887451172,7.6106038093566895,1.5960273742675781,70.15933227539062,11.994999885559082,14.289999961853027,269,827.8999633789062,77.6335115,12.9780965
1766331963053802500,1424.3418024902344,7.806258201599121,1.408856749534607,70.1693344116211,11.317000389099121,13.680000305175781,264,827.8999633789062,77.6334008,12.9780889
1766331964053231000,1425.341231201172,8.643643379211426,1.5063518285751343,8.520277976989746,9.937999725341797,13.789999961853027,265,828.153564453125,77.6332793,12.9780785
1766331965053730300,1426.3417302246094,10.352468490600586,1.7119325399398804,8.08570671081543,8.888999938964844,13.680000305175781,263,827.83349609375,77.6331604,12.978058
1766331966054047200,1427.3420471191407,11.833200454711914,1.8824917078018188,8.559331893920898,8.467000007629395,13.5,267,827.142822265625,77.6330408,12.9780716
1766331967053906400,1428.3419064941406,13.006229400634766,2.1458241939544678,8.994690895080566,8.699000358581543,13.050000190734863,268,827.3865966796875,77.6329242,12.9780649
1766331968053619500,1429.3416193847656,13.443965911865234,2.330928325653076,9.328900337219238,9.312000274658203,11.199999809265137,265,826.4345703125,77.6328346,12.9780586
1766331969053912300,1430.3419123535157,11.424158096313477,2.2078661918640137,9.33295726776123,10.513999938964844,12.5,269,825.103271484375,77.6327047,12.9780676
1766331970053794600,1431.3417946777345,6.583480358123779,1.7834596633911133,9.201066017150879,10.88700008392334,11.420000076293945,272,824.318359375,77.63261,12.9780979
1766331971053567200,1432.341567138672,5.086776256561279,0.8404644727706909,8.764910697937012,10.255999565124512,10.5600004196167,272,823.221435546875,77.6325336,12.9780639
1766331972053867800,1433.3418676757813,5.035194396972656,0.8325247764587402,8.690794944763184,9.942000389099121,10.6899995803833,272,821.18212890625,77.6324281,12.9780731
1766331973054165000,1434.3421650390626,7.744889736175537,1.4931703805923462,7.8293938636779785,8.420000076293945,10.670000076293945,274,822.034423828125,77.6323248,12.9780776
1766331974053553200,1435.3415532226563,0.4988490641117096,0.9335616230964661,6.722686767578125,7.736000061035156,9.949999809265137,275,819.904296875,77.6322278,12.9780941
1766331975053679400,1436.3416794433595,9.892415046691895,1.3827497959136963,6.157071590423584,6.285999774932861,9.619999885559082,274,820.232666015625,77.6321397,12.9781047
1766331976054135600,1437.342135498047,12.164145469665527,1.67836332321167,6.085346221923828,5.068999767303467,10.050000190734863,273,820.1971435546875,77.6320415,12.9781104
1766331977053917000,1438.3419169921874,14.472689628601074,1.9756572246551514,5.7512006759643555,4.816999912261963,10.09000015258789,273,820.1861572265625,77.6319501,12.97812
1766331978054043000,1439.34204296875,8.106762886047363,1.3591963052749634,5.553403377532959,4.828999996185303,8.890000343322754,276,819.239013671875,77.6318763,12.9781277
1766331979053850600,1440.3418505859374,4.21586799621582,1.0807054042816162,5.21897554397583,4.682000160217285,7.809999942779541,275,819.86181640625,77.631813,12.9781276
1766331980053820700,1441.3418205566406,3.498028039932251,1.0414443016052246,5.031723499298096,4.689000129699707,8.170000076293945,275,819.2342529296875,77.6317469,12.9781403
1766331981053820200,1442.3418200683593,4.183892250061035,1.0753061771392822,4.863527297973633,4.59499979019165,8.3100004196167,276,819.13134765625,77.631666,12.9781489
1766331982053676500,1443.341676513672,8.653202056884766,1.3584774732589722,4.742806911468506,4.551000118255615,8.210000038146973,275,819.8424072265625,77.6315889,12.9781577
1766331983053621200,1444.3416213378907,6.081974029541016,0.7813345193862915,4.725652694702148,4.2779998779296875,8.3100004196167,277,822.0992431640625,77.6315288,12.9781662
1766331984053500700,1445.3415007324218,2.7614307403564453,0.36191168427467346,4.490597724914551,4.0980000495910645,8.449999809265137,275,821.49609375,77.631463,12.9781708
1766331985054151700,1446.342151611328,2.2353127002716064,0.29401895403862,4.489236354827881,3.9809999465942383,8.470000267028809,277,822.2890625,77.6313759,12.978172
1766331986054035700,1447.3420356445313,2.3083043098449707,0.3095518946647644,4.324545860290527,3.9140000343322754,8.640000343322754,275,821.8876953125,77.6313028,12.9781789
1766331987053919500,1448.3419194335938,2.273597478866577,0.29309359192848206,4.395489692687988,3.8429999351501465,8.300000190734863,274,822.7108154296875,77.6312313,12.9781691
1766331988053676500,1449.341676513672,1.4272990226745605,0.9672162532806396,4.4709248542785645,3.7980000972747803,8.489999771118164,275,821.806640625,77.6311491,12.9781772
1766331989053414100,1450.3414140625,1.9481089115142822,0.9680245518684387,4.298469066619873,3.7960000038146973,8.479999542236328,275,821.360595703125,77.6310723,12.9781848
1766331990053500000,1451.3415,4.281816005706787,1.106249213218689,4.281543254852295,3.7920000553131104,8.470000267028809,274,821.066650390625,77.6309906,12.9781941
1766331991053402600,1452.3414025878906,12.012012481689453,1.4532445669174194,4.448757171630859,3.819000005722046,8.119999885559082,273,821.3056640625,77.6309168,12.9781996
1766331992054050000,1453.342050048828,15.772191047668457,1.6655322313308716,4.643115043640137,3.9760000705718994,8.300000190734863,270,821.59375,77.6308343,12.9782019
1766331993053921000,1454.341921142578,12.485803604125977,1.710324764251709,4.522695541381836,4.184000015258789,8.390000343322754,275,821.3865966796875,77.6307554,12.9782164
1766331994053664800,1455.3416647949218,8.109591484069824,1.2122962474822998,4.40557861328125,4.322999954223633,8.220000267028809,275,821.18798828125,77.6306786,12.9782245
1766331995053423900,1456.341423828125,9.978571891784668,1.216665506362915,4.401635646820068,4.420000076293945,7.889999866485596,272,821.725341796875,77.6306036,12.9782239
1766331996053320000,1457.3413198242188,14.424074172973633,1.8398895263671875,4.255648136138916,4.739999771118164,8.229999542236328,275,821.1160888671875,77.6305262,12.9782313
1766331997053893600,1458.3418935546874,14.484661102294922,1.7543137073516846,4.1991987228393555,4.997000217437744,7.809999942779541,276,821.083984375,77.6304627,12.9782433
1766331998053863400,1459.3418635253906,8.06997299194336,1.119537353515625,4.049753665924072,5.086999893188477,8.100000381469727,275,821.425048828125,77.6303951,12.9782461
1766331999053669400,1460.3416694335938,7.184690475463867,0.9578914046287537,4.111125469207764,5.250999927520752,8.630000114440918,275,821.75634765625,77.6303315,12.9782529
1766332000053255400,1461.3412553710937,9.247445106506348,1.2199475765228271,3.993116855621338,6.234000205993652,8.539999961853027,277,820.8431396484375,77.6302419,12.9782758
1766332001053444000,1462.3414440917968,5.745970249176025,1.1731891632080078,3.8718419075012207,7.577000141143799,8.229999542236328,275,820.695068359375,77.630167,12.978284
1766332002053250600,1463.3412504882813,11.32075309753418,1.6053320169448853,3.828246831893921,8.159000396728516,8.4399995803833,277,819.1795654296875,77.6300867,12.9782943
1766332003053674000,1464.3416740722657,11.40770435333252,1.6152220964431763,4.0035271644592285,9.109000205993652,8.109999656677246,279,818.6204833984375,77.6300156,12.9783071
1766332004053893000,1465.3418930664063,7.137198448181152,1.2873516082763672,4.104177951812744,11.137999534606934,8.079999923706055,275,817.67529296875,77.6299376,12.9783165
1766332005053323800,1466.3413237304687,9.155045509338379,1.3726249933242798,4.561489105224609,11.090999603271484,7.659999847412109,275,818.02099609375,77.629873,12.978315
1766332006053853700,1467.3418537597656,12.774996757507324,1.5582998991012573,5.07815408706665,11.057999610900879,7.25,276,817.889892578125,77.6298116,12.978321
1766332007053908700,1468.3419086914062,13.328123092651367,1.6158273220062256,5.269474029541016,11.081999778747559,7.53000020980835,271,817.40771484375,77.6297436,12.9783303
1766332008053666800,1469.341666748047,4.654488563537598,1.1130220890045166,5.293145656585693,11.027999877929688,8.25,274,817.672607421875,77.6296551,12.9783335
1766332009053849900,1470.3418498535157,10.283831596374512,1.4908019304275513,5.1712188720703125,10.939000129699707,8.760000228881836,276,816.7318115234375,77.6295595,12.9783509
1766332010053741300,1471.3417412109375,10.808966636657715,1.4819574356079102,5.200901985168457,10.88599967956543,8.670000076293945,274,817.048828125,77.6294832,12.9783509
1766332011053642000,1472.3416420898438,13.17708969116211,1.6368367671966553,5.41196870803833,10.935999870300293,8.609999656677246,275,816.8902587890625,77.6294093,12.9783572
1766332012053577200,1473.3415771484374,14.271293640136719,1.7553372383117676,5.252572059631348,10.97599983215332,8.390000343322754,269,817.0606689453125,77.6293326,12.9783514
1766332013053767700,1474.341767578125,4.7612433433532715,1.1042851209640503,5.217747211456299,10.909000396728516,8.130000114440918,265,816.900146484375,77.6292658,12.9783401
1766332014053422000,1475.3414221191406,11.14550495147705,1.4621753692626953,5.270353317260742,10.885000228881836,8.270000457763672,264,817.6885986328125,77.6291871,12.978331
1766332015053606100,1476.3416062011718,9.422342300415039,1.3827039003372192,5.372809410095215,10.911999702453613,8.399999618530273,263,817.5435791015625,77.6291062,12.9783324
1766332016053562000,1477.3415620117187,4.593024253845215,1.068280816078186,5.448237419128418,10.894000053405762,8.300000190734863,255,817.4169921875,77.6290368,12.9783034
1766332017054118700,1478.3421186523437,10.65103816986084,1.4150292873382568,5.39808464050293,10.781999588012695,8.239999771118164,249,817.38916015625,77.6289616,12.9782767
1766332018053429000,1479.341428955078,11.169868469238281,1.539451003074646,5.585025787353516,10.85099983215332,9.029999732971191,253,818.001708984375,77.6288672,12.9782463
1766332019053506000,1480.3415061035157,10.711629867553711,1.4754133224487305,5.536694526672363,11.026000022888184,9.279999732971191,249,817.8961181640625,77.6287869,12.9782231
1766332020053456600,1481.3414565429687,12.578744888305664,1.4761935472488403,5.6797027587890625,11.130000114440918,8.760000228881836,250,819.190185546875,77.6287049,12.9782057
1766332021053348000,1482.3413481445311,15.772467613220215,1.677057147026062,5.773317813873291,11.303000450134277,8.520000457763672,246,819.8787841796875,77.6286347,12.9781671
1766332022053411600,1483.3414116210938,15.856215476989746,1.630427598953247,5.878331184387207,11.531000137329102,8.380000114440918,244,820.205810546875,77.6285744,12.9781279
1766332023053608000,1484.3416079101562,15.883673667907715,1.5849982500076294,5.6443376541137695,11.807999610900879,8.25,246,821.102783203125,77.6285199,12.9781046
1766332024053712600,1485.3417126464844,15.420161247253418,1.5428564548492432,5.40867280960083,11.92199993133545,8.430000305175781,239,819.587890625,77.628457,12.9780395
1766332025053682000,1486.3416818847656,10.7649507522583,1.40018892288208,5.2428879737854,11.961000442504883,8.510000228881836,238,818.7874755859375,77.6283898,12.9779884
1766332026053503000,1487.3415029296875,10.391202926635742,1.4272780418395996,5.078733921051025,11.911999702453613,8.529999732971191,238,818.976806640625,77.628324,12.9779459
1766332027053214200,1488.341214111328,5.862082004547119,1.1058123111724854,4.929861545562744,11.795999526977539,8.449999809265137,238,820.0931396484375,77.6282558,12.9779247
1766332028053910300,1489.34191015625,8.855981826782227,1.2808712720870972,4.51324462890625,11.503000259399414,8.489999771118164,240,820.0302734375,77.628185,12.977892
1766332029053687300,1490.3416872558594,9.99855899810791,1.3616863489151,4.21895694732666,11.40999984741211,8.75,236,819.03076171875,77.6281142,12.9778598
1766332030053327600,1491.3413276367187,14.280548095703125,1.734455943107605,3.955960988998413,11.211999893188477,8.75,239,819.20068359375,77.6280417,12.9778265
1766332031053840600,1492.3418405761718,10.824183464050293,1.5096186399459839,4.245031356811523,10.944999694824219,8.880000114440918,240,820.1903076171875,77.6279743,12.9777831
1766332032053383000,1493.3413828125,13.220297813415527,1.5370440483093262,4.590671539306641,10.970000267028809,8.1899995803833,234,821.14404296875,77.6279123,12.9777475
1766332033053299500,1494.341299560547,13.704028129577637,1.569226861000061,4.784340858459473,11.093000411987305,8.539999961853027,240,821.2210693359375,77.6278414,12.9777129
1766332034053911800,1495.3419118652344,11.916229248046875,1.4385104179382324,4.547189235687256,11.246000289916992,9.420000076293945,238,821.50927734375,77.6277575,12.9776527
1766332035054147000,1496.3421469726563,2.736050844192505,1.0030442476272583,4.236961841583252,11.248000144958496,9.380000114440918,235,824.2269287109375,77.6277145,12.9775787
1766332036053909000,1497.3419089355468,4.5193376541137695,1.0882453918457031,4.273543357849121,11.220999717712402,9.890000343322754,233,825.98046875,77.6276355,12.977524
1766332037053633000,1498.3416330566406,2.6762773990631104,1.0149954557418823,4.139415264129639,11.069999694824219,10.460000038146973,229,825.5858154296875,77.6275391,12.9774597
1766332038053374200,1499.3413742675782,4.516836643218994,1.1247334480285645,3.9614386558532715,10.835000038146973,11.149999618530273,227,825.6357421875,77.627463,12.977384
1766332039053672000,1500.341671875,2.3229267597198486,1.0075185298919678,3.759456157684326,10.694999694824219,11.529999732971191,224,828.346435546875,77.627414,12.9773096
1766332040053656800,1501.3416567382812,2.3861334323883057,1.0174272060394287,3.6731936931610107,10.442999839782715,11.729999542236328,222,829.8304443359375,77.6273506,12.9772283
1766332041053914600,1502.3419145507812,1.6390843391418457,0.98222815990448,3.4756736755371094,10.196999549865723,11.75,219,829.3421630859375,77.6272635,12.9771554
1766332042053648000,1503.3416479492187,0.29224327206611633,0.9377099871635437,3.259244918823242,10.067000389099121,11.489999771118164,217,829.4583740234375,77.6271935,12.97708
1766332043054047200,1504.3420471191407,0.44183021783828735,0.9375266432762146,3.115055561065674,9.946999549865723,11.460000038146973,215,829.493896484375,77.6271328,12.9770021
1766332044054177500,1505.3421774902345,1.7466979026794434,0.9689586758613586,2.9321348667144775,9.9350004196167,11.420000076293945,215,830.339599609375,77.6270694,12.9769198
1766332045053506600,1506.3415065917968,8.130131721496582,1.3548498153686523,2.9225566387176514,9.9350004196167,11.210000038146973,214,830.071533203125,77.6270128,12.9768373
1766332046053342700,1507.3413427734374,11.713173866271973,1.6280418634414673,2.9459376335144043,9.956000328063965,10.960000038146973,213,830.103515625,77.6269553,12.9767576
1766332047053875200,1508.3418752441407,14.042675018310547,1.8696609735488892,2.9843780994415283,10.10200023651123,10.9399995803833,215,830.1300048828125,77.6268976,12.9766781
1766332048053677000,1509.341677001953,16.89113998413086,2.1289150714874268,3.0340914726257324,10.244000434875488,10.9399995803833,215,830.1170654296875,77.6268397,12.9765972
1766332049054031400,1510.34203125,18.995990753173828,2.234809398651123,3.0723485946655273,10.51200008392334,10.710000038146973,215,830.113037109375,77.6267855,12.976521
1766332050053635600,1511.3416354980468,21.037151336669922,2.3624706268310547,3.1152892112731934,11.086000442504883,10.489999771118164,216,830.1220703125,77.6267335,12.9764496
1766332051053359600,1512.3413596191406,22.32524871826172,2.4940600395202637,3.185997724533081,11.666999816894531,10.5600004196167,216,830.132080078125,77.6266751,12.9763688
1766332052053513200,1513.3415131835939,24.23335075378418,2.6590306758880615,3.2755093574523926,12.038999557495117,10.5600004196167,216,830.12109375,77.6266194,12.9762907
1766332053053452000,1514.3414521484376,25.967180252075195,2.8616459369659424,3.3356740474700928,12.736000061035156,10.5,216,830.1097412109375,77.6265637,12.976215
1766332054053724700,1515.341724609375,27.560848236083984,2.995120048522949,3.4567244052886963,13.574000358581543,10.5,216,830.097900390625,77.6265052,12.9761397
1766332055053381600,1516.3413815917968,29.125934600830078,3.0322763919830322,3.490703582763672,14.550999641418457,10.220000267028809,215,830.1517333984375,77.6264614,12.9760741
1766332056053206500,1517.3412065429688,29.36834144592285,3.158158540725708,3.560298204421997,15.770999908447266,10.25,214,830.1241455078125,77.6264069,12.9759953
1766332057053845200,1518.3418452148437,28.30582618713379,3.2622087001800537,3.647850751876831,17.889999389648438,10.289999961853027,213,830.117431640625,77.6263527,12.9759171
1766332058053920000,1519.341919921875,27.8417911529541,3.137535333633423,3.725325345993042,19.28700065612793,10.020000457763672,213,830.079833984375,77.6263148,12.9758633
1766332059053782800,1520.3417827148437,23.18204689025879,3.6708452701568604,3.715566635131836,20.860000610351562,10.039999961853027,215,830.02685546875,77.6262621,12.975788
1766332060053900800,1521.3419008789062,24.508085250854492,3.892662286758423,3.698654890060425,22.530000686645508,10.029999732971191,215,830.0142822265625,77.626209,12.9757142
1766332061053458400,1522.3414584960938,25.74973487854004,4.1022539138793945,3.6744158267974854,24.15999984741211,10.020000457763672,215,830.002197265625,77.626156,12.9756406
1766332062053185300,1523.3411853027344,26.919225692749023,4.301382064819336,3.9301397800445557,25.461999893188477,10.010000228881836,215,829.990234375,77.6261031,12.9755671
1766332067073000000,1528.361,0,0,3.9301397800445557,232.76300048828125,0,0,829.990234375,77.6261031,12.9755671
1766332072881000000,1534.169,0,0,3.9301397800445557,100,0,0,829.990234375,77.6258685,12.9752295
1766332079325000000,1540.613,0,0,3.9301397800445557,100,0,0,829.990234375,77.6258685,12.9752295
1766332085267000000,1546.555,0,0,3.9301397800445557,100,0,0,829.990234375,77.6258685,12.9752295
1766332091087000000,1552.375,0,0,3.9301397800445557,100,0,0,829.990234375,77.6269425,12.9759875
1766332103780000000,1565.068,0,0,16.59490394592285,92.9000015258789,0,0,829,77.6250285,12.9747829
1766332109765000000,1571.053,0,0,16.59490394592285,92.9000015258789,0,0,830.7999877929688,77.6239753,12.9743135
1766332115602000000,1576.8899997558594,0,0,14.976900100708008,87.5999984741211,0,0,845.2000122070312,77.6223288,12.9732144
1766332118053906400,1579.3419064941406,5.9850029945373535,1.4745683670043945,15.001419067382812,20.29199981689453,15.90999984741211,239,845.2000122070312,77.6222318,12.9731329
1766332119053769000,1580.3417690429687,5.98199987411499,1.6092989444732666,15.011417388916016,31.68199920654297,17.3799991607666,237,845.2000122070312,77.6221297,12.9730514
1766332120053265000,1581.3412648925782,6.716313362121582,1.7339112758636475,15.02141284942627,106.39199829101562,16.690000534057617,237,845.2000122070312,77.6219423,12.9729534
1766332121053784300,1582.3417844238281,12.951510429382324,3.2665138244628906,15.031417846679688,22.76300048828125,16.299999237060547,233,845.2000122070312,77.6218359,12.9728702
1766332122054171400,1583.3421713867187,13.01619815826416,3.508720636367798,15.041421890258789,26.81100082397461,17.420000076293945,240,845.2000122070312,77.6217472,12.9727711
1766332123053563600,1584.341563720703,9.270825386047363,2.3532662391662598,15.05141544342041,26.54199981689453,16.420000076293945,242,845.2000122070312,77.6215335,12.9727495
1766332124054097000,1585.3420969238282,11.945671081542969,3.2393076419830322,15.061421394348145,31.78499984741211,19.059999465942383,239,845.2000122070312,77.6222238,12.9729929
1766332125053359000,1586.3413591308595,12.354349136352539,3.3883140087127686,15.07141399383545,33.409000396728516,19.309999465942383,239,845.2000122070312,77.6220605,12.9728986
1766332126054146600,1587.342146484375,11.12773323059082,2.5939929485321045,15.081421852111816,35.56999969482422,15.59000015258789,245,845.2000122070312,77.6219493,12.9728699
1766332127053640000,1588.341639892578,8.587679862976074,2.3894970417022705,15.091416358947754,34.35900115966797,17.15999984741211,244,845.2000122070312,77.6217912,12.9727968
1766332128053548000,1589.341548095703,7.921225547790527,2.478445291519165,15.101415634155273,33.779998779296875,16.899999618530273,245,845.2000122070312,77.6216614,12.9727396
1766332129053312800,1590.3413127441406,8.195834159851074,2.616001605987549,15.11141300201416,34.06399917602539,17.170000076293945,248,845.2000122070312,77.6214876,12.972676
1766332130053842400,1591.3418425292969,8.858431816101074,2.5908615589141846,15.121418952941895,28.413999557495117,17.809999465942383,250,845.2000122070312,77.6212865,12.9726418
1766332131053598500,1592.3415983886719,10.383207321166992,2.665886640548706,15.131416320800781,28.049999237060547,16.81999969482422,250,845.2000122070312,77.6211936,12.9726014
1766332132053309400,1593.3413093261718,11.972753524780273,2.93335223197937,15.141412734985352,27.551000595092773,16.75,250,845.2000122070312,77.6210513,12.9725474
1766332133054026000,1594.3420258789063,13.367963790893555,3.219674825668335,15.151420593261719,29.038000106811523,16.719999313354492,250,845.2000122070312,77.6209083,12.9724946
1766332134053477000,1595.3414770507814,12.062029838562012,2.8908491134643555,15.161415100097656,29.70199966430664,16.3700008392334,250,845.2000122070312,77.6208272,12.972403
1766332135053465000,1596.3414650878906,8.985310554504395,2.1629538536071777,15.171414375305176,29.48200035095215,15.210000038146973,258,845.2000122070312,77.6206886,12.9724422
1766332136054177300,1597.3421772460938,10.28901481628418,2.3781731128692627,15.181422233581543,30.740999221801758,15.680000305175781,259,845.2000122070312,77.6205126,12.9724247
1766332137053928700,1598.3419287109375,11.213177680969238,2.489124298095703,15.19141960144043,29.836999893188477,15.9399995803833,259,845.2000122070312,77.6203325,12.972404
1766332138053860900,1599.3418608398438,10.518793106079102,2.3346612453460693,15.20141887664795,28.99799919128418,15.550000190734863,261,845.2000122070312,77.6201801,12.9723973
1766332139053249300,1600.3412492675782,7.806389808654785,1.897605299949646,15.21141242980957,25.944000244140625,15.619999885559082,266,845.2000122070312,77.6199605,12.972474
1766332140054200300,1601.342200439453,9.63314437866211,2.085906982421875,15.22142219543457,22.405000686645508,15.5,265,845.2000122070312,77.6198155,12.9724618
1766332141053918500,1602.3419184570312,7.177606582641602,1.7434312105178833,15.231419563293457,20.97100067138672,15.600000381469727,267,845.2000122070312,77.6196459,12.9724933
1766332142053704400,1603.3417043457032,7.996560096740723,1.7979978322982788,15.241416931152344,19.035999298095703,15.829999923706055,268,845.2000122070312,77.619496,12.9724874
1766332143053801500,1604.341801513672,9.54419231414795,2.0160903930664062,15.251418113708496,17.514999389648438,15.989999771118164,266,845.2000122070312,77.6193441,12.9724563
1766332144053698800,1605.3416987304688,10.806999206542969,2.2000272274017334,15.261417388916016,16.13599967956543,16.079999923706055,266,845.2000122070312,77.6191969,12.9724447
1766332145053585400,1606.3415854492187,10.699390411376953,2.3939173221588135,15.271415710449219,16.785999298095703,17.280000686645508,257,845.2000122070312,77.6190205,12.9723167
1766332146053376000,1607.3413759765624,10.780964851379395,1.7916865348815918,15.281414031982422,17.371999740600586,15.029999732971191,266,845.2000122070312,77.6189215,12.9724022
1766332147053197800,1608.3411977539063,12.224116325378418,2.0942652225494385,15.291412353515625,18.531999588012695,15.100000381469727,269,845.2000122070312,77.6187838,12.9724188
1766332148053920800,1609.341920654297,11.407610893249512,2.263366460800171,15.301419258117676,19.572999954223633,15.34000015258789,275,845.2000122070312,77.6186271,12.9724724
1766332149053905700,1610.3419057617189,11.961859703063965,2.377014398574829,15.311419486999512,20.089000701904297,15.180000305175781,274,845.2000122070312,77.6184858,12.9724877
1766332150053604000,1611.3416040039062,7.5179057121276855,1.8340556621551514,15.321415901184082,19.125999450683594,15.079999923706055,278,845.2000122070312,77.6183221,12.972526
1766332151053284900,1612.3412849121094,7.3525519371032715,1.835250735282898,15.331413269042969,18.55500030517578,15.510000228881836,277,845.2000122070312,77.6181243,12.972564
1766332152053899000,1613.3418989257812,8.839476585388184,2.006643056869507,15.341419219970703,17.332000732421875,14.170000076293945,277,845.2000122070312,77.6180479,12.9725902
1766332153053424000,1614.3414240722657,10.830496788024902,2.3628859519958496,15.351414680480957,16.816999435424805,14.119999885559082,281,845.2000122070312,77.6179499,12.9726117
1766332154053883400,1615.3418833007813,12.19987678527832,2.6317625045776367,15.361418724060059,16.174999237060547,13.949999809265137,279,845.2000122070312,77.6178327,12.9726247
1766332155054111500,1616.3421115722656,12.870428085327148,2.8055307865142822,15.371420860290527,15.848999977111816,14.09000015258789,275,845.2000122070312,77.6176966,12.9726026
1766332156053905400,1617.3419055175782,11.614311218261719,2.6785991191864014,15.38141918182373,15.067000389099121,14.920000076293945,274,845.2000122070312,77.6175318,12.9726093
1766332157053680600,1618.3416806640626,8.969863891601562,1.7792596817016602,15.391416549682617,14.309000015258789,11.619999885559082,280,845.2000122070312,77.6175119,12.9726365
1766332158054093600,1619.3420935058593,13.035490989685059,2.2139527797698975,15.401420593261719,13.604999542236328,11.619999885559082,280,845.2000122070312,77.6174064,12.9726546
1766332159053980200,1620.3419802246094,15.480447769165039,2.58260440826416,15.411419868469238,13.041999816894531,11.649999618530273,281,845.2000122070312,77.6173023,12.9726749
1766332160053810700,1621.3418107910156,18.287155151367188,2.826782464981079,15.421418190002441,13.454999923706055,11.149999618530273,282,845.2000122070312,77.6172291,12.9726964
1766332161053330400,1622.3413303222655,20.64442253112793,3.110414743423462,15.431413650512695,13.53600025177002,11.149999618530273,282,845.2000122070312,77.6171284,12.9727162
1766332162053910500,1623.3419106445313,19.467731475830078,3.3900463581085205,15.44141960144043,16.014999389648438,11.140000343322754,281,845.2000122070312,77.6170279,12.972736
1766332170074000000,1631.3619997558594,0,0,15.44141960144043,100,0,0,845.2000122070312,77.6169173,12.9730336
1766332175880000000,1637.168,0,0,15.44141960144043,100,0,0,845.2000122070312,77.6169173,12.9730336
1766332181816000000,1643.104,0,0,18.489999771118164,98.4000015258789,0,0,853.3999633789062,77.6165975,12.9728993
1766332188103000000,1649.391,0,0,13.584489822387695,82.5,0,0,840.0999755859375,77.6174813,12.9724339
1766332193361000000,1654.649,0,0,13.584489822387695,292.82000732421875,0,0,840.0999755859375,77.6174813,12.9724339
1766332199437000000,1660.725,0,0,1.436977744102478,16.791000366210938,0,0,853.3999633789062,77.6166059,12.9729145
1766332205400000000,1666.688,0,0,57.79482650756836,87.5999984741211,0,0,852.2000122070312,77.6165846,12.9728333
1766332212053619500,1673.3416193847656,6.794865131378174,1.7312486171722412,57.86136245727539,23.12299919128418,14.300000190734863,284,852.2000122070312,77.6153971,12.9732953
1766332213054035200,1674.34203515625,9.655083656311035,2.091282844543457,57.871368408203125,22.55900001525879,12.649999618530273,284,852.2000122070312,77.6152939,12.9733296
1766332214054094300,1675.3420942382813,10.024246215820312,2.179809808731079,57.88136672973633,21.172000885009766,12.539999961853027,285,852.2000122070312,77.6151872,12.9733743
1766332215053900000,1676.3419001464845,5.323556423187256,1.6237925291061401,57.89136505126953,19.524999618530273,14.800000190734863,282,852.2000122070312,77.6150099,12.9733879
1766332216053845800,1677.341845703125,6.21439790725708,1.75409996509552,57.901363372802734,18.576000213623047,15.649999618530273,284,852.2000122070312,77.6148357,12.973422
1766332217053673500,1678.3416735839844,2.106914758682251,1.7144906520843506,57.91136169433594,16.74799919128418,16.219999313354492,283,852.2000122070312,77.6146696,12.973465
1766332218054136300,1679.3421362304687,5.884921073913574,1.948830246925354,57.92136764526367,15.020000457763672,16.079999923706055,282,852.2000122070312,77.6145226,12.9734961
1766332219054115300,1680.342115234375,3.9434826374053955,1.315802812576294,57.931365966796875,13.218000411987305,16.040000915527344,282,852.2000122070312,77.6143713,12.9735312
1766332220054058000,1681.3420581054688,4.947964191436768,1.4300205707550049,57.941368103027344,12.00100040435791,16.700000762939453,281,852.2000122070312,77.6141849,12.9735565
1766332221053977000,1682.3419770507812,7.402623176574707,1.7555441856384277,57.95136642456055,10.901000022888184,16.729999542236328,280,852.2000122070312,77.6140229,12.9735826
1766332222053240000,1683.3412399902343,8.610307693481445,1.9855190515518188,57.96135711669922,10.857000350952148,17.309999465942383,280,852.2000122070312,77.6138556,12.9736136
1766332223053326800,1684.341326904297,5.830093860626221,1.6327781677246094,57.97135925292969,10.026000022888184,17.8799991607666,280,852.2000122070312,77.6136835,12.9736354
1766332224054106000,1685.3421062011719,0.9075698256492615,0.9705519080162048,57.98136901855469,8.756999969482422,18.43000030517578,283,852.2000122070312,77.6135228,12.9737039
1766332225053676500,1686.341676513672,4.831934928894043,1.4029113054275513,57.991363525390625,8.211000442504883,18.610000610351562,283,852.2000122070312,77.6133601,12.9737411
1766332226053977300,1687.341977294922,2.9621896743774414,1.2330105304718018,58.001365661621094,7.465000152587891,18.729999542236328,282,852.2000122070312,77.6131902,12.9737656
1766332227053634000,1688.341634033203,5.265627861022949,1.5732471942901611,58.0113639831543,6.636000156402588,19,282,852.2000122070312,77.6130118,12.9737982
1766332228053581600,1689.3415815429687,7.074903964996338,1.8380508422851562,58.0213623046875,6.336999893188477,19.110000610351562,282,852.2000122070312,77.6128369,12.9738372
1766332229053328600,1690.3413286132813,8.466008186340332,1.9913009405136108,58.0313606262207,6.811999797821045,18.780000686645508,282,852.2000122070312,77.6126643,12.9738748
1766332230053920500,1691.3419204101563,6.268326282501221,1.833702802658081,58.04136657714844,7.795000076293945,19.809999465942383,280,852.2000122070312,77.6124603,12.9739076
1766332231053446000,1692.3414458007812,5.684133529663086,1.6126048564910889,58.051361083984375,8.23799991607666,19.469999313354492,280,852.2000122070312,77.6122824,12.9739394
1766332232054032000,1693.342031982422,5.197327613830566,1.663095474243164,58.06136703491211,9.524999618530273,19.950000762939453,284,852.2000122070312,77.6120977,12.9739909
1766332233053479400,1694.3414794921875,6.6734938621521,1.9023274183273315,58.07136154174805,9.843999862670898,20.09000015258789,284,852.2000122070312,77.6119232,12.9740456
1766332234053257200,1695.3412573242188,2.3542211055755615,1.1484395265579224,58.08135986328125,10.220999717712402,20.459999084472656,283,852.2000122070312,77.6117332,12.9741067
1766332235053760500,1696.3417604980468,2.0121898651123047,1.0926737785339355,58.091365814208984,10.140999794006348,20.239999771118164,283,852.2000122070312,77.6115284,12.9741899
1766332236053593600,1697.3415935058595,4.814903736114502,1.6200300455093384,58.10136413574219,9.810999870300293,20.149999618530273,283,852.2000122070312,77.6113311,12.9742513
1766332237053323000,1698.341322998047,4.506889343261719,1.4041081666946411,58.111358642578125,9.517999649047852,20.1299991607666,283,852.2000122070312,77.6111585,12.9742879
1766332238053318700,1699.3413186035157,3.096998691558838,0.9236722588539124,58.121360778808594,8.788000106811523,19.239999771118164,284,852.2000122070312,77.6109923,12.9743307
1766332239053904400,1700.341904296875,1.7436068058013916,0.4996912479400635,7.15889310836792,7.410999774932861,18.450000762939453,283,844.5203857421875,77.6108161,12.9743806
1766332240053328100,1701.341328125,2.981991767883301,0.8606916666030884,6.924408912658691,7.11299991607666,18.610000610351562,283,843.8544921875,77.6106511,12.9744247
1766332241054117600,1702.3421176757813,3.1285159587860107,1.2604005336761475,6.318360328674316,6.081999778747559,18.1299991607666,284,843.072998046875,77.6104945,12.9744569
1766332242054102500,1703.3421025390626,4.08217716217041,1.4227677583694458,5.762457847595215,5.451000213623047,17.989999771118164,284,842.649658203125,77.6103443,12.9744962
1766332243054026500,1704.342026611328,3.613166332244873,1.3094139099121094,5.524801731109619,5.197000026702881,17.209999084472656,284,842.8681640625,77.610205,12.9745295
1766332244053454300,1705.3414543457031,4.826045989990234,1.4328315258026123,5.353743076324463,5.199999809265137,15.979999542236328,284,842.91162109375,77.6100651,12.9745613
1766332245054106400,1706.3421064453125,2.6648738384246826,1.138719916343689,5.139822483062744,5.006999969482422,16.1299991607666,284,842.901611328125,77.609916,12.9746109
1766332246053523200,1707.3415231933593,2.8328006267547607,1.1653023958206177,5.069683074951172,4.965000152587891,16.1200008392334,284,842.384033203125,77.60976,12.9746656
1766332247053441500,1708.3414416503906,4.634194374084473,1.3714121580123901,5.303035736083984,4.9670000076293945,16.18000030517578,284,842.9666748046875,77.6096032,12.9747022
1766332248054009600,1709.3420095214844,1.7247415781021118,1.0193519592285156,5.429906368255615,4.995999813079834,14.569999694824219,279,844.914306640625,77.6094982,12.9747103
1766332249053367000,1710.3413669433594,5.21011209487915,1.3480768203735352,5.1132588386535645,4.906000137329102,14.420000076293945,281,847.7757568359375,77.6093845,12.9747104
1766332250053815300,1711.341815185547,0.44623422622680664,0.9479731917381287,5.087473392486572,4.705999851226807,14.720000267028809,284,847.9471435546875,77.6092555,12.9747482
1766332251053774000,1712.3417741699218,0.9986518621444702,0.9636842012405396,5.228690147399902,4.501999855041504,14.5,285,847.74951171875,77.6091243,12.9747791
1766332252053438000,1713.3414379882813,1.615380883216858,1.0104115009307861,5.558139324188232,4.443999767303467,13.90999984741211,285,848.578369140625,77.6089971,12.974814
1766332253054123800,1714.3421237792968,5.848123550415039,1.5298147201538086,5.866271018981934,4.2220001220703125,13.699999809265137,286,849.642578125,77.6088819,12.9748504
1766332254053939200,1715.3419392089843,4.924753665924072,1.0934616327285767,5.789037227630615,4.255000114440918,12.979999542236328,288,849.6845703125,77.6087697,12.9748933
1766332255053902800,1716.3419028320313,4.833486080169678,0.988208532333374,5.254939556121826,4.3470001220703125,13.210000038146973,288,848.0712890625,77.6086525,12.9749313
1766332256053276200,1717.3412761230468,3.7132771015167236,0.6747906804084778,4.873295307159424,4.289000034332275,11.729999542236328,287,849.2113037109375,77.6085539,12.9749624
1766332257053643000,1718.3416430664063,1.5594755411148071,0.28486204147338867,4.425388813018799,4.2729997634887695,11.75,288,848.3780517578125,77.6084396,12.9750007
1766332258053527000,1719.3415270996093,0.3867383897304535,0.9620389342308044,4.067986011505127,4.192999839782715,11.430000305175781,287,848.3818359375,77.6083401,12.9750274
1766332259054120000,1720.3421198730468,0.3912222683429718,0.9348995685577393,3.748331308364868,3.9700000286102295,11.020000457763672,286,848.4549560546875,77.6082432,12.975054
1766332260053590000,1721.3415900878906,4.268525123596191,1.1329320669174194,3.5675625801086426,3.940000057220459,10.729999542236328,286,848.1080322265625,77.6081469,12.9750826
1766332261053347300,1722.3413474121094,5.829949378967285,1.2544432878494263,3.432875633239746,3.7909998893737793,10.319999694824219,285,847.48046875,77.6080552,12.9751048
1766332262054105900,1723.3421059570312,2.1030354499816895,0.975189745426178,3.536632537841797,3.7899999618530273,9.84000015258789,285,846.8375244140625,77.6079723,12.9751286
1766332263053718500,1724.3417185058593,8.067827224731445,1.2644984722137451,3.4714276790618896,3.7899999618530273,9.170000076293945,280,847.0107421875,77.6078884,12.9751508
1766332264053465000,1725.3414650878906,3.233351707458496,1.0326296091079712,3.4940013885498047,3.7899999618530273,9.680000305175781,288,846.8673095703125,77.6078017,12.9751851
1766332265053476600,1726.3414765625,5.649860382080078,1.3704460859298706,3.430495500564575,3.7899999618530273,10.170000076293945,288,846.744384765625,77.6077165,12.97521
1766332266053958400,1727.3419584960936,1.8414678573608398,0.9623568058013916,3.519050359725952,3.7899999618530273,8.649999618530273,283,846.1669921875,77.6076471,12.9752166
1766332267053906000,1728.3419060058593,0.754784107208252,0.9393270015716553,3.3202168941497803,3.7899999618530273,8.319999694824219,283,846.317626953125,77.6075681,12.9752342
1766332268053905700,1729.3419057617189,3.1664814949035645,0.9898500442504883,3.118833541870117,3.7899999618530273,7.739999771118164,281,846.68603515625,77.6075014,12.9752474
1766332269053271300,1730.3412712402344,3.3979828357696533,0.9979822635650635,3.079603433609009,3.7899999618530273,7.329999923706055,282,846.685791015625,77.6074381,12.9752623
1766332270054041600,1731.3420415039063,4.295170307159424,1.0361679792404175,3.124375820159912,3.7899999618530273,7.300000190734863,285,847.26953125,77.6073724,12.9752703
1766332271053930500,1732.341930419922,9.744277954101562,1.3356844186782837,3.405946969985962,4.8470001220703125,7.510000228881836,286,847.0927734375,77.6073069,12.9752847
1766332272053299200,1733.3412993164063,13.86549186706543,1.5154297351837158,3.733334541320801,5.994999885559082,6.75,286,846.810546875,77.607253,12.9752988
1766332273053651000,1734.3416508789062,16.841150283813477,1.527923345565796,4.085410118103027,7.173999786376953,5.71999979019165,283,846.251220703125,77.6072142,12.9753055
1766332274053601500,1735.3416015625,19.557336807250977,1.6203125715255737,4.360888957977295,9.342000007629395,5.309999942779541,285,846.21435546875,77.6071681,12.9753206
1766332275053048300,1736.3410483398438,19.592967987060547,1.5882817506790161,4.581949234008789,9.723999977111816,5.019999980926514,283,846.26953125,77.6071296,12.9753246
1766332276052338400,1737.3403383789062,20.389148712158203,1.6229771375656128,4.886167049407959,11.116999626159668,4.929999828338623,281,846.24169921875,77.6070797,12.975335
1766332277052260400,1738.3402602539063,24.04283905029297,1.556627869606018,4.969120502471924,11.461999893188477,3.8499999046325684,271,846.099609375,77.6070588,12.9753296
1766332278052636700,1739.34063671875,29.538951873779297,1.8059055805206299,10.241576194763184,11.770999908447266,4.179999828338623,271,845.5999755859375,77.6070041,12.9753303
1766332279052478000,1740.3404780273438,25.323001861572266,1.5825819969177246,10.251574516296387,12.03499984741211,3.700000047683716,282,845.5999755859375,77.6069849,12.9753427
1766332280052252000,1741.340251953125,27.290443420410156,1.6345536708831787,10.261571884155273,12.27400016784668,3.6500000953674316,280,845.5999755859375,77.6069466,12.9753449
1766332281053165800,1742.3411657714844,32.343170166015625,1.5912786722183228,10.271581649780273,12.479000091552734,3,287,845.5999755859375,77.606918,12.9753497
1766332282052660000,1743.3406599121095,44.15483474731445,1.9063737392425537,10.281576156616211,12.645000457763672,3.0299999713897705,286,845.5999755859375,77.6068905,12.9753557
1766332283052925700,1744.34092578125,52.1927604675293,2.2537477016448975,10.291579246520996,12.885000228881836,2.890000104904175,290,845.5999755859375,77.6068668,12.9753592
1766332287730000000,1749.0179997558594,0,0,10.291579246520996,200.81199645996094,0,0,845.5999755859375,77.6068668,12.9753592
1766332295052745700,1756.3407458496094,77.43757629394531,2.1085009574890137,10.411577224731445,26.940000534057617,1.309999942779541,218,845.5999755859375,77.6066085,12.975376
1766332303081000000,1764.369,0,0,10.411577224731445,100,0,0,845.5999755859375,77.6065331,12.9757134
1766332308905000000,1770.193,0,0,10.411577224731445,200,0,0,845.5999755859375,77.6079655,12.9768419
1766332314724000000,1776.012,0,0,10.411577224731445,200,0,0,845.5999755859375,77.6079655,12.9768419
1766332320544000000,1781.832,0,0,10.411577224731445,200,0,0,845.5999755859375,77.6079655,12.9768419
1766332326490000000,1787.7779997558594,0,0,10.411577224731445,200,0,0,845.5999755859375,77.6079655,12.9768419
1766332332360000000,1793.648,0,0,66.8617935180664,92.9000015258789,0,0,842.2000122070312,77.6060246,12.975324
1766332337052466000,1798.3404658203126,10.572378158569336,2.36903715133667,66.90872192382812,21.4950008392334,10.4399995803833,289,842.2000122070312,77.6055288,12.9756525
1766332338053054500,1799.3410544433593,6.195024490356445,1.3762531280517578,66.9187240600586,18.062999725341797,10.199999809265137,283,842.2000122070312,77.6054736,12.9756569
1766332339052832500,1800.3408325195312,10.102322578430176,1.700702428817749,66.92871856689453,15.814000129699707,10.180000305175781,284,842.2000122070312,77.6053489,12.9757706
1766332340052226800,1801.3402268066407,8.128518104553223,1.591060996055603,66.93871307373047,14.66100025177002,10.569999694824219,284,842.2000122070312,77.6052453,12.9757798
1766332341052566300,1802.3405661621093,11.997332572937012,1.999123454093933,66.94872283935547,14.116999626159668,10.550000190734863,283,842.2000122070312,77.6051514,12.9758041
1766332342052340700,1803.3403408203126,13.74997615814209,2.252938747406006,66.9587173461914,14.006999969482422,10.680000305175781,281,842.2000122070312,77.6050423,12.9758268
1766332343052844000,1804.3408439941406,12.941450119018555,2.178427219390869,66.96871948242188,12.763999938964844,10.8100004196167,281,842.2000122070312,77.6049443,12.9758402
1766332344052648200,1805.3406481933594,13.45630931854248,2.2392196655273438,66.97872161865234,12.644000053405762,10.720000267028809,283,842.2000122070312,77.6048527,12.9758772
1766332345052345600,1806.340345703125,15.19320297241211,2.227618455886841,66.98871612548828,12.689000129699707,9.449999809265137,285,842.2000122070312,77.6047997,12.9758964
1766332346052464400,1807.3404643554688,14.200592041015625,2.269301176071167,66.99871826171875,12.369999885559082,10.3100004196167,285,842.2000122070312,77.604697,12.9759192
1766332347052907800,1808.3409077148438,16.03085708618164,2.583054780960083,67.00872039794922,12.093999862670898,10.369999885559082,285,842.2000122070312,77.6045903,12.97594
1766332348052462600,1809.3404626464844,17.908170700073242,2.7399661540985107,67.01871490478516,12.104000091552734,9.819999694824219,285,842.2000122070312,77.6045161,12.9759653
1766332349052922400,1810.3409223632812,16.0302677154541,2.3748791217803955,67.02872467041016,11.092000007629395,9.539999961853027,281,842.2000122070312,77.6044208,12.975971
1766332350053075700,1811.3410756835938,12.479582786560059,1.8001335859298706,8.103663444519043,10.628999710083008,8.489999771118164,285,848.220458984375,77.6044029,12.9759765
1766332351052775200,1812.3407751464845,12.58076286315918,1.840329885482788,8.063486099243164,10.135000228881836,8.739999771118164,283,847.9012451171875,77.6043137,12.9759895
1766332352053067800,1813.3410678710939,15.228963851928711,1.9709270000457764,9.03382396697998,9.736000061035156,8.029999732971191,285,851.19189453125,77.6042942,12.9759941
1766332353052766200,1814.3407661132812,16.100332260131836,1.9799866676330566,9.220952033996582,9.343000411987305,8.109999656677246,284,853.06103515625,77.6042294,12.9760101
1766332354053030000,1815.3410297851563,12.472126960754395,1.8756930828094482,9.264416694641113,9.145999908447266,8.970000267028809,286,854.579345703125,77.6040797,12.9760564
1766332355053247000,1816.3412470703124,11.67204475402832,1.741031289100647,9.477314949035645,9.567000389099121,8.529999732971191,283,852.54248046875,77.6039913,12.9760648
1766332356053067500,1817.3410676269532,9.4523286819458,1.5527114868164062,9.427472114562988,9.781999588012695,8.729999542236328,287,851.739990234375,77.6039354,12.9760833
1766332357052477400,1818.3404775390625,11.383591651916504,1.7204391956329346,9.643365859985352,9.850000381469727,8.899999618530273,288,852.247314453125,77.6038614,12.9761062
1766332358052354000,1819.3403540039062,12.014904022216797,2.0321803092956543,9.7914457321167,10.170000076293945,8.520000457763672,286,851.26220703125,77.603782,12.9761238
1766332359052350200,1820.3403500976563,14.050642967224121,2.0094223022460938,9.599108695983887,10.552000045776367,8.210000038146973,286,852.499267578125,77.6037158,12.9761413
1766332360052475000,1821.3404748535156,11.280597686767578,1.7073612213134766,9.544480323791504,10.895000457763672,7.940000057220459,279,852.52783203125,77.6036509,12.9761381
1766332361052275000,1822.3402749023437,12.659250259399414,1.7900137901306152,9.151304244995117,11.098999977111816,7.730000019073486,282,852.9605712890625,77.6035814,12.9761559
1766332362053114400,1823.3411142578125,14.374683380126953,1.9003022909164429,8.638688087463379,11.579999923706055,7.860000133514404,282,852.296875,77.6035145,12.9761725
1766332363052925200,1824.3409252929687,10.845797538757324,1.5808260440826416,8.014010429382324,11.222000122070312,8.010000228881836,284,852.0167236328125,77.6034464,12.9761964
1766332364052726000,1825.3407260742188,13.391706466674805,1.7668492794036865,7.676008224487305,10.635000228881836,8.109999656677246,284,851.141845703125,77.6033652,12.9762299
1766332365052690200,1826.340690185547,15.672403335571289,1.9607425928115845,7.385692596435547,10.267000198364258,8.079999923706055,281,850.923095703125,77.6032915,12.976242
1766332366052504600,1827.340504638672,16.016695022583008,1.9653825759887695,7.091928482055664,10.088000297546387,8.09000015258789,279,850.61669921875,77.6032167,12.9762481
1766332367052574200,1828.34057421875,15.49435043334961,1.9955695867538452,6.9277544021606445,10.138999938964844,8.300000190734863,281,850.439208984375,77.6031284,12.9762658
1766332368052472800,1829.3404729003905,15.780393600463867,2.0288734436035156,7.054470062255859,10.192999839782715,8.279999732971191,284,854.089111328125,77.603063,12.9762771
1766332369053045800,1830.341045654297,15.95603084564209,2.0618789196014404,6.925758361816406,10.493000030517578,8.319999694824219,284,856.33837890625,77.6029947,12.9763096
1766332370052692200,1831.3406921386718,17.467788696289062,2.232137680053711,6.747355937957764,10.79699993133545,8.210000038146973,283,858.2525634765625,77.6029182,12.9763309
1766332371053111800,1832.3411118164063,18.686120986938477,2.3315162658691406,6.192966461181641,10.802000045776367,7.989999771118164,280,857.6510009765625,77.6028495,12.9763101
1766332372053193000,1833.3411928710937,15.017068862915039,1.8995389938354492,6.3718719482421875,10.371000289916992,8.149999618530273,283,857.325927734375,77.6027742,12.9763548
1766332373052238800,1834.3402387695312,11.32568645477295,1.399299144744873,6.404743671417236,9.812000274658203,7.989999771118164,282,857.6142578125,77.6026883,12.9763915
1766332374052236000,1835.3402360839843,7.432522296905518,1.0034148693084717,6.338586330413818,9.048999786376953,8.739999771118164,287,859.0234375,77.6026175,12.9764037
1766332375052495400,1836.340495361328,8.81814193725586,1.1527392864227295,6.214870452880859,8.333000183105469,8.460000038146973,285,859.21875,77.6025362,12.9764299
1766332376052597800,1837.34059765625,22.98361587524414,2.985593318939209,6.288034915924072,7.5370001792907715,8.239999771118164,287,857.51123046875,77.6024664,12.9764652
1766332377052291800,1838.3402917480469,13.96743106842041,1.7563544511795044,6.385186195373535,7.076000213623047,8.119999885559082,287,858.789306640625,77.6024002,12.976485
1766332378052417000,1839.3404169921876,15.382685661315918,1.9484214782714844,6.0810747146606445,7.039000034332275,8.15999984741211,290,859.0926513671875,77.6023251,12.9765158
1766332379052585500,1840.3405854492187,16.43817901611328,1.9587929248809814,6.042407512664795,7.413000106811523,7.670000076293945,286,858.62744140625,77.6022626,12.9765029
1766332380052761300,1841.3407612304688,5.604106426239014,1.1968189477920532,6.00941801071167,7.577000141143799,8.84000015258789,301,858.554931640625,77.6021694,12.9766031
1766332381052292600,1842.3402927246093,5.612244606018066,1.3828237056732178,5.885534763336182,7.501999855041504,8.619999885559082,305,858.7490234375,77.6021043,12.9766429
1766332382053049900,1843.3410498046876,6.638829231262207,1.3781301975250244,5.838019371032715,7.63700008392334,8.710000038146973,304,855.9227294921875,77.6020254,12.9766935
1766332383052212500,1844.3402124023437,10.340228080749512,1.6485612392425537,6.01032829284668,7.704999923706055,8.75,305,854.83544921875,77.6019495,12.9767557
1766332384053162800,1845.3411628417969,10.210094451904297,1.5382144451141357,5.708929538726807,7.552000045776367,8.319999694824219,306,854.4873046875,77.6018998,12.9767704
1766332385052925400,1846.3409255371093,8.786269187927246,1.401131272315979,6.501280307769775,7.89300012588501,8.15999984741211,309,856.273193359375,77.6018543,12.9768095
1766332386052234800,1847.3402348632812,9.247333526611328,1.5237162113189697,6.943360805511475,8.241999626159668,8.760000228881836,307,856.5001220703125,77.6017866,12.9768673
1766332387053048600,1848.3410485839843,13.73171329498291,1.8343998193740845,7.579110145568848,8.977999687194824,8.630000114440918,308,856.4573974609375,77.6017249,12.976915
1766332388052682500,1849.3406826171874,17.73501968383789,2.118136405944824,7.2875871658325195,10.135000228881836,8.479999542236328,306,856.207763671875,77.6016668,12.9769519
1766332389052296700,1850.3402966308595,15.514817237854004,1.759634256362915,7.73980188369751,10.67300033569336,7.789999961853027,310,855.5919189453125,77.6016188,12.9769877
1766332390052324600,1851.3403247070312,14.068349838256836,1.6694598197937012,7.9325175285339355,11.689000129699707,7.53000020980835,319,855.190673828125,77.6015836,12.9770331
1766332391052933400,1852.3409333496095,13.945292472839355,1.7395018339157104,8.030472755432129,13.295999526977539,7.679999828338623,322,855.4915771484375,77.6015354,12.9771053
1766332392053105700,1853.3411057128906,16.618274688720703,1.848225474357605,8.32839584350586,14.267999649047852,7.579999923706055,321,855.42041015625,77.6014885,12.9771325
1766332393052413700,1854.3404135742187,18.001220703125,1.8599494695663452,8.283743858337402,14.656999588012695,7.570000171661377,318,854.2244873046875,77.6014424,12.9771668
1766332394053186600,1855.3411865234375,9.176920890808105,1.3489477634429932,7.500544548034668,14.519000053405762,8.239999771118164,336,849.1533203125,77.6014399,12.9773774
1766332395052951300,1856.3409514160155,10.06809139251709,1.3554584980010986,6.596063137054443,13.579000473022461,8.260000228881836,334,845.6575927734375,77.6013944,12.9774433
1766332396052318200,1857.3403181152344,9.281978607177734,1.3251750469207764,5.847415924072266,12.763999938964844,8.199999809265137,339,845.809814453125,77.6013749,12.9775195
1766332397052612900,1858.3406127929688,5.791006565093994,1.1282496452331543,5.276142597198486,12.189000129699707,7.75,332,843.7225341796875,77.6013204,12.9775657
1766332398052323000,1859.340322998047,8.2450590133667,1.1963584423065186,4.711059093475342,11.366000175476074,8,334,843.2020263671875,77.6012982,12.97763
1766332399052937700,1860.3409377441405,8.647104263305664,1.2782642841339111,4.5719990730285645,10.512999534606934,7.980000019073486,338,843.662109375,77.6012738,12.9776987
1766332400052285000,1861.3402849121094,11.142305374145508,1.4124175310134888,4.490255832672119,10.727999687194824,8.069999694824219,339,844.044677734375,77.6012369,12.9777617
1766332401052923400,1862.3409233398438,15.584417343139648,1.6658023595809937,4.679660797119141,11.666999816894531,7.690000057220459,336,844.0498046875,77.6012093,12.977826
1766332402052960300,1863.340960205078,17.72606086730957,1.7055548429489136,4.545892238616943,11.784000396728516,7.75,337,844.24755859375,77.6011778,12.9778909
1766332403053095400,1864.3410954589845,19.555307388305664,1.905630350112915,4.997513771057129,12.16100025177002,8.220000267028809,336,845.26513671875,77.6011388,12.9779591
1766332404052919000,1865.3409189453125,15.771759033203125,1.5818190574645996,4.89933443069458,12.357000350952148,8.479999542236328,345,844.8392333984375,77.6011285,12.9780382
1766332405052674300,1866.3406743164062,16.907257080078125,1.7194629907608032,5.025407314300537,12.97700023651123,8.3100004196167,345,844.954833984375,77.6011057,12.9781065
1766332406052850000,1867.3408498535157,10.834304809570312,1.4939310550689697,4.929287910461426,12.690999984741211,8.609999656677246,340,845.3212890625,77.6011021,12.9782146
1766332407053175000,1868.341175048828,10.130230903625488,1.4230937957763672,5.108461856842041,12.611000061035156,8.470000267028809,338,844.855224609375,77.6010698,12.9782893
1766332408052472600,1869.34047265625,10.756058692932129,1.469093680381775,4.842406749725342,12.369000434875488,7.909999847412109,332,845.084228515625,77.6010328,12.9783486
1766332409052408800,1870.340408935547,15.391042709350586,1.7341177463531494,4.6033854484558105,11.991999626159668,7.71999979019165,334,845.02001953125,77.6010123,12.9784126
1766332410052906000,1871.3409060058593,18.187501907348633,1.8656466007232666,4.295327186584473,11.175000190734863,7.539999961853027,332,843.961181640625,77.600983,12.9784566
1766332411052714000,1872.3407138671876,11.455910682678223,1.4544588327407837,4.255023002624512,11.12399959564209,8.260000228881836,339,842.6943359375,77.6009555,12.978527
1766332412052388900,1873.3403889160156,9.559032440185547,1.4435906410217285,4.396540641784668,11.09000015258789,9.399999618530273,336,842.15234375,77.6009105,12.9786099
1766332413053125000,1874.341125,11.998713493347168,1.7568365335464478,4.445766448974609,11.083999633789062,10.109999656677246,334,842.1561279296875,77.6008739,12.9786947
1766332414052782600,1875.340782470703,15.455358505249023,2.0251729488372803,4.584834575653076,11.248000144958496,10.130000114440918,334,842.152587890625,77.600836,12.9787788
1766332422075000000,1883.363,0,0,4.584834575653076,100,0,0,842.152587890625,77.6011616,12.9782807
1766332427910000000,1889.1980002441405,0,0,4.584834575653076,100,0,0,842.152587890625,77.6011616,12.9782807
1766332433764000000,1895.052,0,0,4.584834575653076,100,0,0,842.152587890625,77.6011616,12.9782807
1766332439589000000,1900.877,0,0,4.584834575653076,100,0,0,842.152587890625,77.6011616,12.9782807
1766332445397000000,1906.685,0,0,4.584834575653076,100,0,0,842.152587890625,77.6011616,12.9782807
1766332451243000000,1912.531,0,0,4.584834575653076,100,0,0,842.152587890625,77.6011616,12.9782807
1766332457028000000,1918.316,0,0,4.584834575653076,100,0,0,842.152587890625,77.6011616,12.9782807
1766332462858000000,1924.1459997558593,0,0,4.584834575653076,100,0,0,842.152587890625,77.6011616,12.9782807
1766332468643000000,1929.931,0,0,4.584834575653076,100,0,0,842.152587890625,77.6011616,12.9782807
1766332474470000000,1935.7580002441407,0,0,4.584834575653076,100,0,0,842.152587890625,77.6011616,12.9782807
1766332480270000000,1941.5580002441407,0,0,4.584834575653076,100,0,0,842.152587890625,77.6011616,12.9782807
1766332486090000000,1947.3779997558593,0,0,4.584834575653076,100,0,0,842.152587890625,77.6011616,12.9782807
1766332491907000000,1953.195,0,0,4.584834575653076,100,0,0,842.152587890625,77.6011616,12.9782807
1766332497718000000,1959.0060002441405,0,0,4.584834575653076,100,0,0,842.152587890625,77.6011616,12.9782807
1766332503549000000,1964.837,0,0,4.584834575653076,100,0,0,842.152587890625,77.6011616,12.9782807
1766332509372000000,1970.66,0,0,4.584834575653076,100,0,0,842.152587890625,77.6011616,12.9782807
1766332515182000000,1976.4700002441407,0,0,4.584834575653076,100,0,0,842.152587890625,77.6011616,12.9782807
1766332521014000000,1982.3020002441406,0,0,4.584834575653076,100,0,0,842.152587890625,77.6011616,12.9782807
1766332526817000000,1988.105,0,0,4.584834575653076,100,0,0,842.152587890625,77.6011616,12.9782807
1766332532624000000,1993.912,0,0,4.584834575653076,100,0,0,842.152587890625,77.6011616,12.9782807
1766332538472000000,1999.76,0,0,4.584834575653076,100,0,0,842.152587890625,77.6011616,12.9782807
1766332544287000000,2005.575,0,0,4.584834575653076,100,0,0,842.152587890625,77.6011616,12.9782807
1766332550123000000,2011.411,0,0,4.584834575653076,100,0,0,842.152587890625,77.6011616,12.9782807
1766332555976000000,2017.264,0,0,4.584834575653076,100,0,0,842.152587890625,77.6011616,12.9782807
1766332561819000000,2023.107,0,0,4.584834575653076,100,0,0,842.152587890625,77.6011616,12.9782807
1766332567642000000,2028.9299997558594,0,0,4.584834575653076,100,0,0,842.152587890625,77.6011616,12.9782807
1766332573126000000,2034.4140002441407,0,0,4.584834575653076,100,0,0,842.152587890625,77.6011616,12.9782807
1766332578945000000,2040.233,0,0,4.584834575653076,100,0,0,842.152587890625,77.6011616,12.9782807
1766332584760000000,2046.048,0,0,4.584834575653076,100,0,0,842.152587890625,77.6011616,12.9782807
1766332590596000000,2051.884,0,0,4.584834575653076,100,0,0,842.152587890625,77.6011616,12.9782807
1766332596422000000,2057.7100002441407,0,0,4.584834575653076,100,0,0,842.152587890625,77.6011616,12.9782807
1766332634550000000,2095.8380002441404,0,0,4.584834575653076,100,0,0,842.152587890625,77.5846874,12.9746622
1766332662298000000,2123.5859997558596,0,0,20.729272842407227,114.1050033569336,0,0,841.7999877929688,77.5830795,12.9738458
1766332685132000000,2146.42,0,0,20.729272842407227,100,0,0,841.7999877929688,77.5828966,12.9735164
1766332778214000000,2239.5020002441406,0,0,20.729272842407227,100,0,0,841.7999877929688,77.5717929,12.9758066
1766332784046000000,2245.3340002441405,0,0,20.729272842407227,100,0,0,841.7999877929688,77.5717929,12.9758066
1766332789891000000,2251.179,0,0,20.729272842407227,100,0,0,841.7999877929688,77.5717929,12.9758066
1766332795736000000,2257.024,0,0,20.729272842407227,100,0,0,841.7999877929688,77.5717929,12.9758066
1766332801565000000,2262.853,0,0,20.729272842407227,100,0,0,841.7999877929688,77.5717929,12.9758066
1766332808887000000,2270.175,0,0,20.729272842407227,100,0,0,841.7999877929688,77.5717929,12.9758066
1766332814440000000,2275.728,0,0,20.729272842407227,100,0,0,841.7999877929688,77.5717929,12.9758066
1766332819996000000,2281.284,0,0,20.729272842407227,100,0,0,841.7999877929688,77.5717929,12.9758066
1766332825818000000,2287.1059997558596,0,0,20.729272842407227,100,0,0,841.7999877929688,77.5717929,12.9758066
1766332831364000000,2292.652,0,0,20.729272842407227,100,0,0,841.7999877929688,77.5717929,12.9758066
1766332838672000000,2299.96,0,0,20.729272842407227,100,0,0,841.7999877929688,77.5717929,12.9758066
1766332843799000000,2305.087,0,0,20.729272842407227,100,0,0,841.7999877929688,77.5717929,12.9758066
1766332851106000000,2312.3939997558596,0,0,20.729272842407227,300,0,0,841.7999877929688,77.5603298,12.9756067
1766332858437000000,2319.725,0,0,20.729272842407227,300,0,0,841.7999877929688,77.5603298,12.9756067
1766332864272000000,2325.56,0,0,20.729272842407227,300,0,0,841.7999877929688,77.5603298,12.9756067
1766332871543000000,2332.831,0,0,20.729272842407227,300,0,0,841.7999877929688,77.5603298,12.9756067
1766332878833000000,2340.121,0,0,20.729272842407227,300,0,0,841.7999877929688,77.5603298,12.9756067
1766332886144000000,2347.432,0,0,20.729272842407227,300,0,0,841.7999877929688,77.5603298,12.9756067
1766332893459000000,2354.747,0,0,20.729272842407227,300,0,0,841.7999877929688,77.5603298,12.9756067
1766332899413000000,2360.701,0,0,20.729272842407227,300,0,0,841.7999877929688,77.5603298,12.9756067
1766332906734000000,2368.0220002441406,0,0,20.729272842407227,300,0,0,841.7999877929688,77.5603298,12.9756067
1766332913655000000,2374.943,0,0,20.729272842407227,300,0,0,841.7999877929688,77.5603298,12.9756067
1766332920969000000,2382.257,0,0,20.729272842407227,300,0,0,841.7999877929688,77.5603298,12.9756067
1766332928285000000,2389.573,0,0,20.729272842407227,300,0,0,841.7999877929688,77.5603298,12.9756067
1766332935599000000,2396.887,0,0,20.729272842407227,300,0,0,841.7999877929688,77.5603298,12.9756067
1766332942859000000,2404.147,0,0,20.729272842407227,200,0,0,841.7999877929688,77.5617627,12.9756759
1766332948804000000,2410.092,0,0,20.729272842407227,300,0,0,841.7999877929688,77.5603298,12.9756067
1766332956121000000,2417.409,0,0,20.729272842407227,200,0,0,841.7999877929688,77.5599716,12.9755895
1766332962209000000,2423.497,0,0,3.2036149501800537,45.599998474121094,0,0,823.5,77.562307,12.975741
1766332968051287000,2429.339287109375,37.42142868041992,7.159562587738037,3.262037754058838,28.59000015258789,12.550000190734863,274,823.5,77.5615865,12.9755468
1766332969051511300,2430.339511230469,27.64327621459961,6.9126129150390625,3.2720401287078857,25.332000732421875,14.010000228881836,275,823.5,77.5613204,12.9755795
1766332970051733500,2431.3397333984376,7.451440334320068,3.299325466156006,3.2820422649383545,21.1299991607666,15.140000343322754,275,823.5,77.5611562,12.975627
1766332971051819500,2432.3398195800783,9.521120071411133,3.4775187969207764,3.2920432090759277,18.201000213623047,15.119999885559082,275,823.5,77.5610264,12.9756451
1766332972051499000,2433.3394990234374,6.455851078033447,3.165510654449463,3.302039861679077,15.831999778747559,15.649999618530273,275,823.5,77.5608766,12.9756455
1766332973051854000,2434.339854003906,10.006019592285156,3.3594045639038086,3.3120434284210205,11.131999969482422,15.430000305175781,275,823.5,77.5607312,12.9756501
1766332974051494000,2435.3394938964843,18.911659240722656,4.447909832000732,3.322039842605591,10.09000015258789,15.3100004196167,274,823.5,77.560588,12.9756601
1766332975051798500,2436.3397985839842,22.118560791015625,4.927032947540283,3.332042932510376,6.184999942779541,14.859999656677246,272,823.5,77.5604542,12.9756639
1766332976051926800,2437.3399267578125,19.555795669555664,4.92186975479126,3.3420441150665283,5.2769999504089355,15.710000038146973,270,823.5,77.5602846,12.9756545
1766332977051603200,2438.3396032714845,16.67741584777832,3.2663326263427734,3.352041006088257,4.8429999351501465,15.479999542236328,270,823.5,77.5601338,12.9756572
1766332978051997400,2439.339997558594,17.800262451171875,4.023360729217529,3.3620448112487793,4.642000198364258,15.350000381469727,271,823.5,77.5599902,12.9756652
1766332979051289000,2440.3392890625,18.773374557495117,4.346694469451904,3.372037887573242,4.614999771118164,15.380000114440918,271,823.5,77.5598449,12.9756594
1766332980051493400,2441.339493408203,19.313398361206055,4.348659515380859,3.382039785385132,4.570000171661377,14.649999618530273,271,823.5,77.559724,12.9756643
1766332981051497000,2442.3394970703125,21.327396392822266,4.5395660400390625,3.3920400142669678,4.504000186920166,14.770000457763672,272,823.5,77.5595885,12.9756691
1766332982051789300,2443.339789306641,18.747291564941406,4.165317535400391,3.402042865753174,4.4679999351501465,14.34000015258789,273,823.5,77.5594666,12.9756837
1766332983051934200,2444.3399343261717,19.518850326538086,4.355417251586914,3.4120442867279053,4.539999961853027,14.430000305175781,272,823.5,77.5593289,12.9756953
1766332984052163300,2445.340163330078,7.768378734588623,2.838364362716675,3.422046661376953,4.5329999923706055,14.720000267028809,270,823.5,77.5592151,12.9756976
1766332985051240200,2446.339240234375,13.249246597290039,3.411997079849243,3.432037353515625,4.453999996185303,14.84000015258789,268,823.5,77.559075,12.9756881
1766332986051995400,2447.339995361328,10.45656681060791,3.1339263916015625,3.442044973373413,4.2779998779296875,14.760000228881836,269,823.5,77.5589446,12.9756892
1766332987052128000,2448.3401279296877,8.527734756469727,2.8187546730041504,3.4520461559295654,4.204999923706055,14.569999694824219,267,823.5,77.5588074,12.9756884
1766332988051474000,2449.339473876953,6.077103137969971,2.515704870223999,3.4620397090911865,4.15500020980835,14.869999885559082,267,823.5,77.558659,12.9756836
1766332989051847200,2450.339847167969,13.033917427062988,3.221694231033325,3.472043514251709,4.014999866485596,15.140000343322754,267,823.5,77.5585118,12.9756818
1766332990051338000,2451.339337890625,17.755718231201172,3.8194425106048584,3.4820382595062256,4.0970001220703125,15.270000457763672,267,823.5,77.5583632,12.9756723
1766332991051599600,2452.339599609375,3.5213027000427246,2.2237439155578613,3.4920408725738525,4.052000045776367,15.050000190734863,267,823.5,77.5582249,12.9756648
1766332992051921200,2453.339921142578,11.931764602661133,3.045372486114502,3.502044200897217,4.010000228881836,15.109999656677246,266,823.5,77.5580865,12.9756476
1766332993051502000,2454.3395021972656,15.779820442199707,3.4582760334014893,3.51203989982605,4.043000221252441,15.130000114440918,264,823.5,77.5579492,12.9756317
1766332994051474700,2455.339474609375,13.85001277923584,3.528818368911743,3.5220396518707275,4.065999984741211,16.030000686645508,266,823.5,77.5577774,12.9756261
1766332995051343000,2456.339343017578,1.1519381999969482,1.9988243579864502,3.532038450241089,3.934999942779541,15.229999542236328,266,823.5,77.5576512,12.9756233
1766332996051631900,2457.3396318359373,3.4249792098999023,2.0679233074188232,3.542041301727295,3.927000045776367,15.15999984741211,266,823.5,77.5575163,12.9756155
1766332997051912200,2458.339912109375,12.270142555236816,2.833932399749756,3.552044153213501,3.9040000438690186,15.149999618530273,266,823.5,77.5573774,12.9756097
1766332998051753700,2459.339753662109,16.454069137573242,3.3396692276000977,3.562042474746704,3.9570000171661377,15.050000190734863,268,823.5,77.5572436,12.9756099
1766332999052103700,2460.3401037597655,3.088820219039917,2.0109078884124756,3.5720460414886475,3.8889999389648438,15.279999732971191,266,823.5,77.5570985,12.9756002
1766333000051463200,2461.3394631347655,5.776943683624268,2.2315099239349365,3.5820395946502686,3.9049999713897705,15.0600004196167,266,823.5,77.5569582,12.9755817
1766333001051242000,2462.3392419433594,7.145390033721924,2.319796085357666,3.5920374393463135,3.9240000247955322,14.800000190734863,266,823.5,77.5568257,12.9755685
1766333002052119000,2463.340119140625,7.394306659698486,2.388794422149658,3.602046251296997,4.020999908447266,15.029999732971191,267,823.5,77.5566887,12.9755685
1766333003051290400,2464.339290283203,10.32404613494873,2.753218412399292,3.6120378971099854,4.0970001220703125,14.65999984741211,267,823.5,77.5565541,12.9755609
1766333004051777000,2465.3397770996094,13.638127326965332,2.894723415374756,3.622042655944824,4.201000213623047,13.130000114440918,265,823.5,77.5564478,12.9755491
1766333005051907800,2466.3399079589844,10.700672149658203,2.550830364227295,3.6320440769195557,4.448999881744385,12.680000305175781,263,823.5,77.556332,12.975535
1766333006051494100,2467.339494140625,12.846345901489258,2.609477996826172,3.6420397758483887,4.682000160217285,12.09000015258789,264,823.5,77.5562224,12.9755243
1766333007051866400,2468.339866455078,14.825004577636719,2.690062999725342,3.652043581008911,4.889999866485596,11.359999656677246,266,823.5,77.5561209,12.9755142
1766333008051617000,2469.3396169433595,16.6663761138916,2.882800817489624,3.662041187286377,5.4629998207092285,10.8100004196167,268,823.5,77.5560178,12.9755032
1766333009051285500,2470.3392854003905,22.3223819732666,3.108107805252075,3.6720378398895264,5.802999973297119,10.279999732971191,268,823.5,77.5559184,12.9754933
1766333010051335000,2471.3393349609373,24.546916961669922,3.1768107414245605,3.6820383071899414,6.38100004196167,10.270000457763672,266,823.5,77.5558155,12.9754795
1766333011052031500,2472.3400314941405,29.826807022094727,3.5995187759399414,3.692045211791992,7.698999881744385,10.270000457763672,266,823.5,77.5557215,12.9754691
1766333012051489300,2473.3394892578126,33.328853607177734,4.024011611938477,3.702039957046509,8.447999954223633,10.3100004196167,267,823.5,77.5556292,12.9754572
1766333013051341600,2474.3393415527344,33.63996505737305,4.133413314819336,3.712038278579712,9.696999549865723,10.4399995803833,269,823.5,77.5555263,12.9754491
1766333014052118800,2475.3401188964845,33.3894157409668,4.333469867706299,3.722046136856079,11.807000160217285,11.279999732971191,269,823.5,77.5553839,12.9754351
1766333015051917300,2476.3399172363283,35.423805236816406,4.65230655670166,3.732044219970703,13.541999816894531,11.239999771118164,268,823.5,77.555284,12.9754215
1766333016050730200,2477.338730224609,37.91633224487305,4.9398064613342285,3.742032289505005,14.536999702453613,11.239999771118164,268,823.5,77.5551813,12.9754084
1766333017050602800,2478.338602783203,40.17253112792969,5.276836395263672,3.752031087875366,16.60099983215332,11.15999984741211,268,823.5,77.5550825,12.9753904
1766333018050339000,2479.338339111328,40.26976013183594,5.454348087310791,3.762028455734253,18.81599998474121,11.09000015258789,270,823.5,77.5549871,12.9753856
1766333019051073800,2480.339073730469,42.30364227294922,5.678676605224609,3.772035598754883,21.413000106811523,11.079999923706055,270,823.5,77.5548867,12.9753693
1766333020050719500,2481.3387194824218,42.406131744384766,5.728412628173828,3.7820322513580322,24.30500030517578,11.34000015258789,270,823.5,77.5547636,12.9753559
1766333021050291200,2482.338291259766,44.294891357421875,5.935307025909424,3.7920279502868652,27.81800079345703,11.149999618530273,270,823.5,77.5546709,12.9753505
1766333022051042300,2483.339042236328,46.09164047241211,5.934127330780029,3.802035331726074,33.507999420166016,10.149999618530273,276,823.5,77.55465,12.9753603
1766333023050199600,2484.3381994628908,47.93486785888672,6.239414691925049,3.8120269775390625,36.327999114990234,10.15999984741211,276,823.5,77.5545559,12.9753533
1766333024050606600,2485.338606689453,48.311519622802734,6.359108924865723,3.822031021118164,41.79499816894531,9.680000305175781,278,823.5,77.5544969,12.9753513
1766333025050144800,2486.3381447753904,49.98775863647461,6.697179317474365,3.832026481628418,48.34700012207031,9.779999732971191,278,823.5,77.5544005,12.9753426
1766333026050225200,2487.338225097656,51.545101165771484,6.922426223754883,3.842027187347412,56.24599838256836,9.399999618530273,278,823.5,77.5543409,12.9753272
1766333027051056600,2488.339056640625,53.12220764160156,6.785320281982422,3.8520355224609375,69.63999938964844,9.220000267028809,278,823.5,77.5542754,12.9753021
1766333028050506500,2489.338506591797,54.50327682495117,6.975536823272705,3.862030029296875,80.57599639892578,8.770000457763672,278,823.5,77.5542358,12.9752768
1766333029051105000,2490.3391049804686,56.67934799194336,7.339409828186035,3.8720359802246094,93.24800109863281,8.789999961853027,268,823.5,77.5541568,12.975257
1766333030050509300,2491.3385092773437,45.95297622680664,7.195925712585449,3.8820300102233887,106.8550033569336,8.880000114440918,253,823.5,77.5540642,12.97522
1766333031051046100,2492.339046142578,47.68575668334961,7.5308027267456055,3.892035484313965,122.29900360107422,8.84000015258789,254,823.5,77.5539855,12.975211
1766333032050392800,2493.3383928222656,49.02713394165039,7.8570475578308105,3.902028799057007,131.95799255371094,8.880000114440918,255,823.5,77.5539091,12.9751897
1766333033050963500,2494.338963378906,87.31233978271484,5.136952877044678,3.912034511566162,128.84500122070312,1.6399999856948853,243,823.5,77.5547594,12.9753412
1766333034050382800,2495.3383828125,89.03087615966797,5.652232646942139,3.9220287799835205,136.4250030517578,1.6399999856948853,243,823.5,77.5547458,12.9753345
1766333035050527200,2496.33852734375,89.03087615966797,5.892716407775879,18.505115509033203,129.7270050048828,0.5299999713897705,243,816.7999877929688,77.5552614,12.9754081
1766333036051121200,2497.33912109375,96.93584442138672,6.213386535644531,18.515121459960938,126.73699951171875,0.5099999904632568,119,816.7999877929688,77.5552706,12.9754136
1766333037050738400,2498.3387385253905,97.01290893554688,6.70962381362915,18.525117874145508,124.36299896240234,0.5699999928474426,123,816.7999877929688,77.5552878,12.9754022
1766333038050454800,2499.3384548339845,97.39380645751953,7.101711273193359,18.535114288330078,122.76899719238281,0.5699999928474426,123,816.7999877929688,77.5552879,12.9753999
1766333039051048400,2500.339048339844,97.68714141845703,7.471800327301025,18.545120239257812,116.05799865722656,0.5699999928474426,123,816.7999877929688,77.5552873,12.9753978
1766333048070000000,2509.358000244141,0,0,18.545120239257812,100,0,0,816.7999877929688,77.5556726,12.9757351
1766333055374000000,2516.6620002441405,0,0,8.217778205871582,56.099998474121094,0,0,798.0999755859375,77.5547054,12.9755147
1766333063050699500,2524.3386994628904,4.506910800933838,1.6596696376800537,8.29454517364502,30.535999298095703,13.420000076293945,266,798.0999755859375,77.5540599,12.9754156
1766333064050483200,2525.3384831542967,6.81683349609375,1.4473761320114136,8.304543495178223,19.882999420166016,13.850000381469727,268,798.0999755859375,77.5537449,12.9754801
1766333065050710800,2526.338710693359,7.5086140632629395,1.682340383529663,8.314545631408691,15.276000022888184,13.739999771118164,267,798.0999755859375,77.5536384,12.9754694
1766333066050211800,2527.3382119140624,6.813576698303223,1.6390596628189087,8.324540138244629,12.704000473022461,14.010000228881836,266,798.0999755859375,77.5534821,12.9754664
1766333067050563800,2528.338563720703,3.3085262775421143,1.1728715896606445,8.33454418182373,10.998000144958496,13.270000457763672,263,798.0999755859375,77.5533755,12.9754445
1766333068050640000,2529.338639892578,4.791659355163574,1.2797678709030151,8.344544410705566,9.914999961853027,13.0600004196167,261,798.0999755859375,77.5532555,12.9754259
1766333069050487600,2530.338487548828,6.674777507781982,1.317608118057251,8.35454273223877,4.968999862670898,12.770000457763672,260,798.0999755859375,77.5531421,12.9754028
1766333070050876200,2531.3388762207032,6.076533794403076,1.4304944276809692,8.364546775817871,4.732999801635742,12.149999618530273,252,798.0999755859375,77.5530315,12.9753577
1766333071050690300,2532.338690185547,5.327117919921875,1.7514594793319702,8.374545097351074,4.6020002365112305,11.399999618530273,250,798.0999755859375,77.5529318,12.9753221
1766333072050572800,2533.338572753906,5.273728370666504,1.0030171871185303,8.384544372558594,4.644999980926514,12.289999961853027,249,798.0999755859375,77.5528315,12.9752853
1766333073051086600,2534.339086669922,5.9251389503479,1.1004436016082764,8.394549369812012,4.610000133514404,10.989999771118164,242,798.0999755859375,77.552766,12.9752133
1766333074050539300,2535.3385393066405,5.336881637573242,0.9026354551315308,8.40454387664795,4.375,10.930000305175781,234,798.0999755859375,77.5526933,12.9751591
1766333075050911200,2536.3389111328124,6.93071985244751,1.1479862928390503,8.414546966552734,4.1570000648498535,10.720000267028809,236,798.0999755859375,77.5526134,12.9751061
1766333076050556400,2537.3385563964844,4.975642681121826,1.2557944059371948,8.424543380737305,4.0960001945495605,10.960000038146973,232,798.0999755859375,77.5525251,12.9750463
1766333077050487300,2538.3384873046875,9.14582347869873,1.7251625061035156,8.434542655944824,4.038000106811523,11.600000381469727,231,798.0999755859375,77.5524261,12.9749638
1766333078051000300,2539.3390002441406,11.375691413879395,1.9718778133392334,8.444548606872559,4.040999889373779,11.460000038146973,229,798.0999755859375,77.5523522,12.9748938
1766333079050605300,2540.338605224609,11.143198013305664,1.7247902154922485,8.454544067382812,4.203000068664551,11.630000114440918,227,798.0999755859375,77.5522753,12.9748123
1766333080050488800,2541.338488769531,4.157566547393799,1.2042036056518555,8.464543342590332,4.209000110626221,11.109999656677246,230,798.0999755859375,77.5522049,12.9747541
1766333081050924000,2542.3389240722654,4.035979747772217,1.1738407611846924,8.474547386169434,4.349999904632568,11.1899995803833,231,798.0999755859375,77.5521321,12.9747018
1766333082051109000,2543.3391091308595,7.680010795593262,1.4663459062576294,8.484549522399902,4.349999904632568,11.069999694824219,229,798.0999755859375,77.5520576,12.9746409
1766333083050858000,2544.338857910156,5.890719890594482,1.2697442770004272,8.494546890258789,4.257999897003174,10.90999984741211,230,798.0999755859375,77.5519707,12.9745709
1766333084050364700,2545.3383647460937,9.576501846313477,1.5950112342834473,8.504541397094727,4.190000057220459,11.25,231,798.0999755859375,77.5518796,12.9744977
1766333085051220700,2546.339220703125,10.825016975402832,1.4640967845916748,8.51455020904541,4.072000026702881,10.949999809265137,233,798.0999755859375,77.5517985,12.9744445
1766333086050581500,2547.3385815429688,3.8590235710144043,1.12033212184906,8.524543762207031,4.066999912261963,11.229999542236328,230,798.0999755859375,77.5517191,12.9743794
1766333087050401500,2548.338401611328,6.35443639755249,1.2528297901153564,8.534542083740234,4.033999919891357,10.920000076293945,228,798.0999755859375,77.5516414,12.9743149
1766333088050556700,2549.338556640625,3.2026259899139404,1.0584931373596191,8.544544219970703,4.000999927520752,11.239999771118164,231,798.0999755859375,77.5515639,12.9742637
1766333089050463000,2550.338462890625,1.211342692375183,0.9564499855041504,8.554542541503906,3.999000072479248,11.079999923706055,231,798.0999755859375,77.5514921,12.9742076
1766333090051070200,2551.3390703125,1.0101598501205444,0.9643961787223816,8.56454849243164,3.9639999866485596,11.079999923706055,231,798.0999755859375,77.5514152,12.9741446
1766333091050249700,2552.3382497558596,1.414740800857544,0.9677368402481079,8.574541091918945,3.8469998836517334,11.109999656677246,231,798.0999755859375,77.5513478,12.9740796
1766333092050714600,2553.3387145996094,2.9176313877105713,1.0276089906692505,8.584545135498047,3.7899999618530273,11.0600004196167,230,798.0999755859375,77.5512706,12.9740213
1766333093051140600,2554.339140625,7.743727684020996,1.3252838850021362,8.594549179077148,3.7899999618530273,10.850000381469727,230,798.0999755859375,77.5511984,12.9739615
1766333094050384000,2555.3383837890624,9.106462478637695,1.5174025297164917,8.604541778564453,3.7899999618530273,10.930000305175781,233,798.0999755859375,77.5511148,12.9739065
1766333095050318600,2556.3383186035157,7.987203598022461,1.4772570133209229,8.614541053771973,3.7899999618530273,11.100000381469727,232,798.0999755859375,77.5510338,12.9738412
1766333096050870500,2557.338870605469,5.296236038208008,1.2203229665756226,8.624547004699707,3.7899999618530273,11.029999732971191,233,798.0999755859375,77.5509445,12.9737835
1766333097050390000,2558.3383901367188,4.3242506980896,1.1673182249069214,8.634542465209961,3.7899999618530273,11.149999618530273,244,798.0999755859375,77.5508384,12.9737604
1766333098050376700,2559.3383767089845,7.251922607421875,1.4442678689956665,8.64454174041748,3.7899999618530273,11.3100004196167,247,798.0999755859375,77.5507398,12.9737194
1766333099051038000,2560.3390378417967,5.1266021728515625,1.2825736999511719,8.654548645019531,3.7899999618530273,11.300000190734863,255,798.0999755859375,77.5506387,12.9736973
1766333100050858800,2561.338858642578,7.6402177810668945,1.5391716957092285,8.664546966552734,3.8299999237060547,11.390000343322754,256,798.0999755859375,77.5505302,12.9736663
1766333101050373600,2562.3383735351563,10.055883407592773,1.616357684135437,8.674541473388672,4.02400016784668,10.399999618530273,254,798.0999755859375,77.5504393,12.9736448
1766333102050214000,2563.3382138671873,11.216594696044922,1.746745228767395,8.684540748596191,4.294000148773193,10.069999694824219,265,798.0999755859375,77.5503529,12.9736361
1766333103050875600,2564.338875732422,5.366944313049316,1.2871818542480469,8.694546699523926,4.565999984741211,11.479999542236328,274,798.0999755859375,77.5502443,12.9736905
1766333104050823000,2565.338822998047,7.126975059509277,1.2654625177383423,8.704545974731445,4.638000011444092,11.420000076293945,277,798.0999755859375,77.5501339,12.9737026
1766333105050617900,2566.338617919922,5.010054111480713,1.300573706626892,8.714544296264648,4.797999858856201,11.6899995803833,283,798.0999755859375,77.5500107,12.9737168
1766333106050361900,2567.338361816406,4.403501510620117,1.2271722555160522,8.724541664123535,4.931000232696533,11.460000038146973,289,798.0999755859375,77.5499254,12.9737635
1766333107050858000,2568.338857910156,9.30370807647705,1.6438325643539429,8.734546661376953,4.8420000076293945,11.569999694824219,288,798.0999755859375,77.5498097,12.9737898
1766333108050820600,2569.3388205566407,7.32450532913208,1.400689721107483,8.744545936584473,4.8460001945495605,10.720000267028809,295,798.0999755859375,77.5497127,12.9738368
1766333109050680600,2570.3386806640624,2.9201159477233887,1.0987207889556885,8.754545211791992,4.809000015258789,11.350000381469727,301,798.0999755859375,77.5496115,12.9739151
1766333110050422000,2571.3384221191404,6.0514044761657715,1.2800567150115967,8.764542579650879,4.673999786376953,10.760000228881836,303,798.0999755859375,77.549547,12.9739697
1766333111050478600,2572.338478515625,2.525005578994751,1.0457550287246704,8.774542808532715,4.515999794006348,11.3100004196167,299,798.0999755859375,77.5494612,12.9740275
1766333112050188300,2573.338188232422,3.2652297019958496,1.0822921991348267,8.784540176391602,4.451000213623047,10.9399995803833,304,798.0999755859375,77.5493696,12.974085
1766333113051132700,2574.339132568359,3.1667470932006836,1.1167078018188477,8.794549942016602,4.224999904632568,11.970000267028809,300,798.0999755859375,77.5492758,12.9741304
1766333114051028500,2575.339028564453,3.3412885665893555,1.1529135704040527,8.804548263549805,4.248000144958496,11.640000343322754,302,798.0999755859375,77.5491803,12.9741861
1766333115050840600,2576.338840576172,3.9753506183624268,1.1362168788909912,8.814546585083008,4.313000202178955,10.930000305175781,300,798.0999755859375,77.5490968,12.9742349
1766333116050416000,2577.338416015625,9.144035339355469,1.5287525653839111,8.824542045593262,4.4710001945495605,10.739999771118164,300,798.0999755859375,77.5490142,12.9742834
1766333117050425000,2578.338425048828,11.230319023132324,1.7580686807632446,8.834542274475098,5.084000110626221,10.970000267028809,297,798.0999755859375,77.5489236,12.9743287
1766333118050395600,2579.338395751953,13.781880378723145,1.9691706895828247,8.844542503356934,5.692999839782715,10.739999771118164,297,798.0999755859375,77.5488392,12.9743684
1766333119050396400,2580.338396484375,11.732361793518066,1.6630290746688843,8.854541778564453,6.506999969482422,9.84000015258789,293,798.0999755859375,77.5487797,12.9743973
1766333120050862600,2581.3388625488283,11.719444274902344,1.5929203033447266,8.864546775817871,7.933000087738037,10.270000457763672,292,798.0999755859375,77.5486672,12.9744431
1766333121050810000,2582.338810058594,10.792564392089844,1.6402575969696045,8.87454605102539,8.89799976348877,10.770000457763672,282,798.0999755859375,77.5485515,12.9744535
1766333122051153000,2583.3391528320312,13.374547958374023,1.7802525758743286,8.884550094604492,9.657999992370605,10.470000267028809,282,798.0999755859375,77.5484776,12.974472
1766333123050699000,2584.3386989746095,13.688603401184082,1.8890162706375122,8.894545555114746,10.692000389099121,11.010000228881836,272,798.0999755859375,77.5483642,12.9744718
1766333124051178000,2585.3391779785156,14.370540618896484,2.0765459537506104,8.904549598693848,11.682999610900879,10.800000190734863,261,798.0999755859375,77.5482657,12.9744601
1766333125050618000,2586.3386181640626,14.487125396728516,2.130983352661133,8.914544105529785,12.192000389099121,11.0600004196167,264,798.0999755859375,77.5481491,12.9744621
1766333126050392300,2587.3383923339843,14.945857048034668,2.1668334007263184,8.924542427062988,13.112000465393066,10.949999809265137,265,798.0999755859375,77.5480486,12.9744462
1766333127051133000,2588.3391328125,13.609258651733398,2.084254026412964,8.934549331665039,13.866999626159668,10.510000228881836,268,798.0999755859375,77.5479669,12.974446
1766333128050868500,2589.3388684082033,15.22337532043457,2.29178524017334,8.944546699523926,14.73900032043457,10.65999984741211,265,798.0999755859375,77.5478663,12.9744385
1766333129050589200,2590.338589111328,8.992337226867676,1.668873906135559,8.954544067382812,14.501999855041504,11.050000190734863,260,798.0999755859375,77.5477212,12.9743841
1766333130050230000,2591.338229980469,8.48180103302002,1.51815927028656,8.964540481567383,14.3100004196167,11.279999732971191,256,798.0999755859375,77.5476322,12.9743593
1766333131051039700,2592.339039794922,11.163217544555664,1.8177775144577026,8.97454833984375,13.758999824523926,10.970000267028809,254,798.0999755859375,77.5475484,12.9743258
1766333132050442500,2593.3384423828124,11.020803451538086,1.7352524995803833,8.984542846679688,13.607999801635742,10.84000015258789,255,798.0999755859375,77.5474549,12.9743077
1766333133050280400,2594.338280517578,12.6260347366333,1.9570696353912354,8.99454116821289,13.333000183105469,10.520000457763672,254,798.0999755859375,77.5473767,12.9742769
1766333134051035000,2595.3390349121096,15.148799896240234,2.12056565284729,9.004549026489258,13.03600025177002,10.25,253,798.0999755859375,77.5472844,12.9742666
1766333135050512600,2596.3385126953126,15.775753021240234,2.154369592666626,9.014543533325195,13.210000038146973,10.279999732971191,253,798.0999755859375,77.5471925,12.9742576
1766333136051031800,2597.3390317382814,14.915063858032227,2.1082653999328613,9.024548530578613,13.381999969482422,10.579999923706055,254,798.0999755859375,77.547082,12.9742401
1766333137050605600,2598.33860546875,12.789134979248047,1.966335654258728,9.034543991088867,13.762999534606934,10.65999984741211,256,798.0999755859375,77.546988,12.9742044
1766333138050188800,2599.3381887207033,11.796077728271484,1.783034086227417,9.044540405273438,13.762999534606934,11,258,798.0999755859375,77.5468449,12.9741718
1766333139050609200,2600.3386091308594,11.074603080749512,1.5488879680633545,9.054544448852539,13.699000358581543,9.640000343322754,256,798.0999755859375,77.5468044,12.9741357
1766333140050297000,2601.3382971191404,7.709112644195557,1.460160493850708,9.06454086303711,13.354000091552734,10.449999809265137,265,798.0999755859375,77.5467056,12.9741041
1766333141051145000,2602.3391450195313,8.3195161819458,1.4637821912765503,9.074549674987793,12.637999534606934,11.1899995803833,267,798.0999755859375,77.5466011,12.9741146
1766333142050731800,2603.338731689453,6.613979339599609,1.3184436559677124,9.084545135498047,11.986000061035156,10.140000343322754,271,798.0999755859375,77.5465136,12.9741227
1766333143050553300,2604.338553222656,5.349993705749512,1.2365858554840088,9.09454345703125,11.362000465393066,10.579999923706055,268,798.0999755859375,77.5464066,12.9741135
1766333144050615600,2605.3386154785157,7.3361687660217285,1.3140919208526611,9.104544639587402,10.913000106811523,11.119999885559082,270,798.0999755859375,77.5463004,12.9741205
1766333145050363100,2606.3383630371095,5.525596618652344,1.257486343383789,9.114542007446289,10.696000099182129,11.569999694824219,272,798.0999755859375,77.5461797,12.974113
1766333146050761200,2607.3387612304687,10.009920120239258,1.5761650800704956,9.12454605102539,10.630000114440918,11.359999656677246,271,798.0999755859375,77.5460728,12.9741158
1766333147050703600,2608.3387036132813,13.1944580078125,1.8271968364715576,9.13454532623291,10.545000076293945,11.390000343322754,270,798.0999755859375,77.545968,12.9741202
1766333148050541000,2609.338541015625,15.961021423339844,2.1103267669677734,9.144543647766113,10.58899974822998,11.380000114440918,270,798.0999755859375,77.5458634,12.9741282
1766333156072000000,2617.36,0,0,9.144543647766113,100,0,0,798.0999755859375,77.5445662,12.9741392
1766333159051177200,2620.3391772460936,26.35350227355957,2.6697683334350586,9.254549980163574,19.364999771118164,6.409999847412109,267,798.0999755859375,77.5442851,12.974159
1766333160050351900,2621.3383518066407,27.500213623046875,2.7707462310791016,9.264541625976562,20.24799919128418,6.360000133514404,267,798.0999755859375,77.5441823,12.9741674
1766333161050571300,2622.3385712890627,40.36982727050781,4.173877716064453,9.274543762207031,21.572999954223633,6.190000057220459,280,798.0999755859375,77.544081,12.9741833
1766333162050611700,2623.3386118164062,0,0,575.231201171875,31.83300018310547,0,0,992.7183837890625,77.5439778,12.9741854
1766333163050870800,2624.3388708496095,32.96238327026367,6.282840251922607,13.944741249084473,152.05799865722656,11.739999771118164,269,805.076904296875,77.5442142,12.9740965
1766333164051158500,2625.3391584472656,33.931053161621094,6.468019008636475,15.393651008605957,165.73599243164062,11.699999809265137,269,805.0721435546875,77.5441079,12.9740954
1766333165051067000,2626.3390668945312,34.8563117980957,6.661698341369629,16.966543197631836,180.71299743652344,11.680000305175781,269,805.072509765625,77.5440017,12.9740939
1766333166050615600,2627.3386154785157,34.782470703125,6.825845718383789,18.648239135742188,197.04100036621094,11.989999771118164,270,805.0693359375,77.54389,12.9740954
1766333168051139800,2629.3391398925783,56.29052734375,4.862679958343506,21.97926139831543,213.8470001220703,4.480000019073486,240,806.6236572265625,77.5446852,12.9739113
1766333169050860500,2630.338860595703,52.29155349731445,3.703721284866333,21.742361068725586,160.3209991455078,3.809999942779541,244,806.6973876953125,77.5446983,12.9738953
1766333170051072000,2631.3390720214843,54.382198333740234,3.923664093017578,21.55487060546875,163.0780029296875,3.809999942779541,244,806.68994140625,77.5446668,12.9738802
1766333171050558700,2632.3385588378906,56.26511764526367,4.131735801696777,21.401208877563477,166.06399536132812,3.809999942779541,244,806.6856689453125,77.5446354,12.9738652
1766333172050289700,2633.338289550781,88.85645294189453,4.008808135986328,19.982675552368164,158.64100646972656,2.1600000858306885,216,806.733642578125,77.5450052,12.9738424
1766333173050981400,2634.3389814453126,88.85645294189453,3.84548282623291,18.911273956298828,151.21400451660156,1.0299999713897705,216,806.8017578125,77.5450311,12.9739093
1766333174050676000,2635.3386760253907,88.85645294189453,4.057612895965576,18.071699142456055,146.30099487304688,1.0299999713897705,216,806.81005859375,77.5450293,12.9739216
1766333175050289000,2636.338288818359,88.85645294189453,4.259006023406982,17.867788314819336,140.66200256347656,1.0299999713897705,216,806.8125,77.5450248,12.9739282
1766333176051110100,2637.3391101074217,88.85645294189453,4.34675931930542,20.18499755859375,130.71600341796875,1.0499999523162842,216,806.822998046875,77.5450174,12.9739351
1766333177050875600,2638.338875732422,88.85645294189453,4.534931182861328,22.578929901123047,138.1649932861328,1.0499999523162842,216,806.81982421875,77.5450095,12.9739383
1766333178050560000,2639.338560058594,71.15074920654297,4.392772674560547,24.92105484008789,142.58900451660156,2.630000114440918,262,806.942626953125,77.5447296,12.9739054
1766333179051171800,2640.339171875,93.11479949951172,4.261613368988037,27.338645935058594,157.0050048828125,0.9200000166893005,253,807.5308837890625,77.5449811,12.973928
1766333180050839800,2641.33883984375,93.60978698730469,4.4534783363342285,29.7896728515625,171.50999450683594,0.9200000166893005,253,807.524658203125,77.5449729,12.9739256
1766333181050458400,2642.338458251953,87.98223114013672,4.207155227661133,32.20579147338867,175.4239959716797,1.2999999523162842,319,807.4345703125,77.5449818,12.9739854
1766333182051045600,2643.339045654297,88.7922134399414,4.401500225067139,34.57596969604492,190.56199645996094,1.2999999523162842,338,807.43994140625,77.5449894,12.9740323
1766333183050459000,2644.338458984375,89.49760437011719,4.587352752685547,36.872737884521484,200.47999572753906,1.2999999523162842,338,807.44287109375,77.5449931,12.9740665
1766333187730000000,2649.0179997558594,0,0,36.872737884521484,437.25,0,0,807.44287109375,77.5449931,12.9740665
1766333193791000000,2655.079,0,0,3.240000009536743,25.038000106811523,0,0,803.2999877929688,77.5446011,12.9738851
1766333199516000000,2660.804,0,0,3.240000009536743,254.03799438476562,0,0,803.2999877929688,77.5446011,12.9738851
1766333204050872300,2665.338872314453,5.582573890686035,1.5566518306732178,3.3425986766815186,33.28099822998047,14.1899995803833,261,803.2999877929688,77.5436704,12.9740075
1766333205050712300,2666.338712402344,3.7606546878814697,1.2893610000610352,3.352597236633301,23.679000854492188,15,258,803.2999877929688,77.543443,12.9739744
1766333206050395100,2667.338395019531,5.312934875488281,1.4870723485946655,3.36259388923645,18.95800018310547,15.289999961853027,258,803.2999877929688,77.5432862,12.9739568
1766333207050408400,2668.3384084472655,2.5017731189727783,1.1387113332748413,3.372594118118286,15.527999877929688,15.010000228881836,258,803.2999877929688,77.5431608,12.973962
1766333208050181400,2669.3381813964843,3.2064590454101562,1.2151747941970825,3.382591724395752,13.348999977111816,15.279999732971191,258,803.2999877929688,77.5430411,12.9739445
1766333209050549800,2670.3385498046873,3.15212082862854,0.7854721546173096,3.3925955295562744,11.833000183105469,16.06999969482422,260,803.2999877929688,77.542881,12.9739186
1766333210051169000,2671.3391689453124,3.9407029151916504,0.957726240158081,3.402601718902588,5.613999843597412,15.6899995803833,257,803.2999877929688,77.5427429,12.9738839
1766333211050849300,2672.338849365234,4.3401079177856445,1.191641926765442,3.4125986099243164,4.636000156402588,15.4399995803833,258,803.2999877929688,77.5426005,12.9738534
1766333212050737400,2673.3387373046876,5.322392463684082,1.3611056804656982,3.4225974082946777,4.550000190734863,15.390000343322754,258,803.2999877929688,77.5424562,12.9738303
1766333213050498000,2674.338498046875,5.463226795196533,1.542762279510498,3.4325950145721436,4.6570000648498535,15.699999809265137,258,803.2999877929688,77.5423048,12.9737953
1766333214050867500,2675.3388674316407,4.525217056274414,1.2942540645599365,3.442598581314087,4.76200008392334,14.529999732971191,256,803.2999877929688,77.5421915,12.9737629
1766333215050678000,2676.3386779785155,4.185329437255859,1.116137981414795,3.45259690284729,4.800000190734863,15.630000114440918,260,803.2999877929688,77.5420376,12.9737493
1766333216050423800,2677.338423828125,4.623233318328857,1.2273026704788208,3.4625942707061768,4.86299991607666,14.890000343322754,258,803.2999877929688,77.5419207,12.973717
1766333217050235400,2678.3382353515626,5.165557861328125,1.4505488872528076,3.472592353820801,5.010000228881836,15.15999984741211,258,803.2999877929688,77.5417838,12.9736929
1766333218051086300,2679.3390864257813,4.4636149406433105,1.4637750387191772,3.4826009273529053,5.136000156402588,15.069999694824219,257,803.2999877929688,77.5416672,12.9736383
1766333219050834000,2680.338833984375,5.0482048988342285,1.4395099878311157,3.492598295211792,5.324999809265137,15.399999618530273,257,803.2999877929688,77.5415357,12.9736036
1766333220050647800,2681.338647705078,6.409545421600342,1.773350477218628,3.502596378326416,5.539000034332275,15.279999732971191,257,803.2999877929688,77.5413995,12.9735721
1766333221050280000,2682.338280029297,7.0362958908081055,2.0615792274475098,3.5125927925109863,5.804999828338623,15.600000381469727,257,803.2999877929688,77.541255,12.9735397
1766333222051100000,2683.3390998535156,7.719473838806152,1.949022650718689,3.5226008892059326,6.204999923706055,15.59000015258789,256,803.2999877929688,77.5411062,12.9734975
1766333223050588700,2684.3385886230467,4.180844783782959,1.359679102897644,3.5325958728790283,6.041999816894531,15.75,257,803.2999877929688,77.5409508,12.9734611
1766333224050547500,2685.338547363281,2.507720947265625,1.1110506057739258,3.542595386505127,5.791999816894531,15.380000114440918,258,803.2999877929688,77.5407983,12.9734261
1766333225050501600,2686.3385017089845,2.6697428226470947,1.13154935836792,3.5525951385498047,5.400000095367432,15.34000015258789,259,803.2999877929688,77.5406478,12.9733957
1766333226050511400,2687.3385114746093,4.225147247314453,1.3087782859802246,3.5625951290130615,4.7220001220703125,15.3100004196167,258,803.2999877929688,77.5405068,12.9733618
1766333227050569500,2688.338569580078,1.985242247581482,1.0612496137619019,3.5725955963134766,4.565999984741211,15.579999923706055,257,803.2999877929688,77.5403689,12.9733437
1766333228050925000,2689.338925048828,3.196434736251831,1.1733131408691406,3.58259916305542,3.890000104904175,14.960000038146973,259,803.2999877929688,77.5402354,12.9733199
1766333229050919200,2690.338919189453,6.605663776397705,1.5617653131484985,3.5925991535186768,3.8399999141693115,14.859999656677246,258,803.2999877929688,77.5401043,12.973298
1766333230050629600,2691.338629638672,6.523187160491943,1.5899404287338257,3.6025962829589844,3.8929998874664307,14.5,257,803.2999877929688,77.5399831,12.9732722
1766333231050280700,2692.3382807617186,6.215930461883545,1.5691990852355957,3.612592935562134,3.921999931335449,14.8100004196167,258,803.2999877929688,77.5398469,12.9732445
1766333232050303500,2693.338303466797,3.799001693725586,1.1813099384307861,3.6225929260253906,3.9110000133514404,15.350000381469727,258,803.2999877929688,77.5397034,12.9732076
1766333233050628400,2694.3386284179687,3.819098472595215,0.9764416813850403,3.632596254348755,3.9140000343322754,15.350000381469727,257,803.2999877929688,77.5395593,12.9731797
1766333234050311700,2695.338311767578,5.154107093811035,1.219116449356079,3.6425931453704834,3.9140000343322754,15.289999961853027,257,803.2999877929688,77.5394173,12.9731471
1766333235051077400,2696.339077392578,4.774986743927002,1.284245491027832,3.6526007652282715,3.8499999046325684,15.300000190734863,256,803.2999877929688,77.5392839,12.9731109
1766333236050430000,2697.338429931641,3.563317060470581,0.8543437123298645,3.6625943183898926,3.7939999103546143,15.420000076293945,255,803.2999877929688,77.5391398,12.9730743
1766333237050299600,2698.338299560547,3.089867115020752,0.7206124067306519,3.672593116760254,3.7939999103546143,15.039999961853027,251,803.2999877929688,77.5390093,12.9730348
1766333238050402600,2699.3384025878904,4.661625385284424,1.0866055488586426,3.682594060897827,3.7939999103546143,14.880000114440918,249,803.2999877929688,77.5388831,12.9729811
1766333239050792700,2700.3387927246094,6.439599514007568,1.4711596965789795,3.6925978660583496,3.8450000286102295,14.779999732971191,248,803.2999877929688,77.538755,12.9729319
1766333240050855000,2701.3388549804686,9.129789352416992,2.0840981006622314,3.7025985717773438,3.9730000495910645,14.9399995803833,247,803.2999877929688,77.5386213,12.9728754
1766333241050811600,2702.338811767578,5.615685939788818,1.5750585794448853,3.7125980854034424,4.150000095367432,14.970000267028809,242,803.2999877929688,77.5384966,12.9727969
1766333242050866200,2703.3388662109373,3.7917048931121826,1.2525920867919922,3.7225985527038574,4.241000175476074,14.149999618530273,235,803.2999877929688,77.5384046,12.9727148
1766333243050644500,2704.33864453125,2.2867655754089355,1.0824674367904663,3.7325963973999023,4.248000144958496,14.390000343322754,229,803.2999877929688,77.5383044,12.972595
1766333244050496000,2705.33849609375,1.5123262405395508,1.011982798576355,3.7425949573516846,4.171999931335449,13.989999771118164,224,803.2999877929688,77.5382136,12.9724945
1766333245050197200,2706.338197265625,2.3258445262908936,1.0555622577667236,3.752592086791992,4.126999855041504,13.630000114440918,221,803.2999877929688,77.5381224,12.9724103
1766333246050477000,2707.3384770507814,1.702585220336914,1.0226435661315918,3.762594699859619,3.989000082015991,13.039999961853027,217,803.2999877929688,77.5380452,12.9723185
1766333247050656300,2708.33865625,0.6904605627059937,0.9654539823532104,3.772596597671509,3.871000051498413,12.609999656677246,214,803.2999877929688,77.5379789,12.9722303
1766333248050325500,2709.338325439453,2.7016782760620117,0.9716647863388062,3.782593250274658,3.7960000038146973,12.220000267028809,211,803.2999877929688,77.5379275,12.9721381
1766333249050857700,2710.3388576660154,1.3373457193374634,0.9915305972099304,3.7925984859466553,3.7899999618530273,11.8100004196167,207,803.2999877929688,77.5378723,12.972046
1766333250051044900,2711.339044921875,2.46224308013916,1.1899813413619995,3.802600383758545,3.7899999618530273,11.5600004196167,205,803.2999877929688,77.5378235,12.9719549
1766333251050922800,2712.3389228515625,1.238532543182373,0.9896023869514465,3.8125991821289062,3.7899999618530273,11.239999771118164,203,803.2999877929688,77.5377852,12.9718592
1766333252050888700,2713.338888671875,0.43298694491386414,0.9466859102249146,3.822598934173584,3.7899999618530273,10.819999694824219,201,803.2999877929688,77.5377499,12.9717747
1766333253050867700,2714.3388676757813,1.1324800252914429,0.9533858299255371,3.8325986862182617,3.7899999618530273,10.449999809265137,199,803.2999877929688,77.5377163,12.9716795
1766333254051080200,2715.339080078125,1.566082239151001,0.9643886089324951,3.8426008224487305,3.7899999618530273,10.260000228881836,198,803.2999877929688,77.5376853,12.9715949
1766333255051177200,2716.3391772460936,0.903820276260376,0.9455970525741577,3.8526017665863037,3.7899999618530273,9.920000076293945,199,803.2999877929688,77.5376573,12.9715132
1766333256050681300,2717.3386813964844,2.1703529357910156,0.990822970867157,3.8625967502593994,3.7899999618530273,9.770000457763672,199,803.2999877929688,77.5376285,12.9714338
1766333257051212000,2718.3392119140626,2.350637674331665,0.9946887493133545,3.8726022243499756,3.7899999618530273,9.270000457763672,198,803.2999877929688,77.5376038,12.9713538
1766333258050647600,2719.3386474609374,9.58963680267334,1.3801785707473755,3.882596492767334,3.7899999618530273,9.260000228881836,198,803.2999877929688,77.5375756,12.9712746
1766333259050822100,2720.338822265625,10.583772659301758,1.5233198404312134,3.8925981521606445,3.7899999618530273,8.729999542236328,193,803.2999877929688,77.5375576,12.9712001
1766333260050214100,2721.338214111328,13.128766059875488,1.6272841691970825,3.902592182159424,3.9089999198913574,7.869999885559082,199,803.2999877929688,77.537531,12.9711416
1766333261050206500,2722.3382065429687,13.460092544555664,1.6166353225708008,3.9125921726226807,4.109000205993652,7.550000190734863,197,803.2999877929688,77.5375118,12.9710786
1766333262050442200,2723.338442138672,18.90203857421875,1.898659348487854,3.9225945472717285,5.3379998207092285,7.590000152587891,197,803.2999877929688,77.5374859,12.9710144
1766333263051096000,2724.339095947266,20.827590942382812,2.0602025985717773,3.932600975036621,7.199999809265137,7.710000038146973,200,803.2999877929688,77.5374546,12.9709486
1766333264050491000,2725.338490966797,21.49971580505371,2.1307930946350098,3.9425950050354004,8.020999908447266,7.590000152587891,200,803.2999877929688,77.5374281,12.9708856
1766333265050794200,2726.338794189453,24.67453384399414,2.3043673038482666,3.9525978565216064,10.515000343322754,6.889999866485596,203,803.2999877929688,77.5374007,12.9708485
1766333266050888000,2727.3388879394533,25.5861759185791,2.394639492034912,3.9625988006591797,12.178999900817871,6.809999942779541,203,803.2999877929688,77.5373601,12.9707955
1766333267050336800,2728.338336669922,27.54593276977539,2.4539387226104736,3.972593307495117,12.454000473022461,6.539999961853027,207,803.2999877929688,77.5373257,12.9707606
1766333268050723800,2729.3387238769533,27.1636905670166,3.0329010486602783,3.9825973510742188,13.08899974822998,6.989999771118164,206,803.2999877929688,77.5373158,12.9706692
1766333269050434300,2730.338434326172,29.278213500976562,3.2947840690612793,3.9925942420959473,13.822999954223633,6.989999771118164,206,803.2999877929688,77.5372851,12.9706131
1766333270051110100,2731.3391101074217,31.25886344909668,3.449291706085205,4.002601146697998,15.029999732971191,6.800000190734863,205,803.2999877929688,77.5372654,12.9705616
1766333271050463200,2732.338463134766,33.13675308227539,3.6848537921905518,4.012594699859619,15.711999893188477,6.800000190734863,205,803.2999877929688,77.5372385,12.9705062
1766333272050528500,2733.338528564453,34.164615631103516,3.7699787616729736,4.022595405578613,17.496999740600586,6.710000038146973,201,803.2999877929688,77.5372424,12.9704474
1766333273050513200,2734.338513183594,35.8502082824707,3.986302614212036,4.032595157623291,18.30900001525879,6.710000038146973,201,803.2999877929688,77.5372198,12.9703911
1766333274050703600,2735.3387036132813,36.59093475341797,4.110166072845459,4.042596817016602,20.57699966430664,6.75,201,803.2999877929688,77.537191,12.9703321
1766333275051041800,2736.339041748047,45.326602935791016,4.179225444793701,4.052600383758545,21.35700035095215,6.179999828338623,198,803.2999877929688,77.5371981,12.9703091
1766333276050697200,2737.338697265625,64.3117904663086,3.815851926803589,4.062596797943115,23.086999893188477,3.640000104904175,223,803.2999877929688,77.5372026,12.9705075
1766333277050848800,2738.3388488769533,64.3117904663086,1.4373961687088013,4.072598457336426,21.363000869750977,0.3400000035762787,223,803.2999877929688,77.5373313,12.9708062
1766333278050814500,2739.338814453125,55.068443298339844,1.0746047496795654,4.0825982093811035,19.006999969482422,0.38999998569488525,216,803.2999877929688,77.537361,12.9706829
1766333279051085600,2740.3390854492186,55.068443298339844,1.0058465003967285,3.8656563758850098,16.292999267578125,0.3100000023841858,216,817.2999877929688,77.5373796,12.9706592
1766333280051189000,2741.3391889648437,55.068443298339844,1.2228962182998657,3.875657558441162,13.295000076293945,0.3199999928474426,216,817.2999877929688,77.5373758,12.9706616
1766333281051116500,2742.339116455078,55.068443298339844,1.0624762773513794,3.8856568336486816,10.583000183105469,0.3400000035762787,216,817.2999877929688,77.537374,12.9706585
1766333282050833200,2743.338833251953,55.068443298339844,1.1458492279052734,3.8956539630889893,10.501999855041504,0.6800000071525574,216,817.2999877929688,77.5373739,12.9706521
1766333283050589400,2744.3385893554687,55.068443298339844,1.4047420024871826,3.905651569366455,10.265999794006348,0.30000001192092896,216,817.2999877929688,77.5373759,12.9706489
1766333284050583600,2745.3385834960936,55.068443298339844,1.6631861925125122,3.915651321411133,10.258000373840332,0.4000000059604645,216,817.2999877929688,77.5373779,12.9706457
1766333285050762500,2746.338762451172,55.068443298339844,1.3493669033050537,3.9256532192230225,10.300000190734863,0.7300000190734863,216,817.2999877929688,77.5373805,12.9706342
1766333286051039000,2747.3390390625,60.28133773803711,1.1247766017913818,11.371164321899414,10.312000274658203,0.17000000178813934,187,817.7999877929688,77.537384,12.9706245
1766333287050202600,2748.338202636719,0,0.6233497262001038,11.381155967712402,10.331999778747559,0,0,817.7999877929688,77.5373899,12.9706094
1766333288050695000,2749.3386948242187,0,0.6986777782440186,11.39116096496582,10.482999801635742,0,0,817.7999877929688,77.5373913,12.9706057
1766333289050702000,2750.3387021484373,0,0.8403617739677429,11.401161193847656,10.812000274658203,0,0,817.7999877929688,77.5373917,12.9706048
1766333290051111400,2751.339111328125,0,0.9792717099189758,11.411165237426758,11.428999900817871,0,0,817.7999877929688,77.5373918,12.9706045
1766333291050745000,2752.3387451171875,0,1.0822272300720215,11.421161651611328,12.07800006866455,0,0,817.7999877929688,77.5373918,12.9706045
1766333292050514700,2753.3385146484375,0,1.3821547031402588,11.431159019470215,13.913000106811523,0,0,817.7999877929688,77.5373918,12.9706049
1766333293050249700,2754.3382497558596,0,1.6327911615371704,11.441156387329102,14.984999656677246,0,0,817.7999877929688,77.537392,12.9706049
1766333294051020300,2755.339020263672,0,2.0721232891082764,11.451164245605469,18.301000595092773,0,0,817.7999877929688,77.537392,12.9706049
1766333295050284300,2756.3382841796874,0,1.9360672235488892,11.461156845092773,19.513999938964844,0,0,817.7999877929688,77.5373917,12.9706049
1766333296051205400,2757.3392053222656,0,0.3281593918800354,11.471165657043457,20.216999053955078,0,0,817.7999877929688,77.5373903,12.9706034
1766333297050206700,2758.3382067871094,0,0.7375934720039368,11.481156349182129,18.687999725341797,0,0,817.7999877929688,77.5373852,12.9706072
1766333298050870000,2759.3388701171875,0,0.38452088832855225,11.491162300109863,16.950000762939453,0,0,817.7999877929688,77.5373812,12.9706124
1766333299050581800,2760.3385817871094,0,0.3653789460659027,11.50115966796875,15.854000091552734,0,0,817.7999877929688,77.5373808,12.9706172
1766333300050950100,2761.3389501953125,0,0.30747005343437195,14.299592971801758,11.050999641418457,0,0,817.5,77.5373805,12.9706216
1766333301051136500,2762.3391364746094,0,0.303321897983551,14.309595108032227,10.925999641418457,0,0,817.5,77.5373795,12.9706235
1766333302051003100,2763.339003173828,0,0.19330106675624847,14.31959342956543,10.329999923706055,0,0,817.5,77.5373798,12.9706227
1766333303050396200,2764.3383962402345,0,0.270268976688385,14.329587936401367,10.295999526977539,0,0,817.5,77.5373799,12.970624
1766333304050760400,2765.3387604980467,0,0.4101635813713074,14.339591026306152,10.211999893188477,0,0,817.5,77.5373806,12.9706207
1766333305050581500,2766.3385815429688,0,0.5244739055633545,14.349589347839355,10.182000160217285,0,0,817.5,77.5373805,12.9706197
1766333306050739000,2767.338739013672,0,0.2150610387325287,5.5011162757873535,10.116000175476074,0,0,817.7999877929688,77.5373822,12.9706201
1766333307050453800,2768.338453857422,0,0.13309793174266815,5.51111364364624,10.055000305175781,0,0,817.7999877929688,77.537381,12.9706188
1766333308050518000,2769.3385180664063,0,0.15812507271766663,5.521113872528076,9.989999771118164,0,0,817.7999877929688,77.5373787,12.9706171
1766333309050454500,2770.338454589844,60.28133773803711,0.7743215560913086,5.531113624572754,9.979999542236328,0.6399999856948853,187,817.7999877929688,77.537377,12.9706105
1766333310050296300,2771.338296386719,60.28133773803711,0.9391621351242065,5.541111946105957,9.949999809265137,0.6000000238418579,187,817.7999877929688,77.5373741,12.970605
1766333311050549800,2772.3385498046873,60.28133773803711,1.1566678285598755,5.551114559173584,9.9350004196167,0.6600000262260437,187,817.7999877929688,77.5373731,12.970595
1766333312050500000,2773.3385,60.28133773803711,1.0350489616394043,5.1256937980651855,9.9350004196167,0.5799999833106995,187,817.2999877929688,77.5373725,12.9705852
1766333313050430000,2774.338429931641,60.28133773803711,0.818157970905304,5.135693073272705,9.9350004196167,0.3700000047683716,187,817.2999877929688,77.5373728,12.9705762
1766333314050578700,2775.3385786132812,60.28133773803711,0.8301029801368713,5.145694255828857,9.9350004196167,0.3199999928474426,187,817.2999877929688,77.5373749,12.9705647
1766333315051130000,2776.339130126953,60.28133773803711,0.7382077574729919,5.155699729919434,9.9350004196167,0.3499999940395355,187,817.2999877929688,77.5373763,12.9705563
1766333316050841300,2777.3388413085936,60.28133773803711,0.7934827208518982,5.16569709777832,9.9350004196167,0.5899999737739563,187,817.2999877929688,77.5373775,12.9705464
1766333317050657500,2778.3386574707033,60.28133773803711,0.7264191508293152,5.175694942474365,9.9350004196167,0.5699999928474426,187,817.2999877929688,77.5373782,12.9705323
1766333318050635800,2779.3386357421873,8.419290542602539,0.6949295997619629,5.185694694519043,9.9350004196167,0.47999998927116394,195,817.2999877929688,77.5373806,12.9705199
1766333319050521900,2780.338521972656,9.964802742004395,0.6926522254943848,1.681397795677185,9.9350004196167,0.6499999761581421,195,817.2999877929688,77.5373821,12.9705083
1766333320050391300,2781.338391357422,11.688257217407227,0.6956211924552917,1.6913964748382568,9.9350004196167,0.6399999856948853,195,817.2999877929688,77.5373832,12.9705014
1766333321050248000,2782.338248046875,12.654021263122559,0.7038167715072632,1.701395034790039,9.9350004196167,0.4099999964237213,195,817.2999877929688,77.5373843,12.9704961
1766333322050206500,2783.3382065429687,12.654021263122559,0.7501072287559509,1.7113945484161377,9.9350004196167,0.5600000023841858,195,817.2999877929688,77.5373838,12.9704903
1766333323051104500,2784.3391044921873,16.93930435180664,0.7305454015731812,1.7214035987854004,9.9350004196167,0.7699999809265137,195,817.2999877929688,77.5373821,12.9704831
1766333324051115300,2785.339115234375,16.93930435180664,0.7575687170028687,1.7314037084579468,9.9350004196167,0.6600000262260437,195,817.2999877929688,77.5373813,12.9704758
1766333325050998800,2786.338998779297,5.899925231933594,0.6996163725852966,1.4010422229766846,9.9350004196167,0.7300000190734863,201,817.5,77.5373791,12.9704686
1766333326051032000,2787.339031982422,13.099109649658203,0.7566776275634766,1.41104257106781,9.9350004196167,0.6899999976158142,201,817.5,77.5373785,12.9704614
1766333327051017700,2788.3390178222658,10.833257675170898,1.0803593397140503,1.4210424423217773,9.9350004196167,0.5299999713897705,196,817.5,77.5373764,12.9704573
1766333328051157500,2789.339157470703,0,0.7694613337516785,1.4310437440872192,9.9350004196167,0,0,817.5,77.5373767,12.9704568
1766333329050393900,2790.3383937988283,10.833257675170898,0.9014807939529419,1.4410361051559448,9.9350004196167,0.47999998927116394,196,817.5,77.5373746,12.9704542
1766333330050695400,2791.3386953125,3.7601118087768555,0.7075884342193604,1.45103919506073,9.9350004196167,0.8100000023841858,194,817.5,77.5373728,12.9704467
1766333331050918100,2792.338918212891,5.13539981842041,0.7224444150924683,1.4610413312911987,9.9350004196167,0.8399999737739563,200,817.5,77.5373702,12.9704383
1766333332051150300,2793.339150390625,3.132336378097534,0.7203039526939392,1.0291614532470703,9.9350004196167,0.7599999904632568,203,817.0999755859375,77.5373664,12.9704304
1766333333050325200,2794.3383251953123,50.6470947265625,0.7218348383903503,1.0391532182693481,9.9350004196167,0.7699999809265137,202,817.0999755859375,77.5373623,12.9704242
1766333334050350300,2795.3383503417967,50.6470947265625,0.7723076939582825,1.049153447151184,9.9350004196167,0.17000000178813934,202,817.0999755859375,77.5373595,12.9704221
1766333335050474200,2796.338474121094,50.6470947265625,0.7214542627334595,1.059154748916626,9.9350004196167,0.6600000262260437,202,817.0999755859375,77.5373555,12.970418
1766333336050453500,2797.338453613281,50.6470947265625,0.7299067974090576,1.0691545009613037,9.9350004196167,0.3199999928474426,202,817.0999755859375,77.5373538,12.9704149
1766333337050354000,2798.3383540039063,49.31148147583008,0.7218914031982422,1.0791535377502441,9.9350004196167,0.800000011920929,197,817.0999755859375,77.5373514,12.9704076
1766333338050354200,2799.338354248047,51.89937973022461,0.7237298488616943,1.857493281364441,9.9350004196167,0.75,198,817.2999877929688,77.5373487,12.9704003
1766333339052391200,2800.3403911132814,13.480527877807617,0.23225058615207672,1.8674923181533813,9.48900032043457,0.7907946705818176,185.708251953125,817.2999877929688,77.5373594,12.9703781
1766333339451498800,2800.739498779297,12.718936920166016,0.17461812496185303,1.8674923181533813,8.977999687194824,0.7763991355895996,183.55551147460938,817.2999877929688,77.537358,12.9703757
1766333340050869000,2801.338868896484,13.261524200439453,0.22671136260032654,1.8774985074996948,8.467000007629395,0.7640499472618103,181.61289978027344,817.2999877929688,77.5373571,12.9703717
1766333340169126000,2801.4571259765626,13.232623100280762,0.22671136260032654,1.8774985074996948,8.243000030517578,0.7637789249420166,181.55433654785156,817.2999877929688,77.5373568,12.9703709
1766333340810856200,2802.0988562011717,13.184741973876953,0.2151212841272354,1.8774985074996948,8.086000442504883,0.7919556498527527,182.85740661621094,817.2999877929688,77.5373565,12.9703658
1766333341050575000,2802.3385751953124,14.79634952545166,0.25828683376312256,1.887495517730713,7.709000110626221,0.7911691665649414,183.19937133789062,817.2999877929688,77.5373559,12.970364
1766333341550827000,2802.838826904297,13.380744934082031,0.2156597524881363,1.887495517730713,7.631999969482422,0.7999704480171204,179.46026611328125,817.2999877929688,77.5373557,12.9703599
1766333341975417300,2803.263417236328,14.832818031311035,0.2156597524881363,1.887495517730713,7.581999778747559,0.7998212575912476,168.33013916015625,817.2999877929688,77.5373558,12.9703564
1766333342050974200,2803.3389741210935,13.145237922668457,0.2594640254974365,1.8974995613098145,7.291999816894531,0.8049362301826477,165.01988220214844,817.2999877929688,77.5373558,12.9703558
1766333342733306400,2804.0213063964843,12.95309066772461,0.22545060515403748,1.8974995613098145,7.288000106811523,0.7716521620750427,146.1688995361328,817.2999877929688,77.5373572,12.9703506
1766333343050872600,2804.3388725585937,13.06715202331543,0.21743927896022797,1.9074984788894653,7.0289998054504395,0.7671067714691162,138.09608459472656,817.2999877929688,77.5373584,12.9703489
1766333343265368800,2804.5533688964842,12.752057075500488,0.1809043288230896,1.9074984788894653,7.0269999504089355,0.7915379405021667,135.21437072753906,817.2999877929688,77.5373593,12.9703475
1766333343946187300,2805.2341872558595,12.919775009155273,0.23297981917858124,1.9074984788894653,7.035999774932861,0.7974608540534973,130.5929412841797,817.2999877929688,77.5373631,12.9703436
1766333344050737400,2805.3387373046876,12.828829765319824,0.2289574295282364,1.917497158050537,7.014999866485596,0.7945232391357422,130.35731506347656,817.2999877929688,77.5373636,12.9703432
1766333344527239400,2805.8152395019533,12.94594955444336,0.2120112031698227,1.1011260747909546,6.980999946594238,0.8093500733375549,131.68629455566406,817.2999877929688,77.5373622,12.9703374
1766333345050514400,2806.338514404297,13.020731925964355,0.24817384779453278,1.11112380027771,6.946000099182129,0.8024343848228455,129.5651397705078,817.2999877929688,77.5373631,12.9703332
1766333345168501800,2806.4565017089844,13.024967193603516,0.24817384779453278,1.11112380027771,6.921000003814697,0.8022392988204956,128.71878051757812,817.2999877929688,77.537363,12.970332
1766333345770389200,2807.0583891601564,12.472135543823242,0.23367799818515778,1.11112380027771,6.900000095367432,0.7872642874717712,124.07540893554688,817.2999877929688,77.5373661,12.9703285
1766333346050224600,2807.338224609375,12.475157737731934,0.22826823592185974,1.1211209297180176,6.867000102996826,0.7843602895736694,122.84317016601562,817.2999877929688,77.5373677,12.9703274
1766333346489922600,2807.7779226074217,12.571599960327148,0.17332656681537628,1.1211209297180176,6.841000080108643,0.7750117182731628,121.88358306884766,817.2999877929688,77.5373703,12.9703254
1766333347050306800,2808.3383068847656,13.002907752990723,0.21191103756427765,1.1311217546463013,6.7870001792907715,0.7889325022697449,119.24790954589844,817.2999877929688,77.5373741,12.9703237
1766333347169373200,2808.4573732910158,12.920760154724121,0.21191103756427765,1.1311217546463013,6.755000114440918,0.7892485857009888,118.90992736816406,817.2999877929688,77.5373751,12.9703233
1766333347751850200,2809.039850341797,13.164005279541016,0.2047056257724762,1.1311217546463013,6.710000038146973,0.7871308326721191,118.70628356933594,817.2999877929688,77.5373796,12.9703214
1766333348051019000,2809.3390190429686,13.016940116882324,0.23080334067344666,1.1411287784576416,6.676000118255615,0.7925384044647217,118.55889892578125,817.2999877929688,77.537382,12.970321
1766333348431471900,2809.719471923828,13.055520057678223,0.20545130968093872,1.1411287784576416,6.651000022888184,0.7875776886940002,118.35591125488281,817.2999877929688,77.5373851,12.9703197
1766333349050311700,2810.338311767578,14.644486427307129,0.24414943158626556,1.151121735572815,6.613999843597412,0.7739859819412231,116.35708618164062,817.2999877929688,77.5373897,12.9703184
1766333349231078700,2810.519078613281,14.756570816040039,0.24414943158626556,1.151121735572815,6.5920000076293945,0.7736545205116272,115.54806518554688,817.2999877929688,77.5373912,12.9703181
1766333349871427800,2811.159427734375,14.899977684020996,0.22372986376285553,1.151121735572815,6.616000175476074,0.7449511885643005,111.13925170898438,817.2999877929688,77.537395,12.9703166
1766333350050259000,2811.338259033203,15.032032012939453,0.21944694221019745,1.1611212491989136,6.620999813079834,0.7388700842857361,110.79688262939453,817.2999877929688,77.5373961,12.9703172
1766333350529182500,2811.8171823730468,15.061651229858398,0.17929241061210632,1.016472578048706,6.633999824523926,0.7302514314651489,110.351806640625,817.2999877929688,77.5373967,12.9703174
1766333350710141700,2811.9981416015626,15.32132339477539,0.2290828377008438,1.016472578048706,6.658999919891357,0.7223169207572937,110.37800598144531,817.2999877929688,77.5374018,12.970313
1766333351051160300,2812.3391604003905,15.21768856048584,0.22381146252155304,1.0264816284179688,6.670000076293945,0.7185901403427124,108.35138702392578,817.2999877929688,77.5374019,12.9703135
1766333351389946600,2812.6779465332033,15.295576095581055,0.18112044036388397,1.0264816284179688,6.673999786376953,0.7326206564903259,107.35387420654297,817.2999877929688,77.5374032,12.9703134
1766333352050425900,2813.33842578125,15.610790252685547,0.22356994450092316,1.0364742279052734,6.690000057220459,0.7245818972587585,106.04753112792969,817.2999877929688,77.537407,12.9703135
1766333352129365800,2813.417365722656,15.69305419921875,0.22356994450092316,1.0364742279052734,6.690999984741211,0.7243935465812683,105.39287567138672,817.2999877929688,77.5374073,12.9703139
1766333352829855000,2814.1178549804686,15.337821960449219,0.2748847007751465,1.0364742279052734,6.7220001220703125,0.7024609446525574,99.51834869384766,817.2999877929688,77.5374115,12.9703131
1766333353050412500,2814.3384125976563,15.187458992004395,0.2681111991405487,1.0464740991592407,6.730000019073486,0.7000815272331238,96.91127014160156,817.2999877929688,77.5374128,12.970314
1766333353608203000,2814.896203125,15.371577262878418,0.22376790642738342,1.0464740991592407,6.763999938964844,0.6696352362632751,91.18487548828125,817.2999877929688,77.5374164,12.9703142
1766333354050864600,2815.338864746094,15.991204261779785,0.2644321024417877,1.0564786195755005,6.789000034332275,0.6667731404304504,82.24884796142578,817.2999877929688,77.5374193,12.9703155
1766333354269059600,2815.5570595703125,15.002557754516602,0.1753503680229187,1.0564786195755005,6.813000202178955,0.6639434099197388,79.1968765258789,817.2999877929688,77.5374206,12.970316
1766333355048402700,2816.3364025878905,15.98470401763916,0.22210441529750824,1.0564786195755005,6.848999977111816,0.6655398011207581,70.90681457519531,817.2999877929688,77.5374256,12.9703173
1766333355050651100,2816.338651123047,15.749140739440918,0.2157982885837555,1.0664764642715454,6.874000072479248,0.6663520336151123,70.28681945800781,817.2999877929688,77.5374258,12.9703184
1766333355630662000,2816.9186618652343,16.126840591430664,0.17726145684719086,1.0664764642715454,6.890999794006348,0.6842888593673706,65.35063171386719,817.2999877929688,77.5374299,12.9703206
1766333356051132400,2817.3391323242186,15.61515998840332,0.21771763265132904,1.0764813423156738,6.9079999923706055,0.67962646484375,61.09494400024414,817.2999877929688,77.537433,12.9703234
1766333356368958200,2817.6569582519533,15.2687349319458,0.20336522161960602,1.0764813423156738,6.932000160217285,0.6981790065765381,56.71546936035156,817.2999877929688,77.5374352,12.9703253
1766333356990198000,2818.278197998047,16.000703811645508,0.2470712512731552,1.0764813423156738,6.960999965667725,0.7004841566085815,48.161983489990234,817.2999877929688,77.5374388,12.9703283
1766333357050529300,2818.338529296875,15.375611305236816,0.2410525232553482,1.8923158645629883,6.954999923706055,0.7050818800926208,44.4004020690918,816.7000122070312,77.5374401,12.9703321
1766333357729963000,2819.017962890625,15.635332107543945,0.2136315107345581,1.8923158645629883,6.953000068664551,0.7068302035331726,36.88800048828125,816.7000122070312,77.537444,12.9703389
1766333358050828500,2819.3388286132813,15.873021125793457,0.2494317591190338,1.9023189544677734,6.934999942779541,0.7156708240509033,33.348751068115234,816.7000122070312,77.5374456,12.9703431
1766333358352468700,2819.64046875,15.3709135055542,0.1725703626871109,1.9023189544677734,6.909999847412109,0.7196261882781982,31.224933624267578,816.7000122070312,77.5374472,12.9703466
1766333359050489000,2820.3384890136717,16.028942108154297,0.2134111225605011,1.9123154878616333,6.879000186920166,0.7151178121566772,31.444129943847656,816.7000122070312,77.53745,12.9703529
1766333359073669600,2820.3616696777344,16.028942108154297,0.2134111225605011,1.9123154878616333,6.857999801635742,0.7150557637214661,31.48654556274414,816.7000122070312,77.5374503,12.9703539
1766333359692410400,2820.9804104003906,16.063297271728516,0.22730682790279388,1.9123154878616333,6.8480000495910645,0.7225349545478821,29.570598602294922,816.7000122070312,77.537453,12.9703585
1766333360050853600,2821.338853515625,16.359939575195312,0.22348541021347046,1.9223191738128662,6.802999973297119,0.7239199876785278,27.523326873779297,816.7000122070312,77.5374543,12.970362
1766333360373962000,2821.6619619140624,15.414427757263184,0.16569826006889343,1.9223191738128662,6.809000015258789,0.736042857170105,22.23554801940918,816.7000122070312,77.537456,12.9703652
1766333360847100200,2822.135100097656,15.395578384399414,0.21247464418411255,1.9223191738128662,6.800000190734863,0.7368756532669067,13.131574630737305,816.7000122070312,77.5374575,12.9703691
1766333361050633700,2822.3386337890624,15.638727188110352,0.2103692591190338,1.9323168992996216,6.806000232696533,0.7391442656517029,10.116256713867188,816.7000122070312,77.5374576,12.9703716
1766333361614624000,2822.9026240234375,15.582473754882812,0.22310829162597656,1.9323168992996216,6.808000087738037,0.705903172492981,3.9637434482574463,816.7000122070312,77.5374579,12.9703761
1766333362051028200,2823.3390283203125,14.99534797668457,0.25729799270629883,1.9423209428787231,6.826000213623047,0.7187421917915344,2.9224743843078613,816.7000122070312,77.5374575,12.9703802
1766333363050347500,2824.338347412109,15.534899711608887,0.25112155079841614,1.9523141384124756,6.861000061035156,0.6320937275886536,6.001350402832031,816.7000122070312,77.5374568,12.9703879
1766333363793922600,2825.081922607422,15.848871231079102,0.2596631348133087,1.9523141384124756,6.923999786376953,0.5423890352249146,0.4549099802970886,816.7000122070312,77.5374567,12.9703917
1766333364050713600,2825.3387136230467,15.994025230407715,0.24810144305229187,2.143148422241211,6.941999912261963,0.5396977066993713,354.19757080078125,817.2999877929688,77.5374606,12.9703963
1766333365050283000,2826.3382829589846,15.791728973388672,0.26242348551750183,2.153144121170044,6.961999893188477,0.42743998765945435,0.422404408454895,817.2999877929688,77.537462,12.9704025
1766333365175139300,2826.4631394042967,16.437179565429688,0.26242348551750183,2.153144121170044,6.9679999351501465,0.42548829317092896,3.204549789428711,817.2999877929688,77.5374626,12.9704035
1766333366050868500,2827.3388684082033,18.69919776916504,0.25429266691207886,2.1631500720977783,6.954999923706055,0.33323952555656433,27.55449104309082,817.2999877929688,77.5374631,12.970406
1766333367050717700,2828.3387177734376,19.275781631469727,0.2273927479982376,2.1731486320495605,6.915999889373779,0.2669416069984436,41.83122253417969,817.2999877929688,77.5374639,12.9704078
1766333367356782300,2828.6447822265627,21.041887283325195,0.2052387148141861,2.1731486320495605,6.867000102996826,0.202627032995224,46.40948486328125,817.2999877929688,77.5374637,12.9704066
1766333368050530600,2829.338530517578,21.45604705810547,0.21425433456897736,2.1831467151641846,6.824999809265137,0.2136555016040802,52.82569885253906,817.2999877929688,77.5374636,12.9704077
1766333368132309500,2829.4203095703124,21.45604705810547,0.21425433456897736,2.1831467151641846,6.818999767303467,0.21383577585220337,52.89277267456055,817.2999877929688,77.5374634,12.9704079
1766333369050415900,2830.3384157714845,22.148990631103516,0.18721972405910492,2.193145513534546,6.769999980926514,0.17089103162288666,59.45701217651367,817.2999877929688,77.537463,12.9704087
1766333370051113700,2831.339113769531,21.45374870300293,0.1320553421974182,2.2031524181365967,6.751999855041504,0.10487952083349228,60.7230110168457,817.2999877929688,77.5374614,12.9704102
1766333370169856000,2831.4578559570314,21.777467727661133,0.15108786523342133,1.252686619758606,6.763000011444092,0.12290989607572556,60.1736946105957,817.2999877929688,77.5374592,12.970411
1766333370409495600,2831.6974956054687,0,0.10771232098340988,1.252686619758606,6.754000186920166,0.055663615465164185,0,817.2999877929688,77.5374598,12.9704104
1766333371050836000,2832.3388359375,0,0.1327967792749405,1.2626838684082031,6.747000217437744,0.09625371545553207,0,817.2999877929688,77.5374593,12.9704118
1766333371405285600,2832.6932856445314,0,0.11000706255435944,1.2626838684082031,6.74399995803833,0.08551657944917679,0,817.2999877929688,77.5374584,12.9704123
1766333371948565200,2833.236565185547,21.679277420043945,0.13373951613903046,1.2626838684082031,6.744999885559082,0.1174934133887291,47.551170349121094,817.2999877929688,77.5374581,12.9704128
1766333372050606800,2833.338606933594,21.660364151000977,0.13467611372470856,1.2726815938949585,6.73799991607666,0.12132730334997177,46.87287521362305,817.2999877929688,77.5374577,12.9704138
1766333372647569200,2833.935569091797,21.256324768066406,0.1191943883895874,1.2726815938949585,6.747000217437744,0.10188543796539307,45.90390396118164,817.2999877929688,77.5374576,12.9704155
1766333373050262800,2834.3382626953126,21.649906158447266,0.14044202864170074,1.2826781272888184,6.744999885559082,0.12395115196704865,44.18613052368164,817.2999877929688,77.5374573,12.9704177
1766333373387913200,2834.675913330078,0,0.11153583228588104,1.2826781272888184,6.741000175476074,0.04871637001633644,0,817.2999877929688,77.5374572,12.9704183
1766333374047655700,2835.335655761719,0,0.12865814566612244,1.2826781272888184,6.749000072479248,0.09569710493087769,0,817.2999877929688,77.5374574,12.9704187
1766333374050366500,2835.338366455078,22.138324737548828,0.1341574490070343,1.2926791906356812,6.749000072479248,0.10010476410388947,41.02400207519531,817.2999877929688,77.5374573,12.9704197
1766333374708105200,2835.9961052246094,24.31352424621582,0.15982107818126678,1.2926791906356812,6.765999794006348,0.11372944712638855,42.024810791015625,817.2999877929688,77.5374578,12.9704204
1766333375050806500,2836.338806640625,22.393924713134766,0.17202207446098328,1.3026835918426514,6.76800012588501,0.12914712727069855,41.799034118652344,817.2999877929688,77.5374581,12.970422
1766333375408290300,2836.6962902832033,25.060314178466797,0.27716541290283203,1.3026835918426514,6.763999938964844,0.18722181022167206,42.49563980102539,817.2999877929688,77.5374587,12.9704231
1766333376050698200,2837.3386982421875,24.408294677734375,0.2726353406906128,1.3126825094223022,6.769999980926514,0.2245863974094391,39.782470703125,817.2999877929688,77.5374599,12.9704258
1766333376128205600,2837.4162055664065,24.37330436706543,0.2726353406906128,1.3126825094223022,6.781000137329102,0.22522412240505219,39.16552734375,817.2999877929688,77.5374602,12.9704266
1766333376795612000,2838.083611816406,26.941692352294922,0.36210861802101135,2.72601318359375,6.796999931335449,0.2696327865123749,38.048702239990234,817.0999755859375,77.5374614,12.9704273
1766333376906504400,2838.194504394531,23.366458892822266,0.37927329540252686,2.72601318359375,6.806000232696533,0.4066048860549927,29.526853561401367,817.0999755859375,77.5374754,12.9704409
1766333377050411300,2838.338411376953,22.23276138305664,0.3685801029205322,2.7360103130340576,6.801000118255615,0.4079560339450836,26.637622833251953,817.0999755859375,77.5374778,12.9704445
1766333377725961700,2839.013961669922,20.617223739624023,0.3383597135543823,2.7360103130340576,6.776000022888184,0.6087597012519836,24.158039093017578,817.0999755859375,77.5374817,12.9704478
1766333378050856200,2839.338856201172,21.018169403076172,0.3515486419200897,2.7460148334503174,6.750999927520752,0.5878713726997375,18.40595245361328,817.0999755859375,77.5374829,12.9704509
1766333378713059300,2840.001059326172,19.365720748901367,0.30499714612960815,2.7460148334503174,6.730999946594238,0.7043561935424805,13.035575866699219,817.0999755859375,77.5374851,12.9704552
1766333379050798300,2840.338798339844,18.86767578125,0.2901476323604584,2.756014108657837,6.695000171661377,0.7226250767707825,9.662328720092773,817.0999755859375,77.5374858,12.9704589
1766333379432604400,2840.7206044921877,18.910417556762695,0.245798721909523,2.756014108657837,6.677999973297119,0.7784425616264343,7.639927387237549,817.0999755859375,77.5374868,12.9704623
1766333380050474000,2841.3384738769532,19.73044776916504,0.2711544334888458,2.7660109996795654,6.623000144958496,0.7733913064002991,0.8227047324180603,817.0999755859375,77.5374871,12.9704685
1766333380230468400,2841.5184682617187,19.066259384155273,0.2711544334888458,2.7660109996795654,6.605000019073486,0.7733963131904602,359.7806396484375,817.0999755859375,77.537487,12.9704706
1766333380988673500,2842.2766735839846,19.353317260742188,0.26893967390060425,2.7660109996795654,6.613999843597412,0.7934213876724243,357.6051940917969,817.0999755859375,77.5374871,12.9704774
1766333381050865000,2842.3388649902345,19.12616729736328,0.2599066197872162,2.776014804840088,6.604000091552734,0.8058157563209534,356.51397705078125,817.0999755859375,77.5374867,12.9704793
1766333381689472800,2842.97747265625,19.085262298583984,0.2385193258523941,2.776014804840088,6.607999801635742,0.8490697145462036,357.1660461425781,817.0999755859375,77.5374863,12.9704858
1766333382050359300,2843.338359375,18.926345825195312,0.27154672145843506,2.7860097885131836,6.611999988555908,0.8312726616859436,356.55975341796875,817.0999755859375,77.5374853,12.9704905
1766333382832930800,2844.1209309082033,18.896631240844727,0.23285748064517975,2.7860097885131836,6.675000190734863,0.8008718490600586,359.0215759277344,817.0999755859375,77.5374842,12.9704978
1766333383049257200,2844.3372573242186,18.55810546875,0.22882810235023499,2.7959988117218018,6.709000110626221,0.7901743054389954,358.1087951660156,817.0999755859375,77.5374831,12.9705008
1766333383184719400,2844.472719238281,19.02480125427246,0.2588459253311157,1.5474873781204224,6.748000144958496,0.78971266746521,358.1894836425781,817.2999877929688,77.5374827,12.9705017
1766333384049789700,2845.3377897949217,18.85215187072754,0.25772416591644287,1.557492733001709,6.815999984741211,0.7137660384178162,1.319840431213379,817.2999877929688,77.5374814,12.9705113
1766333385049624600,2846.337624511719,18.844335556030273,0.27669641375541687,1.567491054534912,6.922999858856201,0.5840385556221008,0.6141778230667114,817.2999877929688,77.5374812,12.9705137
1766333386049193200,2847.337193115234,18.600984573364258,0.2640612721443176,1.5774867534637451,7.053999900817871,0.4287060797214508,359.2470397949219,817.2999877929688,77.5374803,12.9705163
1766333387049603300,2848.3376032714846,19.25602149963379,0.22298212349414825,1.5874907970428467,7.090000152587891,0.23539422452449799,2.212240695953369,817.2999877929688,77.5374792,12.9705171
1766333387175489300,2848.4634892578124,19.40395164489746,0.22298212349414825,1.5874907970428467,7.104000091552734,0.23278215527534485,1.949944257736206,817.2999877929688,77.5374789,12.9705166
1766333388049392000,2849.337392089844,18.11648941040039,0.172674760222435,1.5974887609481812,6.9730000495910645,0.15445461869239807,358.9141845703125,817.2999877929688,77.5374785,12.9705172
1766333389049866200,2850.3378662109376,15.901211738586426,0.15324044227600098,1.60749351978302,6.803999900817871,0.12589843571186066,355.9693603515625,817.2999877929688,77.5374774,12.9705176
1766333389291477200,2850.579477294922,0,0.10222001373767853,1.60749351978302,6.710000038146973,0.04162020608782768,0,817.2999877929688,77.537477,12.970517
1766333389573813200,2850.861813232422,0,0.12174221873283386,1.8951029777526855,6.6479997634887695,0.05811145529150963,0,817.7999877929688,77.5374768,12.9705167
1766333390049933800,2851.3379338378904,0,0.12237813323736191,1.8951029777526855,6.498000144958496,0.08259885758161545,0,817.7999877929688,77.5374757,12.9705165
1766333390808939500,2852.096939453125,0,0.1268671452999115,1.9051011800765991,6.449999809265137,0.09017795324325562,0,817.7999877929688,77.5374756,12.9705177
1766333391049472800,2852.33747265625,0,0.12393222749233246,1.915099024772644,6.302999973297119,0.08870544284582138,0,817.7999877929688,77.5374749,12.9705188
1766333392049184300,2853.337184326172,17.87698745727539,0.15384416282176971,1.9250961542129517,6.260000228881836,0.13455280661582947,350.8966369628906,817.7999877929688,77.5374746,12.9705207
1766333392131547000,2853.419546875,16.267196655273438,0.15384416282176971,1.9250961542129517,6.1539998054504395,0.1348692774772644,349.8842468261719,817.7999877929688,77.5374746,12.9705211
1766333393049664000,2854.3376640625,16.482505798339844,0.17337781190872192,1.9351009130477905,5.991000175476074,0.14479641616344452,347.3793640136719,817.7999877929688,77.5374736,12.9705234
1766333393125977900,2854.4139777832033,16.482505798339844,0.17337781190872192,1.9351009130477905,5.98199987411499,0.14487013220787048,347.3825988769531,817.7999877929688,77.5374733,12.9705239
1766333393995138300,2855.2831381835936,16.123044967651367,0.1991342306137085,1.9351009130477905,5.979000091552734,0.15735523402690887,358.668701171875,817.7999877929688,77.5374729,12.9705259
1766333394049826000,2855.3378259277342,16.062410354614258,0.20680806040763855,1.945102572441101,5.973999977111816,0.16269166767597198,357.730224609375,817.7999877929688,77.5374723,12.9705269
1766333394893558800,2856.1815588378904,16.3040771484375,0.2490006536245346,1.945102572441101,5.9629998207092285,0.21666322648525238,0.09497543424367905,817.7999877929688,77.5374722,12.9705288
1766333395050143200,2856.338143310547,16.00967025756836,0.2564238905906677,1.9551057815551758,5.961999893188477,0.23531903326511383,358.84033203125,817.7999877929688,77.5374717,12.97053
1766333395651557400,2856.9395573730467,15.980781555175781,0.299157053232193,1.9551057815551758,5.985000133514404,0.30428439378738403,356.2664794921875,817.7999877929688,77.5374715,12.9705328
1766333396049656800,2857.337656738281,16.159093856811523,0.30775612592697144,1.965100884437561,5.999000072479248,0.32469820976257324,353.393310546875,817.7999877929688,77.537471,12.9705351
1766333396081214000,2857.3692138671877,16.254392623901367,0.30775612592697144,1.9450714588165283,6.017000198364258,0.3259694278240204,352.82489013671875,817.2999877929688,77.5374705,12.9705366
1766333396508371700,2857.7963718261717,15.798880577087402,0.3282347619533539,1.9450714588165283,6.026000022888184,0.3822997808456421,351.6368713378906,817.2999877929688,77.5374673,12.970538
1766333397049341400,2858.3373415527344,15.800321578979492,0.3396238386631012,1.9550683498382568,6.050000190734863,0.4376099407672882,353.717529296875,817.2999877929688,77.5374665,12.9705404
1766333397365931000,2858.653930908203,15.764667510986328,0.3136862516403198,1.9550683498382568,6.067999839782715,0.47642382979393005,354.38818359375,817.2999877929688,77.5374656,12.9705425
1766333398049632300,2859.3376323242187,15.808675765991211,0.3133316934108734,1.965071201324463,6.080999851226807,0.49506428837776184,354.57647705078125,817.2999877929688,77.5374647,12.9705466
1766333398195656000,2859.4836560058593,16.277420043945312,0.3299320340156555,1.965071201324463,6.126999855041504,0.5005437135696411,354.9017028808594,817.2999877929688,77.5374644,12.9705478
1766333398876025000,2860.164025146484,15.063823699951172,0.30316048860549927,1.965071201324463,6.1519999504089355,0.6404900550842285,357.6932067871094,817.2999877929688,77.5374636,12.9705539
1766333399049473000,2860.337473144531,14.94638442993164,0.291076123714447,1.9750696420669556,6.183000087738037,0.6642230749130249,357.4745178222656,817.2999877929688,77.5374633,12.9705568
1766333399466280200,2860.7542802734374,15.067855834960938,0.2558322548866272,1.9750696420669556,6.23199987411499,0.7626324892044067,356.72479248046875,817.2999877929688,77.5374633,12.9705619
1766333400028803800,2861.3168039550783,15.630938529968262,0.2846260368824005,1.9750696420669556,6.284999847412109,0.7651782035827637,355.1616516113281,817.2999877929688,77.5374631,12.9705676
1766333400049316400,2861.33731640625,15.571240425109863,0.2771817743778229,1.9850680828094482,6.311999797821045,0.7598830461502075,355.1719055175781,817.2999877929688,77.5374632,12.9705686
1766333400669128700,2861.9571286621094,15.002935409545898,0.2532755136489868,1.9850680828094482,6.379000186920166,0.7955399751663208,354.0390625,817.2999877929688,77.5374632,12.9705742
1766333401050497500,2862.3384975585936,15.130714416503906,0.2532755136489868,1.9950717687606812,6.434000015258789,0.7966150045394897,350.912841796875,817.2999877929688,77.537463,12.9705778
1766333401259999200,2862.5479992675782,13.111220359802246,0.21377447247505188,1.9950717687606812,6.460999965667725,0.7760048508644104,351.7027587890625,817.2999877929688,77.5374633,12.9705801
1766333402049698600,2863.337698486328,14.952811241149902,0.2513982653617859,2.0050718784332275,6.556000232696533,0.741012692451477,353.041015625,817.2999877929688,77.5374629,12.9705866
1766333402470292200,2863.758292236328,15.54451847076416,0.2631766200065613,2.126619815826416,6.5980000495910645,0.7007182240486145,353.0805969238281,817.2999877929688,77.5374629,12.9705873
1766333403049481200,2864.337481201172,15.892261505126953,0.2819608449935913,2.136617660522461,6.651000022888184,0.6163595914840698,349.9312744140625,817.2999877929688,77.5374589,12.970594
1766333404050094600,2865.338094482422,16.10828399658203,0.28115329146385193,2.1466238498687744,6.798999786376953,0.46464353799819946,355.9808349609375,817.2999877929688,77.5374579,12.9705947
1766333405049205500,2866.3372055664063,18.719558715820312,0.21856489777565002,2.1566150188446045,6.824999809265137,0.21299046277999878,5.831717014312744,817.2999877929688,77.5374595,12.9705908
1766333405845641000,2867.1336408691404,16.16655731201172,0.14054104685783386,2.1566150188446045,6.739999771118164,0.1041472777724266,10.191879272460938,817.2999877929688,77.5374607,12.9705858
1766333406049974000,2867.337974121094,16.17259979248047,0.1351238340139389,2.1666226387023926,6.638000011444092,0.10005838423967361,10.631665229797363,817.2999877929688,77.5374612,12.970584
1766333407049870000,2868.3378701171873,15.746370315551758,0.13869278132915497,2.176621675491333,6.452000141143799,0.11048240214586258,9.379401206970215,817.2999877929688,77.5374614,12.9705832
1766333408049842400,2869.3378425292967,0,0.10351835936307907,2.1866214275360107,6.3420000076293945,0.07028497010469437,0,817.2999877929688,77.5374614,12.9705828
1766333408977679400,2870.265679443359,0,0.10213106125593185,3.377765655517578,6.355999946594238,0.07132027298212051,0,817.0999755859375,77.5374612,12.9705824
1766333409049782500,2870.337782470703,0,0.10206133127212524,3.3877649307250977,6.324999809265137,0.07189203798770905,0,817.0999755859375,77.5374631,12.9705789
1766333410049472800,2871.33747265625,17.812406539916992,0.11384446918964386,3.397761821746826,6.179999828338623,0.10022362321615219,15.148301124572754,817.0999755859375,77.5374641,12.9705784
1766333411050162400,2872.3381623535156,16.059894561767578,0.12319022417068481,3.407768726348877,6.196000099182129,0.10524742305278778,14.53659725189209,817.0999755859375,77.5374645,12.9705782
1766333411594344000,2872.8823439941407,0,0.10566482692956924,3.407768726348877,6.214000225067139,0.07663996517658234,0,817.0999755859375,77.5374648,12.9705773
1766333412049480700,2873.3374807128907,0,0.10645660012960434,3.417762041091919,6.185999870300293,0.07828042656183243,0,817.0999755859375,77.5374651,12.9705772
1766333412588810200,2873.876810302734,0,0.09271307289600372,3.417762041091919,6.247000217437744,0.04159751906991005,0,817.0999755859375,77.5374649,12.9705768
1766333413049318100,2874.337318115234,0,0.11905749142169952,3.427760362625122,6.258999824523926,0.08701375871896744,0,817.0999755859375,77.5374648,12.9705769
1766333413367797000,2874.655796875,0,0.11035118252038956,3.427760362625122,6.296000003814697,0.07562029361724854,0,817.0999755859375,77.537465,12.9705766
1766333414009785000,2875.29778515625,21.350683212280273,0.13511717319488525,3.427760362625122,6.316999912261963,0.11272783577442169,6.115947246551514,817.0999755859375,77.5374653,12.9705767
1766333414049273300,2875.3372734375,21.339033126831055,0.13465948402881622,3.4377598762512207,6.322999954223633,0.11329073458909988,6.036695957183838,817.0999755859375,77.5374654,12.9705769
1766333414611065600,2875.8990656738283,0,0.11196161806583405,3.4377598762512207,6.336999893188477,0.07580965757369995,0,817.0999755859375,77.5374661,12.9705771
1766333415049310500,2876.337310546875,18.511581420898438,0.1387588083744049,3.4477601051330566,6.328000068664551,0.11759915202856064,6.270931243896484,817.0999755859375,77.5374666,12.9705776
1766333415233185000,2876.521185058594,18.55525779724121,0.1387588083744049,3.4477601051330566,6.329999923706055,0.11813251674175262,6.544300556182861,817.0999755859375,77.5374669,12.9705779
1766333415366740000,2876.6547399902342,0,0.151388019323349,2.749661445617676,6.324999809265137,0.09776198863983154,0,817.2999877929688,77.5374669,12.9705783
1766333415971838200,2877.2598381347657,19.081453323364258,0.1596754491329193,2.749661445617676,6.320000171661377,0.11747802793979645,5.013911724090576,817.2999877929688,77.5374673,12.9705803
1766333416049209000,2877.337208984375,19.07261085510254,0.16191160678863525,2.759660482406616,6.309999942779541,0.1214456781744957,4.930290222167969,817.2999877929688,77.5374675,12.9705807
1766333416565503200,2877.853503173828,21.138212203979492,0.221810445189476,2.759660482406616,6.327000141143799,0.1354232281446457,7.362208366394043,817.2999877929688,77.5374675,12.9705815
1766333417049493000,2878.3374929199217,20.693378448486328,0.22585415840148926,2.7696633338928223,6.354000091552734,0.17726892232894897,9.235539436340332,817.2999877929688,77.5374679,12.9705829
1766333417234515700,2878.522515625,20.632991790771484,0.22585415840148926,2.7696633338928223,6.373000144958496,0.18164978921413422,9.170716285705566,817.2999877929688,77.5374681,12.9705835
1766333417815557400,2879.103557373047,18.412696838378906,0.3319683372974396,2.7696633338928223,6.456999778747559,0.3049262762069702,11.075873374938965,817.2999877929688,77.5374689,12.9705886
1766333418049611300,2879.337611328125,18.221969604492188,0.35051894187927246,2.7796645164489746,6.559000015258789,0.3748576045036316,12.094396591186523,817.2999877929688,77.5374698,12.9705924
1766333418495068200,2879.7830681152345,15.958503723144531,0.3796220123767853,2.7796645164489746,6.730999946594238,0.5588514804840088,14.101875305175781,817.2999877929688,77.5374719,12.9706008
1766333419049426700,2880.3374267578124,15.643548965454102,0.3825214207172394,2.7896625995635986,6.933000087738037,0.6227767467498779,11.239556312561035,817.2999877929688,77.5374743,12.9706087
1766333419155848400,2880.443848388672,15.643548965454102,0.3825214207172394,2.7896625995635986,7.060999870300293,0.634168803691864,10.94392204284668,817.2999877929688,77.5374752,12.9706116
1766333420050161700,2881.3381616210936,14.936402320861816,0.3119690716266632,2.7996699810028076,7.3460001945495605,0.7248037457466125,5.078078269958496,817.2999877929688,77.5374783,12.9706221
1766333420496672500,2881.7846726074217,15.894947052001953,0.2856963276863098,2.7996699810028076,7.573999881744385,0.6761124730110168,3.475576639175415,817.2999877929688,77.5374798,12.9706266
1766333421050180000,2882.3381801757814,14.986154556274414,0.3033246695995331,2.8096702098846436,7.956999778747559,0.6673111319541931,359.2279357910156,817.2999877929688,77.5374813,12.9706315
1766333421282529000,2882.5705290527344,14.910893440246582,0.2530602216720581,6.176003456115723,8.041000366210938,0.6542372703552246,356.4052429199219,817.7999877929688,77.5374819,12.9706324
1766333421660526000,2882.948526123047,15.179465293884277,0.27910736203193665,6.176003456115723,8.241999626159668,0.637088418006897,344.3479309082031,817.7999877929688,77.5374826,12.9706364
1766333422049693400,2883.337693359375,15.708402633666992,0.29546213150024414,6.185998439788818,8.437999725341797,0.6732441186904907,336.6966857910156,817.7999877929688,77.5374826,12.970637
1766333422202487600,2883.4904875488282,15.448470115661621,0.29546213150024414,6.185998439788818,8.479999542236328,0.6790754795074463,334.0903015136719,817.7999877929688,77.5374825,12.9706372
1766333423049708500,2884.337708496094,14.708867073059082,0.26736781001091003,6.195998668670654,8.807000160217285,0.5650341510772705,322.15789794921875,817.7999877929688,77.5374811,12.9706391
1766333423681228800,2884.9692287597654,15.392634391784668,0.2691369354724884,6.195998668670654,8.845000267028809,0.46504631638526917,318.2820129394531,817.7999877929688,77.5374797,12.9706392
1766333424050168300,2885.3381682128907,16.21823501586914,0.25978556275367737,6.206003189086914,8.861000061035156,0.4380754232406616,316.722412109375,817.7999877929688,77.537479,12.9706392
1766333425049867000,2886.3378669433596,15.273529052734375,0.2608327567577362,6.216000080108643,8.871999740600586,0.384848952293396,315.2257080078125,817.7999877929688,77.537477,12.9706401
1766333425692413200,2886.9804130859375,15.690499305725098,0.25714224576950073,6.216000080108643,8.87600040435791,0.3476848006248474,311.1673278808594,817.7999877929688,77.537476,12.9706401
1766333426049384700,2887.337384765625,15.781405448913574,0.26095080375671387,6.2259955406188965,8.880999565124512,0.3613387942314148,309.6343078613281,817.7999877929688,77.5374752,12.9706405
1766333426482000400,2887.7700004882813,16.01511573791504,0.27689453959465027,6.2259955406188965,8.868000030517578,0.4568391442298889,309.15777587890625,817.7999877929688,77.5374734,12.9706425
1766333427050005800,2888.338005859375,16.06941032409668,0.28270745277404785,6.236001491546631,8.852999687194824,0.4768891930580139,302.4208984375,817.7999877929688,77.5374707,12.9706449
1766333427596033300,2888.884033203125,16.38436508178711,0.280988484621048,4.025739669799805,8.803999900817871,0.5596539378166199,298.17034912109375,817.2999877929688,77.5374665,12.9706461
1766333428049629400,2889.337629394531,17.742826461791992,0.2761806845664978,4.035736083984375,8.770000457763672,0.5481799840927124,299.2406921386719,817.2999877929688,77.5374633,12.9706471
1766333428138119000,2889.4261188964842,17.836559295654297,0.3012690842151642,4.035736083984375,8.76099967956543,0.5604430437088013,299.520751953125,817.2999877929688,77.5374625,12.9706472
1766333428818504200,2890.1065041503907,16.515195846557617,0.29478225111961365,4.035736083984375,8.736000061035156,0.670143723487854,302.7850341796875,817.2999877929688,77.5374583,12.9706503
1766333429049322800,2890.3373227539064,16.380491256713867,0.29152852296829224,4.0457329750061035,8.710000038146973,0.653961718082428,302.6909484863281,817.2999877929688,77.5374567,12.9706514
1766333430049681400,2891.337681396484,17.64582061767578,0.27045899629592896,4.055736541748047,8.673999786376953,0.7882775068283081,293.76763916015625,817.2999877929688,77.5374494,12.9706554
1766333430376212500,2891.6642124023438,17.302627563476562,0.17139500379562378,4.055736541748047,8.621000289916992,0.8316453695297241,292.4847412109375,817.2999877929688,77.5374462,12.9706571
1766333431050116400,2892.3381164550783,17.736242294311523,0.25411978363990784,4.065741062164307,8.508000373840332,0.8264515399932861,287.7913513183594,817.2999877929688,77.5374406,12.9706586
1766333432049330200,2893.337330078125,17.581016540527344,0.22861647605895996,4.075733184814453,8.437000274658203,0.7502349019050598,281.6949462890625,817.2999877929688,77.5374331,12.9706598
1766333433049453600,2894.3374536132815,16.220510482788086,0.22808954119682312,4.0857343673706055,8.345000267028809,0.708633303642273,282.7779846191406,817.2999877929688,77.5374258,12.9706596
1766333433196196400,2894.4841962890623,16.087566375732422,0.22808954119682312,4.0857343673706055,8.288999557495117,0.7063969373703003,283.29754638671875,817.2999877929688,77.5374247,12.9706594
1766333433469036300,2894.7570363769532,16.147117614746094,0.21858280897140503,5.70379114151001,8.303000450134277,0.7069804668426514,283.90576171875,825.7000122070312,77.5374239,12.9706595
1766333434049371100,2895.33737109375,16.213708877563477,0.26705724000930786,5.713789939880371,8.255000114440918,0.7069178223609924,284.4060363769531,825.7000122070312,77.5374143,12.9706605
1766333434418928400,2895.706928466797,15.692381858825684,0.20249566435813904,5.713789939880371,8.258999824523926,0.7165402173995972,285.9517822265625,825.7000122070312,77.5374136,12.9706604
1766333434862035500,2896.1500354003906,16.244007110595703,0.24594631791114807,5.713789939880371,8.277000427246094,0.7099113464355469,286.6145935058594,825.7000122070312,77.5374114,12.9706609
1766333435049188600,2896.337188720703,16.497018814086914,0.27072060108184814,5.723788261413574,8.277999877929688,0.6990450620651245,285.3888854980469,825.7000122070312,77.5374104,12.9706603
1766333436049986600,2897.3379865722654,16.000198364257812,0.26644667983055115,5.733796119689941,8.288999557495117,0.6501114964485168,276.5299987792969,825.7000122070312,77.5374046,12.97066
1766333437317785000,2898.60578515625,18.31700897216797,0.27523359656333923,5.733796119689941,8.310999870300293,0.4655265510082245,278.4918212890625,825.7000122070312,77.5374012,12.9706607
1766333438036809000,2899.324809082031,18.468364715576172,0.2959042191505432,5.733796119689941,8.35099983215332,0.46638673543930054,293.3919677734375,825.7000122070312,77.5373994,12.9706615
1766333438049690600,2899.337690673828,17.79722023010254,0.2815846800804138,5.753793239593506,8.236000061035156,0.45275217294692993,290.2192687988281,825.7000122070312,77.5374002,12.9706535
1766333438816631600,2900.104631591797,17.858901977539062,0.3185797333717346,5.753793239593506,8.140000343322754,0.45145389437675476,305.7244873046875,825.7000122070312,77.5373972,12.9706491
1766333439049193500,2900.337193359375,15.658931732177734,0.3226233720779419,5.763788223266602,7.966000080108643,0.45090240240097046,307.771484375,825.7000122070312,77.5373969,12.970641
1766333439266489000,2900.554489013672,15.699837684631348,0.3200138807296753,7.565609455108643,7.823999881744385,0.4754599630832672,311.24310302734375,825.7000122070312,77.5373962,12.9706387
1766333439496349000,2900.784348876953,15.536231994628906,0.3211335837841034,7.565609455108643,7.553999900817871,0.5480427742004395,314.05352783203125,825.7000122070312,77.537384,12.970629
1766333439960460500,2901.248460449219,14.516711235046387,0.3356880843639374,7.565609455108643,7.335999965667725,0.5537047982215881,325.77557373046875,825.7000122070312,77.5373817,12.9706282
1766333440050187000,2901.3381870117187,12.955615043640137,0.32822751998901367,7.575619220733643,7.129000186920166,0.5564044713973999,328.6517639160156,825.7000122070312,77.5373815,12.9706274
1766333440580680000,2901.8686799316406,12.8546781539917,0.29063108563423157,7.575619220733643,7.058000087738037,0.5724431276321411,334.814208984375,825.7000122070312,77.5373796,12.9706293
1766333441049852700,2902.3378527832033,14.816457748413086,0.302418053150177,7.585616111755371,7.000999927520752,0.6098664402961731,335.97003173828125,825.7000122070312,77.5373782,12.970631
1766333441201722400,2902.4897224121096,13.571582794189453,0.302418053150177,7.585616111755371,6.835999965667725,0.6154353022575378,336.0809020996094,825.7000122070312,77.5373778,12.9706316
1766333441735422500,2903.023422363281,180,0.28015023469924927,7.585616111755371,6.816999912261963,0.7025477290153503,43.22736740112305,825.7000122070312,77.5373765,12.9706334
1766333442049582300,2903.3375822753906,180,0.3097127079963684,7.5956130027771,6.802999973297119,0.7585407495498657,53.5132942199707,825.7000122070312,77.5373771,12.9706332
1766333442237065500,2903.5250654296874,180,0.3097127079963684,7.5956130027771,6.822000026702881,0.7515865564346313,58.487457275390625,825.7000122070312,77.5373772,12.9706329
1766333443049452500,2904.337452636719,180,0.26654502749443054,7.605611801147461,6.572000026702881,0.8209364414215088,66.33257293701172,825.7000122070312,77.5373774,12.9706342
1766333443459130400,2904.7471303710936,93.7667465209961,0.22461162507534027,7.605611801147461,6.585999965667725,0.8249680399894714,41.174312591552734,825.7000122070312,77.5373761,12.9706374
1766333444049252600,2905.337252685547,96.24938201904297,0.2545171082019806,7.615609645843506,6.638999938964844,0.7263272404670715,20.11077880859375,825.7000122070312,77.5373747,12.9706398
1766333444198697200,2905.486697265625,96.24938201904297,0.2545171082019806,7.615609645843506,6.736000061035156,0.7071707248687744,5.420942306518555,825.7000122070312,77.537373,12.9706401
1766333444634829300,2905.922829345703,69.5499038696289,0.24455608427524567,7.615609645843506,6.9019999504089355,0.8009176254272461,353.4696044921875,825.7000122070312,77.5373712,12.9706437
1766333444708992800,2905.9969926757813,69.90178680419922,0.24455608427524567,7.903840065002441,7.000999927520752,0.8925873041152954,339.16510009765625,825.7000122070312,77.5373686,12.9706451
1766333445050005000,2906.3380048828126,81.34217834472656,0.2722545266151428,7.91384744644165,7.1479997634887695,0.8833624720573425,326.88763427734375,825.7000122070312,77.537361,12.9706418
1766333445313046000,2906.6010458984374,54.10209274291992,0.20432312786579132,7.91384744644165,7.289000034332275,0.9484508633613586,330.76715087890625,825.7000122070312,77.5373596,12.9706448
1766333445865231600,2907.153231689453,54.5966911315918,0.2490096241235733,7.91384744644165,7.46999979019165,0.9561201333999634,329.4924011230469,825.7000122070312,77.5373572,12.9706487
1766333446049820700,2907.3378205566405,57.28059387207031,0.27380073070526123,7.9238457679748535,7.570000171661377,0.9585941433906555,329.4054870605469,825.7000122070312,77.5373564,12.9706498
1766333447049620200,2908.3376201171877,42.02851486206055,0.2582206726074219,7.933843612670898,8.057999610900879,0.9426468014717102,340.7076721191406,825.7000122070312,77.537353,12.9706582
1766333447146971400,2908.4349714355467,42.978939056396484,0.3013469874858856,7.933843612670898,8.14900016784668,0.9280386567115784,343.1241149902344,825.7000122070312,77.537353,12.9706593
1766333447847509500,2909.1355095214844,33.83091735839844,0.25779980421066284,7.933843612670898,8.34000015258789,0.8311577439308167,345.22442626953125,825.7000122070312,77.5373519,12.9706653
1766333448049217500,2909.337217529297,34.05348587036133,0.2503258287906647,7.9438395500183105,8.38700008392334,0.8226152062416077,346.77813720703125,825.7000122070312,77.5373519,12.9706671
1766333448331029000,2909.6190290527343,30.38732147216797,0.21551553905010223,7.9438395500183105,8.52400016784668,0.8170886635780334,350.3978271484375,825.7000122070312,77.5373518,12.97067
1766333449049869300,2910.337869384766,29.986942291259766,0.24639329314231873,7.953846454620361,8.723999977111816,0.8175432085990906,1.3975958824157715,825.7000122070312,77.537352,12.9706761
1766333449262559000,2910.550559082031,27.923124313354492,0.24759170413017273,7.953846454620361,8.788000106811523,0.7954816222190857,3.4946959018707275,825.7000122070312,77.5373522,12.9706788
1766333450027363300,2911.31536328125,26.68152618408203,0.29361769556999207,7.953846454620361,8.861000061035156,0.7910360097885132,359.94354248046875,825.7000122070312,77.5373525,12.9706851
1766333450049783600,2911.337783447266,26.51377296447754,0.28485360741615295,7.963845252990723,8.852999687194824,0.7899272441864014,359.7368469238281,825.7000122070312,77.5373529,12.9706857
1766333450388126000,2911.6761259765626,25.406906127929688,0.28675737977027893,3.540601968765259,8.855999946594238,0.8016330599784851,0.9530476331710815,822.8999633789062,77.5373531,12.9706865
1766333450647449900,2911.935449951172,21.277997970581055,0.2769034206867218,3.540601968765259,8.833999633789062,0.8282281160354614,359.2520751953125,822.8999633789062,77.5373419,12.9706972
1766333450883848700,2912.1718486328127,21.185230255126953,0.2769034206867218,3.540601968765259,8.725000381469727,0.8285373449325562,2.894620180130005,822.8999633789062,77.5373396,12.9706979
1766333451049462800,2912.337462890625,21.68221664428711,0.31144192814826965,3.5505988597869873,8.628000259399414,0.8372561931610107,5.699261665344238,822.8999633789062,77.5373395,12.9706985
1766333451929792000,2913.2177919921874,21.482479095458984,0.3386736512184143,3.5505988597869873,8.538999557495117,0.7819632887840271,354.8130187988281,822.8999633789062,77.5373397,12.9707046
1766333452050088400,2913.3380883789064,21.962215423583984,0.3295735716819763,3.560605049133301,8.428999900817871,0.7875260710716248,351.1418151855469,822.8999633789062,77.5373404,12.9707053
1766333452363337200,2913.651337158203,21.442596435546875,0.34646764397621155,3.560605049133301,8.3100004196167,0.6858116984367371,348.92529296875,822.8999633789062,77.5373411,12.9707063
1766333452885197800,2914.173197753906,180,0.36059728264808655,3.560605049133301,8.208999633789062,0.7511450052261353,35.85854721069336,822.8999633789062,77.5373418,12.9707073
1766333453049851400,2914.3378513183593,180,0.3515567481517792,3.5706026554107666,8.11400032043457,0.7972535490989685,46.61436462402344,822.8999633789062,77.5373436,12.9707072
1766333454049703000,2915.3377028808595,105.09392547607422,0.39686721563339233,3.580601215362549,7.974999904632568,0.7038492560386658,41.345088958740234,822.8999633789062,77.5373485,12.9707079
1766333454088139800,2915.376139892578,105.27696228027344,0.39686721563339233,3.580601215362549,7.885000228881836,0.6705890893936157,38.92778015136719,822.8999633789062,77.5373485,12.9707067
1766333455049368600,2916.3373686523437,180,0.38707828521728516,3.5905978679656982,7.711999893188477,0.630769670009613,51.52804946899414,822.8999633789062,77.5373515,12.9707072
1766333455372350700,2916.660350830078,111.21393585205078,0.31575101613998413,3.5905978679656982,7.574999809265137,0.3551326096057892,63.51002502441406,822.8999633789062,77.5373504,12.9707035
1766333456049869300,2917.337869384766,111.22993469238281,0.352929025888443,3.600602865219116,7.59499979019165,0.3516710698604584,68.27589416503906,822.8999633789062,77.5373516,12.9707025
1766333456387342000,2917.6753420410155,109.6847152709961,0.2285667508840561,3.600602865219116,7.506999969482422,0.20467445254325867,62.00418472290039,822.8999633789062,77.5373501,12.9707007
1766333457027824600,2918.3158247070314,109.70586395263672,0.22778309881687164,10.627385139465332,7.380000114440918,0.1957741379737854,71.45079803466797,825.7000122070312,77.5373484,12.9706965
1766333457049598700,2918.3375986328124,106.46890258789062,0.24510633945465088,10.637382507324219,7.294000148773193,0.20872440934181213,72.59297180175781,825.7000122070312,77.5373484,12.9706956
1766333457785941200,2919.0739411621093,102.76559448242188,0.22812753915786743,10.637382507324219,7.158999919891357,0.20979169011116028,68.906005859375,825.7000122070312,77.5373492,12.9706951
1766333458049205200,2919.3372053222656,99.98396301269531,0.2670728266239166,10.647378921508789,7.058000087738037,0.2573549747467041,70.18196105957031,825.7000122070312,77.5373502,12.9706957
1766333458427061200,2919.715061279297,98.94246673583984,0.2776530385017395,10.647378921508789,6.9720001220703125,0.2854568362236023,65.3807601928711,825.7000122070312,77.5373511,12.9706962
1766333459049942800,2920.3379428710937,96.06705474853516,0.3106464147567749,10.65738582611084,6.9070000648498535,0.36177319288253784,64.05553436279297,825.7000122070312,77.5373531,12.9706979
1766333459126491100,2920.4144912109373,96.06705474853516,0.3106464147567749,10.65738582611084,6.8429999351501465,0.37724560499191284,63.31656265258789,825.7000122070312,77.5373534,12.9706984
1766333459807626200,2921.0956262207033,93.03897857666016,0.2881109118461609,10.65738582611084,6.90500020980835,0.4341248571872711,57.76668930053711,825.7000122070312,77.5373557,12.9706998
1766333460049866800,2921.337866699219,85.48593139648438,0.2829325199127197,10.66738510131836,6.900000095367432,0.4781528413295746,57.06357955932617,825.7000122070312,77.5373575,12.9707014
1766333460685109800,2921.973109863281,83.59586334228516,0.24552178382873535,10.66738510131836,6.986000061035156,0.5386401414871216,54.334495544433594,825.7000122070312,77.5373603,12.9707035
1766333461049417700,2922.337417724609,75.90666961669922,0.26028895378112793,10.677380561828613,7.0879998207092285,0.5874549150466919,53.07854461669922,825.7000122070312,77.5373627,12.9707059
1766333461364576000,2922.6525759277342,72.87733459472656,0.2382190227508545,10.677380561828613,7.179999828338623,0.6068128347396851,49.8986930847168,825.7000122070312,77.5373641,12.9707078
1766333462067168300,2923.3551682128905,73.37017822265625,0.2671283483505249,10.677380561828613,7.553999900817871,0.6043151021003723,47.412513732910156,825.7000122070312,77.5373664,12.9707103
1766333462091439600,2923.3794396972658,66.44695281982422,0.270405113697052,14.255887985229492,7.660999774932861,0.619722843170166,46.03384017944336,825.7000122070312,77.5373683,12.9707141
1766333462745163300,2924.033163330078,74.9963150024414,0.22769001126289368,14.255887985229492,7.784999847412109,0.664861798286438,37.06497573852539,825.7000122070312,77.5373659,12.9707147
1766333463049692000,2924.3376918945314,67.17089080810547,0.22146426141262054,14.265887260437012,8.12399959564209,0.6793020367622375,35.2510871887207,825.7000122070312,77.5373659,12.9707167
1766333463525619000,2924.8136188964845,66.60008239746094,0.2040388286113739,14.265887260437012,8.366999626159668,0.6685532927513123,31.447935104370117,825.7000122070312,77.5373662,12.9707196
1766333464049368800,2925.3373688964843,57.84632873535156,0.23701399564743042,14.275884628295898,8.46399974822998,0.6692932844161987,29.253406524658203,825.7000122070312,77.5373675,12.9707243
1766333464302845000,2925.590844970703,54.519866943359375,0.2318733185529709,14.275884628295898,8.788999557495117,0.6242239475250244,27.42558479309082,825.7000122070312,77.5373675,12.9707268
1766333465049488100,2926.3374880371093,48.74856948852539,0.2541082501411438,14.28588581085205,8.972000122070312,0.6313138604164124,26.936031341552734,825.7000122070312,77.5373692,12.9707334
1766333465088587800,2926.376587890625,48.74856948852539,0.2541082501411438,14.28588581085205,9.147000312805176,0.6319701671600342,26.880369186401367,825.7000122070312,77.5373692,12.9707348
1766333465762203600,2927.050203613281,46.40409469604492,0.23424193263053894,14.28588581085205,9.315999984741211,0.618721604347229,18.63473892211914,825.7000122070312,77.5373702,12.9707396
1766333466049339100,2927.337339111328,39.789772033691406,0.2608219087123871,14.295884132385254,9.345999717712402,0.6237878799438477,12.087146759033203,825.7000122070312,77.5373706,12.9707439
1766333466613430500,2927.901430419922,39.498565673828125,0.25431668758392334,14.295884132385254,9.559000015258789,0.5847585201263428,6.853409767150879,825.7000122070312,77.5373709,12.9707486
1766333467050011600,2928.33801171875,35.07843017578125,0.25084400177001953,14.305891036987305,9.545999526977539,0.5990392565727234,3.930927276611328,825.7000122070312,77.5373712,12.970754
1766333467370362400,2928.6583623046877,33.69906997680664,0.22212916612625122,14.305891036987305,9.550999641418457,0.4931682050228119,5.148890495300293,825.7000122070312,77.5373712,12.9707566
1766333467888930800,2929.1769309082033,33.612579345703125,0.25560376048088074,7.391723155975342,9.541000366210938,0.4863286018371582,7.711373329162598,825.7000122070312,77.5373713,12.9707575
1766333468049550300,2929.337550292969,30.80146598815918,0.25163859128952026,7.401718616485596,9.505999565124512,0.49566081166267395,4.050181865692139,825.7000122070312,77.537366,12.9707653
1766333468259660000,2929.5476599121093,30.92241096496582,0.22563773393630981,7.401718616485596,9.463000297546387,0.44372260570526123,3.4767239093780518,825.7000122070312,77.5373641,12.9707648
1766333468907399700,2930.1953996582033,30.86872100830078,0.27797210216522217,7.401718616485596,9.418000221252441,0.4489947259426117,6.026064395904541,825.7000122070312,77.5373632,12.9707666
1766333469049478700,2930.3374787597654,26.93842887878418,0.2743520140647888,7.411717891693115,9.32800006866455,0.4737394452095032,7.405525207519531,825.7000122070312,77.537363,12.9707687
1766333469745852000,2931.0338518066405,28.504133224487305,0.26927849650382996,7.411717891693115,9.255999565124512,0.40833956003189087,18.02420997619629,825.7000122070312,77.5373633,12.9707715
1766333470050174200,2931.3381743164064,24.93381690979004,0.28902575373649597,7.421724796295166,9.145000457763672,0.4406570494174957,17.841014862060547,825.7000122070312,77.5373642,12.9707748
1766333470189577000,2931.4775769042967,27.1827392578125,0.28902575373649597,7.421724796295166,9.03600025177002,0.44651928544044495,16.03459930419922,825.7000122070312,77.5373646,12.9707764
1766333471049905200,2932.3379052734376,24.35502815246582,0.2499115914106369,7.431722164154053,8.739999771118164,0.3574032485485077,347.1611328125,825.7000122070312,77.5373663,12.970781
1766333471708043800,2932.996043701172,180,0.25070661306381226,7.431722164154053,8.569999694824219,0.3199023902416229,47.53962707519531,825.7000122070312,77.5373666,12.9707814
1766333472049938000,2933.3379379882813,180,0.26483550667762756,7.441722393035889,8.484000205993652,0.334137886762619,64.5981674194336,825.7000122070312,77.5373674,12.9707833
1766333472230687500,2933.5186875,180,0.28384172916412354,7.441722393035889,8.336000442504883,0.33245620131492615,72.50801086425781,825.7000122070312,77.5373678,12.970784
1766333473050131200,2934.3381311035155,180,0.256218284368515,7.451724529266357,8.137999534606934,0.2670786380767822,80.47760772705078,825.7000122070312,77.5373685,12.9707854
1766333473676514300,2934.964514404297,180,0.17058122158050537,7.405881404876709,8.083999633789062,0.19093193113803864,84.85169219970703,825.7000122070312,77.5373677,12.9707851
1766333474049468700,2935.33746875,108.91340637207031,0.1945357769727707,7.41587495803833,7.849999904632568,0.1818581223487854,314.7232666015625,825.7000122070312,77.5373632,12.9707917
1766333474488656600,2935.7766567382814,180,0.1314016580581665,7.41587495803833,7.7210001945495605,0.10530833154916763,72.4131851196289,825.7000122070312,77.5373615,12.9707926
1766333475049841400,2936.337841308594,109.7074203491211,0.17071783542633057,7.425878524780273,7.568999767303467,0.14883093535900116,349.3324890136719,825.7000122070312,77.5373609,12.9707948
1766333475188314400,2936.476314453125,108.91741943359375,0.1858193576335907,7.425878524780273,7.464000225067139,0.16760079562664032,345.107421875,825.7000122070312,77.5373603,12.9707956
1766333476049469700,2937.3374697265626,180,0.16009347140789032,7.435874938964844,7.331999778747559,0.14241448044776917,72.85482788085938,825.7000122070312,77.5373602,12.9707984
1766333476163479300,2937.451479248047,180,0.16009347140789032,7.435874938964844,7.244999885559082,0.1434069126844406,81.97000122070312,825.7000122070312,77.5373604,12.970799
1766333477050071300,2938.3380712890626,180,0.1857437640428543,7.445880889892578,7.063000202178955,0.1733652651309967,87.84993743896484,825.7000122070312,77.5373607,12.9708014
1766333477682380800,2938.970380859375,180,0.16707254946231842,7.445880889892578,6.968999862670898,0.13374705612659454,89.3273696899414,825.7000122070312,77.537361,12.9708025
1766333478049976000,2939.3379760742187,180,0.17903125286102295,7.4558796882629395,6.935999870300293,0.14685721695423126,89.65648651123047,825.7000122070312,77.5373608,12.9708046
1766333478904950000,2940.192949951172,180,0.21084685623645782,7.4558796882629395,6.868000030517578,0.16746626794338226,89.8449478149414,825.7000122070312,77.5373615,12.9708059
1766333479049462800,2940.337462890625,180,0.2277698516845703,7.465874671936035,6.8480000495910645,0.18893854320049286,89.80635833740234,825.7000122070312,77.5373614,12.9708078
1766333479582397700,2940.870397705078,180,0.19789035618305206,4.208018779754639,6.840000152587891,0.1730349063873291,89.84422302246094,816.5,77.537361,12.9708086
1766333479891694600,2941.179694580078,180,0.20633724331855774,4.208018779754639,6.800000190734863,0.1856963038444519,89.93895721435547,816.5,77.5373614,12.97081
1766333479937342000,2941.2253420410157,180,0.20633724331855774,4.218023777008057,6.789999961853027,0.18596115708351135,89.95928955078125,816.5,77.5373609,12.9708102
1766333480633141000,2941.9211411132815,111.89878845214844,0.25148695707321167,4.218023777008057,6.789999961853027,0.1985020935535431,25.452699661254883,816.5,77.5373608,12.97081
1766333480946276900,2942.2342768554686,110.63716125488281,0.26454395055770874,4.218023777008057,6.817999839782715,0.22578836977481842,13.491936683654785,816.5,77.5373605,12.9708101
1766333481547672800,2942.8356728515623,106.06494903564453,0.2639559507369995,4.218023777008057,6.860000133514404,0.2363589107990265,5.0752997398376465,816.5,77.5373605,12.9708107
1766333482051229000,2943.3392290039064,106.36898803710938,0.26816120743751526,4.218023777008057,6.919000148773193,0.2571791112422943,7.008424758911133,816.5,77.5373603,12.9708111
1766333482691520800,2943.9795207519533,104.29145812988281,0.27415943145751953,4.218023777008057,6.998000144958496,0.24876096844673157,14.79793930053711,816.5,77.53736,12.9708116
1766333483588992300,2944.8769921875,180,0.2093290388584137,4.218023777008057,7.052999973297119,0.17752616107463837,65.9737319946289,816.5,77.5373595,12.9708113
1766333484043428000,2945.3314279785154,180,0.21731524169445038,4.218023777008057,7.103000164031982,0.18462908267974854,80.8003921508789,816.5,77.5373592,12.9708108
1766333484683213000,2945.9712131347655,180,0.20463265478610992,4.218023777008057,7.159999847412109,0.17041172087192535,86.90058898925781,816.5,77.5373591,12.9708103
1766333485106993200,2946.3949931640627,180,0.22606413066387177,4.218023777008057,7.245999813079834,0.1901719719171524,88.7943115234375,816.5,77.537359,12.97081
1766333485498125300,2946.7861252441407,180,0.24645762145519257,5.034285068511963,7.264999866485596,0.2057536244392395,89.20992279052734,819.1416015625,77.5373584,12.9708099
1766333485727971800,2947.015971923828,180,0.24645762145519257,5.034285068511963,7.306000232696533,0.22650760412216187,89.83737182617188,819.1416015625,77.5373589,12.9708098
1766333486673927200,2947.9619272460936,180,0.3053942024707794,5.034285068511963,7.388999938964844,0.3507215976715088,89.93836212158203,819.1416015625,77.5373593,12.9708098
1766333487414944300,2948.7029443359374,105.36634063720703,0.33381885290145874,5.034285068511963,7.48799991607666,0.5833993554115295,25.902729034423828,819.1416015625,77.5373601,12.9708118
1766333487966265600,2949.254265625,102.90410614013672,0.3467857539653778,5.034285068511963,7.6020002365112305,0.6039157509803772,14.560701370239258,819.1416015625,77.5373601,12.9708132
1766333488050061300,2949.3380612792967,101.63279724121094,0.34673789143562317,93.4883804321289,7.679999828338623,0.599719226360321,8.656981468200684,830.7999877929688,77.5373593,12.9708137
1766333488587058700,2949.87505859375,73.03363037109375,0.2941973805427551,93.4883804321289,7.815000057220459,0.7735992074012756,2.1006548404693604,830.7999877929688,77.5373585,12.9708173
1766333489031597600,2950.31959765625,75.87649536132812,0.3118072748184204,93.4883804321289,8.006999969482422,0.8056917190551758,0.5350786447525024,830.7999877929688,77.5373578,12.9708202
1766333489049868500,2950.337868652344,67.38732147216797,0.31133851408958435,6.933181285858154,8.170999526977539,0.8111857175827026,359.24029541015625,821.3709716796875,77.5373568,12.9708212
1766333489712602000,2951.0006020507813,56.7369384765625,0.2815196216106415,6.933181285858154,8.373000144958496,0.9035427570343018,0.2652851343154907,821.3709716796875,77.5373552,12.9708272
1766333490049712400,2951.3377124023436,54.20162582397461,0.3069072961807251,5.450987339019775,8.437999725341797,0.9130153059959412,0.30888912081718445,821.4443359375,77.5373533,12.9708321
1766333490164695600,2951.4526955566407,54.00943374633789,0.3069072961807251,5.450987339019775,8.611000061035156,0.9149084687232971,0.22970238327980042,821.4443359375,77.5373523,12.9708341
1766333490884824800,2952.172824951172,45.732017517089844,0.25700950622558594,5.450987339019775,8.812999725341797,0.9935889840126038,1.5441526174545288,821.4443359375,77.5373519,12.9708414
1766333491058893600,2952.3468935546875,45.7218017578125,0.25700950622558594,12.40660285949707,8.89900016784668,0.9986564517021179,1.8193460702896118,825.7000122070312,77.5373517,12.9708422
1766333491328041500,2952.616041503906,45.8026237487793,0.20875906944274902,12.40660285949707,8.987000465393066,1.0507138967514038,1.8925676345825195,825.7000122070312,77.5373507,12.9708498
1766333492067338500,2953.3553383789063,46.24510955810547,0.26470205187797546,12.40660285949707,9.222999572753906,1.0558078289031982,1.014439582824707,825.7000122070312,77.5373502,12.9708512
1766333492433344500,2953.721344482422,39.65504837036133,0.24165192246437073,12.40660285949707,9.434000015258789,1.0827525854110718,1.5061959028244019,825.7000122070312,77.5373507,12.970853
1766333493152767700,2954.4407678222656,39.682064056396484,0.27798986434936523,12.40660285949707,9.8100004196167,1.091316819190979,359.8258056640625,825.7000122070312,77.537351,12.9708584
1766333493734786600,2955.022786621094,36.86973190307617,0.24055801331996918,12.40660285949707,10.105999946594238,1.125136375427246,358.12860107421875,825.7000122070312,77.5373514,12.9708637
1766333494325219800,2955.6132197265624,32.868839263916016,0.20080246031284332,12.40660285949707,10.585000038146973,1.1470410823822021,359.9717102050781,825.7000122070312,77.5373522,12.9708704
1766333494809107500,2956.097107421875,31.005678176879883,0.25469911098480225,12.40660285949707,10.965999603271484,1.1534346342086792,3.261601209640503,825.7000122070312,77.537353,12.9708756
1766333495508860400,2956.7968603515624,30.15160369873047,0.24062152206897736,12.40660285949707,11.642999649047852,1.1391597986221313,8.230289459228516,825.7000122070312,77.5373549,12.9708834
1766333495953842200,2957.241842285156,28.411563873291016,0.27416011691093445,12.40660285949707,12.119999885559082,1.1433372497558594,8.934727668762207,825.7000122070312,77.5373561,12.9708881
1766333496652156200,2957.94015625,27.200300216674805,0.24055197834968567,12.40660285949707,12.520999908447266,1.1273853778839111,7.095399379730225,825.7000122070312,77.5373585,12.9708964
1766333496856274200,2958.144274169922,26.769004821777344,0.24055197834968567,7.732029914855957,12.654000282287598,1.1259040832519531,6.129743576049805,825.7000122070312,77.5373592,12.9708975
1766333497086211000,2958.3742111816405,59.95859909057617,0.2748880684375763,7.732029914855957,13.54699993133545,1.0752743482589722,353.5766906738281,825.7000122070312,77.5373541,12.9709004
1766333497845398800,2959.1333986816408,180,0.24406510591506958,7.732029914855957,14.390000343322754,1.426576852798462,45.0272102355957,825.7000122070312,77.5373541,12.970895
1766333498466733600,2959.7547336425782,111.26663208007812,0.23616011440753937,7.732029914855957,15.104000091552734,1.1144070625305176,27.879194259643555,825.7000122070312,77.537355,12.9708918
1766333499048546300,2960.336546386719,108.83173370361328,0.2801624834537506,7.732029914855957,15.791999816894531,0.9746733903884888,5.508065223693848,825.7000122070312,77.5373532,12.97089
1766333499552694800,2960.8406948242186,93.95886993408203,0.25491321086883545,7.732029914855957,16.479999542236328,0.963529109954834,338.7873840332031,825.7000122070312,77.5373491,12.9708887
1766333500212121000,2961.50012109375,97.46748352050781,0.29034268856048584,7.732029914855957,17.506999969482422,1.0221443176269531,318.972412109375,825.7000122070312,77.5373441,12.9708887
1766333500853340700,2962.141340576172,78.48286437988281,0.28070637583732605,7.732029914855957,18.226999282836914,1.0823323726654053,300.598388671875,825.7000122070312,77.5373381,12.9708886
1766333501474064600,2962.7620646972655,63.19158172607422,0.24372538924217224,7.732029914855957,18.89699935913086,1.0700191259384155,294.77886962890625,825.7000122070312,77.5373318,12.9708891
1766333501907834600,2963.195834716797,61.49539566040039,0.2796540856361389,7.732029914855957,19.631999969482422,1.0696715116500854,293.54498291015625,825.7000122070312,77.5373277,12.9708891
1766333502646739200,2963.9347392578125,50.74771499633789,0.25056537985801697,7.732029914855957,19.69300079345703,1.1124247312545776,291.9346008300781,825.7000122070312,77.5373203,12.9708914
1766333502771954700,2964.0599545898435,50.772430419921875,0.25056537985801697,7.071076393127441,19.77199935913086,1.1147093772888184,291.9091796875,818.3999633789062,77.5373171,12.97089
1766333503110194000,2964.3981938476563,24.452014923095703,0.27662745118141174,7.071076393127441,18.85099983215332,1.162956953048706,305.4367370605469,818.3999633789062,77.5373033,12.9709568
1766333503791519500,2965.07951953125,24.08615493774414,0.23576560616493225,7.071076393127441,17.957000732421875,1.1589725017547607,305.3591003417969,818.3999633789062,77.5372979,12.9709648
1766333504185435000,2965.473434814453,22.60748291015625,0.2760292589664459,7.071076393127441,17.062000274658203,1.1646891832351685,305.93310546875,818.3999633789062,77.5372945,12.9709686
1766333505407573000,2966.695572998047,21.71651268005371,0.23711633682250977,7.071076393127441,15.809000015258789,1.1465340852737427,296.0013732910156,818.3999633789062,77.5372837,12.9709762
1766333508569310200,2969.8573103027343,22.167097091674805,0.318451464176178,3.744225025177002,13.366000175476074,0.6368394494056702,286.34149169921875,810.0999755859375,77.5372682,12.9709794
1766333511391994400,2972.6799943847655,0,0.07724767178297043,3.744225025177002,27.761999130249023,0.03886140137910843,0,810.0999755859375,77.545162,12.9741552
1766333513572119000,2974.860119140625,180,0.12662982940673828,3.744225025177002,43.277000427246094,0.10444710403680801,90,810.0999755859375,77.5451653,12.9741554
1766333514001853700,2975.2898537597657,180,0.12662982940673828,5.362565040588379,43.07899856567383,0.10452140122652054,90,818.5,77.5451657,12.9741555
1766333514488184300,2975.776184326172,180,0.14416171610355377,5.362565040588379,38.40700149536133,0.1347218006849289,90,818.5,77.5372382,12.9711111
1766333515052341500,2976.3403415527346,180,0.1651371717453003,5.362565040588379,35.61800003051758,0.15787692368030548,89.99994659423828,818.5,77.5372386,12.9711112
1766333515868139800,2977.1561398925783,108.63972473144531,0.21377041935920715,5.362565040588379,33.84600067138672,0.21463559567928314,17.05809783935547,818.5,77.5372392,12.971112
1766333516313549600,2977.601549560547,101.351318359375,0.21413420140743256,5.362565040588379,32.58599853515625,0.19220216572284698,0.7304205894470215,818.5,77.5372386,12.9711124
1766333516973706800,2978.2617067871092,100.20056915283203,0.22680522501468658,5.362565040588379,27.76300048828125,0.21371321380138397,347.9147033691406,818.5,77.5372381,12.9711131
1766333517049867000,2978.3378669433596,101.0467529296875,0.23837438225746155,5.41382360458374,27.209999084472656,0.23026783764362335,346.3249816894531,818.5,77.5372378,12.9711134
1766333517426103300,2978.7141032714844,95.15961456298828,0.281150758266449,5.41382360458374,26.777999877929688,0.25620758533477783,337.22650146484375,818.5,77.5372369,12.971114
1766333518049627100,2979.3376271972656,93.28485107421875,0.2840272784233093,5.423821449279785,26.18000030517578,0.2908315360546112,331.39508056640625,818.5,77.5372363,12.9711153
1766333518106407000,2979.394406982422,94.12728118896484,0.2949797809123993,5.423821449279785,25.70199966430664,0.30618423223495483,330.3815612792969,818.5,77.5372362,12.9711154
1766333518550415600,2979.838415527344,79.443603515625,0.37372538447380066,5.423821449279785,25.242000579833984,0.35913383960723877,330.3438720703125,818.5,77.537236,12.9711168
1766333519049707800,2980.337707763672,78.32490539550781,0.3725072741508484,5.433822154998779,22.993999481201172,0.3997598886489868,331.7030944824219,818.5,77.5372365,12.9711188
1766333519289614600,2980.577614501953,67.87664794921875,0.38447803258895874,5.433822154998779,22.548999786376953,0.48439112305641174,330.0438537597656,818.5,77.5372371,12.9711213
1766333519444247300,2980.732247314453,67.87664794921875,0.38447803258895874,5.552229881286621,22.176000595092773,0.5613602995872498,327.7346496582031,818.3999633789062,77.5372405,12.971127
1766333519892661000,2981.180660888672,63.954193115234375,0.38369905948638916,5.552229881286621,21.201000213623047,0.5922753214836121,333.1860046386719,818.3999633789062,77.5372372,12.971126
1766333520035811800,2981.3238117675783,63.93471145629883,0.38369905948638916,5.562229156494141,20.527000427246094,0.5942879915237427,334.3394775390625,818.3999633789062,77.5372371,12.9711257
1766333520572382200,2981.860382324219,47.878849029541016,0.312016099691391,5.562229156494141,19.5939998626709,0.7459902763366699,338.2852783203125,818.3999633789062,77.5372354,12.9711318
1766333521049575000,2982.337574951172,46.437339782714844,0.32548925280570984,5.57222843170166,18.586000442504883,0.7895412445068359,346.31201171875,818.3999633789062,77.5372355,12.9711364
1766333521093621800,2982.381621826172,46.437339782714844,0.32548925280570984,5.57222843170166,18.072999954223633,0.7937319874763489,348.3440246582031,818.3999633789062,77.537236,12.9711374
1766333521853930800,2983.1419306640623,41.883975982666016,0.28419145941734314,5.57222843170166,17.13800048828125,0.7934260964393616,3.6562843322753906,818.3999633789062,77.5372361,12.9711442
1766333522049867500,2983.3378674316405,42.1396598815918,0.2748897075653076,5.582231044769287,15.616000175476074,0.7907668948173523,10.283902168273926,818.3999633789062,77.5372377,12.9711461
1766333522267157000,2983.555156982422,39.796024322509766,0.2384948581457138,5.582231044769287,15.086000442504883,0.7758710980415344,13.418143272399902,818.3999633789062,77.5372388,12.9711486
1766333523065178400,2984.353178466797,40.142303466796875,0.2689782381057739,5.582231044769287,13.593000411987305,0.7643539309501648,17.09733009338379,818.3999633789062,77.5372411,12.9711543
1766333523824979700,2985.1129797363283,36.65702438354492,0.24788665771484375,5.592226028442383,12.069999694824219,0.7737699747085571,18.95940589904785,818.3999633789062,77.5372445,12.9711603
1766333524049864700,2985.3378647460936,37.6156120300293,0.27477824687957764,5.602231025695801,11.394000053405762,0.7572745084762573,19.81014633178711,818.3999633789062,77.5372465,12.9711617
1766333524485299000,2985.773298828125,35.327110290527344,0.24692407250404358,5.602231025695801,10.758999824523926,0.8071036338806152,17.120729446411133,818.3999633789062,77.5372478,12.9711653
1766333525004951800,2986.292951904297,35.93422317504883,0.28164228796958923,5.6122307777404785,10.53600025177002,0.8302578330039978,14.412528991699219,818.3999633789062,77.537249,12.9711694
1766333525264832500,2986.5528325195314,34.55738067626953,0.21653489768505096,5.6122307777404785,10.498000144958496,0.8633220791816711,13.633188247680664,818.3999633789062,77.5372492,12.9711719
1766333525924703000,2987.2127028808595,34.14662170410156,0.24610458314418793,7.445480823516846,10.416000366210938,0.8667262196540833,16.197017669677734,817.2000122070312,77.5372503,12.9711774
1766333526049620200,2987.3376201171877,34.380157470703125,0.2411026656627655,7.455479145050049,10.348999977111816,0.8597767949104309,17.1536808013916,817.2000122070312,77.537251,12.9711782
1766333526566448400,2987.8544484863282,33.44402313232422,0.21432608366012573,7.455479145050049,10.288000106811523,0.8996832370758057,16.55873680114746,817.2000122070312,77.5372523,12.9711821
1766333527049263400,2988.3372634277343,32.96239471435547,0.22991319000720978,7.465475559234619,10.194999694824219,0.9034968018531799,19.267969131469727,817.2000122070312,77.5372542,12.9711859
1766333527365741300,2988.6537412109374,30.83462142944336,0.23086188733577728,7.465475559234619,10.149999618530273,0.8880797028541565,18.415197372436523,817.2000122070312,77.5372548,12.9711885
1766333528049588500,2989.3375883789063,32.77443313598633,0.25599223375320435,7.475478649139404,10.102999687194824,0.8384721875190735,15.308830261230469,817.2000122070312,77.5372573,12.9711929
1766333528410247200,2989.6982470703124,30.62196159362793,0.21909886598587036,7.475478649139404,10.005000114440918,0.8115825653076172,13.779584884643555,817.2000122070312,77.5372577,12.9711953
1766333529049580300,2990.3375803222657,32.68899917602539,0.2500017285346985,7.485478401184082,9.902999877929688,0.7679896950721741,17.865306854248047,817.2000122070312,77.5372599,12.9711982
1766333529208804600,2990.4968046875,32.78520584106445,0.28478753566741943,7.485478401184082,9.836000442504883,0.7634751200675964,18.467432022094727,817.2000122070312,77.5372606,12.9711986
1766333529987430000,2991.2754299316407,30.65154266357422,0.2691698372364044,7.485478401184082,9.779999732971191,0.8159414529800415,13.088422775268555,817.2000122070312,77.5372625,12.9712044
1766333530049488600,2991.3374885253907,33.46267318725586,0.26498228311538696,7.495477676391602,9.501999855041504,0.7852095365524292,12.848121643066406,817.2000122070312,77.5372687,12.9711957
1766333531049187600,2992.3371875,31.71095848083496,0.26757359504699707,7.50547456741333,8.883999824523926,0.7636477947235107,10.591901779174805,817.2000122070312,77.5372802,12.9711858
1766333531299999500,2992.587999511719,31.09775161743164,0.28635385632514954,1.2725962400436401,8.416999816894531,0.7467954754829407,11.062121391296387,817.2999877929688,77.5372822,12.9711842
1766333532049134300,2993.337134277344,27.11100196838379,0.2837800681591034,1.2825957536697388,7.881999969482422,0.6640119552612305,59.1713752746582,817.2999877929688,77.5372885,12.9711808
1766333532530211300,2993.818211425781,180,0.2805465757846832,1.2825957536697388,7.11299991607666,0.7199606895446777,64.37728118896484,817.2999877929688,77.5372915,12.9711791
1766333533049293600,2994.337293457031,108.26004028320312,0.27101144194602966,1.2925972938537598,6.835000038146973,0.6675046682357788,78.69281005859375,817.2999877929688,77.5372971,12.9711758
1766333533230647600,2994.5186474609377,107.65946197509766,0.3006241023540497,1.2925972938537598,6.34499979019165,0.6549423336982727,88.19489288330078,817.2999877929688,77.5372985,12.9711744
1766333534050097000,2995.3380969238283,75.8968734741211,0.25719866156578064,1.302605390548706,5.538000106811523,0.734203040599823,95.24391174316406,817.2999877929688,77.5373096,12.9711719
1766333534334670300,2995.6226704101564,73.31582641601562,0.2686024308204651,1.302605390548706,5.057000160217285,0.6845372915267944,96.58838653564453,817.2999877929688,77.5373122,12.971171
1766333535049755400,2996.337755371094,48.123008728027344,0.2674476206302643,1.312601923942566,4.3420000076293945,0.7331342101097107,96.02739715576172,817.2999877929688,77.5373234,12.9711692
1766333535174144300,2996.4621442871094,48.17742156982422,0.2674476206302643,1.312601923942566,4.320000171661377,0.7376265525817871,95.84066009521484,817.2999877929688,77.5373258,12.9711688
1766333536049451300,2997.337451171875,45.645137786865234,0.25157493352890015,1.322598934173584,4.206999778747559,0.5563121438026428,87.71887969970703,817.2999877929688,77.5373336,12.9711677
1766333536826372900,2998.1143728027346,44.654727935791016,0.24636860191822052,1.0127545595169067,4.197999954223633,0.4820702075958252,85.30261993408203,817.2999877929688,77.5373346,12.9711677
1766333537050145000,2998.338145019531,45.95798110961914,0.1921597272157669,1.0227614641189575,4.008999824523926,0.2828490138053894,82.55794525146484,817.2999877929688,77.5373341,12.9711676
1766333538049978000,2999.3379780273435,48.9025993347168,0.17637880146503448,1.0327597856521606,3.8540000915527344,0.20301799476146698,76.02642822265625,817.2999877929688,77.5373312,12.9711683
1766333538170632400,2999.4586325683595,49.21544647216797,0.17637880146503448,1.0327597856521606,3.7690000534057617,0.20025715231895447,76.1897964477539,817.2999877929688,77.5373303,12.9711684
1766333538889854000,3000.1778540039063,48.645042419433594,0.19054968655109406,1.0327597856521606,3.6500000953674316,0.18796002864837646,82.3423080444336,817.2999877929688,77.5373306,12.9711679
1766333539049617000,3000.3376169433595,48.02893829345703,0.19371092319488525,1.042756199836731,3.5910000801086426,0.21192194521427155,79.64614868164062,817.2999877929688,77.5373295,12.9711688
1766333539495329800,3000.783329833984,50.48139953613281,0.22110600769519806,1.042756199836731,3.424999952316284,0.19469739496707916,81.80337524414062,817.2999877929688,77.5373291,12.9711695
1766333540049308400,3001.3373083496094,52.5419807434082,0.22920586168766022,1.0527530908584595,3.312999963760376,0.2526923716068268,79.75694274902344,817.2999877929688,77.5373284,12.9711721
1766333540092190700,3001.380190673828,52.5419807434082,0.22920586168766022,1.0527530908584595,3.2079999446868896,0.25723740458488464,79.60821533203125,817.2999877929688,77.537328,12.9711728
1766333540812712700,3002.100712646484,48.13658142089844,0.2883053421974182,1.0527530908584595,3.0959999561309814,0.24485692381858826,80.48857879638672,817.2999877929688,77.5373287,12.9711739
1766333541049954800,3002.3379548339844,47.97575378417969,0.2711235284805298,1.062759518623352,3.0139999389648438,0.2532063126564026,76.8697280883789,817.2999877929688,77.537328,12.9711759
1766333542049660700,3003.3376606445313,31.58336067199707,0.30653291940689087,1.0727566480636597,3.013000011444092,0.3449966013431549,71.08802795410156,817.2999877929688,77.5373277,12.971181
1766333542212565000,3003.500564941406,31.766582489013672,0.30653291940689087,1.0727566480636597,3.002000093460083,0.35225608944892883,71.41802978515625,817.2999877929688,77.5373276,12.9711821
1766333542623707400,3003.9117072753907,28.22972869873047,0.29324227571487427,1.0151065587997437,3.01200008392334,0.34042292833328247,69.96685028076172,817.5,77.5373278,12.9711826
1766333543049586400,3004.3375864257814,27.33989715576172,0.2762669622898102,1.0251058340072632,3.0380001068115234,0.382112979888916,66.75965118408203,817.5,77.5373313,12.9711846
1766333543148811800,3004.436811767578,27.449981689453125,0.2762669622898102,1.0251058340072632,3.069000005722046,0.3832255005836487,66.40306091308594,817.5,77.5373312,12.9711847
1766333543829760500,3005.1177604980467,24.845611572265625,0.31253013014793396,1.0251058340072632,3.1470000743865967,0.44322964549064636,59.061546325683594,817.5,77.5373339,12.971187
1766333544049434600,3005.3374345703123,24.75678825378418,0.2767503559589386,1.0351043939590454,3.2279999256134033,0.5020799040794373,55.239646911621094,817.5,77.5373351,12.9711895
1766333544470463200,3005.7584631347654,23.948766708374023,0.2692306637763977,1.0351043939590454,3.3420000076293945,0.5972702503204346,51.033897399902344,817.5,77.5373377,12.9711931
1766333545049282300,3006.3372822265624,21.694477081298828,0.2587153911590576,1.045102834701538,3.4609999656677246,0.5834033489227295,46.03773498535156,817.5,77.5373397,12.9711975
1766333545171063600,3006.4590634765623,21.67059326171875,0.2587153911590576,1.045102834701538,3.632999897003174,0.5823119878768921,45.389163970947266,817.5,77.53734,12.9711986
1766333545830708200,3007.118708251953,22.365570068359375,0.2677350640296936,1.045102834701538,3.872999906539917,0.6518407464027405,42.547149658203125,817.5,77.5373432,12.9712035
1766333546049182200,3007.337182128906,20.144363403320312,0.24850158393383026,1.0551018714904785,3.9590001106262207,0.6246625781059265,39.066715240478516,817.5,77.5373436,12.9712063
1766333546570649300,3007.8586494140627,18.557756423950195,0.2606731653213501,1.0551018714904785,4.14300012588501,0.7136532068252563,36.31755828857422,817.5,77.5373465,12.9712122
1766333547050034700,3008.3380346679687,17.922260284423828,0.25056788325309753,1.0651103258132935,4.301000118255615,0.6716800332069397,32.88132858276367,817.5,77.5373477,12.9712172
1766333547330410500,3008.6184104003905,16.56326675415039,0.19161775708198547,1.0651103258132935,4.460999965667725,0.7391077280044556,32.15886688232422,817.5,77.5373492,12.9712207
1766333547793449200,3009.08144921875,16.25471305847168,0.23626311123371124,1.0651103258132935,4.517000198364258,0.761470377445221,32.58143997192383,817.5,77.5373513,12.9712245
1766333548049726000,3009.337725830078,13.213848114013672,0.20831285417079926,1.075107216835022,4.625,0.7472224235534668,31.322664260864258,817.5,77.5373516,12.9712271
1766333548286287400,3009.5742873535155,15.262877464294434,0.19715194404125214,1.075107216835022,4.744999885559082,0.7996484041213989,30.680700302124023,817.5,77.5373525,12.9712297
1766333548539366700,3009.8273666992186,15.45515251159668,0.19715194404125214,1.9491604566574097,4.765999794006348,0.8049864172935486,30.210439682006836,818.3999633789062,77.5373529,12.9712307
1766333548868210700,3010.1562106933593,15.260173797607422,0.24060887098312378,1.9491604566574097,4.8520002365112305,0.808705747127533,28.855199813842773,818.3999633789062,77.537356,12.971237
1766333549049656000,3010.3376560058596,14.4954833984375,0.21364739537239075,1.9591597318649292,4.9039998054504395,0.7534093260765076,27.6929874420166,818.3999633789062,77.5373549,12.9712369
1766333549350429700,3010.6384296875,12.957201957702637,0.24232810735702515,1.9591597318649292,4.906000137329102,0.7231178283691406,27.24506187438965,818.3999633789062,77.5373551,12.971238
1766333550049361700,3011.3373615722658,12.7170991897583,0.24444901943206787,1.9691568613052368,4.960999965667725,0.5998587012290955,25.067758560180664,818.3999633789062,77.5373554,12.9712409
1766333550948347400,3012.2363474121094,12.344221115112305,0.24599765241146088,1.9691568613052368,4.989999771118164,0.5803953409194946,26.720205307006836,818.3999633789062,77.5373567,12.971245
1766333551049331000,3012.3373310546876,11.987284660339355,0.21793553233146667,1.979156494140625,4.98799991607666,0.5843752026557922,26.561626434326172,818.3999633789062,77.5373559,12.9712452
1766333551647917000,3012.9359169921877,12.458606719970703,0.24721962213516235,1.979156494140625,4.982999801635742,0.7103932499885559,27.87593650817871,818.3999633789062,77.537357,12.9712497
1766333552049225200,3013.3372250976563,12.376154899597168,0.21958403289318085,1.9891555309295654,4.980000019073486,0.6456786394119263,26.9652042388916,818.3999633789062,77.5373569,12.9712516
1766333552331370500,3013.6193706054687,12.844240188598633,0.2103479504585266,1.9891555309295654,5.005000114440918,0.7189454436302185,26.00987434387207,818.3999633789062,77.5373573,12.9712531
1766333553049180000,3014.3371799316405,10.251407623291016,0.22786566615104675,1.999155044555664,4.880000114440918,0.6183852553367615,22.737632751464844,818.3999633789062,77.5373535,12.9712501
1766333553075093800,3014.36309375,10.251407623291016,0.22786566615104675,1.999155044555664,4.789000034332275,0.6171996593475342,22.733932495117188,818.3999633789062,77.5373521,12.9712483
1766333553846692900,3015.1346928710936,12.53062629699707,0.2327280193567276,1.999155044555664,4.699999809265137,0.6736374497413635,19.04086685180664,818.3999633789062,77.5373527,12.9712512
1766333554049858300,3015.3378583984377,9.60007381439209,0.2293313443660736,2.0091617107391357,4.488999843597412,0.6191200613975525,16.62657356262207,818.3999633789062,77.5373512,12.9712486
1766333554336725800,3015.624725830078,9.61567497253418,0.19402392208576202,1.0182886123657227,4.366000175476074,0.6662744283676147,15.178509712219238,817,77.5373507,12.971248
1766333554467856400,3015.7558564453125,9.61567497253418,0.19402392208576202,1.0182886123657227,4.208000183105469,0.7033091187477112,14.109618186950684,817,77.537351,12.9712504
1766333555049774000,3016.337774169922,9.819046974182129,0.21260446310043335,1.0282877683639526,4.050000190734863,0.6357789635658264,12.812302589416504,817,77.5373503,12.9712488
1766333555108296700,3016.3962966308595,10.135960578918457,0.25056979060173035,1.0282877683639526,3.9700000286102295,0.6332290172576904,12.737757682800293,817,77.53735,12.9712477
1766333555809129200,3017.0971291503906,11.75721549987793,0.22429977357387543,1.0282877683639526,3.9000000953674316,0.7663072943687439,19.202455520629883,817,77.5373512,12.9712515
1766333556049706500,3017.3377065429686,11.557888984680176,0.20762114226818085,1.0382870435714722,3.6589999198913574,0.7201605439186096,21.229032516479492,817,77.5373514,12.9712495
1766333556607889200,3017.8958891601565,12.212416648864746,0.18797793984413147,1.0382870435714722,3.611999988555908,0.7835119962692261,23.115781784057617,817,77.5373528,12.9712515
1766333557049998600,3018.337998535156,12.57406997680664,0.205453559756279,1.0482900142669678,3.3399999141693115,0.7103827595710754,23.78153419494629,817,77.5373536,12.9712489
1766333557391352000,3018.6793520507813,12.493647575378418,0.2107621431350708,1.0482900142669678,3.188999891281128,0.7448936104774475,22.58063507080078,817,77.5373545,12.9712489
1766333558068511000,3019.356510986328,12.44326114654541,0.24856266379356384,1.0482900142669678,3.131999969482422,0.7450003027915955,19.054174423217773,817,77.5373562,12.9712522
1766333558652997000,3019.9409970703123,12.48974895477295,0.23052416741847992,1.0582841634750366,3.075000047683716,0.8175457715988159,18.709434509277344,817,77.5373578,12.9712557
1766333559049187000,3020.337187011719,12.365182876586914,0.22385869920253754,1.068281888961792,3.002000093460083,0.793144166469574,19.521263122558594,817,77.5373587,12.9712573
1766333559426875400,3020.7148754882815,12.643240928649902,0.1858920454978943,1.068281888961792,3.006999969482422,0.858568012714386,20.707921981811523,817,77.5373598,12.9712601
1766333559900529200,3021.1885290527343,13.477628707885742,0.23935486376285553,1.068281888961792,3.0299999713897705,0.8610566854476929,23.639808654785156,817,77.5373615,12.9712639
1766333560049734000,3021.3377338867185,12.432992935180664,0.23611336946487427,1.0782873630523682,3.0429999828338623,0.8452237248420715,24.792966842651367,817,77.5373618,12.9712641
1766333560384628500,3021.6726284179686,13.171380996704102,0.23776504397392273,1.0782873630523682,3.0769999027252197,0.8672615885734558,25.625125885009766,817,77.5373631,12.9712662
1766333560965387300,3022.253387207031,12.985467910766602,0.2741694748401642,1.288033366203308,3.130000114440918,0.8742747902870178,24.00708770751953,818.2000122070312,77.5373654,12.9712707
1766333561049853400,3022.337853515625,12.844096183776855,0.26986128091812134,1.2980345487594604,3.1689999103546143,0.8406463265419006,23.757160186767578,818.2000122070312,77.5373654,12.97127
1766333561526858800,3022.814858642578,15.339279174804688,0.2638618052005768,1.2980345487594604,3.2049999237060547,0.8137274384498596,21.290653228759766,818.2000122070312,77.5373671,12.9712723
1766333562049859300,3023.337859375,13.050684928894043,0.28102439641952515,1.3080345392227173,3.257999897003174,0.7860163450241089,15.30026626586914,818.2000122070312,77.5373683,12.9712738
1766333562088743400,3023.3767434082033,13.050684928894043,0.28102439641952515,1.3080345392227173,3.312000036239624,0.7856394648551941,15.197498321533203,818.2000122070312,77.5373684,12.9712734
1766333562642316500,3023.9303166503905,13.066999435424805,0.2717490494251251,1.3080345392227173,3.381999969482422,0.7592670917510986,12.120100021362305,818.2000122070312,77.5373694,12.9712767
1766333563050100700,3024.338100830078,12.763946533203125,0.264494925737381,1.3180370330810547,3.4110000133514404,0.7382953763008118,13.681987762451172,818.2000122070312,77.5373701,12.9712775
1766333563282004000,3024.57000390625,13.1810941696167,0.23762686550617218,1.3180370330810547,3.4779999256134033,0.7687240839004517,14.864715576171875,818.2000122070312,77.5373709,12.9712785
1766333563804891100,3025.0928911132814,14.423832893371582,0.26464200019836426,1.3180370330810547,3.561000108718872,0.7660115957260132,13.864046096801758,818.2000122070312,77.5373723,12.9712821
1766333564049853200,3025.337853271484,12.762250900268555,0.26229581236839294,1.328034520149231,3.630000114440918,0.7394156455993652,13.425272941589355,818.2000122070312,77.537373,12.9712819
1766333564327248100,3025.615248046875,13.229104995727539,0.2547443211078644,1.328034520149231,3.6549999713897705,0.7468265891075134,13.595730781555176,818.2000122070312,77.5373735,12.9712829
1766333564968388600,3026.256388671875,13.423070907592773,0.28158846497535706,1.328034520149231,3.7690000534057617,0.7388677000999451,15.257713317871094,818.2000122070312,77.5373749,12.9712869
1766333565049736200,3026.3377360839845,13.250161170959473,0.2768573462963104,1.3380333185195923,3.828000068664551,0.7209520936012268,16.305761337280273,818.2000122070312,77.5373752,12.9712858
1766333565482681600,3026.770681640625,13.371458053588867,0.2622699439525604,1.3380333185195923,3.88700008392334,0.7797214984893799,16.045061111450195,818.2000122070312,77.5373765,12.9712884
1766333566049729300,3027.337729248047,14.526847839355469,0.2894279956817627,1.3480333089828491,3.9210000038146973,0.7603933811187744,16.886079788208008,818.2000122070312,77.5373781,12.9712901
1766333566200476000,3027.488475830078,14.501263618469238,0.2894279956817627,1.3480333089828491,3.9690001010894775,0.7596761584281921,16.95014190673828,818.2000122070312,77.5373786,12.9712904
1766333566684020500,3027.9720205078124,14.941400527954102,0.2785945534706116,1.3480333089828491,4.015999794006348,0.810774028301239,17.077760696411133,818.2000122070312,77.5373802,12.971294
1766333566759641900,3028.0476418457033,15.008310317993164,0.2785945534706116,1.6762076616287231,4.035999774932861,0.813025176525116,17.282485961914062,817.0999755859375,77.5373809,12.971295
1766333567049531000,3028.337530761719,14.46084976196289,0.27230384945869446,1.6862056255340576,4.046000003814697,0.79410320520401,19.609739303588867,817.0999755859375,77.5373824,12.9712966
1766333567285417000,3028.5734169921875,15.29265308380127,0.23041662573814392,1.6862056255340576,4.111999988555908,0.858409583568573,21.223190307617188,817.0999755859375,77.537383,12.9712979
1766333567886903300,3029.1749033203123,15.129131317138672,0.26027336716651917,1.6862056255340576,4.1620001792907715,0.8752848505973816,21.48432159423828,817.0999755859375,77.5373849,12.9713025
1766333568049758000,3029.3377580566407,14.9712553024292,0.25607985258102417,1.696207880973816,4.179999828338623,0.8538063764572144,21.151447296142578,817.0999755859375,77.5373852,12.9713021
1766333568487407600,3029.775407714844,13.115240097045898,0.24029335379600525,1.696207880973816,4.249000072479248,0.8911930322647095,18.840396881103516,817.0999755859375,77.5373866,12.9713053
1766333569050026800,3030.338026855469,13.293359756469727,0.2622181475162506,1.7062106132507324,4.302000045776367,0.874847948551178,15.84233283996582,817.0999755859375,77.5373876,12.9713079
1766333569089445600,3030.377445556641,13.293359756469727,0.2622181475162506,1.7062106132507324,4.323999881744385,0.8745598793029785,15.786152839660645,817.0999755859375,77.5373876,12.9713078
1766333569523932000,3030.8119318847657,15.2972993850708,0.2379661649465561,1.7062106132507324,4.386000156402588,0.9379203915596008,15.365876197814941,817.0999755859375,77.5373889,12.9713119
1766333570049965800,3031.3379658203125,15.59730339050293,0.2790667414665222,1.7162100076675415,4.454999923706055,0.9159236550331116,15.554450988769531,817.0999755859375,77.5373902,12.9713146
1766333570301454000,3031.5894541015623,13.43388843536377,0.19958937168121338,1.7162100076675415,4.486000061035156,0.9697962999343872,14.710710525512695,817.0999755859375,77.537391,12.9713169
1766333570844045300,3032.132045410156,15.62580680847168,0.24239201843738556,1.7162100076675415,4.556000232696533,0.9809723496437073,15.452117919921875,817.0999755859375,77.5373924,12.9713221
1766333571049295000,3032.337295166016,12.972131729125977,0.24292759597301483,1.7262033224105835,4.580999851226807,0.9671894311904907,16.954998016357422,817.0999755859375,77.5373929,12.9713226
1766333571968189400,3033.256189453125,13.305965423583984,0.26366719603538513,1.7262033224105835,4.75,0.9283648133277893,19.447362899780273,817.0999755859375,77.5373948,12.9713297
1766333572049855000,3033.337854980469,12.782135963439941,0.25773105025291443,1.7362089157104492,4.824999809265137,0.9204103946685791,20.3350772857666,817.0999755859375,77.5373948,12.9713288
1766333572083745000,3033.3717451171874,12.737557411193848,0.25773105025291443,1.4841792583465576,4.849999904632568,0.9187439680099487,20.908172607421875,817.5,77.5373947,12.9713272
1766333572727228200,3034.0152282714844,13.056411743164062,0.2538514733314514,1.4841792583465576,4.943999767303467,0.8789935111999512,11.548897743225098,817.5,77.537388,12.9713385
1766333573049730300,3034.3377302246095,13.041075706481934,0.27414995431900024,1.494178056716919,5.0229997634887695,0.8783696293830872,7.502986907958984,817.5,77.537387,12.9713399
1766333573200744400,3034.4887443847656,12.926645278930664,0.27414995431900024,1.494178056716919,5.119999885559082,0.878534197807312,6.1249823570251465,817.5,77.5373867,12.9713408
1766333574049643000,3035.337643066406,15.353204727172852,0.28317779302597046,1.5041770935058594,5.224999904632568,0.856269121170044,0.671273946762085,817.5,77.5373866,12.9713473
1766333574580738800,3035.8687387695313,15.006916046142578,0.25454479455947876,1.5041770935058594,5.435999870300293,0.8170639872550964,0.04412607103586197,817.5,77.537386,12.9713514
