time,seconds_elapsed,altitude,speedAccuracy,bearingAccuracy,latitude,altitudeAboveMeanSeaLevel,bearing,horizontalAccuracy,verticalAccuracy,longitude,speed
1766129333703806000,-7.719194091796875,827.3919284499838,1.2799865559710295,18.759162301199122,12.99655067952583,913.8019321120931,270.41292773836676,11.52206142085243,30,77.5519122527146,5.528732726603392
1766129341479899000,0.05689892578125,827.3919284499838,1.2799865559710295,18.759162301199122,12.99655067952583,913.8019321120931,270.41292773836676,11.52206142085243,30,77.5519122527146,5.528732726603392
1766129341479949000,0.056948974609375,0,-1,-1,12.996536281599242,913.865609154027,-1,16.995013999999998,30.002366958929006,77.55160672693943,-1
1766129342078779000,0.65577880859375,833.5162353515625,0.9900000095367432,18.322610825962844,12.996600447234695,919.9262390136719,297.0703125,22.025478346944748,6,77.55128365948568,3.4600000381469727
1766129342999779800,1.57677978515625,831.632080078125,0.8299999833106995,18.58258148615187,12.996620857168917,918.0420837402344,339.9609375,21.767766507464174,4,77.55128567114244,3.4600000381469727
1766129343999780600,2.576780517578125,831.325927734375,0.9300000071525574,13.72532063242763,12.996671777230684,917.7359313964844,350.15625,21.767766507464174,4,77.55128206692407,3.4600000381469727
1766129344999782000,3.576781982421875,828.89306640625,1.0700000524520874,13.921643321062245,12.99671289046574,915.3030700683594,352.6171875,21.767766507464174,3,77.55128818571339,4.409999847412109
1766129345999783000,4.576782958984375,828.176025390625,1.350000023841858,16.53509738620444,12.996758362290446,914.5860290527344,8.0859375,21.767766507464174,3,77.55129413686464,4.980000019073486
1766129346999783400,5.576783447265625,828.3941650390625,0.8700000047683716,8.550872623837165,12.99681548496056,914.8041687011719,338.90625,21.767766507464174,3,77.55126848824094,6.650000095367432
1766129347999653400,6.5766533203125,827.809326171875,1.3300000429153442,15.201308290368106,12.996862507437353,914.2193298339844,345.9375,21.767766507464174,3,77.55125541247199,6.650000095367432
1766129348999643400,7.576643310546875,827.430419921875,1.9500000476837158,18.25797333075243,12.996928934019987,913.8404235839844,348.5383605957031,21.767766507464174,3,77.5512430072553,6.650000095367432
1766129349999648000,8.57664794921875,826.75146484375,1.5299999713897705,18.284474464732078,12.99698010553885,913.1614685058594,348.5383605957031,21.767766507464174,3,77.55123068585763,5.670000076293945
1766129350999630000,9.576630126953125,827.298583984375,1.3300000429153442,17.38070895639787,12.997019428236872,913.7085876464844,347.0300598144531,21.767766507464174,3,77.55120575147797,5.400000095367432
1766129351999615500,10.576615478515626,827.796630859375,1.2599999904632568,16.603307070350773,12.997062500285649,914.2066345214844,347.0300598144531,21.767766507464174,3,77.55119563520499,4.880000114440918
1766129352999623000,11.576622802734375,827.6629638671875,1.1299999952316284,19.17650912316679,12.997100981712112,914.0729675292969,347.0300598144531,21.767766507464174,3,77.55118659712238,4.880000114440918
1766129353999596800,12.5765966796875,828.53564453125,0.8199999928474426,16.862755221068294,12.997129515111299,914.9456481933594,347.0300598144531,21.767766507464174,3,77.55117989552312,3.7899999618530273
1766129354999579000,13.576578857421875,828.5356456376612,0.8199999928472963,17.53122538828407,12.997162688343888,914.9456492997706,347.0300598144531,21.767766507462305,3.0000000000135576,77.55117210416486,3.7899999618523506
1766129355999584300,14.576584228515625,828.371338641271,0.7185619110416815,18.542665349041794,12.997179952277117,914.7813423033804,347.0300598144531,21.76776650746289,3.0000000000093094,77.55116804940361,3.14000010490379
1766129356999564300,15.576564208984376,828.9398200148717,0.8999999761580422,24.389839279015582,12.997200765968408,915.349823676981,323.4963684082031,21.767766507463012,3.0000000000084346,77.55116638195743,2.990000009536411
1766129357999541200,16.576541259765627,829.1579603748396,0.9200000166890953,17.581650083546474,12.99723848014559,915.567964036949,323.4963684082031,21.767766507461836,3.0000000000169558,77.55113791945043,4.239999771117218
1766129358999547000,17.576546875,829.1228045858443,1.4199999570842357,23.577954719104664,12.99727647108579,915.5328082479537,323.4963684082031,21.767766507461076,3.0000000000224767,77.5511092480665,4.880000114439476
1766129359999529500,18.576529541015624,829.5615248279646,1.6200000047680103,33.87264637723701,12.997295508520208,915.971528490074,323.4963684082031,21.76776650746184,3.000000000016945,77.5510948807037,4.239999771117218
1766129360999514400,19.576514404296876,829.9118666267022,0.718561911041609,13.7320694066545,12.997366750340582,916.3218702888116,347.7942810058594,21.767766507461833,3.0000000000169766,77.55113080835521,4.239999771117216
1766129361999524000,20.576524169921875,829.8061536755413,0.7185619110416154,14.029872241735282,12.997402587746471,916.2161573376507,347.7942810058594,21.76776650746193,3.000000000016275,77.55112319526597,4.150000095366542
1766129362999535000,21.57653515625,829.9860852276906,0.7300000190733403,14.750817990230116,12.997436407478359,916.3960888898,347.7942810058594,21.767766507462078,3.000000000015193,77.55111266482488,4.010000228881034
1766129363999544600,22.576544677734375,829.612061791122,0.7185619110416259,14.51969272266843,12.997470280824503,916.0220654532313,347.7942810058594,21.767766507462078,3.0000000000151936,77.55110299739631,4.010000228881034
1766129364999552300,23.57655224609375,829.5153819834813,0.8600000143049585,22.33284028391992,12.997493719229933,915.9253856455907,347.7942810058594,21.767766507462273,3.0000000000137903,77.55109795596427,3.8199999332421046
1766129365999560400,24.576560546875,830.4299320112914,0.8999999761580858,32.55608007427559,12.997489136473774,916.8399356734008,347.7942810058594,21.76776650746352,3.0000000000047407,77.55109472225014,2.2400000095366033
1766129366999568400,25.576568359375,831.062988278456,0.9700000286102259,148.29739804071704,12.997476376709866,917.4729919405654,347.7942810058594,21.767766507464138,3.000000000000265,77.55109428585445,0.5299999713897686
1766129367999574300,26.57657421875,830.6292724357918,0.8049845038871333,180,12.997473129082968,917.0392760979012,347.7942810058594,21.767766507464174,3,77.55109137862692,0.2199999988079071
1766129368999580400,27.576580322265624,830.158203098923,0.8385254915624212,180,12.997473422449579,916.5682067610323,347.7942810058594,21.767766507464174,3,77.55108903169403,0
1766129369999586000,28.5765859375,830.4489745851606,0.7185619110417696,180,12.997471159335724,916.85897824727,347.7942810058594,21.767766507464174,3,77.55108651712308,0
1766129370999592000,29.576592041015626,830.3771972507238,0.8600000143051133,180,12.99747591739735,916.7872009128332,347.7942810058594,21.767766507464156,3.00000000000013,77.5510849076855,0.370000004768371
1766129371999596500,30.576596435546875,831.1765141477808,0.7185619110417127,23.104750627731143,12.997509662356627,917.5865178098902,347.7942810058594,21.767766507463346,3.000000000006002,77.55108122985314,2.5199999809263147
1766129372999601000,31.576600830078124,831.5054933922365,0.8000000119208971,36.213841961281865,12.997522405938996,917.9154970543459,347.7942810058594,21.767766507463758,3.0000000000030282,77.55107967049,1.789999961852956
1766129373999605800,32.576605712890625,831.4160158522427,1.1699999570846091,52.9627411365067,12.997538868168997,917.8260195143521,347.7942810058594,21.767766507463758,3.0000000000030282,77.55107521101858,1.789999961852956
1766129374999609000,33.576609130859374,830.9301249496639,0.8851971841962589,180,12.997521675681101,917.3401286117733,347.7942810058594,14.24595459057527,8.925405606632946,77.5510648167818,0.22159727214403158
1766129375999613000,34.576613037109375,830.7919339053333,0.9457534290964575,180,12.997517534787512,917.2019375674427,347.7942810058594,14.245954590575272,9.024177924936327,77.55105098746937,0.13275688534649102
1766129376999615000,35.576614990234376,830.4147795839235,1.1875427767534978,180,12.99752511011821,916.8247832460329,347.7942810058594,14.24595459057527,9.284583993330527,77.55106405918448,0.07051510471386559
1766129377999618000,36.5766181640625,830.1450469056144,0.7346753777444807,-1,12.997519381027345,916.5550505677238,-1,14.24595459057527,9.45502588696936,77.55104986205838,0
1766129378999619800,37.57661987304687,830.2460033297539,0.9689486952741708,-1,12.997521374532644,916.6560069918633,-1,14.24595459057527,9.894090150087164,77.55105464843263,0.02457830572317495
1766129379999622400,38.576622314453125,830.0649410821497,1.1275743058585446,-1,12.997521329713418,916.4749447442591,-1,14.24595459057527,9.904513691674165,77.55105845750275,0.0765822056943822
1766129380999623400,39.57662353515625,830.1781388083473,0.7693564688020077,-1,12.997520516396843,916.5881424704567,-1,14.24595459057527,9.721418188431386,77.55105949058925,0.09428485133249319
1766129381999625700,40.576625732421874,829.839241665788,1.0244546778840604,-1,12.997516576140805,916.2492453278974,-1,14.245954590575272,9.688951544050058,77.55106320937095,0.07623702664651734
1766129382999627000,41.576626953125,829.2955953488126,1.2040147993564259,138.32945668490376,12.997519976352663,915.705599010922,60.41525045768354,14.245954514058033,9.605700356010383,77.55107569213123,0.7022762203882857
1766129383999628000,42.5766279296875,828.9033205574378,0.9562448544809669,180,12.997515945043704,915.3133242195472,105.5467759483194,14.245954568599448,9.532119453019874,77.55107760718269,0.401670448412438
1766129384999629600,43.576629638671875,829.1357101872563,0.7185619110417696,-1,12.997518175532967,915.5457138493657,-1,14.24595459057527,9.617205642934636,77.55107293637207,0.20706733396559618
1766129385999630300,44.57663037109375,829.1059387549758,0.8345206632279032,-1,12.997513412248482,915.5159424170852,-1,14.24595459057527,9.755235490487323,77.55107162126575,0.17389920952986848
1766129386999631400,45.57663134765625,829.0623430181295,0.7185619110417696,-1,12.997512017361093,915.4723466802388,-1,14.245954590575272,9.96159993935787,77.55106419050915,0.1239043818625139
1766129387999632000,46.5766318359375,829.026569952257,0.7185619110417696,-1,12.99751129622804,915.4365736143664,-1,14.245954590575272,10.512220034952442,77.55106411694177,0.09858683948044028
1766129388999630800,47.576630859375,829.0394861046225,0.7185619110417696,-1,12.997508492753363,915.4494897667319,-1,14.24595459057527,10.29658783303531,77.55106611211768,0.0780273636772508
1766129389999632400,48.57663232421875,829.3645884385332,1.1725774852619018,-1,12.997512055420193,915.7745921006426,-1,14.245954590575272,10.203658841007979,77.55106698265489,0.20345462123300645
1766129390999632400,49.57663232421875,829.5759507706389,0.8734015391493902,-1,12.99751608441742,915.9859544327483,-1,14.24595459057527,9.92552136164905,77.55106438405971,0.12385676434685929
1766129391999633000,50.5766328125,829.9315181421116,0.9600301626909294,-1,12.997519744266596,916.341521804221,-1,14.24595459057527,9.68212017372283,77.55106197949411,0.20471506221748012
1766129392999631400,51.57663134765625,830.1214189268649,0.7368524168626244,-1,12.997525360754738,916.5314225889742,-1,14.24595459057527,9.757309074069665,77.55106303867079,0.172606995659641
1766129393999632000,52.5766318359375,830.2075544362888,0.7185619110417696,-1,12.997529073148469,916.6175580983981,-1,14.24595459057527,9.412743449996455,77.55106423817335,0.1350932657432077
1766129394999634700,53.576634765625,831.0550232091919,0.8920260806943424,180,12.997533162944995,917.4650268713012,66.63934390944516,14.24595459057527,9.504912132578793,77.55107188229094,0
1766129395999631400,54.57663134765625,831.0550232091919,0.6834929281030432,180,12.997533162944995,917.4650268713012,66.63934390944516,14.245954590575272,10.218109680482481,77.55107188229094,0
1766129396999634200,55.57663427734375,831.393567731604,0.38762776552319156,180,12.997533808498003,917.8035713937134,317.3267448174155,14.245954570626898,10.175105079124622,77.55107463569067,0.187577752591957
1766129397999630300,56.57663037109375,831.9633190520108,0.7185619110417696,-1,12.997530717520105,918.3733227141201,-1,14.245954582012562,10.18558959067749,77.55107502058974,0.36686741841943926
1766129398999633000,57.5766328125,831.9501285133883,0.7185619110417696,-1,12.997531235560773,918.3601321754977,-1,14.245954577197502,9.913598743115225,77.55107073266909,0.30775199021459515
1766129399999629300,58.57662939453125,831.4484407827258,0.8051301083225696,-1,12.99752788019416,917.8584444448352,-1,14.245954590575272,9.820181953886802,77.55107305188521,0.16218216976929287
1766129400999628000,59.5766279296875,831.0804916964844,1.134949982453604,-1,12.997528913327928,917.4904953585938,-1,14.24595459057527,9.868367240503117,77.55107046183802,0.09188581489882819
1766129401999626800,60.57662670898438,830.797539241612,1.163481479609759,-1,12.997529491462924,917.2075429037213,-1,14.24595459057527,9.619358051727692,77.55106602180905,0.1444928099510431
1766129402999626200,61.576626220703126,830.8958534458652,1.1680618127077498,-1,12.997540511905289,917.3058571079746,-1,14.245954590575272,9.62706093536811,77.55106891564785,0.22461502072895445
1766129403999624700,62.57662475585938,831.0725883152336,1.0296819574111566,-1,12.997542648354163,917.482591977343,-1,14.24595459057527,9.827808438073118,77.55107342299664,0.2159863121549971
1766129404999623700,63.576623779296874,830.8513021459803,1.1713053846287504,-1,12.99754292664998,917.2613058080897,-1,14.24595459057527,9.9610349182252,77.55107453481428,0.13187831292385466
1766129405999622700,64.57662255859375,830.4438541848212,1.0591843682273496,-1,12.99754569498606,916.8538578469306,-1,14.24595459057527,10.092728375503663,77.55107447360095,0.23275906302466076
1766129406999621400,65.57662133789063,830.1991858109832,0.8569168924252114,-1,12.997543134969078,916.6091894730926,-1,14.24595459057527,10.02980530547606,77.55107475361457,0.11939683964307254
1766129407999620600,66.57662060546875,830.1321358243003,1.1091044548579074,-1,12.997538165504151,916.5421394864097,-1,14.245954590575272,9.447640996183258,77.55107375589192,0.11260606419057403
1766129408999618300,67.57661840820313,830.1227377885953,1.1765843111033178,-1,12.997534901910784,916.5327414507046,-1,14.24595459057527,9.37194185038238,77.55107117841172,0.12857544502683863
1766129409999617500,68.57661743164063,829.9475849093869,0.7185619110417696,-1,12.997535446812398,916.3575885714963,-1,14.245954590575272,9.34695779372349,77.55107281511356,0.02735537671112211
1766129410999616300,69.5766162109375,829.9226446021348,1.1806838652748506,-1,12.99753349441335,916.3326482642442,-1,14.245954590575272,9.060355563952676,77.55106956899793,0.12927717012852155
1766129411999616300,70.5766162109375,829.784096121788,1.2695250375192906,-1,12.997531408445964,916.1940997838974,-1,14.245954590575272,8.745692613383182,77.55107056106259,0.23613766934778485
1766129412999613700,71.57661376953125,829.7701402697712,1.062445049950222,-1,12.997527233872516,916.1801439318806,-1,14.24595459057527,8.629139859477458,77.55106881710081,0.05197784649901399
1766129413999612200,72.57661206054688,829.9581349929795,1.1939052774798717,-1,12.99752742170889,916.3681386550888,-1,14.245954590575272,8.264904379624143,77.55106721840346,0.15842438244864995
1766129414999611400,73.576611328125,830.2891912721097,1.194166179795055,164.07410084247977,12.997527768949674,916.6991949342191,108.72185678144947,14.24595456269342,7.983113375633634,77.55107533932903,0.5867841814416294
1766129415999609000,74.57660913085938,830.1492864228785,0.8184815138603854,-1,12.997528459522846,916.5592900849879,-1,14.245954590575272,8.07111399007132,77.55106773196809,0.17740235380001662
1766129416999607600,75.57660766601562,830.0039300192147,1.115518614598495,-1,12.997530008418247,916.4139336813241,-1,14.245954590575268,7.904348198591438,77.55106319547562,0.09056125804223591
1766129417999606800,76.57660668945313,829.8902850225568,1.206725450521777,-1,12.997529708900286,916.3002886846662,-1,14.24595459057527,7.884523074473019,77.55106020725273,0.04805106945131017
1766129418999605200,77.57660522460938,829.9035553168505,1.0136192341916401,-1,12.9975318003615,916.3135589789599,-1,14.245954590575272,7.859566222390855,77.55105513635412,0.0321679285753767
1766129419999604200,78.57660424804688,829.8853562567383,1.2260460550553616,-1,12.9975310894673,916.2953599188477,-1,14.245954590575272,7.82048381215691,77.55105570457731,0.11400943449982234
1766129420999602000,79.57660180664062,829.8905272604898,0.7185619110417696,-1,12.99753025211917,916.3005309225991,-1,14.24595459057527,8.529428828259718,77.551053650729,0.0997233266858364
1766129421999599900,80.57659985351563,829.8905272604898,0.7185619110417696,-1,12.99753025211917,916.3005309225991,-1,14.245954590575272,8.993446790685327,77.551053650729,0
1766129422999599000,81.57659912109375,829.7870118673891,0.7514482635601252,-1,12.99753090334279,916.1970155294985,-1,14.245954590575272,9.096771786686288,77.55104426399171,0
1766129423999597600,82.57659765625,829.5227882899344,0.7185619110417696,-1,12.997528740399204,915.9327919520438,-1,14.245954590575272,9.421956104757289,77.55104665691763,0
1766129424999595800,83.576595703125,829.7118192641065,1.2007133491774156,-1,12.997526612629642,916.1218229262158,-1,14.24595459057527,8.972482411603107,77.55104746885578,0.047219803690571625
1766129425999593200,84.57659326171876,829.6019993983209,0.7185619110417696,-1,12.997524259155044,916.0120030604303,-1,14.24595459057527,8.82842836951801,77.55104651462392,0.003578919617967915
1766129426999593000,85.57659301757812,829.6560004157946,0.980904873878546,-1,12.997523497570786,916.0660040779039,-1,14.245954590575272,8.734999650550076,77.55104141191369,0.10819786311151891
1766129427999592000,86.57659204101563,829.6874618008733,0.9058494581745605,-1,12.997522115059983,916.0974654629827,-1,14.245954590575272,8.801132546239819,77.55104340950281,0.13933887189433666
1766129428999589600,87.57658959960938,829.7238373756409,0.7185619110417696,-1,12.997522113620178,916.1338410377502,-1,14.24595459057527,9.279855169020594,77.55104301425068,0
1766129429999587600,88.57658764648437,829.5644344873726,1.0622998423706682,-1,12.997524443411917,915.974438149482,-1,14.245954590575272,9.340295843550352,77.55103911735662,0.03419916608781784
1766129430999585500,89.57658544921875,829.3765525491908,1.22392609656185,-1,12.997523133100659,915.7865562113002,-1,14.245954590575272,8.782250962319235,77.55103804381217,0.037354310431910516
1766129431999584000,90.576583984375,829.185330237262,0.9153990426721009,-1,12.997518838675033,915.5953338993713,-1,14.24595459057527,9.277527366568426,77.5510469342866,0.06107876793186026
1766129432999581700,91.57658178710938,829.4158957544714,1.2275083543423109,-1,12.99752168494314,915.8258994165808,-1,14.24595459057527,9.10508359822059,77.55105148661666,0.09639298179951418
1766129433999581400,92.57658154296875,829.3994926633313,0.9962926446293066,-1,12.997523863556728,915.8094963254407,-1,14.24595459057527,9.29672069024169,77.5510462477349,0.06763527638353795
1766129434999578600,93.57657861328126,829.3994926633313,0.7128244217548553,180,12.997523863556728,915.8094963254407,90.82978662111935,14.24595459057527,10.238921071675135,77.5510462477349,0
1766129435999576600,94.57657666015625,829.6113776490092,1.2557385862699484,-1,12.997526171148241,916.0213813111186,-1,14.24595459057527,10.004736370904439,77.55105332811523,0.14373605130241673
1766129436999575600,95.57657543945312,829.576774279587,0.7185619110417696,-1,12.99752692571811,915.9867779416963,-1,14.245954590575272,10.699652430691009,77.5510550337423,0.04151142660744515
1766129437999573200,96.5765732421875,829.5812964225188,0.7185619110417696,-1,12.997526945220885,915.9913000846282,-1,14.245954590575272,11.579305413554067,77.55105497262751,0
1766129438999571200,97.5765712890625,829.5812964225188,0.7185619110417696,-1,12.997526945220885,915.9913000846282,-1,14.245954590575272,12.162712689168638,77.55105497262751,0
1766129439999569400,98.5765693359375,829.5812964225188,0.7185619110417696,-1,12.997526945220885,915.9913000846282,-1,14.245954590575272,12.654045342490807,77.55105497262751,0
1766129440999568000,99.57656787109374,829.7239968143404,1.1720889397862144,-1,12.99752466964871,916.1340004764497,-1,14.245954590575272,11.416143273056095,77.55105781015614,0.019649321077975967
1766129441999566600,100.57656665039063,829.514020588249,0.9952028437969413,-1,12.997523833716759,915.9240242503583,-1,14.24595459057527,10.950895618961505,77.55105697696949,0.18106418865345975
1766129442999564500,101.576564453125,829.1545808911324,0.8609514040161201,-1,12.99752428858828,915.5645845532417,-1,14.24595459057527,10.078997765566207,77.55105681377852,0.22847083825595918
1766129443999562800,102.57656274414063,829.1027369396761,0.8702598625580071,-1,12.997525219801329,915.5127406017855,-1,14.24595459057527,10.112209879510567,77.55105626201825,0.2302320792475456
1766129444999560700,103.57656079101562,828.9591604834422,0.7185619110417696,-1,12.997527070132064,915.3691641455516,-1,14.245954590575272,10.152819413862135,77.55106310215918,0.21791657875437306
1766129445999559400,104.57655932617187,829.4746369048953,1.03458815058419,-1,12.997527829654823,915.8846405670047,-1,14.245954590575272,11.174255504630905,77.55107519382176,0.20322697248372476
1766129446999557400,105.57655737304688,829.4782152725384,0.9093812109229167,-1,12.997528138722931,915.8882189346477,-1,14.245954590575272,10.9473275405044,77.5510758422212,0.06539001308528035
1766129447999556000,106.57655615234376,829.4636820042506,0.7098857699991974,180,12.997528161110948,915.87368566636,67.95585851593094,14.245954590575272,11.22081541924463,77.55107564253558,0
1766129448999553800,107.5765537109375,829.3480625366792,0.7185619110417696,-1,12.99752653619998,915.7580661987886,-1,14.245954590575268,10.54221164120612,77.55107708326221,0.0540578348319786
1766129449999551700,108.5765517578125,829.3335412107408,0.7185619110417696,-1,12.9975265157171,915.7435448728502,-1,14.245954590575268,11.472711704226857,77.55107714772429,0
1766129450999550700,109.57655078125,829.3335412107408,0.7185619110417696,-1,12.9975265157171,915.7435448728502,-1,14.24595459057527,12.066273204509415,77.55107714772429,0
1766129451999548000,110.5765478515625,829.193159783259,0.7185619110417696,-1,12.99752742656083,915.6031634453684,-1,14.24595459057527,11.888490014781874,77.5510802034553,0
1766129452999547000,111.576546875,829.193159783259,0.7185619110417696,-1,12.99752742656083,915.6031634453684,-1,14.245954590575272,12.74848939713149,77.5510802034553,0
1766129453999544300,112.57654443359375,829.5344636701047,1.2764199023130598,162.2912427619884,12.997535319023164,915.9444673322141,303.67881485675684,14.245954674046418,11.492783122454775,77.55106900140997,0.6372802959138464
1766129454999543000,113.57654296875,829.250186977908,0.7185619110417696,-1,12.997532586434431,915.6601906400174,-1,14.24595459057527,10.692847652755693,77.55107268765796,0.10916773615087452
1766129455999541800,114.57654174804688,829.1009124871343,0.7185619110417696,-1,12.997530735533601,915.5109161492437,-1,14.245954590575272,10.769761395956627,77.55107423284868,0.145269988813712
1766129456999540000,115.5765400390625,829.1699192542583,0.7185619110417696,-1,12.997527442647474,915.5799229163677,-1,14.24595459057527,10.043242058972368,77.55108290523732,0.0774189592538776
1766129457999536600,116.57653662109375,828.8155550919473,0.9455334931350236,-1,12.997528198634539,915.2255587540567,-1,14.24595459057527,9.986667099691163,77.55108363948618,0.3020592419431279
1766129458999535000,117.57653515625,829.0201955130324,0.7185619110417696,-1,12.997530938283779,915.4301991751418,-1,14.24595459057527,9.162614110559788,77.55108534173054,0.10420452702236287
1766129459999534000,118.5765341796875,829.3441115962341,1.30002810786264,-1,12.997530846585839,915.7541152583435,-1,14.24595459057527,8.958669756638587,77.5510825395439,0.18169221981436648
1766129460999532000,119.57653198242187,829.4282833980396,1.0128091162407848,-1,12.997531570400215,915.838287060149,-1,14.24595459057527,9.033657953094455,77.55108006264119,0.09628143330810426
1766129461999530200,120.5765302734375,829.5448134168983,0.782930059625699,-1,12.997534433457213,915.9548170790076,-1,14.245954590575268,9.206846950109632,77.55107856209797,0.10727788347114556
1766129462999529000,121.57652905273437,829.6925098989159,0.7185619110417696,-1,12.997533936308454,916.1025135610253,-1,14.24595459057527,9.6776181422838,77.55107097439897,0.1386148533375388
1766129463999526400,122.5765263671875,829.8123407671228,1.259296682665675,145.4097456367716,12.997542046906567,916.2223444292322,10.42807765008762,14.245954536124719,9.684487006510256,77.55106687972545,0.7010766051705407
1766129464999525000,123.57652514648437,830.0718917874619,1.1764911577109805,45.27941067433237,12.997570582191795,916.4818954495713,345.29301755244916,14.24595449737305,9.677075644108221,77.55105629380135,2.1049244360588317
1766129465999523000,124.57652319335938,830.226209920831,1.17477930766036,31.373614882215875,12.99760208258877,916.6362135829404,339.82165686188625,14.245954429441632,9.645268717130056,77.55103533707036,3.0337561486356233
1766129466999522300,125.57652221679687,830.8708464615047,1.3244812080344524,34.84421392979475,12.997630589397856,917.2808501236141,353.8373644336546,14.245954365019422,9.407444300595644,77.55103521186099,3.079164274401721
1766129467999519700,126.57651977539062,830.6980594210327,1.1897285358159642,24.299256475628766,12.99767158653166,917.108063083142,342.66537842271543,14.24595431151188,9.852448324429774,77.55101176959867,3.9670958907416534
1766129468999518000,127.57651806640625,830.9932126132771,1.3141450542904558,30.44605097222682,12.997700630505792,917.4032162753865,344.7849435685912,14.245954421672081,9.858093860162636,77.55100788514002,3.4973186470605944
1766129469999516700,128.5765166015625,831.1847644643858,1.2740599287873753,43.18428508573046,12.997707858538941,917.5947681264952,326.26585281281143,14.245954487896462,9.708043343401288,77.55099599457373,2.390449946412703
1766129470999514600,129.5765146484375,832.570921628736,1.074774426769064,74.34653435259139,12.997682425326857,918.9809252908453,237.13501783528352,14.245954600083385,9.524816571636821,77.55099127675751,1.1524262207156413
1766129471999512300,130.57651220703124,833.3585112765431,1.1880550853479355,39.921246385731905,12.997676862322011,919.7685149386525,254.97755852654126,14.245954549237696,9.390786848521795,77.5509634168051,2.4022397494498815
1766129472999509800,131.576509765625,833.3373097833246,1.0384296556500818,24.23687702433052,12.997661106299573,919.747313445434,257.2298410618659,14.245954467549995,9.69726100861344,77.5509228951556,3.4685441247190236
1766129473999681800,132.57668188476563,833.4065642785281,1.186050897991104,23.733429829862224,12.997648915064106,919.8165679406375,258.02050139382465,14.245954487004914,9.395446341822169,77.55088397702161,4.047763365826046
1766129474999682600,133.5766826171875,833.4739856636152,1.2808039164156717,20.068915007059537,12.997639612449118,919.8839893257245,258.0706106369572,14.245954642569654,9.35251784705601,77.55082571598311,5.170247334795536
1766129475999681000,134.57668090820312,833.5439954893664,1.172890346598515,18.328047747726828,12.997626404986303,919.9539991514757,255.12191724915488,14.24595487887986,9.721060470946213,77.55077614278855,5.1843089068160815
1766129476999687200,135.57668725585938,833.5262117180973,1.275699346146526,20.9934020142878,12.997631438165735,919.9362153802067,262.9600560478336,14.245954902034121,9.908660619716951,77.55072619255974,4.923083112037228
1766129477999698700,136.57669873046876,833.1538074873388,1.1886127811130511,26.84247695280803,12.997629496925864,919.5638111494482,257.5839874038995,14.24595496839002,9.86820805790833,77.55070263353002,3.587455040793665
1766129478999702500,137.57670263671875,833.0346669098362,1.1629670539796488,42.223425099170306,12.997633203332525,919.4446705719456,257.31221543485583,14.245954816412073,9.91808406027284,77.55069173012782,2.23107210914515
1766129479999708200,138.57670825195314,833.1793412799016,1.2077841048036677,112.19553430412853,12.997637166352646,919.5893449420109,248.07233974728925,14.245954674439478,9.706130289112316,77.5506942441198,0.8687880912245185
1766129480999716900,139.576716796875,832.811191637069,0.7672508571887193,-1,12.997643334277377,919.2211952991784,-1,14.24595459057527,9.775705680469853,77.55070225642653,0.1828740469338089
1766129481999720400,140.57672045898437,832.9887314252555,0.794583101958464,-1,12.997642324084921,919.3987350873649,-1,14.24595459057527,9.574410167895703,77.55070702099806,0.22337435215410043
1766129482999731000,141.57673095703126,833.9014279795811,1.1049021561100651,92.21434772039034,12.997632391459325,920.3114316416904,187.60079487229075,14.245954712800067,9.440697500444431,77.55070687282343,0.9582080756467758
1766129483999738600,142.57673852539062,833.565355559811,0.8593152997379206,-1,12.997645912402673,919.9753592219204,-1,14.24595459057527,9.710157788400975,77.55071331090517,0.3178104788769676
1766129484999742000,143.57674194335937,833.3187187584117,1.111523531185697,100.27745000781653,12.99764768026088,919.7287224205211,239.72680171083874,14.24595466245549,9.699727642108607,77.55070425925237,0.8977208785123472
1766129485999746800,144.57674682617187,833.0530013032258,1.1920706833637498,-1,12.99766155822272,919.4630049653351,-1,14.245954590575272,9.606867820946238,77.55071462318317,0.15862660659228328
1766129486999756800,145.5767568359375,832.8727419152856,1.0876229609548045,-1,12.997667130149154,919.282745577395,-1,14.24595459057527,9.519186379768948,77.55071511130807,0.044370686839054076
1766129487999762000,146.57676196289063,832.862587290816,1.1625648859654385,-1,12.997672573330824,919.2725909529254,-1,14.245954590575272,9.717479877544712,77.55071985294775,0.03543152260015149
1766129488999765800,147.57676586914062,832.7948817769065,1.097292631866211,-1,12.997675609223647,919.2048854390159,-1,14.24595459057527,9.273455747302739,77.55072322210448,0.05912054319139408
1766129489999768800,148.5767687988281,832.9049548646435,0.9212428083173368,-1,12.997680750851515,919.3149585267529,-1,14.24595459057527,8.651117153524138,77.55072255805422,0.03413855689336038
1766129490999772200,149.57677221679688,832.727411554195,1.1514658824039683,-1,12.997682225309935,919.1374152163044,-1,14.245954590575272,8.39747407620422,77.55072670669058,0.055427535071771415
1766129491999774500,150.5767744140625,832.5575746381655,0.9450820491411928,-1,12.997685537034926,918.9675783002749,-1,14.245954590575272,8.269363616464224,77.55072896212555,0.04699669779679542
1766129492999777800,151.57677783203124,832.5367854973301,0.7185619110417696,-1,12.997690371364047,918.9467891594395,-1,14.24595459057527,8.45469372286435,77.5507294942629,0.036926584616664385
1766129493999779800,152.57677978515625,832.363008855842,0.7185619110417696,-1,12.997688903810648,918.7730125179514,-1,14.24595459057527,8.465239330919184,77.5507313806459,0.03389903422106383
1766129494999783000,153.57678295898438,832.2733606211841,0.7809285860716509,-1,12.997689264951271,918.6833642832935,-1,14.24595459057527,8.414115270860245,77.55073282628841,0.036965356663636144
1766129495999785000,154.5767849121094,832.2053516628221,0.7185619110417696,-1,12.997688942791836,918.6153553249314,-1,14.245954590575272,8.55024199885417,77.55073118374571,0.02615864527289202
1766129496999786200,155.5767861328125,831.9484572382644,0.7185619110417696,-1,12.997685850142547,918.3584609003738,-1,14.24595459057527,8.61975522065596,77.55073147618127,0.10076178090261265
1766129497999788800,156.57678881835938,832.9923476846889,0.6963052454437384,145.57848603696445,12.997686740469094,919.4023513467982,79.77146297269414,14.245954602328496,8.430902212914956,77.55073625737813,0.3563642876248304
1766129498999789300,157.57678930664062,832.6763436449692,0.7679423289453015,-1,12.997688554387425,919.0863473070785,-1,14.24595459057527,8.412738521353768,77.55073168777476,0.2500339177361967
1766129499999791600,158.57679150390624,833.0082967262715,1.1146195078442447,105.34263577434216,12.997679667616127,919.4183003883809,269.9878399736314,14.245954521612171,8.634437343551507,77.55071871693653,0.8551401902611367
1766129500999792400,159.57679248046875,832.8383428929374,1.0686651509061076,175.90348141989188,12.997668473366653,919.2483465550467,257.14878323317726,14.245954568786988,9.038635417208562,77.55071381888457,0.489350533090246
1766129501999794000,160.5767939453125,832.7177304569632,0.7185619110417696,-1,12.997670709831821,919.1277341190726,-1,14.245954590575272,9.262625147878563,77.55071821259806,0.13016130697291153
1766129502999795000,161.576794921875,832.6213683290407,0.7185619110417696,-1,12.997669062126391,919.0313719911501,-1,14.24595459057527,9.005606595262725,77.55071940035053,0.09073439077664895
1766129503999795500,162.57679541015625,832.5907909879461,0.8716370555215817,-1,12.997670066493706,919.0007946500555,-1,14.245954590575272,8.879322346360366,77.55071798181007,0.11973225969575363
1766129504999797000,163.576796875,832.4688948439434,1.0331561361642014,-1,12.99767151610501,918.8788985060528,-1,14.245954590575272,9.0078397920276,77.5507176723745,0.24786932738814707
1766129505999797200,164.57679736328126,832.7431097310036,1.2466605462687226,126.0175619515176,12.997666620385488,919.153113393113,254.07581332535622,14.245954593351179,8.841492245546014,77.55070699602929,0.8011541911148954
1766129506999797500,165.57679760742187,832.6569384904578,1.0274023336557405,94.49697498684904,12.997659169433673,919.0669421525672,245.02010340334493,14.245954623831121,9.26460061771582,77.55069718472213,0.8805418390383437
1766129507999798800,166.576798828125,832.6334897549823,1.151257014495242,76.03746700316567,12.9976528321812,919.0434934170917,260.9072205158314,14.245954574667149,9.392943859736265,77.55068525509805,1.226427469555192
1766129508999798500,167.57679858398438,832.5550606930628,1.155533960819365,75.57423859904598,12.997645377031025,918.9650643551722,259.1669266239722,14.245954593187095,9.372033676657631,77.55067376419291,1.238825414635706
1766129509999799300,168.57679931640624,832.3720853859559,1.2794848096045965,-1,12.997649677555918,918.7820890480652,-1,13.933656861046506,8.903134908855119,77.55067686037941,0.5184430466651188
1766129510999799300,169.57679931640624,832.2677399264649,1.1687431868717828,-1,12.997650316752775,918.6777435885742,-1,13.63697401799418,8.826332141133863,77.55067339057175,0.3336862349011427
1766129511999799800,170.5767998046875,831.9584618918598,1.108559265274834,-1,12.99765479922914,918.3684655539691,-1,13.355125317094469,8.298803768283475,77.55067294409187,0.10356042005474311
1766129512999800000,171.57680004882812,831.8465339019895,0.7185619110417696,-1,12.997654305414162,918.2565375640988,-1,13.087369051239746,7.928618521914012,77.5506698104123,0.03549827550972169
1766129513999799800,172.5767998046875,831.8590719597414,1.2719458327597548,-1,12.997653002644938,918.2690756218508,-1,12.83300059867776,7.723365390728188,77.55066364779228,0.6166709513746969
1766129514999799300,173.57679931640624,832.1492458162829,1.2531213784441841,146.2299017963721,12.997651817800996,918.5592494783923,255.45974741258485,12.591350573452605,7.414813133594511,77.55065408899479,0.6938859890820152
1766129515999804000,174.57680395507813,831.9225955661386,1.289464241983516,117.03545428273954,12.997648815153859,918.332599228248,260.91608843787276,12.361783013535717,7.104709704959036,77.55064358164118,0.8927373170605443
1766129516999800000,175.57680004882812,831.8238007482141,1.2766877154504663,-1,12.99764531123814,918.2338044103235,-1,12.143693888291342,6.982855831837056,77.55064699651994,0.19297220165317186
1766129517999800300,176.57680029296876,831.8508404381573,1.275543540949341,-1,12.997643903913723,918.2608441002667,-1,11.936509193876775,6.832198489097792,77.55064455983542,0.34235328937192505
1766129518999799800,177.5767998046875,831.8684796113521,0.8993950921397321,-1,12.997639057311963,918.2784832734615,-1,11.739683734182938,6.702934758198432,77.55064597475197,0.054488713400141886
1766129519999799800,178.5767998046875,832.1009632023051,0.7185619110417696,-1,12.997638149688457,918.5109668644145,-1,11.552699547473791,6.5635394449921,77.55064121207265,0.12358037510949338
1766129520999798800,179.576798828125,832.018027161248,0.9898800022370503,-1,12.997633853015364,918.4280308233574,-1,11.3750645701001,6.506984196976067,77.55063885643364,0.06703014735470202
1766129521999798300,180.57679833984375,832.2151879873127,0.7185619110417696,-1,12.997633441144998,918.625191649422,-1,11.206311341595095,6.442006945798081,77.55064066239729,0.13779516537025996
1766129522999799300,181.57679931640624,832.0700424257666,0.7201744664783067,-1,12.997636355301522,918.480046087876,-1,11.045995774515342,6.561464425885591,77.55064497857524,0.1179022281017011
1766129523999798000,182.5767980957031,831.8855956019834,1.26718084354658,113.78402929346086,12.997636631713041,918.2955992640927,259.875341903833,10.893695947497324,6.399153697020495,77.55063513266958,0.9023497716909673
1766129524999798000,183.5767980957031,831.7455195114017,1.2737389059038544,76.78524604756471,12.997633089098104,918.155523173511,257.79233070958304,10.749011148432215,6.209832728908386,77.55062029639757,1.3441215651194145
1766129525999798000,184.5767980957031,831.8241427335888,1.266967979266269,72.67370766673451,12.997631253569635,918.2341463956982,258.4649647882416,10.611560620155773,6.046538476076981,77.55060514077319,1.4125655237051356
1766129526999797200,185.57679736328126,831.6388054620475,1.2824554089208753,73.98804827744544,12.99763150477871,918.0488091241568,266.3266692856631,10.480982569842379,5.9207986226935025,77.55059091909084,1.4044883705634579
1766129527999796700,186.57679663085938,831.6115333866328,1.2671391226240662,73.03782953377141,12.997630959218325,918.0215370487422,258.2308656456686,10.356933466546502,5.688898268209186,77.55057594495888,1.4057659540768404
1766129528999796000,187.5767958984375,831.4388767173514,1.2473668003026546,151.34275449148242,12.99762877254579,917.8488803794608,259.7005840583736,10.239086790873957,5.638916074188907,77.55057347480394,0.6675855075533489
1766129529999796000,188.5767958984375,831.3834010111168,1.2605631750824455,-1,12.997629173858256,917.7934046732262,-1,10.12713245308803,5.465672272108078,77.5505714632214,0.6216577222076057
1766129530999795000,189.576794921875,831.5628279102966,1.2684306810260082,78.03234366124451,12.997624497934082,917.972831572406,261.2595683753192,10.020775826839175,5.217469470483825,77.55054942804048,1.3171291123962319
1766129531999794400,190.57679443359376,831.3728669872507,1.2608165730507317,122.4292712324639,12.997626515470582,917.7828706493601,258.6825291730885,9.919737042591233,5.068793757871079,77.55054651466459,0.834373318095755
1766129532999794400,191.57679443359376,831.5286991745234,1.2675219814838221,75.72856196391429,12.997625192357829,917.9387028366327,256.9673546285603,9.823750196017334,4.983128012887364,77.55053145222897,1.3562242442179058
1766129533999794400,192.57679443359376,831.770621930249,1.2595061493298083,97.74855971863711,12.997630051490129,918.1806255923584,259.4359065921387,9.732562677078615,4.9892425939786325,77.55052497188561,1.0438938760256582
1766129534999793400,193.57679345703124,831.7749529490247,1.2731919433080645,-1,12.997639230732316,918.1849566111341,-1,9.645934543737132,4.966003459503733,77.55053151237824,0.33101098268822643
1766129535999793000,194.57679296875,831.6718569714576,0.9699717880310156,-1,12.9976414201014,918.081860633567,-1,9.563637816550276,5.054036655444461,77.55052958007522,0.031839951571007025
1766129536999791600,195.57679150390624,831.8668925110251,0.6774589805868603,72.31456798077643,12.99762825211012,918.2768961731344,247.65643257534532,9.485455976337178,9.005103015338783,77.55051985611186,0.6611149551523503
1766129537999791600,196.57679150390624,832.0321560325101,0.7038662318248898,43.18048622810864,12.997625172282742,918.4421596946195,241.61847208501885,9.411183274656056,9.113498902440273,77.55051089515558,1.146884932850211
1766129538999791000,197.576791015625,832.135123946704,0.6784632743821303,45.82908903104976,12.99763596678904,918.5451276088133,66.14730268941754,9.340623930917813,9.239554078639005,77.55052799339838,0.6797366801882292
1766129539999790300,198.57679028320314,832.124081893824,0.6736168482362869,64.09575381792204,12.997638440723435,918.5340855559334,60.18088320887315,9.273592740647137,9.237794076489976,77.55052555513048,0.4192919895974887
1766129540999789300,199.57678930664062,832.1233205990866,0.9147029538826461,180,12.997639922690013,918.533324261196,59.686737440995024,9.209913108858077,9.105089461145841,77.55052378197438,0.21711250701656873
1766129541999788800,200.57678881835938,831.9372677411884,0.9153860569667617,180,12.997639206485085,918.3472714032978,59.686737031359364,9.149417472653441,8.917545908001536,77.55052210764984,0.05607316923651977
1766129542999788300,201.57678833007813,831.9042176827788,0.9163730001878911,180,12.997640016497838,918.3142213448882,59.6867364120426,9.091946596326563,8.589825817986783,77.55052044208063,0.07713786739837747
1766129543999787800,202.5767878417969,831.6162222949788,0.8957560439450895,180,12.997641351241107,918.0262259570882,59.6867365935985,9.03734926068017,8.611943978070265,77.55052164949132,0.15319466299199966
1766129544999786800,203.57678686523437,831.6013860339299,0.9287517401145304,180,12.9976419995512,918.0113896960393,59.686736348627655,8.985481800298174,8.396900132505227,77.550521140664,0.1552418451124115
1766129545999786800,204.57678686523437,831.6368849789724,0.9375921657335092,180,12.997641098629405,918.0468886410818,59.68673517670851,8.936207712009182,8.29420379563808,77.55051687575208,0.08962446571244645
1766129546999785500,205.57678540039063,831.3737803259864,0.716040156827911,23.013483439093793,12.99764596873995,917.7837839880958,283.4797101015608,8.889397189591278,8.440060617985488,77.5504812597321,2.4986614033576227
1766129547999785200,206.57678515625,830.7666471861303,0.6278961200296576,31.902911870147673,12.99764305105317,917.1766508482397,279.7309234709451,8.844927444499502,9.00941897233353,77.55048897885469,0.9236741140535749
1766129548999783700,207.57678369140626,831.3142521800473,0.6996166710650448,56.85067677663919,12.997642970731706,917.7242558421567,88.56778606304086,8.80268107726779,8.7235910033101,77.5505064538218,0.7722160476721374
1766129549999783400,208.57678344726563,831.8954018261284,0.5801854061049657,85.61405399213892,12.997644813357121,918.3054054882377,68.75496912362301,8.762546989672302,8.930522474564363,77.55050173115109,0.31294984572827655
1766129550999783000,209.57678295898438,831.6838856684044,0.8529666031120142,180,12.997646682617734,918.0938893305138,68.45436530954196,8.724419669069785,8.690387784862029,77.55049867471097,0.14978300260736896
1766129551999782000,210.57678198242186,831.6400780584663,0.9286958958117538,180,12.997647635467592,918.0500817205757,68.45436551694746,8.68819869150718,8.352709005073237,77.55049511684655,0.1109390931889012
1766129552999781400,211.57678149414062,831.7746159313247,0.8822349237892179,180,12.99764927440904,918.184619593434,68.45436618578181,8.653788763666395,8.132000569389893,77.55049438357021,0.035280237889929546
1766129553999780600,212.57678051757813,831.7613967824727,0.8716885053204482,180,12.99764842031619,918.1714004445821,68.4543658494344,8.62109932343184,8.00368941982221,77.55049497623816,0.05240156448961426
1766129554999779600,213.5767795410156,832.167497402057,0.8583892923342551,180,12.997651181132667,918.5775010641664,68.45436711913577,8.590044346341992,8.052809867547117,77.55049620981285,0.1421980412176805
1766129555999778300,214.5767783203125,831.8952165925875,0.8849454411623073,180,12.997649871169733,918.3052202546969,68.45436652859517,8.560542139432943,8.002415172109815,77.55049583009766,0.05932395756015467
1766129556999778300,215.5767783203125,832.0683371685445,0.8682460379695569,180,12.997651319636795,918.4783408306539,68.45436711787019,8.53251503440099,8.024752090804553,77.55049515047767,0.029624121634833862
1766129557999777300,216.57677734375,832.0955240288749,0.8752668080099013,180,12.997651424186095,918.5055276909843,68.45436717944672,8.505889283408274,7.953025908613595,77.55049543009147,0.01957046879416276
1766129558999776300,217.5767763671875,831.7694762321189,0.7101733211021762,64.60090866504578,12.997656342065468,918.1794798942283,288.83349283098414,8.480594733958721,8.225820213017128,77.55048218226104,0.853861891689904
1766129559999776300,218.5767763671875,831.9146443400532,0.7116657463275468,143.57438848604227,12.997654997925917,918.3246480021626,283.4584271285725,8.456565035253053,8.053328394000516,77.55048410651555,0.33873847907271165
1766129560999776000,219.57677587890626,831.9585291827098,0.9208146356566956,180,12.997653608585548,918.3685328448191,283.4584283182288,8.433736813506979,8.136728093663324,77.55048928645408,0.09833925907200561
1766129561999774500,220.5767744140625,831.9195167217404,0.9153899021817726,180,12.997654900985868,918.3295203838497,283.4584279601952,8.412049981615857,7.992487677268205,77.5504883414705,0.031141342807626565
1766129562999774200,221.57677416992186,831.9920165427029,0.9369676998829085,180,12.9976552357259,918.4020202048123,283.4584277508144,8.39144747866971,8.325234916924797,77.55048749314773,0.05734120151444523
1766129563999772700,222.57677270507813,832.1712021706626,0.9313041612538355,180,12.99765617865263,918.581205832772,283.45842758801234,8.371875103948037,8.269809036844661,77.55048731292871,0.050119550797988834
1766129564999772200,223.57677221679688,832.5087105398998,0.9052923265058579,180,12.997659844557687,918.9187142020091,283.4584266641467,8.353281330892155,8.000821345882187,77.5504851069545,0.3422462640078481
1766129565999771600,224.57677172851564,832.4006259776652,0.9114836738338977,180,12.997656353345956,918.8106296397746,283.4584275167138,8.335617284360731,7.928026921574361,77.55048706668815,0.061510798654968356
1766129566999770600,225.5767705078125,832.3873251080513,0.9260556579151958,180,12.99765699491384,918.7973287701607,283.45842741874515,8.31883642025845,8.009382908744518,77.55048701030759,0.03743958639514252
1766129567999770000,226.57677001953124,831.9364721868187,0.9032013009522619,180,12.997656141248282,918.3464758489281,283.45842789644735,8.302894596959073,7.8443058343431815,77.55048888258375,0.11265000010656442
1766129568999769000,227.57676904296875,832.1274269735441,0.8972813479716497,180,12.99765692863356,918.5374306356534,283.45842726973746,8.28774986431883,7.851789583455331,77.55048619275864,0.1842686500405464
1766129569999768300,228.57676831054687,832.1486877463758,0.9059806504876605,180,12.997657157801191,918.5586914084852,283.45842742127604,8.27336237624172,7.744532629950929,77.5504871377888,0.07655950781361627
1766129570999768300,229.57676831054687,831.9639067072421,0.9239915441358548,180,12.997656002168451,918.3739103693515,283.45842786968655,8.259694257595513,7.8412974163097795,77.55048864644904,0.04070105718927097
1766129571999766800,230.57676684570313,832.3836580812931,0.8972962809753237,180,12.997655331403603,918.7936617434025,283.45842727160607,8.246709531559425,7.85903149842848,77.55048508078913,0.26799192961542456
1766129572999765800,231.57676586914062,831.9555100696161,0.9090164555193473,180,12.997655532324442,918.3655137317255,283.45842782636186,8.234374067571265,7.649719986507736,77.55048809233284,0.07638407923861086
1766129573999765800,232.57676586914062,832.047096147202,0.893391615629091,180,12.997654635186759,918.4570998093113,283.4584274848215,8.222655361691759,7.7239593518656395,77.55048569510981,0.19249627999416632
1766129574999764700,233.5767646484375,832.0988099919632,0.9165265972478114,180,12.997655088199688,918.5088136540726,283.4584275964495,8.211522595550848,7.515371156350976,77.55048659082543,0.07685256206516693
1766129575999764000,234.57676391601564,832.1030910965055,0.9031596625956898,180,12.99765444808288,918.5130947586149,283.4584276802328,8.200946467869562,7.923008827365156,77.5504865748262,0.017478015856092214
1766129576999763000,235.57676293945312,831.9910597503185,0.8983597718629595,180,12.997655017940613,918.4010634124279,283.4584274224615,8.1908991430716,7.78318270872938,77.55048564122808,0.05252594187033676
1766129577999762200,236.57676220703124,832.109726715833,0.9113542781811826,180,12.997655042007297,918.5197303779423,283.4584272880715,8.181354183750031,7.927710214795643,77.5504849627601,0.0684340986962397
1766129578999761700,237.57676171875,832.0358024761081,0.9148715282891082,180,12.997655961634278,918.4458061382174,283.45842712140836,8.172286475250683,7.929733259018121,77.55048474620077,0.050835468072951986
1766129579999761200,238.57676123046875,832.1315661324188,0.9045647919423356,180,12.997656115216449,918.5415697945282,283.4584271838952,8.163672153619155,7.79073794377486,77.55048517737507,0.012546272958992575
1766129580999759600,239.57675952148438,832.1275475528091,0.8909325787321855,180,12.997657298233067,918.5375512149185,283.4584267389084,8.155488541894663,7.775399692199205,77.55048370566018,0.13258416373827778
1766129581999759000,240.57675903320313,832.1868012957275,0.8927503563869295,180,12.997657245553468,918.5968049578369,283.4584268305647,8.147714118324926,7.750897701239049,77.5504841429197,0.02273708878701579
1766129582999758300,241.57675830078125,832.1158007895574,0.9340287805169006,180,12.997657199235018,918.5258044516668,283.4584268021928,8.14032840916078,7.7449839883958465,77.55048396358971,0.05187015477710934
1766129583999757300,242.57675732421876,832.2123915040866,0.9217520487643313,180,12.997656335853021,918.6223951661959,283.45842708060894,8.133311988260473,8.142824636539428,77.55048479788523,0.03479461679191816
1766129584999763500,243.57676342773436,832.176368846558,1.033132156390272,180,12.997655233536381,918.5863725086674,283.4584268931902,8.126646344883747,7.821334110367159,77.55048305404208,0.30028366320081623
1766129585999756000,244.57675610351563,832.2339347470552,0.7182761837492873,52.59139759535985,12.997664436624955,918.6439384091645,313.55552088940806,8.120313817448263,7.9787741432600505,77.55047073366785,1.1053595977421475
1766129586999755500,245.57675561523436,832.1889907764271,0.9075311545364417,180,12.9976567736103,918.5989944385365,308.4815120776303,8.114298336259193,8.21098255574483,77.55047558305895,0.1534216776612379
1766129587999755300,246.57675537109375,832.091974212788,0.9305376845989195,180,12.99765551110962,918.5019778748974,308.4815108943078,8.108583381697871,7.702656695864891,77.55047223201055,0.34965921039992665
1766129588999753000,247.5767529296875,832.0875563276932,0.8973988662425938,180,12.99765526225556,918.4975599898025,308.4815091649502,8.103154176526886,7.81608435954733,77.55046676338523,0.37725496441507744
1766129589999752200,248.57675219726562,832.1974533488974,0.90116096908871,180,12.99765270984421,918.6074570110068,308.4815092059372,8.097996552463082,7.9183469050210835,77.55046780857342,0.05675568433823132
1766129590999751700,249.57675170898438,831.9472401384264,0.9066229285430373,180,12.997652171203306,918.3572438005358,308.48150941991173,8.093096716283132,7.758430876328664,77.55046868900058,0.09627455928346623
1766129591999751400,250.57675146484374,832.1072120349854,0.8992221966668497,180,12.99765459495448,918.5172156970948,308.4815101041499,8.088441880368526,7.647446755466646,77.55047002053487,0.1054071436213824
1766129592999750100,251.5767502441406,832.2160547943786,0.9134692872276312,180,12.99765503574481,918.626058456488,308.48150997315406,8.084019791186481,7.710891369169144,77.55046944179789,0.08592410951227346
1766129593999749600,252.57674951171876,832.4496191600338,0.9065831153777878,180,12.997654227795563,918.8596228221431,308.48150981523486,8.079818796891281,7.874471088666112,77.55046922344049,0.10955167413737388
1766129594999749000,253.5767490234375,832.1105082565919,0.934867360434885,180,12.997654171463433,918.5205119187012,308.48150954223786,8.07582785298594,7.68972808800277,77.55046836626241,0.1430886092879063
1766129595999748400,254.57674829101563,832.0430959677324,0.9206453222855673,180,12.997652210833703,918.4530996298417,308.4815097674001,8.072036471081127,7.929354068508897,77.55046979155085,0.06752524021179802
1766129596999747300,255.57674731445312,832.157134433277,0.9164411599713812,180,12.997653606695367,918.5671380953863,308.4815100575743,8.068434648393183,7.956320771431385,77.55047022453549,0.05667880997587365
1766129597999745800,256.5767458496094,832.1652577519417,0.9115048726682602,180,12.997653408621598,918.575261414051,308.48150982117465,8.065012913431143,7.920309440380509,77.55046953569862,0.08465977636978098
1766129598999745800,257.5767458496094,832.2957919258624,0.718417001735167,57.79676713416054,12.997652306113581,918.7057955879718,268.41104814763673,8.061762234589992,7.811310881987153,77.55046090038064,0.9234157991246424
1766129600000471600,258.5774714355469,832.3327812645584,0.7167604619323866,112.64263392020612,12.99765232865325,918.7427849266678,271.1650436522066,8.058674143000784,8.274998045902649,77.55045757252064,0.5055744194908045
1766129601000473600,259.5774736328125,832.2765134572983,0.7182101550678415,125.48307003121796,12.997650156184221,918.6865171194077,266.0420165653114,8.055740453001725,8.235662939815745,77.5504552608937,0.44609273007939204
1766129602000467500,260.5774675292969,832.2178723998368,0.910844528180324,164.65136949899397,12.9976489806915,918.6278760619462,266.252271799353,8.05295344061525,8.006768317667966,77.55045336327422,0.4478786827874322
1766129603000473600,261.5774736328125,832.3138119475916,0.7165568907641137,30.425486547914115,12.997647491160874,918.723815609701,267.077450546356,8.050305802459068,8.206454781775966,77.5504328158649,1.886393762310047
1766129604000473900,262.57747387695315,832.5072274040431,0.7161641856779057,26.41561538775371,12.997646879663291,918.9172310661525,268.07576642407366,8.047790487192458,8.477030773099244,77.5504101305973,2.140097896095918
1766129605000462600,263.5774626464844,832.3842144859955,0.7185618477284994,19.48473148297935,12.997644754667707,918.7942181481048,267.74885896905687,8.045401104363485,8.519637931156005,77.5503803891663,2.9881815758324226
1766129606000457700,264.5774577636719,833.0770028689876,0.715301426416258,13.774677782129746,12.997641505156551,919.487006531097,266.5008180060795,8.043131055390816,8.597604563261992,77.55033948475909,4.140390524663201
1766129607000456200,265.5774562988281,832.574186924845,0.718535995434143,12.976316250927267,12.997635791461706,918.9841905869544,264.612757926794,8.040974574235678,8.378276355443635,77.55029624342573,4.486295900228456
1766129608000442600,266.57744262695314,832.6520543200895,0.7182953424178317,11.500030849825691,12.997627342489034,919.0620579821989,262.4227025616917,8.038925895682945,8.231842265414631,77.55024807809822,5.0528967422614715
1766129609000442000,267.57744213867187,832.680950907059,0.7184813630612084,11.414428092631995,12.997617990363258,919.0909545691684,259.97823955426486,8.036979748336407,8.114293105328409,77.55020200229004,5.098944238497661
1766129610000438500,268.5774384765625,832.7438632501289,0.7185563855955649,12.230763181997446,12.99761351606026,919.1538669122383,262.7458099144589,8.035130673973082,8.061311911712162,77.55016091141157,4.760325810933516
1766129611000424000,269.577423828125,832.6921616718173,0.7184824396523887,13.002407816884466,12.997606736408608,919.1021653339267,261.92679210522897,8.033374048470893,7.989376630689785,77.55011999150464,4.4758055434719095
1766129612000420000,270.5774201660156,832.3732993630692,0.7178182829934964,12.97500888256972,12.99760057572606,918.7833030251786,261.6924707664238,8.031705405914549,7.946305870909183,77.5500804286764,4.464878969883008
1766129613000416800,271.57741674804686,832.4596076216549,0.7184870052877966,11.422899527161984,12.997570904883135,918.8696112837642,265.6791687011719,8.030120282817263,7.994519401403841,77.55003405798733,5.0965375130345105
1766129614000402400,272.57740234375,832.5891473833472,0.718540684671538,10.142241705712857,12.997566841669364,918.9991510454565,265.6791687011719,8.028614287707954,7.852238172420742,77.54997921753976,5.7403193269456025
1766129615000387600,273.5773876953125,832.6752743702382,0.7185609348814991,9.309166927096125,12.997562521044149,919.0852780323476,265.6791687011719,8.027183561601968,7.7546536019227625,77.54992090286338,6.254450541884054
1766129616000373800,274.57737377929686,832.7594667281955,0.7185063763537979,8.940853429273027,12.997558052525987,919.1694703903049,265.68017578125,8.025263983405582,7.706032983033559,77.54986057814352,6.510470581881288
1766129617000359700,275.5773596191406,833.036007954739,0.7184918114581405,8.144174650404477,12.997553047624274,919.4460116168484,265.68017578125,8.022464701365765,7.54346347731547,77.54979301198043,7.149117060113272
1766129618000346600,276.5773466796875,832.7921281987801,0.7185469512637311,7.843925098702799,12.997547978098845,919.2021318608895,265.68017578125,8.018779406839169,7.617596956931855,77.54972457337993,7.4223816579561825
1766129619000335600,277.5773356933594,832.5808245185763,0.7185351577908681,7.402652422607165,12.997557994614477,918.9908281806856,265.78826904296875,8.014053054788876,7.722154342216849,77.54964771286703,7.864489824768386
1766129620000324400,278.5773244628906,832.2489085756242,0.7185097245391714,7.257912949042351,12.997545747729685,918.6589122377336,265.78826904296875,8.010145047075309,8.501372018253798,77.54957407586073,8.023834009748084
1766129621000313000,279.5773129882813,833.6461780061945,0.7165951919752959,7.222636760189033,12.9975318360798,920.0561816683039,267.4213562011719,8.007043850986781,8.261894156232906,77.54949032997818,8.785615095697137
1766129622000302300,280.5773022460937,832.6941044609994,0.7184458488406277,7.257648522172111,12.99752872215565,919.1041081231087,267.4213562011719,8.004619041836659,8.42217209205993,77.54940844123527,9.038043076893107
1766129623000292900,281.57729296875,832.9252839712426,0.7185473349092031,7.258753639540165,12.997521440287828,919.335287633352,267.4213562011719,8.002970813654162,8.260281073550365,77.54932317344888,9.31208812953809
1766129624000283100,282.577283203125,833.0481410203502,0.7185604670937505,7.258970782454813,12.997521233522818,919.4581446824595,267.4213562011719,8.001883714556195,8.310442358729025,77.54923762248873,9.334646189068858
1766129625000274000,283.57727392578124,833.1105571100488,0.718553134624287,7.25878861323397,12.997521071314798,919.5205607721582,266.957275390625,8.001196591156756,8.200118863942233,77.54914997798267,9.533081627244393
1766129626000266000,284.5772658691406,833.4942371258512,0.7184856863960243,7.25850523168605,12.997516865007752,919.9042407879606,266.957275390625,8.000744657590648,8.530901987871545,77.54906177682521,9.556722996491082
1766129627000258000,285.57725805664063,834.1495012501255,0.7179118845569017,7.236737670477836,12.997501441132703,920.5595049122348,266.957275390625,8.000745065322523,10.126849716512996,77.54896623656458,10.085160801894672
1766129628000250000,286.57725,833.9424076126888,0.7185212638967121,7.258720810036635,12.997494993539842,920.3524112747982,268.8478088378906,8.000188653219492,9.301136158850204,77.54887522258443,10.00357379707563
1766129629000243200,287.5772431640625,834.2983283083886,0.7185481742555133,7.258095248474926,12.997492539272441,920.708331970498,268.4951171875,8.000094139990448,9.230829242947534,77.54878616366061,9.819381106601941
1766129630000236000,288.57723608398436,835.1717123007402,0.7182568108250456,7.251278426955305,12.997488161405656,921.5817159628496,268.4951171875,8.000055540922265,9.098001541444631,77.54869596844217,9.847956636882834
1766129631000229000,289.57722900390627,835.2271550949663,0.7180575410337057,7.2502802425088,12.997482166031897,921.6371587570757,268.4951171875,8.000031216390232,8.751424911290977,77.5485942691085,10.423910135127624
1766129632000222500,290.5772224121094,836.1495420718566,0.717714719859446,7.244583620046428,12.997476672745478,922.5595457339659,268.4951171875,8.000018217285072,8.088347412618857,77.54849968607122,10.366774491421943
1766129633000216600,291.5772165527344,836.6684629516676,0.7177665213379122,7.248157136934493,12.997474706763262,923.078466613777,268.4951171875,8.000010772597705,7.129287314136049,77.54840436188766,10.311185461974302
1766129634000210700,292.57721069335935,836.667934589088,0.7183562006102624,7.256711274812905,12.997465141360433,923.0779382511973,267.6482849121094,8.00000636281785,6.413537645485091,77.54831188207174,10.18954198707758
1766129635000205000,293.577205078125,836.8080577049404,0.7183880563018604,7.258667005745804,12.997466068398811,923.2180613670498,267.6482849121094,8.000003328514522,6.6114664295981544,77.54821346092051,10.351112558179542
1766129636000199700,294.57719970703124,837.5022301170975,0.7182554491492662,7.253827864652982,12.99746635505329,923.9122337792069,267.6482849121094,8.000001781569122,7.157106489504578,77.54811875083192,10.30715884632469
1766129637000195000,295.5771950683594,838.638239890337,0.715728873091503,7.228295719163954,12.997475318210281,925.0482435524464,267.6482849121094,8.000001047667489,7.193325981134232,77.54804067084646,8.989192365278846
1766129638000189000,296.57718896484374,838.1299907164648,0.730924242035331,7.9789376126118565,12.997471890139684,924.5399943785742,267.6482849121094,8.000000632892515,5.858613906725161,77.5479767861321,7.426352776651124
1766129639000184600,297.5771845703125,837.4868132229894,0.718194186840348,8.347712893439247,12.997462857833382,923.8968168850988,267.6482849121094,8.000000275471239,7.240086886912738,77.54790791656539,6.965729717313739
1766129640000180200,298.5771801757812,838.1851362586021,0.7184222050578383,9.7701491479106,12.997459260933125,924.5951399207115,267.6482849121094,8.000000360334951,8.320314207151421,77.54785742500047,5.955814436616687
1766129641000175400,299.5771752929688,838.2585618803278,0.7181377414292996,11.202231567493751,12.99745817669225,924.6685655424371,267.6482849121094,8.000000063480236,7.989337542089862,77.54781133513875,5.196179632505476
1766129642000170800,300.5771706542969,837.7620930094272,0.7177645655822721,13.721347859188603,12.997461103035771,924.1720966715366,267.6482849121094,7.999999751291803,8.974123408967332,77.54777995384545,4.217955706760452
1766129643000166700,301.57716674804686,838.47189517878,0.7175651599572096,17.70241831667756,12.997460892336353,924.8818988408893,267.6482849121094,7.999999790366663,8.410295899901401,77.54774923417978,3.2568479343671695
1766129644000161800,302.57716186523436,837.9696518648416,0.7178585255470344,24.07065358773137,12.997461111525888,924.379655526951,267.6482849121094,8.000000286050856,8.711166237897846,77.5477317313541,2.400527499042576
1766129645000159000,303.5771589355469,838.4961345279589,0.718142768723065,20.2084425932854,12.997460644372682,924.9061381900683,267.6482849121094,8.000000385054031,8.713642188435433,77.54770528828956,2.864535382085825
1766129646000155000,304.57715478515627,838.8039264352992,0.7177460041905296,20.052323393251346,12.997457521548023,925.2139300974086,267.6482849121094,8.000000446958964,8.69648139585963,77.54767806844804,2.8755223325043384
1766129647000151000,305.57715112304686,838.7956153107807,0.7185044405787848,15.358203219100975,12.997456717082319,925.2056189728901,267.6482849121094,8.163573755159545,8.517524923538252,77.54763919112338,3.789696759322102
1766129648000147000,306.57714697265624,838.8105603288859,0.7181591120117616,13.069743711172634,12.997472033541047,925.2205639909953,267.6482849121094,8.179467556638258,8.499220012178636,77.54759218441671,4.452341548126404
1766129649000144100,307.57714404296877,839.29578780476,0.7182724029240369,11.835194966282453,12.997475107189981,925.7057914668694,267.6482849121094,8.16566229446238,8.056860166699467,77.54754449814446,4.913955308229132
1766129650000140000,308.57714013671875,840.2138922866434,0.7154148427272066,10.195037155637332,12.9974724707871,926.6238959487528,267.6482849121094,8.153829498084715,7.818567390045843,77.54748991946802,5.646715220145219
1766129651000136200,309.57713623046874,839.9643697328866,0.7182542583665991,8.569764559991736,12.997454942068456,926.3743733949959,267.6482849121094,8.211236994047098,7.652429307720984,77.5474206898382,6.787940589425855
1766129652000134000,310.5771337890625,839.5354840792716,0.7183472131055357,7.860573050971982,12.997460971345939,925.9454877413809,267.6482849121094,8.183693727983895,8.082125926028747,77.54735061297539,7.406792324272745
1766129653000130300,311.57713037109374,838.987157812342,0.7185320712243651,7.8616123890239145,12.997453936573946,925.3971614744514,267.5122985839844,8.715283674497378,9.486917980179976,77.54728032180327,7.405070474394053
1766129654000126700,312.5771267089844,838.8524753572419,0.7185166490566959,8.706328147894467,12.997442119549738,925.2624790193513,267.5122985839844,8.55015783908711,9.347273678709053,77.5472204231613,6.6875170865359275
1766129655000123400,313.57712329101565,839.4599428484216,0.7176584761598801,9.489634258998151,12.997440942845909,925.869946510531,267.5122985839844,8.420601746842229,9.213168880568531,77.54716305321969,6.110590076946709
1766129656000120800,314.5771208496094,838.5807480178773,0.7180132941008827,9.231831126750649,12.997437845060826,924.9907516799867,267.5122985839844,8.943131317236336,9.125487168920312,77.54710146173771,6.292133520668107
1766129657000118000,315.5771179199219,838.5899556167424,0.7183585466439317,10.346650484207917,12.997431862461212,924.9999592788517,265.6873579365772,9.047499174608124,10.042905093372317,77.54704992386105,5.6228500484514035
1766129658000114700,316.57711474609374,838.5995439076796,0.7183652832080231,14.337980789440513,12.997427690924141,925.009547569789,263.1654077774903,8.889762948695994,10.909779217043278,77.54701705081924,4.057026277032763
1766129659000111900,317.5771118164063,838.1928140558302,0.7160650603451175,22.999115424949792,12.997421120467223,924.6028177179396,256.81949334061926,8.974555543471006,10.76170438285091,77.54699665966677,2.4926047842373547
1766129660000108800,318.57710888671875,838.2538460921496,0.7057886483122544,68.89075875288228,12.997424638178495,924.663849754259,263.00926853650867,8.852736111081795,10.540161246524434,77.54699162563186,0.7596876756755063
1766129661000106200,319.5771062011719,838.4408754911274,0.85618634356335,180,12.997425864501553,924.8508791532367,267.5122985839844,8.757987664208194,10.483046871841566,77.54698831757248,0.20693950769844016
1766129662000103700,320.57710375976563,838.3931236611679,0.8876857856242153,180,12.997425646403707,924.8031273232773,267.5122985839844,8.682188898821888,9.686433397511385,77.54698526578252,0.186069614092966
1766129663000100400,321.5771003417969,838.8029144182801,0.8981068953327197,180,12.997425367260321,925.2129180803895,267.5122985839844,8.620171714240925,8.851049543681532,77.54698252586331,0.139009098075249
1766129664000098000,322.57709814453125,838.7723217587918,0.8793066396991045,180,12.997425889510012,925.1823254209012,267.5122985839844,8.568490744910623,8.699346481346424,77.5469798809462,0.11679231377048944
1766129665000095000,323.5770949707031,838.9287163866684,0.8934089390800052,180,12.997426381243333,925.3387200487778,267.5122985839844,8.52476068858552,8.7827466904089,77.54697866264202,0.055108053729109756
1766129666000093200,324.57709326171874,838.8758291909471,0.8862734655026483,180,12.997427561600471,925.2858328530565,267.5122985839844,8.487277782180055,8.402759324589116,77.54697797873112,0.06942509285111426
1766129667000090000,325.5770900878906,838.9239232037216,3.688285139956249,180,12.997430496229986,925.333926865831,267.5122985839844,8.468829734446473,7.429051095612142,77.54697590659272,0.09918399973516397
1766129668000087600,326.57708764648436,839.231076781638,3.698599535385908,180,12.997431355307906,925.6410804437473,267.5122985839844,8.439527872427114,8.108368881886761,77.54697293504704,0.134527290591156
1766129669000084200,327.5770842285156,838.9480859274045,3.6836209437944816,180,12.997432937340019,925.3580895895138,267.5122985839844,8.413673294746403,7.6583378877411326,77.54697189152064,0.10306384642282711
1766129670000082400,328.57708251953125,839.3038263730705,3.6151710679521765,180,12.99743328205054,925.7138300351799,267.5122985839844,8.390691444523275,7.75404657468146,77.54697112819137,0.04210752140249825
1766129671000080100,329.577080078125,839.6391456797719,3.653732311703683,180,12.997434925472945,926.0491493418813,267.5122985839844,8.370128736640883,7.912382309712256,77.54697036748807,0.0667313064132298
1766129672000077000,330.5770771484375,839.4007338192314,3.5865004241222347,180,12.997435879832377,925.8107374813408,267.5122985839844,8.351622290140869,7.637677174474033,77.54696471657682,0.4886530965973134
1766129673000074800,331.5770747070313,839.8907764647156,2.0039259158269043,102.56577237052335,12.997434408933474,926.300780126825,267.5122985839844,8.334041090346691,8.033478154216207,77.54693569938624,2.491155810725055
1766129674000073000,332.5770729980469,840.371433400549,1.8399190185692516,47.7848216171632,12.997431317600244,926.7814370626584,267.5122985839844,8.317338918038896,8.042884521147961,77.54690696602911,2.946659613266845
1766129675000070100,333.5770700683594,840.4716217732057,1.8507574554926893,34.84546654704907,12.997431725312342,926.8816254353151,264.45234576406585,8.30147174489181,7.6702858254741795,77.54686957709167,3.974453736386151
1766129676000067300,334.5770673828125,840.4535379642621,1.8528825372362443,33.04514737712522,12.997430497301606,926.8635416263714,265.100207221725,8.286398134683466,7.411792059336009,77.5468252739717,4.395581289131346
1766129677000065500,335.5770654296875,840.351029092446,1.8473002378799241,34.74734090760478,12.997428874546307,926.7610327545553,265.32339578384233,8.272078273657849,7.18678298484359,77.54678376501235,4.28497343312504
1766129678000062500,336.5770625,840.235430999659,1.7927239123939687,31.676463162372524,12.997417817915945,926.6454346617684,261.28112198792144,8.258474382672391,6.982204104240609,77.5467411393996,4.583018180436706
1766129679000060700,337.57706079101564,840.07314419467,1.8370166413896307,33.023237948459126,12.997417256598364,926.4831478567794,262.94436757654205,8.24555067673861,6.8752055413287385,77.54670240206065,4.507104412356898
1766129680000057600,338.5770576171875,840.0390402171761,1.8318862963439064,37.68416419163344,12.997415392592538,926.4490438792855,268.0267028808594,8.233273168836199,6.817693356808895,77.54666557405403,3.9362853974986804
1766129681000055800,339.57705590820314,839.5197416469455,1.8300920665929916,37.70434133964282,12.997412349070657,925.9297453090549,268.0267028808594,8.221609523559744,6.96085026855616,77.54663490944625,3.798741121077521
1766129682000054300,340.57705419921876,839.511982104741,1.8310516238167038,32.77830377323661,12.997409965369314,925.9219857668504,268.0267028808594,8.210528984641863,7.453994749523902,77.54659324059254,4.495011537592285
1766129683000051000,341.57705102539063,839.4674514532089,1.8058459594384084,27.93146891065979,12.997410206376102,925.8774551153183,267.7891845703125,8.200002389833745,8.091848763580701,77.54654516050252,5.2369540310014715
1766129684000049700,342.57704956054687,839.3661493407562,1.8392870173411344,26.36931974644642,12.997408837978938,925.7761530028656,267.7891845703125,8.190002171859714,8.427687971413492,77.54649281043362,5.651237181960673
1766129685000047600,343.5770476074219,839.4541630148888,1.8438578408432564,28.44331986031442,12.997411037085769,925.8641666769981,267.7891845703125,8.180502098490111,8.696474348950675,77.5464442693694,5.2489176944201095
1766129686000043800,344.5770437011719,839.1902876859531,1.8334128810643315,28.135932131530215,12.997411557392418,925.6002913480625,267.7891845703125,8.17147700519356,8.524592754189777,77.54639692645638,5.096540376274262
1766129687000042800,345.5770427246094,838.9749723188579,1.8347415492685744,25.687917790623423,12.997414129445636,925.3849759809673,267.7891845703125,8.162903106024729,8.319639245775356,77.54634162511084,5.75172264984302
1766129688000040400,346.57704052734374,838.9250272056088,1.8470050591877978,25.130992894491687,12.997414184765297,925.3350308677182,268.2027893066406,8.154757840262434,8.357775787819167,77.54628589322158,5.949681541890379
1766129689000037000,347.577037109375,838.713018652983,1.790451965712349,22.12018199888678,12.997414929951299,925.1230223150924,271.7160339355469,8.145998473799237,8.156768160473444,77.54622432978363,6.526256464281226
1766129690000035300,348.5770354003906,838.2848895303905,1.8276487058121318,23.772786147101762,12.997418570001637,924.6948931924999,271.7160339355469,8.135123027269115,7.961612548552546,77.54616900526669,6.184557247629508
1766129691000033300,349.577033203125,837.712542260997,1.8285953370209287,31.817670924864377,12.997415856159646,924.1225459231064,271.5445556640625,8.125471642097107,7.87451203599947,77.54613245076858,4.479775629545281
1766129692000031000,350.5770310058594,837.5340102752671,1.8317748326879135,34.65272349165275,12.997417741407013,923.9440139373764,271.5445556640625,8.117106923544904,7.720248405414963,77.5460968251791,3.955575453851316
1766129693000028700,351.57702856445314,837.0905858585611,1.855090643846616,33.209490590680375,12.997414326496765,923.5005895206705,271.5445556640625,8.109787684120311,7.663749254805188,77.54606072847743,3.991394056058897
1766129694000027100,352.5770270996094,836.9499611025676,1.8466423444379347,33.4593460666648,12.997416984366568,923.359964764677,271.5445556640625,8.103329527653603,7.5580386261343016,77.54601976647812,4.4393015546320616
1766129695000024600,353.57702465820313,836.9084239974618,1.788045678748891,28.153777269710105,12.997426870955183,923.3184276595712,271.5445556640625,8.097588863215005,7.4516777839454384,77.54597332168423,5.054587707511251
1766129696000022000,354.57702197265627,836.6322858696803,1.80904872096125,24.732272056572203,12.997430845620189,923.0422895317897,271.5445556640625,8.09245254732416,7.72968150086357,77.54592187424073,5.426948507178337
1766129697000019200,355.57701928710935,836.7837660610676,1.78756611536857,23.024835426918802,12.99743436442842,923.193769723177,271.5445556640625,8.087829725471792,8.016541715470817,77.54586024821577,6.201616512540152
1766129698000017700,356.577017578125,836.5977152734995,1.8044571675015544,23.481884990935626,12.997437044341138,923.0077189356089,271.5445556640625,8.081899535080737,8.11019046766896,77.54580332957211,6.034426528255044
1766129699000015400,357.5770153808594,836.4459159215912,1.7927188124872133,28.634086903414786,12.997436064649074,922.8559195837006,271.5445556640625,8.07678090124977,8.086171947309644,77.54575970736484,4.870966434769383
1766129700000013300,358.57701342773436,836.1587801417336,1.8289461126219755,31.024615546998724,12.99743443170377,922.568783803843,271.5445556640625,8.072264401013028,7.989959453023489,77.54572112733875,4.474451800696831
1766129701000011000,359.5770109863281,835.9877309519798,1.8440788276168063,30.051016033415213,12.997429715660234,922.3977346140891,271.5445556640625,8.068249720221965,8.000545876322926,77.54567766464996,4.733955990678155
1766129702000009000,360.5770090332031,835.8880865117535,1.8337556412499816,29.47497134671024,12.997429990644568,922.2980901738629,271.5445556640625,8.064657557488328,7.899397151844333,77.54563095457291,5.00389172516338
1766129703000006700,361.5770065917969,835.5925879646093,1.8284773238991567,27.00955279742996,12.997432366619158,922.0025916267186,271.6852111816406,8.061424529977,7.734286373609882,77.54558248114031,5.088516801770805
1766129704000004400,362.57700439453123,835.5517180329189,1.7886813054218518,28.30830975311753,12.997430591613426,921.9617216950282,271.6852111816406,8.058353185652312,7.697086200413035,77.54553546014866,4.957804796181323
1766129705000001800,363.57700170898437,835.5367692736909,1.841261246328639,37.22652782069379,12.997430976466593,921.9467729358003,271.6852111816406,8.058353389041155,7.474883302933053,77.54550216202271,3.9205132531527336
1766129706000000000,364.577,835.3864553757012,1.809325103627279,38.1857665882513,12.9974304931605,921.7964590378106,271.6852111816406,8.04495682264252,7.473375193577867,77.54546878440166,3.6518807662089707
1766129706999998200,365.5769982910156,835.445851849392,1.8413357951375524,45.69624149651391,12.997430780622901,921.8558555115014,271.6852111816406,8.035965386611952,7.437247223146995,77.54544006673247,3.112377318694673
1766129707999996200,366.57699609375,835.656306579709,1.8414256276345284,56.44446986311538,12.997432385654315,922.0663102418184,271.6852111816406,8.029971108505464,7.54807877515416,77.54541792167686,2.5855986004112754
1766129708999994000,367.576994140625,835.674867445603,1.8479011694020413,56.062189048719006,12.997433842975756,922.0848711077124,271.6852111816406,8.025689385129,7.850066649281255,77.54539304739923,2.6702103966217936
1766129709999991000,368.57699096679687,835.5947473188862,1.8067037055485333,45.31732288324805,12.997433921125905,922.0047509809956,275.21148681640625,8.022477999410487,8.099433950268999,77.54536365924011,3.123712391033465
1766129710999989500,369.5769895019531,835.5671013426036,1.8447878795420303,52.01529815165684,12.997435085639712,921.9771050047129,275.21148681640625,8.01998042223822,8.32368728678935,77.5453363310013,2.859182179496567
1766129711999987700,370.57698779296874,835.8401824031025,1.8182913634794993,64.54596934141712,12.997436835819755,922.2501860652119,275.21148681640625,8.017982541114499,8.410836543630545,77.54531930551094,2.1566615945260583
1766129712999984400,371.576984375,835.8079872755334,1.8479035531446673,63.11487429446138,12.997438743677272,922.2179909376428,275.21148681640625,8.016347781039713,8.371262977023477,77.54530222015829,2.0663546215115085
1766129713999983600,372.5769836425781,835.8414979148656,1.8403474488082463,55.93664852936984,12.997442249493538,922.251501576975,275.21148681640625,8.014985369060057,8.306703021419784,77.54528006973644,2.450676131688843
1766129714999980800,373.57698071289065,835.8162423735484,1.8227805535711286,47.32566738526151,12.997445591311749,922.2262460356578,275.21148681640625,8.013832478739252,8.178658899133755,77.5452503267181,3.1124759150612618
1766129715999978500,374.576978515625,835.873930549249,1.7813632132007422,44.26983807628716,12.997450830098261,922.2839342113584,275.21148681640625,8.01284440673545,7.789474206532869,77.54522020271567,3.2423935478246113
1766129716999976700,375.57697680664063,835.9865654353052,1.8377542493147194,46.67232775355952,12.997453696452967,922.3965690974146,275.2034912109375,8.01198810087938,7.766901111332139,77.54519288451085,3.02679490812353
1766129717999973600,376.5769736328125,835.9754925286397,1.816517685160525,52.90039261935944,12.997455969540608,922.3854961907491,275.2034912109375,8.011238815696448,7.76142436401399,77.5451689475345,2.780221140576011
1766129718999971800,377.5769719238281,836.1454492043704,1.8087839605645921,39.15297144892947,12.997460299184908,922.5554528664798,275.2034912109375,8.010577605476778,7.894875464948961,77.54513662745136,3.537265493140679
1766129719999969300,378.57696923828127,836.2663860209286,1.767274106751914,30.051634623873706,12.997468972528344,922.676389683038,275.2034912109375,8.009989774846057,7.65039721283042,77.54509394181244,4.615802008761249
1766129720999967200,379.57696728515623,836.1607688758522,1.7306388376113186,25.409681476196567,12.997480050220524,922.5707725379616,280.4039306640625,8.009464088250951,7.7326547455033126,77.54504350553165,5.511575901769316
1766129721999965700,380.57696557617186,836.4491486335173,1.7384261095721147,24.670555747324464,12.997491710390761,922.8591522956267,280.4039306640625,8.00899103031982,7.6366883024460765,77.54499531892887,5.638764604282497
1766129722999963100,381.5769631347656,836.4103824626654,1.7156230224891162,22.805346748855975,12.997508014081884,922.8203861247748,290.2497253417969,8.008541560475246,7.494056433646149,77.5449421952653,6.067066789532987
1766129723999961000,382.5769611816406,836.3931942433119,1.7010498678342765,20.649347648292355,12.997524912029544,922.8031979054213,290.2497253417969,8.008114553575679,7.428713128634624,77.54488504078384,6.644199942799249
1766129724999959000,383.576958984375,836.4542094804347,1.699698095397071,19.553184453115747,12.997545597767553,922.864213142544,290.2497253417969,8.039190796351992,7.303885553091134,77.54482669250245,6.997006338345536
1766129726000786000,384.5777858886719,836.461478148587,1.6629486268414522,18.1133966562287,12.997573211749883,922.8714818106964,290.2497253417969,8.034582433131705,7.228781835856802,77.54476612334133,7.361056888170289
1766129727000789800,385.5777897949219,836.5195948490873,1.6303856967630264,17.88634960447355,12.997595479782586,922.9295985111967,290.2497253417969,8.02909065468218,7.122626265572891,77.54470496934795,7.33435215292423
1766129728000778000,386.57777807617185,836.8533267434686,1.628586577784519,17.40897839767391,12.99761891648736,923.263330405578,291.5754089355469,8.02297445613821,7.328016769018526,77.54464007919583,7.450342443667218
1766129729000774700,387.5777746582031,837.3033276759088,1.6636947202302186,17.378820972482938,12.997641787773208,923.7133313380182,291.5754089355469,8.017521182420714,7.479363497183521,77.54457451391717,7.568017875085033
1766129730000767700,388.5777678222656,837.4979910971597,1.648358942505934,16.881476021136272,12.99766888441604,923.9079947592691,291.5754089355469,8.012883345424147,7.470331620105489,77.54450932980617,7.7789792096621495
1766129731000748500,389.5777485351563,837.689874285832,1.6612896202092835,17.17657697760699,12.99769799225948,924.0998779479414,291.5754089355469,8.009288971418489,7.615315805326687,77.54444243876472,7.752541275842461
1766129732000744000,390.5777438964844,837.8467728113756,1.643408247823271,17.058541901860444,12.997721785099028,924.2567764734849,291.5754089355469,8.00668029183357,7.583020840561818,77.54437397872339,7.7495708071039555
1766129733000730600,391.5777307128906,838.0273136468604,1.6707709260012364,17.86367041019928,12.997748584150441,924.4373173089698,291.5754089355469,8.004853660840118,7.51628938914952,77.54431042714768,7.536115643551966
1766129734000710000,392.5777099609375,838.107150378637,1.6231710020944552,18.89525893510091,12.99776957572683,924.5171540407464,291.9502258300781,8.003609404583521,7.449119725476536,77.5442526576596,6.924646435517778
1766129735000696600,393.57769653320315,838.3869575606659,1.622998773422724,20.932429314301952,12.997787146162576,924.7969612227753,291.9502258300781,8.002774345220848,7.475969397405694,77.54420153292621,6.136524712066792
1766129736000682000,394.57768188476564,838.657298643142,1.623188778068697,22.995683941685,12.997804233431628,925.0673023052514,291.9502258300781,8.002219452762404,7.278932910207815,77.54415737540602,5.482959217328877
1766129737000659000,395.5776589355469,838.9445750797167,1.6649814156169547,24.965032583389196,12.997820581211073,925.3545787418261,291.9502258300781,8.201898767703478,7.072154058810831,77.54411281039268,5.282635248499314
1766129738000649500,396.5776494140625,839.2570614339784,1.6254810082734783,22.649145612723547,12.99784014680714,925.6670650960878,291.99957275390625,8.173056149336295,7.446714582390427,77.54406256978679,5.668934943949724
1766129739000631800,397.5776318359375,839.7450370909646,1.6623081678607625,20.867245332777024,12.997860459285354,926.155040753074,291.99957275390625,8.151424242702038,7.6059997769288445,77.54401001717876,6.141876924729006
1766129740000608000,398.57760791015625,840.0058210408315,1.6608881277273044,21.27387489776903,12.997880557661423,926.4158247029409,291.99957275390625,8.134599631092055,7.6152188006550645,77.543959247061,6.20178863322602
1766129741000585000,399.5775849609375,840.1331058451906,1.6378045674035329,19.748556159002117,12.997902585834284,926.5431095073,291.99957275390625,8.11822769094451,7.673223938384171,77.54390060182068,6.590690018395187
1766129742000562700,400.5775627441406,840.5167980557308,1.6021668762058132,17.948147236429136,12.997925220376207,926.9268017178401,292.1545104980469,8.10078543145456,7.834934707502739,77.54383911499332,7.051130873946527
1766129743000542000,401.5775419921875,841.1128392126411,1.6038744095143596,16.0918040009535,12.99794955321772,927.5228428747505,292.1545104980469,8.082783375330045,7.773880657803623,77.54377662606831,7.316400801841832
1766129744000521700,402.57752172851565,841.5354100633413,1.6306716788319797,16.720711027036693,12.997977189986901,927.9454137254506,292.1545104980469,8.063911911138893,7.751568542984463,77.54370758235348,7.705117315094799
1766129745000502500,403.57750244140624,842.3012868966907,1.6558105526949245,16.224192928702813,12.998003745290406,928.7112905588001,292.1545104980469,8.04673624417229,7.6063961722966305,77.5436392377505,8.047627186889518
1766129746000484900,404.57748486328126,842.8241539811715,1.6234244745715092,15.901891233377054,12.998030150873563,929.2341576432809,292.1545104980469,8.033348477534588,7.348073817041997,77.54357039079461,8.062447990765854
1766129747000467200,405.5774672851563,843.4041282394901,1.6464541801155732,16.81036250591894,12.998055790809488,929.8141319015995,292.1545104980469,8.022744204457824,7.070761213933331,77.54350709939243,7.587310190002058
1766129748000451300,406.5774514160156,843.8823171611875,1.6547713253747152,19.125715945902822,12.998079753312496,930.2923208232969,292.1545104980469,8.015957799408055,6.866328489332684,77.54345051342783,6.8506181903966885
1766129749000436000,407.57743603515627,844.17263491638,1.6326830229117557,21.002650781501696,12.998098900393114,930.5826385784894,292.1545104980469,8.01191775624622,7.184965455630959,77.5434081727912,5.9230391357591765
1766129750000421600,408.57742163085936,844.4079036489129,1.6476372064570712,22.642790736042855,12.998117424022734,930.8179073110223,293.1614990234375,8.009534207299465,7.690670752443816,77.54336474430424,5.627945998928733
1766129751000406800,409.57740673828124,844.4886633241549,1.5825980245936957,20.400414019146268,12.998139860810248,930.8986669862643,293.1614990234375,8.401541172678938,8.298374807309216,77.54331247981462,6.048839436917589
1766129752000393500,410.5773935546875,844.6060003237799,1.5810558118251923,19.892954383258274,12.99816232954453,931.0160039858893,293.1614990234375,8.500357993728455,8.537193633341406,77.54326006518117,6.262873595449093
1766129753000380200,411.57738012695313,844.8165494501591,1.6411847248727502,20.68657071996649,12.998184437550652,931.2265531122684,293.4247131347656,8.42846927665742,8.471759784655447,77.5432039868487,6.385041449688912
1766129754000367400,412.57736743164065,844.9954167194664,1.6515021501717793,18.82548705384064,12.998208962297628,931.4054203815758,293.4247131347656,8.358148115938825,8.395285971967333,77.54314064990393,7.05874207076793
1766129755000355800,413.5773559570313,845.3669943790883,1.6122159660471096,18.182159184899074,12.998234631718509,931.7769980411977,292.9494323730469,8.285082697310058,8.32768018773911,77.54307912290102,7.105311866806417
1766129756000344300,414.5773442382812,845.5542608667165,1.6248061017067716,19.628130555927306,12.998258353062415,931.9642645288259,292.9494323730469,8.223538692576003,8.319795148101107,77.54302480728786,6.547760843773435
1766129757000333300,415.5773332519531,845.838504887186,1.5988583655282078,20.70315621789884,12.998279461787526,932.2485085492954,292.9494323730469,8.179699352172307,8.114298499843926,77.54297348589044,5.958789218430278
1766129758000323000,416.5773229980469,845.9998482502997,1.613915385844475,22.54221375894316,12.99829834105346,932.4098519124091,292.9494323730469,8.149749418995464,8.12341751581273,77.54292897138971,5.391894688475632
1766129759000313000,417.5773129882813,846.1553348349407,1.6457033420932934,23.54260057916017,12.998318353651753,932.5653384970501,292.9494323730469,8.128356646460029,7.91428536447653,77.54288278382018,5.51632435515399
1766129760000303400,418.5773034667969,846.2567158425227,1.624992883813548,21.677532896510293,12.998341585695016,932.666719504632,292.9494323730469,8.112312208987694,8.088479325810475,77.54283145823018,6.006849369305421
1766129761000294000,419.5772939453125,846.3142199339345,1.6258820096446063,20.272574470487697,12.998365310256485,932.7242235960439,292.9494323730469,8.099833029359221,8.346833598338241,77.5427766909971,6.471021543626531
1766129762000284700,420.57728466796874,846.1185271088034,1.6310329183174859,18.38884835041258,12.99839323565868,932.5285307709128,296.9359130859375,8.08644943008961,8.266462326799452,77.54271615128484,7.169126198884886
1766129763000276000,421.5772758789063,845.9375536935404,1.6166959165332444,18.075644482914043,12.998425934945812,932.3475573556498,296.9359130859375,8.070215461106747,8.086811994050986,77.5426574196572,7.247197187697595
1766129764000268000,422.57726806640625,845.7510987976566,1.5756997817462113,17.171467445722723,12.998455321488228,932.161102459766,297.0883483886719,8.05404434149336,7.903302320681377,77.54259403436068,7.4239557373617995
1766129765000259600,423.5772595214844,845.8427400682122,1.6709619189362759,19.305468023740044,12.998485919825328,932.2527437303215,300.2880554199219,8.039404135414747,7.745943999962335,77.54253564247624,7.013377737887054
1766129766000251400,424.57725146484376,845.7217220067978,1.6177378881181352,19.623302158354953,12.998518347353091,932.1317256689072,300.2880554199219,8.029853119276837,7.725066073229623,77.54248432665761,6.671003284604321
1766129767000244000,425.5772438964844,845.4904033094645,1.577981625447042,18.770531898392925,12.998560091503128,931.9004069715738,300.2880554199219,8.022750405029882,7.551550255688123,77.54243581086119,6.805382188559642
1766129768000236800,426.57723681640624,845.1715495157987,1.5729595389523394,19.207995138021587,12.998588970601185,931.5815531779081,300.2880554199219,8.01748486232145,8.046063181973388,77.54238221638141,6.5593485159544525
1766129769000229400,427.5772294921875,844.844118680805,1.5159893954538708,17.910348196681795,12.998617556758523,931.2541223429143,300.2880554199219,8.013571583262362,8.547160121019047,77.54232861931278,6.647811671347884
1766129770000221200,428.57722119140624,844.5651160608977,1.5759100319111083,18.9829501492373,12.998647078637543,930.9751197230071,300.2880554199219,8.010503419510693,8.670754581900484,77.54227654808712,6.5414329656413805
1766129771000214500,429.57721459960936,844.2713337894529,1.5799183099366572,19.017775449449832,12.998675459777427,930.6813374515623,300.2880554199219,8.008141041364132,8.809076826738025,77.54222254997195,6.584445405371662
1766129772000208400,430.57720849609376,843.9160551372916,1.5815789457312655,17.445697434905647,12.998706189948434,930.3260587994009,300.2880554199219,8.00624127830423,8.75800515443074,77.54216343460492,7.099510222541237
1766129773000201200,431.577201171875,843.5272175893188,1.5903446266519448,16.767266615249763,12.998739579783592,929.9372212514281,300.2880554199219,8.00468728758203,8.471286976595962,77.54210289493946,7.478154381613877
1766129774000195000,432.5771950683594,843.2620965112001,1.557386527084578,15.891834629025546,12.998775523794949,929.6721001733094,300.2880554199219,8.003411102248064,8.429080741218224,77.54203816995502,7.787826270832534
1766129775000189000,433.57718896484374,842.752821508795,1.593839913302152,15.887581143599506,12.99881070185202,929.1628251709044,300.2880554199219,8.002425702297355,8.341973523684619,77.54197317954171,7.75106957581067
1766129776000182300,434.57718237304687,842.3265919229016,1.604001409022903,16.316122953133686,12.998841949204648,928.736595585011,300.2880554199219,8.001674895587666,7.952145525668861,77.5419114022976,7.640555640114844
1766129777000175600,435.5771755371094,842.0683432137594,1.598076944655794,16.741324143323734,12.998875041280586,928.4783468758687,300.2880554199219,8.001154371579432,7.656618064503557,77.54185004042735,7.554819534069362
1766129778000170800,436.5771706542969,842.0876219710335,1.608856694761458,16.755109449716493,12.998912444858727,928.4976256331429,300.2880554199219,8.00078804590753,7.802119997384693,77.54178698964921,7.730455267522236
1766129779000164400,437.5771643066406,841.7712592687458,1.6062918914431947,16.705719600054078,12.998949883881986,928.1812629308552,300.2880554199219,8.00054266653583,7.86047546604642,77.54172780605235,7.7047691157373945
1766129780000159000,438.5771589355469,841.6245531309396,1.5952012792083416,16.795014558979613,12.998989271109348,928.034556793049,302.5419921875,8.000380413304198,7.680391871244569,77.54167431806562,7.572306614448665
1766129781000153900,439.5771538085938,841.484466932714,1.5652090295579388,16.554242404980382,12.999030760874758,927.8944705948234,302.5419921875,8.000268751214293,7.313789622228913,77.54162321885987,7.544479523520793
1766129782000148200,440.5771481933594,841.4047654857859,1.5640067363643468,16.461334356298664,12.999074221338313,927.8147691478953,302.5419921875,8.000181780076712,7.163929663952067,77.54156068389139,7.598326533858596
1766129783000142000,441.57714208984373,840.9779536360875,1.5886803410511372,17.837562940754765,12.999095839570789,927.3879572981969,302.5419921875,8.000129763982883,6.921315756648569,77.54150546210495,6.864924636877111
1766129784000137200,442.5771372070312,840.8968420894817,1.6062935012427673,19.945992829728993,12.999122025750076,927.306845751591,300.00390625,8.000092086673527,6.781914373060497,77.5414517566802,6.398641963413539
1766129785000131300,443.57713134765623,841.0304963700473,1.611531003111354,23.7226966408747,12.999148416405365,927.4405000321567,300.00390625,8.00006714834806,6.32930072846718,77.54140788367222,5.482740998810405
1766129786000126500,444.57712646484373,841.1761989109218,1.6045971605161868,32.550289713668306,12.99917310668385,927.5862025730312,303.6090393066406,8.0000536779349,6.230398767633247,77.5413801450146,3.991944564909054
1766129787000121000,445.57712109375,841.3937144000083,1.675811076647164,71.67110575206664,12.999183014965551,927.8037180621177,303.6090393066406,8.000044775277411,6.300572319661411,77.54136952023721,1.8815904503983876
1766129788000116000,446.5771159667969,841.5310541428626,3.714232211919801,180,12.999187793035786,927.9410578049719,300.00390625,8.00003843743683,6.272289682039136,77.54136994583693,0.4318493928633487
1766129789000111000,447.5771110839844,841.8077057823539,3.764001914875645,180,12.99919030343781,928.2177094444633,300.00390625,8.000033646288204,6.3123155820159305,77.54137123616515,0.09116519043173225
1766129790000106200,448.5771062011719,841.9568351460621,3.746879788408154,180,12.999191332713783,928.3668388081715,300.00390625,8.000029907627964,6.363182413049974,77.54137170321543,0.08335994511080784
1766129791000102000,449.5771018066406,842.0197623530403,3.7459221569396166,180,12.999195520146861,928.4297660151497,300.00390625,8.260068668024193,6.534529317966727,77.54137107299249,0.08009346454474296
1766129792000097500,450.57709765625,842.1002882160246,3.746995708390161,180,12.999182258613306,928.510291878134,300.00390625,8.236426061016065,6.5569491559827835,77.54136126234586,0.08402314038525087
1766129793000091100,451.5770910644531,842.1545962458476,3.7477345461409857,180,12.999182363026254,928.564599907957,300.00390625,8.216723888955626,6.442095813350705,77.54136107795036,0.08266882564952521
1766129794000087300,452.57708740234375,841.9746738811955,3.746123251045045,180,12.999184139018647,928.3846775433049,300.00390625,8.28792872298788,6.574421819934028,77.54135794152411,0.16277310772626852
1766129795000082400,453.57708251953125,842.0109829623252,3.7451749043333815,180,12.999184863738776,928.4209866244346,300.00390625,8.267362385341018,6.495665667022475,77.54135666165752,0.16318167840674944
1766129796000077300,454.57707739257813,841.8963516838849,3.7463339775419207,180,12.999184563017627,928.3063553459942,300.00390625,8.249538228232796,6.5164804915753765,77.54135719273688,0.11064202541475317
1766129797000073000,455.5770729980469,841.9827159997076,3.7467167604385643,180,12.999184818020598,928.392719661817,300.00390625,8.23394208902296,6.459097332525723,77.54135674239635,0.10039103405934936
1766129798000068000,456.5770681152344,842.0703117866069,3.7638219516676275,180,12.999186081039065,928.4803154487163,300.00390625,8.220180788661345,6.438920242481402,77.54135451188806,0.11660272566356761
1766129799000063000,457.5770629882812,842.1749558579177,3.746902904733307,180,12.999186305098116,928.584959520027,300.00390625,8.207948522336274,6.391556266751794,77.54135411619579,0.11107568456566755
1766129800000058600,458.57705859375,842.2337234029546,3.735141880574235,180,12.999187210508227,928.643727065064,300.00390625,8.197003864012222,6.403778533276503,77.54135251722882,0.09094289269054945
1766129801000054000,459.5770539550781,842.245882297866,3.742428493901084,180,12.999187787842464,928.6558859599754,300.00390625,8.1871536708072,6.3425838137454145,77.54135149764805,0.08848618029714332
1766129802000049200,460.57704907226565,842.2207153979689,3.7471508026051583,180,12.99919070230617,928.6307190600783,300.00390625,8.177795979306408,6.324584767280064,77.541346350663,0.25468974587110416
1766129803000044800,461.577044921875,842.2792698144913,3.7465880403755656,180,12.999190530676463,928.6892734766006,300.00390625,8.168906183011112,6.3150398071204545,77.54134665376377,0.18978958800860607
1766129804000040000,462.5770400390625,842.2377537833527,3.7459578200423014,180,12.999189071091806,928.647757445462,300.00390625,8.160460877509436,6.358245069072844,77.54134923141132,0.10222770710177437
1766129805000036400,463.5770363769531,842.0635104859248,3.7491881194631778,180,12.999188329933157,928.4735141480342,300.00390625,8.152437836142129,6.437191552947786,77.54135054030893,0.04511888593233442
1766129806000032000,464.5770319824219,841.9948306763545,3.7486420865023087,180,12.999187950357227,928.4048343384638,300.00390625,8.144815945225982,6.474211262595519,77.54135121064571,0.023539739069712018
1766129807000027600,465.5770275878906,841.8292379770428,3.748699767845251,180,12.999187402825768,928.2392416391522,300.00390625,8.137575148198499,6.496656676068128,77.54135217759381,0.017712441973245695
1766129808000023300,466.57702319335937,841.8070849431679,3.7455286318735013,180,12.999187634758787,928.2170886052772,300.00390625,8.130696390835864,6.50123190878347,77.54135176799718,0.01594939956861832
1766129809000018200,467.57701806640625,841.7109380681068,3.756318710035687,180,12.999187130585126,928.1209417302161,300.00390625,8.124161571087045,6.520843471776691,77.54135265837544,0.018151145997074875
1766129810000014300,468.57701440429685,841.5106039913371,3.750036614007028,180,12.99918674768814,927.9206076534465,300.00390625,8.11795349161681,6.478796467870064,77.54135333457725,0.03339834280639348
1766129811000009500,469.5770095214844,841.4684990970418,3.7423294696191887,180,12.999182948017216,927.8785027591512,300.00390625,8.11205581349214,6.523165910934521,77.54136004485015,0.09395897186942158
1766129812000005000,470.5770051269531,841.3742486843839,3.749961480327905,180,12.999182431153194,927.7842523464933,300.00390625,8.106453025551682,6.608402704420282,77.5413609576395,0.04668274168787257
1766129813000001000,471.5770009765625,841.252380697988,3.7484231023596566,180,12.999182431849555,927.6623843600973,300.00390625,8.101130373926944,6.661494572443514,77.54136095641005,0.04739253606654459
1766129813999996400,472.57699633789065,841.076361537911,3.7519320519571617,180,12.999182675370891,927.4863652000204,300.00390625,8.096073854819032,6.632613642017063,77.54136052634891,0.053785217004047654
1766129814999992300,473.57699243164063,840.8487842837349,3.744718908680778,180,12.999182533003223,927.2587879458442,300.00390625,8.091270160787623,6.61214101865961,77.54136077777362,0.07669124337892975
1766129815999988000,474.5769880371094,840.877349848859,3.748889109382205,180,12.999182830080565,927.2873535109684,300.00390625,8.086706651615671,6.6081735700519495,77.54136025313008,0.09124834366555211
1766129816999983400,475.5769833984375,840.6633549528196,3.7202201680530447,180,12.999182436137513,927.073358614929,300.00390625,8.08237131826016,6.674013586566954,77.54136094883911,0.09715914384781862
1766129817999979500,476.5769794921875,840.6964981248602,3.745218009519177,180,12.999182851900585,927.1065017869696,300.00390625,8.078252751587181,6.662623901269568,77.54136021459603,0.10237262262524902
1766129818999975000,477.57697485351565,840.7944938819855,3.745882631868946,180,12.999182921049472,927.2044975440949,300.00390625,8.074340113713859,6.567094522258768,77.5413600924777,0.10017204951405627
1766129819999970800,478.576970703125,840.770447214134,3.7468091104114727,180,12.999183061129227,927.1804508762434,300.00390625,8.07062310462425,6.4337194567911755,77.54135984509516,0.1387184297106577
1766129820999967000,479.5769670410156,840.7963347192854,3.7481752221904068,180,12.999183000270806,927.2063383813947,300.00390625,8.067091949543052,6.329828828995237,77.54135995257191,0.13280617055462188
1766129821999962400,480.5769624023437,840.7581477863714,3.7455552740234936,180,12.999182647154587,927.1681514484808,300.00390625,8.067091953366152,6.346045192132695,77.54136057618038,0.08856096849475045
1766129822999957500,481.5769575195313,840.795253672637,3.746309922956347,180,12.999182540542126,927.2052573347464,300.00390625,8.063737356024365,6.262331183432695,77.54136076445964,0.08140682465865787
1766129823999953000,482.5769528808594,840.82667954918,3.745610347497671,180,12.999182245832452,927.2366832112893,300.00390625,8.060550488547205,6.355139857736425,77.54136128492068,0.07043708874782842
1766129824999949300,483.57694921875,840.7784497328103,3.761106691667458,180,12.999182020115216,927.1884533949196,300.00390625,8.057522964124335,6.262517805622341,77.54136168354047,0.06820073787566377
1766129825999945200,484.5769453125,840.8530257921666,3.751683811663148,180,12.999182658966014,927.263029454276,300.00390625,8.054646815001215,6.365893704057148,77.54136055532076,0.0797042618841294
1766129826999941000,485.5769411621094,840.9688755972311,3.726170719133836,180,12.999182569614657,927.3788792593405,300.00390625,8.051914474984894,6.479846332188299,77.5413607131163,0.062057809532489815
1766129827999936300,486.5769362792969,841.0520866829902,3.760091061794769,180,12.99918266106196,927.4620903450996,300.00390625,8.04931875168662,6.373241046013237,77.54136055161834,0.05387208164426159
1766129828999932400,487.5769323730469,841.2669326029718,3.746396703643939,180,12.999180792656508,927.6769362650812,300.00390625,8.046852813618225,6.494006567051209,77.54136385124826,0.05800332475986535
1766129829999928000,488.57692797851564,841.2653349647298,3.7451149159106953,180,12.999181350117448,927.6753386268392,300.00390625,8.044510174154388,6.571661759063442,77.54136286676483,0.03171063544988011
1766129830999924200,489.57692431640623,841.3201666176319,3.7459936002648617,180,12.999180887034791,927.7301702797413,300.00390625,8.042284665607662,6.558725120814178,77.54136368457488,0.029124317911478608
1766129831999919900,490.576919921875,841.3753627901897,3.7385304358893747,180,12.999181036217347,927.7853664522991,300.00390625,8.040170432525892,6.44899859031997,77.54136342111647,0.0223048643236657
1766129832999915800,491.5769157714844,841.6180398259312,3.746927883599168,180,12.99918166983003,928.0280434880406,300.00390625,8.038161911323225,6.375478714239199,77.54136230214662,0.011822693116201469
1766129833999911400,492.57691137695315,841.7002565944567,3.7465102489841855,180,12.999182285785498,928.1102602565661,300.00390625,8.036253815135959,6.3446276825767365,77.5413612143603,0.025015992977753008
1766129834999906800,493.57690673828125,841.7992970002815,3.7466910823377897,180,12.999182680467545,928.2093006623909,300.00390625,8.034441123669692,6.317226542710435,77.54136051734623,0.041373787132359834
1766129835999902700,494.57690283203124,841.8991428371519,3.7425246547009836,180,12.999183337414557,928.3091464992613,300.00390625,8.032719066439052,6.3912694852689125,77.54135935716795,0.07477794078439187
1766129836999898400,495.5768984375,841.9641040368006,3.7442574427147073,180,12.99918434787342,928.3741076989099,300.00390625,8.031083112831137,6.2789170131396475,77.541357572683,0.08915904797911393
1766129837999894500,496.57689453125,842.0172724351287,3.7510560426614012,180,12.999184666876713,928.4272760972381,300.00390625,8.029528956178769,6.232372928206654,77.54135700931862,0.10564529930027584
1766129838999890000,497.57688989257815,842.1478544129059,3.761555637897728,180,12.999185683451259,928.5578580750152,300.00390625,8.028052507987793,6.300533599014417,77.54135521403302,0.1146833435716147
1766129839999886300,498.57688623046874,842.1915061473846,3.7428192342309274,180,12.999186014626222,928.601509809494,300.00390625,8.026649882204534,6.354601858754612,77.54135462917336,0.1361603199739059
1766129840999881200,499.57688110351563,842.2258552834392,3.7435878008405217,180,12.999186259383466,928.6358589455485,300.00390625,8.02531738986612,6.528976247047983,77.54135419692854,0.08288264334036008
1766129841999878100,500.5768781738281,842.3308962024748,3.7419363756356856,180,12.999186790876058,928.7408998645842,300.00390625,8.024051520929751,6.538691397390871,77.54135325830475,0.06017458802925686
1766129842999873500,501.57687353515627,842.398733606562,3.7419921349758716,180,12.999187263656511,928.8087372686714,300.00390625,8.02284894506821,6.5603796064705975,77.54135242336754,0.05049984401968676
1766129843999869000,502.57686889648437,842.390723428689,3.7422597444410646,180,12.999186503830419,928.8007270907983,300.00390625,8.021706498170275,6.473873993544265,77.54135376523104,0.033858838130234485
1766129844999865000,503.57686499023436,842.4947535665706,3.7469497669164293,180,12.999187418237355,928.90475722868,300.00390625,8.02062117311846,6.456874500875067,77.54135215037505,0.04194734141290497
1766129845999860700,504.57686083984373,842.4968480989337,3.7598469295968266,180,12.999187369577433,928.9068517610431,300.00390625,8.019590114619687,6.431694769533408,77.54135223630908,0.03365036878832146
1766129846999856400,505.5768564453125,842.4960425570607,3.742801618085356,180,12.999187542410546,928.9060462191701,300.00390625,8.018610608716266,6.314847453577474,77.54135193108391,0.03179558920770182
1766129847999852300,506.5768522949219,842.5783120719716,3.746113327126208,180,12.999188086061617,928.988315734081,300.00390625,8.017680078250816,6.31191441751769,77.5413509709878,0.03057656399669275
1766129848999848400,507.57684838867186,842.6582536548376,3.751380415547665,180,12.999188178800875,929.068257316947,300.00390625,8.016796074275366,6.278856665637305,77.54135080720889,0.03159738706004543
1766129849999844000,508.57684399414063,842.68580691237,3.7509880939467886,180,12.999188945791573,929.0958105744794,300.00390625,8.015956270347827,6.245472042769516,77.54134945269213,0.040806556662927894
1766129850999839700,509.57683984375,842.6851440705359,3.7296275962011123,180,12.999189841141888,929.0951477326453,300.00390625,8.015158456132502,6.2951725008763715,77.54134787149093,0.0660840681040147
1766129852000677600,510.577677734375,842.694546027109,3.747454740368331,180,12.999190219447673,929.1045496892184,300.00390625,8.0144005336688,6.3753727339612825,77.54134720339754,0.058542022937524384
1766129853000680000,511.5776799316406,842.609218495898,3.746950649733099,180,12.999189889370008,929.0192221580073,300.00390625,8.013680507293104,6.380766630230397,77.5413477863203,0.0432575955215862
1766129854000668400,512.5776684570312,842.5237375581637,3.7475695816020838,180,12.999190567794546,928.9337412202731,300.00390625,8.012996481939249,6.3389118478445745,77.54134658821224,0.05100987231925012
1766129855000668400,513.5776684570312,842.5543759679422,3.7425498571643803,180,12.999191818518653,928.9643796300516,300.00390625,8.01234665712254,6.314673297822394,77.54134437941568,0.07633469922263714
1766129856000664000,514.5776640625,842.5265744570643,3.7376375134570257,180,12.999192186544501,928.9365781191736,300.00390625,8.011729324916116,6.373933904849081,77.54134372947692,0.04148767801716086
1766129857000645600,515.5776457519531,842.6734705036506,3.727787220796155,180,12.99919327938539,929.08347416576,300.00390625,8.011142857846194,6.38010697223132,77.54134179950363,0.07264616224988141
1766129858000635000,516.577634765625,842.6732545448467,3.737720235830295,180,12.999194288292886,929.0832582069561,300.00390625,8.010585714761408,6.302709485394263,77.54134001775878,0.0826108191965345
1766129859000621800,517.5776218261718,842.6518268892542,3.7477854046250028,180,12.999194717471461,929.0618305513635,300.00390625,8.010056429437105,6.315195343647619,77.54133925982364,0.06348858195299892
1766129860000598500,518.5775986328125,842.518636518158,3.7468040244510963,180,12.99919659262039,928.9286401802674,300.00390625,8.009553606515096,6.358409911018456,77.54133594828446,0.16857582733106266
1766129861000588800,519.5775888671875,842.3656407920644,3.7433187812199313,180,12.999196473014509,928.7756444541737,300.00390625,8.009075926776392,6.343039903308982,77.5413361595097,0.11424724440556837
1766129862000576500,520.5775764160156,842.340756769292,3.7513629973976683,180,12.99919646075078,928.7507604314014,300.00390625,8.008622130958615,6.3218392855555,77.54133618116846,0.07883873908420322
1766129863000556500,521.577556640625,842.356022532098,3.7471793545642367,180,12.999195930047978,928.7660261942074,300.00390625,8.008191025158599,6.320336647559179,77.541337118396,0.03485854085201156
1766129864000550100,522.5775500488281,842.3464384013787,3.7464108077915763,180,12.999195957157342,928.7564420634881,300.00390625,8.007781474210471,6.33143536880655,77.5413370705216,0.006982076208338368
1766129865000538400,523.5775383300781,842.2663728706539,3.746142398959913,180,12.999196147475017,928.6763765327632,300.00390625,8.007392400267582,6.352657147767363,77.54133673441778,0.01888327184759044
1766129866000515300,524.5775153808594,842.0703714257106,3.7469260776294253,180,12.999194825126848,928.48037508782,300.00390625,8.007022780208647,6.307213521770738,77.54133906970415,0.02594116267578044
1766129867000492800,525.5774929199218,841.9374412707984,3.747033277526865,180,12.999194598993412,928.3474449329078,300.00390625,8.006671641118105,6.346233707295679,77.54133946905883,0.029098538597320818
1766129868000470500,526.5774704589844,841.7448770618066,3.7497195022238894,180,12.999194974724197,928.154880723916,300.00390625,8.006338058367147,6.44556454382192,77.54133880551377,0.060052785839455745
1766129869000449300,527.57744921875,841.738553433679,3.741941622128776,180,12.999194862072509,928.1485570957884,300.00390625,8.006021155479695,6.397161793877497,77.54133900445832,0.04849922050608008
1766129870000429300,528.5774291992187,841.8505592895672,3.7534847714962916,180,12.999198275087494,928.2605629516765,300.00390625,8.005720095605826,6.457210792536989,77.54133297702501,0.18088647997201338
1766129871000410000,529.57741015625,841.9200298935175,3.74648345205536,180,12.999199229027033,928.3300335556269,300.00390625,8.005434090545384,6.429300242509046,77.5413312923542,0.17721754562096856
1766129872000391400,530.5773913574219,841.9429181367159,3.7463664242281176,180,12.999200315358461,928.3529217988253,300.00390625,8.005162384979926,6.427062673016984,77.54132937387732,0.19060391909935862
1766129873000374000,531.5773740234375,841.8504855390638,3.747349853450981,180,12.999199100424436,928.2604892011732,300.00390625,8.004904267043107,6.350723663979643,77.5413315194691,0.1277345790628879
1766129874000357000,532.5773571777344,841.97346781753,3.7472300887915964,180,12.999199239912544,928.3834714796394,300.00390625,8.004659053253993,6.398467252704386,77.54133127313007,0.11593566068067715
1766129875000341500,533.5773415527344,842.0289119957015,3.7431929014440213,180,12.999198805681232,928.4389156578109,300.00390625,8.004426101715334,6.413230460777295,77.54133203998845,0.07013069963795947
1766129876000326100,534.577326171875,842.0764355435967,3.75167416555598,180,12.999198594920859,928.4864392057061,300.00390625,8.004204796300545,6.333107069295801,77.54133241219472,0.08004095400877215
1766129877000310800,535.5773107910156,842.0084415180609,3.746850452871897,180,12.999205082881542,928.4184451801702,300.00390625,8.003994529293285,6.300091680982821,77.54132095436336,1.262390406182039
1766129878000296200,536.5772961425781,841.7748581627384,1.7210839845029526,59.76198906920551,12.999215229758034,928.1848618248478,300.00390625,8.003794755886286,6.608702582176402,77.5413030348361,2.30164346067523
1766129879000282000,537.5772822265625,841.5875361515209,1.6689139007231666,48.85819781936075,12.999226816058185,927.9975398136303,300.00390625,8.003605013092056,6.878509919932855,77.54128257326545,2.48870809343529
1766129880000269800,538.5772697753906,841.441285783425,1.6371191489206898,39.37708034523534,12.999240986338238,927.8512894455343,300.0402526855469,8.003424749559473,6.912367899161229,77.54125756579595,3.125343642592356
1766129881000256500,539.5772565917969,841.5062647620216,1.608663155677262,31.608358791899352,12.999260636599297,927.916268424131,300.0402526855469,8.003253455599133,6.995319816496973,77.54122291396567,4.081630506333213
1766129882000244700,540.5772446289062,841.196241736412,1.5915082564703558,30.13438976344904,12.999277540967359,927.6062453985214,300.0402526855469,8.003090725077604,6.972235329236875,77.54119310432277,4.038117548939403
1766129883000232200,541.5772321777343,840.7615725407377,1.5954385339772312,26.827036440990067,12.999296110924202,927.1715762028471,300.0402526855469,8.002936119883737,7.079269692053541,77.5411603575301,4.3375755108180325
1766129884000220700,542.577220703125,840.8396573020145,1.5942939897813688,26.6328800296065,12.9993190332818,927.2496609641239,300.0402526855469,8.002789226312823,7.0611142992795,77.54111993558973,4.649165857659044
1766129885000209200,543.5772092285156,840.8335310593247,1.6043451782966693,28.800524867550187,12.999339547055044,927.2435347214341,300.0402526855469,8.002649722875772,7.095679924969572,77.54108376096855,4.386821333026322
1766129886000197600,544.5771977539063,840.6996350856498,1.6351263658361486,33.27755319383806,12.999388613855361,927.1096387477592,321.17694091796875,8.002517248553053,7.09038041618364,77.54106102541445,3.820832494911829
1766129887000187400,545.5771875,840.6640661479905,1.6699865208955613,45.979791338258096,12.999411264772725,927.0740698100999,321.17694091796875,8.002391459165002,7.017869125785169,77.54105218599268,2.8809994352368533
1766129888000177200,546.5771772460937,840.5266201188788,1.7090510876111284,50.470545209292595,12.999418695332722,926.9366237809882,321.17694091796875,8.002271929643934,7.054038837674296,77.54103100886759,2.469005676044407
1766129889000167200,547.5771672363281,840.1660751365125,1.7053762298820618,44.47823808064688,12.999405246806917,926.5760787986219,291.5066833496094,8.002158351780547,7.096282124113628,77.54100292130646,2.586961928796433
1766129890000157700,548.5771577148438,840.7222633808851,1.6828381063997229,44.353908805295205,12.999415025492683,927.1322670429945,291.5066833496094,8.002050399034285,7.102631727631197,77.54097761458296,3.0349514245042326
1766129891000147500,549.5771474609375,839.9260405553505,1.766732056339276,45.818835451516016,12.999433284004406,926.3360442174599,291.5066833496094,8.001947941763577,7.2112702314694745,77.54096294263967,2.463447146813913
1766129892000138800,550.577138671875,839.903776482679,1.7734066917695084,47.07653325319669,12.999438785054888,926.3137801447883,291.5066833496094,8.001850562778074,7.190581441137961,77.54094327991322,2.19368607690128
1766129893000129800,551.5771298828125,840.0290516335517,1.7476216418614738,48.69474082288932,12.999447789397722,926.4390552956611,291.5066833496094,8.001758025514937,7.136451155872068,77.54091738173642,2.906513263512495
1766129894000120000,552.5771201171875,839.9729650979862,1.7035459907629222,34.581076792778774,12.999461632482285,926.3829687600955,291.5066833496094,8.001670116893656,6.950799101857515,77.54088334992719,3.991122460649229
1766129895000111900,553.5771118164063,839.668362245895,1.644244701068669,29.218163873934188,12.999481415309242,926.0783659080043,291.5066833496094,8.001586652043558,6.798979206817716,77.54084804804546,4.495974682003866
1766129896000103200,554.5771032714844,839.4855570560321,1.6041457199752482,29.47052748864634,12.999480583399768,925.8955607181415,291.5066833496094,8.001507397827252,6.677221542446543,77.54080795412386,4.368199720844636
1766129897000095000,555.5770949707031,839.3061330653727,1.628282462573139,30.586491950998372,12.99949371506547,925.7161367274821,291.5066833496094,8.001432083950538,6.451685669962638,77.54077397005878,4.255705435034688
1766129898000087300,556.5770874023438,839.2367560975254,1.6180231714649336,33.63791433014147,12.999504866920818,925.6467597596347,291.5066833496094,8.00136050049776,6.2639578008916965,77.54074510963375,3.8438466795638977
1766129899000079000,557.5770791015625,839.2510257847607,1.635171639803012,40.11522763337569,12.999514538213193,925.6610294468701,291.5066833496094,8.001292484390996,5.939723180073305,77.54072008083297,3.2952222543083742
1766129900000070100,558.5770700683594,839.1585982181132,1.6714332732836492,39.742460338412336,12.999527625367518,925.5686018802226,295.98291015625,8.001227846566199,5.681514894211593,77.54068994902815,3.352139325231399
1766129901000063000,559.5770629882812,838.9593937927857,1.6788228731660142,34.69133929361478,12.999557765611323,925.3693974548951,295.98291015625,8.001166483445571,6.234518563805687,77.54066554891986,3.7943847001789073
1766129902000054800,560.5770546875,839.2475441545248,1.6638320498387789,30.595982244106327,12.999564023694889,925.6575478166342,295.98291015625,8.001108195296077,7.160513711299659,77.54061923219724,4.379716008524094
1766129903000047600,561.5770476074218,838.9798155399039,1.652153075829086,29.81420417518014,12.999579495143388,925.3898192020133,295.98291015625,8.001052775651212,7.647864919026659,77.54058013669625,4.463438077626196
1766129904000040000,562.5770400390625,838.8858357155696,1.6458728598222916,28.67849584171403,12.999590802439469,925.2958393776789,295.98291015625,8.001000128575734,8.044291912618688,77.54053989992768,4.6259852390862255
1766129905000032800,563.5770327148438,838.7011222466826,1.6375205663657608,25.85978215251546,12.999609918287119,925.111125908792,295.98291015625,8.000950028082695,8.348156814691832,77.5404970797681,5.12804776196446
1766129906000025300,564.577025390625,838.6291419556364,1.629070833109214,23.987234232376995,12.999627848980614,925.0391456177458,295.98291015625,8.000902385696522,8.452393042657597,77.54045060720259,5.4856084984736855
1766129907000018200,565.5770180664063,838.72988403216,1.6452727815283599,27.662881781435523,12.999644716822619,925.1398876942694,294.981201171875,8.000857153412465,8.342997806468587,77.54040788911016,4.807965072270323
1766129908000011000,566.5770109863281,838.7753255981952,1.6251256136428263,29.53363225377344,12.999662200872894,925.1853292603046,294.981201171875,8.000814255088303,8.241342281512805,77.5403707085504,4.452500426652517
1766129909000004400,567.5770043945313,838.3808978311718,1.6290775634932857,30.44185368368248,12.999675951213936,924.7909014932811,294.981201171875,8.000773560858605,8.420473354278593,77.54033119853752,4.221827402302136
1766129909999997200,568.5769970703125,838.1401561247185,1.648716194170253,28.09945868574428,12.999693736663485,924.5501597868279,295.185546875,8.000734907610033,8.30523059699802,77.54029765991872,4.007504076443841
1766129910999990000,569.5769899902343,838.6821231693029,1.6683916147500033,31.447404068383847,12.999710316749328,925.0921268314123,294.981201171875,8.000698166058653,8.157091728410837,77.54026190359932,4.298799615689971
1766129911999983000,570.5769831542968,838.4855513973162,1.6386922412239797,27.29298211436979,12.999731767038817,924.8955550594255,294.83990478515625,8.000663216643087,8.032994834690273,77.54022182357184,4.836472661478195
1766129912999976200,571.5769760742188,838.5401801383123,1.620897114726227,27.285363805031707,12.99975108231415,924.9501838004217,294.83990478515625,8.000630079139293,7.7680577169554885,77.54017970775166,4.812666214027586
1766129913999970000,572.5769699707031,838.6153014618903,1.6640806304787508,29.7257027832631,12.999768872875837,925.0253051239997,294.83990478515625,8.000598672756771,7.6614689499980475,77.54014344516493,4.505349261606029
1766129914999963600,573.5769636230468,838.2792928144336,1.6551995460078424,31.771864296712877,12.999783090652578,924.689296476543,294.83990478515625,8.000568815357298,7.23551681314739,77.54010840068929,4.198963636425435
1766129915999956500,574.5769565429688,838.302653924562,1.6475683491438788,28.535782656414643,12.999799902737648,924.7126575866714,294.83990478515625,8.00054046993746,6.805485132206679,77.54006844754745,4.675950862348174
1766129916999949800,575.5769497070313,838.3774624699727,1.6671385192437542,27.733588154468013,12.999820380450862,924.787466132082,294.83990478515625,8.105453215502637,6.730708862419783,77.54002572901898,4.869029432391445
1766129917999943700,576.5769436035156,838.7346282396466,1.6812613558362146,30.427232463213254,12.999838069350789,925.1446319017559,294.83990478515625,8.100180628574593,6.849026370809952,77.53998900557197,4.444014614193327
1766129918999937000,577.5769370117188,838.3515300992876,1.743075273931541,36.62977652015376,12.999845880152723,924.761533761397,294.83990478515625,8.095171606257571,6.796348533720775,77.53995420100534,3.823961529874111
1766129919999929900,578.5769299316406,838.401021274738,1.7495182289614777,35.13007998591736,12.999854892012399,924.8110249368474,284.3530578613281,8.090413026610369,6.590698583640364,77.53991379185587,4.01232053226838
1766129920999924000,579.5769240722656,838.7194691654295,1.7523014689624878,65.4789345304747,12.999856600850235,925.1294728275388,284.3530578613281,8.085892247808598,6.560233347224172,77.53990340111574,1.300285016581492
1766129921999918000,580.57691796875,838.4927921695635,3.630745610358097,180,12.999858661457125,924.9027958316728,284.3530578613281,8.081597579684264,6.396031948267552,77.53990753687708,0.0893952412612226
1766129922999911000,581.5769108886718,838.5000814599916,3.615637536352472,180,12.99986070766675,924.910085122101,284.3530578613281,8.077517699646242,6.373059532968041,77.53990780313275,0.07136695152371927
1766129923999905000,582.5769050292969,838.5137362768874,3.622505621687655,180,12.99986567115574,924.9237399389967,284.3530578613281,8.094866699308739,6.439960911481712,77.53990001131194,0.5582783091667125
1766129924999899000,583.5768989257813,838.7198230819777,3.626466180031601,180,12.999870834029467,925.129826744087,284.3530578613281,8.108141826820473,6.409512889893113,77.5398823677275,1.482138322412894
1766129925999892500,584.576892578125,838.636996508576,1.7965848430034561,63.90334131348595,12.99987558893967,925.0470001706854,277.668701171875,8.102734729317227,6.611538215829786,77.53985849645838,2.267134228770495
1766129926999885300,585.5768852539062,838.5382564598694,1.872030234506858,51.61565566588209,12.999875159910058,924.9482601219788,277.668701171875,8.097597956202387,6.738255232123944,77.53982598175361,2.9269636460259796
1766129927999880000,586.5768798828125,838.4518812568858,1.8350621062178987,43.69722527414607,12.999879123653386,924.8618849189952,277.668701171875,8.09271800831612,6.841864748980792,77.53979341919259,3.3601366916410047
1766129928999873300,587.5768732910157,838.4530349932611,1.8197238437137269,34.41845500500045,12.999886830270807,924.8630386553705,277.668701171875,8.088082066332692,6.920273149069913,77.5397550428531,4.230212604603384
1766129929999867000,588.5768669433594,838.6399506544694,1.7666920960440298,32.14535633942919,12.999893716248966,925.0499543165788,277.668701171875,8.083677935628353,6.828896081960626,77.53971226669334,4.449986208854747
1766129930999861200,589.576861328125,838.7510172808543,1.8120341943542073,34.63120229518406,12.999900647647525,925.1610209429637,277.668701171875,8.079494045074828,6.7856813568882925,77.53967548719392,4.227746740245333
1766129931999854600,590.5768544921875,838.6060075629503,1.8190918300167944,36.72572388185131,12.99990633873658,925.0160112250596,277.668701171875,8.07551932316724,6.746831297473759,77.53963684394978,4.010944583666378
1766129932999848400,591.5768483886719,838.6190169686452,1.8159029742382855,34.754997649592546,12.999912689482922,925.0290206307545,277.668701171875,8.07174337670289,6.621821029445152,77.53960158312029,4.215917048809111
1766129933999843000,592.5768430175781,838.5277168219909,1.8078888595973448,31.70848979498459,12.999919678490716,924.9377204841003,275.31207275390625,8.122248045913823,6.565244327553475,77.5395639017439,4.5565794850604435
1766129934999837000,593.5768369140625,838.6307897595689,1.7947833680530478,36.26696615257039,12.999909007048988,925.0407934216782,275.31207275390625,8.116135664111459,6.498034000215485,77.53952657907814,4.005169935207172
1766129935999829800,594.5768298339843,838.7051865952089,1.8238840747980771,42.94017261725864,12.999928165997122,925.1151902573183,275.31207275390625,8.110328901343927,6.273613014914379,77.53949687931386,3.4408517674313432
1766129936999824400,595.5768244628906,838.7599612530321,1.8010603859711658,47.537322000309196,12.999930532463946,925.1699649151415,275.31207275390625,8.104812463899684,6.01340071280987,77.53946875139412,3.0681553901303533
1766129937999819300,596.5768193359374,838.9257331462577,1.8255423796406869,42.50081400013379,12.999917143808325,925.3357368083671,275.31207275390625,8.0995717459645,5.987333556623743,77.53943733798049,3.3428066740829623
1766129938999811300,597.5768112792969,839.1064861612394,1.790080593654489,33.717829192785096,12.99992077546477,925.5164898233488,275.31207275390625,8.094593110988042,6.062303642032903,77.53939750725874,4.204977357400404
1766129939999806500,598.5768063964844,839.2351680118591,1.7878819529343533,31.150253841414504,12.999924873712803,925.6451716739684,275.31207275390625,8.08986335820792,6.060444402097054,77.53935255912701,4.589404220430265
1766129940999799300,599.5767993164062,839.3034505955875,1.8033062798643336,35.933405020484855,12.999928130168078,925.7134542576969,275.31207275390625,8.085370207143027,5.925721364041695,77.53931684347495,4.05706280783414
1766129941999794000,600.5767939453125,839.3001330327243,1.8183252807239199,40.940975365131216,12.9999311790048,925.7101366948336,275.31207275390625,8.08110174038691,5.897143392243678,77.53928340491163,3.5960590735540756
1766129942999787800,601.5767878417969,839.1158991986886,1.8196557695746693,46.58038602693608,12.999933719017541,925.5259028607979,275.31207275390625,8.077046720456709,5.835255106617304,77.53925554691573,3.1436627371506574
1766129943999782100,602.5767822265625,838.9764404995367,1.8393551339094918,52.200941183624806,12.99993593130682,925.3864441616461,275.31207275390625,8.073194444427719,5.733616198965497,77.53923128327997,2.7863999597299447
1766129944999776000,603.5767758789062,838.844332953915,1.8646594111175099,51.517953973607625,12.9999380590544,925.2543366160244,275.31207275390625,8.069534766461135,5.7455675088270635,77.53920794686375,2.849855353912498
1766129945999769600,604.57676953125,838.7774714902043,1.8217011082036627,39.56286667870006,12.99994112606008,925.1874751523137,275.31207275390625,8.06605803169252,5.691949861582332,77.53917430899259,3.678271720400494
1766129946999764000,605.5767639160156,838.9138297941536,1.8165711716887392,31.303348631274552,12.99994210800238,925.323833456263,274.1133728027344,8.062755095175124,5.582268258959716,77.53913021928216,4.651431645628236
1766129947999758300,606.5767583007812,838.6225502965972,1.8078173006919285,31.818357837900308,12.999945156320734,925.0325539587066,274.1133728027344,8.059617346024568,6.0596944571788,77.5390869938824,4.588157295089688
1766129948999751700,607.5767517089844,838.8874259889126,1.8060723602141027,31.79014180647171,12.999948073790883,925.297429651022,274.1133728027344,8.056636511876567,6.382022007789469,77.53904562393942,4.592598777484435
1766129949999745500,608.5767456054688,838.9766205800697,1.801433945112652,29.37247212306291,12.99995130908024,925.3866242421791,274.1133728027344,8.053804715713028,6.484604574035964,77.53899974729197,4.951586183483915
1766129950999740200,609.576740234375,838.9794892007485,1.7854451071399253,28.179277232144404,12.999954568844476,925.3894928628579,274.1133728027344,8.051114457297482,6.423172448898257,77.53895352358843,5.133840206769673
1766129951999734300,610.576734375,838.6396692981943,1.788995401953759,26.45485799625166,12.999958883841472,925.0496729603037,277.4577331542969,8.04855875346194,6.427464954185802,77.53889889028372,5.478352437827304
1766129952999727600,611.5767275390625,839.0251729590818,1.776237162565001,25.286060682666864,12.999965457510278,925.4351766211912,277.4577331542969,8.046130821458584,6.454277685570088,77.53884767929267,5.622883484270201
1766129953999721500,612.5767214355469,839.0274346787483,1.7712496551288526,26.78272726602254,12.999971687931266,925.4374383408576,277.4577331542969,8.043824317101537,6.443341192912551,77.5387991423037,5.357832894609226
1766129954999715600,613.5767155761719,838.9875986389816,1.7714738502814378,27.086827675867198,12.999977703423614,925.397602301091,277.4577331542969,8.04163312823565,6.349131056064137,77.53875227967698,5.2991693181067925
1766129955999710200,614.5767102050781,838.8422157019377,1.7421232889436942,25.255395483388206,12.999985246915958,925.252219364047,280.0008850097656,8.039551532697308,6.160796974800636,77.53869848629932,5.55773796763606
1766129956999704000,615.5767041015625,838.8385706720874,1.7725530563264507,23.335284800491003,12.999994372087409,925.2485743341967,280.0008850097656,8.037573983863558,6.129527235049056,77.5386457165747,6.139987735055211
1766129957999697700,616.5766977539063,838.8275694642216,1.7602586692725881,25.87029615809876,13.000002957334571,925.237573126331,280.0008850097656,8.035618062130915,6.0505070715832785,77.53859606916699,5.512463765334057
1766129958999692500,617.5766926269531,839.013480274938,1.7953946869871098,31.04174229938414,13.000010139592815,925.4234839370474,280.0008850097656,8.033837204888489,6.573385849249777,77.53855453506986,4.673032554630096
1766129959999686000,618.5766857910156,838.9033453371376,1.8167880130142204,36.02389330948198,13.00001649153661,925.313348999247,280.0008850097656,8.03214533621716,6.815978838710112,77.53851780256642,4.080968795270768
1766129960999680000,619.5766799316406,838.7432923344895,1.8301820287806703,37.86530214576742,13.000033493172303,925.1532959965989,280.0008850097656,8.030538069867944,6.812885817949765,77.53848396380951,3.9120391247810518
1766129961999673600,620.5766735839844,838.5643046479672,1.8123706110835704,40.914677914941926,13.00004499483259,924.9743083100766,280.0008850097656,8.029011132523264,6.845752860950409,77.53845075806022,3.583630602454684
1766129962999668500,621.5766684570312,838.4959514494985,1.819182343757944,58.34169519824836,13.000031727362204,924.9059551116079,280.0008850097656,8.027560529373215,6.602227626570707,77.5384296956131,2.4397301104148235
1766129963999662300,622.5766623535156,838.32296373602,1.8331971736818224,64.08258200312406,13.000034896412547,924.7329673981294,280.0008850097656,8.026182489325247,6.409275833488097,77.53841136937261,2.2180089996462913
1766129964999656700,623.5766567382813,838.1968527268618,1.819020508232287,62.760879004449215,13.000060616735919,924.6068563889712,284.2852478027344,8.024873343473583,6.49915521760228,77.53839724846927,2.3231407923637755
1766129965999650800,624.5766508789062,837.9249862935394,1.794801064866452,50.52043282977449,13.000042867634798,924.3349899556488,280.0008850097656,8.12775504586687,6.654324563118193,77.53836527273235,2.721016102090625
1766129966999644400,625.57664453125,838.0783355627209,1.7905256648737593,54.1813227167239,13.000060667928976,924.4883392248303,284.2852478027344,8.121951826036602,6.903208178632322,77.53834238426344,2.656477824874986
1766129967999638800,626.576638671875,837.8855493869632,1.7742216033189655,46.8179566411367,13.000066971230629,924.2955530490726,284.2852478027344,8.115854193557999,6.827077284345419,77.53831713941878,2.721286289835366
1766129968999632400,627.5766323242187,838.0864783283323,1.76716020331883,40.83579127903661,13.000075650509523,924.4964819904417,284.2852478027344,8.110061419935864,6.7001040738562,77.53828237874436,3.4973478852949293
1766129969999626800,628.5766267089843,838.15720250085,1.7550033485670054,30.206965884513988,13.00010335704387,924.5672061629593,284.2852478027344,8.105412764749316,6.394416050330143,77.53824046250288,4.706455514570424
1766129970999620400,629.5766203613281,838.3003036007285,1.7508346382268798,28.95376267054048,13.000113922339033,924.7103072628379,284.2852478027344,8.100142099421515,6.220390136196692,77.53819487105748,4.849651258438118
1766129971999615200,630.576615234375,838.8799129910767,1.7326646433594688,24.462530133586906,13.000123876243398,925.2899166531861,284.2852478027344,8.095135034264397,6.232271160067265,77.53815795485404,4.3497953601721875
1766129972999608600,631.5766086425781,838.5155625175685,1.7623187743483526,38.455728715755136,13.000129628425679,924.9255661796778,284.2852478027344,8.090378336651732,6.4153039565012575,77.53813414984084,3.6899542054976364
1766129973999603700,632.5766037597656,838.5361804235727,1.7796726232445952,52.21049161648663,13.000134929730779,924.946184085682,284.2852478027344,8.085859466944362,6.160698385700465,77.53810654598871,2.7581060787931984
1766129974999597000,633.5765971679688,838.5287987040356,1.8194551474947458,63.93214993907324,13.000136365588437,924.938802366145,284.2852478027344,8.081566491730195,6.086423458793162,77.53808082924496,2.3041787410653978
1766129975999591400,634.5765913085937,838.6575166815892,1.802202373353326,53.03483473815664,13.000142305270794,925.0675203436986,284.1934509277344,8.077488151260184,5.977582011612644,77.53805180729854,2.6737771009386857
1766129976999585800,635.5765856933593,838.6815868187696,1.7736597823346223,38.680173458109294,13.000151734051352,925.091590480879,284.1934509277344,8.07748812837092,6.176193010311424,77.53801191414414,3.683117623312608
1766129978000435000,636.5774350585938,838.9606241229922,1.7718651633662583,33.726363345914194,13.000156070868183,925.3706277851015,284.1934509277344,8.06546067342015,6.349585090703545,77.53796899668052,4.167663896094419
1766129979000435000,637.5774350585938,838.531121741049,1.7705742360189578,34.95754495227828,13.000167543455971,924.9411254031584,284.1934509277344,8.056109101032197,6.514870647069357,77.53793271284361,4.087114895896033
1766129980000424000,638.577423828125,838.4801049567759,1.7337780619714809,33.314619736886016,13.00017490543482,924.8901086188853,284.1934509277344,8.049095438998016,6.672419659231471,77.53789186705168,4.211786199061472
1766129981000425700,639.57742578125,838.2766525894403,1.7525563752617346,32.716614137679166,13.000184547080902,924.6866562515497,284.1934509277344,8.043640349712652,6.740496771068209,77.53785447042952,4.326740356016273
1766129982000422400,640.5774223632812,838.2230226974934,1.730351598514514,35.39910199405727,13.000193971087494,924.6330263596028,284.1934509277344,8.039276340568602,6.702333055984323,77.53782385218962,3.707122217286061
1766129983000409300,641.5774094238282,837.8611185438931,1.7318478013150562,34.998414446111546,13.000209026650154,924.2711222060025,284.1934509277344,8.03570574910611,6.807885141143157,77.53779076920127,3.9194663590119907
1766129984000408000,642.5774079589844,837.4523482974619,1.6846159128587275,26.1840928266677,13.000222609518161,923.8623519595712,284.1934509277344,8.032730249767786,6.766006217687884,77.53774941850288,4.703887351620165
1766129985000403000,643.5774028320312,837.0645030718297,1.6587477065418543,21.281986173841307,13.000242868175649,923.474506733939,287.751220703125,8.030212534783075,6.71340093628563,77.5376972103283,5.872674142406418
1766129986000388000,644.5773881835937,836.6671129819006,1.6609561419977636,20.863736567661697,13.000260953783089,923.07711664401,287.751220703125,8.028054561450658,6.548486984804532,77.5376461168686,6.117621088231744
1766129987000386800,645.57738671875,836.3844845164567,1.6928791749815795,26.22534270718763,13.000271401038525,922.7944881785661,287.751220703125,8.026184315660267,6.414571168599198,77.53760598623145,4.96358968234
1766129988000377600,646.5773776855468,836.341780054383,1.7566434043564627,49.50160369728458,13.000277628423587,922.7517837164924,287.751220703125,8.024547825799525,6.222066024629248,77.53758320858569,2.856704633001473
1766129989000359200,647.5773591308593,836.6108227390796,1.7442014237765475,57.22708788607973,13.000284101248011,923.020826401189,287.751220703125,8.124528896942945,6.092904389535113,77.5375605149988,2.4512090391546044
1766129990000349000,648.5773488769531,836.8165629738942,1.7796059213957425,54.564502040605866,13.000289694731409,923.2265666360036,287.751220703125,8.117610611988226,6.036908768368078,77.53753758195671,2.369218665815956
1766129991000346000,649.5773461914063,837.0507360184565,1.7762531500087981,58.649753267140085,13.000293982862242,923.4607396805659,287.751220703125,8.111420560415233,5.794570407317778,77.53752341347855,1.533267932358793
1766129992000329700,650.5773298339843,836.9841087758541,1.7868104145353725,59.89504305527347,13.000300499437747,923.3941124379635,287.751220703125,8.105849515789636,5.832802648756874,77.53750350348365,2.0129784272665354
1766129993000313900,651.5773139648437,836.7492059934884,1.7824661036056877,48.4342764832255,13.000307394304711,923.1592096555978,287.751220703125,8.1005570007726,5.713336532365016,77.53747333713908,2.7700680047362924
1766129994000299500,652.5772995605469,836.9188668048009,1.7590019983595415,37.23917373530163,13.000316631116581,923.3288704669103,287.751220703125,8.095529104394268,5.455727825376282,77.53743321645568,3.8062332071486713
1766129995000284700,653.5772846679688,837.0824594348669,1.73599010951451,32.90250614210206,13.00033244932874,923.4924630969763,287.751220703125,8.090752627391355,5.456930226337768,77.53739296536466,4.249554712863973
1766129996000270300,654.5772702636718,837.0386340459809,1.7515193012764156,31.268511971190193,13.000340921048693,923.4486377080902,287.939208984375,8.086215004699826,5.392438500076495,77.53735565167072,4.501094517370031
1766129997000257300,655.5772573242187,836.9831512589008,1.7243050315236352,28.840196925345094,13.000356912614453,923.3931549210101,287.939208984375,8.08190422717873,5.269404215419606,77.53731474985679,4.826182413170448
1766129998000244200,656.577244140625,836.7188437338918,1.664799081307826,24.510802641567327,13.00037927680755,923.1288473960012,287.939208984375,8.07780899041586,5.301659129934202,77.53726030272927,5.496994779505021
1766129999000231200,657.5772312011719,836.5987516576424,1.6629847131973279,27.43318655748908,13.000394581082327,923.0087553197518,287.939208984375,8.073918567355664,5.147572385557077,77.53722004613319,4.906050303290105
1766130000000219100,658.5772192382813,836.3262193957344,1.7131391787042014,29.41402795804732,13.000408634488744,922.7362230578437,287.939208984375,8.070222675957417,5.040940163835328,77.53717787312455,4.680684614183622
1766130001000206600,659.5772065429687,836.3956579146907,1.6900001264402904,28.390253826606124,13.000415720335466,922.8056615768,287.939208984375,8.06671151973555,5.055339986766627,77.53713557258922,4.818238146615455
1766130002000195000,660.5771950683594,836.1405874826014,1.6962408996604237,26.757648428675015,13.000435930325983,922.5505911447108,287.939208984375,8.063375920466287,5.043572454011121,77.53708821573915,5.128895992846818
1766130003000184600,661.5771845703125,835.974461523816,1.6655133282331052,26.704521500093374,13.000431431432961,922.3844651859254,285.2236328125,8.06020712143628,4.9084003286680895,77.53703820885718,5.010330553439124
1766130004000173000,662.5771730957031,835.5911475466564,1.7207637231291952,29.00105013112609,13.000458522830538,922.0011512087658,285.2236328125,8.057196738289909,5.051515792694365,77.53700026680951,4.718196226398659
1766130005000161500,663.5771616210938,835.3229046696797,1.752932306972557,29.597942112762823,13.000462711004909,921.7329083317891,285.2236328125,8.054336882331727,5.168882971979603,77.53695514225521,4.6474709044480935
1766130006000151600,664.5771516113281,835.1480419179425,1.7508981657739784,28.437052051813936,13.000475079000982,921.5580455800518,285.2236328125,8.05162003233564,5.071215623522419,77.53691179496197,4.871372184339036
1766130007000140300,665.5771403808594,834.7885592849925,1.7040675251263602,25.381092966128453,13.000482688050404,921.1985629471019,285.2236328125,8.049039029711873,5.016884915241194,77.536862541277,5.187858724957504
1766130008000130800,666.577130859375,834.9376802965999,1.7331688415557853,23.932365014567832,13.000501665214646,921.3476839587092,285.2236328125,8.046587037160664,5.434764444537052,77.53680990006119,5.833373988906359
1766130009000120800,667.5771208496094,834.5662940945476,1.6769989976237452,20.590516400653033,13.00051932334411,920.976297756657,286.951171875,8.044257663375316,5.449523941737312,77.53675227869343,6.446506642179858
1766130010000110800,668.5771108398437,834.2959468737245,1.6389020517792934,22.993090556876503,13.000533668187995,920.7059505358338,286.951171875,8.041094466555796,5.534638066736741,77.53670375513815,5.532002203771927
1766130011000101000,669.5771010742187,833.9010917274281,1.6978319225429406,28.176829500061995,13.000544296066652,920.3110953895375,286.951171875,8.03835485591052,5.70774857635583,77.53666769887177,4.664341576058596
1766130012000091600,670.5770915527344,833.637932122685,1.70560649323737,29.51365989940874,13.000554116116485,920.0479357847944,286.951171875,8.058918570469645,5.614437532565459,77.53662726275873,4.469540116963796
1766130013000082400,671.5770825195312,833.4483757177368,1.739292843576539,31.17536871699293,13.000564190358727,919.8583793798462,286.951171875,8.15877918591686,5.451550673956814,77.53658637286951,4.463138698739093
1766130014000073500,672.5770734863281,833.3320434903726,1.7138948839224848,30.5052442873417,13.000576702580213,919.742047152482,286.951171875,8.149958138086129,5.357248218076986,77.53654815180394,4.540165499420682
1766130015000063500,673.5770634765624,833.0874985530972,1.7084633122406234,32.8243271585774,13.000589815938813,919.4975022152066,286.951171875,8.142065597008463,5.3260442185032355,77.53651303306094,4.059350224441824
1766130016000054300,674.5770541992188,832.8365224683657,1.6897677340990693,26.831834348978276,13.000601060668817,919.2465261304751,287.4176025390625,8.134962322532367,5.288043065429397,77.5364691208188,4.88024403310033
1766130017000046600,675.5770466308594,832.407207230106,1.6468853626622149,23.837221447283493,13.0006171729963,918.8172108922154,287.4176025390625,8.12821423533171,5.195176881477281,77.53642320441065,5.335477468376425
1766130018000037600,676.5770375976563,831.9771055988967,1.7021814213411997,33.84696296874339,13.000626269094555,918.3871092610061,287.4176025390625,8.121803518310871,5.045955190043765,77.53639542751881,3.665033750765917
1766130019000029200,677.577029296875,831.8029869999737,1.784155656267475,64.26817233248526,13.00062717922652,918.212990662083,287.4176025390625,8.11571333831887,4.9828324006150035,77.53638300091394,1.8614984327833166
1766130020000020000,678.5770200195312,831.6859665727243,1.8105685732226577,70.27731840191953,13.000632781883763,918.0959702348337,287.4176025390625,8.109927683029026,5.1537062645729765,77.53636522035971,1.497000330188715
1766130021000011000,679.5770109863281,831.4852660456672,1.8059809561909788,57.36159704886917,13.000637416210743,917.8952697077766,287.4176025390625,8.104431280303059,5.393428953748108,77.53634262934195,1.8320955827475476
1766130022000003600,680.5770036621094,831.7344025745988,1.786819948822717,59.39911083184496,13.000645552391624,918.1444062367082,287.4176025390625,8.099209716767632,5.554966530716858,77.53631983819515,2.428154105585052
1766130022999995100,681.5769951171875,831.4637486301363,1.7687902260027337,57.43016176481376,13.00065205021519,917.8737522922456,287.4176025390625,8.094249203498807,5.737915251449543,77.53629640623976,2.208898348089206
1766130023999987200,682.5769873046875,831.4030524240807,1.7847021263355156,75.3721417585658,13.000656318693508,917.81305608619,287.4176025390625,8.0895367495985,5.875151716861916,77.53628531455178,1.3084537363612985
1766130024999979000,683.5769790039062,831.5774170532823,1.7882709838955206,104.26646471112761,13.000663351204622,917.9874207153916,287.4176025390625,8.085059909041544,5.937182332873597,77.53627277061472,1.2157895429288712
1766130025999971300,684.5769714355469,831.7330801356584,1.8173539915531949,88.94415472070494,13.00066730011418,918.1430837977678,287.4176025390625,8.080806901224502,5.967167504044137,77.53625859158767,1.4417859459733124
1766130026999963000,685.576962890625,831.708392098546,1.7735766537913404,65.61686923899603,13.00067669134222,918.1183957606554,291.7208251953125,8.076766552715812,6.271298553364441,77.53624089197156,1.8557518101079087
1766130027999955200,686.576955078125,831.6774623189121,1.7527398276211745,51.81442400076082,13.000687140136314,918.0874659810215,291.7208251953125,8.072928220895946,6.517742455972142,77.53621707636808,2.4322840701056427
1766130028999947500,687.5769475097657,831.6247594803572,1.688301134354316,36.494147719285245,13.000684864932643,918.0347631424665,287.4176025390625,8.069281764000925,6.6314542369633305,77.53617952026198,3.6395957925027673
1766130029999939000,688.5769389648437,831.4728249870241,1.6845476799362875,42.48462731899978,13.000693417615178,917.8828286491334,287.4176025390625,8.065817680690454,6.66518569341748,77.53615171900293,3.132939240959294
1766130030999932000,689.5769318847656,831.4428494712338,1.7377208179926487,58.00722025582572,13.000720151129402,917.8528531333432,291.7208251953125,8.062526801255473,6.61334364760328,77.53613872670927,2.411966733816595
1766130031999923700,690.576923828125,831.2720099240541,1.755732620838583,53.114400913497384,13.000723399585569,917.6820135861635,291.7208251953125,8.059400453558718,6.5682689863740045,77.53612002837237,2.3115741163985013
1766130032999916000,691.576916015625,831.0901862541214,1.7665952231378967,58.76134366067203,13.0007295046603,917.5001899162307,291.7208251953125,8.056430440018,6.547057079369369,77.53610390956769,2.046634356047449
1766130033999908400,692.5769084472656,831.1208021650091,1.7179605939724816,64.98389427007788,13.000737746463754,917.5308058271185,291.7208251953125,8.05360889470629,6.50492738324631,77.5360849555662,2.090574999333154
1766130034999901200,693.5769011230469,831.0644005155191,1.748003618888336,77.53079602383876,13.000742599546967,917.4744041776285,291.7208251953125,8.050928449000883,6.419306161540534,77.53606621305318,1.7714324528865046
1766130035999893800,694.5768937988281,831.0292704589665,1.79360526085444,122.76510178254827,13.000748582087606,917.4392741210759,291.7208251953125,8.048382050990446,6.361112466054219,77.53605315384806,1.1501528203326619
1766130036999886600,695.5768864746094,831.0587000669912,3.7065773273194482,180,13.000754083007813,917.4687037291005,291.7208251953125,8.045962943582706,6.255139692375804,77.53604289765772,1.089189833951147
1766130037999878000,696.5768779296875,830.8952975561842,3.7513924934458553,180,13.000759948090533,917.3053012182936,291.7208251953125,8.04366479199354,6.185711520972967,77.53603178654669,1.1632859892638918
1766130038999871000,697.57687109375,830.7784142959863,3.7497637298391004,180,13.000767075657118,917.1884179580957,291.7208251953125,8.04148154698246,6.2299707161948445,77.53602379086658,1.2011267474806795
1766130039999863600,698.5768635253906,830.7144361678511,3.7480935550625825,180,13.000775109332299,917.1244398299605,291.7208251953125,8.039407465342974,6.291141472946988,77.53601315379305,1.3813270308373005
1766130040999855900,699.5768559570313,830.4943418456241,3.74597650427096,180,13.000762680243174,916.9043455077335,291.7208251953125,8.037437114665998,6.308653867077404,77.53599982380202,1.1110100526439062
1766130041999848400,700.5768483886719,830.4921515639871,3.7220433099468577,180,13.000766461404138,916.9021552260965,291.7208251953125,8.035565269752048,6.4015578684069565,77.5359901445748,1.0130261149482491
1766130042999841800,701.576841796875,830.30886400491,3.746274941175402,180,13.000771564313954,916.7188676670194,291.7208251953125,8.055482959337166,6.4971676850109,77.53597708184422,1.3768039652891297
1766130043999833600,702.5768334960937,830.2415837431327,3.7444804145644595,180,13.000774363085275,916.651587405242,291.7208251953125,8.052708821398866,6.559450750306092,77.53596991738141,0.9126656522568476
1766130044999827000,703.5768269042969,830.000791397877,3.7456674415342084,180,13.000777136619003,916.4107950599864,291.7208251953125,8.050073385811892,6.584276789744786,77.53596281752151,1.007996353549405
1766130045999819000,704.5768190917969,829.8575661620125,3.7439502363225174,180,13.000778360754255,916.2675698241219,291.7208251953125,8.047569715822084,6.552831284382347,77.53595968390712,0.6056214589683189
1766130046999811600,705.5768115234375,829.8270023958758,3.7528172493679746,180,13.000780235013043,916.2370060579851,291.7208251953125,8.045191231407099,6.491776108092223,77.5359548860649,0.5926583183905036
1766130047999805000,706.5768049316406,829.5282061854377,3.7490308929541922,180,13.000785215629303,915.9382098475471,291.7208251953125,8.042931685565971,6.594368286332688,77.53594213638242,1.2152804266591042
1766130048999797800,707.5767978515624,829.313880847767,1.9761873674049748,99.52665682327128,13.000792344529076,915.7238845098764,291.7208251953125,8.040785131061169,6.979409855848983,77.53592388740022,2.136750965370897
1766130049999790000,708.5767900390625,829.011720678769,1.7688591932944449,51.843270692287696,13.000799103338064,915.4217243408784,291.7208251953125,8.038745910770745,7.044104413637718,77.53590658579414,2.0405361763616994
1766130050999783000,709.5767829589844,828.9031951809302,1.8140154766497651,42.29223372732924,13.000806018879338,915.3131988430396,291.7208251953125,8.0368086018208,7.3086120457664965,77.53588888297801,2.040591733246886
1766130051999776000,710.5767758789062,828.8997130487114,1.826261406270877,43.45016944559051,13.000827937059423,915.3097167108208,291.7208251953125,8.034968195073224,7.292924834938373,77.53587709302158,2.17445117976198
1766130052999768800,711.5767687988281,828.7226112745702,1.796800067421633,180,13.000840474152856,915.1326149366796,267.38269866507767,8.033219777786442,7.418972127720572,77.53590445947421,2.129339465061007
1766130053999761400,712.5767614746094,829.0483308248222,1.8202098188336062,180,13.000846026734031,915.4583344869316,341.4505310058594,8.031558795514577,7.432957923034314,77.53590825725418,2.285050396002366
1766130054999754500,713.5767543945312,828.8783225594088,1.8113053111856383,46.88974815824289,13.00081958295184,915.2883262215182,254.19509887695312,8.029980853908963,7.427082281863594,77.5358100059125,2.957618184088439
1766130055999746800,714.5767468261719,828.6425793869421,1.7909881920306736,32.26239009353569,13.000813882117777,915.0525830490515,254.19509887695312,8.028481813125168,7.3763409306240595,77.53577543032061,3.464805079380728
1766130056999740400,715.5767404785156,828.7423141170293,1.7962915738990644,56.390854531696455,13.000810277826435,915.1523177791387,253.775634765625,8.027057670558433,7.364317097072666,77.53575410258307,2.486047571832538
1766130057999732500,716.576732421875,828.7418298535049,1.818415153288096,77.38139745872897,13.000806045320452,915.1518335156143,253.775634765625,8.02570478411577,7.36121837225363,77.53574071808634,1.513549127194233
1766130058999725300,717.5767253417969,828.7086286330596,3.6232754112228003,180,13.0008039637476,915.1186322951689,253.775634765625,8.02441954445576,6.89430760874732,77.53573071559494,1.1334887942441123
1766130059999718100,718.5767182617187,828.6466722358018,3.6767007963488783,180,13.00080370361657,915.0566758979112,253.775634765625,8.023198571062082,6.679004108470793,77.53571842048302,1.2394314780716345
1766130060999711500,719.5767114257812,828.6733757993206,3.6874827778080155,180,13.000803570294085,915.08337946143,253.775634765625,8.022038637405704,6.640905185625825,77.53570631723471,1.1740038215232846
1766130061999703800,720.5767038574219,828.622874924913,3.6820294985422217,180,13.000803895606118,915.0328785870224,253.775634765625,8.020936700680277,6.456244214533345,77.53569901141226,0.7187592599295873
1766130062999697200,721.576697265625,828.6078203972429,3.6813434057987413,180,13.0008016991219,915.0178240593523,253.775634765625,8.01988986654286,6.342090335991924,77.53569159012545,0.7540152786621106
1766130063999689500,722.576689453125,828.6776707414538,3.6780706713737827,180,13.00078324347185,915.0876744035631,253.775634765625,8.056587625247973,6.326471112088516,77.53568549394728,0.9342882138871619
1766130064999683300,723.5766833496094,828.546442065388,3.677569925086886,180,13.000795016615779,914.9564457274973,253.775634765625,8.053758245973599,6.47118444961532,77.53566890714845,1.1211960494761288
1766130065999675400,724.5766752929687,828.255554838106,1.8757514749021804,68.28230218768424,13.000773359209347,914.6655585002154,253.775634765625,8.051070360494252,6.794236427001594,77.53565085447867,2.197491712086462
1766130066999668500,725.5766684570312,828.0559602435678,1.8121786749704418,48.38036434912715,13.000766037374031,914.4659639056772,253.775634765625,8.048516805077647,6.790135288406414,77.5356251950534,2.939104065926796
1766130067999661600,726.5766616210938,827.8683427181095,1.81786544132069,33.320380758150534,13.000758267771394,914.2783463802189,255.31358337402344,8.046090983969279,6.8335436232736635,77.53558737370942,4.029821160447365
1766130068999654700,727.5766545410156,827.9422670593485,1.7765760560736077,29.0993767223714,13.000747886025295,914.3522707214579,255.31358337402344,8.043786453151132,6.796483599850277,77.53554697952788,4.696912756905568
1766130069999647200,728.5766472167969,827.3342141406611,1.7569936946447378,24.48631411419405,13.000735329115361,913.7442178027704,255.31358337402344,8.041597193996813,6.8534185580167675,77.53549812204152,5.463988113117015
1766130070999640000,729.5766401367188,826.8406788157299,1.7470315290588907,21.443410767275676,13.000720466370762,913.2506824778393,255.31358337402344,8.03951735771338,6.862323944742251,77.53544029282007,6.240513740081453
1766130071999633000,730.5766328125,826.387929036282,1.747907638603945,19.421019085744767,13.000704347253194,912.7979326983914,255.31358337402344,8.036645283352954,6.7645132285985925,77.53537757519209,6.875231426218504
1766130072999625200,731.5766252441406,826.0156372506171,1.738133963672106,20.068819669649336,13.000688935234148,912.4256409127265,255.31358337402344,8.032337644400899,6.487043677881748,77.53531760880507,6.686827140666859
1766130073999619000,732.576619140625,824.9916695207357,1.7232992785232883,20.956612921293537,13.000691456204548,911.4016731828451,255.31358337402344,8.027352071858608,6.774307038481935,77.53526041690249,5.834891400940654
1766130074999611400,733.576611328125,824.1539532821625,1.6807418521968338,20.676839601924218,13.00066956196886,910.5639569442719,255.31358337402344,8.023444641090448,7.206054866007349,77.53521754070873,5.15115978421212
1766130075999604200,734.5766042480469,823.69825367257,1.6922294586978393,26.833911546835914,13.000652517132027,910.1082573346794,255.31358337402344,8.020514078306025,7.311796569723842,77.5351809641296,4.472481205569343
1766130076999597000,735.5765971679688,823.3342131208628,1.7181347670379576,27.935970826246734,13.000640057518668,909.7442167829722,255.31358337402344,8.018234752945627,7.364681031646094,77.53514427397945,4.249905366537589
1766130077999590000,736.57658984375,822.9934243718162,1.7394323317879177,28.609109597931774,13.000630258980003,909.4034280339256,255.42071533203125,8.016411314832819,7.439698500292679,77.53510854603105,4.073204855812899
1766130078999583000,737.5765830078125,822.6337660253048,1.7362923745700767,28.229535510323878,13.000620366527292,909.0437696874142,255.42071533203125,8.014919331354518,7.563590452456075,77.5350741591471,3.9330328364270044
1766130079999575800,738.5765759277343,822.5405185548589,1.7687437641698665,31.62026981904557,13.000609916192177,908.9505222169682,255.42071533203125,8.013676047452275,7.752765400709893,77.53503977755287,3.8350773966033476
1766130080999569400,739.5765693359375,822.3238033754751,1.746881679626928,32.952602519589604,13.000598294674129,908.7338070375845,255.42071533203125,8.012624038593334,7.710046850257813,77.53500755948018,3.7824063075015615
1766130081999562800,740.5765627441406,822.1528132017702,1.7553138684338117,30.246150644244285,13.000586429089047,908.5628168638796,255.42071533203125,8.011722286512038,7.610461665345288,77.53497135556496,4.116574230791369
1766130082999554600,741.5765544433593,822.0179434763268,1.7305021152762368,27.336080245805917,13.000579464112135,908.4279471384361,255.42071533203125,8.010940776849226,7.108461242490919,77.53492998978028,4.385519981296086
1766130083999548000,742.5765478515625,821.8938354682177,1.7673464509114334,28.613857587539066,13.000569482613084,908.3038391303271,255.42071533203125,8.010256962663105,6.785016774443978,77.53488589434544,4.535767795258605
1766130084999541200,743.5765412597656,821.9536966523156,1.733607389472781,35.952279072231036,13.00056097792652,908.3637003144249,255.42071533203125,8.009653618932164,6.430992291336599,77.53485533570819,3.670488968599507
1766130085999534600,744.5765346679688,822.0431148326024,1.7761172786420936,37.802443034862215,13.00055768319565,908.4531184947118,255.6510772705078,8.009117281418915,6.674263579060998,77.5348167470338,3.6231500976734696
1766130086999527000,745.5765268554687,822.0448938505724,1.7844312499833483,38.605727021794074,13.000553089772655,908.4548975126818,254.70115661621094,8.008637418818244,6.729628589645708,77.53478248148689,3.639905728145752
1766130087999519500,746.57651953125,822.096812334843,1.7900693413810476,45.19009477237598,13.000547907473914,908.5068159969524,254.70115661621094,8.00820555156604,6.646629408955551,77.53475264018805,3.2073492346842545
1766130088999511800,747.57651171875,822.0917666768655,1.80058966276139,59.14679597209619,13.000545907028641,908.5017703389749,254.70115661621094,8.00779527031943,6.542765202731611,77.53473375879776,2.466547315319715
1766130089999505400,748.5765053710937,822.659499633126,1.6748452987463145,30.405219115718406,13.000549809239052,909.0695032952353,254.70115661621094,8.007405483519785,6.895079062101819,77.53472282399069,1.231906192866031
1766130090999498800,749.5764987792969,822.8745168251917,1.8170602996685192,180,13.000550012737847,909.284520487301,254.70115661621094,8.00703523144191,6.578866884747375,77.53472037141631,0.3396665743274367
1766130091999491800,750.5764919433594,822.4584682546556,1.9268162945096805,180,13.000547505217304,908.868471916765,254.70115661621094,8.006683473208707,6.281518838377983,77.53471183090916,0.3063903973872864
1766130092999484200,751.5764841308594,822.8186313584447,1.9243614312642197,180,13.000544804245342,909.2286350205541,254.70115661621094,8.006683470222947,6.371106319499101,77.5346972166247,0.6073504703248149
1766130093999477800,752.5764777832031,822.9061285238713,1.92708598198074,180,13.000542380845237,909.3161321859807,254.70115661621094,8.006349298781977,6.285320479595671,77.53468486774803,0.42473641203790985
1766130094999469600,753.5764694824219,822.53674823232,3.1596691436832036,180,13.00052544101602,908.9467518944293,254.70115661621094,8.006031836356527,6.330240565931775,77.53468084370706,0.19105628441209743
1766130095999463000,754.576462890625,823.1424397816882,1.9245587928670203,180,13.00052176650877,909.5524434437975,254.70115661621094,8.005730247478157,6.285495267688316,77.53466714535375,0.6050566255472943
1766130096999456000,755.5764560546875,823.580601349473,1.9118333122597269,136.37494090292924,13.000529584154561,909.9906050115824,254.70115661621094,8.00544373901834,6.3003324796349895,77.53464019492773,0.8622751316463907
1766130097999449600,756.5764497070312,823.4741266900674,1.924226176399477,126.3578353620506,13.000522348462937,909.8841303521767,254.70115661621094,8.005171551862974,6.291200653596995,77.53461828470313,0.9366857813175674
1766130098999442200,757.5764421386718,823.2064319187775,2.6853489744862378,121.60592632674278,13.000515090445004,909.6164355808869,254.70115661621094,8.004912979378629,6.390075533748519,77.53459014760426,1.408570557939909
1766130099999435500,758.576435546875,822.3248948408291,1.7324239379898632,54.3529890220714,13.000504873728488,908.7348985029384,254.70115661621094,8.004667349755955,6.855820802306117,77.53455949223982,2.53546918748596
1766130100999427800,759.576427734375,822.0727237574756,1.7798901034317745,100.1987111329489,13.000502875717167,908.482727419585,254.70115661621094,8.004433970532347,6.956970316758697,77.53454927749011,1.40197122838097
1766130101999421700,760.5764216308594,821.9852834325284,1.8355283950819512,101.17205967864581,13.000501204035388,908.3952870946378,254.70115661621094,8.004212269038927,7.045026267675651,77.53453877473923,1.0300812753525397
1766130102999414000,761.5764140625,821.9224214525893,3.7006326122695725,180,13.000485829704031,908.3324251146987,254.70115661621094,8.00400165887104,6.715601330531455,77.53453317506903,1.0083378568019135
1766130104000251600,762.5772517089844,821.9261387465522,3.743978854050698,180,13.000483786188376,908.3361424086615,254.70115661621094,8.00380157202844,6.429941342578235,77.53452555694892,0.8736155183890243
1766130105000251600,763.5772517089844,821.750349579379,3.743454008021444,180,13.000482118806952,908.1603532414883,254.70115661621094,8.00361149272793,6.422956043989521,77.53451934104099,0.7217833117617781
1766130106000239000,764.5772390136718,821.585529836826,1.9813380391347877,105.5611534973769,13.000490096253658,907.9955334989354,254.70115661621094,8.003430962087444,6.756933720968273,77.53449001130984,2.4666830082857825
1766130107000237800,765.5772377929687,821.4629084346816,1.7339172510606775,40.31411281247084,13.000478495531315,907.872912096791,254.70115661621094,8.003259406198385,6.862168480271665,77.53445977284305,3.3307111109082426
1766130108000240600,766.5772407226563,821.325547022745,1.7045535455281289,29.881035101407655,13.000464921310888,907.7355506848544,254.70115661621094,8.00309644950251,6.870660377546967,77.53441795421108,4.5717831149417965
1766130109000228900,767.5772287597656,821.3137704096735,1.748891355663073,27.887071453595556,13.000453390021464,907.7237740717828,256.2485046386719,8.00294163957049,6.728766807537691,77.53437189955478,5.038557374288169
1766130110000228900,768.5772287597656,821.3232869626954,1.7748881255631754,23.816343450782345,13.00044191691714,907.7332906248048,256.2485046386719,8.00279458431071,6.773061649279821,77.5343146486304,5.973889739694942
1766130111000231200,769.5772312011719,820.9718260811642,1.7660839598896292,20.987915476419037,13.000427978970643,907.3818297432736,256.2485046386719,8.002654895107272,6.728443220606367,77.53425490997678,6.740445179228214
1766130112000217000,770.5772170410156,820.7025268916041,1.7535876706732105,19.998089542591085,13.000409347192573,907.1125305537134,256.2485046386719,8.00241640161451,6.444380330985134,77.53419346438864,7.063608572092206
1766130113000209400,771.5772094726562,820.427095413208,1.7412511912823043,21.09893284197905,13.000386640470925,906.8370990753174,256.2485046386719,8.002064244821861,6.951314710876436,77.53413574868158,6.660009323962012
1766130114000206000,772.5772060546875,820.0941686760634,1.736689992232813,23.121366838218048,13.0003655375302,906.5041723381728,256.2485046386719,8.001710314519956,7.35717535243665,77.53408270106057,6.0150932784028965
1766130115000190200,773.5771901855469,819.8810038808733,1.7579495121311197,25.350893612146507,13.000353786038866,906.2910075429827,256.2485046386719,8.00145675259776,7.6655307159575345,77.53403242036237,5.546964076839134
1766130116000189700,774.5771896972657,819.5492305736989,1.7488652092513786,25.78471407315393,13.000338963274597,905.9592342358083,256.0603942871094,8.001274705234115,7.9283920623132245,77.53398490475166,5.274845882411336
1766130117000184000,775.5771840820313,819.3556662406772,1.7524718101016947,27.780864222616312,13.00032726469149,905.7656699027866,256.0603942871094,8.00113309874824,8.026039719409109,77.53394194185874,4.923544187525201
1766130118000169000,776.5771689453125,819.1911540413275,1.74100110950248,30.757889442970633,13.000319296796688,905.6011577034369,256.0603942871094,8.001019798045292,8.03711760088345,77.53390354199121,4.431070210305156
1766130119000155600,777.5771557617187,818.9553511310369,1.800004451496533,33.06277446097155,13.000309721421212,905.3653547931463,256.0603942871094,8.000927076128125,8.02799199318083,77.53386664730651,4.2368925540179365
1766130120000141300,778.5771413574219,818.9428768893704,1.8098166454675175,43.636973856506366,13.00030509302218,905.3528805514798,256.0603942871094,8.000849762314107,8.013272291280481,77.53383852355722,3.360793481548278
1766130121000128800,779.5771286621094,819.0968467425555,1.8442815809878426,54.01728018961139,13.000307820013761,905.5068504046649,256.0603942871094,8.00078431383381,7.988605035853334,77.53381199057058,2.7655267019848053
1766130122000116200,780.5771162109374,819.4367061080411,1.8235437233416905,51.316895888215484,13.000314540954857,905.8467097701505,256.0603942871094,8.00072826756112,7.9819806602045364,77.53378948876254,2.508499010987556
1766130123000103000,781.5771030273437,819.9727288279682,1.6445646394670679,33.794698042654986,13.00030298051564,906.3827324900776,292.64224912179,8.000679737630259,8.173709959256092,77.53377685072957,2.399362159188142
1766130124000091100,782.5770910644532,819.3602911969647,1.7152012649420225,180,13.000303304386634,905.770294859074,256.0603942871094,8.00063726882757,7.855059779584374,77.5337781813662,1.430260916573062
1766130125000079000,783.5770791015625,818.954980045557,1.6446139284161385,180,13.000302829313,905.3649837076664,256.0603942871094,8.000599803713724,7.977835892865346,77.53377622952222,1.7562142892287471
1766130126000067600,784.5770676269532,818.2664078725502,1.5870399885557482,180,13.000301206606123,904.6764115346596,326.14676138852093,8.000566451907211,8.118681006483811,77.53376956260966,2.300875805823764
1766130127000055800,785.5770559082031,817.7591829542071,1.5867560183001765,38.963522726519294,13.000377061989676,904.1691866163164,307.7771911621094,8.000536648001463,7.832830341448958,77.53371322341395,2.7021867219184874
1766130128000044800,786.577044921875,817.5191238066182,1.5586615539047115,29.63095619877687,13.000397996015527,903.9291274687275,307.7771911621094,8.000509827832305,7.527988816311895,77.53368567926854,3.2106620007359195
1766130129000034000,787.5770339355469,817.1843583397567,1.5687849060862782,28.136444348994203,13.000416439054144,903.5943620018661,307.7771911621094,8.000484351414665,7.637618386616456,77.53366141266066,3.070144760748925
1766130130000023000,788.5770229492188,816.9209367381409,1.5729035790179264,26.234721342444136,13.000435471028494,903.3309404002503,307.7771911621094,8.000460139767947,7.53221939440272,77.533636371156,3.1456007322058896
1766130131000012300,789.5770122070312,817.045469103381,1.5858240883127546,39.18152366041248,13.0004534561976,903.4554727654904,307.7771911621094,8.000437141813194,7.39718365336274,77.53361270699685,3.1900937761214023
1766130132000001800,790.5770017089844,816.9146430967376,1.5793630384498296,36.3306481509909,13.000470953905966,903.3246467588469,307.7771911621094,8.000415271981522,6.941355826566111,77.5335896842179,3.0235008519876287
1766130132999991800,791.5769916992188,816.9665852012113,1.5935962089435511,34.48789682599182,13.00049074574628,903.3765888633206,307.7771911621094,8.000394515659037,6.642470587099023,77.53356364291278,3.4946224223841833
1766130133999982300,792.576982421875,816.904354554601,1.5784646521824268,34.019914036071526,13.00051344141494,903.3143582167104,307.7771911621094,8.00037477651776,6.310309196275125,77.53353378084611,3.712595937619564
1766130134999971800,793.5769719238281,816.5349821466953,1.5461163321425184,23.990539354915686,13.00053781277094,902.9449858088046,307.7771911621094,8.000356017737026,6.1209571697368315,77.53350171397469,4.3891406637809665
1766130135999961900,794.5769619140625,816.0613444726914,1.5547736764114881,25.203257602865147,13.000562628898042,902.4713481348008,307.7771911621094,8.000338161070006,6.3145582713827775,77.53346906189057,4.510282932813471
1766130136999953200,795.576953125,815.7625584686175,1.524288302569892,25.941432853694476,13.000596342485084,902.1725621307269,311.180419921875,8.000321306054547,6.441434392938086,77.53344228147276,4.281674452556133
1766130137999942700,796.5769426269532,815.5325025217608,1.557356541309865,28.647635389224902,13.000620019089498,901.9425061838701,311.180419921875,8.000305253836602,6.277391648718866,77.53341468222109,3.8738209687811516
1766130138999933200,797.5769331054687,815.4828324131668,1.5567683446763283,27.82472673099032,13.000647742459023,901.8928360752761,311.180419921875,8.000290004966136,5.837338129157037,77.53338236575075,4.429564604549997
1766130139999924700,798.5769248046875,815.3660108959302,1.5782672373361524,32.588624485228536,13.000669527236068,901.7760145580396,311.180419921875,8.099204589058354,5.694757644106042,77.53335697175777,3.882838752768381
1766130140999915500,799.5769155273438,815.5906284190714,1.601218072055318,52.85376082309006,13.000679405053507,902.0006320811808,311.180419921875,8.09424434912822,5.787474078059175,77.53334545742256,2.45292426814259
1766130141999906000,800.5769060058594,815.7570920707658,1.6319769871533716,66.95084610205267,13.000691215216039,902.1670957328752,311.180419921875,8.089532158703298,6.261677272719246,77.53333169060139,1.8631515712321203
1766130142999897000,801.5768969726563,815.8848601691425,1.6596626498321214,73.45661680878301,13.000698438778135,902.2948638312519,311.180419921875,8.085055567589981,6.334873620846111,77.53332327026666,1.5270409361300306
1766130143999888000,802.5768879394532,815.8067501271144,1.6229801867823224,67.17276153371728,13.000709633466796,902.2167537892237,311.180419921875,8.080802811229134,6.673785188106893,77.5333102208858,1.8321916022842277
1766130144999879400,803.5768793945313,815.8090567551553,1.6389987629393763,53.733994883756075,13.000724748009572,902.2190604172647,311.180419921875,8.076762696856031,6.575804231909019,77.53329260222431,2.4100224842087004
1766130145999870700,804.5768706054688,815.6957621295005,1.5718333403641347,40.83429773042365,13.00074301488582,902.1057657916099,311.180419921875,8.072924590304822,6.27396049011102,77.5332713089426,3.065297203106054
1766130146999862300,805.5768623046876,815.6413082405925,1.576433810053396,26.954186526198935,13.000769377732066,902.0513119027019,308.9106140136719,8.069278401058632,6.364388732629394,77.53323623459303,4.69240964813913
1766130147999853800,806.5768537597656,815.6414040699601,1.5355375288915933,23.922528912637542,13.000799053864073,902.0514077320695,308.9106140136719,8.286046882347687,6.0380794740704316,77.5331987437155,5.193021191772404
1766130148999845600,807.576845703125,815.6338489977643,1.5525692420188042,25.988924449985564,13.000826980049027,902.0438526598737,308.9106140136719,8.271744544653977,6.001341646466991,77.53316346360586,4.838488611258514
1766130149999837000,808.5768369140625,815.122146002017,1.5509211797162612,24.342998738762333,13.000855694562643,901.5321496641263,308.9106140136719,8.258157288604064,6.121952543914144,77.53312718757284,4.983518834068771
1766130150999828700,809.5768288574219,814.9112525805831,1.5045494026652042,19.175983291823375,13.000891897101853,901.3212562426925,308.9106140136719,8.245249331840336,6.36148252657307,77.53308145166163,6.114659820555087
1766130151999820300,810.5768203125,814.5563731892034,1.548082836349413,17.43877373690311,13.000931350296852,900.9663768513128,308.9106140136719,8.232986854868734,6.739478141079683,77.53303160908142,6.962854067547902
1766130152999811000,811.5768110351562,814.1365529159084,1.5546128966458572,15.837838189027643,13.00097935058345,900.5465565780178,308.9106140136719,8.200324781011762,7.195982928115548,77.53297096866983,7.831901337573841
1766130153999803000,812.5768029785156,813.4604960475117,1.5455347160024355,15.253542080704246,13.001035730642906,899.8704997096211,308.9106140136719,8.14422879135557,7.5068458843440835,77.5329174842296,7.881580164149161
1766130154999794400,813.5767944335937,812.7402774533257,1.551342216255281,15.514549568957376,13.001075470878702,899.1502811154351,309.0889587402344,8.101720178680665,7.609987789552091,77.53285618772884,7.7385915113236505
1766130155999787000,814.576787109375,812.2302641002461,1.5466330154126364,16.71589101061713,13.001114679806523,898.6402677623555,308.8161315917969,8.069320235010796,7.641823936926091,77.53280101269505,7.249071765710376
1766130156999778000,815.5767780761719,811.9955171486363,1.526309810100325,18.203523373041246,13.001151631006788,898.4055208107457,308.8161315917969,8.04913820003454,8.038253700189477,77.53275407258539,6.686830541716332
1766130157999770400,816.5767702636718,811.8041575113311,1.594220405142112,19.771834430952538,13.001187399731831,898.2141611734405,308.52978515625,8.035682420146474,8.023188547901777,77.53270721473095,6.479759493679863
1766130158999762200,817.5767622070313,811.8159138495103,1.563868214610138,18.871607551208434,13.001226114085203,898.2259175116196,308.52978515625,8.027635154652081,7.608054438834506,77.53265797570272,6.654600026419694
1766130159999754000,818.57675390625,811.5317687746137,1.5687777641085794,17.494893754102513,13.001264903579402,897.9417724367231,308.52978515625,8.0211391689108,7.326220546442131,77.53260265870183,7.206539986829612
1766130160999746800,819.5767468261719,811.6112289354205,1.5614506477292456,16.454862839311442,13.001306666022622,898.0212325975299,308.5373840332031,8.015609858496111,7.0724618299711555,77.53254354694097,7.684057896986414
1766130161999737900,820.5767377929687,811.550815301016,1.5726697192229582,16.009360086658116,13.001352725058101,897.9608189631253,308.5373840332031,8.011249935194996,6.603145875428201,77.53248596607683,7.957242500482159
1766130162999730700,821.5767307128906,811.3185944128782,1.571386062509249,16.23121803695851,13.001397175788325,897.7285980749875,308.5373840332031,8.008063359783312,6.558876028070597,77.53242933009963,7.843702739403306
1766130163999722000,822.5767219238281,810.9401101395488,1.5383846986101641,15.822222124575704,13.001437030101936,897.3501138016582,309.8465881347656,8.005851747669254,6.646498114225158,77.53237031349087,7.8771054672285254
1766130164999714300,823.5767143554688,811.1383953113109,1.5407597696154878,15.902728326104382,13.001485358769337,897.5483989734203,309.8465881347656,8.00414630190482,6.941538517463066,77.53231407168317,7.834349019894267
1766130165999706400,824.5767062988281,810.6009627878666,1.5542071323631894,17.80831385121903,13.001529468194425,897.010966449976,309.8465881347656,8.002824637180462,7.119219409711546,77.5322654082415,7.053185084969853
1766130166999699200,825.57669921875,810.724729645066,1.563077247575851,18.428730142100353,13.001568116071963,897.1347333071753,309.8465881347656,8.00198684955332,7.246400150934856,77.53221450382874,6.740269854467342
1766130167999690500,826.5766904296875,810.5890865903348,1.5528982894425667,20.751570348475862,13.001605380300076,896.9990902524441,309.8465881347656,8.001412118266206,7.236672029495773,77.53216890876239,6.056099688247375
1766130168999682300,827.5766823730469,810.6653873454779,1.6058029270292244,30.474832357962413,13.001626175156636,896.2325336467475,309.00323486328125,8.001057648180739,7.055899706061968,77.53213715916522,4.209714244734365
1766130169999675000,828.5766748046875,810.6952743111178,1.6380097273006,35.72975188521241,13.001641559125126,896.2624206123874,309.00323486328125,8.000846180030651,6.827546841693045,77.53210956100739,3.6617864923826935
1766130170999667000,829.5766669921875,810.5246608508751,1.6318536778829564,41.75580088414814,13.001658548285013,896.0918071521446,309.00323486328125,8.000705141984353,6.388082980808953,77.53208916487435,3.1359525711579823
1766130171999659500,830.5766594238281,810.2088821781799,1.613883608910417,43.31973947889646,13.001680879628937,895.7760284794495,309.00323486328125,8.486209059959556,6.0217754159794765,77.5320760148437,3.0068186708310134
1766130172999651000,831.5766511230469,810.0740001695231,1.6999347793815907,37.65286803596989,13.001681748019653,895.6411464707926,309.00323486328125,8.42543305469878,6.5341907711955844,77.53202692027511,3.6575094694477226
1766130173999643400,832.5766433105468,810.4140005661175,1.6151539718574803,24.69189577808559,13.00171427102794,895.981146867387,309.00323486328125,8.378162744740322,6.153589877416987,77.5319855557648,5.230970475140016
1766130174999635500,833.5766354980469,809.8970021251589,1.5962430948067752,24.255624034715233,13.001755390742819,895.4641484264284,309.00323486328125,8.533876208789701,6.230951527980856,77.53195418406239,5.329431146465297
1766130175999628000,834.5766279296874,809.6943713445216,1.565689316888105,21.94832558031749,13.001789682538725,895.2615176457912,307.46820068359375,8.485341991889163,5.902479282739824,77.53191190133786,5.705567586991387
1766130176999619800,835.5766198730469,809.4370412724093,1.568807719801618,24.71760775991008,13.001823962332242,895.0041875736788,307.46820068359375,8.443749565860767,6.191378630628264,77.53187691450898,4.9920018697594415
1766130177999612400,836.5766123046875,809.339352812618,1.5736445772427075,27.630974788906176,13.001849903823675,894.9064991138875,307.46820068359375,8.409614950522737,6.31889522150942,77.53184384608308,4.556825218735636
1766130178999604200,837.5766042480469,809.2189695453271,1.5761526596713695,24.194725182308186,13.001879093898024,894.7861158465967,307.46820068359375,8.380356738425151,6.346911701981819,77.53180554936243,5.221040172099009
1766130179999596500,838.5765964355469,808.8302720617503,1.5720629870236158,21.856047797391813,13.001911801897133,894.3974183630198,308.442626953125,8.354999621800948,6.366985518146551,77.53176446407268,5.743655517537627
1766130180999589400,839.5765893554687,808.2156358109787,1.5586536660721675,18.108835015120665,13.001945101301471,893.7827821122482,308.442626953125,8.332812195908112,6.445794489035142,77.53171753157596,6.475368399069495
1766130181999581700,840.5765817871094,807.6140889013186,1.5875140117470234,16.723011470834603,13.001990035152124,893.1812352025881,306.5682678222656,8.302325299245984,6.444800897314081,77.53166745269228,7.29824660087169
1766130182999574000,841.5765739746093,807.1620078217238,1.5872440492046889,16.38701423188695,13.002036146968251,892.7291541229934,306.5682678222656,8.260595892191704,6.411775711311916,77.5316187311614,7.635722983238675
1766130183999565600,842.5765656738281,806.4998994357884,1.5612075494762148,15.304784513181804,13.002078130461088,892.0670457370579,306.5682678222656,8.20495615154439,6.279066828150893,77.53155896538541,7.797071863560777
1766130184999558400,843.5765583496094,805.8757270323113,1.5387301001239853,15.892645031855228,13.002116439922519,891.4428733335808,306.5682678222656,8.152691982579274,6.294087851282211,77.53150232898463,7.429859793613751
1766130185999551200,844.5765512695313,805.2632299866527,1.5519820114447278,17.007699743522934,13.002153132678938,890.8303762879223,305.37060546875,8.114447254778593,6.202373972430952,77.53145576917926,6.798185660860583
1766130186999543600,845.5765434570312,804.3209112137556,1.5456670083221618,14.999948985896586,13.002196803734588,889.8880575150251,305.37060546875,8.086479855330149,6.486065723071048,77.5314028314305,7.300932169270404
1766130187999535000,846.57653515625,803.4709588438272,1.5406315099005234,13.74324417397199,13.002240183200577,889.0381051450968,305.4507141113281,8.063886865430808,6.527584258331074,77.53134202234253,7.92430280991871
1766130188999527400,847.57652734375,802.8309205016121,1.5417734560763023,14.46747117972681,13.002285261906241,888.3980668028817,305.4507141113281,8.045672891046294,6.602477728664859,77.53128483683031,7.810480696841689
1766130189999520300,848.5765202636719,802.3074137829244,1.5840534381812954,16.13213420509148,13.002321987964427,887.874560084194,305.4507141113281,8.033103728663631,6.555464758321609,77.53123184838257,7.174106030295167
1766130190999511800,849.57651171875,801.4849306643009,1.5410346461815216,16.708813888953944,13.00235831703441,887.0520769655704,305.4507141113281,8.02477937121893,6.547868582624231,77.5311867247226,6.340607886466787
1766130191999504100,850.5765041503906,800.5900519937277,1.540707888971912,17.37784679616952,13.002389447831987,886.1571982949972,311.02301025390625,8.019406732170912,6.4431559004000585,77.53114223087309,5.9253645934505075
1766130192999497200,851.5764973144531,799.6180538246408,1.5457881005377494,17.027619299894123,13.002424304942839,885.1852001259103,311.02301025390625,8.015962415932295,6.293603021158118,77.53109457536891,6.2261242072324325
1766130193999489300,852.5764892578125,798.984183720313,1.5506486768673353,18.322339465862573,13.002457246214568,884.5513300215825,311.02301025390625,8.013455170415074,6.04966623136458,77.53105025172712,5.950509737179712
1766130194999481300,853.5764814453125,798.388673691079,1.563893420245358,20.881052094391357,13.002485001893243,883.9558199923486,311.02301025390625,8.01153302022727,5.896019363938925,77.53101467535227,5.290218982087711
1766130195999474200,854.5764741210937,797.8314217003062,1.52743585325155,21.68471138521884,13.002512873425118,883.3985680015758,311.02301025390625,8.010091411186902,5.806022590835078,77.53097882608046,4.948910650800304
1766130196999466000,855.5764660644531,797.0794608611614,1.5522486721927322,19.90876664366362,13.002542217735849,882.6466071624309,311.02301025390625,8.008970188165527,5.895684195464728,77.53093868378336,5.251992193278401
1766130197999458800,856.5764587402343,796.1249155225232,1.5561943077329965,17.020411912822777,13.002578197307109,881.6920618237928,308.8254699707031,8.008073191395315,5.8666601088190795,77.53089012759284,6.493831656132169
1766130198999450000,857.5764501953125,795.4061554344371,1.51418548578661,17.169627192852424,13.002618469963613,880.9733017357066,308.8254699707031,8.007244461879846,5.4931792083399875,77.5308474411782,6.681966828716213
1766130199999443000,858.5764428710937,794.7366366302595,1.5420448066146035,17.602124808057997,13.002657805499487,880.303782931529,308.8254699707031,8.006405405205818,5.082383629789923,77.53080375517698,6.626983287315174
1766130200999435800,859.5764357910156,793.4677007300779,1.5274543484805494,17.404823370678063,13.002701108597353,879.0348470313475,308.8254699707031,8.005433027749831,5.251740872378738,77.53076515976869,5.986234851210142
1766130201999428000,860.5764279785157,792.5530378781259,1.5307803316842563,20.014005378734836,13.002731714936818,878.1201841793954,308.8254699707031,8.004753890449386,4.951729473973928,77.53073241276442,5.075359679469401
1766130202999419000,861.5764189453125,791.7904992643744,1.5390100982754171,24.249411864825,13.002742005564398,877.3576455656439,308.8254699707031,8.004225702573983,5.235402025764326,77.53069584664854,4.355729887969667
1766130203999412000,862.5764118652344,791.2837190711871,1.5332729645388268,22.386473049117775,13.002766626442588,876.8508653724566,308.8254699707031,8.003803139675805,5.032149864272707,77.53066464686837,4.317136267174367
1766130204999404500,863.5764045410157,790.6467412533239,1.514778950782583,25.779623688997784,13.002783640218368,876.2138875545934,308.8254699707031,8.00345734514937,5.074651453276232,77.53064308685913,3.2360052427676007
1766130205999397600,864.5763977050781,790.0225229281932,1.5328170735564406,27.894436610261728,13.002799756921188,875.5896692294627,308.8254699707031,8.003169228640083,5.084392660872484,77.5306226636287,3.0359570384277657
1766130206999390000,865.5763898925782,789.4059183550999,1.525423851555702,20.619039225607096,13.002835402942264,874.9730646563694,317.0462341308594,8.04046723856976,5.196142172505528,77.53059721889277,4.043454249413691
1766130207999382500,866.5763825683593,788.5706961005926,1.507791948179743,21.12627182651539,13.002859851722645,874.1378424018621,317.0462341308594,8.275131518378736,5.3189428244384604,77.5305740064578,3.899994578032467
1766130208999373800,867.5763737792969,788.1116095967591,1.5240818124519924,21.781522090600202,13.002887624538674,873.6787558980286,317.0462341308594,8.256789411749594,5.275077827041993,77.53054763808095,4.0827592248017295
1766130209999366700,868.5763666992187,788.0813459660858,1.5525197549909344,31.267566692551878,13.00290647645648,873.6484922673553,317.0462341308594,8.240740076068796,5.084134225862176,77.53052973948296,3.042144257264604
1766130210999359000,869.5763588867187,788.0011657262221,1.6216547381506445,58.954956537876505,13.002912203247213,873.5683120274916,317.0462341308594,8.226578892869206,4.979035088239998,77.53052430229012,1.4699053499518864
1766130211999351000,870.5763510742188,788.0086859418079,1.6591591217091943,60.754333008761925,13.002923395749287,873.5758322430775,317.0462341308594,8.213991176119157,4.8496080972596065,77.5305136757809,1.7738855481423044
1766130212999343900,871.57634375,788.2256294041872,1.6721880490238605,69.68813347004861,13.002936698087947,873.7927757054567,317.2975769042969,8.202728479219614,4.534638333898962,77.53050108159367,1.6620998544954388
1766130213999336700,872.5763366699218,787.8729252638295,1.6522197579421487,49.12114327163367,13.002964007774493,873.4400715650991,317.2975769042969,8.192592039974363,4.349975738839831,77.53049783726806,2.2048343381295306
1766130214999328500,873.5763286132812,787.6678044646978,1.6170962900700658,38.65668187706238,13.002985248967976,873.2349507659674,317.2975769042969,8.182962418028293,4.161715709704658,77.53047481042468,3.0631767539364767
1766130215999321000,874.5763210449219,787.5207091188058,1.5901285187973726,34.946550906077626,13.003002498125829,873.0878554200754,317.2975769042969,8.225489077025191,4.3502335879378595,77.53045956316338,3.3080367361501994
1766130216999314000,875.5763139648437,787.1292052976787,1.5548097210142944,26.45661519409653,13.003026416680292,872.6963515989482,317.2975769042969,8.28953762811823,4.401051941309532,77.53041664614423,4.3119923504596045
1766130217999305700,876.5763056640625,786.5861553028226,1.0892626258278728,18.268823320960106,13.003066443294461,872.1533016040921,317.2975769042969,8.587358396737564,5.232740156492946,77.53037897652567,4.7940925093736215
1766130218999298000,877.5762980957031,786.318844422698,0.9026795386592266,13.694730709343785,13.003104602641917,871.8859907239676,317.2975769042969,8.870288161836424,5.121540176061703,77.53034306421989,5.327591878950924
1766130219999290000,878.5762900390625,786.1000757645816,0.9258052666412194,12.081725575634383,13.003153908635237,871.6672220658511,317.2975769042969,9.328072653367048,5.423589816641592,77.53029666164541,6.202077791086091
1766130220999283000,879.5762829589844,785.0255111306906,0.9303504615987082,11.815023684941513,13.003202365118591,870.5926574319601,317.2975769042969,10.165904951832614,6.237747109761018,77.5302510585555,6.347948410044251
1766130221999274800,880.5762746582031,784.1353039387614,0.9679617785916864,14.545437114050323,13.003234785066143,869.7024502400309,316.9658203125,10.761678041957978,6.348224868470894,77.53022034144834,5.3425312258506645
1766130222999267300,881.5762673339843,783.4207793632522,0.915750143484671,15.42920552216393,13.00326306494153,868.9879256645218,316.9658203125,11.197212469957696,7.945462018716361,77.53019341597003,4.739245879399096
1766130223999259100,882.5762590332031,783.2271199449897,0.9228698875323129,13.381454955769186,13.003309082491574,868.7942662462592,317.2048645019531,11.535961196657082,9.188634877161368,77.53014992650581,5.551954300750303
1766130224999252200,883.5762521972656,782.9686533771455,1.6074824145489734,19.048746559760417,13.003362320726678,868.5357996784151,317.07269287109375,11.93353415186992,10.012567141221123,77.53009960910754,6.708110208065003
1766130225999244800,884.5762448730469,781.4423992242664,1.5999912786895818,16.940136634085516,13.003412334486008,867.0095455255359,317.07269287109375,11.009641204211343,10.72886082598919,77.5300418742545,7.108204667448991
1766130226999236600,885.5762365722657,779.8722986197099,1.5694392293468757,16.965013613117815,13.00345389696866,865.4394449209794,317.07269287109375,10.581199431663265,10.517860266839666,77.53000035455479,6.580576841458909
1766130227999229400,886.5762294921875,779.1643290007487,1.5387413034092399,16.838021897216112,13.003495330205324,864.7314753020182,317.07269287109375,9.974798156588147,9.240981576064591,77.52995640866855,6.448909738085075
1766130228999221000,887.5762209472656,778.1833228440955,1.498562033068302,15.059313597670375,13.003536590106924,863.7504691453651,317.07269287109375,9.575895194028616,9.350831008019881,77.52991764175898,6.67294192249449
1766130230000057600,888.5770576171875,778.7358680125326,1.542032584574068,17.064091294345697,13.003579664932401,864.3030143138021,316.1505126953125,9.289933362722186,9.057248328153179,77.52987439971068,6.9623185569700246
1766130231000062700,889.5770627441407,778.3389195911586,1.5573633505868292,18.03847300200883,13.00361898567573,863.9060658924282,316.1505126953125,9.091285552474199,8.63424489043025,77.52983515836122,6.7993049760261215
1766130232000055600,890.5770556640625,777.6160949319601,1.5123076672812914,17.544101392977975,13.003666557689733,863.1832412332296,315.5432434082031,8.888451879965164,8.096117338559633,77.52979494969762,6.784282058054978
1766130233000055800,891.5770559082031,777.2509166169912,1.5434026233641012,20.127218680268488,13.003709468696897,862.8180629182607,315.5432434082031,8.835198552427537,8.095867061761,77.52976108492967,6.178867907878476
1766130234000054800,892.5770546875,776.4622813034803,1.5446453553071362,22.197597909643733,13.00373900751817,862.0294276047498,315.5432434082031,8.695998744597265,8.830730820187714,77.52972567419677,5.452571543405504
1766130235000047900,893.5770478515625,776.0406775120646,1.5519240823541012,26.30324462385857,13.003766140166093,861.6078238133341,315.5432434082031,8.596570352867852,10.113851607429998,77.52969481303887,4.689346550485283
1766130236000051200,894.5770512695312,775.7241424042732,1.5678581662398614,27.857164779739307,13.003792835206593,861.2912887055427,315.5432434082031,8.52199904714987,10.95455256572319,77.52966376290564,4.458034284281017
1766130237000047400,895.5770473632813,775.3316600406542,1.557334504736928,27.285580088548233,13.003820090229343,860.8988063419238,315.9853820800781,8.463999163441514,11.883636633624992,77.5296334475248,4.544958288386237
1766130238000036400,896.5770363769532,774.8319461662322,1.5583484091176991,23.698391154087364,13.00385505970435,860.3990924675018,315.9853820800781,8.417599312918567,12.438537591757202,77.5295957096718,5.263539278843503
1766130239000054300,897.5770541992188,774.7542628468946,1.551186470296988,23.646600248444013,13.003889702255476,860.3214091481641,315.9853820800781,8.379635853475573,12.58910613687861,77.52956213973111,5.3152947553073595
1766130240000035000,898.57703515625,774.1157426191494,1.5750923076033563,23.2230824839693,13.00392371736268,859.6828889204189,315.9853820800781,8.347999725461191,13.096200964362598,77.52952771514482,5.44749336295463
1766130241000025900,899.5770258789063,773.914111786522,1.5782119812862376,21.28949751021942,13.003962982263518,859.4812580877915,315.9853820800781,8.321230557011436,13.25284028802676,77.52948857730765,6.006453616036846
1766130242000025900,900.5770258789063,774.1392703875899,1.54910940483574,19.864199297359146,13.004003063608106,859.7064166888595,313.9972839355469,8.298285412408896,13.375405546745558,77.52945032742976,6.225041661147132
1766130243000027100,901.5770270996094,774.1503462353721,1.5486277772951034,19.376161500465255,13.004047351802457,859.7174925366417,313.9972839355469,8.270786298008337,14.067242276727553,77.5294089714305,6.451687767814908
1766130244000017700,902.577017578125,774.0250264098868,1.5167903876326245,17.823979675508202,13.004094248495424,859.5921727111563,313.9972839355469,8.239477690804451,14.424562880738305,77.5293652990157,6.8944321385914025
1766130245000008200,903.5770083007812,773.5063779810444,1.5606021683560496,17.565406944411528,13.004139635287656,859.0735242823139,313.9972839355469,8.20479148158732,14.333068194758805,77.52931851896459,7.195235774710658
1766130245999997700,904.5769978027344,773.613220795989,1.5654409512794267,17.1591382982346,13.004183307908693,859.1803670972586,316.87109375,8.168066627846654,14.197753383738494,77.52927115742209,7.181776844960673
1766130246999988700,905.5769887695312,773.6524194134399,1.5559452210810978,16.480072030669835,13.004232127013847,859.2195657147095,316.87109375,8.13241209073856,13.822411553991767,77.52922180821608,7.448853567920881
1766130247999979300,906.5769792480469,773.7436911882833,1.5329486807524404,16.230708667144977,13.00428249592456,859.3108374895528,316.87109375,8.100252136916286,13.469997467265117,77.52917280659601,7.54145954869511
1766130248999970800,907.576970703125,773.9754247255623,1.5774860076254087,16.45393735019682,13.00433222888693,859.5425710268319,316.874755859375,8.100252338038146,13.343612885537802,77.52912317517892,7.582897398303197
1766130249999960800,908.5769609375,774.5611915905029,1.5526895986698621,15.827251683237911,13.00438174677095,860.1283378917724,316.874755859375,8.039852422567211,12.916192914100334,77.52907057282619,7.70543291480385
1766130250999950800,909.5769509277344,774.9221471883357,1.5246926952652822,16.03269492013305,13.004429290984994,860.4892934896052,317.40203857421875,8.024897023637026,12.808366256869219,77.52902054295612,7.556806153095012
1766130251999942700,910.5769426269532,775.5627383794636,1.5531104049473115,16.055248565612644,13.004474265213185,861.1298846807331,317.40203857421875,8.999987373575921,13.67563978493741,77.52897071968543,7.366186926417255
1766130252999934000,911.5769338378906,775.7587879169732,1.51989180306319,16.262246178736227,13.004520188189474,861.3259342182428,317.40203857421875,8.69938385462276,12.683997820836442,77.52892294159912,7.258789031980653
1766130253999925500,912.5769255371093,776.0250678649172,1.5527293619896496,16.70588752314295,13.004570138897073,861.5922141661867,314.86431884765625,8.487732724211718,12.814838514439899,77.5288770230152,7.207311715825304
1766130254999915500,913.5769155273438,776.8096219180152,1.5724386580360155,16.215909004627242,13.004615358900589,862.3767682192847,315.2775573730469,8.344177407104757,12.552940602384956,77.52882901116534,7.1796879121146535
1766130255999907000,914.5769069824219,777.6015386711806,1.5525375048651087,17.27576998137704,13.004660210476485,863.1686849724501,315.2775573730469,8.2447794914692,12.1149354252205,77.52878631610837,6.881280661146645
1766130256999897600,915.5768977050782,777.8192641334608,1.584411836473439,18.93609289152981,13.004700375426452,863.3864104347304,315.2775573730469,8.17533501471964,12.639926677372081,77.52874283354734,6.370705846258412
1766130257999890000,916.5768898925782,778.6819878350943,1.5593908175395457,19.98614025720233,13.004738653205354,864.2491341363639,315.2775573730469,8.136876158413605,12.79607045001643,77.52870452608043,5.944973289930224
1766130258999881200,917.5768811035156,778.8830016879365,1.5436423122834302,20.745937901006002,13.004774023490853,864.450147989206,315.5215148925781,8.114063570956601,12.906028230903994,77.52866723144066,5.631397391649441
1766130259999872300,918.5768723144531,778.6092917965725,1.5529982167052747,20.99781013584624,13.00481298297289,864.176438097842,315.5215148925781,8.097768848651459,12.690562449841645,77.52863218572031,5.747242140959618
1766130260999864000,919.5768640136719,778.7655170941725,1.5430810111863418,21.449023545286668,13.004851437267412,864.3326633954421,315.5215148925781,8.085547773146512,12.576452940982245,77.52859992145581,5.52504213528731
1766130261999855900,920.5768559570313,780.058151374571,1.5600874287594515,20.483816152640753,13.004886459947004,865.6252976758406,315.5215148925781,8.076042708679536,12.612274106835887,77.52856162001498,5.479549085976769
1766130262999847200,921.5768471679687,782.6511665750295,1.5884752228513621,19.592774199695537,13.00492582304086,868.218312876299,315.5215148925781,8.06843834444326,10.67045592203547,77.5285261201905,5.653175156882617
1766130263999838700,922.5768386230469,783.6865527164191,1.5464004497197132,18.821064443717187,13.004961491286211,869.2536990176886,315.5215148925781,8.06221661438264,9.647155283161567,77.52849128975772,5.713723628054279
1766130264999830500,923.5768305664062,785.334744877182,1.5497628664532386,18.099625178393936,13.004999204491737,870.9018911784515,315.5343017578125,8.057031874688708,8.980590747897505,77.52845660169781,5.7252624418970814
1766130265999822000,924.5768220214844,786.2928664768115,1.550864741561463,18.848570259969193,13.005036928567655,871.860012778081,315.5343017578125,8.052644769656403,8.454309189443556,77.52842165285448,5.797663848516559
1766130266999813000,925.5768132324218,787.4447742477059,1.5575906097665595,18.07332461699026,13.00507372279551,873.0119205489755,315.5343017578125,8.04888435825395,8.191909767421684,77.52838637084929,5.6332926187465775
1766130267999805000,926.5768049316406,788.5291545940563,1.5380222001381973,17.624323984862738,13.00511237427575,874.0963008953258,315.5343017578125,8.045625331798329,7.712557495502254,77.52835274950759,5.705760535788202
1766130268999797200,927.5767973632812,789.5356194451451,1.5713515244292646,17.48943882225924,13.005152612104903,875.1027657464147,315.5343017578125,8.04277371135277,7.608972330814519,77.52832006246669,5.704741221990054
1766130269999788800,928.5767888183593,790.3636095831171,1.5476182363526165,17.175539853362956,13.005191989091426,875.9307558843866,315.5343017578125,8.040257561850694,7.462582074103965,77.52828511589185,5.842711115327885
1766130270999781600,929.5767817382813,790.9938804265112,1.5400997368000027,18.236601508607958,13.00523287542538,876.5610267277807,317.1611022949219,8.03802103957529,7.280060337754608,77.52825147450896,5.8326120148852025
1766130271999773000,930.5767729492187,791.7808383749798,1.5531848826227002,17.548644567484626,13.005271262845284,877.3479846762493,317.1611022949219,8.036019967218364,7.127971251004363,77.52821351240542,5.878484093315714
1766130272999764500,931.5767644042969,792.4238409856334,1.5649424344296263,17.854295423626557,13.005310709386938,877.990987286903,317.1611022949219,8.034218968485128,6.942721679473264,77.52817405804498,6.178628541297671
1766130273999756300,932.5767563476562,793.1644509388134,1.5652709550699586,18.361026344938498,13.005350244455354,878.7315972400829,317.1611022949219,8.032508024544477,6.659470779839881,77.528141429856,5.92553690061611
1766130274999748600,933.5767485351563,793.8041094820946,1.5425371760844162,17.421821755935262,13.005389756024586,879.3712557833642,317.1611022949219,8.030882706630548,6.418740911300833,77.52810790858057,5.95391306628128
1766130275999740000,934.5767399902344,794.4263051310554,1.5456878902443185,18.27680592286591,13.005422275131801,879.993451432325,317.1611022949219,8.029338643268897,6.244955041105769,77.52806660877775,5.85763596729882
1766130276999732500,935.576732421875,795.2186968652532,1.5517402911050326,17.969515727002847,13.005461634589807,880.7858431665227,318.6914978027344,8.02786519276839,5.883515570494322,77.52802786666099,5.930216271912805
1766130277999724000,936.5767241210938,795.8112219683826,1.5569549123721291,18.26301795379029,13.005501422983752,881.3783682696521,318.6914978027344,8.02627375977418,5.865603694761049,77.52798879200967,5.929250016876571
1766130278999716400,937.5767163085937,796.2578281629831,1.556986174177419,18.9443554846757,13.005541922575338,881.8249744642526,318.6914978027344,8.183685640545336,5.832998452102,77.52794971102026,5.9007098164660565
1766130279999708200,938.5767082519532,797.0501250699162,1.5599317645889084,18.958945756362926,13.005578701611073,882.6172713711858,318.6914978027344,8.172205301020457,5.625345824771638,77.52791315540789,5.66210060227659
1766130280999701000,939.5767009277344,797.6541297817603,1.5482458058290107,19.45812708952116,13.005625013014988,883.2212760830298,318.6914978027344,8.162075597831219,5.969977169813049,77.5278834691019,5.735247701369066
1766130281999692800,940.5766928710938,798.171206115745,1.557436160301426,20.052464371120106,13.005661541242434,883.7383524170145,315.14129638671875,8.153071397954513,5.939435239806985,77.52785314781998,5.059006840247776
1766130282999684900,941.5766848144531,798.7454894371331,1.5406063085599417,21.202678708039553,13.005697179995446,884.3126357384026,315.14129638671875,8.145014982268089,6.0382963235960405,77.5278190991223,5.111884834688125
1766130283999676200,942.5766762695313,798.925977232866,1.5475450217981401,20.711383633283084,13.005731276509993,884.4931235341355,315.14129638671875,8.137764269041952,6.12464633415998,77.52778387137715,5.140576362401355
1766130284999668200,943.5766682128906,799.2517694542184,1.5433663086124303,20.42523641627925,13.005767072377669,884.818915755488,315.14129638671875,8.130876061647587,6.053747181371482,77.52775025151217,5.2926548926782315
1766130285999660800,944.5766608886719,799.4885388035327,1.5450453227710939,20.44915085229762,13.005801825732101,885.0556851048023,315.14129638671875,8.124332319029298,6.14394524245252,77.52771092237876,5.608420189912156
1766130286999651800,945.5766518554688,800.2709157634526,1.1670843479463227,16.927579753679627,13.005837984103197,885.8380620647222,315.14129638671875,8.118115650959322,6.288109075992027,77.52767728774012,5.510686692647434
1766130287999644200,946.5766440429687,799.9948686622083,0.8899278111800263,12.82811577047523,13.005872371235757,885.5620149634778,316.2869567871094,8.424507615315845,6.167326911153609,77.52763910051529,5.613331449666481
1766130288999636000,947.5766359863281,799.5802583992481,0.9073663277069307,12.780513887138133,13.005912735543058,885.1474047005177,316.2869567871094,8.715579922402819,6.622068441949069,77.52760382827735,5.752724716530926
1766130289999629000,948.5766291503907,800.0104826148599,0.9150694177740427,12.95774167927995,13.00595023697536,885.5776289161295,316.2869567871094,8.992098550295779,7.37045178090173,77.52756662630352,5.719268615523184
1766130290999620600,949.5766206054687,801.228071811609,0.9119212003453493,12.823241991743608,13.00599251317131,886.7952181128785,316.2869567871094,9.254791391122462,7.757413448556548,77.52753525065852,5.726967286358258
1766130291999613000,950.5766130371094,801.3824241869152,0.9163975299059086,13.306934375634158,13.006020881029976,886.9495704881847,316.2869567871094,9.504349664458367,7.934178644174293,77.52749624740113,5.5666703472799535
1766130292999605200,951.5766052246094,801.5080256592482,0.9430580518692014,14.971427766677147,13.00604925176268,887.0751719605178,316.2869567871094,9.741429893352384,7.9437779125330295,77.52746340818234,5.098354786595317
1766130293999597300,952.5765974121093,801.9434154108167,0.9354674950017012,14.803260659605058,13.006089239430656,887.5105617120862,315.4411315917969,9.966656036584228,8.200804543405933,77.52743135874144,5.110031640749475
1766130294999589400,953.5765893554687,802.2476842701435,0.9460110922198043,16.005445986162435,13.006118490573277,887.814830571413,315.4411315917969,10.18062092252419,8.408793383340855,77.52740188451476,4.779415305075329
1766130295999581700,954.5765817871094,803.0701062353328,0.9085882914440103,18.852324669272775,13.00614080836814,888.6372525366023,315.4411315917969,10.383887699518278,9.003259569933498,77.52738699255804,3.8676971140043577
1766130296999574300,955.57657421875,802.5494287842885,0.9469095782857107,28.76616501919106,13.00615548905779,888.116575085558,315.4411315917969,10.576990962619671,8.293010628738813,77.52738017191685,2.6631383731525817
1766130297999566000,956.5765661621094,802.1218286734074,0.9183080744610931,44.3175650815437,13.00614898409522,887.688974974677,315.4411315917969,10.760439151654099,8.260378845005826,77.5273656255484,1.6759884768823434
1766130298999558400,957.5765583496094,801.919132350944,0.9321573885804778,50.26029892521765,13.00616664043914,887.4862786522135,315.4411315917969,10.934714928971815,8.01826700877205,77.52736789490405,1.495493394011878
1766130299999550500,958.5765505371094,802.0520375529304,0.9094782958870448,60.530000334053774,13.0061637363207,887.6191838542,315.4411315917969,11.100276915095623,8.415057304252835,77.52735081128685,1.21717081354673
1766130300999542800,959.5765427246093,802.3228327985853,0.9143043898338982,104.30306106313064,13.006167213432791,887.8899790998548,315.4411315917969,11.2575607888557,8.561187280869108,77.52734731955219,0.7080105722235964
1766130301999534600,960.5765346679688,802.4756094114855,0.9358593667132177,125.38800437056994,13.006169847386595,888.042755712755,315.4411315917969,11.406980462811259,8.511219765722801,77.52734467452412,0.5901837249889027
1766130302999526700,961.5765266113282,802.3794071264565,0.9038045701030138,172.45025980584393,13.006172814083392,887.946553427726,315.4411315917969,11.548929161676835,8.854302448941453,77.52734169534774,0.4195920966277595
1766130303999520000,962.5765200195312,802.3742069266737,0.9161112291165026,119.24184004828828,13.00617789822007,887.9413532279432,315.4411315917969,11.683780432511183,8.907780265585993,77.52733658982463,0.6200118307234316
1766130304999510300,963.5765102539062,803.2821406945586,1.7478398699159485,50.45661471037161,13.006196115845912,888.8492869958282,315.4411315917969,11.637968057354387,8.799554805878714,77.52731829557128,1.8686829744844056
1766130305999503600,964.5765036621094,803.5448460448533,1.5734985128483074,35.484638887778296,13.006209213864521,889.1119923461229,315.4411315917969,11.522264968935518,9.054774665554685,77.52730514245772,1.6880376619159636
1766130306999495000,965.5764948730468,803.3861841494218,2.9815244238639775,180,13.00621286967111,888.9533304506913,315.4411315917969,11.346151672563426,9.644358510400378,77.52730147127264,0.920254868170875
1766130307999490800,966.5764907226562,803.2784359324723,3.682243516174849,180,13.006222466147916,888.8455822337419,315.4411315917969,11.302826650092387,9.041737325784979,77.5272918344285,1.266292219951512
1766130308999479600,967.5764794921874,803.7526438320056,3.6633726728829257,180,13.006235869232341,889.3197901332751,315.4411315917969,11.137685390359982,9.545023210426333,77.52727837496664,1.4954515827319241
1766130309999472000,968.5764721679687,803.7136621484533,3.6650267578661513,180,13.006243956547259,889.2808084497228,315.4411315917969,10.980801118733545,9.68570559023215,77.52727025363284,1.098092143772762
1766130310999463700,969.5764636230468,803.8583713956177,3.672502483252428,171.47257397498782,13.006258088752002,889.4255176968873,315.4411315917969,10.831761069091499,9.897798377136462,77.52725606198244,1.6947194573975164
1766130311999456000,970.5764560546875,803.7867083558813,3.6554165262183864,163.90677192379047,13.006270155417583,889.3538546571508,315.4411315917969,10.69017303345055,10.106964160929905,77.52724394455949,1.7646440314427494
1766130312999448800,971.5764487304688,803.6416331836954,3.673399253855764,161.11893970269705,13.006280091364758,889.2087794849649,314.4461669921875,10.555664384990157,10.154015102686403,77.52723007250765,1.8040835042582608
1766130313999440400,972.5764404296875,804.2020682562143,3.6507151805369236,177.80335720873137,13.006289433622273,889.7692145574838,314.4461669921875,10.427881150544332,10.322888652094647,77.52722035938359,1.6246768268332425
1766130314999433000,973.5764328613282,803.9020945411175,3.654415783384211,154.84544898190575,13.00630244635221,889.4692408423871,314.4461669921875,10.306487069113347,10.648369149720414,77.52720683007551,1.8673621987919895
1766130315999425000,974.5764250488281,803.6494560660794,1.6737733915199833,80.76577042888734,13.00631350810605,889.216602367349,314.4461669921875,10.191162773996586,12.195235410091517,77.52719532919095,1.6747322881185136
1766130316999416800,975.5764167480469,803.5538181560114,1.6647452543831625,153.7056145394446,13.006317628381321,889.1209644572809,314.4461669921875,10.081604608940179,12.905238271153069,77.52719104534889,0.8649969168006298
1766130317999409200,976.5764091796875,803.5261211227626,3.741589572581183,180,13.00632477310776,889.0932674240321,316.2626037597656,9.97752435703271,11.179496614017085,77.52719135089123,0.5503188280693941
1766130318999401200,977.5764011230468,803.8690213756636,3.7441805600238127,180,13.006336869518426,889.4361676769331,316.2626037597656,9.8786481435763,11.338487829151829,77.52717954713518,1.5332575801812813
1766130319999394000,978.5763940429688,804.0624277843162,3.7448225957932944,180,13.006340281000048,889.6295740855858,316.2626037597656,9.791402946025455,11.664252312613868,77.52717621818898,0.7566869846896455
1766130320999385600,979.5763854980469,803.8629178171977,3.7446971001459013,180,13.006339519860829,889.4300641184673,314.4461669921875,9.701832803318327,11.716555815076925,77.52716828482305,0.7432057039016087
1766130321999377700,980.5763776855468,803.5092276316136,3.727564709606905,180,13.00635301705458,889.0763739328831,315.887939453125,9.616741181633309,11.71910695656277,77.52716370134387,1.292947119510517
1766130322999370800,981.5763708496094,803.5801173103973,3.7472983072257513,170.76001461979092,13.006365758806696,889.1472636116669,315.887939453125,9.535904153581951,11.524308808263685,77.52715110407769,1.7774893048447087
1766130323999363000,982.5763630371093,803.8937423182651,3.7442064235092993,180,13.00637492670679,889.4608886195347,315.887939453125,9.45910895442374,11.390764262762682,77.52714204013674,1.3764958906071465
1766130324999354400,983.5763542480469,803.6897897031158,3.7435624305883946,180,13.006383516156895,889.2569360043854,315.887939453125,9.386153489985011,11.529361734521082,77.52713354808779,1.0743132229752839
1766130325999346200,984.5763461914063,803.9195329453796,3.7440480522027837,180,13.006393942907083,889.4866792466491,315.887939453125,9.316845837981159,11.57698511787567,77.5271232395704,1.4999744520013745
1766130326999339000,985.5763391113281,803.8637962648645,3.746365790705076,180,13.00639884635095,889.430942566134,315.887939453125,9.251003526963522,11.427986348427215,77.52711839172976,0.9488859742018348
1766130327999331000,986.5763310546874,803.7346496880054,3.747683423800566,180,13.00640417435404,889.301795989275,315.887939453125,9.188453361256062,11.334195023895179,77.52711312414394,1.1328719695932286
1766130328999324200,987.57632421875,803.5974340578541,3.7446066518311953,180,13.00641618941158,889.1645803591236,315.887939453125,9.129030734715554,11.208321417789612,77.52710124533127,1.6920359606147028
1766130329999314700,988.5763146972656,803.4004878243431,3.7477423965985515,178.8062392924235,13.006426984324818,888.9676341256127,315.887939453125,9.072579207986317,10.943688394613744,77.52709057282672,1.6977043504165892
1766130330999308000,989.5763081054688,803.1494740219787,3.744608148417752,180,13.006437545710734,888.7166203232482,315.887939453125,9.018950271762519,10.887658984385276,77.52708013120154,1.6614122235059274
1766130331999300400,990.5763002929688,803.2202783273533,3.760847400815252,180,13.006448434766087,888.7874246286228,315.887939453125,8.968002783092983,10.610943625405495,77.52706936562191,1.6839132624204443
1766130332999292400,991.5762924804687,803.7635757979006,1.6550431209746506,63.91925972659988,13.006462047133088,889.3307220991701,315.887939453125,8.919602710398737,11.864749900509944,77.52705590761,2.0752238824923137
1766130333999285200,992.57628515625,803.9627977889031,1.6603075008727344,103.02881909576583,13.00647049474926,889.5299440901726,315.887939453125,8.873622572315462,12.620159736029734,77.52704755578634,1.2696188071677594
1766130334999276500,993.5762766113281,803.9831179492176,3.7050664365996133,180,13.006475134915867,889.5502642504871,315.887939453125,8.829941336366758,10.672311645075778,77.52704296823666,0.7898409620950729
1766130335999268600,994.5762685546875,804.1485071638599,3.741848489562273,180,13.006486825807096,889.7156534651294,315.887939453125,8.788444316385407,10.603022369738662,77.52703140991292,1.6143175899101498
1766130336999260400,995.5762604980468,804.0502636479214,3.7405079995499766,180,13.006508138152569,889.6174099491909,315.887939453125,8.749022084064617,10.599455981545768,77.52703069234624,1.5741895681154892
1766130337999253000,996.5762529296875,804.3086585095152,3.7370916867207806,180,13.00651134431921,889.8758048107848,315.887939453125,8.711570927426811,10.712114688481527,77.5270250356681,0.7729116538049996
1766130338999245000,997.5762451171875,804.4460281059146,3.7343918360764445,180,13.006508606992778,890.0131744071841,315.887939453125,8.675992355973603,10.820867591237455,77.52702647173282,0.08117767293886761
1766130339999238000,998.5762377929688,804.8170242207125,3.73305755461154,180,13.006512955343846,890.384170521982,315.887939453125,8.642192743493975,10.9041528055704,77.5270233108717,0.7329338042639009
1766130340999230000,999.5762299804687,805.0694752503186,3.721525787673412,180,13.00652252090923,890.6366215515882,315.887939453125,8.610083095647232,10.922961108698683,77.52701000581878,1.2912141155374695
1766130341999222500,1000.5762224121094,805.3439538786188,3.728097792112841,180,13.006531736223632,890.9111001798883,315.887939453125,8.579578934597091,10.930837377492542,77.52699999274644,1.561536488194879
1766130342999214300,1001.5762143554688,805.2864255923778,3.7362749944719544,167.5057745665906,13.006543764317215,890.8535718936473,315.887939453125,8.550599976434633,10.920498567118958,77.52698670147268,1.803398406748402
1766130343999206700,1002.5762065429687,805.0228558285162,3.736517889384956,180,13.006549948868495,890.5900021297857,315.887939453125,8.523069989005652,10.811233488286756,77.52698087923751,1.1440644228151227
1766130344999199500,1003.5761994628906,804.689685177058,3.7365834294925047,180,13.006552534675043,890.2568314783275,315.887939453125,8.496916496661528,10.652421672617956,77.52698088738912,0.4917529801368491
1766130345999190800,1004.5761906738281,804.6509863482788,3.733883275018074,180,13.006562873863556,890.2181326495484,315.887939453125,8.47207067460481,10.525352161848279,77.52697445984934,1.3007488189424818
1766130346999183400,1005.5761833496093,804.7111417390406,3.736603062257628,180,13.006575207388222,890.2782880403101,315.887939453125,8.448467135793118,10.628390347341284,77.52696588125764,1.4388196242913918
1766130347999175200,1006.5761750488281,804.7564436635002,3.738579868991631,180,13.006580407978552,890.3235899647698,315.887939453125,8.426043783204282,10.588286849368705,77.5269618782543,0.9186696844374506
1766130348999167200,1007.5761672363282,805.137196729891,3.7436696388336386,180,13.006582595802366,890.7043430311605,335.95458984375,8.404741590122041,10.547468660552966,77.5269605662013,0.38512545314469476
1766130349999159600,1008.5761596679688,805.0371627435088,3.7328202308717935,180,13.006589549907686,890.6043090447783,335.95458984375,8.384504504838157,10.434492809342457,77.52695254626076,0.9628889187637701
1766130350999151600,1009.5761516113281,804.9931245213374,3.7341446310775095,180,13.006597200191514,890.560270822607,335.95458984375,8.365279274353153,10.394782610061343,77.52694653963677,1.1789938699084948
1766130351999144200,1010.5761442871094,805.3758093575016,3.7369390701184018,180,13.006606881612413,890.9429556587711,352.349365234375,8.347015297980676,10.40962038942944,77.52691495055998,1.6692518324474577
1766130352999136500,1011.5761364746094,805.4772981638089,3.7077495495069246,180,13.00661566161448,891.0444444650784,352.349365234375,8.329664537677845,10.321123584679006,77.52692896104665,1.064123144115976
1766130353999128800,1012.57612890625,805.400113767013,3.741059543555079,180,13.006620151791864,890.9672600682825,352.349365234375,8.31318131089729,10.373202907480708,77.52692273344738,0.7408353697226701
1766130354999121200,1013.57612109375,805.683292908594,3.7417854531682515,180,13.006620883000489,891.2504392098635,352.349365234375,8.297522251771358,10.206893425354473,77.526921265246,0.3427533485299933
1766130355999882200,1014.5768823242188,805.5909438803792,3.737395963665587,180,13.006622306624092,891.1580901816487,352.349365234375,8.282646147789348,10.214665950803033,77.52692085616141,0.05223337871665743
1766130356999886600,1015.5768864746094,805.8307438958436,3.7345926634101643,180,13.006621869795076,891.3978901971132,352.349365234375,8.26851384126975,10.215438564236045,77.52692176308582,0.020599104764278123
1766130357999884500,1016.5768845214844,805.714900479652,3.7403887921592998,180,13.006623990946009,891.2820467809215,352.349365234375,8.255088145524557,10.323035618016876,77.5269216398866,0.10075225608191093
1766130358999881700,1017.5768818359375,805.6492384364828,3.738653371415206,180,13.006631580528872,891.2163847377524,352.349365234375,8.242333694263081,10.245879932274178,77.52691214103784,1.051607253280809
1766130359999887400,1018.5768874511718,806.1556466585025,3.739061577381707,180,13.006630218545725,891.722792959772,352.349365234375,8.230217044596897,10.446975089440908,77.52690720974057,0.22320227110743282
1766130360999882200,1019.5768823242188,806.2632507197559,3.7407878894824433,180,13.006630230356942,891.8303970210254,352.349365234375,8.21870620087749,10.411731945228134,77.52690716932302,0.04063516661177543
1766130361999887600,1020.5768876953125,806.3892110502347,3.7371820062010808,180,13.00663258837725,891.9563573515043,352.349365234375,8.207770890548701,10.374255388486844,77.52690837024099,0.06720614472805489
1766130362999895000,1021.5768950195312,806.5131159015,3.732629775148868,180,13.006633157783469,892.0802622027695,352.349365234375,8.197382345819271,10.25948841358004,77.52690639072107,0.06585921301304633
1766130363999892000,1022.5768920898438,806.3081820895895,3.7449131300655556,180,13.006633403868985,891.8753283908591,352.349365234375,8.187513229110627,10.243948065949645,77.52690637511677,0.046473786293742186
1766130364999904300,1023.576904296875,806.1877724397928,3.7369091004658697,180,13.006633075687873,891.7549187410623,352.349365234375,8.178137568072065,10.265359103458922,77.52690681968821,0.035707806329456256
1766130365999905300,1024.5769052734374,806.326677955687,3.75932346793822,180,13.006633422247432,891.8938242569566,352.349365234375,8.169230689631085,10.227860519455033,77.52690691927204,0.03645070105820322
1766130366999899600,1025.576899658203,806.2657360127196,3.7365665963091272,180,13.006633361468603,891.8328823139891,352.349365234375,8.160769155351478,10.120178119885239,77.52690711820432,0.030673292852468576
1766130367999907000,1026.5769069824219,806.0727350609377,3.7374210932259286,180,13.006634158950618,891.6398813622072,352.349365234375,8.152730697633435,10.032908508440894,77.52690826007711,0.02661234859566189
1766130368999917600,1027.5769174804686,806.0838778177276,3.7334035767264706,180,13.006634442242031,891.6510241189972,352.349365234375,8.14509416254991,10.08272903479353,77.52690920825478,0.03154382185092316
1766130369999914800,1028.5769147949218,806.0629817191511,3.7179581569744267,180,13.006635391290365,891.6301280204207,352.349365234375,8.137839454308994,10.076431904803831,77.52691017227292,0.03873110845287194
1766130370999911400,1029.5769113769531,805.7347534811124,3.7365452774161967,180,13.006635211798546,891.301899782382,352.349365234375,8.13094748190309,10.05807430431952,77.52691198831302,0.027386655680267023
1766130371999906600,1030.5769064941405,805.905929046683,3.7285952936727735,180,13.006634234290718,891.4730753479525,352.349365234375,8.124400108008937,10.062382878240037,77.52691119502951,0.01374598405523057
1766130372999903000,1031.576903076172,805.8417486492544,3.7270066191277085,180,13.006633353921302,891.408894950524,352.349365234375,8.118180102392254,10.120924415447687,77.52691161757903,0.0306485396314089
1766130373999898400,1032.5768984375,805.801114554517,3.7365676467801383,180,13.00663342715108,891.3682608557865,352.349365234375,8.112271097113947,10.093736450535651,77.52691255027545,0.03159346114307105
1766130374999894500,1033.57689453125,805.5402285931632,3.7102862367093876,180,13.006632641567705,891.1073748944327,352.349365234375,8.10665754261645,10.128050440022248,77.52691398561714,0.012174933028622914
1766130375999889000,1034.5768889160156,805.4408195670694,3.7364723848964565,180,13.006632445260736,891.0079658683389,352.349365234375,8.101324665645583,9.994639810971773,77.5269139567412,0
1766130376999883800,1035.5768837890625,805.300888709724,3.736080255804111,180,13.006633772934277,890.8680350109935,352.349365234375,8.096258432275395,9.80289216202004,77.52691462169085,0.008971952380351427
1766130377999879000,1036.57687890625,805.1524654533714,3.7363467415504816,180,13.006633496944774,890.7196117546409,352.349365234375,8.09144551064489,9.782516532901347,77.52691553203817,0.008114800241606015
1766130378999874000,1037.5768740234375,805.1512300483882,3.7395237533136205,180,13.00663346498542,890.7183763496578,352.349365234375,8.086873235207882,9.653975543565643,77.52691556054596,0
1766130379999869000,1038.5768688964845,805.1512300483882,3.740436096831518,180,13.00663346498542,890.7183763496578,352.349365234375,8.082529573447486,9.593418202638851,77.52691556054596,0
1766130380999862300,1039.5768623046874,805.1512300483882,3.7358842659356557,180,13.00663346498542,890.7183763496578,352.349365234375,8.078403094775112,9.611377697004013,77.52691556054596,0
1766130381999857400,1040.576857421875,804.7136607086286,1.1177428644721998,180,13.0066342198179,890.2808070098981,352.349365234375,8.074482940036356,11.012861256125333,77.52691614784973,0
1766130382999852300,1041.5768522949218,804.7136607086286,1.0769815744794298,180,13.0066342198179,890.2808070098981,352.349365234375,8.070758793034537,11.126752681577994,77.52691614784973,0
1766130383999846000,1042.5768459472656,804.7136607086286,0.9533896115885483,180,13.0066342198179,890.2808070098981,352.349365234375,8.067220853382812,11.103916365829775,77.52691614784973,0
1766130384999839700,1043.57683984375,804.7136607086286,1.0772370853594067,180,13.0066342198179,890.2808070098981,352.349365234375,8.063859810713671,11.041690382633043,77.52691614784973,0
1766130385999833000,1044.5768330078124,804.7136607086286,0.956735992060698,180,13.0066342198179,890.2808070098981,352.349365234375,8.060666820177987,11.202682621269997,77.52691614784973,0
1766130386999828200,1045.576828125,804.7136607086286,1.342602658417521,180,13.0066342198179,890.2808070098981,352.349365234375,8.057633479169088,10.493620107097831,77.52691614784973,0
1766130387999821300,1046.5768212890625,804.7136607086286,1.3455390867137658,180,13.0066342198179,890.2808070098981,352.349365234375,8.054751805210634,10.527093676600153,77.52691614784973,0
1766130388999814400,1047.576814453125,804.7136607086286,1.3445597332072154,180,13.0066342198179,890.2808070098981,352.349365234375,8.052014214950104,10.46588813913273,77.52691614784973,0
1766130389999808500,1048.57680859375,804.7136607086286,1.3385197564314608,180,13.0066342198179,890.2808070098981,352.349365234375,8.049413504202597,10.530075337355873,77.52691614784973,0
1766130390999802000,1049.5768020019532,804.7136607086286,1.3423423029617794,180,13.0066342198179,890.2808070098981,352.349365234375,8.046942828992467,10.348941189002163,77.52691614784973,0
1766130391999795500,1050.5767954101561,804.7136607086286,1.3377613636494916,180,13.0066342198179,890.2808070098981,352.349365234375,8.044595687542843,10.30408118613278,77.52691614784973,0
1766130392999789600,1051.5767895507813,804.7136607086286,1.3362411117916617,180,13.0066342198179,890.2808070098981,352.349365234375,8.0423659031657,10.234224372393614,77.52691614784973,0
1766130393999782700,1052.5767827148438,804.7136607086286,1.3310791828579551,180,13.0066342198179,890.2808070098981,352.349365234375,8.040247608007416,10.29986726313633,77.52691614784973,0
1766130394999776000,1053.5767758789063,804.7136607086286,1.3306165962212395,180,13.0066342198179,890.2808070098981,352.349365234375,8.038235227607045,10.30735658408758,77.52691614784973,0
1766130395999769000,1054.5767690429689,804.7136607086286,1.3310357605398893,180,13.0066342198179,890.2808070098981,352.349365234375,8.036323466226692,10.35759940121816,77.52691614784973,0
1766130396999761700,1055.57676171875,804.7136607086286,1.2858070168410307,180,13.0066342198179,890.2808070098981,352.349365234375,8.034507292915356,10.556226491615107,77.52691614784973,0
1766130397999755300,1056.5767553710937,804.7136607086286,1.2449351626726017,180,13.0066342198179,890.2808070098981,352.349365234375,8.03278192826959,10.535269125982989,77.52691614784973,0
1766130398999748900,1057.5767487792968,804.7136607086286,1.2438493617134827,180,13.0066342198179,890.2808070098981,352.349365234375,8.03114283185611,10.729736229217231,77.52691614784973,0
1766130399999742000,1058.5767419433594,804.7136607086286,1.2422465486758614,180,13.0066342198179,890.2808070098981,352.349365234375,8.029585690263305,10.831356056771657,77.52691614784973,0
1766130400999735300,1059.5767353515625,804.7136607086286,1.077872008889694,180,13.0066342198179,890.2808070098981,352.349365234375,8.02810640575014,11.079436811805078,77.52691614784973,0
1766130401999727400,1060.576727294922,804.7136607086286,1.3412489782204822,180,13.0066342198179,890.2808070098981,352.349365234375,8.026701085462634,10.449992365577547,77.52691614784973,0
1766130402999720700,1061.576720703125,804.7136607086286,1.3400339550583538,180,13.0066342198179,890.2808070098981,352.349365234375,8.025366031189503,10.444274349798059,77.52691614784973,0
1766130403999713800,1062.5767138671874,804.7136607086286,0.9564840933344624,180,13.0066342198179,890.2808070098981,352.349365234375,8.024097729630027,11.038514291527152,77.52691614784973,0
1766130404999706400,1063.5767062988282,804.7136607086286,0.7739032519135371,180,13.0066342198179,890.2808070098981,352.349365234375,8.022892843148526,10.98311141802114,77.52691614784973,0
1766130405999699700,1064.5766997070311,804.7136607086286,1.2864121686454746,180,13.0066342198179,890.2808070098981,352.349365234375,8.0217482009911,10.793854985250007,77.52691614784973,0
1766130406999693000,1065.5766931152343,804.7136607086286,1.3527248225198933,180,13.0066342198179,890.2808070098981,352.349365234375,8.020660790941546,10.272086117135071,77.52691614784973,0
1766130407999685000,1066.5766850585937,804.7080201432109,2.162301211700892,180,13.006629208684432,890.2751664444804,352.349365234375,8.019627751394466,9.807490290367122,77.5269150063508,0
1766130408999678700,1067.5766787109376,804.6531698200852,2.3604287525393604,180,13.006633831026434,890.2203161213547,352.349365234375,8.018646363794007,9.423682578618113,77.52690119462348,0.41937290373925945
1766130409999671600,1068.5766716308594,804.5325991408899,2.371305425979962,180,13.006635970667784,890.0997454421595,352.349365234375,8.017714043779167,9.496844941120223,77.52689286862127,0.435832469197809
1766130410999663400,1069.5766633300782,804.6785610262305,2.3565693044890565,155.84534034510872,13.006638635471282,890.2457073275,352.349365234375,8.016828344288538,9.507542469777603,77.52687152022926,1.000590130111247
1766130411999656200,1070.57665625,804.1612863251939,2.352820203673333,160.8034109230709,13.006637605484332,889.7284326264635,352.349365234375,8.015986930822475,9.598804388152338,77.52685222892147,0.9351332791327743
1766130412999649000,1071.5766489257812,804.304028050974,2.3543100748265062,180,13.00663990440002,889.8711743522435,352.349365234375,8.0151875775513,9.706614672184024,77.52686741684968,0.4288005319843205
1766130413999642400,1072.5766423339844,804.7413822719827,2.8145304212594335,180,13.006642276770199,890.3085285732523,352.349365234375,8.014428199679344,9.78243436301847,77.52686709187162,0.16135731731867814
1766130414999635000,1073.5766350097656,804.5591177623719,2.4547048987793176,180,13.006639734966086,890.1262640636414,352.349365234375,8.013706790486323,9.743423603646466,77.52686744006247,0.0380643558531577
1766130415999627300,1074.5766271972657,804.4063352812082,2.4271043058163184,180,13.006639834373054,889.9734815824777,352.349365234375,8.013021451102091,9.693862664960232,77.52686742644357,0.025778574518715673
1766130416999620400,1075.5766203613282,804.4395794225857,2.5720310906328634,180,13.00664100519624,890.0067257238552,352.349365234375,8.012370378425844,9.683310953790485,77.52686726605702,0.036691734941979685
1766130417999612200,1076.576612060547,804.8243860285729,2.6389783553913473,180,13.006638668282609,890.3915323298424,352.349365234375,8.011751859459565,9.579278209410413,77.52686758618583,0.029214653858998626
1766130418999605800,1077.5766057128906,804.5524081280455,2.588579001843584,180,13.006637805954451,890.119554429315,352.349365234375,8.011164266444387,9.572629389121603,77.5268677043104,0.02514805772646484
1766130419999598000,1078.5765981445313,804.6655357014388,2.4964048793415357,180,13.006639375354773,890.2326820027083,352.349365234375,8.010606053133131,9.54448005968349,77.52686748932511,0.017346679514271567
1766130420999591400,1079.5765913085938,804.5750921508297,2.4984348997623123,180,13.006638408002893,890.1422384520993,352.349365234375,8.010075750469458,9.528453683289987,77.52686762183819,0.01674299855222044
1766130421999583700,1080.5765837402344,804.5473103318363,2.4236520604644967,180,13.006639158932419,890.1144566331059,352.349365234375,8.00957196303627,9.530018447924277,77.52686751897073,0.011549943614387105
1766130422999576600,1081.5765766601562,804.4995519183576,2.878914921561783,180,13.006640170267394,890.0666982196271,352.349365234375,8.009093364478897,9.502286550299255,77.52686738043128,0.03168520367594712
1766130423999569000,1082.5765688476563,804.5620572743937,2.5100552625771195,180,13.00663966318305,890.1292035756633,352.349365234375,8.008638696477357,9.508720126381371,77.5268674498957,0.015600917980496246
1766130424999561200,1083.5765612792968,804.5684845959768,2.393216239778757,180,13.006639598305638,890.1356308972463,352.349365234375,8.008206761809536,9.478416452549876,77.52686745878295,0.008005145689139686
1766130425999554600,1084.5765544433593,804.6370193129405,2.5583023033173067,180,13.006639918293775,890.2041656142101,352.349365234375,8.007796423459268,9.585237431746418,77.5268674149496,0.01763964916686885
1766130426999547000,1085.576546875,804.3403370846063,2.7506169174420365,180,13.006639133185102,889.9074833858758,352.349365234375,8.007406602064316,9.58575436459263,77.52686752249593,0.024338356818662966
1766130427999539500,1086.5765395507813,804.4859559871256,2.4326252697270245,180,13.006638649349563,890.0531022883952,352.349365234375,8.007036272255418,9.563852289401828,77.52686758877604,0.010451382160958105
1766130428999531800,1087.5765317382813,804.5735933147371,2.3530441406389233,180,13.006638086577881,890.1407396160066,352.349365234375,8.006684458871712,9.573489312804396,77.52686766586896,0.002189559175686335
1766130429999525000,1088.5765251464843,804.6411249926314,2.3375862872936746,180,13.006637649011928,890.2082712939009,352.349365234375,8.006350235896024,9.624857024489806,77.52686772581022,0.0030339828284256637
1766130430999518000,1089.5765180664062,804.6432917537168,2.3520399965001535,180,13.00663763660399,890.2104380549863,352.349365234375,8.006032724189089,9.585439787350069,77.52686772750995,0
1766130431999509800,1090.576509765625,804.6432917537168,2.3496699031858572,180,13.00663763660397,890.2104380549863,352.349365234375,8.005731087979633,9.56673623118323,77.5268677275098,0
1766130432999502000,1091.5765021972657,803.6847042469308,2.352609223351799,180,13.006637217954182,889.2518505482003,352.349365234375,8.00544452324355,9.438899350892033,77.5268677848499,0.4733574222338899
1766130433999495200,1092.5764951171875,803.2413976639509,2.353783367711906,176.77350751800452,13.006640467356386,888.8085439652205,352.349365234375,8.005172286386571,9.460521585273014,77.5268673397224,0.8511996211848565
1766130434999488300,1093.57648828125,803.628660758026,2.3498397807795235,180,13.006639814155626,889.1958070592955,352.349365234375,8.004913681213724,9.59553872494441,77.52686742920555,0.4443156584915365
1766130435999480300,1094.5764802246094,803.3111645197496,3.103456324578157,180,13.006639573290329,888.8783108210191,352.349365234375,8.004668002176084,9.683054334288322,77.52686746219786,0.2159470684513223
1766130436999473700,1095.5764736328124,802.9898444311693,2.984441905846711,180,13.006640618806673,888.5569907324389,352.349365234375,8.004434604303892,9.724589912032396,77.52686731897334,0.10102011210942484
1766130437999464400,1096.5764643554687,802.6509823082015,3.6225095085744017,180,13.006641261732598,888.218128609471,352.349365234375,8.004212874974083,9.739384198703021,77.52686723089813,0.09366501937166274
1766130438999458800,1097.5764587402343,802.2092150365934,2.352602228143064,180,13.006643175880319,887.7763613378629,352.349365234375,8.004002229251675,9.734069770085826,77.52686696868199,0.2486462344340533
1766130439999450400,1098.576450439453,802.3237027833238,3.4145699440494446,180,13.006644364780321,887.8908490845934,352.349365234375,8.00380211863779,9.740841544034845,77.52686680582002,0.15120698415306302
1766130440999443000,1099.5764428710938,801.8547564940527,2.3613079146268583,180,13.00664607105432,887.4219027953222,352.349365234375,8.003612006947925,9.346428448946217,77.52686657207899,0.5063641912011793
1766130441999435800,1100.5764357910157,801.5710201943293,2.352597570507989,180,13.006648944550829,887.1381664955989,352.349365234375,13.119374110094268,9.318794663346386,77.52686617844655,0.7549801204104049
1766130442999428900,1101.5764289550782,801.5700711272657,2.3389850754853208,180,13.006649970453987,887.1372174285352,352.349365234375,14.388970171104846,9.31449384675264,77.52686603791173,0.4849762659680666
1766130443999420400,1102.5764204101563,801.7922739982605,2.5719866064229775,180,13.006648560428932,887.35942029953,352.349365234375,14.790672363206832,9.305660472973662,77.52686623106831,0.10726758940666395
1766130444999413800,1103.5764138183595,802.1303484337404,2.6206857009188704,180,13.00664661191695,887.69749473501,352.349365234375,14.76075691858289,9.276599529334742,77.52686649799075,0.0705482039306516
1766130445999406300,1104.57640625,802.1762978322804,2.5164783283147254,180,13.006648655625616,887.7434441335499,352.349365234375,14.559121844215873,9.322515231317071,77.52686621803088,0.031221392177684576
1766130446999398700,1105.5763986816405,802.0860383640975,2.602081431442454,180,13.006647057761812,887.653184665367,352.349365234375,14.526941415144387,9.32860538289881,77.52686643691607,0.03310171214480585
1766130447999391000,1106.5763908691406,801.9481680579484,2.3495771505632144,180,13.006651896329576,887.5153143592179,352.349365234375,15.077723704292591,9.34001902082353,77.52686577409676,0.19305305201052542
1766130448999383800,1107.5763837890624,801.9075884716585,2.352313715877505,180,13.006654613543693,887.4747347729281,352.349365234375,16.275864449830795,9.38151033072996,77.52686540187491,0.6024646397608386
1766130449999376400,1108.5763764648439,801.8180551780388,2.349171705618153,180,13.006655074501444,887.3852014793083,352.349365234375,17.227347406527247,9.453350018908521,77.52686533872915,0.4668169567093062
1766130450999368700,1109.5763686523437,802.5223217485473,3.5803502333860093,180,13.006648706667825,888.0894680498168,352.349365234375,18.1792716147028,9.483605001901944,77.52686621104236,0.3117247299231726
1766130451999361000,1110.5763610839845,802.2147755911574,2.3639247478662098,180,13.006650660369248,887.7819218924269,352.349365234375,19.19601039498442,9.494572560070637,77.52686594340864,0.5267925484409579
1766130452999353300,1111.5763532714843,802.4455713378266,2.352296832906643,180,13.00663153010702,888.0127176390961,314.8629991557891,8.001951774148052,9.577559380917496,77.5266854972885,0.6030889725174851
1766130453999346700,1112.5763466796875,802.8473028726876,2.3496188030910625,180,13.006632525606728,888.4144491739571,314.8629879835944,8.001854185753741,9.606041572715675,77.52667432274419,0.5148152472408072
1766130454999339000,1113.576339111328,803.3995499545708,2.4557049036577765,180,13.006631053199044,888.9666962558404,314.8629816637419,8.001761487641982,9.661975870304527,77.52666966252177,0.06105511761532336
1766130455999332000,1114.57633203125,803.6255393028259,2.384217736866598,180,13.006632237077534,889.1926856040955,314.8629832420106,8.001673414237805,9.78204673678946,77.52667016034773,0.02030218104650557
1766130456999324000,1115.5763239746093,803.5513938218355,2.3773035460930356,180,13.00663319686915,889.118540123105,314.8629844414194,8.00158974356987,9.883471059861298,77.52667048963077,0.021127114754101724
1766130457999316700,1116.5763166503907,803.328349661082,2.360675339800051,180,13.00663371610199,888.8954959623516,314.86298547994926,8.00151025647929,9.943832752024441,77.52667102918572,0.018533848809646765
1766130458999309000,1117.5763090820312,802.6376348668709,2.349435255935085,180,13.006636164485085,888.2047811681405,314.86298069125684,8.001434735622261,9.904857367438492,77.52666458982702,0.4927161833942834
1766130459999301400,1118.5763012695313,802.1733349543065,2.349966673174477,180,13.006640272670628,887.740481255576,314.8629711636219,8.001362996984115,9.885330015563186,77.5266524007165,0.7117866407217956
1766130460999294000,1119.5762939453125,801.5870088106021,2.348729280796851,162.24902401717532,13.00664626482392,887.1541551118717,281.9141540527344,8.001294853360966,9.80948400369145,77.52663534715207,0.9254602026706187
1766130461999286500,1120.5762866210937,801.6777147660032,2.3494310048283213,180,13.006647117528995,887.2448610672727,270,8.001230114565983,9.733802850802158,77.5266231146204,0.6118965790680179
1766130462999279600,1121.5762795410155,801.9480480700731,2.452167076554215,180,13.00664616575209,887.5151943713427,270,8.001168607628111,9.767827221288124,77.52662044805172,0.07566769881200663
1766130463999272400,1122.5762724609374,802.0915186852217,2.430034587212726,180,13.006648264678356,887.6586649864912,270,8.001110177210043,9.775481701692705,77.52662200842855,0.056188979770559574
1766130464999264300,1123.5762641601561,801.7839613538235,2.406425521343084,180,13.006647420612387,887.3511076550931,270,8.001054668258105,9.869980673525582,77.52662226813672,0.04084501200291789
1766130465999257000,1124.5762570800782,801.2940263133496,2.332517746967878,180,13.006649571191959,886.8611726146191,270,8.001001931141248,9.884704485041185,77.52661614615188,0.34089609275491384
1766130466999249000,1125.576248779297,801.2845212016255,3.3073948777126776,180,13.006648764652144,886.851667502895,270,8.000951835338537,9.836650583507359,77.52660966437007,0.2022381713597993
1766130467999241700,1126.5762416992188,801.4120068252087,2.3882678880009225,180,13.006646433535414,886.9791531264782,270,8.000904246284726,9.817776258389062,77.52660910264123,0.017327843213100075
1766130468999234600,1127.5762346191407,801.0921609299257,2.4221655773167905,180,13.006646649618633,886.6593072311953,270,8.000859033903907,9.764830337283914,77.5266097879854,0.02137296304143679
1766130469999227100,1128.5762270507812,801.1201101662591,3.25549689987297,180,13.006647020729282,886.6872564675286,270,8.000816081478066,9.733419487579255,77.52660946928829,0.07673205700776957
1766130470999219700,1129.5762197265626,801.2352106068283,3.427111745042388,180,13.006647231092483,886.8023569080979,270,8.000775274316245,9.77487356437499,77.52660230670612,0.24970361570648533
1766130471999212000,1130.5762119140625,801.2190523929894,2.354512814758969,180,13.006649493469702,886.7861986942589,270,8.000736514110633,9.598099225653153,77.5265970841754,0.3054257730696455
1766130472999204000,1131.5762041015626,801.8337716627866,2.3952210449254476,180,13.006650147254321,887.4009179640561,270,8.000699688797033,9.577028555275435,77.5265984238748,0.012220699533276085
1766130473999196700,1132.5761967773437,802.079792207107,2.416059248162823,180,13.00665040219971,887.6469385083765,270,8.000664704410324,9.570184310304851,77.52659816864674,0.014394168089058699
1766130474999189500,1133.576189453125,801.829608480446,2.34948978371789,180,13.006651877206048,887.3967547817156,270,8.000631472174762,9.53295160686437,77.52659370187109,0.3232382647993603
1766130475999182800,1134.576182861328,802.1436480656266,3.003629181620688,180,13.006651810355192,887.7107943668962,270,8.000599897402388,9.591805706292503,77.52658858663663,0.13711800863691911
1766130476999175000,1135.5761748046875,801.9856849107891,2.3651065968837917,180,13.006650924681354,887.5528312120587,270,8.000569901019288,9.547931333794484,77.52658849946232,0.011616510718129417
1766130477999167000,1136.5761669921876,801.4484250005335,2.349986148880705,180,13.006652528456444,887.015571301803,270,8.00054141191911,9.508471248400902,77.52658433645983,0.3546554093516601
1766130478999160000,1137.57616015625,801.3605440817773,3.482131678837687,180,13.006654623451686,886.9276903830469,270,8.000514340740654,9.506764083469182,77.5265776907561,0.29515648726247257
1766130479999152000,1138.5761520996093,801.474636877887,2.6458007796831664,180,13.006653886028682,887.0417831791565,270,8.000488619542319,9.55632006996515,77.52657378324088,0.06691812677421663
1766130480999144400,1139.57614453125,801.4976042518392,2.3353951528025103,180,13.006654208026383,887.0647505531088,270,8.000464190005811,9.705268605690176,77.52656982852547,0.2587003470632281
1766130481999966500,1140.5769665527343,801.5792028373107,3.225476932846557,180,13.006655102614301,887.1463491385803,270,8.000440980037848,9.64297236533825,77.52656590948394,0.14806266959260628
1766130482999971300,1141.576971435547,801.879658809863,2.4142785024176603,180,13.006656381488982,887.4468051111326,270,8.000418929812641,9.719532425520201,77.52656709039687,0.01937495297828177
1766130483999963600,1142.5769636230468,802.0800750171766,2.4489611187905758,180,13.00665755870676,887.6472213184461,270,8.000397983337649,9.788494394807781,77.52656732443953,0.023652230608447154
1766130484999967500,1143.5769675292968,801.98621011246,2.4353268472163085,180,13.006658207729302,887.5533564137295,270,8.000378084156303,9.80086471425721,77.52656768063306,0.019465164030280598
1766130485999975700,1144.5769755859376,802.2717066723853,2.458998994374673,180,13.006659406072052,887.8388529736549,270,8.000359180011714,9.768249670287055,77.52656895570635,0.020858061952458557
1766130486999969500,1145.5769694824219,802.3831813503057,2.434905805303688,180,13.006659871805857,887.9503276515752,270,8.000341220946131,9.874201080601413,77.52656930089127,0.019412063232496696
1766130487999973000,1146.5769731445312,802.5198707031086,2.3487253315830965,180,13.006660409882238,888.0870170043781,270,8.000324159662615,9.829086588227261,77.52657136966161,0
1766130488999978500,1147.576978515625,802.5198707031086,2.3514351163557157,180,13.006660409882238,888.0870170043781,270,8.000307951679483,9.800701653344715,77.52657136966161,0
1766130489999971300,1148.576971435547,802.5198707031086,2.349221354749335,180,13.006660409882238,888.0870170043781,270,8.000292554095509,9.776177498791897,77.52657136966161,0
1766130490999972600,1149.57697265625,802.5198707031086,2.34953256833158,180,13.006660409882238,888.0870170043781,270,8.000277926390732,9.591254645690155,77.52657136966161,0
1766130491999975200,1150.5769750976563,802.5198707031086,2.3468902157164675,180,13.006660409882238,888.0870170043781,270,8.000264030071197,9.651614395627803,77.52657136966161,0
1766130492999968500,1151.5769685058594,802.5198707031086,2.349287393947414,180,13.006660409882238,888.0870170043781,270,8.000250828567637,9.613974412724133,77.52657136966161,0
1766130493999977200,1152.5769772949218,802.5198707031086,2.3493129605758467,180,13.006660409882238,888.0870170043781,270,8.000238287139258,9.598558460196983,77.52657136966161,0
1766130494999979500,1153.5769794921875,802.5198707031086,2.346435506020321,180,13.006660409882238,888.0870170043781,270,8.000226372782294,8.7228306140249,77.52657136966161,0
1766130495999973400,1154.5769733886718,802.5198707031086,2.3489013033575796,180,13.006660409882238,888.0870170043781,270,8.00021505414318,8.595762658812491,77.52657136966161,0
1766130496999970600,1155.5769704589843,801.9563479237258,2.3316164189515387,180,13.006651580015406,887.5234942249954,270,8.000204308226861,8.586354123839374,77.52657130598121,0.20339769640155575
1766130497999965700,1156.576965576172,801.8290650239214,3.0962915898385774,180,13.00665158001507,887.396211325191,270,8.000194091323461,8.475816485609105,77.5265673774976,0.14519172345093756
1766130498999961300,1157.5769614257813,801.8169956179336,2.3469950715840424,180,13.006651580015038,887.3841419192031,270,8.000184382062823,8.386010485736705,77.52656737933057,0.00048221062382593834
1766130499999957000,1158.57695703125,801.6926915552467,2.390805583841483,180,13.006651580014712,887.2598378565162,270,8.000175163543433,8.279241199852748,77.52656674897595,0.016860515726505872
1766130500999952400,1159.576952392578,801.5842535393313,2.3697321556029523,180,13.006651580014426,887.1513998406008,270,8.000166405210225,8.20484771877354,77.52656643848525,0.011471582589788022
1766130501999947500,1160.5769475097657,801.5195083394647,2.3500015198482562,180,13.006651580014255,887.0866546407342,270,8.000158084668191,8.170652533112307,77.52656680594234,0.0029900349904366202
1766130502999942100,1161.576942138672,801.445449267514,2.352281274115303,180,13.00665158001406,887.0125955687836,270,8.000150180544091,8.12703943297314,77.52656596805132,0.005693210713632139
1766130503999937000,1162.5769370117187,801.3838223591447,2.369845107154663,180,13.006651580013896,886.9509686604142,270,8.00014267170363,8.08278346828874,77.52656532039863,0.01013924967155546
1766130504999932000,1163.5769318847656,801.3698367606848,2.3735633996581402,180,13.00665158001386,886.9369830619544,270,8.00013553820165,8.053197098133454,77.52656515390348,0.011435267377799848
1766130505999926300,1164.5769262695312,801.211706770584,2.3956024596064465,180,13.006651580013443,886.7788530718535,270,8.000128761404852,8.05069080692175,77.52656481453329,0.016197466324077744
1766130506999921400,1165.5769213867188,801.0445199459791,2.3491018822093057,180,13.006651580013003,886.6116662472486,270,8.000122329166695,8.047977708369253,77.52656232806939,0.15355171467896123
1766130507999915500,1166.5769155273438,801.1539441850036,2.3802604840288657,180,13.00665158001329,886.7210904862732,270,8.000116207153129,8.05260764720996,77.5265621611085,0.011637703400897974
1766130508999910000,1167.5769099121094,801.0400046827272,2.349250937205557,180,13.00665158001299,886.6071509839967,270,8.000110404739337,8.079062283053123,77.52655916847675,0.20469631181795822
1766130509999903700,1168.5769038085937,801.2901727026328,2.7290093382861396,180,13.00665158001365,886.8573190039024,270,8.000104878650871,8.138344640689578,77.52655870113233,0.05023781635599537
1766130510999897600,1169.5768977050782,801.068510630168,2.349351050942588,180,13.006651580013065,886.6356569314376,270,8.000099642497505,8.18800389112477,77.52655424432332,0.2704107047093755
1766130511999891700,1170.5768916015625,801.1108803711832,2.3492427417159294,180,13.006651580013177,886.6780266724527,270,8.000094661026237,8.257028894587846,77.52654996740124,0.23678557786008217
1766130512999885000,1171.5768850097656,800.8558219848201,2.3491876716493585,180,13.006651580012504,886.4229682860896,270,8.000089944812764,8.354899622519731,77.5265409120996,0.6554829465461022
1766130513999879000,1172.57687890625,800.7025541756302,2.351490727607146,161.96720532366254,13.00666183006041,886.2697004768997,281.9141540527344,8.000085460391697,8.424122956745746,77.52652157885304,0.9282011846914202
1766130514999873300,1173.5768732910155,801.7435958338901,1.5897013900448462,180,13.006666439598526,887.3107421351597,281.9141540527344,8.000081301920238,10.173848588692486,77.52649929942046,2.7266147103395295
1766130515999867000,1174.5768669433594,801.8821038892493,1.5399202332466853,180,13.006667971192323,887.4492501905188,281.9141540527344,8.000077189246404,10.808989364488111,77.52649189670315,2.5813501171927085
1766130516999860700,1175.5768608398437,801.4114707577974,1.5547156756244642,40.62328589239741,13.006679028816343,886.9786170590669,351.7881418907575,8.000073265316418,10.973176018717972,77.52649072170158,2.555819019519038
1766130517999854600,1176.5768544921875,801.6852038707584,1.5444913912348397,37.69004524398086,13.006802914342991,887.252350172028,1.131719708442688,8.00006956105612,10.715719489820701,77.52647639193592,3.2899298427274846
1766130518999848000,1177.5768479003907,801.4814263544977,1.531469354307473,25.80948248580871,13.006848672559139,887.0485726557672,1.1316969394683838,8.000066027713007,11.538287681001524,77.52647731376584,4.730258856245544
1766130519999840500,1178.576840576172,801.5033153602853,1.5401282835726238,23.823788645693742,13.006894777598475,887.0704616615549,1.1316969394683838,8.000062746352143,12.131274687451956,77.52647824258572,5.0668971140025105
1766130520999835000,1179.5768349609375,801.3739760126919,1.5065664897302582,22.6076415605193,13.006941631168816,886.9411223139614,1.1316969394683838,8.00005959575637,12.395351650449163,77.52647918648553,5.210656908875496
1766130521999827700,1180.5768276367187,801.056043099612,1.5389606390200383,22.343209612553256,13.006988796875394,886.6231894008815,1.1316969394683838,8.000056638446619,12.349390388870077,77.52648013667378,5.30215376639949
1766130522999821300,1181.5768212890625,800.7124771764502,1.5413790081408418,22.12649928099153,13.007035846035503,886.2796234777197,1.1316969394683838,8.000053747614999,11.9746380079113,77.52648108451416,5.237713070819845
1766130523999814400,1182.576814453125,800.3184786969796,1.5385411664056197,22.107591867552912,13.007083865744205,885.8856249982491,1.1316969394683838,8.000050961530372,11.94208119458757,77.52648205190702,5.456827704421194
1766130524999807200,1183.5768071289062,799.8506471179426,1.5426749744510146,19.08831542624753,13.007141475627702,885.4177934192121,1.1316969394683838,8.000048273413423,11.693565615996041,77.52648321250109,6.358226158083218
1766130525999801000,1184.5768010253905,799.5103599792346,1.536092339413563,16.511544175788703,13.007207061644557,885.0775062805042,1.2278516292572021,8.000044373504888,11.776317832285747,77.52648461961851,7.042129576234036
1766130526999793400,1185.5767934570313,797.9730239706114,1.5294139168541039,15.80664103366621,13.00727274532053,883.5401702718809,1.2278516292572021,8.00003833126656,12.295102413705361,77.5265027872265,7.488505712644428
1766130527999787300,1186.5767873535156,796.4591450523585,1.5237303360495624,13.82449724526128,13.007344139608735,882.026291353628,1.1055012941360474,8.000030305387083,13.135065031313816,77.52648634572958,8.158181464284441
1766130528999779800,1187.5767797851563,795.778482016176,1.5379019216785523,13.77829069239965,13.007420872604785,881.3456283174455,1.1055012941360474,8.000022208961386,14.036941583759619,77.5264881408598,8.35779340333974
1766130529999773000,1188.5767729492188,794.7467963555828,1.5362207484826953,11.862274141348568,13.007498342682855,880.3139426568523,1.1055012941360474,8.000015195397994,14.379704703639032,77.52648795125376,8.505105857605935
1766130530999766300,1189.5767663574218,794.1975426794961,1.5089485859756593,13.120904072187415,13.007571414818873,879.7646889807656,1.1055012941360474,8.000010222438302,14.236026714986401,77.5264890554196,8.367609383273189
1766130531999758800,1190.5767587890625,793.7525579612702,1.5352970443027538,13.129646469200559,13.007648325122252,879.3197042625397,1.1055012941360474,8.000006883488647,14.946147847225504,77.52649101989037,8.496763520230035
1766130532999752000,1191.576751953125,793.3810813929886,1.5613695493051236,13.297074056329109,13.007731853554857,878.9482276942581,1.1055012941360474,8.000004674903737,15.437089684121784,77.52648793874503,9.022710344366406
1766130533999745300,1192.5767453613282,792.7996628629044,1.5185894656909449,12.496098677716747,13.007818118132754,878.3668091641739,0.9634667038917542,8.000002949136649,15.517130249257908,77.5264919011773,9.60889536864533
1766130534999737900,1193.5767377929687,794.4023094289005,1.5292187054472348,13.64238289195575,13.007900753513253,879.96945573017,1.055140495300293,8.000001773266016,14.1447337165159,77.52649443067197,8.942191994414076
1766130535999731500,1194.5767314453126,795.0865023480728,1.5305651003931333,16.49918085427407,13.007965818296995,880.6536486493424,1.055140495300293,8.000001148072714,13.34910355309039,77.52649570459295,7.337070064432201
1766130536999724000,1195.5767241210938,795.7865882162005,1.5349412595844794,23.928456825847654,13.008009728314974,881.35373451747,1.055140495300293,8.00000084281307,12.227595413944808,77.52649763031829,5.144972396170686
1766130537999716600,1196.5767165527343,796.4439186360687,1.5427317033628458,32.184996633881774,13.008041839222154,882.0110649373382,1.055140495300293,8.000000616235866,11.227128009387817,77.52649791345632,3.871277196479151
1766130538999709700,1197.5767097167968,796.9378431746736,1.5535337711010024,46.87221273012519,13.008065894183577,882.5049894759431,1.055140495300293,8.00000049049848,10.470983297083146,77.52649717407839,2.6714076016824584
1766130539999702000,1198.576701904297,797.3216227646917,1.561418663320759,55.869180351444186,13.00808538084225,882.8887690659612,1.055140495300293,8.000000358119483,10.638496052757406,77.52649676878207,2.141718126321883
1766130540999694600,1199.576694580078,797.9737192271277,1.5286802584651151,42.36951225978253,13.008107432800623,883.5408655283973,1.055140495300293,8.000000271803241,10.124837873553249,77.52649613870406,2.4995225306079027
1766130541999687700,1200.5766877441406,798.1512752939016,1.5471939323029429,33.79639559343482,13.00814013267174,883.7184215951711,3.2260379791259766,8.000000200097888,9.95068332914202,77.52649754495405,3.637785726616427
1766130542999681000,1201.5766809082031,798.5653971768916,1.5404348028681185,27.14229250045642,13.008182030166967,884.1325434781611,3.2260379791259766,8.000000111446685,9.289119208564792,77.52650487806586,4.5289893318711805
1766130543999673300,1202.5766733398436,798.7736991550773,1.5346691511654205,24.07492678183673,13.008228680296433,884.3408454563469,3.2260379791259766,8.036263594012194,8.72395221352723,77.5265120905572,5.156789525319603
1766130544999666400,1203.5766665039062,798.6558389505371,1.576319113791334,22.745482591409775,13.008280147605818,884.2229852518067,3.2260379791259766,8.032966869418503,8.83097120380742,77.52651325666761,5.583552476486642
1766130545999659500,1204.5766594238282,799.1861192574725,1.5265482996706234,21.879114211803234,13.008332093583,884.753265558742,3.2260379791259766,8.030219653539465,8.56932021093711,77.52650687759845,5.564435368013754
1766130546999652400,1205.57665234375,799.3481760602444,1.5277006034029639,25.146274460959376,13.00837194241732,884.915322361514,3.2260379791259766,8.027895019703257,8.695327034069264,77.5265014259298,4.8616735239053375
1766130547999644700,1206.5766447753906,799.255084676668,1.535342343262777,28.68226116917537,13.008412286434421,884.8222309779376,3.2260379791259766,8.052433675498609,9.25119666320594,77.52650413569292,4.335901547911329
1766130548999637500,1207.5766374511718,799.4792316798121,1.5411775832612986,29.490228209510217,13.0084535750165,885.0463779810816,3.2260379791259766,8.048938088777724,9.814192055668256,77.52650737209784,4.181705867240774
1766130549999630300,1208.5766303710936,799.5696806134656,1.5187158209068303,29.293461402321835,13.008491189172094,885.1368269147351,3.2260379791259766,8.045879439744217,9.958349848742287,77.52651307272211,4.142052614010258
1766130550999623000,1209.5766228027344,799.5055447239429,1.539548883124675,31.87642640620938,13.00852347304128,885.0726910252124,3.2260379791259766,8.043180676714169,10.326154850404416,77.52651981424235,3.7762808055233252
1766130551999616300,1210.5766162109376,799.5519347758964,1.5076134110721002,34.397434911877795,13.008553104527099,885.1190810771659,3.2260379791259766,8.040781835194444,10.079273397080847,77.52652334483805,3.4335650046902795
1766130552999608000,1211.5766081542968,799.4528872324154,1.5491260709682861,38.64153971936207,13.00857982425038,885.0200335336849,3.2260379791259766,8.038635515644735,9.964636740877069,77.52652535931483,3.2157485088816573
1766130553999601000,1212.5766008300782,799.2018838692456,1.5663016688346612,43.25390405069045,13.008604819597146,884.7690301705152,3.2260379791259766,8.036703793994311,9.316188141286602,77.52652619135345,2.9079692464438316
1766130554999593500,1213.5765935058594,799.0274958796799,1.5538077689813887,45.190925149571,13.008629070751933,884.5946421809494,3.2260379791259766,8.034868625189299,8.558623436335507,77.52652696116526,2.783761168714105
1766130555999586000,1214.5765859375,798.9186094589531,1.5477127204752599,60.66469699184029,13.008647467325659,884.4857557602227,3.2260379791259766,8.03312519801707,8.017912859835493,77.52653003969218,2.0658233278572755
1766130556999579400,1215.576579345703,798.9261840991676,1.5702316840504988,71.30719362080036,13.008662301311752,884.4933304004371,3.2260379791259766,8.031468953911547,7.936659103804009,77.52653379472224,1.7146275855939874
1766130557999572200,1216.576572265625,798.7057606168091,1.5527719987291588,55.87466691530345,13.008681593111133,884.2729069180787,3.2260379791259766,8.02989555113907,8.56314876278581,77.52653052650778,2.1435033280213287
1766130558999564800,1217.5765646972657,798.4405636033043,1.5390808684096802,40.32220143085679,13.008709126215859,884.0077099045739,3.2260379791259766,8.028400807814476,8.860605367652482,77.52652606701088,3.089991318068557
1766130559999557000,1218.5765571289062,798.0340220564976,1.5459229559456207,28.905578988856337,13.00874863127815,883.6011683577672,3.2260379791259766,8.026980817700567,8.831579573376457,77.52652216053828,4.292544187757989
1766130560999550200,1219.5765502929687,798.0235979175195,1.544393836464444,26.107676289987744,13.00879302637182,883.590744218789,359.586181640625,8.025631731091831,8.800085432179362,77.52650964345048,4.770530651430514
1766130561999542800,1220.5765427246095,797.812308001332,1.5269407027030797,23.939329823128393,13.008837320815294,883.3794543026015,359.586181640625,8.024350059137335,8.705342207738568,77.52650931720164,5.089992192642391
1766130562999535600,1221.5765356445313,797.6822420991957,1.5405532740125796,23.410960496685373,13.008883558835926,883.2493884004653,0,8.023132542074594,8.802756820347026,77.52650894879088,5.137784822506067
1766130563999528700,1222.5765288085938,797.0302168596536,1.504107937609193,23.537171306497637,13.008929388473007,882.5973631609231,0,8.021975843313426,9.288786895686453,77.52650894878913,5.05904037364456
1766130564999520800,1223.576520751953,797.311073737219,1.5070990447803383,24.102893855697577,13.008975707155743,882.8782200384885,0,8.020877024895931,9.700668701015182,77.52650894878988,5.066940855590187
1766130565999513600,1224.576513671875,796.472103331238,1.5608399506627113,24.093992275335122,13.009019773017261,882.0392496325076,356.83099365234375,8.019833219381631,9.932255957898883,77.52650469512515,5.150547595277667
1766130566999505700,1225.5765056152343,796.0114531554282,1.548048785026645,25.277021570947486,13.009061982895583,881.5785994566977,356.83099365234375,8.018841418437685,10.298445523173184,77.52650231183193,4.8157080263691325
1766130567999498500,1226.5764985351564,795.3779703360051,1.549684410830894,23.333731527607164,13.009104886376038,880.9451166372746,356.83099365234375,8.017899288513926,10.6713092878067,77.52649988937502,4.658641995152982
1766130568999491300,1227.5764912109375,794.8742473097518,1.5408403450539772,19.94845325733206,13.009154798743833,880.4413936110213,356.83099365234375,8.017004277440646,11.00599911786632,77.52649707117662,5.355130329317584
1766130569999484400,1228.576484375,794.1892140302807,1.5409260240296185,16.58926250195777,13.00921331306476,879.7563603315502,356.1361389160156,8.016154016659792,10.892410634452366,77.52649308276018,6.429295959616071
1766130570999476500,1229.5764765625,793.3272901074961,1.5417982793764526,16.75034260497611,13.009272789127989,878.8944364087656,0.32699277997016907,8.015060292452771,10.938781866946497,77.52649165331,6.292587286425907
1766130571999469300,1230.5764692382813,792.9242125675082,1.5343208346099761,18.927563331571413,13.009322210136165,878.4913588687778,0.32699277997016907,8.014119127560662,10.78528387130355,77.52649194095007,5.880699726089438
1766130572999461600,1231.5764616699219,790.5720693431795,1.5235987563580453,16.63008938353237,13.009373052531576,876.139215644449,0.32699277997016907,8.013202055691876,11.393105685608111,77.52650654325898,5.755225315131044
1766130573999455500,1232.5764555664061,788.8710398981348,1.5176720637688708,16.542865710151418,13.009422486156627,874.4381861994043,0.32699277997016907,8.012376871259574,11.848204096872,77.52649115705319,5.590700060287265
1766130574999447800,1233.5764477539062,787.6010478055105,1.5373874237727296,14.364005984939123,13.009476910895863,873.16819410678,0.32699277997016907,8.011648693217108,12.1222740864743,77.5264846514543,5.976159037157625
1766130575999439600,1234.5764396972656,786.4318609228358,1.5439899781648112,12.225276341991723,13.009531744660086,871.9990072241053,0.32699277997016907,8.01100148076539,12.246295606663384,77.52648029208731,6.171183642278428
1766130576999433200,1235.5764331054688,785.2383405407891,1.5421831346249706,12.663742569426022,13.009591162538351,870.8054868420586,0.32699277997016907,8.010256362044409,12.59243582521362,77.52647790840943,6.518311268190601
1766130577999425500,1236.5764255371093,784.2433212958276,1.556248509995047,12.970695241810343,13.009652430563067,869.8104675970972,0.32699277997016907,8.009246677822713,12.894014744490267,77.52647482521921,6.637894623295026
1766130578999417900,1237.57641796875,783.4040526049212,1.5349023841823022,17.25471047476845,13.009704158482482,868.9711989061907,0.32699277997016907,8.008089759498235,12.99605321129268,77.52647306918419,5.768536527225426
1766130579999410700,1238.5764106445313,782.725458192639,1.5518063243207412,22.13222948470716,13.009736228095555,868.2926044939086,0.32699277997016907,8.00719095997648,12.917511413345995,77.52647979018393,3.7494283180083117
1766130580999404000,1239.5764040527345,782.1297298232093,1.5201687287049486,26.900561108447548,13.009764207747832,867.6968761244789,2.5234375,8.006471850176037,12.404161994592158,77.52648961769695,3.467420017893582
1766130581999396000,1240.5763959960937,781.5980090619996,1.5264196551138411,29.366790909738835,13.009791686312283,867.1651553632692,2.5234375,8.00588338277223,11.92877643170353,77.52650336913385,3.2225218801457376
1766130582999388200,1241.5763881835937,781.1169315939769,1.5541042319125238,33.449983949124935,13.009822499421343,866.6840778952464,2.5234375,8.00539311429265,11.84887488236303,77.52651200327952,3.4072735928751863
1766130583999381500,1242.576381591797,780.7218315349892,1.5495819262076043,34.95033336904089,13.009852322317485,866.2889778362587,2.5234375,8.004978442805939,11.568140626018012,77.52650636563817,3.3016734755648334
1766130584999373800,1243.5763737792968,780.1897899610922,1.5487582314968098,34.39089373061225,13.009881168024746,865.7569362623617,2.5234375,8.004623032367736,11.749350527658226,77.52649631190467,3.185166245806927
1766130585999366100,1244.5763662109375,780.3573841899633,1.538206206967778,35.772483126461296,13.009906847337142,865.9245304912329,2.5234375,8.004314917221906,11.498441948790358,77.5264858499838,3.07465334351365
1766130586999359500,1245.576359375,779.7802199032158,1.5544846417370632,35.00201873799653,13.009931254252347,865.3473662044853,2.5234375,8.004045182665555,11.290651524814724,77.52647891817918,2.781714660931259
1766130587999352000,1246.5763520507812,779.7743285344914,1.5345449544611316,55.42953005457144,13.00994777891326,865.3414748357609,2.5234375,8.003807216465674,11.13354111210908,77.52647370306258,1.9791420939049202
1766130588999345400,1247.5763454589844,779.1520651523024,1.5792555835417426,40.283629999386854,13.009966577132401,864.7192114535719,331.5867633766777,8.003595855352492,11.820502431393209,77.52646463604022,2.1132768268260262
1766130589999337200,1248.5763371582032,779.3298583589494,1.5667765037834718,42.721026416515706,13.009980752474881,864.897004660219,315.083585555701,8.003406939059108,11.810765092546749,77.5264617996042,2.354710601817431
1766130590999330600,1249.5763305664063,779.0289709474891,1.6435615976401052,42.10990801397081,13.009989025135688,864.5961172487587,299.2659427930814,8.003236891322379,11.736296493044387,77.52645954763919,2.469956474107048
1766130591999323000,1250.5763229980469,779.3270831778646,1.6728143462745881,34.90929624818643,13.009994437848453,864.8942294791341,290.4509029722642,8.00307528665239,11.77651694510036,77.52645694591746,2.7367906109006137
1766130592999314700,1251.5763146972656,780.1361097479239,1.7256983012322082,44.800513555522066,13.010006453948039,865.7032560491934,281.23931884765625,8.002921667924683,11.896223805458531,77.52636110610867,3.057749343925491
1766130593999307800,1252.5763078613281,780.2759508797899,1.7532134068669318,43.19915352829418,13.01001221722484,865.8430971810594,281.23931884765625,8.002775688396095,11.92722577915778,77.52633217919666,3.138342258143739
1766130594999300400,1253.5763002929687,780.5555710205808,1.7654917697560968,38.628258049531524,13.010019057300871,866.1227173218504,281.71954345703125,8.002637015704744,11.793327083049503,77.52630131693553,3.357424916456552
1766130595999293000,1254.57629296875,780.8419028660282,1.7729439986889381,35.8168947928159,13.0100256907299,866.4090491672978,281.71954345703125,8.002505620922609,11.649873011729749,77.52626510037135,3.9401884464435435
1766130596999285800,1255.5762856445313,781.0457789329812,1.7718767009284655,22.113494738601325,13.010033781662482,866.6129252342507,281.71954345703125,8.002380301072959,11.331764206832363,77.52622102592406,4.793207966946025
1766130597999279000,1256.5762790527344,781.1972976457328,1.7147703565697179,23.943642392772304,13.010046424207834,866.7644439470023,281.96624755859375,8.002261097148468,10.916494211619673,77.52617630369633,5.253447980725773
1766130598999271000,1257.5762709960939,781.8683395711705,1.702077374916762,22.42078025050597,13.010064203815627,867.43548587244,281.4691162109375,8.002148187171418,10.76210774573783,77.52613159920426,5.466283610009997
1766130599999264300,1258.5762641601561,782.6389707550406,1.6785890276014614,22.126667416337916,13.010078319376616,868.2061170563102,281.4691162109375,8.002040618748172,10.489469678559574,77.5260826779608,5.6021691949185595
1766130600999256000,1259.5762561035156,783.5084638595581,1.7138506835664495,21.616231456944643,13.010092289344751,869.0756101608276,281.4691162109375,8.001938812990982,10.078945606540255,77.52603201705757,5.744690893803716
1766130601999248400,1260.5762482910156,784.1760942423716,1.7819261805824094,24.841754080579932,13.010102677449433,869.7432405436411,281.4691162109375,8.00184191914574,10.277205570665677,77.52598476132003,5.353881598246089
1766130602999241500,1261.5762414550782,784.7594208195806,1.7792097724824292,25.447998487953942,13.010109121278887,870.3265671208501,281.4691162109375,8.0017498701595,10.164215307778957,77.52593426405572,5.37903881196794
1766130603999234600,1262.5762346191407,785.7600616198033,1.7335511141533708,22.14679133070122,13.010120215664603,871.3272079210728,281.6831359863281,8.001662345472635,10.08930202520169,77.52588781803286,5.364603299088068
1766130604999226600,1263.5762265625,786.5494627729058,1.756910205683495,24.58880571433348,13.010138826271795,872.1166090741754,281.6831359863281,8.00157905518316,9.668634747785553,77.52584354559303,5.359309093599591
1766130605999220500,1264.5762204589844,786.7156899012625,1.7569821798939262,26.41814583667786,13.010156599510593,872.282836202532,281.6831359863281,8.001500321447736,10.790051777915554,77.52580409668805,4.923533124859075
1766130606999211800,1265.5762116699218,787.7509357053787,1.7127187222010587,21.44353291220564,13.010165014312308,873.3180820066482,281.6831359863281,8.03431625579289,10.570628493910995,77.52575547084068,5.09979979489358
1766130608000056000,1266.5770561523439,788.0139097636566,1.772547361816876,22.57943167381705,13.010169072227576,873.5810560649261,281.6831359863281,8.032600505141964,11.22078746230277,77.52570129957623,5.473030789275038
1766130609000053200,1267.5770532226563,788.946336992085,1.7138119581203104,23.025402585406876,13.010179371915642,874.5134832933545,281.6831359863281,8.030970365904313,11.285034180011362,77.52565224876828,5.312905610314765
1766130610000042500,1268.5770424804687,790.2356152338907,1.7826025256242355,27.744689267305784,13.010173864951064,875.8027615351602,281.6831359863281,8.02942164981187,11.228916121917734,77.52562217523587,4.118580184670101
1766130611000047600,1269.577047607422,794.1676325229928,1.7628659074847401,28.257174905942428,13.010185787908698,879.7347788242623,282.9371643066406,8.027950280818192,8.81424864301088,77.52559417109033,3.4996155673359306
1766130612000047600,1270.577047607422,796.1307072378695,1.7487965475668024,32.739800555394176,13.01019134617536,881.697853539139,282.9371643066406,8.026552628449672,7.475529020327261,77.52557323042521,2.6492686466998223
1766130613000038100,1271.5770380859376,797.2595297023654,1.7522681526441726,31.594881393256994,13.010197051899398,882.8266760036349,281.0615234375,8.025224976840072,6.754974978087453,77.52555121599394,2.7126329895404497
1766130614000042000,1272.5770419921876,798.148781160824,1.7481802890171994,31.109721757890224,13.010209299382431,883.7159274620935,282.9371643066406,8.034457412692202,6.3250430435401555,77.52552674118436,2.935734588776985
1766130615000042500,1273.5770424804687,798.9296922991052,1.7560442121989026,24.634969105934598,13.010222067495759,884.4968386003748,280.96160888671875,8.032734513328762,5.9214822095736555,77.52549677930996,3.2649670670346906
1766130616000035300,1274.5770354003905,799.6322524733841,1.746496121448509,27.514242549921086,13.01022960530043,885.1993987746537,280.96160888671875,8.031097803196785,5.707935731594447,77.52546582694015,3.381924043739313
1766130617000040000,1275.5770400390625,800.2829433437437,1.756015522717711,25.473343253410594,13.010233681463378,885.8500896450132,280.96160888671875,8.029542909342098,5.626722357416796,77.5254301967101,3.8080522847550524
1766130618000043800,1276.577043701172,801.0788826011121,1.7371397715542947,24.191709234354335,13.010238225022423,886.6460289023817,280.88671875,8.028065740354954,5.503193102986392,77.52539629142477,3.6665232960870346
1766130619000037000,1277.577037109375,801.4131418345496,1.7458169387799785,24.14037891767944,13.01024461724747,886.9802881358191,280.88671875,8.026662453727017,5.385796396662628,77.5253618221514,3.733465039420183
1766130620000037000,1278.577037109375,801.9790151873603,1.73839366720804,23.35292024781597,13.010250410788226,887.5461614886299,280.88671875,8.025329323466588,5.29880673892602,77.52532812994389,3.737616991260369
1766130621000043300,1279.5770432128907,802.4062958275899,1.6985274993994581,20.78121425949689,13.010257138485896,887.9734421288595,280.88671875,8.024062863910178,5.270817221941461,77.52529041228429,4.104552899657641
1766130622000036400,1280.5770363769532,802.5388621073216,1.7310814788082003,25.945565885582536,13.010260502384636,888.1060084085912,282.79473876953125,8.02285971737759,5.287464463490394,77.52525751547151,3.436428743415876
1766130623000028700,1281.577028564453,802.9082756573334,1.7571737837442476,25.41417465824825,13.01026401362069,888.475421958603,282.79473876953125,8.021716756731497,5.661786388900614,77.52522644694223,3.459789056434027
1766130624000020700,1282.5770207519531,803.0128924567252,1.7581011771030381,26.02879543537563,13.010279318443665,888.5800387579948,282.79473876953125,8.020630931824737,5.950815155927367,77.52519403247167,3.809273448449346
1766130625000012800,1283.5770126953125,803.2547365855426,1.7355584013447791,23.200695370499417,13.010289294846967,888.8218828868121,282.79473876953125,8.019599400197423,6.103735859146694,77.52516146651416,4.001075380066275
1766130626000004900,1284.5770048828124,803.2798213623464,1.7377993944295067,24.42074454938843,13.010298367968558,888.8469676636159,282.79473876953125,8.018619453060941,6.190495741497926,77.5251207339327,4.590237659665292
1766130626999997200,1285.5769970703125,803.2926365053281,1.7472551108085697,26.07989888068206,13.010311322292107,888.8597828065977,282.79473876953125,8.017688508503745,6.40469922304645,77.52507705295329,4.988477872077443
1766130627999988700,1286.5769887695312,803.6553706862032,1.7351986229763294,21.56108235170387,13.010322595826066,889.2225169874728,282.79473876953125,8.016804106509836,6.3917917222593905,77.5250246679473,5.8655092290616615
1766130628999981800,1287.5769819335937,803.8616531919688,1.7155495305431867,21.44384190047514,13.010336612530725,889.4287994932383,282.79473876953125,8.015963923746048,6.376780828728765,77.52497150445507,5.929229147976374
1766130629999973400,1288.5769733886718,803.8765879599378,1.7291529590189996,21.73043538230756,13.010349533751416,889.4437342612073,285.91766357421875,8.073249858440281,6.326509166337953,77.52491852256493,6.098914733103487
1766130630999966500,1289.5769665527343,804.285055139102,1.733327809968661,20.824427960892542,13.010365293353209,889.8522014403716,285.91766357421875,8.069544596667217,6.044341952812257,77.52486282863465,6.4170451574473395
1766130631999958000,1290.5769580078124,804.6324055893347,1.7321977638357964,20.86791663747615,13.01038354542427,890.1995518906042,285.91766357421875,8.06603635919599,6.166600026381776,77.52480956514806,6.480116172506716
1766130632999950800,1291.5769509277343,804.9836006127298,1.7064211932462137,21.21838092484279,13.010405380131353,890.5507469139993,285.91766357421875,8.05977972620275,6.233833231200241,77.52475329662629,6.284351890580284
1766130633999942700,1292.576942626953,805.2529649827629,1.7139328263287024,21.006489630142152,13.010418617042351,890.8201112840325,285.5592346191406,8.053481007356478,6.268913172016569,77.52469554284589,6.3991601423038205
1766130634999935500,1293.576935546875,805.6081305956468,1.7182852672106466,19.837058738914948,13.010431928021838,891.1752768969163,285.5592346191406,8.046570307042352,6.0540753003517125,77.5246333963295,6.852938591589246
1766130635999927300,1294.5769272460936,805.6502393456176,1.664888199479051,18.49194946889401,13.01045344890489,891.2173856468871,285.5592346191406,8.038968423508102,6.162153458985639,77.52456919232603,7.21040091585971
1766130636999918800,1295.5769189453124,805.5557060651481,1.6633261779276827,20.38090398463832,13.010474169935428,891.1228523664176,285.5592346191406,8.031696999703092,7.013184915999019,77.5245148440899,6.58610290270916
1766130637999912200,1296.576912109375,805.4676255136728,1.7325974568271354,24.897380766955646,13.010483845167855,891.0347718149424,283.1904602050781,8.025816564224744,7.193052319620367,77.52446510571241,5.634917777092924
1766130638999905000,1297.5769050292968,805.7573140254244,1.7432793082439597,22.738916847839654,13.010484129974992,891.324460326694,283.1904602050781,8.021513803778626,7.308221384981046,77.52440564591762,6.140893268675337
1766130639999897300,1298.5768974609375,805.7722914749756,1.7427332795794184,23.465640844953114,13.010496359120378,891.3394377762452,283.1904602050781,8.018440452182832,7.279440564286307,77.52435243397525,6.005324625592354
1766130640999890000,1299.576889892578,805.1952481986955,1.7506056365613842,20.77895046681876,13.010510558920645,890.762394499965,283.1904602050781,8.01595950879637,7.283592604751212,77.52429064723408,6.681969372565589
1766130641999881700,1300.5768818359375,805.1059929337353,1.7311494290771776,22.02692036415656,13.010523143212852,890.6731392350048,283.1904602050781,8.013529058339117,7.5412250332988116,77.52423588997782,6.274573496870059
1766130642999874600,1301.5768745117186,804.6649523656815,1.7746747060917851,23.898352357824443,13.01053000145684,890.2320986669511,280.8948059082031,8.011746548356202,7.673273664875318,77.52418941925926,5.331573686947741
1766130643999867400,1302.5768674316407,804.7652218705043,1.803707304565254,32.7833576369021,13.010550667372764,890.3323681717739,276.8338623046875,8.010441326380661,7.555736662529315,77.5241529802558,4.451405003515462
1766130644999859700,1303.5768596191406,804.5235531004146,1.8031823952188426,28.70151632277464,13.010553380971022,890.0906994016841,276.8338623046875,8.009397141961301,7.3957254742198755,77.52410940852857,4.596553804659166
1766130645999852300,1304.5768522949218,804.7386889122427,1.7988020901312773,30.065440236397254,13.010559802363607,890.3058352135122,276.8338623046875,8.008542765782657,7.322110319290079,77.52406674672142,4.75922233591241
1766130646999843800,1305.57684375,804.5679465224966,1.8119350744620992,30.94875729840576,13.010564008417546,890.1350928237662,272.58770751953125,8.007830842899972,7.313704256899769,77.5240252136066,4.4599138250805614
1766130647999836400,1306.5768364257813,804.6409512432292,1.8257029195263332,31.24984929876396,13.010564135875468,890.2080975444987,272.58770751953125,8.007228421739795,7.190609147855123,77.52398053110814,4.665983366453875
1766130648999829500,1307.5768295898438,804.6994662489742,1.8252832506715793,28.560702965420916,13.010567719042157,890.2666125502437,272.58770751953125,8.006712324306848,7.204046168425002,77.52393218006819,4.979465062624542
1766130649999821300,1308.5768212890625,804.672572937794,1.8256401762447088,29.675093322760652,13.01056312250656,890.2397192390636,272.58770751953125,8.00626491781097,7.5466473578612465,77.52388580095061,4.974402471346727
1766130650999814100,1309.5768142089844,804.3592230305076,1.825581590405357,29.2249706574128,13.01055749430289,889.9263693317771,272.58770751953125,8.005873430640747,8.128704534881772,77.52383928724966,5.006189656801118
1766130651999806500,1310.5768063964845,804.2109741475433,1.836146744134557,31.060723511314123,13.010551094855206,889.7781204488128,272.58770751953125,8.005528006908621,8.450528736308316,77.52379379969004,4.784968435165686
1766130652999798800,1311.576798828125,804.1863612309098,1.833862687482144,32.81180908136448,13.010546802435321,889.7535075321794,272.58770751953125,8.005220921991345,8.705586564667044,77.52375473494097,4.342675977615881
1766130653999791900,1312.5767919921875,804.4001507051289,1.8420551678678072,33.61576735405709,13.010546871912002,889.9672970063984,272.58770751953125,8.004946164166492,8.671304103912652,77.52371383552651,4.422326424385189
1766130654999783700,1313.5767836914063,804.5125239221379,1.8252973948137476,31.31212805410138,13.010552526662257,890.0796702234074,274.0411071777344,8.004698899828666,8.53326728026382,77.52367032219048,4.7175244530326585
1766130655999777000,1314.5767770996094,804.6012876750901,1.757116831067971,30.440194321069992,13.010558414082046,890.1684339763597,274.0411071777344,8.004463922913084,8.52795389585436,77.52362770958332,4.667415023948905
1766130656999769900,1315.5767697753906,804.567603295669,1.7865355666085792,30.05949309368304,13.01056171627196,890.1347495969385,274.0411071777344,8.00424086790364,8.819076067610686,77.52358625581348,4.595339580116254
1766130657999761700,1316.57676171875,804.4633268639445,1.8119826584158234,27.547332822036637,13.010562822907882,890.0304731652141,274.0411071777344,8.004028883348589,8.886260689232678,77.52353722117648,5.0276376180861995
1766130658999755300,1317.5767553710937,805.0479950690642,1.8599775376332812,24.55929349072105,13.010565278903266,890.6151413703337,274.0411071777344,8.003827535542216,8.748174853529326,77.52348332019332,5.728011936425937
1766130659999747300,1318.576747314453,805.2664202935994,1.785109429387878,23.46983094261785,13.010572831500607,890.8335665948689,279.2881774902344,8.003636071480601,8.530725013192985,77.5234305024413,5.925147623845501
1766130660999739100,1319.5767392578125,805.578287165612,1.7557067346764876,22.56915955471087,13.010580106960331,891.1454334668815,279.2881774902344,8.003454254529048,7.829646387049115,77.52337608564994,6.188277970742755
1766130661999732000,1320.5767319335937,806.5823275884613,1.7463492309831625,20.962465957591597,13.0105983852652,892.1494738897309,278.965576171875,8.003129565102848,8.35931798632878,77.52331477352837,6.34464532503133
1766130662999724500,1321.576724609375,807.3001365372911,1.7682416639444312,25.325600216015555,13.010612952522656,892.8672828385606,278.965576171875,8.002840087880287,8.228913018276343,77.52327466609515,4.816474399717407
1766130663999716900,1322.576716796875,807.3065847661346,1.7750769033065006,54.20796778119889,13.010617393295007,892.8737310674042,278.965576171875,8.002603289822495,7.871406671047502,77.52325804209995,2.4674052727355247
1766130664999709200,1323.5767092285157,807.3730175942183,1.8173060932852076,55.44812132892993,13.010619478899116,892.9401638954878,278.965576171875,8.002403056741075,7.750657332386258,77.52323757457835,2.2112523219624993
1766130665999702000,1324.576701904297,807.2818097909912,1.814897134558106,48.487046602084014,13.010623129164948,892.8489560922608,278.965576171875,8.002231520684136,7.570305042477062,77.52320600677656,3.022503374536212
1766130666999695400,1325.5766953125,807.7804150786251,1.7667778875062918,33.13423327914772,13.01063012024729,893.3475613798946,278.965576171875,8.002082831770375,7.362869638553462,77.5231648136504,4.025223720387299
1766130667999688200,1326.576688232422,808.3336031017825,1.8003374118140303,25.0659329088805,13.01063384253627,893.900749403052,278.965576171875,8.00195269201406,7.0020466086585,77.5231155599499,5.14876794312847
1766130668999679700,1327.5766796875,808.5304084187374,1.7435022012704104,24.16601515357497,13.010645241959946,894.0975547200069,278.965576171875,8.001837836225961,6.905462881462403,77.52306712424598,5.294015757150326
1766130669999672300,1328.5766723632812,808.6788126965985,1.7732908245606436,25.035743284366443,13.010650642895179,894.245958997868,279.8194274902344,8.001735737721363,6.6923741001016825,77.523015869912,5.545945773489216
1766130670999665000,1329.576664794922,808.823354148306,1.7641956390581541,22.249865165970174,13.010655210410112,894.3905004495755,279.8194274902344,8.001644420854216,6.9522250074267875,77.52295591085552,6.202482940143253
1766130671999657700,1330.5766577148438,809.3293100073934,1.7861725383943359,23.372946421505752,13.010666745270958,894.8964563086629,279.8194274902344,8.024784366262491,6.891985807070335,77.5229017206515,5.926205971934533
1766130672999649500,1331.5766494140626,809.6235157288611,1.7766617226844266,23.972981717553804,13.010678920719647,895.1906620301306,279.8194274902344,8.023235273315658,7.00839826328609,77.52285221820159,5.562233748302331
1766130673999643000,1332.5766428222655,810.1560355983675,1.7188137593640846,24.03247033006845,13.01069513823429,895.723181899637,279.8194274902344,8.021868556396416,7.127626692565284,77.52280459120941,5.515056744587689
1766130674999635200,1333.5766352539063,810.587282772176,1.763670478340516,24.694540162577383,13.010705844434828,896.1544290734455,279.8194274902344,8.020653582188455,7.075110453961667,77.52275356282591,5.519031939152227
1766130675999627500,1334.5766274414063,811.0875881798565,1.8076360848731308,24.761039072499162,13.010710658295741,896.6547344811261,279.73675537109375,8.019566555923168,7.02231256679907,77.5227009522942,5.5438215546766605
1766130676999619800,1335.5766198730469,811.0053452951834,1.778889602521562,26.302423747700317,13.010718040294776,896.5724915964529,279.73675537109375,8.018588208391467,6.849076735622425,77.52265194712534,5.478133714406786
1766130677999613000,1336.5766130371094,811.7534090997651,1.737745317676638,21.051916058207123,13.01072956270971,897.3205554010347,279.73675537109375,8.017658805202913,6.938161401017421,77.5225966173686,5.919934216578968
1766130678999605200,1337.5766052246095,811.9627694673836,1.7307626189569396,23.22783117653776,13.010740317130246,897.5299157686532,279.73675537109375,8.016775798483351,7.297999523513011,77.5225462467569,5.46360076003111
1766130679999598000,1338.5765981445313,811.9858841085806,1.7964389854986609,36.31336767408279,13.010744284909137,897.5530304098502,279.73675537109375,8.015937073872783,7.381767287837312,77.52251942265787,3.3723081680460334
1766130680999591400,1339.5765913085938,811.8966055801138,1.7527022007273985,44.19897287297192,13.010747105007681,897.4637518813834,279.73675537109375,8.043579162024834,7.360154828235453,77.52250304114187,2.23641068468312
1766130681999583200,1340.576583251953,812.0918698962778,1.799070655998257,36.409097968094684,13.010755356528495,897.6590161975473,279.73675537109375,8.041400263682572,7.199051518123734,77.5224735554759,3.0885200645154556
1766130682999576300,1341.5765764160155,812.317981091328,1.747317537876176,31.231294699519385,13.010764344031386,897.8851273925975,279.73675537109375,8.039330214498465,6.892233757650212,77.52243877250608,3.8158897357771457
1766130683999568100,1342.5765681152343,812.4810142470524,1.7659403291982292,40.01981057085109,13.01077109792741,898.0481605483219,279.73675537109375,8.037363704590858,6.474515124726134,77.5224066477379,3.4362116221950147
1766130684999561000,1343.5765610351561,812.7619646731764,1.7646768523561798,57.91015137677217,13.010770932046436,898.3291109744459,279.73675537109375,8.035495478802364,6.237936901245142,77.52238449628152,2.176851991709421
1766130685999553800,1344.5765537109376,812.8076925398782,2.9673548783901342,180,13.010771091644767,898.3748388411477,277.1108703613281,8.033720677695321,6.259146510851336,77.5223800469995,0.8999254850998929
1766130686999546000,1345.576546142578,812.8476611385122,3.6992294712057223,180,13.010755237285965,898.4148074397817,277.1108703613281,8.032034618822534,6.074088094554436,77.52237673694714,0.2073894789977876
1766130687999539200,1346.5765393066406,812.7343948883936,3.6875147128122263,180,13.010755100409474,898.3015411896631,277.1108703613281,8.030432887502016,6.033349988437703,77.52237785589271,0.1370062615301292
1766130688999530500,1347.576530517578,812.9105741782114,3.6795049755081717,180,13.010756125705763,898.4777204794809,277.1108703613281,8.028911261033942,6.086783075574626,77.52236947422995,0.6638257188999442
1766130689999523600,1348.5765236816405,812.9728766856715,3.684879982945167,180,13.010755901124575,898.540022986941,277.1108703613281,8.027465679441953,6.008426440588786,77.52237131015367,0.05751414514340168
1766130690999516400,1349.576516357422,813.1409630151466,3.6890748424251627,180,13.01075616019969,898.7081093164161,277.1108703613281,8.053518395586126,5.9341764558726,77.52236919225123,0.340545099833467
1766130691999508500,1350.5765085449218,813.2922780625522,3.691025478344842,180,13.01075806241617,898.8594243638217,277.1108703613281,8.050842515846817,6.103671452576501,77.52235364187712,1.1566277297193341
1766130692999501300,1351.5765012207032,813.3167192023247,3.678034258110915,180,13.010759114135688,898.8838655035943,277.1108703613281,8.048300385935852,6.157481860640251,77.52234504420457,0.9659214778194215
1766130693999493600,1352.5764936523437,813.2187725147232,3.6829729094209323,180,13.010759592879849,898.7859188159928,277.1108703613281,8.04588535217902,6.232927733848496,77.52234113052988,0.585129540382642
1766130694999487000,1353.576487060547,813.3383760135621,3.6816238583220375,180,13.010760937129506,898.9055223148316,277.1108703613281,8.058499395973435,6.178319653236244,77.5223301414627,1.068251857158147
1766130695999479800,1354.576479736328,813.4792629824951,1.8024700603886636,55.987036128328846,13.01076394274873,899.0464092837647,277.1108703613281,8.05557452050714,6.332903623456328,77.52230557091133,2.5496733723480407
1766130696999472000,1355.5764721679689,813.57590675354,1.7640274564656349,56.28608087769484,13.0107667232255,899.1430530548096,277.1108703613281,8.0527958398329,6.266096560308266,77.52228284086985,2.494909608750607
1766130697999464400,1356.5764643554687,813.6150395777076,1.7528730035747953,46.6927968819408,13.010770078517831,899.1821858789772,277.1108703613281,8.050156122417953,6.22127200428823,77.52225541178315,3.037473081591553
1766130698999456800,1357.5764567871095,813.990009563975,1.743657496366423,36.17428867839137,13.010774012576071,899.5571558652446,277.1108703613281,8.047648353982602,6.0508697492834,77.52222325136624,3.502676786238023
1766130699999449300,1358.5764494628907,813.8496628981084,1.7329025427927691,39.09468279793153,13.010778127759714,899.4168091993779,277.1108703613281,8.045265932075713,6.067119502679361,77.52218961026091,3.5778524389453246
1766130700999442200,1359.5764421386718,814.0876797093078,1.725826745253528,40.72251274030749,13.01078097678916,899.6548260105774,277.1108703613281,8.043002616581603,6.452773534465095,77.52216631981307,2.857266461226625
1766130701999434500,1360.5764345703126,814.1798485852778,1.7122831327684382,35.992795967909736,13.010856451965342,899.7469948865473,293.63505330843407,8.040852535353059,6.783356556793242,77.52214752299102,3.3693845789985133
1766130702999428000,1361.5764279785155,814.1396669289097,1.6612142667923144,32.35600545099198,13.0108812759529,899.7068132301793,304.65759998699787,8.038809892368228,6.921681070680926,77.52212151329591,3.9815253527086156
1766130703999419600,1362.5764196777343,813.9443588797003,1.587143588941658,28.78005400637398,13.010908088424982,899.5115051809698,310.3719753542176,8.036869359334867,7.03168951648215,77.52209432830297,4.419324209566213
1766130704999413000,1363.5764130859375,814.1571140354499,1.5893925904351378,25.702995466886904,13.01094088041176,899.7242603367195,312.76665633211235,8.035025919681512,7.247667018509129,77.52206221253486,4.979332063282171
1766130705999405300,1364.5764052734376,814.3481547292322,1.5639480214768775,23.82172586571958,13.010801455590768,899.9153010305017,310.2025494077308,8.033274756527787,7.352845334070727,77.52199890822092,5.3173980711234154
1766130706999397600,1365.576397705078,814.1552333766595,1.5630086464354676,23.566343300877783,13.01098146955427,899.722379677929,336.0994567871094,8.031611040787109,7.512762833483828,77.52192200465642,5.371197339757445
1766130707999390700,1366.576390625,814.3972610468045,1.6114281223346187,27.35202024069591,13.01098820024348,899.964407348074,311.0248107910156,8.030030505833487,7.539741358781293,77.52190544203351,4.621296744454654
1766130708999382300,1367.5763823242187,814.6597595745698,1.5872601003217905,27.318052160842765,13.011014045725009,900.2269058758393,311.0248107910156,8.028529050571262,7.54066386774353,77.52187514774172,4.330436278559451
1766130709999375000,1368.576375,814.6370077850297,1.5959592454405,30.2393958040808,13.011036412458642,900.2041540862992,311.0248107910156,8.027102645422161,7.493590777076447,77.52184893099867,3.9025520646607412
1766130710999368400,1369.576368408203,814.3164540920407,1.6213826444169874,32.091580555456034,13.01105742788995,899.8836003933102,311.0248107910156,8.02574755443054,7.57174437137392,77.52182429815782,3.743828544641488
1766130711999360000,1370.5763601074218,814.4544105781242,1.5966473768858351,32.89421700849804,13.011079194159539,900.0215568793938,311.0248107910156,8.02446015662291,7.552070580165546,77.52179878523798,3.910223809859063
1766130712999353300,1371.5763532714843,814.2448440659791,1.5823431292448074,28.491659663517517,13.011101797748495,899.8119903672487,309.62005615234375,8.023237169344073,7.456986065839428,77.52176641680838,4.4855632880952685
1766130713999345400,1372.5763454589844,814.4133692635223,1.565266385613756,26.38951058232838,13.011128463840304,899.9805155647919,309.62005615234375,8.048035230358707,7.408142284535731,77.52173356793303,4.805678786038194
1766130714999338500,1373.5763383789063,814.5502038626,1.569078745062757,30.37515581477121,13.011152389125407,900.1173501638696,309.62005615234375,8.045633389221027,7.492034690486182,77.52170409534605,4.1846131262733754
1766130715999331600,1374.5763315429688,814.6439660545439,1.5762728720683368,47.06650210331122,13.011165861428076,900.2111123558134,309.62005615234375,8.043351608183478,7.580615736308502,77.52168749936337,2.710157876186426
1766130716999323400,1375.5763234863282,814.834803740494,1.6433474965846078,64.1955400905614,13.01117531825135,900.4019500417635,309.62005615234375,8.041183980166247,7.619860586549567,77.52167584988739,1.8341460526494933
1766130717999317200,1376.5763171386718,814.6947523588315,1.6159399337879015,46.97199487826435,13.011187317661777,900.261898660101,309.62005615234375,8.039124758642805,7.879771486724326,77.52166106829806,2.2324699279232396
1766130718999312400,1377.5763125,814.9904353711754,1.5956849410928986,46.75632188605281,13.01120318171383,900.5575816724449,309.62005615234375,8.03716849580744,7.492982414547845,77.52164152601446,2.72005180709843
1766130719999301400,1378.5763012695313,815.397737394087,1.5720785600679512,34.1581614545985,13.011230566835696,900.9648836953565,312.6812744140625,8.035310006710231,7.060191504487818,77.52161416095453,3.565815680768135
1766130720999294000,1379.5762939453125,815.6232457626611,1.5614452360055604,27.683560374327403,13.01126134770021,901.1903920639306,312.6812744140625,8.0335444167611,6.616723564188647,77.52158012095555,4.508683721494918
1766130721999286300,1380.576286376953,815.8348111659288,1.5744499235487168,28.461089519425496,13.011290640250463,901.4019574671984,312.6812744140625,8.031867166693134,6.4077237762124515,77.52154772685618,4.467880520647002
1766130722999279000,1381.5762790527344,816.0386734055355,1.5869351054986363,42.48688695397592,13.011307951985804,901.605819706805,312.6812744140625,8.030273824380945,6.151661342441628,77.52152858212278,2.977758728599226
1766130723999271700,1382.5762717285156,816.0983866974711,1.6215752030608048,59.079131738854215,13.011321384483196,901.6655329987407,312.6812744140625,8.028760160199159,5.985125047362941,77.52151372736773,2.090899560167118
1766130724999264300,1383.5762641601561,816.322823385708,1.6684767164511385,59.926213441177765,13.011340159553821,901.8899696869776,316.5911865234375,8.02732217149549,5.724626277289778,77.52151067977091,1.4022592707548285
1766130725999257600,1384.5762575683593,816.6107772253454,1.690754922807071,48.12041215526012,13.01134628767524,902.1779235266149,316.5911865234375,8.025956075541806,6.182639606832341,77.52150476807863,1.5589479329801719
1766130726999249400,1385.5762495117187,816.7215877110139,1.6298448077309768,49.93287579953084,13.011359728150158,902.2887340122834,316.5911865234375,8.024658255343795,6.223132976569807,77.52149180228389,1.9412089401081478
1766130727999242800,1386.5762426757813,816.865530946292,1.5945124481891317,32.59686351493571,13.011379030798151,902.4326772475615,317.50616455078125,8.02342528754023,6.1000216070112,77.52147351344804,2.987598964195153
1766130728999234600,1387.5762346191407,816.8560387063771,1.5643668647187667,29.09642950532213,13.011408113624352,902.4231850076467,317.50616455078125,8.022253966782547,6.364491627513993,77.52144634190118,4.138037806493491
1766130729999227100,1388.5762270507812,816.9312289422378,1.5554056155764369,22.731688114287085,13.01144565257825,902.4983752435073,317.50616455078125,8.021141236052719,6.30554707282551,77.52141126995053,5.445340763967383
1766130730999219700,1389.5762197265626,817.0146133955568,1.5585398865782232,21.122820087775835,13.011484398140166,902.5817596968263,317.50616455078125,8.020084206971832,6.25866849863502,77.52137507068896,5.925822810978739
1766130731999211800,1390.5762116699218,817.5786788556725,1.535180055076339,18.665496794561065,13.011526129240194,903.145825156942,317.50616455078125,8.019080036076401,6.444626839231003,77.52133608209584,6.341287952164903
1766130732999205000,1391.576205078125,817.4352544732392,1.5615689195326183,19.967879574839227,13.011564663831725,903.0024007745087,317.50616455078125,8.018126067486717,6.648530167585041,77.52130007974378,6.228536669717128
1766130734000025600,1392.5770256347657,817.5976518336684,1.599475608134206,21.702552398527274,13.011617962941372,903.1647981349379,332.7501220703125,8.017219730434268,6.754288600465725,77.52126836635152,5.924779728900461
1766130735000032000,1393.5770319824219,817.8985275430605,1.5465547381974767,21.24402402295151,13.011681018077786,903.46567384433,351.33294677734375,8.016358653383504,6.8730608190727445,77.521245408847,5.848186808644779
1766130736000023300,1394.5770231933593,817.8679470866919,1.5333360526805857,20.48497536547363,13.011738281595,903.4350933879614,357.1020202636719,8.015540618156402,6.91965051159245,77.52123824809422,5.975347611650402
1766130737000022800,1395.5770227050782,817.9843634180725,1.526633601211441,18.116794965775572,13.011804814338454,903.551509719342,5.745213031768799,8.014763622925306,6.703756664047536,77.52123927018867,6.313738351236318
1766130738000022300,1396.5770222167969,817.7762642530724,1.5220077251905944,19.139026521393912,13.011867370637653,903.343410554342,10.353829383850098,8.013784078667731,6.535218628149054,77.52124771693987,6.362595094623649
1766130739000012300,1397.5770122070312,817.7274315804243,1.5313296199744295,24.785693678140174,13.011911279765606,903.2945778816938,10.353615760803223,8.012698458396212,6.615823234032562,77.5212558981203,5.006145338449609
1766130740000011800,1398.57701171875,817.3505494510755,1.5510747337469095,40.42107081591454,13.011935585497039,902.917695752345,10.353615760803223,8.011791483302826,6.519047625682971,77.52126042678138,3.050858035963217
1766130741000018000,1399.5770178222656,817.1731097996235,1.563356947678456,61.40179732083523,13.0119475834698,902.740256100893,10.353615760803223,8.011005415207793,6.536945971843514,77.52126266225252,2.0145564842076715
1766130742000009000,1400.577009033203,816.9949141424149,1.5376860831932555,41.082192155097296,13.011967958415058,902.5620604436845,10.353615760803223,8.010317588684806,6.318841515729239,77.52126645852671,2.500455142282522
1766130743000016100,1401.5770161132812,817.1729239178821,1.5430289099849364,35.85457608485423,13.011999484602534,902.7400702191517,10.353615760803223,8.009710705863347,6.149558311519765,77.52127233251049,3.4787793692846107
1766130744000016600,1402.5770166015625,817.0264081722125,1.540897602659942,31.805697742967467,13.012034542613824,902.5935544734821,10.353615760803223,8.009171249883352,5.9044267342962415,77.52127886454551,3.8330170259251664
1766130745000011000,1403.577010986328,817.0992664881051,1.551471952573579,53.86771793750906,13.012052189680265,902.6664127893746,10.353615760803223,8.0086885284749,5.945063445437095,77.5212821525602,2.2699950027019637
1766130746000016400,1404.5770163574218,816.9188586510718,1.6011786030446329,80.2854271829227,13.01206224815444,902.4860049523413,10.353615760803223,8.008254097786423,5.876885887003201,77.52128402666169,1.3404681183591096
1766130747000022000,1405.5770219726562,815.8313160156831,1.540796930358015,65.1807676973093,13.012068742202283,901.3984623169526,10.353615760803223,8.007841404731098,7.429666069860899,77.52129582713275,1.2373119632074827
1766130748000011800,1406.57701171875,815.4539581937715,1.5626188835954837,45.53052620392519,13.012084621390251,901.0211044950411,10.353615760803223,8.00744937423162,8.218560714096004,77.52128503296196,1.8804032589735338
1766130749000001800,1407.5770017089844,815.065891077742,1.550685397061417,180,13.012110214117238,900.6330373790115,10.353615760803223,8.007076908319435,8.708775236940411,77.5212818201023,2.670747180862129
1766130749999991600,1408.576991455078,814.7255042344332,1.5429152504976522,28.29828230623333,13.012144136150635,900.2926505357027,10.353615760803223,8.006723080623823,9.059385791448804,77.52128319532817,3.635789116640142
1766130750999982800,1409.5769829101562,814.5474732844159,1.5449113442742473,36.64663482208361,13.012165445548636,900.1146195856854,10.353615760803223,8.006386900730188,9.304168244704753,77.5212877295715,2.5541990036469593
1766130751999972900,1410.5769729003907,814.5079895816743,1.5862001454875083,49.56229842196289,13.012186743952302,900.0751358829439,10.353615760803223,8.006067578872138,9.202841648417891,77.52129234988882,2.3249776156268376
1766130752999963400,1411.5769633789062,814.0969827361405,1.5485048018795275,30.461586892343725,13.012219215769317,899.66412903741,6.563875675201416,8.005764237570993,9.259806863814124,77.52129791301407,3.4549828220448644
1766130753999954700,1412.5769545898438,813.939195163548,1.5363676575219776,23.916788914641145,13.012262385895552,899.5063414648175,6.563875675201416,8.005476049092998,9.27151935691714,77.52130454298408,4.697470289595905
1766130754999945700,1413.5769458007812,813.8028919612989,1.5305368886131425,22.68793183779246,13.012308047952377,899.3700382625684,6.563875675201416,8.005202258583086,9.273809803977166,77.52131020177227,5.085280238262033
1766130755999935700,1414.5769357910156,813.8330346308649,1.4902703956013326,20.35756343058655,13.012357340636362,899.4001809321344,6.563875675201416,8.004942166804799,9.164388329332974,77.52131656073158,5.455101037321807
1766130756999927300,1415.5769272460936,814.1963407816365,1.5373468375148058,25.555307945147003,13.012400557720593,899.7634870829061,6.563875675201416,8.004695048673188,9.009826824193004,77.52132276711933,4.871937037854054
1766130757999918800,1416.5769189453124,814.1110479012132,1.522877434227643,30.94011663955482,13.012434591894044,899.6781942024827,6.563875675201416,8.004460325333236,8.359111125826383,77.52132530765599,3.968611563785411
1766130758999909400,1417.576909423828,813.9900384247303,1.5442812029272415,41.29902210913715,13.012457639508689,899.5571847259998,6.563875675201416,8.004237360051489,7.981432870621965,77.5213150962631,2.986717398486668
1766130759999901000,1418.5769008789061,814.1724663097411,1.5440380525791724,42.9541399112806,13.012481499014754,899.7396126110107,6.563875675201416,8.00402548413333,7.416890934193421,77.52130292837214,2.906916096052908
1766130760999892700,1419.5768928222656,814.2519585061818,1.581697677492374,36.58491325824163,13.01250699710282,899.8191048074514,332.63916524141126,8.003824282263686,7.664283799245111,77.52130452259753,3.5026573801544267
1766130761999884000,1420.5768840332032,814.4764889050275,1.5595090570567796,33.46955223074023,13.012537298488542,900.043635206297,316.1805419921875,8.003633162086686,7.504641660593876,77.52126581905216,3.7720362722798875
1766130762999876400,1421.5768764648437,814.5829701479524,1.5600478773739432,30.394592698125983,13.012563065221059,900.150116449222,316.1805419921875,8.003451520326507,7.219769691667858,77.5212362123107,4.144047017493457
1766130763999867400,1422.5768674316407,814.8498867852613,1.5524681096638198,31.269888719917024,13.012588600472649,900.4170330865309,316.1805419921875,8.056578742448078,7.163630737907772,77.52121025363506,4.022100971505365
1766130764999859000,1423.5768588867188,814.9871751088649,1.6441664170345591,39.918818946109035,13.012608838364836,900.5543214101344,316.1805419921875,8.053749777792696,7.16660626397626,77.5211899904678,3.288772331222185
1766130765999850800,1424.5768508300782,814.903013272211,1.6695325999513475,48.10742235297705,13.012613965581963,900.4701595734805,316.1805419921875,8.051062198720597,7.1749547285355355,77.52117077269587,2.025859341557547
1766130766999843000,1425.576843017578,815.3799757277593,1.2077811485835872,36.969005525802594,13.012615101375932,900.9471220290288,281.50999885876485,8.048509053810264,7.150581366920378,77.52114591850152,2.336077069959671
1766130767999835100,1426.5768352050782,815.988752681762,0.8901637805914381,180,13.01262490796364,901.5558989830315,316.1805419921875,8.358381326706839,6.987988260119904,77.5211458429954,2.515510943279009
1766130768999826400,1427.5768264160156,816.4545278744772,0.9013493375382747,180,13.012628319324612,902.0216741757467,316.1805419921875,8.652759983675995,7.577255355076887,77.521142504484,2.8330867203026724
1766130769999818800,1428.5768188476563,816.8467488456517,0.9181842976107762,21.128747792187102,13.012629104542127,902.4138951469213,243.26452631136112,8.62012193805337,7.840536304887856,77.52112903236653,3.515636387611932
1766130770999810300,1429.5768103027344,817.0456706862897,1.7455465836970354,29.684635555678625,13.012553677187231,902.6128169875592,249.3790283203125,8.589115871699956,8.014754745202955,77.52103030971605,4.7375520353765
1766130771999803100,1430.5768032226563,817.892766924575,1.8431621391390223,30.14737717670939,13.012545863011475,903.4599132258445,249.3790283203125,8.559659899367848,8.352101748168321,77.52098741631268,4.770564274251599
1766130772999794400,1431.5767944335937,817.1537616048008,1.8438805708109365,25.920238634774783,13.012522598543107,902.7209079060704,249.3790283203125,8.53167688706388,8.270199907340077,77.52094180843788,5.715646703181286
1766130773999786800,1432.5767868652345,817.5940292533487,1.800158952709681,23.973322924876427,13.012504688609152,903.1611755546182,249.3790283203125,8.505093046494089,8.327968770868448,77.52089326893912,6.0684858289621
1766130774999779600,1433.5767795410156,817.0366130461916,1.8147952525146238,27.133559276522508,13.012498780681732,902.6037593474612,255.56893920898438,8.479838339370874,8.072273022123227,77.5208423623064,5.367424738411661
1766130775999771400,1434.576771484375,817.0634893076494,1.8139815540676658,37.430533090179814,13.012489956166869,902.630635608919,255.56893920898438,8.455846355966537,8.184508610982961,77.5208073902199,3.901521959151427
1766130776999763200,1435.5767631835938,816.7237664200366,1.8118906891493538,49.61254847351883,13.012484809209257,902.2909127213061,255.56893920898438,8.43305414079984,8.198259524638866,77.52078699255333,2.775707083965144
1766130777999755000,1436.5767551269532,816.2853125296533,1.7283437914288116,36.341836642660915,13.01247848510706,901.8524588309228,255.56893920898438,8.411401496891925,8.209994517300185,77.52076192980529,2.9762516791022815
1766130778999748400,1437.5767482910155,816.7169101936743,1.8113096939140558,57.04528972866018,13.012472984250895,902.2840564949438,255.56893920898438,8.390831431701487,8.129155302519903,77.52074012961872,2.449522096324497
1766130779999739600,1438.5767397460938,816.8156232666224,1.8361163726702905,73.32542088347229,13.012469027704642,902.382769567892,255.56893920898438,8.371289878826353,8.222646447329799,77.52072444961703,1.9565851933764522
1766130780999732000,1439.5767319335937,816.9800902372226,1.870095499369602,50.807232901517786,13.012463100830976,902.5472365384921,255.56893920898438,8.352725416920979,8.2283176406805,77.52070096110361,2.6290732733873914
1766130781999724800,1440.5767248535155,816.5511216018349,1.8335634588050915,34.61202695049301,13.012469680060038,902.1182679031044,270,8.335089156612241,8.379370012730764,77.52065436632594,4.016457290468208
1766130782999717000,1441.5767170410156,815.6248033950105,1.8235078447173736,29.63044657095786,13.012469680057595,901.1919496962801,270,8.331418619117333,7.8367699881453206,77.52061107328491,4.706960180723814
1766130783999708700,1442.5767087402344,815.9980805888772,1.8444042802467604,31.851955008969906,13.012486350422076,901.5652268901467,270,8.314847742274509,7.022422161822664,77.52056973096383,4.582162332762841
1766130784999702000,1443.576701904297,815.9113857038319,1.8562320318192962,34.239691116726334,13.012486283768398,901.4785320051014,270,8.299105472458951,6.424811814387815,77.5205264094577,4.350018496243784
1766130785999693800,1444.5766938476563,815.5851943353191,1.8617862657560076,46.24464828789652,13.01246968005749,901.1523406365886,270,8.284150194724194,5.7831982360602865,77.52050079422467,3.09566471073392
1766130786999686700,1445.5766867675782,815.847774184309,1.8600541478013057,118.45479021071174,13.012469680058183,901.4149204855785,270,8.26994246228783,6.90118529852687,77.52050242526678,1.2578854454097332
1766130787999678700,1446.5766787109376,816.0596503512934,3.7385427152543182,180,13.012469680058743,901.6267966525629,270,8.292947693518272,6.568918527498219,77.52048627700721,1.3736415353533489
1766130788999672000,1447.5766721191405,815.7637339066714,1.855252517138112,65.010682210527,13.012469680057961,901.3308802079409,270,8.278300399904877,6.988646726992577,77.52046209331161,2.279577791575685
1766130789999664000,1448.5766640625,815.6935090515763,1.831600221642757,39.47775743279084,13.012469680057777,901.2606553528458,270,8.264385448300796,6.951495228639538,77.52042851607789,3.5382530405751047
1766130790999655700,1449.5766557617187,815.7234459538013,1.8831476551391304,32.99642491402079,13.012469680057857,901.2905922550708,270,8.25116624765613,7.0768934517764714,77.52038390869555,4.624427143320004
1766130791999648500,1450.5766484375,815.505427479744,1.8190017084520251,28.82099348708102,13.012469680057281,901.0725737810135,270,8.238607939051,7.20989328410857,77.52033531762065,5.089052896786551
1766130792999641600,1451.5766416015624,815.000182474032,1.8021628578858968,24.01752568196736,13.012469680055949,900.5673287753016,270,8.226677608985606,7.34029429911948,77.52028334139786,5.71448606198503
1766130793999634200,1452.5766342773438,814.7363645248115,1.79533741887409,23.125663680232712,13.012489135800477,900.303510826081,282.69671630859375,8.215343788253705,7.4800016367520215,77.52022193528158,6.085872275303023
1766130794999626800,1453.5766267089843,814.3010313045233,1.8136964290285404,23.468253315389255,13.012513126991907,899.8681776057929,282.69671630859375,8.20457667891847,7.605181316739097,77.5201735989,5.8981726734777995
1766130795999618600,1454.5766186523438,814.4782618675381,1.8253979447979134,26.557089227955952,13.012518599845862,900.0454081688076,282.69671630859375,8.194347797362967,7.617791992897745,77.52012544622872,5.569052000420138
1766130796999612000,1455.5766118164063,814.263477858156,1.8358783134392724,30.26943939063067,13.012533900193688,899.8306241594255,282.69671630859375,8.184630315337627,7.6639815942493446,77.52008572028014,4.886278233708564
1766130797999603200,1456.5766032714844,813.962227630429,1.7672181662705815,33.216385611799616,13.012527435381026,899.5293739316985,282.69671630859375,8.175398759650157,7.763335024558402,77.52004856983915,4.236966875950917
1766130798999596500,1457.576596435547,813.705732461065,1.611486035745055,29.140488434814262,13.012534047486458,899.2728787623346,282.69671630859375,8.166628727636022,7.881886145067311,77.52001863972255,3.7917067706928775
1766130799999588900,1458.5765888671874,813.4403360188007,1.6922290152619979,34.40616685801603,13.012541065308831,899.0074823200703,282.69671630859375,8.158297320427982,7.962392270138315,77.51998687320774,3.635276232310979
1766130800999581700,1459.5765817871093,813.5193196805194,1.807071709553481,35.99588903169891,13.012548388623395,899.0864659817889,282.69671630859375,8.150382514116727,7.865846773606103,77.51995372386537,3.612857639266373
1766130801999574300,1460.57657421875,813.2942682085559,1.7944195324639667,30.527620763338806,13.012555933346203,898.8614145098254,282.69671630859375,8.142863374594741,7.856594321909233,77.51991957230409,3.504732939151268
1766130802999566600,1461.5765666503905,813.4677162868902,1.8455299028371264,40.07288575024246,13.012581022261779,899.0348625881597,290.3893737792969,8.135720179419732,7.737200960957966,77.51988923595755,3.3333071177971316
1766130803999559400,1462.576559326172,813.7224243236706,1.8387526453508176,44.92536817030415,13.012604342095756,899.2895706249401,290.3893737792969,8.12893411792738,7.797260312927153,77.51986718957637,3.2835530346724076
1766130804999551700,1463.5765517578125,813.4797588568181,1.747116351463521,35.12594686815423,13.012617020379894,899.0469051580876,290.3893737792969,8.122487391342162,7.889927834347747,77.51983124945022,3.9958478454119315
1766130805999544300,1464.5765444335937,813.3186705838889,1.6851240520701103,30.875625612030852,13.012602361185579,898.8858168851584,281.9307861328125,8.116363065278964,7.764965235321502,77.519789729519,4.214249253060977
1766130806999537400,1465.5765373535157,813.2287847492844,1.6863784487850146,34.6918107274631,13.012642568140462,898.7959310505539,290.3893737792969,8.1105449685641,7.723995126499829,77.51976141060705,3.7889872916317544
1766130807999529000,1466.5765290527345,812.9140655454248,1.7556149883323853,45.401106869256196,13.012614468036537,898.4812118466944,281.9307861328125,8.121933887893276,7.6033888969391565,77.5197312947169,2.617905153391947
1766130808999521500,1467.576521484375,813.0926007824019,1.7869894389737602,80.70087216397481,13.012617396744362,898.6597470836714,281.9307861328125,8.115837157565787,7.309664669686904,77.51971715904438,1.6930584508221798
1766130809999515100,1468.5765151367189,813.2847605515271,1.7891280051241667,62.40848905973463,13.012619607761042,898.8519068527967,281.9307861328125,8.110045314539095,7.266591689486858,77.51970648737812,1.5546616123412593
1766130810999506700,1469.576506591797,812.8592332536355,1.794670861498859,35.70617367127096,13.0126217794983,898.426379554905,281.9307861328125,8.104543042812978,7.261607897614297,77.51969600528722,1.4283410424909826
1766130811999499800,1470.5764997558595,812.8133472520858,1.8030037120675013,47.64479748069383,13.012625666981588,898.3804935533553,281.9307861328125,8.099315935126947,7.409305717712235,77.51967724200102,1.7863574180805586
1766130812999492400,1471.5764924316406,812.7210762118921,1.7279129892562604,34.81803085582881,13.012629200744447,898.2882225131616,281.9307861328125,8.094350161902513,7.739161854773181,77.5196601859768,1.6595504327728101
1766130813999485700,1472.5764855957032,812.9421216072515,1.836389334524427,98.88117500571914,13.012630909466214,898.509267908521,281.9307861328125,8.089632585402107,7.482858801115719,77.51965193868023,0.8587998544870196
1766130814999477800,1473.576477783203,812.9731471603736,3.697026035879353,180,13.012667089062846,898.5402934616432,275.1160353907715,8.156117952530755,6.71353268564565,77.51964992083784,0.9823319022784087
1766130815999470300,1474.5764702148438,812.943387995474,3.6983593694876666,180,13.012668000757454,898.5105342967436,275.116032494195,8.148312050176987,6.669277090292894,77.51963719613128,1.130779268543549
1766130816999463700,1475.576463623047,812.9198615513742,3.700012571638419,167.7575900257053,13.012671348821016,898.4870078526437,275.11602917548964,8.188058341073067,6.456557174733423,77.51962109068177,1.7655494277802892
1766130817999455500,1476.5764555664061,813.0262691527605,1.8407536095335102,54.56282959274155,13.01267679436329,898.59341545403,278.8934769017801,8.178655467200958,6.378975756188235,77.51959549476685,2.671537699876691
1766130818999447800,1477.5764477539062,813.0492555415258,1.8090135039182398,34.96548747362895,13.012680140667316,898.6164018427953,277.06004329997586,8.183970879711868,5.717684132732605,77.51955619227478,4.185282549518257
1766130819999440400,1478.5764404296874,813.11585959699,1.7269091177125542,28.75313966445118,13.012695764991971,898.6830058982596,280.1697195722828,8.174772374895895,5.477073893271658,77.51951369355218,4.86592826366711
1766130820999433500,1479.57643359375,812.8309670640156,1.7885524004811109,26.73220888988766,13.012698770093603,898.3981133652851,278.0563362484949,8.16603373921929,5.042151692101688,77.51946295735549,5.351388993524225
1766130821999425500,1480.5764255371093,812.7923283008859,1.763871222371816,21.74375411314178,13.012715524515208,898.3594746021554,280.6406642396908,8.157731990526477,5.160382841766153,77.51940120160376,6.553294167860702
1766130822999418600,1481.5764187011719,812.5572316907346,1.7677136995255534,25.14703888737711,13.012719486474937,898.1243779920042,280.69191802356687,8.145665489206577,4.949002359753761,77.51934904131298,5.665798369587241
1766130823999411700,1482.5764116210937,812.7185050789267,1.8411075481617196,36.830249397368995,13.01272095779082,898.2856513801962,276.5202232600657,8.135260791572112,4.538256678933381,77.51931256366616,4.017981056420721
1766130824999404500,1483.5764045410156,812.9218525690958,1.8635905914269857,71.00009680692153,13.01271899778725,898.4889988703653,271.08422205835336,8.126243401904206,4.520871917794589,77.51929568058165,2.1214227196681756
1766130825999396600,1484.5763967285156,813.4049784578383,1.750213387084982,48.6372079688691,13.012726216883332,898.9721247591078,277.1161991961588,8.11835319820632,4.992759212959595,77.51928049806251,1.6548250703493323
1766130826999389200,1485.5763891601562,813.0644275862724,1.8404319524212829,66.56039771372532,13.012676942623772,898.6315738875419,275.0220031738281,8.111391254181806,5.1552396440004316,77.51926280229529,1.4889840037913236
1766130827999382000,1486.576382080078,813.173174938187,1.8537742035640323,48.086052619860006,13.012677528866243,898.7403212394565,271.84747314453125,8.105202819231277,5.44234998633412,77.51922947910609,2.89379011404857
1766130828999373800,1487.5763737792968,813.1442514350638,1.7920773764141809,31.509233132753288,13.012678912791923,898.7113977363333,271.84747314453125,8.09966579504096,5.7270022048160145,77.51918572304952,4.3924735908683
1766130829999366700,1488.5763666992189,813.2508845273405,1.8057279498260326,28.273179809708946,13.012680412349793,898.8180308286101,271.84747314453125,8.09468249644951,5.907060685906101,77.51913831102243,5.0651619504865035
1766130830999359500,1489.576359375,812.9373918250203,1.8250715751899007,27.605287760903103,13.01268193959763,898.5045381262898,271.84747314453125,8.089948376086486,5.939922271539077,77.51909002346501,5.292396723963669
1766130831999352000,1490.5763520507812,813.1831535445526,1.8226750494743078,23.810355327385395,13.012683802106531,898.7502998458222,271.84747314453125,8.085450946995579,6.040106818902531,77.51903113589955,6.20178593522209
1766130832999345000,1491.576344970703,813.0502754990011,1.8328492841471125,21.455919622969216,13.012685826668204,898.6174218002707,271.84747314453125,8.079760238996396,6.243602476163554,77.51896712463167,6.921403697223358
1766130833999338200,1492.5763381347656,813.0366097632796,1.8248345763939677,19.649374307744132,13.012688028748208,898.6037560645491,271.84747314453125,8.070246668429773,6.0731298343220965,77.51889750069108,7.524626171522673
1766130834999330000,1493.576330078125,812.9738451056182,1.8338239657761164,19.77923539736711,13.012690220847317,898.5409914068878,271.84747314453125,8.110518196949128,5.911363358501594,77.51882819232537,7.512592343148486
1766130835999322000,1494.5763220214844,813.1086387271062,1.8421827604149472,20.341816121827257,13.012692381893988,898.6757850283757,271.84747314453125,8.513718451058164,5.87648774101065,77.51875986577419,7.336755503907585
1766130836999315200,1495.576315185547,812.906859755516,1.8201505953239165,21.314431725045623,13.012699123668304,898.4740060567856,271.84747314453125,9.545818887871636,8.547729670065724,77.51869852383562,6.917564868822317
1766130837999307800,1496.5763078613281,812.8616770571098,1.8726290479899075,23.687809836002604,13.012704047097385,898.4288233583793,271.13360595703125,9.120728888417808,8.817160803114334,77.51863016775668,6.404853760057087
1766130838999300900,1497.57630078125,813.0410671243444,1.8397310171440855,32.074762203490025,13.012699057237878,898.6082134256139,271.13360595703125,8.874148713869257,8.685826517369158,77.51859004618241,4.5636598036045655
1766130839999293000,1498.57629296875,812.9842074429616,1.8490485793018163,47.22153041176242,13.012701316853637,898.5513537442312,271.13360595703125,8.728457280961718,8.209796540326536,77.5185701948765,2.9330301985847225
1766130840999285800,1499.5762856445313,813.253475535661,1.8367783515647778,41.505044593612325,13.012707587006483,898.8206218369305,271.13360595703125,8.624392015035127,7.967268615558115,77.51854238546163,3.2436916885296823
1766130841999278000,1500.5762780761718,813.5143750887364,1.838524635531912,34.68012671187791,13.01270740780765,899.081521390006,271.13360595703125,8.546343074272821,7.673630232656857,77.51850500115476,3.92262010722707
1766130842999270700,1501.5762707519532,813.9204071965069,1.8291276676358617,27.778063379095357,13.012712381226386,899.4875534977764,271.13360595703125,8.580372574759147,7.69975787992616,77.5184600309215,4.724767737290524
1766130843999263700,1502.576263671875,814.1594019383192,1.8215977811147743,25.41913642482405,13.012712334689478,899.7265482395887,272.30450439453125,8.522335326223768,7.8930325610485434,77.51840929964253,5.460772066225091
1766130844999257000,1503.5762570800782,814.8280707178637,1.752536047035497,19.950749027277904,13.012706109961345,900.3952170191333,272.30450439453125,8.474850330535249,7.856607581186307,77.51835652224392,5.884934875309426
1766130845999248400,1504.5762482910156,814.9368611974642,1.7634816661318016,23.18346532491277,13.012708137668268,900.5040074987337,272.30450439453125,8.43527946668659,7.904998828278464,77.51830513634418,5.6318911580685995
1766130846999241500,1505.5762414550782,815.3490505311638,1.7562952902128341,21.324601823828814,13.012710258302588,900.9161968324333,272.30450439453125,8.401796404613592,7.843596802962937,77.51825139556188,5.78305083554508
1766130847999234600,1506.5762346191407,815.7672749022022,1.7559448381092144,21.18930993900695,13.012725326270447,901.3344212034717,280.04241943359375,8.3730968004786,7.828715598835555,77.51819241511357,5.965267774559015
1766130848999227100,1507.5762270507812,816.1280687320977,1.7521251792997723,20.949358197370174,13.012734903100014,901.6952150333673,280.04241943359375,8.347905722552241,7.712146095732915,77.518137263845,6.018627721275742
1766130849999219500,1508.576219482422,816.2262233709916,1.7362235312393213,21.70352909922989,13.012744629339096,901.7933696722612,280.04241943359375,8.32391186247032,7.57703367177554,77.51808125218773,6.049442347795603
1766130850999211800,1509.5762116699218,816.519672405906,1.7618359416353888,21.667493694432604,13.012755528257571,902.0868187071756,280.623779296875,8.297539744438803,7.412785346404372,77.5180225034695,6.24417808499823
1766130851999204000,1510.5762041015626,816.8923141425475,1.7718501479673212,20.222464198655565,13.012766580751526,902.4594604438171,280.623779296875,8.266655376620573,7.12529106613391,77.5179624117722,6.481249064844345
1766130852999197000,1511.5761970214844,817.4366746628657,1.7358245972243798,19.844940335498393,13.012777688399057,903.0038209641352,280.623779296875,8.230961722829596,7.158735212826798,77.51790202028795,6.43452512352457
1766130853999190300,1512.576190185547,817.7401477079839,1.7415715932995965,20.52627914416684,13.012793215923576,903.3072940092534,282.7113342285156,8.195413490612456,7.16691845219653,77.51784314153026,6.3082302246571755
1766130854999182800,1513.576182861328,818.233825343661,1.7214638505860356,20.47220717817675,13.01280559308179,903.8009716449305,282.7113342285156,8.16294182680535,7.0531047494881065,77.5177871822672,6.106085992341507
1766130855999175400,1514.5761755371093,818.4539747489616,1.752738504805528,22.094512723136255,13.012817263673812,904.0211210502312,282.7113342285156,8.13841834478517,7.345741106776243,77.51773441750765,5.867179422009586
1766130856999168000,1515.57616796875,818.7369742207229,1.7703125762225527,25.99364876694133,13.012827078087119,904.3041205219924,282.7113342285156,8.121115976605301,7.282156834780047,77.51769004485695,5.195224370568277
1766130857999160800,1516.576160888672,819.015871799551,1.785970529546873,34.212119640924634,13.012834945343736,904.5830181008205,282.7113342285156,8.107658664787634,7.178027750594746,77.51765447566396,3.861323742258112
1766130858999153700,1517.576153564453,818.8362958300859,1.7970791405345965,49.038771081483766,13.012838668656618,904.4034421313554,282.7113342285156,8.096892787250452,7.166288239537047,77.51763764193552,2.4078792239186164
1766130859999990800,1518.5769907226563,818.5737505042925,1.7991079429885473,50.89286011044204,13.012844657434576,904.1408968055621,282.7113342285156,8.304131402587583,7.16809218297666,77.51761056565164,2.806826186512977
1766130860999998700,1519.576998779297,818.577567060478,1.7844405492210496,41.51189422102618,13.012852103620228,904.1447133617476,282.7113342285156,8.278787150020854,7.016696654568778,77.51757690018668,3.475790214998793
1766130861999992800,1520.5769929199218,818.7165649319068,1.7713262544869044,33.06757607793293,13.01284652925846,904.2837112331763,277.37445068359375,8.257342005101284,6.805054770568349,77.5175352299148,4.2552400859658865
1766130863000000500,1521.5770004882813,819.1086081275716,1.7888160339225814,27.496170673313358,13.01285258024164,904.6757544288412,277.37445068359375,8.238960487368812,6.568861723198969,77.51748754950465,4.997859663248158
1766130864000004400,1522.5770043945313,819.521390484646,1.7388253102113447,24.26433199011222,13.012859225456204,905.0885367859155,277.37445068359375,8.22302980876418,6.470580030288814,77.51743518667229,5.608602265079138
1766130864999997700,1523.5769978027345,819.7567913718522,1.764263811228283,24.970104307309818,13.012865830496732,905.3239376731217,277.37445068359375,8.209090461584978,6.201468246497376,77.51738314046159,5.673731795656102
1766130866000002800,1524.5770029296875,819.7023026235402,1.72085442975737,22.991873344242737,13.01287577122534,905.2694489248097,279.19256591796875,8.201419779017424,6.342449401550899,77.51732472173167,6.049977258066284
1766130867000009200,1525.5770092773437,820.0160123510286,1.7515644002148552,22.04502433408536,13.01288508389414,905.5831586522982,279.19256591796875,8.199550753496192,6.7738425690616175,77.51726603506124,6.382607881137188
1766130868000004400,1526.5770043945313,820.6097751380876,1.7353579005146478,19.777343543376162,13.012894937394512,906.1769214393571,279.19256591796875,8.182379082486475,6.90693271860788,77.5172039401768,6.69591114679329
1766130869000007200,1527.5770070800781,821.1739900587127,1.7508819677457181,18.95227470811256,13.012905084796614,906.7411363599822,279.19256591796875,8.363549043069662,6.978196595500375,77.51713999317774,7.040091269064828
1766130870000008700,1528.5770087890626,821.4356612274423,1.7792754153860724,20.544179956378482,13.012914725701759,907.0028075287119,279.19256591796875,8.304961853559572,7.117973117245339,77.5170792380206,6.770750859012059
1766130871000002600,1529.5770024414062,821.7466359389946,1.7674666760851312,21.99466395464317,13.012923883924739,907.3137822402641,279.19256591796875,8.24815972231532,7.282131381307711,77.5170215246375,6.218368525712411
1766130872000011800,1530.57701171875,822.2722563203424,1.7447400345591757,21.837604511873607,13.012932606062456,907.839402621612,279.19256591796875,8.203255994504985,7.303239103445611,77.51696655938386,5.979928529249263
1766130873000014800,1531.577014892578,822.5536645222455,1.7999333710516572,22.33226528434781,13.012941567991321,908.1208108235151,279.19256591796875,8.171620707348938,7.124786701026509,77.51691008300915,6.055705422538503
1766130874000008200,1532.5770083007812,822.7255360325798,1.815571308448409,21.530766184502387,13.01295712335523,908.2926823338494,279.19256591796875,8.140302818017197,8.40477552255672,77.51685314273962,6.062807630258055
1766130875000002300,1533.5770021972655,822.5394172361121,1.8104093145034734,23.28079669623093,13.01295772991997,908.1065635373816,279.19256591796875,8.114263047573774,8.635298136750231,77.51679542987986,6.029958605802743
1766130875999996700,1534.5769965820311,823.0302931983024,1.80896472530691,22.967488479221856,13.012962581724157,908.5974394995719,279.1794128417969,8.094007038439303,8.754149670124916,77.51673875160827,5.999921152940671
1766130876999991800,1535.5769916992188,823.1391254374757,1.836294086582228,31.26290770276546,13.012964150863287,908.7062717387453,279.1794128417969,8.080577442232597,8.650578895167357,77.51669720136435,4.737154907058845
1766130877999986000,1536.5769858398437,823.5798850692809,1.8230553552800641,27.575805373132358,13.012971985841865,909.1470313705504,279.1794128417969,8.070505312581291,8.233026759230095,77.51664994628736,5.053548180008166
1766130878999980000,1537.5769799804686,823.604506787844,1.7544076102203934,26.188511409621075,13.01298422516084,909.1716530891135,279.1794128417969,8.062671470496992,7.896117576176682,77.51660320383728,5.332466627630808
1766130879999974000,1538.5769738769532,823.3553430568427,1.8667465210271859,28.238830469071367,13.012977477116147,908.9224893581122,279.1794128417969,8.0564044298507,8.43221982842956,77.51655680670417,5.294675263157644
1766130880999967500,1539.5769675292968,823.2524159019813,1.8270933697440477,29.40398883992124,13.012985884261743,908.8195622032508,279.1794128417969,8.051276760283029,8.543029870396714,77.51650815968776,5.032117938275364
1766130881999962400,1540.5769624023437,823.4457632154226,1.8314395429763402,38.817236827909426,13.012992959953257,909.0129095166922,276.7057988582189,8.047003576401387,8.148147999064246,77.51647306772065,3.7353640792428533
1766130882999956200,1541.5769562988282,823.50564203877,1.7706049258031817,49.53219667391155,13.013003390780364,909.0727883400396,286.8403705640559,8.043387870759288,8.114270228630204,77.5164514821249,2.745278889982938
1766130883999949000,1542.5769489746094,824.1531558381394,1.6444195077877009,36.11212323334077,13.013025153350657,909.7203021394089,303.36688832970157,8.040288775063791,8.135133519691323,77.51643288743,2.879423671648119
1766130884999942700,1543.576942626953,824.4370037289336,1.6136014927143256,36.31553273531987,13.01305531543028,910.0041500302032,323.98834619065474,8.037602789892079,7.798066338247854,77.51642076546823,3.250762087613135
1766130885999936500,1544.5769365234376,824.3342629782856,1.5450270198406757,43.89486163476544,13.013026348606047,909.9014092795551,350.6185451992852,8.145166596373219,7.769240714992588,77.51641698152831,2.8515050799616093
1766130886999929900,1545.5769299316407,824.6199509603903,1.5682928139881815,45.19968063292488,13.013108706026474,910.1870972616598,357.93530399686387,8.13662735137701,7.2147943292526815,77.51643082415006,2.7459877510708965
1766130887999924000,1546.5769240722657,824.8774083759636,1.558671466281338,51.888443101634095,13.013130419878161,910.4445546772331,349.53228809662875,8.129036950463854,6.9601270650288285,77.51642666951722,2.4162884981289303
1766130888999917000,1547.5769169921875,825.0101822549477,1.582976771250802,54.34688483075395,13.013151835112716,910.5773285562173,326.9656494300137,8.122245554828009,6.793079934909261,77.51640902811745,2.310837733035756
1766130889999910100,1548.57691015625,825.4092174842954,1.6766235384687707,47.12490277439133,13.013159469514205,910.9763637855649,295.62518393716203,8.11613328423425,6.624427535634496,77.51636681730268,2.8779281987301926
1766130890999903200,1549.5769033203126,825.9725226489827,1.6344142564422262,25.57365439346804,13.013182495610325,911.5396689502522,292.42840576171875,8.110326539282735,6.628523718393481,77.51630712880377,4.99874877451061
1766130891999897000,1550.5768969726562,826.3744252724573,1.6874588711032332,23.670783104319895,13.013201816143471,911.9415715737268,292.42840576171875,8.10369231658398,6.837396488277749,77.51624978000504,5.5446425010243505
1766130892999890200,1551.5768901367187,826.5776558592916,1.644268039447501,21.25090571121883,13.013220659485107,912.1448021605611,292.42840576171875,8.097931477957358,6.805901495436336,77.51619878343995,5.820514527989037
1766130893999883800,1552.5768837890625,826.7856424860656,1.6543494354718236,21.373142148806043,13.013237195958204,912.3527887873352,292.1787414550781,8.092777084131681,6.74307188954964,77.51614761115947,5.910167984046204
1766130894999876600,1553.5768767089844,826.9915817342699,1.6513342714557113,21.011992323147506,13.013259242965601,912.5587280355394,292.1787414550781,8.08711453391649,6.743923234547248,77.51609117134174,6.297025931687571
1766130895999869400,1554.5768693847656,827.1180730117485,1.6112165018457711,18.222684029045446,13.013280076167467,912.685219313018,292.1787414550781,8.079510065870238,7.490644646329768,77.51602993202846,6.79063578347233
1766130896999863000,1555.5768630371094,827.4704379327595,1.6446477388354768,18.549898359051728,13.013302906992898,913.037584234029,292.1787414550781,8.068045061847583,8.138560615809418,77.51596731222658,7.060264940431992
1766130897999855400,1556.57685546875,827.5031659640372,1.6533816850271505,19.08410014446367,13.013325567380527,913.0703122653067,292.1787414550781,8.055832880967762,8.242924701356216,77.51590818435297,6.928767247294593
1766130898999849000,1557.5768488769531,827.6048961533234,1.6482813756094714,19.137317785572748,13.01334830629585,913.1720424545929,292.1787414550781,8.045306733398316,8.309496048477207,77.51584914232528,6.913711206464246
1766130899999841300,1558.5768413085937,827.9698983831331,1.64818516151915,19.080238043406194,13.013370242916626,913.5370446844026,292.1787414550781,8.036285163390307,8.416572461082914,77.51579156827084,6.910539644038988
1766130900999834000,1559.5768342285157,828.0403028586879,1.5972999846030984,18.40155785613074,13.013393504465311,913.6074491599575,292.1787414550781,8.217304936169484,8.686745712219794,77.51573385329579,7.004498576592557
1766130901999828000,1560.5768278808594,828.3393725557253,1.632747894008198,17.233160064195705,13.01341857721605,913.9065188569948,292.1787414550781,8.171987962343215,8.874518315166988,77.51567008373395,7.548736298103842
1766130902999821300,1561.5768212890625,828.5517895398661,1.6092153332184889,16.58406382081703,13.013448487867977,914.1189358411357,292.1496887207031,8.130454130065628,8.700966280667293,77.51560504997545,7.69546375028006
1766130903999813600,1562.576813720703,828.7046997016296,1.6591099498011117,17.461579164732974,13.013475455164802,914.2718460028991,292.1496887207031,8.09447998524032,8.623290447792895,77.51553914041868,7.655762780104498
1766130904999806200,1563.5768061523438,828.6828045798466,1.6667146790735405,19.409439335443665,13.0134971566816,914.2499508811161,289.9468078613281,8.069237070182373,8.616099736994393,77.5154798879458,6.900073747776412
1766130905999798300,1564.5767983398437,828.9341086065397,1.6454002564298893,21.1992918043602,13.013516402562804,914.5012549078092,289.9468078613281,8.051847206816955,8.640431674456869,77.51542683562367,5.936737593901301
1766130906999791400,1565.5767912597655,828.9896069830284,1.6372548267930447,24.356307856310266,13.013532587417451,914.5567532842979,289.9468078613281,8.041477742019755,8.576573405272422,77.51538010672745,5.3897793742321864
1766130907999783400,1566.5767834472656,829.0538995992392,1.6867312092002664,28.196132121903865,13.013545568992567,914.6210459005088,289.9468078613281,8.034564682594755,8.547261360965678,77.51533791715266,4.779834476049873
1766130908999777300,1567.57677734375,829.0204457202926,1.6989648219762243,28.95868623321052,13.013558686846844,914.5875920215622,289.9468078613281,8.029626891040431,8.434965340989352,77.51529697056516,4.702829548820564
1766130909999770600,1568.5767705078124,828.6428810255602,1.6943413053057361,26.43491575151424,13.013571283625085,914.2100273268297,289.9468078613281,8.02592345349808,8.908557579578087,77.515249306257,5.184623485468257
1766130910999762200,1569.5767622070312,828.759890188463,1.7047976838504737,25.75810899120871,13.013588829906576,914.3270364897326,289.9468078613281,8.023043044481392,9.214451853262949,77.51519928790405,5.360241939824099
1766130911999755300,1570.5767553710937,828.4952405281365,1.7127829812518949,24.941579310260305,13.013602877484029,914.062386829406,289.9468078613281,8.020738831388787,9.432190634866515,77.51514729281647,5.536287343401823
1766130912999748400,1571.5767482910155,828.8606399204582,1.7523596076174202,22.613472325698012,13.013618491510467,914.4277862217277,289.9468078613281,8.018853644978483,9.353779274182887,77.51509068896401,6.234082482600909
1766130913999741000,1572.576740966797,828.8406657716259,1.6957974993926357,25.98788312895721,13.013639352135492,914.4078120728955,289.9468078613281,8.017137918944512,9.16880621825609,77.51504698089622,5.278344261298383
1766130914999733200,1573.5767331542968,828.8703200258315,1.7150000101077778,42.13147113780758,13.013648371501025,914.437466327101,290.18225196009314,8.015709771933569,8.802728304131513,77.51502161421064,3.2100182264023056
1766130915999725800,1574.5767258300782,828.7296763602644,1.7316300381400296,54.753002287048915,13.013654889774829,914.296822661534,291.7612909847363,8.014501316041333,8.316598761230143,77.51500536494694,2.2402645741137825
1766130916999719000,1575.5767189941407,828.602576774545,1.7172652954476146,44.96892638195373,13.013662764776546,914.1697230758145,293.2644958322987,8.013465535368562,7.928767654674395,77.51498923408842,2.2448586873234007
1766130917999710700,1576.5767106933595,828.553639460355,1.7043711222564333,44.847304508917645,13.013675290782391,914.1207857616246,299.81211386190563,8.08369599030255,7.330281132204874,77.5149663353014,2.9543386532757623
1766130918999703600,1577.5767036132813,828.5498959347606,1.659311286765067,39.69595219792478,13.013701547028758,914.1170422360301,315.8638310677144,8.078464971800274,6.772073572849549,77.51494810093207,3.342279274393162
1766130919999696600,1578.5766965332032,828.9675639616325,1.5755660337326636,30.84345564380181,13.013733973787676,914.5347102629021,344.51220703125,8.073849352384268,6.802880090156556,77.51491151823089,4.094091189599729
1766130920999689500,1579.576689453125,828.76327321399,1.5459096817285323,43.59375618526864,13.013762671315051,914.3304195152596,344.51220703125,8.069746512907493,7.336323696458572,77.51490340858514,2.860533579059492
1766130921999682800,1580.5766828613282,828.9119799481705,1.5186461046638293,40.49424251457206,13.013783279202627,914.47912624944,344.51220703125,8.066075643288842,7.816398626552968,77.5148975849941,2.220680415250737
1766130922999675400,1581.5766752929687,829.0921829212457,1.501871062782216,35.95730097125022,13.013808059078311,914.6593292225152,344.51220703125,8.06277182883206,7.639805540793877,77.51489058243958,2.686946558992169
1766130923999667200,1582.5766672363281,829.1514864936471,1.531831278843114,31.00454445426504,13.013842159835487,914.7186327949166,344.51220703125,8.059633202097373,7.3908831366939935,77.51488094590769,3.5956493682974426
1766130924999660500,1583.5766606445313,829.2341896845028,1.5505643598362826,25.968883673481663,13.013886732862838,914.8013359857723,344.51220703125,8.05665153655859,7.282594094838598,77.51486835002609,4.724250144905714
1766130925999652400,1584.57665234375,829.5806019911543,1.5138387471394186,23.438501815752975,13.013932079257446,915.1477482924238,344.7538757324219,8.05381895120117,7.054981082447196,77.51485594381727,4.885566710401587
1766130926999645200,1585.576645263672,829.6998745407909,1.5398547274711534,25.428115611032794,13.013976702567271,915.2670208420604,344.7538757324219,8.057025145673723,6.78103773791387,77.51484354014259,4.843475929402048
1766130927999638000,1586.5766379394531,829.8933786218986,1.4782867076181705,22.479204946895006,13.014023536517664,915.4605249231681,344.7538757324219,8.05417385516411,6.751835897681999,77.51483052199,5.019727916500551
1766130928999630300,1587.5766303710936,830.400191122666,1.5204506036606167,28.50891125803677,13.01406097945575,915.9673374239355,344.7538757324219,8.051465187523446,6.8998475292470705,77.51482011420116,4.06812458913277
1766130929999623400,1588.5766235351562,830.4001213461161,1.547929732913858,46.24726897156396,13.014084195881791,915.9672676473856,344.7538757324219,8.048892019336439,6.897796466899791,77.51481366087015,2.6235741925507674
1766130930999616500,1589.5766164550782,830.3652669619769,1.5644397731951056,50.9449285703733,13.014102815719331,915.9324132632464,344.7538757324219,8.04770292604366,6.66100588376324,77.51480848522354,2.4399832556349774
1766130931999609300,1590.576609375,830.5717520741746,1.557339062029043,36.149524921462145,13.014133936546939,916.1388983754441,344.7538757324219,8.045317761992424,6.405289273219451,77.51479983475396,3.4296239160886333
1766130932999600600,1591.5766005859375,830.6793386656791,1.5363423425810843,27.598516494117877,13.014174963201818,916.2464849669486,344.7538757324219,8.194609071429113,6.151256564030217,77.5147884308193,4.478267362013074
1766130933999593200,1592.5765932617187,830.9199899360538,1.5015199461739885,21.87402224456432,13.014223760685875,916.4871362373233,344.7538757324219,8.184878611540206,5.919982403112436,77.51477486687477,5.447231688260493
1766130934999586600,1593.5765866699219,831.0616459371522,1.5041049535273339,21.1453861505346,13.014271031783144,916.6287922384217,344.52783203125,8.175634685626939,5.8759220261003895,77.51476167069787,5.553719570830334
1766130935999578400,1594.5765783691406,831.030672762543,1.4719320118323675,18.95671133093173,13.014333468939558,916.5978190638125,344.52783203125,8.151851444932763,8.46910318516803,77.51475636885455,6.20661201755377
1766130936999571700,1595.5765717773438,830.824636134319,1.5045818822838748,19.018743497434638,13.014386229729295,916.3917824355885,344.52783203125,8.130962204363062,8.514728230300628,77.51473496338502,6.363037048073717
1766130937999563500,1596.5765634765626,830.8171231541783,1.4938036203903406,18.54144149626022,13.014439290136663,916.3842694554478,344.52783203125,8.111621706847872,8.949204531802588,77.51471214224966,6.4359457269451275
1766130938999556400,1597.5765563964844,831.0032065659761,1.5045955379968043,18.16478238355203,13.01449378605018,916.5703528672457,345.7980041503906,8.09663808100117,8.767722738139584,77.51469396657207,6.625979162317928
1766130939999548700,1598.5765485839843,830.9287213059142,1.5015206440975313,21.336045536764537,13.01454192288221,916.4958676071838,345.7980041503906,8.081561347960264,7.941397381287662,77.5146722893358,5.670882591670057
1766130940999541200,1599.5765412597657,830.6379187852144,1.5545270775155526,40.63672492104376,13.014565124516244,916.205065086484,345.7980041503906,8.069909766695226,7.695857969886573,77.5146633660905,3.095481311844975
1766130941999534600,1600.5765346679686,830.2887900909409,1.5683539888529527,63.18428151587037,13.01457887582442,915.8559363922104,345.7980041503906,8.061171055678612,7.738632699805789,77.51465919835029,1.9803703519358247
1766130942999526400,1601.5765263671874,830.2197724748403,1.5249539356218829,39.051640898773506,13.014602781804404,915.7869187761098,345.7980041503906,8.054374311691848,7.3579015348163805,77.51465005752677,2.701280229476802
1766130943999519500,1602.57651953125,830.1368018882349,1.5615555104476069,35.52088635168796,13.014633839756382,915.7039481895044,343.6100158691406,8.267669489015978,7.214877503697292,77.51464291191402,3.45531094662353
1766130944999512300,1603.5765122070313,830.3215391132981,1.5165731425017912,29.493014766318215,13.01467095550053,915.8886854145676,343.6100158691406,8.243335845926504,6.817715848623224,77.51463475466724,4.142400437206909
1766130945999504100,1604.5765041503905,830.445159659721,1.5089618691053672,24.233554731112132,13.01471745324521,916.0123059609905,343.6100158691406,8.22305781309084,6.524220076400978,77.51462764660506,5.006887868501724
1766130946999497000,1605.5764970703126,830.5996313719079,1.5086350112692488,22.38860316388841,13.014767855781262,916.1667776731774,343.6100158691406,8.205899497605454,6.484906482139426,77.51461428892296,5.435432343250674
1766130947999489500,1606.5764895019531,830.8533217478544,1.4691048249845258,19.669879919311406,13.014822815112698,916.4204680491239,343.6100158691406,8.191192406490416,8.12212102750534,77.51460182877868,6.041499306090503
1766130948999482600,1607.5764826660156,830.7199942301959,1.497984961140116,18.878774641493926,13.014877871043273,916.2871405314654,343.6100158691406,8.17844640225836,9.387577336731317,77.51458734181259,6.418551427918932
1766130949999475000,1608.5764748535157,830.5289461631328,1.528589347033069,17.53072322233307,13.01494027087688,916.0960924644023,343.6100158691406,8.161429975397496,9.764750885336127,77.5145681394727,7.057398663967976
1766130950999467000,1609.5764670410156,830.8352597998455,1.5172508208612108,16.187005228391286,13.015007139047594,916.402406101115,343.6100158691406,8.297932556980788,9.865249531629884,77.51454916043495,7.574027980252657
1766130951999459800,1610.5764599609374,830.6738597685471,1.4984652364620656,16.256128350520548,13.015069635044783,916.2410060698166,343.6100158691406,8.234502063787358,9.675978969644945,77.51452822105769,7.46906587914351
1766130952999452200,1611.5764521484375,830.9368218062446,1.4952917400275068,15.634256467027072,13.015135697049386,916.5039681075141,343.9840087890625,8.180039692066922,9.542673518387682,77.5145101400391,7.675712373914947
1766130953999445200,1612.5764453125,830.7504360964522,1.5018400399709937,16.03164057592592,13.015201807313236,916.3175823977217,343.9840087890625,8.130944986763739,9.83964134732064,77.51448870505823,7.587333745579955
1766130954999437300,1613.5764372558594,830.9940966544673,1.4788970839902773,17.054319098005667,13.015258105653556,916.5612429557368,343.9840087890625,8.097983727791137,10.116680131247543,77.5144680688345,7.02653123730183
1766130955999430700,1614.5764306640624,830.944574794732,1.4962648839173913,17.162644182686176,13.015321054513771,916.5117210960016,343.4742126464844,8.07290456406708,9.840427110056043,77.51444803123623,7.063300593161226
1766130956999422500,1615.5764223632812,830.6478222757578,1.4860002764399218,17.42970839715177,13.015378800217759,916.2149685770273,341.9917907714844,8.055131325047318,9.402040814508812,77.51442978096618,6.669766475691578
1766130957999415300,1616.5764152832032,830.5117233777419,1.5090618132608593,27.14731999424276,13.015415576087966,916.0788696790114,341.9917907714844,8.043045808491987,9.026291289341497,77.51442161696468,4.403778002225654
1766130958999407600,1617.5764077148438,830.5498711159453,1.548068820502902,53.9283479167375,13.015431338997669,916.1170174172148,341.9917907714844,8.035871497599242,8.595043445113662,77.51441770241617,2.2817480377812824
1766130959999400200,1618.5764001464843,830.2135750828311,1.6133340562648935,59.34230471474239,13.015448402291492,915.7807213841006,341.9917907714844,8.030747006363148,8.690285332188294,77.51441252024256,2.042189284522565
1766130960999392800,1619.5763928222657,830.1764379832894,1.5157504773832702,36.464568463045666,13.015478955458489,915.7435842845589,341.9917907714844,8.026903728379251,8.330090877010367,77.51440573573342,3.2756496159694395
1766130961999385900,1620.5763857421875,830.083857533522,1.5096635392879305,25.874690637699768,13.01552274580469,915.6510038347915,341.9917907714844,8.023914427794477,7.884836303557641,77.51439488381686,4.7254418833090455
1766130962999378200,1621.576378173828,830.3581670746207,1.5009794632872342,23.690686503521057,13.015568559665303,915.9253133758903,341.9917907714844,8.02152304440433,7.6834658356552445,77.5143833169883,5.133770404978162
1766130963999370500,1622.5763706054688,830.4064649930224,1.486881190164001,20.112153214558337,13.015622395533919,915.9736112942919,342.6087951660156,8.019566423978603,7.267611780016616,77.51436704224339,5.990017263653235
1766130964999363000,1623.5763630371093,830.5811141030863,1.5012330458046872,19.14918816511044,13.015678470321046,916.1482604043558,342.6087951660156,8.01790651288915,6.982091685729737,77.51435227954563,6.346878432242356
1766130965999356000,1624.5763559570312,830.8617237294093,1.496497941867517,18.757802483381436,13.015733666442765,916.4288700306788,342.6087951660156,8.016303957020625,6.749382945744821,77.51433650600444,6.45204931251641
1766130966999348200,1625.5763481445313,831.0814405940473,1.504782546502034,19.799668564555308,13.015786461476559,916.6485868953168,341.2189025878906,8.014575115541737,6.8392171418744505,77.51432006643194,6.124670480200593
1766130967999340500,1626.5763405761718,831.3140850914642,1.506680402979509,20.424980178863514,13.015837185100057,916.8812313927338,341.2189025878906,8.012999268850832,6.846856392647241,77.51430414738832,5.907075124581838
1766130968999333400,1627.5763334960936,831.455815564841,1.5044211084986,19.260384695671547,13.015885753263914,917.0229618661106,341.2189025878906,8.011699360045753,6.91299288889406,77.51427208828231,6.31614027100246
1766130969999324700,1628.5763247070313,832.0896235443652,1.5466389821188042,18.468519566541655,13.015942002430428,917.6567698456347,341.2189025878906,8.010391030510641,7.331747828387188,77.514252580872,6.483017865970251
1766130970999317800,1629.5763178710938,832.5480392184108,1.5021862213545174,17.155063389362756,13.016002308701012,918.1151855196804,341.2189025878906,8.008982746477605,7.423762096921591,77.51423166644267,6.810099138973288
1766130971999310800,1630.5763107910157,832.8904186654836,1.4992206618283115,16.143165698284363,13.01606698972398,918.4575649667531,341.2189025878906,8.007359468639473,7.3417211995802,77.51420923486603,7.293913338667977
1766130972999303400,1631.5763034667968,833.2710164450109,1.5012231771673836,15.359594467708327,13.016132415958369,918.8381627462804,340.0521240234375,8.005797448354834,7.450581199748021,77.51418403728435,7.7421141850958675
1766130973999296800,1632.576296875,833.4137180941179,1.5001086483874608,14.399384866654017,13.016205756568137,918.9808643953875,341.8705139160156,8.00431808694196,7.435854055801925,77.514160550249,8.31791351268294
1766130974999288600,1633.5762885742188,833.7853945568204,1.4998216594683698,14.652843985021782,13.016275843271261,919.3525408580899,341.8705139160156,8.00303822765698,7.277673384990522,77.51413714708549,8.139731692679996
1766130975999281200,1634.57628125,834.1967446040362,1.4917038364362019,14.652754234525926,13.016343572658172,919.7638909053057,341.895751953125,8.002050879439981,7.153025100147812,77.51411456418785,7.9615952481996155
1766130976999273700,1635.5762736816407,834.7482490772381,1.4955139506389887,15.013396669327603,13.01640941071214,920.3153953785077,341.895751953125,8.001403784780015,7.134293677786475,77.51409261272546,7.820488438796539
1766130977999266600,1636.5762666015626,835.276353626512,1.49615691720045,15.27278749862304,13.016476159108766,920.8434999277815,341.895751953125,8.000965311221199,6.857535067259721,77.51407035772434,7.878873604672429
1766130978999259000,1637.5762587890624,835.3994553666562,1.5055611474252784,15.669600007166649,13.016545377776762,920.9666016679257,341.895751953125,8.000659159167935,7.8245152928852155,77.5140556928302,7.74990865859759
1766130979999251700,1638.5762517089843,835.3767123110592,1.506746996407354,17.641509656111698,13.01660442525628,920.9438586123288,341.895751953125,8.000442996852168,9.004336511486907,77.51402880311664,6.8522968666031865
1766130980999243800,1639.5762438964844,835.6393783325329,1.5143998889280612,25.34105906977055,13.016643911511974,921.2065246338025,341.895751953125,8.000318618387967,9.258991552514816,77.51401162892138,4.6503189051932265
1766130981999236600,1640.5762365722655,835.5146015556529,1.5559924260831437,46.707706075488225,13.016664932764506,921.0817478569224,341.895751953125,8.000254877743311,9.663097968463022,77.51400208622611,2.549149250084472
1766130982999229400,1641.5762294921874,835.4649698222056,1.5953722522925746,39.26497049052514,13.0166806576191,921.0321161234751,341.56695556640625,8.000212418654604,9.819241965324856,77.51399621637609,1.8825614510181274
1766130983999221200,1642.5762211914061,835.181041832082,1.5198483356869077,42.59067936036164,13.016701727237093,920.7481881333515,341.56695556640625,8.000182139675717,9.975865376238358,77.51398809121183,2.5546219044462326
1766130984999213600,1643.576213623047,835.164259698242,1.5483218271307808,39.31341497341905,13.016727387035553,920.7314059995115,341.56695556640625,8.00015946367585,10.0763432055351,77.51398076912218,3.0118117081270084
1766130986000052500,1644.5770524902343,835.3324989080429,1.5561182494419659,48.771547690118226,13.01674956976053,920.8996452093124,341.56695556640625,8.000141658981855,9.62703487444072,77.51397107843225,2.556728839883972
1766130987000053000,1645.5770529785157,835.5798017662019,1.5419377608979785,39.467263206846205,13.016778143211539,921.1469480674714,341.56695556640625,8.000127619565196,9.750341581282935,77.51395986524588,3.1538447345660394
1766130988000044800,1646.577044921875,835.8555412981659,1.5263067091899152,33.87507129149994,13.016807225427149,921.4226875994354,341.56695556640625,8.000116124744883,9.39734756326754,77.5139510956176,3.4470127191602202
1766130989000050000,1647.5770498046875,836.309484523721,1.5161583689439353,29.518533814111006,13.016838647480453,921.8766308249906,341.56695556640625,8.000106586845703,9.399480211513692,77.51393924507137,3.7698743691572028
1766130990000055000,1648.5770549316405,835.9918775083497,1.5051420713764359,24.28499939918798,13.016886245866136,921.5590238096192,341.56695556640625,8.000098489407451,9.359784790717656,77.51392530472768,5.004211528624289
1766130991000047600,1649.577047607422,836.1292048897594,1.5071789002753153,23.32215801006266,13.016934298211114,921.696351191029,341.5672912597656,8.000091563945624,8.608556580631817,77.51391200284165,5.235003017295081
1766130992000048600,1650.5770485839844,836.4061682317406,1.5095209000423262,21.399305153589246,13.016984330163558,921.9733145330101,343.5480041503906,8.000085296069468,7.4270425537696125,77.51389679749897,5.670869332523037
1766130993000046300,1651.5770463867188,836.5765991024673,1.5039288819441816,18.741443062873344,13.017043520401069,922.1437454037368,343.5480041503906,8.000079872975245,7.059666845751785,77.51388102962052,6.501646880163803
1766130994000034300,1652.577034423828,836.7565014986321,1.5038255736897919,19.67306539572064,13.017099522435862,922.3236477999017,343.5480041503906,8.453375466240267,7.198562978330267,77.51387364320175,6.1922447828436615
1766130995000033800,1653.5770336914063,836.9798283372074,1.4979689811556045,19.761675872103076,13.017148977010484,922.546974638477,343.5480041503906,8.414558531647298,7.2849239439403295,77.51385289511792,6.135828239378402
1766130996000039700,1654.5770397949218,837.1972078401595,1.5445415543432122,21.690486278951447,13.017206510435994,922.7643541414291,4.399786949157715,8.39569017263122,6.935263876276005,77.51386797761737,5.768771188344473
1766130997000031000,1655.5770310058595,837.4047385202721,1.5377608170559185,22.683018621358716,13.017254958433574,922.9718848215416,4.399786949157715,8.365252436275304,6.5482577472451275,77.51387521454586,5.466052422615568
1766130998000031000,1656.5770310058595,837.6484334776178,1.539365105710913,25.12821177140605,13.017298606504495,923.2155797788873,4.399786949157715,8.339162916348258,6.674424679240826,77.51388469164056,4.928692006514515
1766130999000032000,1657.5770319824219,837.7359814448282,1.5300438567585422,25.617191773135612,13.017343852645588,923.3031277460977,4.399786949157715,8.316552035948684,6.849560474242812,77.5138728039137,4.792357326493017
1766131000000022800,1658.5770227050782,837.9205714734271,1.496027956596156,22.43934395469597,13.017391950312593,923.4877177746966,4.399786949157715,8.296767501864132,6.869141378519041,77.51387657810416,5.400572073254485
1766131001000016600,1659.5770166015625,838.0356646347791,1.5305754564856762,21.79906320833269,13.017445704358517,923.6028109360486,9.748881340026855,8.27931056851956,6.662444568046975,77.51391054603792,5.676889458389729
1766131002000010200,1660.5770102539063,838.2094819666818,1.5363903289506962,23.45548197386508,13.017496334060239,923.7766282679513,9.748881340026855,8.26379336451579,7.181970800236561,77.51390426207021,5.293440277869707
1766131003000002800,1661.5770029296875,838.3714806288481,1.5387056207096699,30.096826140272448,13.017533464487897,923.9386269301176,9.748881340026855,8.249909522558726,7.158593991952999,77.51391076814336,4.117413383611985
1766131003999995600,1662.5769956054687,838.2338658906519,1.5059067714069332,33.0557002933377,13.017563218110485,923.8010121919215,356.7080371327359,8.23741404527622,7.171837260706186,77.51392973042714,3.667545853586179
1766131004999988000,1663.5769880371095,838.3973057856783,1.548845457230317,44.38033865489981,13.017589926119802,923.9644520869479,0.46861118528459067,8.225543349791474,7.489932555383146,77.51393575536441,2.8082943579511253
1766131005999982000,1664.5769821777344,838.3226593453437,1.5626111523237307,72.77080747894382,13.017605426461412,923.8898056466132,353.4068282699843,8.214266208690836,7.75071792279707,77.51393182833705,1.7283569989698344
1766131006999974000,1665.5769738769532,838.3300379998982,1.6184570821639983,115.11048102773407,13.017613828565809,923.8971843011677,346.4381255475175,8.203552910099601,7.7936188043371235,77.51392765196951,1.087742082463803
1766131007999967200,1666.5769672851563,838.5150693608448,3.704720835995438,180,13.017623722099454,924.0822156621143,343.7546830207913,8.193375225655487,6.955807743260856,77.51392021171961,1.1858133596834461
1766131008999960300,1667.5769602050782,838.4236541371793,3.741327459391227,180,13.017625920083901,923.9908004384488,343.75468161872163,8.183706464342606,6.879056567858844,77.51391485790526,0.6643187257039471
1766131009999953200,1668.576953125,838.3350893352181,3.7374831650268288,176.66147962601258,13.017637517120141,923.9022356364876,343.7546775671216,8.174521118882636,6.871568556390672,77.51389914149149,1.712552190047324
1766131010999946200,1669.5769462890626,838.3745714891702,3.7413456279636694,180,13.01764154425757,923.9417177904397,343.754672180354,8.165795055978897,6.846038078603686,77.51387877869101,1.5257340913289306
1766131011999938800,1670.576938720703,838.4587567066774,3.7415834277706037,163.36482895986296,13.017641657117755,924.0259030079469,343.75466512277166,8.157505285694622,6.8777681083469115,77.51385234145127,1.8539750492330118
1766131012999932000,1671.5769318847656,838.6533312126994,1.8279824126411317,35.16251968256234,13.0176222197098,924.220477513969,260.248779296875,8.149630184958198,7.453744604215093,77.51379693540812,4.201887717649531
1766131013999924200,1672.5769243164063,838.6995068155229,1.827490103956784,48.234581979459925,13.017620972411361,924.2666531167924,260.248779296875,8.142148666061592,7.521653788894904,77.51377012823917,3.050721657063602
1766131014999917000,1673.5769169921875,838.6462677614763,1.8347523101635903,51.69708938295953,13.017620623619695,924.2134140627459,257.9644775390625,8.161339067017078,7.414877575626018,77.51374635791399,2.8420005565457194
1766131015999908400,1674.5769084472656,838.5417907051742,1.8195383273673673,35.91329536445177,13.017614690418608,924.1089370064437,257.9644775390625,8.153272193832377,7.353976804552134,77.5137098979404,3.9948976933604095
1766131016999901700,1675.5769016113281,838.6016630139202,1.797688057816266,32.607351866116765,13.017605905096124,924.1688093151897,257.9644775390625,8.145608597650355,7.404219670837053,77.51367137712535,4.447107421803817
1766131017999894500,1676.57689453125,838.6129972506315,1.778541340910815,31.915318385555615,13.017595414765527,924.180143551901,257.9644775390625,8.13832820832081,7.375612959149203,77.51363370697983,4.479071180196885
1766131018999887400,1677.5768874511718,838.3861446548253,1.755551821407937,32.28818772543833,13.017584270776775,923.9532909560949,257.9644775390625,8.13141183617444,7.569860896083965,77.51359894189896,4.3600360461351135
1766131019999880000,1678.5768798828126,838.2063746424392,1.7046060080343155,31.397414750756997,13.01757056754888,923.7735209437087,247.64134216308594,8.12484125308674,7.909601643153706,77.51356355515436,4.347772242533439
1766131020999873300,1679.5768732910155,838.2486266782507,1.7119137145505803,39.747348963771024,13.017557900146178,923.8157729795203,247.64134216308594,8.118599185639367,7.931327502162718,77.5135371511657,3.487815087516941
1766131021999865000,1680.5768649902343,838.1789502874017,1.6965756596409969,44.08209718190764,13.017547062409264,923.7460965886712,247.64134216308594,8.112669161746336,8.103716410541137,77.51351222104825,3.0979048112094594
1766131022999858200,1681.5768581542968,838.251043420285,1.7049397250989877,39.14165911375071,13.017535390468346,923.8181897215545,247.64134216308594,8.107035735106312,7.960141850536515,77.51348385225641,3.4831775738524158
1766131023999851300,1682.5768513183593,838.4363975832239,1.6719234592465038,32.59886204510815,13.017517648609436,924.0035438844934,247.64134216308594,8.101683905084096,7.948031928934113,77.51345044167205,4.136636464268447
1766131024999843000,1683.576843017578,838.7384257968515,1.6895770527314202,38.21696465077542,13.017507033162389,924.305572098121,247.64134216308594,8.096599658210572,7.95131768855594,77.51342054326386,3.433362170887924
1766131025999835400,1684.5768354492188,838.5995400771499,1.679856715175373,53.83357957665837,13.01749836358296,924.1666863784194,247.64134216308594,8.091769637031415,7.9163191383647655,77.51340356078886,2.4576393432479864
1766131026999828700,1685.5768288574218,838.6755752749741,1.7139930765025564,65.53401529461597,13.017492180591452,924.2427215762436,247.64134216308594,8.087181128366392,7.885824620257817,77.51338739727012,2.084114081785677
1766131027999821300,1686.5768212890625,838.5467879669741,1.6854682058659076,44.846488975284046,13.017478272621243,924.1139342682436,247.64134216308594,8.097913953170725,8.1167059409723,77.51336498586949,2.9184179163201347
1766131028999813600,1687.576813720703,838.4370281277224,1.663923795201874,36.61856567675882,13.017459793303171,924.004174428992,247.64134216308594,8.09301825286113,8.069318289103597,77.51333816653408,3.6470406213041913
1766131029999806500,1688.5768063964845,838.6572285210714,1.6103404541485475,26.533471945796194,13.017429860682435,924.2243748223409,247.64134216308594,8.088367339482554,7.6393894679405046,77.5133037862267,4.892081062877698
1766131030999799600,1689.576799560547,838.6433738600463,1.5834285905809564,25.13602527891397,13.017400727280158,924.2105201613158,230.1124725341797,8.083949000277611,7.506003032623466,77.51327250049583,5.072036688836804
1766131031999791600,1690.5767915039062,838.6141830859706,1.574551677892459,26.24155959275634,13.017371462251422,924.1813293872401,227.55062168710975,8.079751599023911,7.099216407345175,77.51324136216103,4.842384924724842
1766131032999784000,1691.576783935547,838.5252700811252,1.5726716665634624,30.953595972187273,13.017344513932674,924.0924163823947,226.1909438012319,8.091682118657317,6.970134520452774,77.5132171797282,4.092525989728679
1766131033999777500,1692.5767775878905,838.5507618468255,1.5704061772818967,44.22492211416461,13.01732991182585,924.117908148095,227.40086079671977,8.087097994009978,7.0404030156291535,77.51319774340566,2.8623838221347575
1766131034999769600,1693.57676953125,838.4425208466128,1.6460521455295947,65.36786767505203,13.017323284691203,924.0096671478823,231.9038705000388,8.08274306031117,7.662782602923959,77.51318197938741,1.853538930112891
1766131035999762200,1694.5767622070312,838.5582094462588,1.6388634100746169,75.0488904137955,13.017314417635415,924.1253557475284,229.7328338623047,8.078605907251026,8.049455452390712,77.51317185368714,1.5399071530271986
1766131036999754200,1695.5767541503906,839.0995672792196,1.5757610229730243,32.98814616218451,13.017311677282466,924.6667135804892,229.7328338623047,8.074675615126116,8.30659699520862,77.51315985465446,0.9317004860599332
1766131037999747600,1696.5767475585938,839.2113535078242,1.6480895050144164,180,13.017319353902089,924.7784998090938,281.54279710880945,8.070941863848278,8.041621451099784,77.51313169413287,2.3959075110531063
1766131038999740200,1697.576740234375,838.9985128007829,1.712166792066184,180,13.017301699344065,924.5656591020525,229.7328338623047,8.06739475864447,7.8245101689784855,77.51313679377847,2.567049549050868
1766131039999733000,1698.5767329101564,838.9253509966657,1.673198204065292,180,13.01729891215277,924.4924972979352,229.7328338623047,8.064025045826964,7.740339006228136,77.51313343809801,2.261499901037422
1766131040999725000,1699.5767250976562,838.8795015187934,1.6745837137478192,180,13.01729344590836,924.4466478200629,229.7328338623047,8.060823826535765,7.721502841776798,77.51312685693706,2.404489943608973
1766131041999717400,1700.5767172851563,839.2019902970642,1.6512747439049886,40.097508981376215,13.017295379877732,924.7691365983337,298.9595267152899,8.111728533669433,7.654588791813967,77.51311131880962,3.2676503239244354
1766131042999710200,1701.5767102050781,839.6874715685844,1.6086611004903748,26.928939443040033,13.017369379056072,925.254617869854,301.78021240234375,8.114907349164607,7.611204198737431,77.5129860085528,4.733686682414646
1766131043999703000,1702.576703125,840.0056647770107,1.60901043287032,26.722495815892326,13.017391413306905,925.5728110782802,301.78021240234375,8.109161968527406,7.241718104292199,77.51294973748763,4.844922747885589
1766131044999695600,1703.5766955566405,840.3191453320906,1.6112321383960004,25.924940620354786,13.017413682758116,925.8862916333601,301.78021240234375,8.103703845236778,6.777864805919458,77.51291307924511,4.854797290663071
1766131045999687700,1704.5766877441406,840.5645461985841,1.6106009918231168,27.27494307662628,13.017436708944913,926.1316924998537,301.78021240234375,8.126240586630171,6.361753020420314,77.51287517533159,4.651001942581901
1766131046999680800,1705.5766806640625,840.8186398716643,1.6237867584876498,33.76419795762847,13.017454201774727,926.3857861729339,301.78021240234375,8.11992856193113,6.459412382862774,77.51284637999886,3.7843317017723836
1766131047999672300,1706.5766723632812,841.0254196729511,1.6455173395243352,43.67114429132788,13.017465861046439,926.5925659742206,301.78021240234375,8.113932165734736,6.638027617138899,77.51282718740659,2.8885374220800584
1766131048999665200,1707.5766650390624,841.1428664121777,1.6588459491317633,47.30412563646549,13.017477373585956,926.7100127134472,301.78021240234375,8.108235558998798,6.847774611199135,77.51280823636203,2.6193236665230986
1766131049999658000,1708.5766579589845,841.3347022905946,1.6173055506602303,44.68971146187231,13.017490904447309,926.9018485918641,301.78021240234375,8.102823748158558,6.831618263175919,77.51278596292536,2.775236931167267
1766131050999650000,1709.5766501464843,841.2989751892164,1.6361559643607335,38.5883642864517,13.017508026843204,926.866121490486,301.78021240234375,8.097682544582915,6.571052486381632,77.51275777745263,3.425079941843426
1766131051999643400,1710.5766433105468,841.4676246736199,1.6315097582890719,40.82187675011194,13.017523937783245,927.0347709748894,301.78021240234375,8.092798422905405,6.315577063983275,77.5127315861804,3.2378581672950357
1766131052999636000,1711.576635986328,841.4146644640714,1.6363185559405875,45.39061969705078,13.017536131097827,926.9818107653409,301.78021240234375,8.088158484115128,6.389059395413033,77.51271151455448,2.849227895347213
1766131053999628000,1712.5766279296874,841.563460579142,1.6651218294030048,55.906622452207095,13.017546554260779,927.1306068804115,301.78021240234375,8.083750587773519,6.498415232729105,77.51269435680675,2.3965959246232775
1766131054999620600,1713.5766206054689,841.9365074681118,1.642774421091681,42.481378221076746,13.017565388250791,927.5036537693813,303.7569274902344,8.079563070128003,6.830069428259998,77.51267251909732,2.856600519071376
1766131055999613700,1714.5766137695311,842.1289208689705,1.610994162848369,35.3619429824279,13.01758075119494,927.69606717024,303.7569274902344,8.07558489162606,6.971973020564555,77.51264907652362,3.117891873210108
1766131056999605500,1715.57660546875,842.1234879726544,1.6628472534735255,43.45784841788415,13.017597556610879,927.6906342739239,303.7569274902344,8.071805636298024,7.041687264959047,77.51262343286089,3.0964594528199987
1766131057999598000,1716.5765981445313,842.5138213383034,1.6563700743324046,31.076918924851622,13.017620907844893,928.0809676395729,303.7569274902344,8.068215329137994,7.155999740591756,77.51258780082665,4.220727879082444
1766131058999590400,1717.5765903320312,842.8554192865267,1.6211405169059534,27.181846257925642,13.017644381316368,928.4225655877963,303.7569274902344,8.064804511930753,7.282895883746425,77.51255198227136,4.651503249625962
1766131059999583200,1718.576583251953,843.2702367305756,1.5980909130985645,28.45385349966912,13.017665508660945,928.8373830318451,303.7569274902344,8.061564303836352,7.4034609084181415,77.51251974378403,4.301827501759024
1766131060999576000,1719.576576171875,843.8496922170743,1.6015836261856349,22.739853747794687,13.017686111976941,929.4168385183439,301.2822570800781,8.058486102180327,7.473454127727419,77.51248238118107,4.7504931515757685
1766131061999569000,1720.5765688476563,844.4541411176324,1.59325395467624,20.14700495570853,13.017711237524649,930.0212874189019,301.2822570800781,8.055561837513288,7.609685232047928,77.51244020712524,5.32944685392368
1766131062999561000,1721.5765610351561,845.0250712772831,1.5846547979748635,21.705536287615864,13.017733565901588,930.5922175785527,301.2822570800781,8.05278374795444,7.64533934355431,77.5124027282129,5.133205789012458
1766131063999553800,1722.5765537109376,844.9550163093954,1.6048421513676894,21.750863127105212,13.017761616281561,930.522162610665,301.61431884765625,8.050144598969881,7.587073389290596,77.5123561176822,5.824094738839414
1766131064999545900,1723.5765458984374,845.1055284263566,1.7382285849203887,21.978543896242453,13.017791208395327,930.6726747276261,301.61431884765625,8.047637422260546,7.508206685217611,77.51230708892744,6.366619725905944
1766131065999539000,1724.5765390625,845.0276429550722,1.6140588855977043,20.395063713140036,13.017821224299475,930.5947892563418,301.61431884765625,8.044687126080932,7.193763107084276,77.51225735802933,6.388456714064618
1766131066999530800,1725.5765307617187,844.7861715359613,1.6088771803697515,19.03391367674125,13.017855494816002,930.3533178372309,301.61431884765625,8.040439082611384,7.637976880466171,77.51220057801567,6.828085396848385
1766131067999523000,1726.5765231933594,844.7189710130915,1.5947877535998045,17.502059710750164,13.017891380835195,930.286117314361,301.521484375,8.033072007133612,7.98580056278111,77.5121404703202,7.363516317706256
1766131068999516000,1727.5765158691406,844.6490447353572,1.6463650078412004,16.64361191988581,13.017919652212335,930.2161910366267,301.521484375,8.024927439863076,7.980747009445709,77.51207112528465,8.010460234776364
1766131069999508700,1728.5765087890625,844.6613858444616,1.6128467179547756,15.324485778684952,13.017955903040667,930.2285321457312,301.521484375,8.018048998416347,8.023274316561896,77.51200451127833,8.525702280380356
1766131070999501300,1729.5765012207032,844.5280655333772,1.5821305573523512,14.81072704461887,13.017995822303467,930.0952118346468,301.521484375,8.012613401031684,8.002900003166571,77.51193639871113,8.653347361375788
1766131071999493600,1730.5764936523437,844.4918114263564,0.7184353655364428,7.25764807045179,13.01804199043019,930.058957727626,301.521484375,8.008220715292026,6.016117385001345,77.51186762083091,8.875049608135066
1766131072999486500,1731.5764865722656,844.4476290130988,0.7184261751751263,8.950241001569912,13.018087460542242,930.0147753143683,301.521484375,8.005321796499953,5.850704894629593,77.51179397830009,9.284451618709696
1766131073999479300,1732.5764792480468,844.4682091875002,0.7183921884121386,11.293586650213697,13.018136103475564,930.0353554887697,301.521484375,8.00334603754708,5.703124693534847,77.51171873067418,9.63065463196044
1766131074999470800,1733.5764709472655,844.5704335197806,0.7184760321745096,13.19307809735545,13.018185245514534,930.1375798210502,302.10040283203125,8.002061808524008,5.305522977525592,77.5116420985529,9.949596751334035
1766131075999463200,1734.5764631347656,844.6521519152448,0.7184937503064439,15.058976266198952,13.018234254347634,930.2192982165143,302.10040283203125,8.001264831373245,5.189801516721816,77.51156251579584,10.321495862345587
1766131076999456800,1735.5764567871095,844.5186205226928,0.7181940505299794,16.33994583900739,13.018285084687493,930.0857668239623,301.9528503417969,8.00075402613241,5.161691360547946,77.51147824976512,10.568889701169704
1766131077999448300,1736.5764482421876,844.5700179627165,0.7181225808448065,14.08963051050473,13.018334601871041,930.137164263986,301.9528503417969,8.197552741480076,5.576198559964164,77.51139117447606,10.565742591244817
1766131078999441700,1737.5764416503907,844.4055843418464,0.7179658583136868,14.844847818144887,13.01837882105717,929.9727306431159,301.9528503417969,8.108871360505047,5.788012546290223,77.51130131303609,10.70765163390903
1766131079999434200,1738.576434326172,844.0171154616401,0.7174478777362137,12.130058132677155,13.018429739508276,929.5842617629096,301.9528503417969,8.059896585697697,5.894771092033332,77.51121777007276,10.488422705009594
1766131080999426800,1739.5764267578124,843.6613995600492,0.717604329538514,11.815735989487516,13.018482207465963,929.2285458613187,301.9528503417969,8.033271827678087,5.804137445951041,77.511134498347,10.673997247389224
1766131081999419100,1740.5764191894532,843.1891733910888,0.7154709683146148,12.544549101205407,13.018537749335817,928.7563196923584,301.9528503417969,8.123771668889466,5.7768738938674815,77.51105062645503,10.72251471635845
1766131082999411500,1741.576411376953,843.0467576682568,0.7081695901048786,16.080273925202203,13.018593328906752,928.6139039695263,301.9528503417969,8.067748106931782,5.5138389064015065,77.51096051733964,11.270473465643866
1766131083999403500,1742.5764035644531,842.7855191603303,0.70889806638452,12.262472961127001,13.018643897776501,928.3526654615998,301.9528503417969,8.036680600646452,5.2240504784458155,77.51087313720281,11.160183269722042
1766131084999396900,1743.5763969726563,842.4898448726162,0.7085920976054306,10.116558867133675,13.018694620155971,928.0569911738858,301.9528503417969,8.144761315492538,5.410823691829588,77.51078354926048,11.16576992347735
1766131085999388400,1744.5763884277344,841.8601661995053,2.9746665062934627,23.170943805498453,13.018751621695145,927.4273125007749,301.9528503417969,8.079341203951449,6.630287280323512,77.51072023971331,10.39186090814039
1766131086999381000,1745.5763811035156,841.9807175723836,2.7191654785468407,19.09251175117608,13.018808632753586,927.5478638736531,301.9528503417969,8.044332974603694,6.511036994435175,77.51061827792725,11.532570682441396
1766131087999374000,1746.5763740234374,841.4891333682463,1.34256975482791,9.940274739165849,13.018855772619089,927.0562796695158,302.1283264160156,8.024024905223424,6.187627732701383,77.51053371046883,10.932355318058663
1766131088999366700,1747.5763666992189,840.430389710702,0.9270481285578895,7.24146722529864,13.01891087422973,925.9975360119715,302.1283264160156,8.01339538097323,6.477931820868617,77.51046038724925,10.403306640702173
1766131089999359200,1748.5763591308594,840.4069414837286,0.9295312691105581,7.461374253454467,13.018962461859873,925.9740877849981,302.1283264160156,8.007411647953692,6.677192024286598,77.5103811689205,10.083418436352472
1766131090999351300,1749.5763513183595,840.3388994932175,0.9119025514657472,7.518830932987741,13.019007279219892,925.906045794487,302.581298828125,8.004274350578136,7.116943096592832,77.5103054032098,9.823029981594866
1766131091999343600,1750.5763435058593,840.3013485027477,0.9240122206770681,7.743879294251263,13.019049345910524,925.8684948040172,302.8904724121094,8.002502529104204,7.156780502215343,77.51023133119796,9.666730401730165
1766131092999336400,1751.5763364257812,838.6531632365659,1.0257218753566952,8.71990390865635,13.01908029331979,924.2203095378354,302.8904724121094,8.00144602935104,5.951854603702584,77.51014953368444,9.501837145334086
1766131093999329500,1752.5763295898437,838.6299183601514,0.9186927567478504,8.364926852027992,13.019142216641994,924.1970646614209,302.8904724121094,8.000843272832325,7.049187314551632,77.51009306159406,8.882655110069699
1766131094999321900,1753.5763217773438,838.2169668236747,2.7057172006791994,30.6001386107114,13.019173058921325,923.7841131249443,302.8904724121094,8.000728358208333,7.1904188075011115,77.5100445474684,7.144928536365459
1766131095999314200,1754.5763142089843,837.072369244881,2.7004865504160684,30.640868575334345,13.019206521435876,922.6395155461505,300.696044921875,8.000528158387503,7.175015590074629,77.50999304285624,7.062169380059818
1766131096999307300,1755.5763073730468,836.1568114832044,2.6924179458252953,28.548198953595243,13.019243972298238,921.7239577844739,300.696044921875,8.1598242279711,7.254516181166974,77.50993459275672,7.549483972130227
1766131097999299600,1756.5762995605469,835.6126146269962,2.6993630293138655,27.078363217315644,13.019280517217576,921.1797609282658,300.696044921875,8.489353609984533,7.771374011143006,77.50987113277142,8.019188241511307
1766131098999291600,1757.576291748047,835.5100963795558,2.7006318159873235,27.16111759471683,13.019318407298387,921.0772426808253,300.696044921875,9.71506541730586,8.756530509370656,77.50980995313053,8.026592126606982
1766131099999285200,1758.57628515625,835.6831406308338,2.7042708724229785,28.79333032451692,13.01935632489909,921.2502869321033,300.696044921875,9.521645410953612,8.565957099310529,77.50975276906426,7.599563664551475
1766131100999277000,1759.5762770996093,835.4011503411457,2.7014752064267777,28.722489872216634,13.019391273560654,920.9682966424152,300.696044921875,9.195883056320657,8.762063364419316,77.50969190879454,7.612114596322484
1766131101999270000,1760.5762697753905,834.7918122019619,2.7000268492433595,29.615996491273428,13.01942224585849,920.3589585032314,300.696044921875,8.830940394958157,8.551208515105323,77.50963284602334,7.371040260879118
1766131102999262200,1761.5762622070313,834.1714899651706,2.7030343352380486,31.295884512959404,13.019450501759955,919.7386362664402,300.696044921875,8.904388525068518,8.789500737919843,77.50957702763672,6.971378194531125
1766131103999254500,1762.5762546386718,833.8386166393757,2.697827102355499,35.658612210597994,13.019471600651595,919.4057629406452,300.6952819824219,8.650854324153524,8.732269345834082,77.50952674564488,6.098064478387956
1766131104999246800,1763.5762468261719,833.5789971547201,2.6916816736417264,45.95301038337348,13.019489744489428,919.1461434559897,300.81494140625,8.604561196877967,8.503572325760283,77.50949257097055,4.680177464327402
1766131105999239400,1764.576239501953,833.4500784631819,2.692383947127868,61.51072823236599,13.019496452546202,919.0172247644514,300.81494140625,8.503801031188376,8.590611101634769,77.50946372981123,3.4587144677383206
1766131106999231700,1765.5762316894532,833.4882880169898,2.695798750406858,74.741215257167,13.01949365470418,919.0554343182594,300.81494140625,8.43182951744279,8.61572949602306,77.50943932975383,2.8537186506778687
1766131107999224600,1766.576224609375,833.8221210176125,2.6927981478312626,70.05113210753301,13.019479138140646,919.389267318882,300.81494140625,8.434278363263372,8.838447957560897,77.50941268566775,3.105717001548069
1766131108999217200,1767.5762170410155,834.0365475015715,2.6767704070017007,65.47400506562614,13.019490408694917,919.603693802841,239.59442828557337,8.386025234372777,8.722603540605686,77.5094142202863,3.239241682298726
1766131109999210000,1768.5762099609376,834.7649128381163,2.691906434836706,54.2910495811868,13.019419899693634,920.3320591393858,212.98841857910156,8.477623439333708,8.630140522923218,77.50937306269466,3.867265331388735
1766131110999202300,1769.5762023925781,834.4242856195197,2.7067828404416545,46.41858004739331,13.019376313613314,919.9914319207892,212.79100036621094,8.473603844632526,8.128577166739397,77.50935322912966,4.713948573759113
1766131111999946000,1770.576946044922,834.6992329293862,2.7033337915288858,43.21079346388264,13.019337230321401,920.2663792306557,212.79100036621094,8.499374898133158,8.017477584610718,77.5093290734002,5.058848506416881
1766131112999943200,1771.5769431152344,835.4802437042817,2.6998257977497695,39.470477269704595,13.019294228268533,921.0473900055513,212.79100036621094,8.545000797405917,7.9883723347071065,77.50930177854659,5.517235983630729
1766131113999935700,1772.5769357910156,836.3221842637286,2.6992799293149243,36.69398600110212,13.019248264351205,921.8893305649981,212.79100036621094,8.506072241521398,7.858297601912533,77.5092731139545,5.914024479636835
1766131114999947000,1773.5769470214843,836.2245236318558,2.6987643332721367,34.214201494429645,13.019199621292096,921.7916699331254,212.79100036621094,8.468387079683351,8.093236043758738,77.5092352081501,6.38681757689665
1766131115999935200,1774.5769353027345,836.6875995341688,2.692121455213062,33.887522294427974,13.019150828693856,922.2547458354384,213.18896484375,8.421821926096346,8.15505436148057,77.50920424675738,6.431924961838522
1766131116999926800,1775.5769267578125,837.104179889895,2.695270073189636,31.877326653399585,13.019098274066893,922.6713261911646,213.18896484375,8.370018933156942,8.111259134579146,77.50916822074666,6.844229395436761
1766131117999931000,1776.5769309082032,837.3945456817746,2.6969952588266812,30.759532397234487,13.019045984167843,922.9616919830441,212.9810791015625,8.314406483231451,7.696631147952757,77.50913212831583,7.098600039583898
1766131118999931000,1777.5769309082032,837.403349135071,2.695949357271888,28.784267989409525,13.018986916909098,922.9704954363406,212.9810791015625,8.251488470788184,7.383738072485079,77.5090900240542,7.587026520391946
1766131119999927000,1778.5769270019532,837.1591713605449,2.7026775285876607,27.601281219187996,13.018930319351236,922.7263176618144,212.9810791015625,8.190206536319835,7.241382434923339,77.50904408338384,7.934187091481058
1766131120999927300,1779.5769272460936,837.2998691983521,2.7050371575879604,26.11225743467786,13.018865912738958,922.8670154996216,212.9810791015625,8.133923677843859,7.037339055690789,77.50899801191488,8.393901054546253
1766131121999947300,1780.576947265625,837.3748102588579,2.7080693009361823,25.98936455977569,13.01880294562181,922.9419565601274,212.7425079345703,8.089055846080768,6.967851763258394,77.50895471319161,8.44304154527385
1766131122999918000,1781.57691796875,837.1011462900788,2.7039252499789876,25.122271362206394,13.018736904699473,922.6682925913483,212.7425079345703,8.558486314573257,7.125910512965314,77.50890890051336,8.721001696287138
1766131123999912200,1782.576912109375,837.1274362215772,2.7054874853374984,25.062727245390953,13.018674906282863,922.6945825228468,212.7425079345703,8.36857166195322,6.856541433726254,77.50886211771856,8.746699824946745
1766131124999915000,1783.5769150390624,836.9391659973189,2.703976469361472,24.80331857785898,13.01860760160747,922.5063122985885,212.7425079345703,8.240338669414138,6.615191501898016,77.50881787515115,8.832043695984012
1766131125999911700,1784.5769116210938,836.8147638365626,2.7077741715190893,24.838029374318744,13.018539951007227,922.3819101378322,213.98046875,8.15520973140911,6.471702520430786,77.50877319997852,8.831027506828748
1766131126999911200,1785.5769111328125,836.6931332163513,2.702036968845934,25.68365609725498,13.018480821738898,922.2602795176208,213.98046875,8.102916601506582,6.69896315195525,77.50872900183532,8.520928583532104
1766131127999908000,1786.576908203125,836.5841938750818,2.7003847140590076,26.93898900392183,13.018420800972727,922.1513401763514,213.98046875,8.067723391400829,6.71786285586844,77.50868617047543,8.116345875120963
1766131128999904300,1787.576904296875,836.0629684785381,2.699583677905076,32.63097259715388,13.018372871545221,921.6301147798076,213.98046875,8.046124912537046,6.650293637734977,77.50865314431495,6.684259068490566
