time,seconds_elapsed,bearingAccuracy,speedAccuracy,verticalAccuracy,horizontalAccuracy,speed,bearing,altitude,longitude,latitude
1766128094283000000,3.708,0,0,2.951113224029541,56.099998474121094,0,0,817.7999877929688,77.5976782,13.0423331
1766128097542022700,6.967022705078125,10,20,2.983703374862671,32.79999923706055,5.400000095367432,241,817.7999877929688,77.5974674,13.042437
1766128098520921600,7.945921630859375,10,20,2.993492364883423,25.200000762939453,4.859999656677246,238,817.7999877929688,77.5974218,13.0422855
1766128098869240600,8.294240478515626,10,20,2.9969756603240967,21.149999618530273,4.489999771118164,238,817.7999877929688,77.5974778,13.0422623
1766128100553240800,9.97824072265625,10,20,3.0138156414031982,9.5,3.6399998664855957,241,817.7999877929688,77.5974034,13.0422205
1766128101551027000,10.97602685546875,10,20,3.0237934589385986,9.5,3.9700000286102295,240,817.7999877929688,77.5973727,13.0422041
1766128102559068200,11.984068115234376,10,20,3.0338737964630127,9.300000190734863,4.259999752044678,237,817.7999877929688,77.5973333,13.0421819
1766128103575679700,13.0006796875,10,20,3.0440399646759033,8.699999809265137,4.389999866485596,239,817.7999877929688,77.5972867,13.0421692
1766128104565415200,13.990415283203125,10,20,3.0539374351501465,8.199999809265137,3.75,237,817.7999877929688,77.5972526,13.0421607
1766128105574759000,14.999759033203125,10,20,3.064030885696411,7.599999904632568,2.919999837875366,235,817.7999877929688,77.5972284,13.0421468
1766128106567005200,15.992005126953124,10,20,3.07395339012146,6.900000095367432,2.1599998474121094,238,817.7999877929688,77.5972084,13.0421362
1766128107600904400,17.025904541015624,10,20,3.08429217338562,6.400000095367432,2.0199999809265137,236,817.7999877929688,77.5971895,13.0421248
1766128108569538000,17.9945380859375,10,20,3.0939786434173584,6.333000183105469,1.8799999952316284,239,817.7999877929688,77.5971727,13.042111
1766128109611957000,19.03695703125,10,20,3.104402780532837,6,2.129999876022339,243,817.7999877929688,77.5971535,13.0421007
1766128110654277600,20.079277587890626,10,20,3.114825963973999,5.800000190734863,2.9600000381469727,244,817.7999877929688,77.5971295,13.0420922
1766128111595763000,21.020762939453125,10,20,3.1242408752441406,5.599999904632568,3.309999942779541,247,817.7999877929688,77.5971007,13.0420833
1766128112609965800,22.0349658203125,10,20,3.134382963180542,5.400000095367432,3.359999895095825,245,817.7999877929688,77.5970718,13.0420692
1766128113609939200,23.034939208984376,10,20,3.1443827152252197,5.300000190734863,3.7300000190734863,245,817.7999877929688,77.5970432,13.0420562
1766128114622508300,24.04750830078125,10,20,3.154508352279663,5.300000190734863,4.119999885559082,241,817.7999877929688,77.5970095,13.0420393
1766128115591690200,25.016690185546874,10,20,3.1642000675201416,5.25,4.389999866485596,240,817.7999877929688,77.5969783,13.0420193
1766128116617744100,26.042744140625,10,20,3.1744606494903564,5.199999809265137,4.579999923706055,243,817.7999877929688,77.5969389,13.0420019
1766128117584279600,27.009279541015626,10,20,3.1841259002685547,5.083000183105469,5.139999866485596,249,817.7999877929688,77.5968949,13.0419947
1766128118624449500,28.049449462890625,10,20,3.1945276260375977,4.900000095367432,5.179999828338623,249,817.7999877929688,77.5968483,13.0419833
1766128119597029600,29.022029541015623,10,20,3.2042534351348877,4.833000183105469,5.5,251,817.7999877929688,77.5968019,13.0419724
1766128120578571800,30.00357177734375,10,20,3.21406888961792,4.665999889373779,5.599999904632568,252,817.7999877929688,77.5967509,13.0419596
1766128121596707000,31.02170703125,10,20,3.224250316619873,4.583000183105469,5,255,817.7999877929688,77.5967012,13.0419478
1766128122578817500,32.00381762695312,10,20,3.2340714931488037,4.5,4.529999732971191,253,817.7999877929688,77.5966571,13.0419385
1766128123581470000,33.00646997070312,10,20,3.244097948074341,4.5,3.8899998664855957,254,817.7999877929688,77.5966183,13.0419303
1766128124571451100,33.996451171875,10,20,3.253997802734375,4.415999889373779,3.8299999237060547,256,817.7999877929688,77.5965825,13.0419244
1766128125569116200,34.9941162109375,10,20,3.26397442817688,4.5,3.5,256,817.7999877929688,77.5965485,13.0419178
1766128126560708000,35.9857080078125,10,20,3.273890256881714,4.583000183105469,3.2100000381469727,256,817.7999877929688,77.5965179,13.0419128
1766128127587274800,37.012274658203125,10,20,3.284156084060669,4.599999904632568,3.3999998569488525,259,817.7999877929688,77.5964887,13.041907
1766128128598800600,38.02380053710937,10,20,3.294271230697632,4.599999904632568,3.7200000286102295,261,817.7999877929688,77.5964557,13.0419038
1766128129601439700,39.02643969726562,10,20,3.304297685623169,4.699999809265137,3.919999837875366,264,817.7999877929688,77.5964191,13.0419064
1766128130625420000,40.050419921875,10,20,3.314537525177002,4.599999904632568,4.170000076293945,264,817.7999877929688,77.5963802,13.0419043
1766128131582567200,41.007567138671874,10,20,3.324108839035034,4.5,4.480000019073486,263,817.7999877929688,77.5963361,13.0419056
1766128132623660300,42.048660400390624,10,20,3.334519863128662,4.400000095367432,4.329999923706055,265,817.7999877929688,77.5962877,13.0419011
1766128133606785000,43.03178491210937,10,20,3.344351053237915,4.300000190734863,4.619999885559082,265,817.7999877929688,77.5962461,13.0419014
1766128134609736700,44.03473681640625,10,20,3.3543806076049805,4.300000190734863,4.690000057220459,268,817.7999877929688,77.5962029,13.041896
1766128135582993000,45.007992919921875,10,20,3.3641130924224854,4.333000183105469,4.480000019073486,271,817.7999877929688,77.596161,13.0419039
1766128136610615600,46.03561547851562,10,20,3.374389410018921,4.300000190734863,3.93999981880188,274,817.7999877929688,77.5961227,13.0419066
1766128137590500600,47.01550048828125,10,20,3.384188175201416,4.415999889373779,2.7200000286102295,276,817.7999877929688,77.5960953,13.0419121
1766128138637280000,48.06228002929687,10,20,3.39465594291687,4.699999809265137,2.5999999046325684,275,817.7999877929688,77.5960711,13.0419134
1766128139572847900,48.997847900390624,10,20,3.4040117263793945,4.833000183105469,2.259999990463257,273,817.7999877929688,77.5960491,13.0419142
1766128140582883800,50.0078837890625,10,20,3.414112091064453,5.083000183105469,2.5799999237060547,275,817.7999877929688,77.5960253,13.0419153
1766128141578859300,51.003859375,10,20,3.424071788787842,5.333000183105469,2.5399999618530273,278,817.7999877929688,77.596002,13.0419209
1766128142611295000,52.036294921875,10,20,3.434396266937256,5.699999809265137,2.859999895095825,280,817.7999877929688,77.5959734,13.0419262
1766128143607798300,53.03279833984375,10,20,3.4443612098693848,5.833000183105469,2.819999933242798,275,817.7999877929688,77.5959441,13.0419291
1766128144601348000,54.02634814453125,10,20,3.454296588897705,6.199999809265137,2.559999942779541,270,817.7999877929688,77.59592,13.0419293
1766128145580739300,55.0057392578125,10,20,3.464090585708618,6.25,2.5799999237060547,271,817.7999877929688,77.5958957,13.0419307
1766128146628932900,56.05393286132813,10,20,3.4745726585388184,6.400000095367432,2.7799999713897705,274,817.7999877929688,77.5958695,13.0419343
1766128147607910400,57.03291040039063,10,20,3.4843623638153076,6.415999889373779,3.5199999809265137,274,817.7999877929688,77.5958391,13.0419347
1766128148585793000,58.01079296875,10,20,3.494141101837158,6.5,3.929999828338623,271,817.7999877929688,77.5958065,13.0419333
1766128149581183000,59.00618286132813,10,20,3.5040950775146484,6.5,4.369999885559082,266,817.7999877929688,77.5957675,13.0419286
1766128150577315300,60.0023154296875,10,20,3.514056444168091,6.415999889373779,4.509999752044678,262,817.7999877929688,77.59573,13.0419188
1766128151594851800,61.019851806640624,10,20,3.5242316722869873,6.333000183105469,4.400000095367432,259,817.7999877929688,77.5956956,13.0419077
1766128152579447300,62.004447265625,10,20,3.5340776443481445,6.165999889373779,3.559999942779541,257,817.7999877929688,77.5956654,13.0419071
1766128153572657700,62.99765771484375,10,20,3.5440096855163574,6,2.8399999141693115,262,817.7999877929688,77.5956401,13.0419037
1766128154576261600,64.00126171875,10,20,3.5540459156036377,5.833000183105469,2.3999998569488525,267,817.7999877929688,77.595617,13.0419035
1766128155564744400,64.98974438476563,10,20,3.5639307498931885,5.665999889373779,1.9299999475479126,274,817.7999877929688,77.5955991,13.0419054
1766128156583215400,66.00821533203126,10,20,3.57411527633667,5.665999889373779,2.009999990463257,276,817.7999877929688,77.5955807,13.0419057
1766128157691222300,67.11622216796874,10,20,3.585195541381836,5.699999809265137,2.3899998664855957,275,817.7999877929688,77.5955605,13.0419062
1766128158571253500,67.99625341796875,10,20,3.5939958095550537,5.75,2.3399999141693115,268,817.7999877929688,77.5955389,13.041902
1766128159589624600,69.01462451171875,10,20,3.6041793823242188,5.900000095367432,2.049999952316284,264,817.7999877929688,77.595517,13.0418983
1766128160567497200,69.99249731445312,10,20,3.6139581203460693,6,1.4900000095367432,265,817.7999877929688,77.5955032,13.041899
1766128161603725800,71.02872583007813,10,20,3.6243205070495605,6,1.399999976158142,267,817.7999877929688,77.5954914,13.0418996
1766128162589104000,72.01410424804688,10,20,3.634174346923828,6,1.25,270,817.7999877929688,77.5954808,13.0419008
1766128163592799200,73.01779931640625,10,20,3.6442112922668457,6,1.3700000047683716,273,817.7999877929688,77.5954674,13.0419033
1766128164575983600,74.00098364257812,10,20,3.654042959213257,6,1.7799999713897705,271,817.7999877929688,77.5954523,13.041905
1766128165581381400,75.00638134765624,10,20,3.6640970706939697,6.099999904632568,1.7899999618530273,267,817.7999877929688,77.5954395,13.0419043
1766128166588007700,76.01300756835937,10,20,3.674163341522217,6.165999889373779,1.8199999332427979,265,817.7999877929688,77.5954262,13.041903
1766128167602747000,77.02774682617188,10,20,3.6843106746673584,6.300000190734863,2.0799999237060547,257,817.7999877929688,77.5954097,13.0418981
1766128168572831500,77.99783154296875,10,20,3.6940114498138428,6.25,2.3499999046325684,266,817.7999877929688,77.5953899,13.041896
1766128169574543600,78.99954370117187,10,20,3.704028606414795,6.333000183105469,3.25,275,817.7999877929688,77.595359,13.0418961
1766128170583081200,80.00808129882813,10,20,3.71411395072937,6.300000190734863,4.130000114440918,274,817.7999877929688,77.595323,13.041897
1766128171582453200,81.00745336914062,10,20,3.7241077423095703,6.25,4.599999904632568,270,817.7999877929688,77.5952855,13.041891
1766128172593959700,82.01895971679687,10,20,3.734222888946533,6,3.9800000190734863,268,817.7999877929688,77.5952417,13.0418878
1766128173626262300,83.05126220703124,10,20,3.7445459365844727,5.699999809265137,4.029999732971191,270,817.7999877929688,77.5952043,13.041887
1766128174597765000,84.02276513671875,10,20,3.754260778427124,5.400000095367432,4.059999942779541,273,817.7999877929688,77.5951616,13.0418878
1766128175628838700,85.05383862304687,10,20,3.7645716667175293,5.199999809265137,4.730000019073486,270,817.7999877929688,77.5951246,13.041883
1766128176609620500,86.03462036132812,10,20,3.7743794918060303,5,4.449999809265137,272,817.7999877929688,77.5950836,13.0418777
1766128177605686000,87.03068603515625,10,20,3.7843401432037354,4.900000095367432,4.199999809265137,269,817.7999877929688,77.5950386,13.0418787
1766128178589107000,88.01410693359375,10,20,3.7941741943359375,4.833000183105469,4.069999694824219,268,817.7999877929688,77.5950009,13.0418793
1766128179575317000,89.00031689453125,10,20,3.8040363788604736,4.665999889373779,4.319999694824219,266,817.7999877929688,77.5949658,13.0418854
1766128180604577300,90.02957739257812,10,20,3.814328908920288,4.583000183105469,3.740000009536743,265,817.7999877929688,77.5949331,13.0418894
1766128181630454000,91.0554541015625,10,20,3.824587821960449,4.400000095367432,3.419999837875366,266,817.7999877929688,77.5949023,13.0418893
1766128182674316800,92.09931689453126,10,20,3.835026502609253,4.5,3.3499999046325684,267,817.7999877929688,77.5948706,13.0418872
1766128183639560400,93.064560546875,10,20,3.8446788787841797,4.599999904632568,2.990000009536743,267,817.7999877929688,77.5948406,13.0418858
1766128184601045800,94.02604565429688,10,20,3.8542935848236084,4.800000190734863,2.93999981880188,269,817.7999877929688,77.594811,13.0418832
1766128185568026400,94.9930263671875,10,20,3.8639636039733887,4.833000183105469,2.799999952316284,268,817.7999877929688,77.5947834,13.0418816
1766128186606099200,96.03109912109375,10,20,100,5,2.7300000190734863,267,806,77.594757,13.0418786
1766128187604718000,97.02971801757812,10,20,100,5.165999889373779,2.619999885559082,266,806,77.594731,13.0418791
1766128188623452400,98.04845239257813,10,20,100,5.25,3.169999837875366,271,806,77.5947038,13.0418805
1766128189599606800,99.02460668945312,10,20,100,5.333000183105469,4.069999694824219,269,805,77.5946683,13.0418801
1766128190617316600,100.04231665039063,10,20,100,5.599999904632568,4.659999847412109,268,805,77.5946243,13.0418738
1766128191582035700,101.00703564453126,10,20,100,5.583000183105469,5.089999675750732,267,805,77.5945763,13.0418679
1766128192596907300,102.0219072265625,10,20,100,5.583000183105469,4.839999675750732,271,804,77.5945302,13.0418639
1766128193598391300,103.02339135742187,10,20,100,5.583000183105469,4.929999828338623,273,804,77.5944813,13.0418652
1766128194601602600,104.0266025390625,10,20,100,5.599999904632568,5.650000095367432,273,804,77.5944256,13.0418628
1766128195581508600,105.00650854492187,10,20,100,5.583000183105469,6.119999885559082,277,804,77.5943712,13.0418662
1766128196614947300,106.039947265625,10,20,100,5.5,6.489999771118164,281,804,77.5943125,13.0418707
1766128197600595000,107.02559497070312,10,20,100,5.599999904632568,7.940000057220459,282,804,77.5942446,13.0418789
1766128198587589400,108.01258935546875,10,20,100,5.665999889373779,8.649999618530273,280,804,77.5941691,13.041893
1766128199583752700,109.00875268554688,10,20,100,5.665999889373779,8.170000076293945,277,805,77.5940942,13.0419018
1766128200599879700,110.02487963867188,10,20,100,5.699999809265137,8.289999961853027,277,805,77.5940144,13.0419088
1766128201590571000,111.01557104492187,10,20,100,5.665999889373779,8.529999732971191,277,805,77.5939381,13.0419133
1766128202619528200,112.04452807617187,10,20,100,5.599999904632568,7.679999828338623,279,805,77.5938642,13.0419252
1766128203603553500,113.02855346679688,10,20,100,5.599999904632568,7.309999942779541,281,806,77.5938004,13.0419418
1766128204584979200,114.00997924804688,10,20,100,5.599999904632568,7.889999866485596,285,806,77.5937335,13.0419626
1766128205618258400,115.04325854492187,10,20,100,5.699999809265137,8.630000114440918,285,806,77.5936573,13.0419867
1766128206634393000,116.05939306640624,10,20,100,5.699999809265137,9.019999504089355,285,805,77.5935744,13.0420017
1766128207614892000,117.03989208984375,10,20,100,5.75,9.630000114440918,286,805,77.5934891,13.0420251
1766128208602001400,118.02700146484375,10,20,100,5.75,10.449999809265137,287,805,77.5933944,13.0420518
1766128209605809400,119.03080932617188,10,20,100,5.699999809265137,10.899999618530273,286,804,77.5932893,13.0420804
1766128210639490000,120.06448999023438,10,20,100,5.599999904632568,10.279999732971191,286,804,77.5931852,13.042108
1766128211588471000,121.01347094726563,10,20,100,5.583000183105469,10.5,286,804,77.5930868,13.0421353
1766128212620408000,122.04540795898437,10,20,100,5.400000095367432,10.529999732971191,285,803,77.5929817,13.0421614
1766128213586243800,123.01124389648437,10,20,100,5.415999889373779,11.149999618530273,284,803,77.5928758,13.0421812
1766128214580657000,124.00565698242187,10,20,100,5.415999889373779,11.279999732971191,283,803,77.5927672,13.0422112
1766128215580903400,125.0059033203125,10,20,100,5.333000183105469,11.139999389648438,286,804,77.5926649,13.0422444
1766128216591697700,126.01669775390624,10,20,100,5.199999809265137,11.119999885559082,286,804,77.5925608,13.0422812
1766128217591066400,127.01606640625,10,20,100,5.165999889373779,10.539999961853027,283,804,77.5924589,13.0423086
1766128218593629000,128.01862890625,10,20,100,5.099999904632568,9.519999504089355,283,804,77.5923712,13.0423397
1766128219588275500,129.013275390625,10,20,100,5,9.119999885559082,286,805,77.5922883,13.0423677
1766128220579340000,130.00434008789063,10,20,100,5,9.489999771118164,287,805,77.5922029,13.0423996
1766128221612682800,131.03768286132814,10,20,100,5,9.579999923706055,288,805,77.5921221,13.0424335
1766128222586350000,132.01135009765625,10,20,100,5,9.4399995803833,284,805,77.5920404,13.0424669
1766128223584871000,133.00987084960937,10,20,100,4.915999889373779,9.329999923706055,284,805,77.5919584,13.0424978
1766128224605488600,134.03048852539064,10,20,100,4.800000190734863,8.630000114440918,283,805,77.5918766,13.0425213
1766128225595069400,135.0200693359375,10,20,100,4.699999809265137,8.529999732971191,283,805,77.5917949,13.0425447
1766128226587129300,136.01212939453126,10,20,100,4.75,8.670000076293945,282,805,77.591718,13.0425612
1766128227609450200,137.0344501953125,10,20,100,4.699999809265137,8.84999942779541,279,805,77.591639,13.0425785
1766128228604993800,138.02999389648437,10,20,100,4.699999809265137,8.809999465942383,277,805,77.591559,13.0425886
1766128229612433700,139.03743359375,10,20,100,4.699999809265137,8.829999923706055,277,805,77.5914853,13.0425881
1766128230593254100,140.01825415039062,10,20,100,4.665999889373779,9.329999923706055,276,805,77.5914031,13.0425977
1766128231599513900,141.02451391601562,10,20,100,4.599999904632568,9.539999961853027,278,803,77.5913163,13.042612
1766128232604659700,142.02965966796876,10,20,100,4.583000183105469,9.789999961853027,275,803,77.5912264,13.0426175
1766128233612350200,143.03735009765626,10,20,100,4.5,9.869999885559082,273,802,77.5911361,13.0426389
1766128234602325200,144.0273251953125,10,20,100,4.5,9.34000015258789,273,802,77.5910452,13.0426482
1766128235636508400,145.06150830078124,10,20,100,4.5,8.460000038146973,272,801,77.5909599,13.0426546
1766128236630837500,146.05583740234374,10,20,100,4.5,8.380000114440918,270,801,77.5908785,13.0426572
1766128237627563000,147.05256298828124,10,20,100,4.5,8,269,801,77.5907978,13.0426634
1766128238608168400,148.03316845703125,10,20,100,4.5,6.949999809265137,269,801,77.5907293,13.0426601
1766128239608621300,149.03362133789062,10,20,100,4.599999904632568,6.539999961853027,268,801,77.5906715,13.0426593
1766128240605794800,150.030794921875,10,20,100,4.665999889373779,5.920000076293945,268,802,77.5906124,13.0426616
1766128241621614800,151.04661474609375,10,20,100,4.833000183105469,5.960000038146973,272,803,77.590558,13.0426661
1766128242578594600,152.00359448242187,10,20,100,5,6.519999980926514,273,803,77.5905005,13.0426722
1766128243627672000,153.05267211914062,10,20,100,5.400000095367432,6.779999732971191,274,803,77.5904347,13.042678
1766128244633752600,154.05875268554686,10,20,100,5.599999904632568,6.759999752044678,274,803,77.5903687,13.0426804
1766128245621977600,155.0469775390625,10,20,100,6,6.269999980926514,272,803,77.5903114,13.0426782
1766128246617238300,156.04223828125,10,20,100,6.165999889373779,5.150000095367432,270,803,77.5902584,13.0426793
1766128247625799000,157.050798828125,10,20,100,6.699999809265137,4.130000114440918,267,804,77.590223,13.0426751
1766128248586986000,158.01198608398437,10,20,100,6.75,3.259999990463257,270,804,77.590203,13.0426866
1766128249611970800,159.036970703125,10,20,100,7,2.569999933242798,279,805,77.5901769,13.0426958
1766128250644334600,160.06933447265624,10,20,100,7.199999809265137,1.5699999332427979,281,805,77.59016,13.042702
1766128251632603000,161.05760278320312,10,20,100,7.199999809265137,0.9599999785423279,278,805,77.5901504,13.0427043
1766128252625418500,162.05041845703124,10,20,100,7.165999889373779,0.3700000047683716,278,804,77.5901423,13.0427085
1766128253638654000,163.06365405273436,10,20,100,7.099999904632568,0.3799999952316284,279,805,77.59014,13.0427136
1766128254597140700,164.022140625,10,20,100,7.083000183105469,0.3700000047683716,279,805,77.5901379,13.0427164
1766128255619855600,165.04485571289064,0,20,100,7.083000183105469,0,0,805,77.5901381,13.0427164
1766128256581174000,166.00617407226562,10,20,100,7.083000183105469,0.3199999928474426,279,805,77.5901444,13.0427131
1766128257578691800,167.00369189453124,10,20,100,7.083000183105469,0.23999999463558197,279,805,77.5901451,13.0427146
1766128258611195100,168.03619506835938,10,20,100,7,0.6499999761581421,278,804,77.5901431,13.0427195
1766128259653311700,169.07831176757813,0,20,100,6.900000095367432,0,0,804,77.5901369,13.0427228
1766128260622238700,170.04723876953125,10,20,100,6.699999809265137,1.2400000095367432,253,803,77.5901277,13.0427264
1766128261651751000,171.0767509765625,10,20,100,6.599999904632568,1.6399999856948853,243,804,77.5901146,13.0427189
1766128262653671700,172.07867163085936,10,20,100,6.400000095367432,1.159999966621399,252,804,77.5900987,13.0427186
1766128263646050300,173.07105029296875,10,20,100,6.199999809265137,0.9799999594688416,262,803,77.5900872,13.0427225
1766128264632879000,174.05787915039062,10,20,100,6.083000183105469,0.8299999833106995,268,803,77.5900848,13.0427292
1766128265584296400,175.00929638671874,10,20,100,5.833000183105469,0.2800000011920929,272,803,77.5900798,13.0427357
1766128266652108800,176.07710888671875,10,20,100,5.300000190734863,0.12999999523162842,274,803,77.5900778,13.0427294
1766128267658090800,177.0830908203125,0,20,100,5.099999904632568,0,0,803,77.5900775,13.0427294
1766128268636215800,178.0612158203125,0,20,100,5.083000183105469,0,0,803,77.5900774,13.0427294
1766128269636803600,179.06180346679687,0,20,100,4.900000095367432,0,0,803,77.5900774,13.0427294
1766128270631072500,180.0560725097656,0,20,100,4.900000095367432,0,0,803,77.5900774,13.0427294
1766128271635417000,181.0604169921875,0,20,100,4.833000183105469,0,0,803,77.5900774,13.0427294
1766128272624306000,182.04930590820314,0,20,100,4.915999889373779,0,0,803,77.5900774,13.0427294
1766128273635341300,183.06034130859376,0,20,100,4.833000183105469,0,0,803,77.5900774,13.0427294
1766128274639123000,184.064123046875,0,20,100,4.800000190734863,0,0,803,77.5900774,13.0427294
1766128275618444500,185.04344458007813,0,20,100,4.833000183105469,0,0,803,77.5900774,13.0427294
1766128276642085600,186.0670856933594,0,20,100,4.900000095367432,0,0,803,77.5900774,13.0427294
1766128277607046100,187.03204614257814,0,20,100,4.915999889373779,0,0,803,77.5900774,13.0427294
1766128278643257000,188.06825708007813,0,20,100,5,0,0,803,77.5900774,13.0427294
1766128279607554600,189.03255444335937,0,20,100,5,0,0,803,77.5900774,13.0427294
1766128280607572000,190.03257202148438,0,20,100,5.083000183105469,0,0,803,77.5900774,13.0427294
1766128281607460400,191.03246044921875,0,20,100,5.083000183105469,0,0,803,77.5900774,13.0427294
1766128282648926500,192.07392651367186,0,20,100,5.099999904632568,0,0,803,77.5900774,13.0427294
1766128283629329700,193.05432958984375,0,20,100,5.083000183105469,0,0,803,77.5900774,13.0427294
1766128284611329300,194.03632934570314,0,20,100,5.099999904632568,0,0,803,77.5900774,13.0427294
1766128285647968500,195.07296850585936,0,20,100,5,0,0,803,77.5900774,13.0427294
1766128286642369800,196.06736987304689,0,20,100,5,0,0,803,77.5900774,13.0427294
1766128287665066800,197.0900666503906,0,20,100,5,0,0,803,77.5900774,13.0427294
1766128288637665500,198.06266552734374,0,20,100,5,0,0,803,77.5900774,13.0427294
1766128289633863700,199.05886376953126,0,20,100,5,0,0,803,77.5900774,13.0427294
1766128290628174600,200.05317456054686,0,20,100,5,0,0,803,77.5900774,13.0427294
1766128291650327800,201.07532788085936,0,20,100,5,0,0,803,77.5900774,13.0427294
1766128292627764200,202.05276416015624,0,20,100,5,0,0,803,77.5900774,13.0427294
1766128293653443600,203.07844360351564,0,20,100,5,0,0,803,77.5900774,13.0427294
1766128294617664500,204.04266455078124,0,20,100,5,0,0,803,77.5900774,13.0427294
1766128295658701300,205.08370141601563,0,20,100,5,0,0,803,77.5900774,13.0427294
1766128296646261000,206.07126098632813,0,20,100,4.915999889373779,0,0,803,77.5900774,13.0427294
1766128297640945400,207.0659453125,0,20,100,4.900000095367432,0,0,803,77.5900774,13.0427294
1766128298638063400,208.0630634765625,0,20,100,4.915999889373779,0,0,803,77.5900774,13.0427294
1766128299640836900,209.0658369140625,0,20,100,4.900000095367432,0,0,803,77.5900774,13.0427294
1766128300623767000,210.04876708984375,0,20,100,4.915999889373779,0,0,803,77.5900774,13.0427294
1766128301669582000,211.09458203125,0,20,100,4.900000095367432,0,0,803,77.5900774,13.0427294
1766128302622778600,212.04777856445313,0,20,100,4.915999889373779,0,0,803,77.5900774,13.0427294
1766128303614525200,213.03952514648438,0,20,100,4.833000183105469,0,0,803,77.5900774,13.0427294
1766128304625430000,214.05042993164062,0,20,100,4.75,0,0,803,77.5900774,13.0427294
1766128305671711000,215.0967109375,0,20,100,4.599999904632568,0,0,803,77.5900774,13.0427294
1766128306601723400,216.02672338867188,0,20,100,4.583000183105469,0,0,803,77.5900774,13.0427294
1766128307591575800,217.01657592773438,0,20,100,4.583000183105469,0,0,803,77.5900774,13.0427294
1766128308626721300,218.05172119140624,0,20,100,4.400000095367432,0,0,803,77.5900774,13.0427294
1766128309641980700,219.06698071289063,0,20,100,4.300000190734863,0,0,803,77.5900774,13.0427294
1766128310632777000,220.05777685546875,0,20,100,4.25,0,0,803,77.5900774,13.0427294
1766128311630877000,221.055876953125,10,20,100,4.099999904632568,0.4099999964237213,272,804,77.5900593,13.0427308
1766128312653003500,222.07800341796874,10,20,100,4,0.429999977350235,270,804,77.5900511,13.0427302
1766128313619656200,223.04465625,10,20,100,3.9159998893737793,0.4899999797344208,269,805,77.5900438,13.042729
1766128314620292000,224.0452919921875,0,20,100,3.9159998893737793,0,0,806,77.5900375,13.0427303
1766128315639428000,225.06442797851562,0,20,100,3.9000000953674316,0,0,806,77.5900375,13.0427303
1766128316635598800,226.06059887695312,0,20,100,3.9000000953674316,0,0,806,77.5900375,13.0427303
1766128317591250200,227.01625024414062,10,20,100,3.8329999446868896,0.8100000023841858,265,807,77.5900079,13.042729
1766128318577499600,228.00249975585936,10,20,100,3.75,1.059999942779541,264,808,77.5899908,13.0427306
1766128319617351400,229.04235131835938,10,20,100,3.8329999446868896,1.75,258,809,77.5899757,13.0427291
1766128320613122000,230.0381220703125,10,20,100,3.8329999446868896,2.4600000381469727,258,809,77.5899547,13.0427271
1766128321604695000,231.0296950683594,10,20,100,3.8329999446868896,2.5,265,809,77.5899289,13.0427253
1766128322628051000,232.05305102539063,10,20,100,3.9000000953674316,2.5999999046325684,275,810,77.5899022,13.0427264
1766128323633703200,233.058703125,10,20,100,4,2.5799999237060547,277,810,77.589878,13.0427297
1766128324641447000,234.06644702148438,10,20,100,4,2.2899999618530273,280,810,77.5898495,13.042734
1766128325604222000,235.02922192382812,10,20,100,4,1.9299999475479126,282,811,77.5898281,13.0427371
1766128326595154400,236.02015454101561,10,20,100,4.083000183105469,0.8799999952316284,283,810,77.5898181,13.042739
1766128327619351600,237.0443515625,10,20,100,4.165999889373779,0.8100000023841858,280,809,77.589809,13.0427431
1766128328622416000,238.04741577148437,10,20,100,4.25,0.75,280,808,77.5898056,13.0427451
1766128329614550000,239.03955004882812,0,20,100,4.333000183105469,0,0,808,77.5898061,13.0427536
1766128330596816100,240.0218161621094,0,20,100,4.333000183105469,0,0,808,77.5898061,13.0427536
1766128331596788700,241.02178881835937,0,20,100,4.400000095367432,0,0,808,77.5898061,13.0427536
1766128332586075100,242.0110751953125,10,20,100,4.415999889373779,0.1899999976158142,280,808,77.589802,13.0427687
1766128333626898200,243.05189819335936,10,20,100,4.400000095367432,0.12999999523162842,280,807,77.5897993,13.0427791
1766128334606073000,244.03107299804688,0,20,100,4.415999889373779,0,0,807,77.5897994,13.0427794
1766128335605811700,245.03081176757811,0,20,100,4.5,0,0,807,77.589797,13.0427809
1766128336592656100,246.01765625,0,20,100,4.5,0,0,807,77.589797,13.0427809
1766128337620214000,247.04521411132814,0,20,100,4.400000095367432,0,0,807,77.589797,13.0427809
1766128338587490000,248.01248999023437,0,20,100,4.333000183105469,0,0,807,77.589797,13.0427809
1766128339648989700,249.07398974609376,0,20,100,4.300000190734863,0,0,807,77.589797,13.0427809
1766128340611217200,250.03621704101562,0,20,100,4.199999809265137,0,0,807,77.589797,13.0427809
1766128341649087500,251.07408740234376,0,20,100,4.099999904632568,0,0,807,77.589797,13.0427809
1766128342652447500,252.07744750976562,0,20,100,4.099999904632568,0,0,807,77.589797,13.0427809
1766128343655158800,253.08015869140624,0,20,100,4.099999904632568,0,0,807,77.589797,13.0427809
1766128344624948200,254.0499482421875,0,20,100,4.083000183105469,0,0,807,77.589797,13.0427809
1766128345640663600,255.06566357421875,0,20,100,4,0,0,807,77.589797,13.0427809
1766128346617610800,256.04261083984375,0,20,100,4,0,0,807,77.589797,13.0427809
1766128347582197800,257.00719775390627,0,20,100,4,0,0,807,77.589797,13.0427809
1766128348601939200,258.0269392089844,0,20,100,4,0,0,807,77.589797,13.0427809
1766128349639563000,259.06456298828124,0,20,100,4,0,0,807,77.589797,13.0427809
1766128350635214000,260.06021411132815,0,20,100,4,0,0,807,77.589797,13.0427809
1766128351630900200,261.05590014648436,0,20,100,4,0,0,807,77.589797,13.0427809
1766128352670776000,262.0957761230469,0,20,100,4,0,0,807,77.589797,13.0427809
1766128353583995400,263.0089953613281,0,20,100,4,0,0,807,77.589797,13.0427809
1766128354591143400,264.01614331054685,0,20,100,4,0,0,807,77.589797,13.0427809
1766128355620325400,265.0453254394531,0,20,100,4,0,0,807,77.589797,13.0427809
1766128356635499000,266.0604990234375,0,20,100,4,0,0,807,77.589797,13.0427809
1766128357627774000,267.05277392578125,0,20,100,4,0,0,807,77.589797,13.0427809
1766128358632766200,268.0577661132813,0,20,100,4,0,0,807,77.589797,13.0427809
1766128359635375400,269.06037524414063,0,20,100,4,0,0,807,77.589797,13.0427809
1766128360630435800,270.0554357910156,0,20,100,4,0,0,807,77.589797,13.0427809
1766128361637930800,271.0629306640625,0,20,100,4,0,0,807,77.589797,13.0427809
1766128362645470200,272.07047021484374,0,20,100,4,0,0,807,77.589797,13.0427809
1766128363662835700,273.08783569335935,0,20,100,4,0,0,807,77.589797,13.0427809
1766128364641423400,274.06642333984377,0,20,100,4,0,0,807,77.589797,13.0427809
1766128365591297500,275.01629760742185,0,20,100,4,0,0,807,77.589797,13.0427809
1766128366639578600,276.06457861328124,0,20,100,4,0,0,807,77.589797,13.0427809
1766128367640326000,277.06532592773436,0,20,100,3.9159998893737793,0,0,807,77.589797,13.0427809
1766128368634119000,278.0591188964844,0,20,100,3.9159998893737793,0,0,807,77.589797,13.0427809
1766128369615687700,279.0406877441406,0,20,100,3.8329999446868896,0,0,807,77.589797,13.0427809
1766128370641816300,280.06681640625,0,20,100,3.700000047683716,0,0,807,77.589797,13.0427809
1766128371655235800,281.08023583984374,0,20,100,3.5999999046325684,0,0,807,77.589797,13.0427809
1766128372613045000,282.038044921875,0,20,100,3.5829999446868896,0,0,807,77.589797,13.0427809
1766128373644165400,283.0691652832031,0,20,100,3.5,0,0,807,77.589797,13.0427809
1766128374589773800,284.01477392578124,0,20,100,3.5,0,0,807,77.589797,13.0427809
1766128375647583000,285.0725830078125,0,20,100,3.5,0,0,807,77.589797,13.0427809
1766128376626969900,286.0519699707031,0,20,100,3.4159998893737793,0,0,807,77.589797,13.0427809
1766128377669429800,287.0944296875,0,20,100,3.299999952316284,0,0,807,77.589797,13.0427809
1766128378617367000,288.04236694335935,0,20,100,3.3329999446868896,0,0,807,77.589797,13.0427809
1766128379597969200,289.02296923828123,0,20,100,3.200000047683716,0,0,807,77.589797,13.0427809
1766128380639070200,290.0640703125,0,20,100,3.1659998893737793,0,0,807,77.589797,13.0427809
1766128381634844000,291.05984399414064,0,20,100,3.200000047683716,0,0,807,77.589797,13.0427809
1766128382643240200,292.068240234375,0,20,100,3.25,0,0,807,77.589797,13.0427809
1766128383633612500,293.05861254882814,0,20,100,3.200000047683716,0,0,807,77.589797,13.0427809
1766128384617252900,294.0422529296875,0,20,100,3.200000047683716,0,0,807,77.589797,13.0427809
1766128385631956000,295.0569560546875,0,20,100,3.1659998893737793,0,0,807,77.589797,13.0427809
1766128386659220700,296.084220703125,0,20,100,3.0999999046325684,0,0,807,77.589797,13.0427809
1766128387624484900,297.04948486328124,0,20,100,3.1659998893737793,0,0,807,77.589797,13.0427809
1766128388671817000,298.09681689453123,0,20,100,3.0999999046325684,0,0,807,77.589797,13.0427809
1766128389592173600,299.0171735839844,0,20,100,3.1659998893737793,0,0,807,77.589797,13.0427809
1766128390659522300,300.08452221679687,0,20,100,3.200000047683716,0,0,807,77.589797,13.0427809
1766128391659840500,301.08484057617187,0,20,100,3.200000047683716,0,0,807,77.589797,13.0427809
1766128392658476300,302.0834763183594,0,20,100,3.0999999046325684,0,0,807,77.589797,13.0427809
1766128393641855700,303.06685571289063,0,20,100,3.0829999446868896,0,0,807,77.589797,13.0427809
1766128394601736700,304.02673681640624,0,20,100,3,0,0,807,77.589797,13.0427809
1766128395635260000,305.0602600097656,0,20,100,3,0,0,807,77.589797,13.0427809
1766128396650252300,306.0752521972656,0,20,100,3.0829999446868896,0,0,807,77.589797,13.0427809
1766128397626233900,307.05123388671876,0,20,100,3.0829999446868896,0,0,807,77.589797,13.0427809
1766128398662936800,308.0879367675781,0,20,100,3.0999999046325684,0,0,807,77.589797,13.0427809
1766128399623519500,309.04851953125,10,20,100,3.0999999046325684,1.459999918937683,274,806,77.589776,13.0427704
1766128400647507500,310.07250756835936,10,20,100,3.200000047683716,2.0899999141693115,276,805,77.5897599,13.0427701
1766128401671233500,311.0962336425781,10,20,100,3.200000047683716,2.169999837875366,284,805,77.5897409,13.0427733
1766128402630439700,312.0554396972656,10,20,100,3.299999952316284,3.7300000190734863,272,806,77.5897147,13.0427756
1766128403688055800,313.11305590820314,10,20,100,3.4000000953674316,4.460000038146973,270,806,77.5896766,13.0427766
1766128404615607600,314.0406076660156,10,20,100,3.4159998893737793,4.610000133514404,271,806,77.5896345,13.0427751
1766128405682134500,315.1071345214844,10,20,100,3.5,4.809999942779541,268,805,77.5895909,13.0427718
1766128406635301400,316.06030126953124,10,20,100,3.5,4.789999961853027,265,804,77.5895449,13.0427675
1766128407701640000,317.1266398925781,10,20,100,3.5,4.900000095367432,267,804,77.5894961,13.0427653
1766128408647198500,318.07219848632815,10,20,100,3.4159998893737793,4.900000095367432,267,804,77.5894467,13.0427663
1766128409625745200,319.0507451171875,10,20,100,3.4000000953674316,5.609999656677246,267,804,77.5893957,13.0427639
1766128410631957500,320.05695751953124,10,20,100,3.4159998893737793,5.619999885559082,265,804,77.5893423,13.0427619
1766128411681715200,321.1067150878906,10,20,100,3.4000000953674316,5.130000114440918,265,804,77.5892925,13.0427582
1766128412631867000,322.05686694335935,10,20,100,3.5,5.5,263,804,77.5892428,13.0427518
1766128413659343600,323.08434350585935,10,20,100,3.700000047683716,5.949999809265137,266,803,77.5891922,13.0427443
1766128414630739700,324.05573974609376,10,20,100,3.799999952316284,7.109999656677246,262,803,77.5891312,13.0427347
1766128415668669000,325.0936689453125,10,20,100,3.9000000953674316,7.96999979019165,257,803,77.5890627,13.0427179
1766128416633952000,326.05895190429686,10,20,100,3.9159998893737793,8.470000267028809,257,803,77.5889857,13.0427013
1766128417684485000,327.10948510742185,10,20,100,4,9.639999389648438,256,803,77.588898,13.0426827
1766128418651672300,328.07667236328126,10,20,100,4,10.289999961853027,256,803,77.5888109,13.0426588
1766128419639358700,329.0643586425781,10,20,100,4,10.559999465942383,257,803,77.5887164,13.0426333
1766128420674732300,330.0997321777344,10,20,100,4,10.84999942779541,261,803,77.5886172,13.0426142
1766128421646659800,331.0716599121094,10,20,100,4,11.119999885559082,265,803,77.5885157,13.0426041
1766128422670606800,332.09560693359373,10,20,100,4,11.369999885559082,267,803,77.5884147,13.0426014
1766128423656590300,333.0815903320312,10,20,100,4.099999904632568,11.59000015258789,272,804,77.588311,13.0426039
1766128424649780200,334.0747802734375,10,20,100,4.199999809265137,11.329999923706055,278,804,77.5882043,13.0426126
1766128425619708000,335.0447080078125,10,20,100,4.25,11.899999618530273,281,804,77.5881009,13.0426344
1766128426717852000,336.14285180664064,10,20,100,4.400000095367432,12.309999465942383,282,804,77.5879902,13.0426579
1766128427667851800,337.0928518066406,10,20,100,4.415999889373779,12.899999618530273,282,804,77.5878746,13.0426826
1766128428639897000,338.06489697265624,10,20,100,4.5,13.309999465942383,282,804,77.5877556,13.0427111
1766128429622822000,339.04782177734376,10,20,100,4.583000183105469,13.309999465942383,283,804,77.5876335,13.0427409
1766128430648200000,340.0731999511719,10,20,100,4.599999904632568,13.59999942779541,281,803,77.5875103,13.0427647
1766128431621391000,341.04639111328123,10,20,100,4.583000183105469,13.519999504089355,280,803,77.5873804,13.0427906
1766128432667455700,342.0924558105469,10,20,100,4.665999889373779,13.079999923706055,278,803,77.5872537,13.0428141
1766128433628931800,343.05393188476563,10,20,100,4.665999889373779,13.059999465942383,279,803,77.5871277,13.0428353
1766128434656341200,344.0813413085938,10,20,100,4.599999904632568,13.119999885559082,279,803,77.5870057,13.0428552
1766128435640033500,345.06503344726565,10,20,100,4.583000183105469,13.569999694824219,278,803,77.5868839,13.0428709
1766128436634654000,346.0596540527344,10,20,100,4.599999904632568,13.789999961853027,278,803,77.5867524,13.0428863
1766128437639416600,347.0644165039063,10,20,100,4.583000183105469,13.84999942779541,281,803,77.5866164,13.0429095
1766128438659742000,348.08474194335935,10,20,100,4.5,13.670000076293945,281,803,77.5864823,13.042933
1766128439667251000,349.0922509765625,10,20,100,4.5,13.59999942779541,280,804,77.5863528,13.0429557
1766128440636483300,350.0614833984375,10,20,100,4.5,13.359999656677246,280,804,77.5862235,13.0429803
1766128441585608000,351.01060791015624,10,20,100,4.5,13,281,804,77.5861008,13.0430068
1766128442625663700,352.0506638183594,10,20,100,4.415999889373779,13.289999961853027,283,805,77.5859792,13.0430386
1766128443659377400,353.0843774414063,10,20,100,4.415999889373779,13.4399995803833,284,805,77.5858557,13.0430666
1766128444604204300,354.02920434570314,10,20,100,4.333000183105469,13.75999927520752,284,805,77.5857296,13.0430971
1766128445609371600,355.03437158203127,10,20,100,4.333000183105469,13.609999656677246,284,804,77.5856021,13.0431292
1766128446617261300,356.04226123046874,10,20,100,4.199999809265137,13.34000015258789,285,804,77.5854804,13.0431638
1766128447657782500,357.08278247070314,10,20,100,4.300000190734863,13.059999465942383,290,805,77.5853644,13.0432026
1766128448627031000,358.05203100585936,10,20,100,4.333000183105469,12.869999885559082,290,805,77.5852506,13.0432436
1766128449647295000,359.072294921875,10,20,100,4.400000095367432,13,291,805,77.585137,13.0432845
1766128450636362200,360.0613623046875,10,20,100,4.400000095367432,13.210000038146973,292,804,77.5850212,13.0433324
1766128451653912600,361.07891259765626,10,20,100,4.5,13.5,294,803,77.5848994,13.0433824
1766128452631447000,362.05644702148436,10,20,100,4.5,13.269999504089355,293,803,77.5847855,13.0434356
1766128453577348400,363.00234838867186,10,20,100,4.5,13.380000114440918,297,803,77.584676,13.0434926
1766128454653836000,364.0788359375,10,20,100,4.5,13.279999732971191,300,803,77.5845695,13.043557
1766128455662949000,365.08794921875,10,20,100,4.599999904632568,13.279999732971191,304,803,77.5844633,13.0436261
1766128456675707400,366.1007072753906,10,20,100,4.699999809265137,13.329999923706055,303,804,77.5843623,13.0436916
1766128457618930000,367.0439299316406,10,20,100,4.75,13.079999923706055,303,804,77.5842621,13.0437595
1766128458622751000,368.0477509765625,10,20,100,4.900000095367432,13.34000015258789,304,803,77.5841583,13.0438292
1766128459608034600,369.03303466796876,10,20,100,4.833000183105469,13.519999504089355,303,803,77.5840572,13.0438972
1766128460609929700,370.0349296875,10,20,100,4.833000183105469,13.429999351501465,304,803,77.5839546,13.0439693
1766128461633406000,371.05840600585935,10,20,100,4.75,13.449999809265137,304,804,77.5838521,13.0440411
1766128462667219500,372.09221948242185,10,20,100,4.599999904632568,13.429999351501465,304,804,77.5837466,13.0441153
1766128463612947500,373.0379475097656,10,20,100,4.583000183105469,13.479999542236328,304,804,77.5836468,13.0441875
1766128464671902200,374.0969020996094,10,20,100,4.5,13.359999656677246,303,804,77.5835433,13.0442615
1766128465626300400,375.0513005371094,10,20,100,4.5,13.529999732971191,303,803,77.5834398,13.0443321
1766128466646856400,376.0718564453125,10,20,100,4.400000095367432,13.59000015258789,303,804,77.5833366,13.0444057
1766128467615351300,377.0403513183594,10,20,100,4.333000183105469,13.519999504089355,303,804,77.583233,13.0444785
1766128468676667600,378.1016677246094,10,20,100,4.099999904632568,13.420000076293945,303,803,77.5831315,13.0445463
1766128469608258800,379.0332587890625,10,20,100,4.083000183105469,13.59999942779541,302,804,77.5830268,13.0446141
1766128470625164500,380.05016455078123,10,20,100,3.9159998893737793,13.479999542236328,303,804,77.5829182,13.0446824
1766128471631544600,381.0565446777344,10,20,100,3.75,13.619999885559082,303,804,77.5828147,13.0447486
1766128472647511800,382.07251171875,10,20,100,3.5999999046325684,13.529999732971191,302,804,77.5827103,13.0448174
1766128473643581000,383.06858081054685,10,20,100,3.5829999446868896,13.229999542236328,302,803,77.5826088,13.0448831
1766128474651998500,384.07699853515624,10,20,100,3.5,13.380000114440918,304,803,77.5825083,13.0449501
1766128475610790000,385.03578979492187,10,20,100,3.5,13.239999771118164,306,804,77.5824116,13.0450214
1766128476656460300,386.08146020507814,10,20,100,3.5999999046325684,13.4399995803833,306,804,77.5823132,13.0450922
1766128477623479000,387.04847900390627,10,20,100,3.6659998893737793,13.319999694824219,305,804,77.5822137,13.0451608
1766128478650377000,388.075376953125,10,20,100,3.799999952316284,12.519999504089355,307,804,77.5821195,13.0452279
1766128479640296000,389.0652958984375,10,20,100,3.8329999446868896,11.84999942779541,309,805,77.5820268,13.0452996
1766128480644855000,390.06985498046873,10,20,100,3.9000000953674316,10.880000114440918,310,805,77.5819481,13.0453655
1766128481675929600,391.1009296875,10,20,100,3.799999952316284,10.9399995803833,310,805,77.5818744,13.0454278
1766128482648678400,392.0736784667969,10,20,100,3.700000047683716,11.380000114440918,309,806,77.5817937,13.045491
1766128483671565600,393.09656567382814,10,20,100,3.700000047683716,11.779999732971191,310,806,77.5817114,13.0455572
1766128484644783900,394.06978393554687,10,20,100,3.700000047683716,11.979999542236328,309,806,77.5816247,13.0456276
1766128485675912000,395.10091186523437,10,20,100,3.799999952316284,11.819999694824219,311,806,77.5815427,13.045697
1766128486632769000,396.05776904296874,10,20,100,3.8329999446868896,11.59999942779541,311,806,77.5814619,13.0457671
1766128487655693800,397.0806938476563,10,20,100,4,11.269999504089355,311,806,77.5813829,13.0458371
1766128488654023200,398.0790231933594,10,20,100,4,11.059999465942383,312,806,77.5813049,13.0459066
1766128489660034800,399.0850349121094,10,20,100,4,10.649999618530273,311,806,77.5812315,13.045972
1766128490639463200,400.0644631347656,10,20,100,4,10.84999942779541,312,806,77.5811615,13.0460356
1766128491660636400,401.0856364746094,10,20,100,4,11.1899995803833,311,806,77.5810912,13.0461048
1766128492635723000,402.0607229003906,10,20,100,4,11.40999984741211,308,805,77.5810106,13.0461723
1766128493641164300,403.06616430664064,10,20,100,4,11.75999927520752,308,806,77.5809273,13.0462399
1766128494624307500,404.0493073730469,10,20,100,4,11.779999732971191,308,805,77.5808405,13.0463082
1766128495625347600,405.05034765625,10,20,100,4,11.819999694824219,307,806,77.5807526,13.0463752
1766128496658590200,406.0835900878906,10,20,100,4,11.920000076293945,306,805,77.5806648,13.0464389
1766128497574433300,406.9994333496094,10,20,100,4,11.90999984741211,307,805,77.5805729,13.0465027
1766128498573151000,407.99815087890624,10,20,100,4,11.90999984741211,306,805,77.5804839,13.0465695
1766128499591323600,409.01632373046874,10,20,100,4,11.389999389648438,305,806,77.5803938,13.0466295
1766128500643414500,410.06841455078126,10,20,100,4,12.019999504089355,306,806,77.5803006,13.0466888
1766128501632380700,411.05738061523436,10,20,100,4,12.489999771118164,304,806,77.5802067,13.0467552
1766128502650037500,412.07503759765626,10,20,100,4,13.139999389648438,305,806,77.5801088,13.0468249
1766128503618185200,413.0431853027344,10,20,100,4.099999904632568,13.479999542236328,306,806,77.580014,13.0468969
1766128504631919600,414.05691967773436,10,20,100,4.199999809265137,13.389999389648438,308,805,77.5799153,13.0469689
1766128505640108300,415.0651083984375,10,20,100,4.165999889373779,13.380000114440918,308,805,77.5798208,13.0470429
1766128506661807600,416.0868076171875,10,20,100,4.300000190734863,13.489999771118164,307,805,77.5797255,13.0471185
1766128507622555600,417.0475556640625,10,20,100,4.25,13.729999542236328,304,806,77.5796235,13.0471913
1766128508657600800,418.08260083007815,10,20,100,4.199999809265137,13.59999942779541,303,806,77.579522,13.0472636
1766128509635178500,419.06017846679686,10,20,100,4.099999904632568,13.710000038146973,303,807,77.5794157,13.0473346
1766128510596851000,420.0218508300781,10,20,100,4.083000183105469,13.449999809265137,301,806,77.5793126,13.0474003
1766128511643444700,421.0684448242188,10,20,100,4.165999889373779,13.059999465942383,298,807,77.5792053,13.0474542
1766128512649429000,422.07442895507813,10,20,100,4.199999809265137,13.309999465942383,293,807,77.5790967,13.0475053
1766128513656584400,423.08158447265623,10,20,100,4.333000183105469,13.329999923706055,288,807,77.5789818,13.0475472
1766128514623778000,424.04877807617186,10,20,100,4.415999889373779,13.479999542236328,285,806,77.5788621,13.0475813
1766128515567275000,424.99227490234375,10,20,100,4.583000183105469,13.369999885559082,281,806,77.5787429,13.047607
1766128516592447000,426.0174470214844,10,20,100,4.75,13.019999504089355,280,806,77.5786217,13.0476254
1766128517590403600,427.01540356445315,10,20,100,4.833000183105469,12.90999984741211,277,806,77.5785059,13.0476406
1766128518584450800,428.00945092773435,10,20,100,4.833000183105469,13.710000038146973,275,806,77.5783739,13.04764
1766128519578827000,429.0038269042969,10,20,100,4.75,13.90999984741211,270,806,77.5782346,13.0476345
1766128520568843500,429.9938435058594,10,20,100,4.599999904632568,13.960000038146973,267,806,77.5781011,13.047633
1766128521603120600,431.02812060546876,10,20,100,4.400000095367432,14,266,807,77.5779652,13.0476328
1766128522579309000,432.0043090820312,10,20,100,4.333000183105469,13.239999771118164,264,807,77.5778396,13.0476215
1766128523683035400,433.10803540039063,10,20,100,4,13.029999732971191,263,807,77.5777163,13.0476159
1766128524656180500,434.08118041992185,10,20,100,3.799999952316284,12.90999984741211,262,808,77.577593,13.0475981
1766128525579090400,435.00409033203124,10,20,100,3.700000047683716,12.739999771118164,261,808,77.5774724,13.0475799
1766128526622908400,436.0479084472656,10,20,100,3.5999999046325684,12.710000038146973,261,809,77.577352,13.0475604
1766128527659623000,437.0846228027344,10,20,100,3.5,12.679999351501465,262,810,77.5772345,13.0475433
1766128528608189200,438.03318920898437,10,20,100,3.5,12.929999351501465,263,810,77.5771094,13.0475293
1766128529651730200,439.0767302246094,10,20,100,3.5,13.130000114440918,264,811,77.5769868,13.047512
1766128530597993200,440.0229931640625,10,20,100,3.4000000953674316,12.9399995803833,264,811,77.5768674,13.0474968
1766128531641621500,441.06662158203125,10,20,100,3.4000000953674316,12.960000038146973,264,812,77.5767482,13.0474832
1766128532635799600,442.06079956054685,10,20,100,3.3329999446868896,13.09999942779541,264,811,77.5766265,13.0474702
1766128533644665000,443.0696650390625,10,20,100,3.200000047683716,13.130000114440918,263,811,77.5765077,13.0474568
1766128534637182500,444.0621823730469,10,20,100,3.25,12.630000114440918,262,811,77.5763891,13.0474417
1766128535594272500,445.0192724609375,10,20,100,3.25,12.989999771118164,265,812,77.5762704,13.0474289
1766128536663174700,446.08817456054686,10,20,100,3.299999952316284,13.210000038146973,264,812,77.576149,13.0474159
1766128537649938700,447.07493872070313,10,20,100,3.4000000953674316,13.460000038146973,264,812,77.5760233,13.0474054
1766128538631386000,448.0563862304688,10,20,100,3.4159998893737793,13.170000076293945,263,812,77.5759013,13.0473951
1766128539583485400,449.0084853515625,10,20,100,3.5,13.09999942779541,264,812,77.5757798,13.0473827
1766128540594124500,450.01912451171876,10,20,100,3.5,13.719999313354492,264,811,77.5756549,13.0473704
1766128541637729500,451.0627294921875,10,20,100,3.5,13.960000038146973,266,810,77.5755267,13.047363
1766128542657482800,452.0824826660156,10,20,100,3.5,14.479999542236328,265,810,77.5753986,13.047356
1766128543628851500,453.0538515625,10,20,100,3.5,14.630000114440918,266,809,77.5752666,13.0473464
1766128544667309600,454.0923095703125,10,20,100,3.5,14.699999809265137,265,809,77.5751344,13.0473383
1766128545608278300,455.0332783203125,10,20,100,3.5,14.699999809265137,265,809,77.5749945,13.0473352
1766128546648648200,456.07364819335936,10,20,100,3.5,14.699999809265137,266,808,77.574857,13.0473293
1766128547627350500,457.0523505859375,10,20,100,3.5,14.920000076293945,267,808,77.574718,13.0473239
1766128548641577200,458.0665771484375,10,20,100,3.4000000953674316,14.479999542236328,266,807,77.574582,13.0473208
1766128549636700700,459.06170068359376,10,20,100,3.3329999446868896,14.289999961853027,266,807,77.5744525,13.0473145
1766128550602549800,460.0275498046875,10,20,100,3.25,13.75,266,806,77.5743249,13.0473078
1766128551636643800,461.06164379882813,10,20,100,3.25,13.729999542236328,267,806,77.5741952,13.0473037
1766128552626063600,462.0510637207031,10,20,100,3.1659998893737793,13.639999389648438,268,805,77.5740677,13.0472961
1766128553646992100,463.0719921875,10,20,100,3.0999999046325684,13.4399995803833,268,805,77.5739435,13.047293
1766128554657119000,464.08211889648436,10,20,100,3.0999999046325684,12,266,805,77.5738284,13.0472914
1766128555604810000,465.02981005859374,10,20,100,3.0999999046325684,11.010000228881836,267,805,77.5737229,13.0472858
1766128556626750200,466.05175024414064,10,20,100,3.0829999446868896,10.039999961853027,267,805,77.5736255,13.0472833
1766128557623292000,467.0482919921875,10,20,100,3,9.84000015258789,266,805,77.573536,13.0472778
1766128558583179000,468.0081789550781,10,20,100,3,9.760000228881836,267,805,77.5734475,13.0472735
1766128559590125600,469.0151254882812,10,20,100,3,9.210000038146973,267,805,77.5733631,13.0472705
1766128560583412200,470.008412109375,10,20,100,3,9.149999618530273,267,805,77.5732787,13.0472665
1766128561570073600,470.9950734863281,10,20,100,3,9.210000038146973,267,805,77.5731946,13.0472639
1766128562571859500,471.996859375,10,20,100,3,8.6899995803833,268,804,77.5731144,13.0472656
1766128563576568300,473.001568359375,10,20,100,3,8.239999771118164,265,804,77.5730349,13.0472674
1766128564594074000,474.01907421875,10,20,100,3,7.909999847412109,266,804,77.5729623,13.0472644
1766128565606715600,475.03171557617185,10,20,100,3.0999999046325684,8.309999465942383,266,804,77.5728897,13.04726
1766128566585403100,476.0104030761719,10,20,100,3.200000047683716,8.220000267028809,266,804,77.5728148,13.0472584
1766128567578880500,477.0038806152344,10,20,100,3.299999952316284,8.260000228881836,267,804,77.572737,13.0472533
1766128568632860200,478.0578601074219,10,20,100,3.4000000953674316,8.710000038146973,267,804,77.5726608,13.0472466
1766128569629008000,479.0540078125,10,20,100,3.5,9.489999771118164,267,804,77.5725765,13.0472446
1766128570639341800,480.064341796875,10,20,100,3.5,10.019999504089355,268,805,77.5724896,13.0472446
1766128571634956500,481.05995654296873,10,20,100,3.5,9.960000038146973,267,805,77.5723955,13.0472423
1766128572661801700,482.0868017578125,10,20,100,3.5,9.460000038146973,264,805,77.5723064,13.0472352
1766128573634744800,483.0597448730469,10,20,100,3.5,9.229999542236328,261,805,77.5722202,13.0472252
1766128574656180200,484.08118017578124,10,20,100,3.5,8.949999809265137,263,805,77.5721364,13.047215
1766128575621056500,485.0460563964844,10,20,100,3.5829999446868896,8.6899995803833,265,805,77.5720543,13.0472107
1766128576653917400,486.07891748046876,10,20,100,3.700000047683716,8.289999961853027,263,805,77.5719779,13.0472005
1766128577649458000,487.0744580078125,10,20,100,3.75,7.230000019073486,262,805,77.5719093,13.0471875
1766128578659915000,488.0849150390625,10,20,100,3.9000000953674316,6.649999618530273,261,805,77.571846,13.0471778
1766128579627967500,489.0529675292969,10,20,100,3.9159998893737793,6.829999923706055,262,805,77.5717863,13.0471693
1766128580590716200,490.0157160644531,10,20,100,4,7.199999809265137,263,804,77.5717179,13.047164
1766128581668894700,491.09389477539065,10,20,100,4,8.75,263,804,77.5716456,13.0471549
1766128582647516700,492.0725166015625,10,20,100,4.083000183105469,9.649999618530273,264,804,77.5715587,13.0471472
1766128583642388000,493.0673879394531,10,20,100,4.165999889373779,10.239999771118164,268,804,77.5714649,13.0471421
1766128584682468900,494.10746875,10,20,100,4.300000190734863,9.760000228881836,267,804,77.571371,13.0471349
1766128585630678300,495.05567822265624,10,20,100,4.400000095367432,8.949999809265137,265,804,77.5712815,13.0471309
1766128586668597000,496.0935969238281,10,20,100,4.415999889373779,8.149999618530273,265,804,77.5712021,13.0471251
1766128587649655600,497.07465551757815,10,20,100,4.400000095367432,8.09000015258789,264,804,77.5711237,13.0471189
1766128588678285000,498.10328515625,10,20,100,4.300000190734863,7.87999963760376,264,804,77.5710423,13.0471024
1766128589607329300,499.03232934570315,10,20,100,4.165999889373779,6.859999656677246,265,804,77.5709739,13.0470981
1766128590575448000,500.00044799804687,10,20,100,4.083000183105469,6.150000095367432,267,804,77.5709138,13.0470966
1766128591597778200,501.0227780761719,10,20,100,4,5.159999847412109,267,804,77.5708618,13.0471008
1766128592606800000,502.0317998046875,10,20,100,3.8329999446868896,5.25,268,803,77.570814,13.0470997
1766128593634393000,503.05939306640624,10,20,100,3.75,4.46999979019165,268,804,77.5707712,13.0470989
1766128594632695600,504.0576955566406,10,20,100,3.700000047683716,3.7899999618530273,266,804,77.5707338,13.0470967
1766128595655192000,505.08019213867186,10,20,100,3.5999999046325684,4.029999732971191,261,804,77.5706979,13.0470917
1766128596638234000,506.06323413085937,10,20,100,3.5,4.259999752044678,259,804,77.5706595,13.0470843
1766128597673533700,507.09853369140626,10,20,100,3.5,3.7099997997283936,264,804,77.5706235,13.0470813
1766128598638780000,508.06377978515627,10,20,100,3.5,3.7099997997283936,270,804,77.5705876,13.0470819
1766128599632403500,509.0574035644531,10,20,100,3.5,3.799999952316284,275,804,77.5705526,13.0470834
1766128600569373200,509.9943732910156,10,20,100,3.5,3.359999895095825,273,804,77.5705189,13.0470846
1766128601656447700,511.0814477539063,10,20,100,3.5,3.429999828338623,275,804,77.5704853,13.0470875
1766128602644074500,512.0690744628906,10,20,100,3.5829999446868896,3.169999837875366,270,804,77.5704563,13.0470874
1766128603650687700,513.0756877441406,10,20,100,3.700000047683716,3.009999990463257,269,805,77.5704266,13.0470842
1766128604638631400,514.0636313476563,10,20,100,3.700000047683716,2.9099998474121094,273,805,77.5704004,13.0470854
1766128605668458800,515.0934587402344,10,20,100,3.700000047683716,3.0399999618530273,272,805,77.5703752,13.0470852
1766128606616055600,516.0410556640625,10,20,100,3.75,3.169999837875366,270,805,77.570346,13.0470835
1766128607609596000,517.0345959472656,10,20,100,3.75,3.369999885559082,268,805,77.5703166,13.0470793
1766128608630595800,518.0555959472656,10,20,100,3.75,3.5899999141693115,266,805,77.5702855,13.0470761
1766128609643044600,519.0680446777344,10,20,100,3.799999952316284,3.7799999713897705,264,805,77.5702517,13.0470717
1766128610633430000,520.0584299316406,10,20,100,3.8329999446868896,4.21999979019165,261,805,77.5702144,13.0470663
1766128611643713000,521.0687131347656,10,20,100,3.9000000953674316,4.529999732971191,260,805,77.5701751,13.0470559
1766128612644616000,522.0696159667968,10,20,100,4,5.079999923706055,261,805,77.5701274,13.0470508
1766128613656458200,523.0814582519531,10,20,100,4,5.710000038146973,261,805,77.5700787,13.0470413
1766128614656326700,524.0813266601563,10,20,100,3.9000000953674316,6.599999904632568,259,805,77.570023,13.047028
1766128615654209300,525.0792092285157,10,20,100,3.799999952316284,6.940000057220459,258,805,77.56996,13.0470147
1766128616685413400,526.1104133300781,10,20,100,3.700000047683716,6.839999675750732,261,805,77.5698974,13.0470041
1766128617663124200,527.0881242675781,10,20,100,3.700000047683716,6.119999885559082,259,805,77.5698362,13.0469958
1766128618663020500,528.0880205078125,10,20,100,3.700000047683716,5.940000057220459,261,805,77.5697814,13.0469818
1766128619654520800,529.0795207519532,10,20,100,3.75,5.609999656677246,259,806,77.5697285,13.0469703
1766128620682838000,530.1078381347656,10,20,100,3.9000000953674316,6.579999923706055,261,806,77.5696696,13.0469621
1766128621629459700,531.0544597167968,10,20,100,3.9159998893737793,6.46999979019165,260,806,77.5696057,13.0469522
1766128622639943700,532.0649436035156,10,20,100,4,6.039999961853027,259,806,77.569543,13.0469417
1766128623635051500,533.0600515136719,10,20,100,4,5.440000057220459,260,806,77.5694906,13.0469303
1766128624651857200,534.0768571777344,10,20,100,4,5.049999713897705,260,806,77.5694408,13.0469171
1766128625619316700,535.0443166503907,10,20,100,4,4.670000076293945,262,807,77.5693937,13.0469088
1766128626645403600,536.0704035644532,10,20,100,3.9000000953674316,3.5299999713897705,262,807,77.5693566,13.0469037
1766128627620263700,537.045263671875,10,20,100,3.8329999446868896,3.43999981880188,258,807,77.5693253,13.0468968
1766128628653031200,538.07803125,10,20,100,3.799999952316284,3.879999876022339,260,807,77.5692897,13.0468918
1766128629621418200,539.0464182128907,10,20,100,3.8329999446868896,4.170000076293945,264,807,77.5692509,13.0468874
1766128630587526000,540.0125258789062,10,20,100,3.75,4.119999885559082,263,807,77.5692105,13.0468858
1766128631598923000,541.0239230957031,10,20,100,3.6659998893737793,3.18999981880188,265,807,77.5691771,13.0468887
1766128632660218000,542.0852180175781,10,20,100,3.799999952316284,1.8600000143051147,266,807,77.5691551,13.0468897
1766128633652318500,543.077318359375,10,20,100,3.8329999446868896,0.75,262,807,77.5691454,13.0468859
1766128634632994600,544.0579946289063,10,20,100,3.799999952316284,0.2800000011920929,262,807,77.5691408,13.0468812
1766128635615948000,545.0409479980469,10,20,100,3.9000000953674316,0.3999999761581421,256,808,77.5691405,13.0468777
1766128636655912400,546.0809123535156,10,20,100,4,0.10999999940395355,256,808,77.5691397,13.046876
1766128637672276200,547.0972761230469,10,20,100,4,0.10999999940395355,256,808,77.5691395,13.0468769
1766128638661822200,548.086822265625,10,20,100,4,0.10999999940395355,256,808,77.5691395,13.0468769
1766128639672818400,549.097818359375,0,20,100,4.099999904632568,0,0,808,77.5691396,13.0468768
1766128640614753300,550.0397531738281,0,20,100,4.165999889373779,0,0,808,77.5691396,13.0468768
1766128641630432000,551.0554318847657,0,20,100,4.25,0,0,808,77.5691396,13.0468768
1766128642600118000,552.0251179199219,0,20,100,4.333000183105469,0,0,808,77.5691396,13.0468768
1766128643681592000,553.1065920410156,10,20,100,4.5,1.090000033378601,255,808,77.5691368,13.0468725
1766128644670359300,554.095359375,10,20,100,4.583000183105469,2.929999828338623,262,808,77.5691164,13.0468687
1766128645606681300,555.0316813964844,10,20,100,4.583000183105469,4.110000133514404,258,808,77.5690867,13.0468615
1766128646590676200,556.0156762695312,10,20,100,4.665999889373779,3.619999885559082,254,808,77.5690541,13.0468539
1766128647686099500,557.1110993652344,10,20,100,4.699999809265137,2.8999998569488525,255,808,77.5690256,13.0468456
1766128648616151000,558.0411511230469,10,20,100,4.75,3.669999837875366,262,808,77.5689936,13.046841
1766128649661932500,559.0869326171875,10,20,100,4.833000183105469,4.159999847412109,268,808,77.5689546,13.0468427
1766128650641451500,560.0664514160156,10,20,100,4.900000095367432,4.480000019073486,271,808,77.5689098,13.0468564
1766128651598122200,561.0231223144531,10,20,100,4.800000190734863,5.329999923706055,270,809,77.5688603,13.0468653
1766128652638156800,562.0631567382812,10,20,100,4.75,6.239999771118164,268,809,77.5687993,13.0468709
1766128653633674800,563.0586748046875,10,20,100,4.699999809265137,7.440000057220459,266,809,77.5687318,13.0468736
1766128654644119800,564.0691198730469,10,20,100,4.665999889373779,8.1899995803833,264,809,77.5686598,13.0468723
1766128655658571000,565.0835710449219,10,20,100,4.5,8.779999732971191,262,809,77.5685759,13.0468597
1766128656639236000,566.0642360839844,10,20,100,4.5,9.25,264,810,77.5684962,13.0468519
1766128657652322000,567.0773220214844,10,20,100,4.5,9.4399995803833,267,810,77.5684095,13.0468465
1766128658676924400,568.1019243164062,10,20,100,4.5,9.65999984741211,268,809,77.568319,13.0468445
1766128659659206400,569.0842062988281,10,20,100,4.400000095367432,10.9399995803833,266,808,77.5682239,13.0468414
1766128660647719700,570.0727197265625,10,20,100,4.333000183105469,11.079999923706055,266,808,77.5681193,13.0468346
1766128661656066000,571.0810661621093,10,20,100,4.199999809265137,11.399999618530273,267,808,77.5680129,13.0468292
1766128662642074000,572.06707421875,10,20,100,4.165999889373779,11.84000015258789,266,808,77.5679006,13.046825
1766128663638096000,573.0630959472657,10,20,100,4.083000183105469,12.359999656677246,266,808,77.5677816,13.0468206
1766128664668461800,574.0934619140625,10,20,100,4,12.989999771118164,264,807,77.567659,13.0468142
1766128665627572200,575.052572265625,10,20,100,3.9159998893737793,13.109999656677246,263,807,77.5675394,13.0467987
1766128666665487400,576.0904873046875,10,20,100,3.799999952316284,13.289999961853027,263,807,77.5674117,13.0467914
1766128667635445800,577.0604458007813,10,20,100,3.75,13.630000114440918,263,807,77.5672844,13.0467832
1766128668688030000,578.1130300292969,10,20,100,3.5999999046325684,13.359999656677246,263,807,77.5671581,13.0467675
1766128669575674600,579.0006745605468,10,20,100,3.5829999446868896,13.479999542236328,263,807,77.5670322,13.0467563
1766128670590250500,580.0152504882813,10,20,100,3.5,13.399999618530273,262,807,77.5669083,13.046738
1766128671602267000,581.0272668457031,10,20,100,3.5,13.460000038146973,262,807,77.5667859,13.0467205
1766128672594638000,582.0196381835938,10,20,100,3.5,13.609999656677246,263,807,77.5666642,13.0467066
1766128673604999700,583.0299997558594,10,20,100,3.5,13.429999351501465,263,807,77.5665411,13.0466915
1766128674593896700,584.0188967285156,10,20,100,3.5,13.380000114440918,262,807,77.5664191,13.046677
1766128675598347000,585.0233469238282,10,20,100,3.5999999046325684,13.170000076293945,263,807,77.5662988,13.0466635
1766128676589046800,586.014046875,10,20,100,3.5829999446868896,13.199999809265137,260,807,77.566178,13.0466452
1766128677628772900,587.0537729492188,10,20,100,3.700000047683716,13.369999885559082,260,806,77.5660558,13.0466248
1766128678583705300,588.0087053222657,10,20,100,3.75,13.809999465942383,256,806,77.565932,13.0465977
1766128679610200300,589.0352004394531,10,20,100,3.9000000953674316,13.549999237060547,252,806,77.5658064,13.0465588
1766128680591719200,590.0167192382812,10,20,100,3.9159998893737793,13.609999656677246,249,805,77.5656871,13.0465114
1766128681576488400,591.0014885253906,10,20,100,3.9159998893737793,13.429999351501465,247,805,77.5655676,13.046461
1766128682603462100,592.0284621582031,10,20,100,4,13.75999927520752,245,804,77.5654463,13.0464094
1766128683583213600,593.0082136230469,10,20,100,4.083000183105469,13.380000114440918,243,804,77.5653298,13.0463561
1766128684561611300,593.986611328125,10,20,100,4.083000183105469,12.880000114440918,242,804,77.56522,13.0462998
1766128685600479200,595.0254792480468,10,20,100,4.099999904632568,12.799999237060547,239,804,77.5651149,13.0462387
1766128686569267000,595.9942668457031,10,20,100,4.083000183105469,12.50999927520752,236,804,77.5650136,13.0461778
1766128687582611700,597.0076118164062,10,20,100,4.083000183105469,12.460000038146973,235,804,77.5649165,13.046113
1766128688589392100,598.0143920898438,10,20,100,4.099999904632568,12.75,233,804,77.5648213,13.0460451
1766128689595477200,599.0204772949219,10,20,100,4.199999809265137,12.199999809265137,231,804,77.5647321,13.0459697
1766128690581023700,600.0060236816406,10,20,100,4.333000183105469,12.170000076293945,231,804,77.5646477,13.045895
1766128691573546000,600.9985458984376,10,20,100,4.5,12.739999771118164,231,803,77.5645619,13.0458183
1766128692576465200,602.0014650878907,10,20,100,4.583000183105469,12.989999771118164,231,803,77.5644734,13.0457439
1766128693588190700,603.0131906738281,10,20,100,4.665999889373779,13.019999504089355,233,802,77.564378,13.0456713
1766128694567996000,603.9929958496094,10,20,100,4.665999889373779,12.4399995803833,231,801,77.5642842,13.0456028
1766128695569281800,604.9942817382813,10,20,100,4.75,12.5,232,801,77.564193,13.0455311
1766128696578251000,606.0032509765625,10,20,100,4.900000095367432,12.649999618530273,233,801,77.5640956,13.045461
1766128697568894000,606.9938940429688,10,20,100,4.915999889373779,12.50999927520752,233,801,77.564001,13.0453909
1766128698602881300,608.0278813476563,10,20,100,5.099999904632568,12.319999694824219,231,801,77.5639092,13.0453192
1766128699577472300,609.0024721679688,10,20,100,5.300000190734863,12.15999984741211,233,801,77.5638183,13.0452549
1766128700589312300,610.0143122558594,10,20,100,5.400000095367432,11.59999942779541,233,801,77.5637309,13.0451904
1766128701563684400,610.9886843261719,10,20,100,5.5,11.609999656677246,234,801,77.5636443,13.045128
1766128702564720000,611.9897202148437,10,20,100,5.583000183105469,11.569999694824219,233,801,77.5635564,13.0450686
1766128703575771400,613.000771484375,10,20,100,5.75,10.979999542236328,232,801,77.5634705,13.0450132
1766128704578477300,614.0034772949218,10,20,100,5.900000095367432,11.34000015258789,234,801,77.5633854,13.0449543
1766128705587872800,615.0128728027344,10,20,100,5.915999889373779,11.65999984741211,236,802,77.5632938,13.0448991
1766128706583354000,616.0083540039062,10,20,100,6,11.559999465942383,235,802,77.563204,13.044844
1766128707614536400,617.0395363769532,10,20,100,6,12.319999694824219,234,802,77.5631114,13.0447847
1766128708568049400,617.9930493164062,10,20,100,6,12.479999542236328,233,802,77.5630139,13.0447185
1766128709561678800,618.9866789550781,10,20,100,6,11.880000114440918,231,802,77.5629301,13.0446453
1766128710591492600,620.0164926757813,10,20,100,6.099999904632568,10.649999618530273,232,803,77.5628475,13.0445803
1766128711570237400,620.9952375488281,10,20,100,6.083000183105469,9.389999389648438,232,803,77.5627713,13.0445256
1766128712601627000,622.026626953125,10,20,100,6.083000183105469,8.34000015258789,228,803,77.5627092,13.0444746
1766128713582171000,623.0071708984375,10,20,100,6.099999904632568,7.849999904632568,224,803,77.5626549,13.0444264
1766128714577643800,624.0026437988281,10,20,100,6,7.599999904632568,225,804,77.5626,13.0443823
1766128715567774000,624.9927739257812,10,20,100,5.915999889373779,7.319999694824219,225,804,77.5625494,13.0443392
1766128716580437200,626.0054372558594,10,20,100,5.699999809265137,6.859999656677246,226,804,77.5625022,13.0442998
1766128717643203000,627.068203125,10,20,100,5.599999904632568,6.179999828338623,227,805,77.5624575,13.0442646
1766128718643583000,628.0685830078125,10,20,100,5.5,4.630000114440918,233,805,77.5624134,13.0442403
1766128719623984000,629.0489841308594,10,20,100,5.400000095367432,2.8299999237060547,236,805,77.5623884,13.0442367
1766128720662226700,630.0872268066406,10,20,100,5.400000095367432,1.3299999237060547,237,805,77.5623728,13.0442304
1766128721629173800,631.054173828125,10,20,100,5.300000190734863,0.20999999344348907,240,806,77.5623668,13.0442313
1766128722657461500,632.0824614257813,10,20,100,5.300000190734863,0.5399999618530273,295,806,77.5623675,13.0442358
1766128723611841500,633.0368415527344,10,20,100,5.25,0.3199999928474426,314,806,77.5623676,13.0442411
1766128724615428400,634.0404284667969,0,20,100,5.165999889373779,0,0,807,77.5623655,13.0442447
1766128725674267000,635.0992668457031,10,20,100,5.099999904632568,1.5399999618530273,259,807,77.5623585,13.0442429
1766128726643074000,636.0680739746093,10,20,100,5.099999904632568,3.669999837875366,238,808,77.5623364,13.044226
1766128727651413200,637.0764133300781,10,20,100,5.083000183105469,5.210000038146973,231,808,77.5623006,13.0442
1766128728643337000,638.0683369140625,10,20,100,5,6.199999809265137,229,807,77.5622552,13.0441647
1766128729627044400,639.0520444335938,10,20,100,5,7.389999866485596,232,807,77.5621982,13.0441273
1766128730640840000,640.06583984375,10,20,100,4.915999889373779,8,234,807,77.5621352,13.0440876
1766128731654121000,641.0791208496094,10,20,100,4.800000190734863,8.079999923706055,234,808,77.5620671,13.0440479
1766128732626173000,642.0511728515625,10,20,100,4.75,7.989999771118164,235,808,77.5620034,13.0440077
1766128733660705800,643.0857058105469,10,20,100,4.599999904632568,8.010000228881836,236,808,77.5619445,13.0439678
1766128734633775600,644.0587756347657,10,20,100,4.5,8.369999885559082,238,808,77.5618788,13.0439308
1766128735655744300,645.080744140625,10,20,100,4.400000095367432,8.869999885559082,238,808,77.5618128,13.0438929
1766128736618879200,646.0438791503906,10,20,100,4.415999889373779,8.649999618530273,239,808,77.5617449,13.043861
1766128737573213200,646.9982131347656,10,20,100,4.333000183105469,9.029999732971191,241,808,77.5616758,13.043829
1766128738606115000,648.0311149902344,10,20,100,4.25,9.559999465942383,242,808,77.5616009,13.0437896
1766128739557038800,648.9820388183593,10,20,100,4.165999889373779,10.09999942779541,244,808,77.5615187,13.0437491
1766128740582931500,650.0079313964844,10,20,100,4.083000183105469,10.4399995803833,246,808,77.561439,13.0437174
1766128741581432600,651.0064326171876,10,20,100,4.083000183105469,10.59999942779541,248,808,77.5613488,13.043679
1766128742597159700,652.0221596679687,10,20,100,4.099999904632568,10.469999313354492,249,808,77.5612595,13.043644
1766128743609097000,653.0340969238281,10,20,100,4.300000190734863,10.809999465942383,251,808,77.5611687,13.0436132
1766128745614813700,655.0398137207031,10,20,100,4.75,12.34000015258789,255,809,77.5609609,13.0435619
1766128746621363700,656.0463637695312,10,20,100,4.875,12.25999927520752,263,809,77.5608486,13.043563
1766128747588833800,657.0138337402344,10,20,100,4.699999809265137,11.84000015258789,268,809,77.560739,13.0435575
1766128748630726700,658.0557265625,10,20,100,5,12.219999313354492,269,809,77.5606316,13.0435575
1766128749581632300,659.0066323242188,10,20,100,5.099999904632568,12.300000190734863,269,811,77.5605084,13.0435539
1766128750547000300,659.9720002441406,10,20,100,5.165999889373779,12.399999618530273,271,811,77.5603916,13.043557
1766128751547300900,660.97230078125,10,20,100,5.165999889373779,13.15999984741211,271,811,77.5602748,13.0435601
1766128752568290600,661.9932905273438,10,20,100,5.333000183105469,13.59000015258789,270,812,77.5601519,13.0435612
1766128753576249900,663.0012497558594,10,20,100,5.583000183105469,13.549999237060547,268,812,77.560023,13.043563
1766128754570046200,663.9950461425781,10,20,100,5.415999889373779,13.460000038146973,270,812,77.5598905,13.0435636
1766128755580597500,665.0055974121094,10,20,100,5.400000095367432,12.949999809265137,269,812,77.5597679,13.0435681
1766128756580131300,666.0051313476563,10,20,100,5.400000095367432,13.319999694824219,268,812,77.5596474,13.0435677
1766128757613133300,667.0381333007813,10,20,100,5.400000095367432,13.019999504089355,269,811,77.559528,13.0435702
1766128758659342800,668.0843427734375,10,20,100,5.400000095367432,13.5,270,811,77.5594083,13.0435704
1766128759616884700,669.041884765625,10,20,100,5.5,13.229999542236328,270,811,77.5592896,13.0435711
1766128760636511200,670.0615112304688,10,20,100,5.5,13.329999923706055,271,811,77.5591653,13.0435755
1766128761620279000,671.0452790527344,10,20,100,5.599999904632568,13.609999656677246,271,812,77.5590391,13.0435785
1766128762617700000,672.0427001953125,10,20,100,5.699999809265137,13.59999942779541,270,812,77.5589083,13.0435845
1766128763648695600,673.0736955566406,10,20,100,5.665999889373779,13.359999656677246,270,812,77.5587826,13.0435913
1766128764644162300,674.0691623535156,10,20,100,5.699999809265137,13.449999809265137,269,812,77.5586543,13.0435922
1766128765650130700,675.0751306152343,10,20,100,5.599999904632568,13.329999923706055,271,813,77.5585301,13.0436027
1766128766635711500,676.0607114257813,10,20,100,5.300000190734863,13.399999618530273,272,814,77.5583972,13.0436236
1766128767636395300,677.0613952636719,10,20,100,4.900000095367432,13.369999885559082,272,814,77.5582693,13.0436282
1766128768624193000,678.0491931152344,10,20,100,4.75,13.319999694824219,273,814,77.5581473,13.043632
1766128769658031000,679.0830310058594,10,20,100,4.300000190734863,13.329999923706055,277,814,77.5580266,13.0436388
1766128770625964800,680.05096484375,10,20,100,4.25,13.569999694824219,279,814,77.5579034,13.043656
1766128771642839300,681.0678393554688,10,20,100,4,13.519999504089355,278,814,77.557777,13.0436699
1766128772616742700,682.0417426757813,10,20,100,4,13.329999923706055,279,815,77.5576525,13.0436916
1766128773640727600,683.0657275390626,10,20,100,3.9000000953674316,13.50999927520752,279,815,77.5575274,13.0437165
1766128774601372700,684.0263725585937,10,20,100,3.9159998893737793,13.519999504089355,278,816,77.5574048,13.0437383
1766128775624408300,685.049408203125,10,20,100,3.8329999446868896,13.579999923706055,278,817,77.557275,13.0437561
1766128776625704400,686.0507043457031,10,20,100,3.8329999446868896,13.369999885559082,276,817,77.5571479,13.0437711
1766128777613256700,687.0382565917969,10,20,100,3.8329999446868896,13.179999351501465,277,817,77.5570259,13.043786
1766128781622328300,691.0473283691406,10,20,100,5.333000183105469,13.049999237060547,279,818,77.5565458,13.0438577
1766128782642150100,692.0671501464843,10,20,100,7.25,13.109999656677246,279,820,77.5564228,13.0438719
1766128783616400000,693.0413999023438,10,20,100,6.665999889373779,13.179999351501465,279,821,77.5562981,13.0439036
1766128784645771500,694.070771484375,10,20,100,6.875,12.949999809265137,279,823,77.5561805,13.0439214
1766128785615935700,695.0409357910156,10,20,100,6.900000095367432,13.00999927520752,279,824,77.5560562,13.0439282
1766128786558900500,695.983900390625,10,20,100,6.833000183105469,13.329999923706055,278,824,77.5559323,13.0439354
1766128787566014000,696.9910139160156,10,20,100,6.5,13.130000114440918,277,824,77.5558098,13.0439457
1766128788572280800,697.9972807617188,10,20,100,6.415999889373779,12.979999542236328,279,824,77.5556901,13.0439709
1766128789557942800,698.9829428710938,10,20,100,6.415999889373779,12.729999542236328,279,824,77.5555741,13.0439867
1766128790583539700,700.0085397949218,10,20,100,6.083000183105469,12.84999942779541,278,825,77.5554579,13.0440044
1766128791569804800,700.9948046875,10,20,100,5.699999809265137,12.929999351501465,277,827,77.5553382,13.0440172
1766128792567928300,701.9929282226562,10,20,100,5.599999904632568,12.309999465942383,275,827,77.5552268,13.0440273
1766128793601881600,703.0268815917968,10,20,100,5.400000095367432,11.269999504089355,275,827,77.5551204,13.044037
1766128794581231600,704.0062316894531,10,20,100,5.400000095367432,10.380000114440918,273,826,77.5550222,13.0440484
1766128795567949600,704.9929494628906,10,20,100,5.415999889373779,9.210000038146973,270,827,77.5549307,13.0440548
1766128796571121700,705.9961215820313,10,20,100,5.300000190734863,7.289999961853027,269,828,77.5548578,13.0440642
1766128797556516000,706.9815161132813,10,20,100,5.25,5.549999713897705,265,831,77.5548047,13.0440705
1766128798600318500,708.025318359375,10,20,100,5.083000183105469,4.440000057220459,262,833,77.5547655,13.0440586
1766128799579049500,709.0040495605468,10,20,100,5,3.4800000190734863,255,834,77.5547409,13.0440457
1766128800569554000,709.9945539550781,10,20,100,4.699999809265137,2.4099998474121094,253,835,77.5547168,13.0440374
1766128801554567400,710.9795673828125,10,20,100,4.665999889373779,2.0399999618530273,256,835,77.5546984,13.044035
1766128802593847000,712.0188469238282,10,20,100,4.599999904632568,1.8299999237060547,274,834,77.5546822,13.0440377
1766128803622216400,713.0472165527344,10,20,100,4.699999809265137,2.299999952316284,291,832,77.5546651,13.0440439
1766128804603977200,714.0289772949219,10,20,100,4.800000190734863,1.4900000095367432,302,832,77.5546536,13.0440498
1766128805627053300,715.0520532226562,10,20,100,4.900000095367432,1.2999999523162842,316,831,77.5546457,13.0440598
1766128806549147400,715.9741474609375,10,20,100,4.915999889373779,1.2699999809265137,330,832,77.5546411,13.0440693
1766128807625872600,717.0508725585937,10,20,100,5.099999904632568,1.0399999618530273,347,831,77.5546399,13.0440806
1766128808592150800,718.0171508789062,10,20,100,5.083000183105469,1.2699999809265137,358,830,77.5546398,13.0440911
1766128809597426000,719.0224260253906,10,20,100,5.083000183105469,1.3299999237060547,2,830,77.5546414,13.0441048
1766128810594766000,720.0197661132812,10,20,100,5.083000183105469,1.5499999523162842,11,830,77.5546425,13.0441226
1766128811590407400,721.0154074707032,10,20,100,5.099999904632568,1.5399999618530273,11,829,77.5546408,13.0441419
1766128812627889000,722.0528889160156,10,20,100,5,0.9399999976158142,12,829,77.5546417,13.0441566
1766128813639272000,723.0642719726562,10,20,100,5,1.100000023841858,23,829,77.5546482,13.044169
1766128814640102100,724.0651020507812,10,20,100,5.099999904632568,0.8799999952316284,30,829,77.5546525,13.0441782
1766128815647726800,725.0727268066406,10,20,100,5.199999809265137,1.5,42,829,77.5546614,13.0441884
1766128816646472200,726.0714721679688,10,20,100,5.300000190734863,2.919999837875366,53,828,77.5546793,13.0442094
1766128817677815600,727.1028156738281,10,20,100,5.400000095367432,4.190000057220459,65,828,77.5547134,13.0442318
1766128818623506200,728.0485061035156,10,20,100,5.333000183105469,5.819999694824219,68,827,77.5547591,13.0442592
1766128819618144300,729.0431442871094,10,20,100,5.333000183105469,6.739999771118164,76,826,77.5548152,13.0442848
1766128820683741700,730.1087416992187,10,20,100,5.199999809265137,7.589999675750732,81,826,77.5548722,13.0443058
1766128821612128500,731.0371284179688,10,20,100,5.165999889373779,8.880000114440918,85,826,77.5549429,13.0443193
1766128822661993000,732.0869929199218,10,20,100,5.083000183105469,9.519999504089355,90,825,77.55503,13.044324
1766128823624786400,733.0497863769531,10,20,100,4.900000095367432,10.819999694824219,93,824,77.555132,13.0443254
1766128824615305000,734.0403049316407,10,20,100,4.833000183105469,11.460000038146973,94,824,77.5552399,13.0443238
1766128825612434400,735.0374343261718,10,20,100,4.75,12.179999351501465,95,823,77.555349,13.0443216
1766128826638784300,736.0637841796874,10,20,100,4.699999809265137,12.519999504089355,97,823,77.5554629,13.0443121
1766128827559486000,736.9844858398437,10,20,100,4.665999889373779,13.039999961853027,100,821,77.5555838,13.0442962
1766128828586616000,738.0116159667969,10,20,100,4.583000183105469,13.319999694824219,98,820,77.5557065,13.0442814
1766128829615338000,739.040337890625,10,20,100,4.699999809265137,13.219999313354492,98,819,77.5558324,13.0442654
1766128830642212400,740.0672124023438,10,20,100,4.699999809265137,13.079999923706055,98,819,77.5559586,13.0442426
1766128831618510300,741.0435102539062,10,20,100,4.665999889373779,13.219999313354492,97,820,77.5560873,13.0442243
1766128832599909000,742.0249091796875,10,20,100,4.699999809265137,13.109999656677246,97,820,77.5562126,13.0442129
1766128833630542600,743.0555424804687,10,20,100,4.699999809265137,12.399999618530273,96,820,77.5563285,13.0441946
1766128834631343400,744.0563432617188,10,20,100,4.599999904632568,10.920000076293945,100,819,77.5564338,13.0441752
1766128835612016400,745.0370163574219,10,20,100,4.583000183105469,9.149999618530273,101,819,77.5565222,13.0441525
1766128836631913200,746.0569133300781,10,20,100,4.599999904632568,7.940000057220459,96,819,77.5566002,13.0441357
1766128837610267000,747.0352668457032,10,20,100,4.5,6.71999979019165,83,820,77.5566659,13.0441332
1766128838639164200,748.0641640625,10,20,100,4.5,6.769999980926514,63,820,77.5567233,13.0441483
1766128839622713600,749.0477136230469,10,20,100,4.5,7.710000038146973,38,821,77.5567707,13.0441886
1766128840617311500,750.0423115234375,10,20,100,4.5,8.09000015258789,22,821,77.5568041,13.0442452
1766128841641580300,751.0665803222656,10,20,100,4.5,8.5,12,821,77.5568264,13.0443053
1766128842638887200,752.0638872070313,10,20,100,4.5,8.559999465942383,0,821,77.5568315,13.0443775
1766128843643072300,753.068072265625,10,20,100,4.5,8.5,353,821,77.5568293,13.0444498
1766128844641778400,754.0667783203126,10,20,100,4.5,8.279999732971191,350,822,77.5568202,13.0445201
1766128845663579000,755.0885788574219,10,20,100,4.400000095367432,7.599999904632568,346,822,77.5568036,13.0445844
1766128846637287700,756.0622875976562,10,20,100,4.333000183105469,7.46999979019165,344,823,77.5567846,13.0446435
1766128847658969000,757.0839689941406,10,20,100,4.199999809265137,7.389999866485596,343,824,77.5567697,13.0447081
1766128848649335000,758.0743349609374,10,20,100,4.099999904632568,7.119999885559082,342,824,77.55676,13.0447642
1766128849625169400,759.0501694335937,10,20,100,4,6.899999618530273,343,824,77.5567402,13.0448251
1766128850615985700,760.0409855957031,10,20,100,3.9159998893737793,7.079999923706055,341,825,77.5567269,13.0448853
1766128851663174000,761.088173828125,10,20,100,3.9000000953674316,7.519999980926514,340,825,77.5567098,13.0449473
1766128852629789700,762.0547897949219,10,20,100,3.8329999446868896,7.599999904632568,336,825,77.5566834,13.0450137
1766128853656121300,763.0811213378906,10,20,100,3.799999952316284,7.009999752044678,332,825,77.5566547,13.0450736
1766128854640936200,764.0659362792969,10,20,100,3.9000000953674316,6.839999675750732,324,825,77.5566183,13.045126
1766128855648421400,765.0734213867188,10,20,100,3.799999952316284,6.960000038146973,322,825,77.5565807,13.0451778
1766128856641051100,766.0660510253906,10,20,100,3.8329999446868896,7.409999847412109,324,825,77.5565425,13.045231
1766128857620268500,767.0452685546875,10,20,100,3.8329999446868896,8.260000228881836,324,826,77.5565007,13.0452876
1766128858659098000,768.0840981445313,10,20,100,3.9000000953674316,8.380000114440918,322,826,77.556451,13.0453475
1766128859643945000,769.0689450683594,10,20,100,3.9000000953674316,7.369999885559082,322,826,77.5564086,13.0454055
1766128860644253000,770.0692529296875,10,20,100,3.9159998893737793,6.119999885559082,325,826,77.5563759,13.0454558
1766128861617276000,771.0422758789063,10,20,100,4,4.329999923706055,333,827,77.556353,13.0454952
1766128862643414800,772.0684147949219,10,20,100,4,3.4800000190734863,331,827,77.5563342,13.0455241
1766128863615091700,773.040091796875,10,20,100,3.9159998893737793,2.419999837875366,330,828,77.5563239,13.0455443
1766128864641340000,774.06633984375,10,20,100,3.9159998893737793,0.4699999988079071,331,827,77.5563168,13.045554
1766128865617123800,775.0421237792968,10,20,100,3.9159998893737793,0.3700000047683716,335,828,77.556312,13.0455504
1766128866641068500,776.0660686035156,10,20,100,3.9000000953674316,0.1899999976158142,335,828,77.5563107,13.0455463
1766128867621773600,777.0467736816406,0,20,100,3.9159998893737793,0,0,828,77.5563104,13.045546
1766128868634986200,778.059986328125,0,20,100,4,0,0,828,77.5563104,13.045546
1766128869604659200,779.0296591796875,0,20,100,4,0,0,828,77.5563104,13.045546
1766128870634979300,780.0599792480468,0,20,100,4,0,0,828,77.5563104,13.045546
1766128871621278200,781.0462783203125,0,20,100,4,0,0,828,77.5563104,13.045546
1766128872653164800,782.0781647949219,0,20,100,3.9000000953674316,0,0,828,77.5563104,13.045546
1766128873631503400,783.0565034179688,0,20,100,3.8329999446868896,0,0,828,77.5563104,13.045546
1766128874656725500,784.0817255859375,10,20,100,3.700000047683716,0.8999999761581421,315,828,77.5563034,13.0455468
1766128875631956700,785.0569567871094,10,20,100,3.75,1.4499999284744263,323,828,77.5562963,13.0455542
1766128876671660000,786.0966599121094,10,20,100,3.700000047683716,1.9299999475479126,329,828,77.5562856,13.0455684
1766128877567874800,786.9928747558594,10,20,100,3.6659998893737793,1.709999918937683,338,829,77.5562781,13.0455844
1766128878576203500,788.0012036132813,10,20,100,3.75,2.1499998569488525,356,829,77.5562789,13.0456011
1766128879563671300,788.9886713867188,10,20,100,3.9159998893737793,2.8299999237060547,0,829,77.5562744,13.0456236
1766128880606997800,790.0319978027344,10,20,100,4.165999889373779,3.4700000286102295,3,829,77.5562723,13.0456513
1766128881596787700,791.0217875976563,10,20,100,4.333000183105469,3.490000009536743,3,829,77.5562685,13.0456808
1766128882595785500,792.0207854003907,10,20,100,4.699999809265137,3.8899998664855957,5,829,77.5562697,13.0457187
1766128883565207000,792.99020703125,10,20,100,4.915999889373779,4.099999904632568,359,829,77.5562645,13.0457547
1766128884587172600,794.0121726074219,10,20,100,5.300000190734863,3.8499999046325684,349,828,77.556244,13.0457925
1766128885614289000,795.0392888183594,10,20,100,5.400000095367432,3.679999828338623,344,828,77.5562287,13.0458268
1766128886612836900,796.0378369140625,10,20,100,5.5,4.880000114440918,345,828,77.5562171,13.0458678
1766128887613806800,797.0388068847657,10,20,100,5.699999809265137,4.819999694824219,346,828,77.556201,13.0459111
1766128888634590200,798.0595900878906,10,20,100,5.800000190734863,4.920000076293945,344,828,77.5561856,13.0459539
1766128889590074400,799.0150744628907,10,20,100,5.900000095367432,5.71999979019165,335,828,77.5561568,13.0459993
1766128890609793000,800.03479296875,10,20,100,6,6.599999904632568,332,828,77.5561302,13.0460551
1766128891573147100,800.9981472167968,10,20,100,6.165999889373779,6.819999694824219,334,828,77.5561018,13.046116
1766128892565384200,801.9903842773438,10,20,100,6.415999889373779,6.799999713897705,330,828,77.5560689,13.0461713
1766128893578512600,803.0035126953125,10,20,100,6.583000183105469,6.599999904632568,326,828,77.5560401,13.0462223
1766128894566383000,803.9913830566406,10,20,100,6.665999889373779,6.759999752044678,325,828,77.5560051,13.0462775
1766128895647359000,805.0723588867188,10,20,100,6.900000095367432,7.619999885559082,329,828,77.5559677,13.0463413
1766128896626728000,806.0517280273438,10,20,100,7,8.130000114440918,331,827,77.5559284,13.0464117
1766128897653485000,807.0784851074219,10,20,100,6.900000095367432,7.929999828338623,331,827,77.5558894,13.0464861
1766128898635403800,808.0604038085937,10,20,100,6.800000190734863,7.699999809265137,330,827,77.5558502,13.0465542
1766128899646515500,809.0715153808594,10,20,100,6.800000190734863,7.559999942779541,332,827,77.5558162,13.0466157
1766128900654813200,810.0798132324219,10,20,100,6.800000190734863,7.46999979019165,333,826,77.55578,13.0466836
1766128901663614500,811.0886145019531,10,20,100,6.800000190734863,7.359999656677246,334,826,77.5557377,13.0467517
1766128902665623800,812.0906237792968,10,20,100,6.900000095367432,6.71999979019165,336,825,77.5556988,13.0468199
1766128903667737000,813.0927370605468,10,20,100,6.900000095367432,6.489999771118164,335,825,77.5556629,13.0468802
1766128904638285300,814.0632854003907,10,20,100,6.833000183105469,6.279999732971191,332,825,77.5556274,13.0469363
1766128905666238200,815.09123828125,10,20,100,6.699999809265137,6.769999980926514,331,825,77.5555908,13.0469954
1766128906645039000,816.0700390625,10,20,100,6.665999889373779,7.529999732971191,331,825,77.5555557,13.0470642
1766128907643060000,817.0680600585938,10,20,100,6.5,7.739999771118164,328,825,77.5555129,13.0471273
1766128908721643300,818.1466433105469,10,20,100,6.400000095367432,7.579999923706055,326,825,77.5554669,13.047199
1766128909606111200,819.031111328125,10,20,100,6.5,7.849999904632568,327,825,77.5554183,13.0472662
1766128910666619400,820.0916193847656,10,20,100,6.400000095367432,7.949999809265137,329,824,77.5553759,13.0473346
1766128911636051700,821.0610517578125,10,20,100,6.5,7.960000038146973,333,825,77.5553385,13.0474068
1766128912677400300,822.102400390625,10,20,100,6.599999904632568,7.940000057220459,334,824,77.5552982,13.047486
1766128913601305000,823.0263051757812,10,20,100,6.5,8.369999885559082,330,824,77.5552609,13.047559
1766128914637799700,824.0627995605469,10,20,100,6.300000190734863,8.139999389648438,333,824,77.5552177,13.047635
1766128915639589600,825.0645895996093,10,20,100,6.25,8.15999984741211,333,824,77.5551733,13.0477112
1766128916700390400,826.1253903808594,10,20,100,6.099999904632568,7.569999694824219,334,824,77.555137,13.0477823
1766128917635816400,827.06081640625,10,20,100,6.083000183105469,7.339999675750732,334,824,77.5551035,13.0478489
1766128918692396000,828.1173959960937,10,20,100,6,7.399999618530273,333,824,77.5550681,13.0479179
1766128919644181200,829.0691811523437,10,20,100,6,6.619999885559082,330,824,77.5550307,13.0479756
1766128920666943500,830.0919436035156,10,20,100,5.900000095367432,6.579999923706055,329,824,77.5549912,13.0480311
1766128921646645800,831.0716457519532,10,20,100,5.915999889373779,7.319999694824219,325,823,77.5549481,13.0480898
1766128922609798000,832.0347978515625,10,20,100,5.833000183105469,7.37999963760376,325,823,77.5549046,13.0481498
1766128923655118300,833.0801184082031,10,20,100,5.75,6.449999809265137,324,823,77.554864,13.0482028
1766128924639489000,834.0644890136718,10,20,100,5.665999889373779,5.309999942779541,325,823,77.5548338,13.0482495
1766128925642164700,835.0671647949218,10,20,100,5.665999889373779,5.230000019073486,330,823,77.5548091,13.0482961
1766128926639600600,836.0646005859375,10,20,100,5.75,4.409999847412109,330,823,77.554781,13.0483398
1766128927630886000,837.0558859863281,10,20,100,5.699999809265137,4.179999828338623,330,823,77.5547476,13.0483853
1766128928624349000,838.0493488769531,10,20,100,5.665999889373779,3.559999942779541,333,824,77.5547212,13.0484254
1766128929643336200,839.0683361816406,10,20,100,5.699999809265137,2.950000047683716,340,824,77.5547078,13.0484571
1766128930610187000,840.0351870117188,10,20,100,5.75,3.2200000286102295,337,824,77.5546919,13.0484839
1766128931614664000,841.0396638183594,10,20,100,5.75,3.9599997997283936,337,824,77.5546759,13.0485224
1766128932635277300,842.06027734375,10,20,100,5.800000190734863,4.710000038146973,335,824,77.5546538,13.0485656
1766128933709036000,843.1340361328125,10,20,100,5.900000095367432,5.369999885559082,333,823,77.5546218,13.0486314
1766128934663439400,844.088439453125,10,20,100,5.900000095367432,5.989999771118164,331,823,77.5545855,13.0486843
1766128935652022500,845.0770224609375,10,20,100,5.800000190734863,6.5,329,823,77.5545464,13.0487475
1766128936638671600,846.0636716308594,10,20,100,5.699999809265137,5.369999885559082,332,823,77.5545084,13.0488044
1766128937655938000,847.0809379882812,10,20,100,5.599999904632568,4.339999675750732,333,824,77.5544837,13.0488565
1766128938663336700,848.0883366699219,10,20,100,5.583000183105469,3.819999933242798,329,824,77.5544561,13.0489006
1766128939670923800,849.095923828125,10,20,100,5.5,3.419999837875366,328,824,77.5544356,13.048935
1766128940619862500,850.0448625488282,10,20,100,5.5,2.8499999046325684,327,824,77.5544163,13.0489661
1766128941661472000,851.0864719238281,10,20,100,5.5,2.4600000381469727,324,823,77.5543979,13.0489872
1766128942647642000,852.0726420898437,10,20,100,5.5,1.7899999618530273,324,824,77.5543835,13.0490059
1766128943671903500,853.0969035644531,10,20,100,5.5,1.309999942779541,316,824,77.5543694,13.0490177
1766128944674682600,854.0996826171875,10,20,100,5.5,0.7199999690055847,297,824,77.5543563,13.0490228
1766128945649583600,855.0745834960937,0,20,100,5.5,0.05999999865889549,0,823,77.5543506,13.049029
1766128946634899200,856.0598991699219,10,20,100,5.5,1.100000023841858,311,823,77.5543426,13.0490373
1766128947653523200,857.0785231933594,10,20,100,5.5,2.119999885559082,343,824,77.5543383,13.0490554
1766128948682088400,858.1070883789063,10,20,100,5.5,2.119999885559082,356,824,77.5543344,13.0490778
1766128949667272200,859.0922722167969,10,20,100,5.5,2.490000009536743,352,824,77.5543249,13.049102
1766128950596228900,860.0212287597657,10,20,100,5.5,3,339,825,77.5543134,13.0491258
1766128951627497200,861.0524973144531,10,20,100,5.583000183105469,3.319999933242798,325,825,77.5542908,13.0491527
1766128952653167600,862.0781677246093,10,20,100,5.75,2.2100000381469727,320,826,77.554267,13.0491764
1766128953595180300,863.0201801757812,10,20,100,5.915999889373779,1.6299999952316284,315,826,77.5542477,13.0491931
1766128954613207000,864.03820703125,10,20,100,6.083000183105469,1.5299999713897705,321,826,77.5542367,13.0492061
1766128955623425000,865.0484250488281,10,20,100,6.400000095367432,1.2699999809265137,328,826,77.5542298,13.0492227
1766128956626384600,866.0513845214844,10,20,100,6.415999889373779,0.9199999570846558,338,826,77.5542199,13.0492347
1766128957607330600,867.0323305664062,10,20,100,6.583000183105469,1.1699999570846558,341,826,77.5542129,13.0492455
1766128958571424300,867.9964243164062,10,20,100,6.665999889373779,1.1999999284744263,349,826,77.5542095,13.0492621
1766128959610998300,869.0359982910156,10,20,100,6.75,0.949999988079071,349,826,77.5542045,13.0492742
1766128960577488100,870.0024880371094,10,20,100,6.833000183105469,1.25,338,826,77.5541929,13.0492874
1766128961574392800,870.9993928222656,10,20,100,6.915999889373779,1.2599999904632568,322,827,77.5541788,13.0492928
1766128962631671300,872.0566713867188,10,20,100,7,1.5899999141693115,320,827,77.5541675,13.0493098
1766128963576425000,873.0014250488281,10,20,100,7,1.6399999856948853,327,827,77.5541592,13.0493285
1766128964595960600,874.0209606933594,10,20,100,6.915999889373779,1.709999918937683,341,827,77.5541514,13.0493455
1766128965587500300,875.0125002441406,10,20,100,6.900000095367432,1.5299999713897705,347,827,77.5541441,13.0493637
1766128966648670000,876.073669921875,10,20,100,6.900000095367432,1.090000033378601,351,827,77.5541386,13.0493761
1766128967596701400,877.0217014160156,10,20,100,6.915999889373779,0.8199999928474426,345,827,77.55413,13.0493821
1766128968605462500,878.0304626464844,10,20,100,6.900000095367432,0.6699999570846558,331,827,77.5541208,13.0493861
1766128969630378800,879.0553786621093,10,20,100,7,0.7199999690055847,318,827,77.5541091,13.0493897
1766128970610128000,880.0351279296875,10,20,100,7,1.0799999237060547,320,828,77.5541008,13.0493961
1766128971626910500,881.0519104003906,10,20,100,7,1.3700000047683716,322,828,77.5540918,13.0494055
1766128972608076500,882.0330766601562,10,20,100,7,1.4499999284744263,318,828,77.5540804,13.0494152
1766128973636682500,883.0616826171874,10,20,100,7,0.9599999785423279,313,828,77.5540701,13.0494224
1766128974648181200,884.0731811523438,10,20,100,7,0.6800000071525574,318,828,77.5540639,13.0494256
1766128975575896000,885.0008959960937,10,20,100,7,0.8700000047683716,337,828,77.554067,13.0494335
1766128976598848500,886.0238486328125,10,20,100,7.083000183105469,0.8700000047683716,346,828,77.554063,13.0494383
1766128977608443100,887.0334431152344,0,20,100,7.099999904632568,0,0,828,77.5540599,13.0494487
1766128978607811600,888.0328115234375,0,20,100,7.165999889373779,0,0,828,77.5540599,13.0494487
1766128979606200300,889.0312004394531,10,20,5.618729114532471,7.25,1.459999918937683,337,850.2000122070312,77.5540508,13.0494571
1766128980613504300,890.0385041503906,10,20,5.628802299499512,7.400000095367432,1.159999966621399,328,850.2000122070312,77.5540387,13.0494673
1766128981603893200,891.0288933105469,10,20,5.638706207275391,7.400000095367432,0.8899999856948853,319,850.2000122070312,77.5540283,13.0494752
1766128982594208300,892.0192082519532,10,20,5.648609161376953,7.415999889373779,1.1799999475479126,301,850.2000122070312,77.5540131,13.0494777
1766128983606090500,893.0310905761719,10,20,5.658728122711182,7.5,1.459999918937683,303,850.2000122070312,77.5539993,13.0494809
1766128984609796600,894.0347966308593,10,20,5.668765068054199,7.400000095367432,2.059999942779541,298,850.2000122070312,77.553971,13.0494887
1766128985606360600,895.0313605957032,10,20,5.678730487823486,7.415999889373779,2.200000047683716,303,850.2000122070312,77.5539476,13.0495006
1766128986610010400,896.0350102539062,10,20,5.688767433166504,7.400000095367432,1.5899999141693115,304,850.2000122070312,77.5539262,13.0495104
1766128987611791400,897.0367912597657,10,20,5.698784828186035,7.400000095367432,1.2999999523162842,309,850.2000122070312,77.5539112,13.0495228
1766128988613158700,898.0381586914062,10,20,5.708798885345459,7.400000095367432,1.059999942779541,317,850.2000122070312,77.5539015,13.0495369
1766128989600161500,899.0251616210937,10,20,5.7186689376831055,7.333000183105469,1.350000023841858,320,850.2000122070312,77.5538947,13.0495537
1766128990593603300,900.0186032714844,10,20,5.728603363037109,7.333000183105469,1.75,314,850.2000122070312,77.5538815,13.0495646
1766128991567124200,900.9921242675781,10,20,5.738338470458984,7.25,1.75,311,850.2000122070312,77.5538649,13.0495817
1766128992596092700,902.0210927734375,10,20,5.74862813949585,7.165999889373779,2.0199999809265137,317,850.2000122070312,77.5538567,13.0496004
1766128993618782200,903.0437822265625,10,20,5.758854866027832,7,2.450000047683716,329,850.2000122070312,77.5538453,13.0496219
1766128994618247000,904.0432468261719,10,20,5.7688493728637695,7,2.5199999809265137,340,850.2000122070312,77.5538332,13.0496488
1766128995615151400,905.0401513671875,10,20,5.778818607330322,7,2.319999933242798,346,850.2000122070312,77.553824,13.0496724
1766128996585851100,906.0108510742187,10,20,5.788525581359863,7,1.2200000286102295,350,850.2000122070312,77.5538175,13.0496891
1766128997573528600,906.9985285644532,10,20,5.798402309417725,7.083000183105469,1.0199999809265137,356,850.2000122070312,77.5538126,13.0497021
1766128998637339000,908.0623388671875,10,20,5.809040546417236,7.300000190734863,0.8399999737739563,2,850.2000122070312,77.5538069,13.0497137
1766128999620253400,909.0452534179688,0,20,5.818869590759277,7.400000095367432,0,0,850.2000122070312,77.5538011,13.0497261
1766129000602706000,910.0277058105469,0,20,5.8286943435668945,7.5,0,0,850.2000122070312,77.5538011,13.0497261
1766129001301000000,910.726,0,0,3.563807249069214,12.321000099182129,0,0,850.2000122070312,77.5538011,13.0497261
1766129001585306400,911.0103063964843,0,20,3.566650390625,11.704000473022461,0,0,850.2000122070312,77.5538011,13.0497261
1766129002618183200,912.0431831054688,10,20,3.576979160308838,12.571000099182129,1.7899999618530273,339,850.2000122070312,77.5537903,13.0497618
1766129003636938200,913.0619382324219,10,20,3.5871665477752686,11.774999618530273,2.2799999713897705,346,850.2000122070312,77.553782,13.0497796
1766129004617820400,914.0428203125,10,20,3.596975564956665,11.633000373840332,2.4099998474121094,354,850.2000122070312,77.5537727,13.0498014
1766129005586027300,915.01102734375,10,20,3.6066575050354004,11.560999870300293,2.0299999713897705,356,850.2000122070312,77.5537715,13.0498249
1766129006603633200,916.0286330566406,10,20,3.6168336868286133,7.300000190734863,1.9299999475479126,353,850.2000122070312,77.5537672,13.0498412
1766129007625653200,917.0506533203124,10,20,3.627053737640381,7.199999809265137,1.899999976158142,351,850.2000122070312,77.5537591,13.0498581
1766129008628563000,918.0535629882812,10,20,3.637082815170288,7.165999889373779,1.5299999713897705,348,850.2000122070312,77.5537551,13.0498763
1766129009619748000,919.044748046875,10,20,3.6469948291778564,7.300000190734863,1.5799999237060547,346,850.2000122070312,77.553752,13.0498902
1766129010598994700,920.0239946289063,10,20,3.656787157058716,7.300000190734863,1.4399999380111694,345,850.2000122070312,77.5537436,13.0499059
1766129011598575000,921.0235751953124,10,20,3.666783094406128,7.25,1.2999999523162842,344,850.2000122070312,77.5537362,13.0499211
1766129012578430700,922.0034306640625,10,20,3.676581621170044,7.165999889373779,1.2999999523162842,344,850.2000122070312,77.5537301,13.0499364
1766129013601159700,923.0261596679687,10,20,3.6868088245391846,7.083000183105469,0.9899999499320984,344,850.2000122070312,77.5537272,13.0499492
1766129014582438100,924.0074382324219,10,20,3.6966216564178467,7.083000183105469,0.8100000023841858,339,850.2000122070312,77.5537198,13.0499616
1766129015574955500,924.9999555664062,0,20,3.7065467834472656,7,0,0,850.2000122070312,77.5537123,13.0499684
1766129016585462800,926.010462890625,0,20,3.7166519165039062,7,0,0,850.2000122070312,77.5537123,13.0499684
1766129017653631700,927.0786318359375,0,20,3.7273335456848145,7,0,0,850.2000122070312,77.5537123,13.0499684
1766129018626409200,928.0514091796875,10,20,3.7370612621307373,7,1.059999942779541,324,850.2000122070312,77.5536811,13.0499934
1766129019574685000,928.9996848144531,10,20,3.746544122695923,7,0.9899999499320984,314,850.2000122070312,77.5536682,13.0500013
1766129020574946000,929.9999460449219,10,20,3.75654673576355,7,1.1699999570846558,307,850.2000122070312,77.5536538,13.0500113
1766129021642075400,931.0670754394531,10,20,3.7672181129455566,6.900000095367432,1.2400000095367432,319,850.2000122070312,77.5536425,13.0500276
1766129022648636200,932.0736362304688,10,20,3.7772836685180664,6.75,1.5699999332427979,326,850.2000122070312,77.5536299,13.0500421
1766129023625655000,933.0506550292969,10,20,3.7870538234710693,6.665999889373779,1.7799999713897705,329,850.2000122070312,77.5536168,13.0500611
1766129024618317300,934.0433173828125,10,20,3.796980381011963,6.5,2.180000066757202,322,850.2000122070312,77.5535994,13.0500815
1766129025628448800,935.0534487304687,10,20,3.807081699371338,6.400000095367432,2.6499998569488525,317,850.2000122070312,77.5535764,13.050106
1766129026643466500,936.0684665527343,10,20,3.8172318935394287,6.400000095367432,3.5399999618530273,318,850.2000122070312,77.5535507,13.0501369
1766129027632397000,937.0573969726563,10,20,3.8271212577819824,6.333000183105469,4.150000095367432,320,850.2000122070312,77.5535204,13.0501748
1766129028660710400,938.0857104492187,10,20,3.837404251098633,6.300000190734863,7,318,850.2000122070312,77.5534652,13.0502243
1766129029623999200,939.0489992675781,10,20,3.8470373153686523,6.199999809265137,7.079999923706055,315,850.2000122070312,77.5533968,13.0502808
1766129030638476800,940.0634768066407,10,20,3.857182025909424,6,7.179999828338623,313,850.2000122070312,77.5533293,13.0503488
1766129031625796400,941.0507963867187,10,20,3.8670551776885986,6,6.759999752044678,310,850.2000122070312,77.55326,13.0504037
1766129032654587400,942.0795874023438,10,20,3.87734317779541,5.800000190734863,6.019999980926514,310,850.2000122070312,77.5532029,13.0504475
1766129033637186800,943.0621867675782,10,20,3.887169122695923,5.75,5.400000095367432,303,850.2000122070312,77.5531472,13.0504828
1766129034629268000,944.0542680664063,10,20,3.897089958190918,5.599999904632568,4.559999942779541,304,850.2000122070312,77.5530983,13.0505163
1766129035588271400,945.0132712402344,10,20,3.90667986869812,5.583000183105469,3.759999990463257,308,850.2000122070312,77.5530552,13.050552
1766129036655150600,946.0801506347656,10,20,3.917348861694336,5.5,3.9599997997283936,315,850.2000122070312,77.5530208,13.050584
1766129037646091800,947.071091796875,10,20,3.927258253097534,5.583000183105469,4.699999809265137,320,850.2000122070312,77.5529857,13.0506205
1766129038648244200,948.073244140625,10,20,3.93727970123291,5.699999809265137,4.639999866485596,326,850.2000122070312,77.5529447,13.0506677
1766129039627305500,949.0523054199218,10,20,3.947070360183716,5.75,4.819999694824219,325,850.2000122070312,77.5529052,13.0507153
1766129040646417700,950.0714177246093,10,20,3.957261323928833,5.900000095367432,4.859999656677246,322,850.2000122070312,77.552865,13.0507603
1766129041643663000,951.0686630859375,10,20,3.967233896255493,5.833000183105469,5.230000019073486,320,850.2000122070312,77.5528212,13.0508085
1766129042627515000,952.0525148925781,10,20,3.9770724773406982,5.833000183105469,6.62999963760376,323,850.2000122070312,77.5527796,13.0508595
1766129043601087700,953.0260876464844,10,20,3.9868080615997314,5.833000183105469,7.75,324,850.2000122070312,77.55273,13.0509317
1766129044634289000,954.0592888183594,10,20,3.9971401691436768,5.900000095367432,7.949999809265137,322,850.2000122070312,77.5526734,13.0509986
1766129045658815500,955.0838154296875,10,20,4.00738525390625,6,7.779999732971191,318,850.2000122070312,77.5526211,13.0510636
1766129046642520600,956.0675205078124,10,20,4.0172224044799805,5.915999889373779,8.179999351501465,316,850.2000122070312,77.5525616,13.0511282
1766129047650126800,957.075126953125,10,20,4.027298450469971,6.099999904632568,7.869999885559082,319,850.2000122070312,77.5525026,13.051196
1766129048595752700,958.0207526855469,10,20,4.036754608154297,6.083000183105469,8.179999351501465,323,850.2000122070312,77.5524475,13.0512644
1766129049631932700,959.0569326171875,10,20,4.047116756439209,6.083000183105469,8.170000076293945,327,850.2000122070312,77.5523922,13.0513345
1766129050603885600,960.0288854980469,10,20,4.056836128234863,6,7.980000019073486,326,850.2000122070312,77.5523383,13.0514074
1766129051639249700,961.0642497558594,10,20,4.067189693450928,5.915999889373779,6.949999809265137,328,850.2000122070312,77.5522922,13.0514745
1766129052622538000,962.0475380859375,10,20,4.077022552490234,6.083000183105469,5.069999694824219,327,850.2000122070312,77.5522552,13.051531
1766129053643347200,963.0683471679688,10,20,4.087230682373047,6.199999809265137,4.690000057220459,327,850.2000122070312,77.5522286,13.0515823
1766129054637204000,964.0622038574219,10,20,4.097169399261475,6.199999809265137,4.509999752044678,329,850.2000122070312,77.5521966,13.0516362
1766129055639558000,965.0645578613281,10,20,4.1071929931640625,6.199999809265137,4.509999752044678,329,850.2000122070312,77.5521609,13.0516857
1766129056630265900,966.0552658691406,10,20,4.117099761962891,6.165999889373779,3.929999828338623,325,850.2000122070312,77.5521324,13.0517277
1766129057644017400,967.0690173339843,10,20,4.127237319946289,6.199999809265137,3.119999885559082,319,850.2000122070312,77.5521027,13.0517562
1766129058646364700,968.0713647460938,10,20,4.137260913848877,6.199999809265137,1.7599999904632568,317,850.2000122070312,77.5520813,13.0517755
1766129059639754200,969.0647541503906,10,20,4.147194862365723,6.199999809265137,1.3399999141693115,325,850.2000122070312,77.5520691,13.051784
1766129060634881300,970.0598813476563,10,20,4.157145977020264,6.165999889373779,1.0199999809265137,325,850.2000122070312,77.5520609,13.0517947
1766129061648199400,971.0731994628907,10,20,4.167279243469238,6.199999809265137,1.090000033378601,312,850.2000122070312,77.5520489,13.0518026
1766129062622146000,972.0471459960937,10,20,4.177018642425537,6.165999889373779,1.5499999523162842,296,850.2000122070312,77.5520319,13.0518099
1766129063648712700,973.0737126464844,10,20,4.187284469604492,6,2.2100000381469727,308,850.2000122070312,77.5520167,13.0518239
1766129064603176200,974.0281762695313,10,20,4.196828842163086,6,3.369999885559082,322,850.2000122070312,77.5519991,13.0518521
1766129065600209000,975.025208984375,10,20,4.206799507141113,6.083000183105469,4.549999713897705,327,850.2000122070312,77.5519732,13.0518917
1766129066647452700,976.0724526367187,10,20,4.21727180480957,6.083000183105469,5.170000076293945,334,850.2000122070312,77.5519427,13.0519523
1766129067644834800,977.0698347167969,10,20,4.227245807647705,6.099999904632568,6.109999656677246,333,850.2000122070312,77.5519166,13.0520126
1766129068599936500,978.0249365234375,10,20,4.2367963790893555,6.165999889373779,6.239999771118164,326,850.2000122070312,77.5518841,13.0520662
1766129069603728000,979.0287277832032,10,20,4.246834754943848,6.400000095367432,7.299999713897705,325,850.2000122070312,77.5518434,13.0521251
1766129070619647000,980.0446469726562,10,20,4.256993770599365,6.5,8.069999694824219,323,850.2000122070312,77.5517996,13.0521862
1766129071599779000,981.0247790527344,10,20,4.2667951583862305,6.583000183105469,8.039999961853027,322,850.2000122070312,77.5517551,13.0522505
1766129072611309000,982.0363090820313,10,20,4.276910305023193,6.75,7.579999923706055,323,850.2000122070312,77.5517129,13.0523137
1766129073607800600,983.0328005371093,10,20,4.286875247955322,6.900000095367432,7.299999713897705,320,850.2000122070312,77.5516668,13.0523736
1766129074562604300,983.9876042480469,10,20,4.296423435211182,6.833000183105469,7.190000057220459,318,850.2000122070312,77.5516112,13.0524277
1766129075577316900,985.0023168945313,10,20,4.306570529937744,6.75,7.079999923706055,320,850.2000122070312,77.5515672,13.0524842
1766129076615652400,986.04065234375,10,20,4.316953659057617,6.599999904632568,7.37999963760376,320,850.2000122070312,77.5515233,13.0525378
1766129077579295500,987.0042954101563,10,20,4.326590061187744,6.583000183105469,7.279999732971191,324,850.2000122070312,77.5514836,13.0525949
1766129078562472700,987.98747265625,10,20,4.336421966552734,6.583000183105469,7.349999904632568,327,850.2000122070312,77.5514462,13.0526546
1766129079591616000,989.0166159667968,10,20,4.346713542938232,6.699999809265137,7.099999904632568,327,850.2000122070312,77.5514074,13.0527114
1766129080589351700,990.0143515625,10,20,4.356690883636475,6.699999809265137,7.239999771118164,326,850.2000122070312,77.5513681,13.0527713
1766129081573703400,990.9987033691406,10,20,4.366534233093262,6.75,7.279999732971191,326,850.2000122070312,77.5513282,13.0528317
1766129082575046700,992.0000466308594,10,20,4.376547813415527,6.833000183105469,6.569999694824219,327,850.2000122070312,77.5512945,13.0528877
1766129083583141000,993.0081411132812,10,20,4.3866286277771,6.900000095367432,6.190000057220459,327,850.2000122070312,77.5512652,13.0529376
1766129084589177300,994.0141772460937,10,20,4.396688938140869,6.915999889373779,5.799999713897705,322,850.2000122070312,77.5512279,13.0529818
1766129085611998200,995.0369982910156,10,20,4.406917095184326,7,6.029999732971191,316,850.2000122070312,77.5511848,13.0530298
1766129086640939800,996.0659396972657,10,20,4.417206764221191,7,6.309999942779541,314,850.2000122070312,77.5511392,13.0530753
1766129087577452300,997.0024523925781,10,20,4.426571846008301,7,6.789999961853027,312,850.2000122070312,77.5510901,13.0531198
1766129088619890400,998.0448903808593,10,20,4.436995983123779,7.099999904632568,7.549999713897705,313,850.2000122070312,77.551031,13.05317
1766129089600462000,999.0254621582031,10,20,4.446801662445068,7.199999809265137,7.690000057220459,310,850.2000122070312,77.55097,13.0532194
1766129090580193800,1000.0051938476563,10,20,100,7.25,7.579999923706055,306,830,77.5509114,13.0532626
1766129091588039400,1001.0130393066406,10,20,100,7.333000183105469,7.139999866485596,305,830,77.5508523,13.0533058
1766129092578498000,1002.003498046875,10,20,100,7.300000190734863,7.409999847412109,305,830,77.55079,13.0533479
1766129093576195000,1003.0011950683594,10,20,100,7.165999889373779,8.289999961853027,307,831,77.5507268,13.0533997
1766129094590733300,1004.0157333984375,10,20,100,7,8.079999923706055,307,831,77.5506647,13.0534478
1766129095575848000,1005.0008479003907,10,20,100,6.833000183105469,7.039999961853027,304,831,77.550613,13.0534913
1766129096591918600,1006.0169187011719,10,20,100,6.5,5.799999713897705,305,831,77.5505672,13.0535308
1766129097615683800,1007.0406838378906,10,20,100,6.400000095367432,4.690000057220459,307,831,77.550536,13.0535723
1766129098622153500,1008.0471535644531,10,20,100,6.300000190734863,4.699999809265137,313,831,77.5505046,13.0536165
1766129099605117700,1009.0301176757813,10,20,100,6.199999809265137,4.799999713897705,313,832,77.550471,13.0536548
1766129100607106800,1010.0321069335937,10,20,100,6.099999904632568,5.509999752044678,312,831,77.5504291,13.0536945
1766129101595112700,1011.0201127929688,10,20,100,6,6.839999675750732,312,832,77.5503886,13.0537379
1766129102573725700,1011.9987255859374,10,20,100,6,8.329999923706055,310,831,77.5503318,13.0537816
1766129103576568600,1013.0015686035156,10,20,100,6,8.789999961853027,309,831,77.5502673,13.0538278
1766129104564138000,1013.9891379394531,10,20,100,6,9.279999732971191,308,832,77.5501938,13.0538829
1766129105591120400,1015.0161203613281,10,20,100,6,9.59000015258789,306,833,77.5501199,13.0539357
1766129106570707000,1015.99570703125,10,20,100,6,9.859999656677246,304,833,77.5500476,13.0539926
1766129107567109000,1016.9921091308594,10,20,100,6,10.039999961853027,305,833,77.5499664,13.0540464
1766129108578734300,1018.003734375,10,20,100,6,9.210000038146973,305,833,77.5498897,13.0540996
1766129109560281300,1018.98528125,10,20,100,6.083000183105469,9,305,833,77.5498151,13.0541518
1766129110582130000,1020.0071298828125,10,20,100,6.083000183105469,9.09999942779541,305,833,77.5497447,13.0542038
1766129111572512800,1020.9975126953125,10,20,100,6.099999904632568,8.579999923706055,305,833,77.5496753,13.054252
1766129112586114800,1022.0111147460938,10,20,100,6.199999809265137,8.010000228881836,308,833,77.5496078,13.0543024
1766129113622395100,1023.0473950195312,10,20,100,6.199999809265137,7.549999713897705,309,833,77.5495574,13.0543635
1766129114608676900,1024.0336767578126,10,20,100,6.099999904632568,7.529999732971191,308,833,77.5495052,13.0544254
1766129115611555000,1025.0365551757814,10,20,100,6,6.980000019073486,312,834,77.5494511,13.0544815
1766129116611949800,1026.0369497070312,10,20,100,5.900000095367432,7.049999713897705,313,834,77.5494026,13.0545356
1766129117620733400,1027.0457333984375,10,20,100,5.699999809265137,7.419999599456787,313,835,77.5493533,13.0545861
1766129118619579000,1028.0445788574218,10,20,100,5.665999889373779,7.759999752044678,308,835,77.5492943,13.0546379
1766129119628123600,1029.0531235351561,10,20,100,5.5,7.949999809265137,308,835,77.5492298,13.054686
1766129120593142500,1030.018142578125,10,20,100,5.5,8.050000190734863,309,835,77.54917,13.0547378
1766129121595525400,1031.020525390625,10,20,100,5.5,7.809999942779541,308,835,77.5491051,13.0547893
1766129122578714400,1032.0037143554687,10,20,100,5.5,8.050000190734863,310,835,77.5490392,13.0548387
1766129123599406000,1033.0244060058594,10,20,100,5.5,8.199999809265137,310,835,77.5489676,13.0548906
1766129124609816600,1034.0348166503907,10,20,100,5.583000183105469,8.569999694824219,309,835,77.5489024,13.054941
1766129125593696800,1035.0186967773438,10,20,100,5.699999809265137,8.809999465942383,309,836,77.5488335,13.0549911
1766129126568432600,1035.9934326171874,10,20,100,5.75,8.479999542236328,310,836,77.5487641,13.0550427
1766129127597691600,1037.0226916503907,10,20,100,5.900000095367432,8.389999389648438,311,837,77.5486981,13.0550939
1766129128583291000,1038.0082907714843,10,20,100,5.915999889373779,8.619999885559082,311,837,77.54863,13.055145
1766129129595381500,1039.0203815917969,10,20,100,5.915999889373779,8.510000228881836,312,838,77.5485631,13.0551978
1766129130608022300,1040.0330222167968,10,20,100,5.800000190734863,8.179999351501465,314,838,77.5485013,13.0552493
1766129131597668000,1041.0226682128907,10,20,100,5.699999809265137,8.279999732971191,315,838,77.5484435,13.0553004
1766129132607143000,1042.0321428222655,10,20,100,5.599999904632568,8.239999771118164,315,839,77.5483808,13.0553586
1766129133599991000,1043.0249909667968,10,20,100,5.5,7.359999656677246,314,839,77.5483209,13.0554135
1766129134588849700,1044.013849609375,10,20,100,5.415999889373779,6.119999885559082,316,839,77.5482727,13.0554573
1766129135567649000,1044.9926489257812,10,20,100,5.333000183105469,5.989999771118164,312,839,77.54823,13.0554932
1766129136592902400,1046.01790234375,10,20,100,5.25,6.710000038146973,312,839,77.548181,13.055528
1766129137575641900,1047.000641845703,10,20,100,5.25,6.589999675750732,311,839,77.5481319,13.0555684
1766129138574052400,1047.9990522460937,10,20,100,5.165999889373779,5.889999866485596,310,839,77.5480752,13.0556072
1766129139584748500,1049.0097485351562,10,20,100,5.165999889373779,5.909999847412109,310,840,77.548021,13.055638
1766129140595647700,1050.020647705078,10,20,100,5.199999809265137,5.710000038146973,307,841,77.547967,13.0556671
1766129141583470600,1051.008470703125,10,20,100,5.165999889373779,4.650000095367432,307,841,77.5479217,13.0556972
1766129142600965000,1052.0259650878907,10,20,100,5,3.879999876022339,307,842,77.5478854,13.0557236
1766129143602490400,1053.0274904785156,10,20,100,5,3.169999837875366,305,842,77.5478602,13.0557403
1766129144587235800,1054.0122358398437,10,20,100,5,4.360000133514404,305,843,77.5478275,13.0557617
1766129145617759700,1055.042759765625,10,20,100,4.900000095367432,3.859999895095825,311,843,77.5477903,13.0557914
1766129146584017200,1056.0090170898438,10,20,100,4.900000095367432,3.569999933242798,310,843,77.5477618,13.0558173
1766129147612061000,1057.0370610351563,10,20,100,5,2.8899998664855957,316,843,77.5477395,13.0558378
1766129148597289200,1058.0222893066407,10,20,100,5,2.049999952316284,317,843,77.5477225,13.055855
1766129149603590000,1059.02858984375,10,20,100,4.900000095367432,0.9599999785423279,318,843,77.5477127,13.055864
1766129150590083600,1060.0150834960937,10,20,100,4.915999889373779,0.1599999964237213,319,843,77.547711,13.0558661
1766129151591874600,1061.0168745117187,0,20,100,5,0.05999999865889549,0,843,77.547707,13.0558689
1766129152589159400,1062.0141594238282,0,20,100,5,0.029999999329447746,0,843,77.5477024,13.0558719
1766129153591727000,1063.0167270507814,0,20,100,5,0,0,843,77.5477022,13.0558718
1766129154602480600,1064.0274807128906,0,20,100,4.915999889373779,0,0,843,77.5477022,13.0558718
1766129155599453400,1065.0244533691407,0,20,100,4.800000190734863,0,0,843,77.5477022,13.0558718
1766129156597276000,1066.0222758789062,0,20,100,4.699999809265137,0,0,843,77.5477022,13.0558718
1766129157601875500,1067.0268754882813,0,20,100,4.599999904632568,0,0,843,77.5477022,13.0558718
1766129158588921000,1068.013921142578,0,20,100,4.583000183105469,0,0,843,77.5477022,13.0558718
1766129159587492000,1069.0124921875,0,20,100,4.5,0,0,843,77.5477022,13.0558718
1766129160598516700,1070.0235168457032,0,20,100,4.5,0,0,843,77.5477022,13.0558718
1766129161590809300,1071.0158093261718,0,20,100,4.5,0,0,843,77.5477022,13.0558718
1766129162583241700,1072.0082416992188,0,20,100,4.5,0,0,843,77.5477022,13.0558718
1766129163578236200,1073.0032360839843,0,20,100,4.5,0,0,843,77.5477022,13.0558718
1766129164590755800,1074.015755859375,0,20,100,4.5,0,0,843,77.5477022,13.0558718
1766129165585434600,1075.0104345703126,0,20,100,4.5,0,0,843,77.5477022,13.0558718
1766129166578687700,1076.0036877441407,0,20,100,4.5,0,0,843,77.5477022,13.0558718
1766129167573876000,1076.9988759765624,0,20,100,4.5,0,0,843,77.5477022,13.0558718
1766129168592242400,1078.0172424316406,0,20,100,4.5,0,0,843,77.5477022,13.0558718
1766129169576690400,1079.0016904296874,0,20,100,4.5,0,0,843,77.5477022,13.0558718
1766129170599580400,1080.0245803222656,0,20,100,4.5,0,0,843,77.5477022,13.0558718
1766129171556015600,1080.981015625,0,20,100,4.5,0,0,843,77.5477022,13.0558718
1766129172596861400,1082.021861328125,0,20,100,4.5,0,0,843,77.5477022,13.0558718
1766129173583617000,1083.0086169433594,0,20,100,4.5,0,0,843,77.5477022,13.0558718
1766129174603573500,1084.028573486328,0,20,100,4.400000095367432,0,0,843,77.5477022,13.0558718
1766129175586758100,1085.0117580566407,0,20,100,4.333000183105469,0,0,843,77.5477022,13.0558718
1766129176601420800,1086.0264208984374,0,20,100,4.300000190734863,0,0,843,77.5477022,13.0558718
1766129177576312800,1087.0013127441407,10,20,100,4.25,1.459999918937683,312,842,77.5476892,13.055887
1766129178580168700,1088.005168701172,10,20,100,4.165999889373779,1.809999942779541,309,842,77.5476691,13.0559012
1766129179575976700,1089.0009768066407,10,20,100,4.083000183105469,2.109999895095825,310,842,77.547647,13.0559131
1766129180578489300,1090.0034892578126,10,20,100,4.165999889373779,2.3999998569488525,310,842,77.5476282,13.0559248
1766129181590142500,1091.015142578125,10,20,100,4.25,2.3499999046325684,310,842,77.54761,13.0559357
1766129182583778000,1092.008778076172,10,20,100,4.300000190734863,3.669999837875366,312,842,77.5475883,13.0559575
1766129183573021400,1092.998021484375,10,20,100,4.333000183105469,4.639999866485596,313,842,77.5475557,13.0559876
1766129184593091300,1094.0180913085937,10,20,100,4.599999904632568,5.269999980926514,316,841,77.5475198,13.0560287
1766129185574840800,1094.9998408203126,10,20,100,4.583000183105469,5.87999963760376,314,841,77.5474841,13.0560671
1766129186600314000,1096.0253142089844,10,20,100,4.699999809265137,5.460000038146973,314,841,77.5474459,13.0561071
1766129187596732400,1097.021732421875,10,20,100,4.800000190734863,5.199999809265137,311,841,77.5474098,13.0561392
1766129188585158400,1098.0101584472657,10,20,100,4.800000190734863,4.389999866485596,311,841,77.5473792,13.0561692
1766129189574779400,1098.999779296875,10,20,100,4.75,3.369999885559082,310,840,77.5473543,13.0561971
1766129190598082300,1100.0230822753906,10,20,100,4.900000095367432,2.8499999046325684,316,840,77.5473338,13.0562177
1766129191584481300,1101.0094812011719,10,20,100,4.915999889373779,2.4600000381469727,321,840,77.5473195,13.0562361
1766129192593128400,1102.0181284179687,10,20,100,4.915999889373779,2.75,325,840,77.5473015,13.0562545
1766129193583371500,1103.0083715820313,10,20,100,5,3.3399999141693115,323,840,77.5472796,13.0562775
1766129194595744800,1104.0207448730469,10,20,100,5.300000190734863,3.3399999141693115,323,840,77.5472569,13.0563032
1766129195593103400,1105.0181032714843,10,20,100,5.25,3.629999876022339,320,840,77.5472358,13.056329
1766129196563061800,1105.988061767578,10,20,100,5.165999889373779,3.7799999713897705,316,840,77.5472075,13.0563497
1766129197615558700,1107.04055859375,10,20,100,5.199999809265137,3.8299999237060547,320,840,77.5471839,13.0563754
1766129198584893400,1108.0098935546876,10,20,100,5.099999904632568,3.859999895095825,322,840,77.5471631,13.0564025
1766129199581208300,1109.006208251953,10,20,100,5.083000183105469,3.75,321,840,77.5471385,13.0564272
1766129200589192200,1110.014192138672,10,20,100,5,3.18999981880188,312,840,77.5471122,13.0564466
1766129201573636900,1110.9986369628907,10,20,100,5.099999904632568,2.629999876022339,306,840,77.5470892,13.0564674
1766129202585976600,1112.0109765625,10,20,100,5.165999889373779,2.5299999713897705,302,840,77.5470674,13.05648
1766129203590725600,1113.0157255859374,10,20,100,5.300000190734863,2.0199999809265137,297,840,77.5470509,13.0564896
1766129204582204200,1114.0072041015626,10,20,100,5.400000095367432,2.4700000286102295,300,839,77.5470329,13.0565034
1766129205593457200,1115.01845703125,10,20,100,5.400000095367432,2.490000009536743,303,839,77.5470159,13.0565258
1766129206569255400,1115.9942553710937,10,20,100,5.415999889373779,2.509999990463257,304,839,77.5469966,13.0565431
1766129207602527500,1117.0275275878905,10,20,100,5.400000095367432,2.4800000190734863,300,839,77.5469732,13.0565567
1766129208599121000,1118.0241208496093,10,20,100,5.300000190734863,1.96999990940094,303,839,77.5469521,13.0565666
1766129209589094100,1119.0140942382814,10,20,100,5.199999809265137,1.0499999523162842,302,839,77.5469365,13.0565756
1766129210647123500,1120.0721235351562,10,20,100,5.199999809265137,0.14000000059604645,302,839,77.5469285,13.0565781
1766129211647575600,1121.0725754394532,10,20,100,5.099999904632568,0.3499999940395355,302,839,77.5469241,13.0565787
1766129212650962700,1122.0759626464844,10,20,100,5,0.5199999809265137,305,840,77.5469205,13.0565809
1766129213654248000,1123.079248046875,10,20,100,5.099999904632568,1.209999918937683,302,840,77.5469131,13.0565857
1766129214617672200,1124.0426721191407,10,20,100,5.099999904632568,0.6100000143051147,314,840,77.5469027,13.0565936
1766129215668809200,1125.0938093261718,10,20,100,5.099999904632568,0.14999999105930328,315,840,77.5468987,13.056594
1766129216638462700,1126.0634626464844,10,20,100,5.083000183105469,0.6299999952316284,302,841,77.5468916,13.0565927
1766129217669899300,1127.094899169922,10,20,100,5.099999904632568,1.7799999713897705,286,841,77.5468781,13.0565953
1766129218638776600,1128.0637766113282,10,20,100,5.083000183105469,2.8499999046325684,283,841,77.546857,13.0565977
1766129219665477600,1129.0904775390625,10,20,100,5,3.7099997997283936,290,841,77.5468273,13.0566124
1766129220658639400,1130.083639404297,10,20,100,5,4.230000019073486,288,841,77.5467908,13.056626
1766129221670366200,1131.0953662109375,10,20,100,5,4.900000095367432,281,841,77.5467471,13.0566393
1766129222639087900,1132.064087890625,10,20,100,5,5.339999675750732,266,841,77.5466921,13.0566399
1766129223662101200,1133.0871013183594,10,20,100,5,7.289999961853027,239,841,77.5466374,13.0566145
1766129224656367000,1134.0813671875,10,20,100,5,7.199999809265137,225,841,77.5465828,13.0565713
1766129225627166200,1135.0521662597657,10,20,100,5,7.389999866485596,221,840,77.5465416,13.0565275
1766129226667530000,1136.0925300292968,10,20,100,5,6.96999979019165,219,840,77.5464981,13.0564805
1766129227644733000,1137.0697329101563,10,20,100,5,7.889999866485596,220,840,77.5464517,13.0564303
1766129228671356200,1138.0963562011718,10,20,100,5,8.309999465942383,221,839,77.5463986,13.0563706
1766129229633876200,1139.058876220703,10,20,100,5.083000183105469,8.720000267028809,226,839,77.5463412,13.056316
1766129230584092400,1140.0090925292968,10,20,100,5.083000183105469,9.210000038146973,228,839,77.5462796,13.0562563
1766129231618088700,1141.043088623047,10,20,100,5.083000183105469,9.210000038146973,229,839,77.5462146,13.0561996
1766129232644405000,1142.0694050292968,10,20,100,5.165999889373779,9.15999984741211,228,839,77.5461515,13.0561419
1766129233646343700,1143.07134375,10,20,100,5.165999889373779,9.869999885559082,227,840,77.5460838,13.0560811
1766129234686239500,1144.1112395019532,10,20,100,5.099999904632568,10.75,225,839,77.546011,13.0560087
1766129235628115000,1145.0531149902345,10,20,100,5.099999904632568,11.380000114440918,223,839,77.5459352,13.0559352
1766129236639369700,1146.0643696289062,10,20,100,5.099999904632568,11.84999942779541,222,838,77.545856,13.0558499
1766129237637950700,1147.0629506835937,10,20,100,5.165999889373779,12.019999504089355,222,838,77.5457715,13.0557678
1766129238663259100,1148.088259033203,10,20,100,5.199999809265137,12.019999504089355,221,838,77.545693,13.0556802
1766129239593799700,1149.0187995605468,10,20,100,5.25,11.389999389648438,221,838,77.5456162,13.0555988
1766129240632214000,1150.0572141113282,10,20,100,5.5,11.269999504089355,223,838,77.545541,13.0555207
1766129241624231400,1151.0492314453124,10,20,100,5.5,10.920000076293945,224,839,77.5454666,13.0554448
1766129242653019400,1152.0780192871093,10,20,100,5.599999904632568,9.639999389648438,225,839,77.545398,13.0553809
1766129243647877400,1153.0728774414063,10,20,100,5.583000183105469,7.829999923706055,226,839,77.5453357,13.05533
1766129244658358500,1154.083358642578,10,20,100,5.599999904632568,7.029999732971191,228,839,77.5452832,13.0552803
1766129245665676000,1155.0906760253906,10,20,100,5.5,6.619999885559082,230,839,77.5452298,13.0552371
1766129246601301000,1156.0263010253907,10,20,100,5.5,6.539999961853027,231,839,77.545179,13.0551871
1766129247611114200,1157.0361142578124,10,20,100,5.583000183105469,7.269999980926514,234,839,77.5451228,13.0551411
1766129248593335000,1158.0183349609374,10,20,100,5.665999889373779,7.690000057220459,237,840,77.5450583,13.0551016
1766129249596010800,1159.0210107421874,10,20,100,5.75,7.359999656677246,241,839,77.5449885,13.0550682
1766129250588817700,1160.0138176269531,10,20,100,5.833000183105469,8.019999504089355,251,840,77.5449106,13.0550431
1766129251581410600,1161.0064106445313,10,20,100,5.915999889373779,8.65999984741211,257,840,77.5448274,13.0550186
1766129252580625700,1162.0056257324218,10,20,100,6,9.130000114440918,265,840,77.5447301,13.0549979
1766129253587598800,1163.0125988769532,10,20,100,5.915999889373779,9.779999732971191,269,840,77.5446221,13.0549881
1766129254582018600,1164.0070185546874,10,20,100,5.833000183105469,10.179999351501465,268,840,77.5445126,13.0549827
1766129255594161700,1165.0191616210936,10,20,100,5.699999809265137,10.059999465942383,267,840,77.5444085,13.0549766
1766129256578006500,1166.003006591797,10,20,100,5.583000183105469,10.719999313354492,268,840,77.5443014,13.0549695
1766129257578933800,1167.0039338378906,10,20,100,5.415999889373779,10.949999809265137,267,841,77.5441922,13.0549601
1766129258568128800,1167.9931286621095,10,20,100,5.25,11.649999618530273,269,841,77.5440831,13.0549511
1766129259581212400,1169.0062124023439,10,20,100,5.25,12.219999313354492,269,840,77.5439637,13.0549488
1766129260560086300,1169.9850861816406,10,20,100,5.25,12.929999351501465,267,840,77.5438391,13.0549416
1766129261587164400,1171.0121643066407,10,20,100,5.199999809265137,12.289999961853027,267,840,77.5437162,13.0549332
1766129262595929000,1172.0209291992187,10,20,100,5.300000190734863,10.579999923706055,263,839,77.5436098,13.0549187
1766129263584783000,1173.009783203125,10,20,100,5.400000095367432,8.550000190734863,262,839,77.5435179,13.0549075
1766129264592764000,1174.0177639160156,10,20,100,5.400000095367432,6.389999866485596,263,838,77.543449,13.0548975
1766129265596367400,1175.0213674316406,10,20,100,5.400000095367432,5.039999961853027,262,838,77.5433991,13.0548955
1766129266597172200,1176.0221721191406,10,20,100,5.5,3.759999990463257,263,837,77.5433628,13.0548936
1766129267585732000,1177.0107321777343,10,20,100,5.5,3.8299999237060547,265,837,77.5433294,13.0548862
1766129268596967700,1178.0219677734376,10,20,100,5.5,4.589999675750732,271,837,77.5432893,13.0548829
1766129269602505200,1179.0275051269532,10,20,100,5.400000095367432,5.650000095367432,273,837,77.5432325,13.0548867
1766129270587366000,1180.0123659667968,10,20,100,5.333000183105469,6.609999656677246,273,837,77.5431735,13.0548854
1766129271591793400,1181.0167934570313,10,20,100,5.333000183105469,7.62999963760376,271,836,77.5431017,13.0548877
1766129272577879600,1182.0028796386719,10,20,100,5.25,7.849999904632568,269,837,77.543027,13.0548913
1766129273593163500,1183.0181635742188,10,20,100,5.165999889373779,6.859999656677246,269,836,77.542957,13.0548912
1766129274582987500,1184.0079875488282,10,20,100,5.165999889373779,6.329999923706055,269,836,77.5428926,13.0548876
1766129275579174000,1185.004173828125,10,20,100,5.165999889373779,6.929999828338623,269,836,77.5428318,13.0548888
1766129276585696500,1186.0106965332031,10,20,100,5.25,7.259999752044678,266,836,77.5427642,13.0548879
1766129277593595100,1187.0185952148438,10,20,100,5.300000190734863,8.729999542236328,265,836,77.5426889,13.0548864
1766129278566347000,1187.9913469238281,10,20,100,5.415999889373779,9.800000190734863,266,836,77.5426003,13.0548847
1766129279590338800,1189.0153388671874,10,20,100,5.5,10.329999923706055,266,836,77.5425044,13.0548799
1766129280585795000,1190.0107951660157,10,20,100,5.699999809265137,11.309999465942383,264,836,77.5424041,13.0548719
1766129281565198000,1190.9901979980468,10,20,100,5.75,11.579999923706055,261,836,77.542301,13.0548616
1766129282578188300,1192.003188232422,10,20,100,5.833000183105469,12.039999961853027,260,835,77.5421926,13.0548391
1766129283629531600,1193.0545317382812,10,20,100,5.900000095367432,11.529999732971191,258,835,77.5420757,13.0548188
1766129284616178000,1194.0411779785156,10,20,100,6,11.179999351501465,257,835,77.5419707,13.0547955
1766129285594350600,1195.0193505859374,10,20,100,6,9.09000015258789,258,834,77.541872,13.0547767
1766129286583940400,1196.0089404296875,10,20,100,6,6.989999771118164,258,835,77.5417931,13.0547643
1766129287579261400,1197.0042614746094,10,20,100,5.900000095367432,5.429999828338623,257,834,77.5417326,13.0547549
1766129288593230600,1198.0182307128907,10,20,100,5.833000183105469,4.710000038146973,257,835,77.54168,13.0547396
1766129289594110200,1199.019110107422,10,20,100,5.75,4.980000019073486,258,834,77.5416249,13.0547385
1766129290633474600,1200.058474609375,10,20,100,5.599999904632568,5.389999866485596,258,834,77.5415762,13.0547256
1766129291591576600,1201.0165766601563,10,20,100,5.5,6.049999713897705,256,834,77.5415192,13.0547092
1766129292568352800,1201.9933527832031,10,20,100,5.5,6.5,258,833,77.5414555,13.0546887
1766129293592704500,1203.0177045898438,10,20,100,5.5,7.46999979019165,260,833,77.5413851,13.0546694
1766129294568874200,1203.9938742675781,10,20,100,5.415999889373779,8.119999885559082,258,833,77.5413094,13.0546514
1766129295588938800,1205.0139387207032,10,20,100,5.333000183105469,8.380000114440918,257,833,77.541232,13.0546344
1766129296582818300,1206.007818359375,10,20,100,5.25,7.099999904632568,256,833,77.5411569,13.0546146
1766129297583393800,1207.0083937988281,10,20,100,5,5.670000076293945,256,833,77.5410974,13.0546046
1766129298591425800,1208.01642578125,10,20,100,5,4.429999828338623,257,833,77.5410542,13.054596
1766129299595475500,1209.0204753417968,10,20,100,4.900000095367432,4.289999961853027,260,832,77.5410177,13.0545973
1766129300569558300,1209.9945583496094,10,20,100,4.833000183105469,4.039999961853027,262,831,77.5409823,13.0545989
1766129301583732500,1211.008732421875,10,20,100,4.699999809265137,4.110000133514404,258,832,77.5409465,13.0545929
1766129302575463000,1212.000462890625,10,20,100,4.665999889373779,5.039999961853027,256,832,77.5409024,13.054584
1766129303579576300,1213.0045764160157,10,20,100,4.665999889373779,5.949999809265137,259,832,77.5408513,13.0545751
1766129304590468400,1214.0154682617188,10,20,100,4.665999889373779,6.730000019073486,261,832,77.5407908,13.0545663
1766129305598275800,1215.0232758789064,10,20,100,4.699999809265137,7.589999675750732,260,832,77.540726,13.0545543
1766129306583908000,1216.008908203125,10,20,100,4.800000190734863,7.730000019073486,259,832,77.540655,13.0545366
1766129307573555200,1216.9985551757813,10,20,100,4.833000183105469,7.679999828338623,259,831,77.5405896,13.0545221
1766129308591118000,1218.0161181640624,10,20,100,5,7.599999904632568,256,831,77.5405191,13.0545087
1766129309590003200,1219.015003173828,10,20,100,4.915999889373779,7.5,258,830,77.5404506,13.0544951
1766129310578385700,1220.0033857421874,10,20,100,4.915999889373779,7.819999694824219,259,830,77.5403794,13.0544855
1766129311597145300,1221.022145263672,10,20,100,4.900000095367432,7.739999771118164,261,830,77.540302,13.0544794
1766129312585011500,1222.0100114746094,10,20,100,4.900000095367432,7.940000057220459,261,830,77.5402224,13.0544729
1766129313571701000,1222.9967009277343,10,20,100,4.833000183105469,8.399999618530273,258,830,77.5401436,13.0544587
1766129314600945000,1224.0259448242186,10,20,100,4.800000190734863,7.699999809265137,258,830,77.5400664,13.0544475
1766129315579645000,1225.0046450195312,10,20,100,4.699999809265137,6.489999771118164,260,829,77.5400004,13.0544398
1766129316589968100,1226.0149680175782,10,20,100,4.665999889373779,5.190000057220459,262,829,77.5399492,13.0544341
1766129317581873200,1227.006873046875,10,20,100,4.583000183105469,3.919999837875366,261,829,77.539907,13.0544289
1766129318593248000,1228.018248046875,10,20,100,4.5,2.319999933242798,260,829,77.5398785,13.0544202
1766129319582248000,1229.007248046875,10,20,100,4.5,2.0899999141693115,252,830,77.5398574,13.0544132
1766129320576937200,1230.0019372558593,10,20,100,4.5,1.96999990940094,250,829,77.5398378,13.05441
1766129321560069600,1230.985069580078,10,20,100,4.5,1.9399999380111694,256,829,77.5398178,13.0544068
1766129322588140500,1232.013140625,10,20,100,4.5,2.009999990463257,259,829,77.5398015,13.0544028
1766129323588425700,1233.01342578125,10,20,100,4.5,2.049999952316284,260,829,77.5397833,13.0543982
1766129324608362800,1234.0333627929688,10,20,100,4.5,2.4600000381469727,259,829,77.5397624,13.0543943
1766129325590207200,1235.0152072753906,10,20,100,4.5,2.8999998569488525,258,830,77.5397385,13.0543902
1766129326589033000,1236.0140329589844,10,20,100,4.5,2.929999828338623,259,830,77.5397105,13.0543866
1766129327571590400,1236.9965903320312,10,20,100,4.5,2.8299999237060547,260,830,77.5396817,13.0543819
1766129328585674800,1238.0106748046876,10,20,100,4.5,3.109999895095825,261,830,77.539653,13.0543791
1766129329584472800,1239.0094729003906,10,20,100,4.5,4.210000038146973,264,830,77.5396124,13.054377
1766129330666764500,1240.0917646484374,10,20,100,4.5,5.539999961853027,262,830,77.5395643,13.0543707
1766129331578733300,1241.0037333984376,10,20,100,4.5,6.339999675750732,258,830,77.5395027,13.0543602
1766129332591738600,1242.0167385253906,10,20,100,4.5,6.190000057220459,261,830,77.5394408,13.0543522
1766129333630458000,1243.0554580078126,10,20,100,4.5,6.599999904632568,260,830,77.5393809,13.0543397
1766129334595676400,1244.0206765136718,10,20,100,4.5,7.079999923706055,262,830,77.5393181,13.0543303
1766129335612272000,1245.037272216797,10,20,100,4.5,7.239999771118164,261,830,77.5392527,13.0543193
1766129336594239700,1246.0192397460937,10,20,100,4.400000095367432,7.940000057220459,264,829,77.5391812,13.0543127
1766129337569883600,1246.9948835449218,10,20,100,4.333000183105469,8.869999885559082,268,829,77.5391014,13.0543106
1766129338602585000,1248.0275852050781,10,20,100,4.333000183105469,9.329999923706055,271,828,77.5390189,13.0543075
1766129339605057500,1249.0300576171876,10,20,100,4.300000190734863,10.010000228881836,277,829,77.5389292,13.0543136
1766129340591676000,1250.0166760253906,10,20,100,4.333000183105469,9.769999504089355,279,829,77.538836,13.0543287
1766129341576199400,1251.0011994628906,10,20,100,4.333000183105469,10.029999732971191,280,829,77.5387455,13.0543439
1766129342574192600,1251.9991926269531,10,20,100,4.5,10.329999923706055,280,829,77.5386502,13.0543586
1766129343574381600,1252.999381591797,10,20,100,4.583000183105469,10.619999885559082,276,829,77.5385489,13.0543722
1766129344604371000,1254.0293708496094,10,20,100,4.583000183105469,11.139999389648438,275,829,77.5384526,13.0543824
1766129345574854000,1254.9998540039062,10,20,100,4.665999889373779,11.09999942779541,273,829,77.5383536,13.054387
1766129346561031700,1255.9860317382813,10,20,100,4.665999889373779,10.510000228881836,273,829,77.5382542,13.0543912
1766129347570658000,1256.9956579589843,10,20,100,4.75,9.449999809265137,273,829,77.5381615,13.0543948
1766129348615705000,1258.040705078125,10,20,100,4.900000095367432,8.139999389648438,273,829,77.5380827,13.0544004
1766129349603131100,1259.0281311035155,10,20,100,5,7.029999732971191,276,829,77.5380145,13.0544073
1766129350583013400,1260.0080134277343,10,20,100,5.199999809265137,6.409999847412109,278,829,77.5379521,13.0544207
1766129351602443500,1261.0274436035156,10,20,100,5.400000095367432,4.929999828338623,278,829,77.5379035,13.0544308
1766129352601485600,1262.0264855957032,10,20,100,5.5,4.690000057220459,275,828,77.5378621,13.0544426
1766129353600935400,1263.0259353027343,10,20,100,5.415999889373779,4.480000019073486,277,828,77.5378212,13.0544515
1766129354594535700,1264.0195356445313,10,20,100,5.333000183105469,3.990000009536743,279,828,77.5377845,13.0544555
1766129355558116400,1264.983116455078,10,20,100,5.25,2.859999895095825,279,829,77.5377528,13.0544679
1766129356611991600,1266.0369914550781,10,20,100,5.099999904632568,2.799999952316284,274,829,77.5377273,13.0544697
1766129357613072000,1267.0380717773437,10,20,100,5,2.169999837875366,275,828,77.5377047,13.0544747
1766129358649704700,1268.0747045898438,10,20,100,5,2.419999837875366,278,829,77.5376842,13.0544732
1766129359662259700,1269.087259765625,10,20,100,4.900000095367432,3.3999998569488525,279,829,77.5376573,13.0544786
1766129360654525400,1270.079525390625,10,20,100,4.900000095367432,4.059999942779541,279,828,77.5376203,13.0544838
1766129361646248400,1271.0712485351562,10,20,100,4.800000190734863,4.349999904632568,278,829,77.5375798,13.0544933
1766129362630799000,1272.0557990722657,10,20,100,4.800000190734863,5.369999885559082,276,829,77.5375301,13.0545063
1766129363659453000,1273.0844528808593,10,20,100,4.699999809265137,4.739999771118164,278,829,77.5374854,13.054513
1766129364636053200,1274.0610532226563,10,20,100,4.665999889373779,4.679999828338623,278,830,77.537441,13.0545206
1766129365643321600,1275.068321533203,10,20,100,4.583000183105469,5.489999771118164,279,830,77.5373924,13.0545305
1766129366664041200,1276.0890412597657,10,20,100,4.400000095367432,6.21999979019165,281,830,77.5373394,13.0545457
1766129367654487000,1277.0794870605469,10,20,100,4.199999809265137,6.690000057220459,280,830,77.5372784,13.0545574
1766129368683710500,1278.1087104492187,10,20,100,4,7.529999732971191,279,830,77.537211,13.0545726
1766129369643354000,1279.0683540039063,10,20,100,3.9000000953674316,8.729999542236328,279,830,77.5371343,13.0545897
1766129370685857000,1280.1108569335938,10,20,100,3.799999952316284,9.260000228881836,279,831,77.5370509,13.0546032
1766129371629948400,1281.0549484863282,10,20,100,3.75,9.149999618530273,280,830,77.5369654,13.0546211
1766129372656985600,1282.0819855957031,10,20,100,3.5999999046325684,9.09000015258789,280,830,77.5368808,13.0546377
1766129373651392300,1283.0763923339844,10,20,100,3.5829999446868896,9.399999618530273,279,830,77.5367944,13.0546507
1766129374649794000,1284.0747939453124,10,20,100,3.5999999046325684,9.449999809265137,278,830,77.5367038,13.0546661
1766129375600997400,1285.0259973144532,10,20,100,3.5829999446868896,9.269999504089355,278,831,77.5366169,13.054677
1766129376644243500,1286.0692434082032,10,20,100,3.5999999046325684,9.559999465942383,279,830,77.5365344,13.0546877
1766129377649539300,1287.0745393066406,10,20,100,3.6659998893737793,8.4399995803833,279,830,77.5364516,13.0547016
1766129378661079800,1288.0860798339843,10,20,100,3.700000047683716,7.279999732971191,279,830,77.5363776,13.0547125
1766129379620144600,1289.04514453125,10,20,100,3.6659998893737793,6.099999904632568,277,830,77.5363177,13.0547221
1766129380646621000,1290.0716208496094,10,20,100,3.700000047683716,5.900000095367432,277,830,77.5362624,13.0547286
1766129381614420000,1291.039419921875,10,20,100,3.75,5.940000057220459,278,830,77.5362044,13.0547339
1766129382627076400,1292.0520764160156,10,20,100,3.8329999446868896,5.359999656677246,280,830,77.5361504,13.0547434
1766129383638595600,1293.063595703125,10,20,100,3.8329999446868896,5.619999885559082,277,830,77.5360997,13.0547487
1766129384644115500,1294.0691154785156,10,20,100,4,6.069999694824219,277,830,77.5360432,13.0547541
1766129385630382600,1295.0553825683594,10,20,100,4,6.309999942779541,275,830,77.5359795,13.0547589
1766129386655132400,1296.0801323242188,10,20,100,4,6.259999752044678,278,830,77.5359192,13.0547652
1766129387653745000,1297.0787448730468,10,20,100,4,6.449999809265137,278,830,77.5358579,13.0547723
1766129388674358500,1298.0993586425782,10,20,100,4,6.670000076293945,279,830,77.5357945,13.0547811
1766129389682768600,1299.1077685546875,10,20,100,4,7.329999923706055,277,830,77.5357287,13.0547869
1766129390649893000,1300.0748930664063,10,20,100,4.099999904632568,7.37999963760376,278,830,77.5356556,13.0547949
1766129391663305500,1301.0883054199219,10,20,100,4.199999809265137,8.069999694824219,279,830,77.5355791,13.0548042
1766129392664827600,1302.0898276367188,10,20,100,4.300000190734863,8.369999885559082,278,829,77.5355018,13.054816
1766129393685856000,1303.1108559570312,10,20,100,4.400000095367432,8.229999542236328,275,829,77.535423,13.0548255
1766129394643916800,1304.0689167480468,10,20,100,4.415999889373779,8.399999618530273,274,829,77.535347,13.054835
1766129395615075600,1305.0400756835938,10,20,100,4.5,9.069999694824219,274,829,77.5352668,13.0548434
1766129396634273800,1306.0592736816407,10,20,100,4.583000183105469,8.479999542236328,275,828,77.5351875,13.0548527
1766129397678361300,1307.103361328125,10,20,100,4.599999904632568,8.4399995803833,270,828,77.5351057,13.0548569
1766129398632304000,1308.0573041992188,10,20,100,4.583000183105469,7.940000057220459,269,828,77.5350307,13.0548564
1766129399659248000,1309.084248046875,10,20,100,4.599999904632568,8.09999942779541,270,827,77.5349604,13.0548549
1766129400647633000,1310.0726328125,10,20,100,4.699999809265137,8.679999351501465,266,827,77.5348791,13.0548525
1766129401641651500,1311.0666513671874,10,20,100,4.699999809265137,7.739999771118164,262,826,77.5348039,13.0548441
1766129402678573300,1312.1035732421874,10,20,100,4.699999809265137,6.869999885559082,259,826,77.5347287,13.0548314
1766129403662003700,1313.0870036621093,10,20,100,4.699999809265137,4.710000038146973,259,825,77.5346698,13.0548259
1766129404653943300,1314.078943359375,10,20,100,4.665999889373779,2.700000047683716,265,824,77.5346307,13.0548328
1766129405658640600,1315.083640625,10,20,100,4.5,1.1899999380111694,267,824,77.53461,13.054838
1766129406629527800,1316.0545278320312,10,20,100,4.415999889373779,0.7199999690055847,269,824,77.5345983,13.0548433
1766129407665371600,1317.0903715820311,10,20,100,4.25,0.5399999618530273,265,824,77.5345884,13.0548443
1766129408643060200,1318.0680603027345,0,20,100,4.165999889373779,0,0,824,77.5345816,13.05485
1766129409651697400,1319.0766975097656,10,20,100,4.165999889373779,1.5799999237060547,269,824,77.5345701,13.0548521
1766129410652056300,1320.0770563964843,10,20,100,4.165999889373779,3.609999895095825,269,824,77.5345464,13.0548514
1766129411635844400,1321.0608442382813,10,20,100,4.300000190734863,5.609999656677246,269,823,77.5345014,13.05485
1766129412673257000,1322.0982570800782,10,20,100,4.400000095367432,6.920000076293945,271,823,77.534443,13.0548514
1766129413599887000,1323.0248872070313,10,20,100,4.333000183105469,7.730000019073486,272,822,77.5343785,13.0548544
1766129414642481000,1324.0674809570312,10,20,100,4.25,8.639999389648438,272,823,77.5343028,13.0548587
1766129415616006000,1325.041005859375,10,20,100,4.083000183105469,8.670000076293945,271,823,77.5342268,13.0548558
1766129416666325000,1326.0913249511718,10,20,100,3.799999952316284,9.109999656677246,271,823,77.5341492,13.0548595
1766129417653669600,1327.0786696777343,10,20,100,3.6659998893737793,9.469999313354492,269,823,77.5340605,13.0548624
1766129418631196700,1328.0561967773438,10,20,100,3.299999952316284,9.969999313354492,268,824,77.5339656,13.0548635
1766129419621608400,1329.0466083984375,10,20,100,3.25,10.239999771118164,267,824,77.5338675,13.0548655
1766129420666125800,1330.091125732422,10,20,100,3.0999999046325684,10.359999656677246,265,824,77.5337693,13.0548633
1766129421622780400,1331.047780517578,10,20,100,3.0829999446868896,10.300000190734863,264,825,77.5336758,13.0548571
1766129422660698400,1332.085698486328,10,20,100,2.9000000953674316,10.25,263,825,77.5335837,13.0548482
1766129423634888200,1333.0598881835938,10,20,100,2.799999952316284,10.109999656677246,258,826,77.5334915,13.054832
1766129424665048800,1334.090048828125,10,20,100,2.700000047683716,10.09000015258789,256,826,77.5334009,13.0548091
1766129425600815000,1335.025815185547,10,20,100,2.75,9.949999809265137,251,827,77.5333139,13.0547799
1766129426652316000,1336.0773159179687,10,20,100,2.700000047683716,9.429999351501465,248,827,77.5332305,13.0547439
1766129427634086000,1337.0590859375,10,20,100,2.75,8.989999771118164,249,827,77.5331492,13.054715
1766129428645471700,1338.0704716796874,10,20,100,2.9000000953674316,8.869999885559082,249,827,77.5330702,13.0546875
1766129429647198700,1339.0721987304687,10,20,100,2.9159998893737793,9.039999961853027,250,827,77.532986,13.0546627
1766129430648636200,1340.0736362304688,10,20,100,3,8.739999771118164,254,827,77.5329035,13.0546457
1766129431669687000,1341.0946870117189,10,20,100,3,7.929999828338623,258,827,77.5328265,13.0546333
1766129432653934600,1342.0789345703124,10,20,100,3.0999999046325684,7.71999979019165,263,827,77.5327518,13.054627
1766129433671931600,1343.096931640625,10,20,100,3.200000047683716,7.940000057220459,264,827,77.5326751,13.0546234
1766129434652157200,1344.0771572265626,10,20,100,3.299999952316284,7.980000019073486,267,827,77.532602,13.0546203
1766129435695262000,1345.1202619628907,10,20,100,3.5,8.25,270,827,77.5325284,13.0546228
1766129436643315700,1346.0683156738282,10,20,100,3.5829999446868896,9.929999351501465,273,827,77.5324423,13.0546243
1766129437670542600,1347.0955424804688,10,20,100,3.799999952316284,9.90999984741211,274,827,77.5323485,13.0546303
1766129438662060800,1348.0870607910156,10,20,100,3.8329999446868896,11.469999313354492,267,828,77.5322426,13.0546308
1766129439585444000,1349.010444091797,10,20,100,3.9159998893737793,11.639999389648438,264,828,77.5321272,13.0546256
1766129440600944000,1350.0259440917969,10,20,100,4,11.779999732971191,259,828,77.5320122,13.0546117
1766129441664511000,1351.0895109863282,10,20,100,4,11.769999504089355,258,828,77.5318981,13.054593
1766129442646657800,1352.0716577148437,10,20,100,4,11.319999694824219,257,828,77.5317858,13.0545725
1766129443631744800,1353.056744873047,10,20,100,3.9159998893737793,10.979999542236328,259,828,77.5316739,13.0545489
1766129444633207300,1354.0582072753907,10,20,100,3.9000000953674316,9.539999961853027,263,828,77.5315728,13.0545336
1766129445623127000,1355.048126953125,10,20,100,3.9000000953674316,8.960000038146973,263,827,77.5314872,13.0545237
1766129446639239700,1356.0642397460938,10,20,100,3.8329999446868896,8.449999809265137,257,826,77.5314068,13.05451
1766129447665432300,1357.090432373047,10,20,100,3.799999952316284,7.859999656677246,253,826,77.5313334,13.0544892
1766129448661707500,1358.0867075195313,10,20,100,4,7.940000057220459,244,826,77.5312688,13.0544607
1766129449679488500,1359.1044885253907,10,20,100,4.099999904632568,7.589999675750732,229,826,77.5312172,13.0544193
1766129450656621600,1360.0816215820312,10,20,100,4.199999809265137,7.059999942779541,212,825,77.5311833,13.0543626
1766129451621739300,1361.0467392578125,10,20,100,4.333000183105469,6.609999656677246,205,826,77.5311467,13.0543127
1766129452648106200,1362.0731062011719,10,20,100,4.5,6.569999694824219,207,827,77.5311128,13.0542597
1766129453681613000,1363.1066130371094,10,20,100,4.599999904632568,5.429999828338623,206,828,77.5310836,13.0542148
1766129454677091800,1364.102091796875,10,20,100,4.583000183105469,4.319999694824219,205,828,77.531061,13.0541805
1766129455643150800,1365.0681508789062,10,20,100,4.583000183105469,3.2899999618530273,207,829,77.5310423,13.0541411
1766129456650676200,1366.0756762695312,10,20,100,4.5,3.3499999046325684,206,829,77.5310232,13.0541108
1766129457658841300,1367.0838413085937,10,20,100,4.5,3.859999895095825,208,830,77.5310038,13.0540802
1766129458665163300,1368.0901633300782,10,20,100,4.5,4.319999694824219,212,831,77.5309794,13.0540408
1766129459637905700,1369.0629057617186,10,20,100,4.415999889373779,4.409999847412109,211,832,77.5309449,13.0539953
1766129460627602000,1370.0526018066407,10,20,100,4.333000183105469,4.329999923706055,209,832,77.5309229,13.0539556
1766129461650933500,1371.07593359375,10,20,100,4.199999809265137,4.360000133514404,208,833,77.5309026,13.053911
1766129462683821600,1372.1088215332031,10,20,100,4.099999904632568,4.400000095367432,205,834,77.5308819,13.0538689
1766129463642388500,1373.0673884277344,10,20,100,4.083000183105469,4.650000095367432,206,834,77.5308582,13.0538294
1766129464682130200,1374.107130126953,10,20,100,4,4.659999847412109,209,834,77.5308391,13.0537898
1766129465652855000,1375.0778549804688,10,20,100,3.9000000953674316,6.059999942779541,209,834,77.5308154,13.0537395
1766129466661639200,1376.0866391601562,10,20,100,3.799999952316284,7.259999752044678,208,834,77.5307852,13.0536804
1766129467602345000,1377.027344970703,10,20,100,3.8329999446868896,8.119999885559082,208,835,77.5307498,13.0536132
1766129468590795500,1378.0157954101562,10,20,100,3.8329999446868896,7.899999618530273,206,834,77.5307125,13.0535406
1766129469642935000,1379.0679350585938,10,20,100,3.8329999446868896,8.460000038146973,208,835,77.5306753,13.0534727
1766129470648817400,1380.0738173828124,10,20,100,3.8329999446868896,8.670000076293945,212,835,77.5306318,13.0534012
1766129471670660000,1381.09566015625,10,20,100,4,9.279999732971191,212,835,77.5305876,13.053327
1766129472663888400,1382.0888884277344,10,20,100,4,8.75,210,836,77.530545,13.0532548
1766129473659323000,1383.084322998047,10,20,100,4.099999904632568,7.549999713897705,212,835,77.5305047,13.0531931
1766129474587578400,1384.0125783691406,10,20,100,4.165999889373779,6.96999979019165,219,835,77.5304598,13.0531443
1766129475653710300,1385.0787104492188,10,20,100,4.300000190734863,7.039999961853027,230,835,77.5304081,13.0531076
1766129476626830000,1386.051830078125,10,20,100,4.333000183105469,8.529999732971191,234,836,77.5303435,13.0530641
1766129477657646600,1387.082646484375,10,20,100,4.333000183105469,9.319999694824219,235,836,77.5302722,13.053017
1766129478673577700,1388.0985776367188,10,20,100,4.400000095367432,9.34999942779541,234,836,77.5302043,13.0529623
1766129479650203000,1389.0752028808595,10,20,100,4.300000190734863,9.489999771118164,235,837,77.5301255,13.0529108
1766129480634326000,1390.0593259277343,10,20,100,4.25,8.929999351501465,235,837,77.5300525,13.0528657
1766129481664178000,1391.0891779785156,10,20,100,4.099999904632568,8.380000114440918,236,838,77.5299853,13.052819
1766129482652215600,1392.077215576172,10,20,100,4.083000183105469,8.429999351501465,236,838,77.5299157,13.0527791
1766129483678600400,1393.103600341797,10,20,100,4,7.759999752044678,237,838,77.5298526,13.0527402
1766129484649768400,1394.0747685546876,10,20,100,4,7.179999828338623,235,838,77.5297967,13.052698
1766129485696915700,1395.1219157714843,10,20,100,4,6.339999675750732,232,838,77.5297427,13.0526596
1766129486630070500,1396.0550705566407,10,20,100,4,6.089999675750732,232,838,77.5296959,13.0526253
1766129487668489000,1397.0934890136718,10,20,100,4,4.619999885559082,230,838,77.5296584,13.052596
1766129488660753400,1398.0857534179688,10,20,100,4.083000183105469,3.8299999237060547,225,838,77.5296254,13.0525637
1766129489656438500,1399.0814384765624,10,20,100,4.199999809265137,3.759999990463257,222,837,77.5296009,13.0525405
1766129490650372900,1400.0753728027344,10,20,100,4.333000183105469,2.990000009536743,218,838,77.5295814,13.0525155
1766129491678710000,1401.1037099609375,10,20,100,4.599999904632568,2.7300000190734863,216,838,77.5295643,13.0524959
1766129492659810300,1402.0848103027345,10,20,100,4.665999889373779,2.799999952316284,220,837,77.5295466,13.0524785
1766129493660003600,1403.0850036621093,10,20,100,4.833000183105469,2.549999952316284,217,837,77.5295319,13.0524607
1766129494674315500,1404.0993154296875,10,20,100,5.099999904632568,3.1999998092651367,209,837,77.5295193,13.05244
1766129495653536800,1405.0785368652344,10,20,100,5.300000190734863,3.8499999046325684,214,837,77.5295018,13.0524153
1766129496679193000,1406.1041931152345,10,20,100,5.400000095367432,4.579999923706055,221,837,77.5294737,13.0523862
1766129497667362600,1407.092362548828,10,20,100,5.5,5.519999980926514,225,837,77.5294355,13.0523502
1766129498696072400,1408.1210725097656,10,20,100,5.699999809265137,6.739999771118164,229,837,77.5293887,13.052311
1766129499646175200,1409.0711752929687,10,20,100,5.75,7.519999980926514,232,837,77.5293343,13.0522659
1766129500644704300,1410.069704345703,10,20,100,5.75,8.300000190734863,233,836,77.5292709,13.0522195
1766129501641997600,1411.0669975585938,10,20,100,5.665999889373779,8.389999389648438,234,836,77.5292025,13.0521681
1766129502655169800,1412.0801696777344,10,20,100,5.665999889373779,7.539999961853027,233,836,77.5291429,13.0521199
1766129503645080800,1413.0700808105469,10,20,100,5.583000183105469,6.75,233,835,77.5290821,13.0520739
1766129504634032000,1414.0590322265625,10,20,100,5.415999889373779,6.099999904632568,232,835,77.5290215,13.052028
1766129505633911300,1415.0589113769531,10,20,100,5.25,5.929999828338623,233,836,77.5289732,13.051996
1766129506672451000,1416.097451171875,10,20,100,5,5.639999866485596,231,836,77.5289247,13.0519617
1766129507631300900,1417.05630078125,10,20,100,4.915999889373779,4.819999694824219,233,837,77.5288795,13.0519343
1766129508655471000,1418.0804711914063,10,20,100,4.699999809265137,3.9499998092651367,234,838,77.5288347,13.0519165
1766129509647230200,1419.0722302246095,10,20,100,4.699999809265137,3.9800000190734863,237,838,77.5288025,13.0518954
1766129510659787300,1420.0847873535156,10,20,100,4.699999809265137,3.6599998474121094,236,838,77.5287746,13.0518766
1766129511652055800,1421.0770559082032,10,20,100,4.75,4.319999694824219,237,838,77.5287458,13.0518595
1766129512657579500,1422.0825795898438,10,20,100,4.800000190734863,5.150000095367432,236,837,77.5287009,13.0518362
1766129513683070700,1423.1080708007812,10,20,100,4.900000095367432,5.75,235,838,77.5286576,13.0518042
1766129514671246800,1424.0962468261719,10,20,100,4.900000095367432,6.46999979019165,233,838,77.5286104,13.0517697
1766129515673147400,1425.0981474609375,10,20,100,4.900000095367432,7.25,233,838,77.5285448,13.0517309
1766129516650877400,1426.0758774414062,10,20,100,4.915999889373779,8.059999465942383,235,838,77.5284812,13.0516889
1766129517653516800,1427.0785168457032,10,20,100,5,6.980000019073486,238,838,77.5284198,13.0516551
1766129518663337200,1428.088337158203,10,20,100,5.25,7.440000057220459,247,838,77.528348,13.0516303
1766129519677335600,1429.1023354492188,10,20,100,5.5,7.609999656677246,249,837,77.5282811,13.0516043
1766129520617661400,1430.0426613769532,10,20,100,5.583000183105469,7.739999771118164,251,837,77.5282057,13.0515771
1766129521679287800,1431.1042878417968,10,20,100,5.800000190734863,8.139999389648438,252,837,77.5281179,13.0515502
1766129522650187300,1432.0751872558594,10,20,100,5.75,8.489999771118164,254,837,77.5280333,13.0515258
1766129523698431000,1433.123430908203,10,20,100,5.699999809265137,8.429999351501465,257,837,77.5279465,13.0515094
1766129524581474300,1434.0064743652345,10,20,100,5.665999889373779,8.210000038146973,257,837,77.5278589,13.0514894
1766129525590762500,1435.015762451172,10,20,100,5.583000183105469,8.039999961853027,256,837,77.5277765,13.0514676
1766129526669278200,1436.0942783203125,10,20,100,5.5,8.720000267028809,253,837,77.5276877,13.0514423
1766129527674552600,1437.0995524902344,10,20,100,5.599999904632568,10.380000114440918,253,837,77.527592,13.0514096
1766129528646263600,1438.071263671875,10,20,100,5.665999889373779,10.279999732971191,254,837,77.5274915,13.0513805
1766129529666871300,1439.0918713378906,10,20,100,5.800000190734863,10.139999389648438,251,836,77.5273895,13.051351
1766129530638202000,1440.0632021484375,10,20,100,5.900000095367432,9.84999942779541,251,836,77.5272927,13.0513215
1766129531654423300,1441.0794233398437,10,20,100,5.915999889373779,8.65999984741211,253,836,77.5271998,13.0512941
1766129532674730500,1442.09973046875,10,20,100,5.900000095367432,7.489999771118164,249,835,77.5271303,13.0512628
1766129533663967000,1443.0889670410156,10,20,100,5.800000190734863,6.929999828338623,244,835,77.5270562,13.0512306
1766129534653499100,1444.0784990234374,10,20,100,5.75,6.489999771118164,244,836,77.5269892,13.0511993
1766129535621671200,1445.0466711425781,10,20,100,5.665999889373779,6.179999828338623,240,836,77.5269263,13.051178
1766129536667769000,1446.0927690429687,10,20,100,5.599999904632568,7.049999713897705,235,836,77.5268611,13.0511462
1766129537694167300,1447.1191672363282,10,20,100,5.599999904632568,7.440000057220459,230,836,77.5267791,13.0511012
1766129538649332000,1448.07433203125,10,20,100,5.5,7.359999656677246,231,836,77.5267026,13.0510485
1766129539606331100,1449.0313310546876,10,20,100,5.333000183105469,9.25,231,836,77.5266126,13.0509908
1766129540650110500,1450.0751103515624,10,20,100,5.199999809265137,9.309999465942383,231,836,77.5265368,13.0509268
1766129541664715500,1451.0897155761718,10,20,100,5.083000183105469,9.069999694824219,229,835,77.5264562,13.0508532
1766129542646687000,1452.0716870117187,10,20,100,4.833000183105469,9.059999465942383,228,835,77.5263791,13.0507882
1766129543672907800,1453.0979077148438,10,20,100,4.599999904632568,9.199999809265137,230,836,77.5262964,13.0507273
1766129544679360800,1454.1043608398438,10,20,100,4.5,9.09000015258789,231,836,77.5262263,13.0506696
1766129545605755600,1455.0307556152343,10,20,100,4.415999889373779,8.949999809265137,231,837,77.5261575,13.0506122
1766129546620229600,1456.045229736328,10,20,100,4.333000183105469,8.260000228881836,231,838,77.5260924,13.0505571
1766129547623503600,1457.0485036621094,10,20,100,4.415999889373779,7.5,228,837,77.5260371,13.0505082
1766129548570261200,1457.9952612304687,10,20,100,4.5,6.909999847412109,228,838,77.5259863,13.0504636
1766129549623225900,1459.048225830078,10,20,100,4.665999889373779,5.569999694824219,229,838,77.5259385,13.0504336
1766129550645893600,1460.0708935546875,10,20,100,5.099999904632568,4.759999752044678,231,838,77.5259035,13.0504058
1766129551618588400,1461.0435883789062,10,20,100,5.165999889373779,4.230000019073486,231,838,77.5258652,13.0503836
1766129552645980200,1462.0709802246095,10,20,100,5.300000190734863,4.960000038146973,232,838,77.5258225,13.0503551
1766129553671413500,1463.0964135742188,10,20,100,5.300000190734863,4.619999885559082,232,838,77.5257756,13.0503267
1766129554654777000,1464.0797770996094,10,20,100,5.199999809265137,4.670000076293945,231,838,77.5257381,13.0502997
1766129555653318000,1465.0783178710938,10,20,100,5.099999904632568,4.859999656677246,231,838,77.5256992,13.0502815
1766129556669744600,1466.0947446289063,10,20,100,4.900000095367432,5.089999675750732,234,838,77.5256485,13.0502477
1766129557669201400,1467.0942014160157,10,20,100,4.900000095367432,6.099999904632568,234,838,77.5255925,13.0502142
1766129558697103000,1468.1221030273437,10,20,100,4.900000095367432,6.889999866485596,234,837,77.5255331,13.0501745
1766129559639169300,1469.0641691894532,10,20,100,4.833000183105469,6.799999713897705,235,837,77.5254747,13.0501312
1766129560682880000,1470.1078798828125,10,20,100,4.800000190734863,6.679999828338623,235,837,77.5254182,13.0500896
1766129561625579300,1471.0505793457032,10,20,100,4.75,6.299999713897705,234,838,77.525364,13.0500503
1766129562649253400,1472.0742534179687,10,20,100,4.75,7.429999828338623,234,838,77.5253079,13.0500082
1766129563678788000,1473.1037880859376,10,20,100,4.665999889373779,7.5,238,837,77.5252441,13.0499646
1766129564652511500,1474.0775114746093,10,20,100,4.699999809265137,6.179999828338623,239,837,77.5251867,13.0499277
1766129565632592000,1475.057591796875,10,20,100,4.75,5.21999979019165,239,837,77.5251342,13.0498957
1766129566615317200,1476.040317138672,10,20,100,4.75,4.230000019073486,236,837,77.5250911,13.0498678
1766129567619848700,1477.0448486328125,10,20,100,4.833000183105469,4.150000095367432,233,836,77.5250441,13.0498304
1766129568653336000,1478.0783361816407,10,20,100,4.915999889373779,4.039999961853027,238,836,77.5250035,13.0498017
1766129569666794200,1479.0917941894531,10,20,100,5,5.049999713897705,241,836,77.5249565,13.0497716
1766129570649973000,1480.0749729003905,10,20,100,5,5.869999885559082,240,836,77.5249049,13.0497368
1766129571658126600,1481.0831267089843,10,20,100,5,6.569999694824219,242,836,77.524843,13.0497007
1766129572567543600,1481.9925434570312,10,20,100,4.915999889373779,6.409999847412109,245,836,77.5247771,13.0496659
1766129573621609000,1483.0466088867188,10,20,100,4.833000183105469,5.46999979019165,245,836,77.5247093,13.0496247
1766129574653163300,1484.078163330078,10,20,100,4.665999889373779,4.319999694824219,244,835,77.5246532,13.0495923
1766129575671012400,1485.0960124511719,10,20,100,4.300000190734863,4.759999752044678,244,836,77.5245914,13.049555
1766129576631746000,1486.05674609375,10,20,100,4.165999889373779,4.529999732971191,246,836,77.5245381,13.0495209
1766129577626345200,1487.0513452148436,10,20,100,3.799999952316284,4.420000076293945,246,837,77.5244867,13.0494979
1766129578659846000,1488.0848459472656,10,20,100,3.5999999046325684,5.380000114440918,242,837,77.5244353,13.049479
1766129579674833400,1489.0998334960937,10,20,100,3.4000000953674316,6.579999923706055,238,837,77.5243757,13.0494516
1766129580635686000,1490.0606857910157,10,20,100,3.3329999446868896,6.480000019073486,238,837,77.5243211,13.0494211
1766129581642833200,1491.067833251953,10,20,100,3.200000047683716,6.170000076293945,239,837,77.5242655,13.0493893
1766129582681050000,1492.1060500488281,10,20,100,3.0999999046325684,6.859999656677246,237,837,77.5242111,13.049357
1766129583623364600,1493.048364501953,10,20,100,3.1659998893737793,8.40999984741211,234,836,77.5241509,13.0493162
1766129584641733000,1494.0667331542968,10,20,100,3.1659998893737793,8.470000267028809,232,836,77.524083,13.0492681
1766129585651652400,1495.07665234375,10,20,100,3.200000047683716,8.779999732971191,229,837,77.5240213,13.0492129
1766129586645522000,1496.0705219726563,10,20,100,3.299999952316284,8.619999885559082,225,837,77.5239618,13.0491588
1766129587641558000,1497.0665581054689,10,20,100,3.3329999446868896,8.949999809265137,221,836,77.5238992,13.0491013
1766129588658504400,1498.0835043945312,10,20,100,3.4000000953674316,8.84000015258789,217,837,77.523846,13.049037
1766129589639518000,1499.0645180664062,10,20,100,3.5,9.489999771118164,215,837,77.5237945,13.0489686
1766129590590109400,1500.015109375,10,20,100,3.6659998893737793,10.179999351501465,211,837,77.523745,13.0488925
1766129591584356000,1501.0093562011718,10,20,100,3.8329999446868896,10.149999618530273,209,837,77.5236963,13.0488107
1766129592639293400,1502.0642934570312,10,20,100,4,9.729999542236328,204,837,77.5236556,13.0487277
1766129593629025500,1503.0540256347656,10,20,100,4.165999889373779,9.609999656677246,201,838,77.5236185,13.048645
1766129594621215700,1504.0462158203125,10,20,100,4.333000183105469,9.319999694824219,203,838,77.5235845,13.0485618
1766129595626439700,1505.0514396972656,10,20,100,4.400000095367432,8.75,201,838,77.5235529,13.0484805
1766129596657701000,1506.082701171875,10,20,100,4.400000095367432,8.59000015258789,202,838,77.5235251,13.0484047
1766129597609967600,1507.0349675292969,10,20,100,4.415999889373779,8.210000038146973,206,838,77.5234924,13.0483308
1766129598644605400,1508.06960546875,10,20,100,4.400000095367432,8.010000228881836,207,838,77.5234608,13.0482616
1766129599625274000,1509.050274169922,10,20,100,4.400000095367432,7.609999656677246,203,838,77.5234319,13.0481946
1766129600643541200,1510.0685412597657,10,20,100,4.400000095367432,7.359999656677246,203,839,77.5234058,13.0481262
1766129601614641400,1511.039641357422,10,20,100,4.415999889373779,8.1899995803833,202,839,77.5233798,13.0480602
1766129602572584400,1511.9975844726562,10,20,100,4.5,7.899999618530273,201,839,77.5233547,13.0479935
1766129603600373500,1513.0253735351562,10,20,100,4.415999889373779,7.75,201,839,77.5233257,13.0479238
1766129604593029600,1514.0180295410157,10,20,100,4.333000183105469,7.46999979019165,200,839,77.5232968,13.0478579
1766129605584448800,1515.0094487304686,10,20,100,4.333000183105469,7.489999771118164,201,839,77.5232723,13.047794
1766129606584458200,1516.0094582519532,10,20,100,4.333000183105469,6.519999980926514,200,839,77.5232507,13.0477371
1766129607641180200,1517.0661801757813,10,20,100,4.400000095367432,6.139999866485596,200,839,77.5232341,13.0476797
1766129608638025200,1518.0630251464843,10,20,100,4.599999904632568,5.949999809265137,200,839,77.5232133,13.0476265
1766129609656684500,1519.0816845703125,10,20,100,4.800000190734863,5.420000076293945,204,839,77.5231958,13.0475799
1766129610603695000,1520.0286950683594,10,20,100,4.900000095367432,6.109999656677246,205,839,77.5231768,13.0475315
1766129611570334500,1520.9953344726562,10,20,100,4.833000183105469,5.75,203,839,77.5231651,13.0474801
1766129612605587500,1522.0305874023438,10,20,100,4.833000183105469,5.059999942779541,202,839,77.5231512,13.0474336
1766129613628277000,1523.0532770996094,10,20,100,4.665999889373779,5.019999980926514,201,839,77.5231392,13.0473834
1766129614618026000,1524.0430258789063,10,20,100,4.5,5.099999904632568,201,839,77.5231231,13.0473405
1766129615623463000,1525.048462890625,10,20,100,4.199999809265137,5.309999942779541,205,839,77.5231009,13.0472953
1766129616597141200,1526.0221413574218,10,20,100,4,5.210000038146973,207,840,77.5230695,13.0472464
1766129617624026400,1527.0490263671875,10,20,100,3.799999952316284,4.360000133514404,209,840,77.5230433,13.0472033
1766129618619019500,1528.04401953125,10,20,100,3.75,4.130000114440918,208,841,77.5230232,13.0471639
1766129619642253800,1529.06725390625,10,20,100,3.5999999046325684,3.4499998092651367,209,840,77.5229979,13.0471273
1766129620633441500,1530.0584416503907,10,20,100,3.5,3.5999999046325684,211,840,77.5229794,13.0470999
1766129621625454600,1531.0504545898436,10,20,100,3.5,4.889999866485596,211,840,77.522958,13.0470655
1766129622657704700,1532.0827045898438,10,20,100,3.5,5.039999961853027,210,841,77.522934,13.0470248
1766129623641260500,1533.0662604980469,10,20,100,3.5,4.940000057220459,210,841,77.5229063,13.0469841
1766129624619599400,1534.0445993652343,10,20,100,3.5,5.230000019073486,211,841,77.5228842,13.0469409
1766129625644741400,1535.0697414550782,10,20,100,3.5,5.119999885559082,212,842,77.5228532,13.0468997
1766129626639928000,1536.0649279785157,10,20,100,3.5,4.389999866485596,211,842,77.5228297,13.046861
1766129627628664800,1537.0536647949218,10,20,100,3.5,3.259999990463257,212,842,77.5228088,13.0468321
1766129628633385200,1538.0583852539062,10,20,100,3.5,3.2200000286102295,216,842,77.5227921,13.0468077
1766129629633614300,1539.0586142578125,10,20,100,3.5999999046325684,3.069999933242798,215,842,77.5227746,13.0467845
1766129630639232300,1540.0642321777343,10,20,100,3.6659998893737793,2.4800000190734863,211,843,77.522761,13.0467649
1766129631587495700,1541.0124956054688,10,20,100,3.75,1.7699999809265137,208,842,77.5227523,13.0467474
1766129632630828300,1542.0558283691407,10,20,100,3.9000000953674316,1,208,843,77.5227455,13.046737
1766129633639913000,1543.064912841797,10,20,100,4,1.0199999809265137,210,842,77.5227394,13.0467308
1766129634620636200,1544.0456362304687,10,20,100,4.083000183105469,1.0699999332427979,205,842,77.5227355,13.046726
1766129635660518100,1545.0855180664062,10,20,100,4.099999904632568,1.1999999284744263,214,842,77.5227305,13.0467177
1766129636651952600,1546.0769526367187,10,20,100,4.199999809265137,0.7299999594688416,211,842,77.5227229,13.0467096
1766129637612475400,1547.0374753417968,10,20,100,4.25,0.6499999761581421,204,842,77.5227203,13.046704
1766129638623436500,1548.0484365234374,10,20,100,4.333000183105469,0.429999977350235,202,842,77.5227203,13.0466993
1766129639659120000,1549.0841201171875,0,20,100,4.400000095367432,0,0,841,77.5227216,13.0466945
1766129640632654600,1550.0576545410156,0,20,100,4.415999889373779,0,0,841,77.5227216,13.0466945
1766129641603809800,1551.028809814453,0,20,100,4.5,0,0,841,77.5227216,13.0466945
1766129642587920600,1552.012920654297,0,20,100,4.5,0,0,841,77.5227216,13.0466945
1766129643591023000,1553.0160231933594,0,20,100,4.5,0,0,841,77.5227216,13.0466945
1766129644590882800,1554.0158828125,0,20,100,4.5,0,0,841,77.5227216,13.0466945
1766129645604505600,1555.0295056152345,0,20,100,4.5,0,0,841,77.5227216,13.0466945
1766129646641707000,1556.06670703125,0,20,100,4.5,0,0,841,77.5227216,13.0466945
1766129647654729500,1557.0797294921874,0,20,100,4.5,0,0,841,77.5227216,13.0466945
1766129648618595300,1558.0435952148437,0,20,100,4.5,0,0,841,77.5227216,13.0466945
1766129649635734000,1559.0607341308594,0,20,100,4.5,0,0,841,77.5227216,13.0466945
1766129650633206500,1560.0582065429687,0,20,100,4.5,0,0,841,77.5227216,13.0466945
1766129651618214000,1561.0432138671874,0,20,100,4.5,0,0,841,77.5227216,13.0466945
1766129652627654400,1562.052654296875,0,20,100,4.5,0,0,841,77.5227216,13.0466945
1766129653649492700,1563.0744926757814,0,20,100,4.5,0,0,841,77.5227216,13.0466945
1766129654626779100,1564.0517790527344,0,20,100,4.5,0,0,841,77.5227216,13.0466945
1766129655613851400,1565.0388513183593,0,20,100,4.5,0,0,841,77.5227216,13.0466945
1766129656607837400,1566.0328374023438,0,20,100,4.5,0,0,841,77.5227216,13.0466945
1766129657618091000,1567.0430910644532,0,20,100,4.5,0,0,841,77.5227216,13.0466945
1766129658606755300,1568.0317553710938,0,20,100,4.5,0,0,841,77.5227216,13.0466945
1766129659622685200,1569.0476853027344,10,20,100,4.5,0.5099999904632568,210,841,77.5227197,13.0466902
1766129660651878100,1570.0768781738282,10,20,100,4.599999904632568,0.8499999642372131,218,841,77.5227123,13.0466829
1766129661620418800,1571.045418701172,10,20,100,4.599999904632568,0.949999988079071,219,841,77.5227056,13.046675
1766129662575337200,1572.0003371582031,10,20,100,4.583000183105469,1.3199999332427979,207,841,77.5226998,13.0466626
1766129663621906400,1573.0469064941406,10,20,100,4.599999904632568,1.4800000190734863,201,841,77.5226962,13.0466472
1766129664639902000,1574.0649018554689,10,20,100,4.599999904632568,1.3700000047683716,196,841,77.5226901,13.0466337
1766129665654315800,1575.0793156738282,10,20,100,4.5,1.409999966621399,200,841,77.522685,13.0466207
1766129666637305600,1576.0623056640625,10,20,100,4.5,1.0399999618530273,203,841,77.522681,13.0466124
1766129667623697000,1577.0486967773438,10,20,100,4.599999904632568,1.6899999380111694,201,842,77.5226756,13.0465998
1766129668626391000,1578.0513911132812,10,20,100,4.699999809265137,2.319999933242798,206,842,77.5226653,13.0465846
1766129669642669600,1579.0676696777343,10,20,100,4.800000190734863,2.0799999237060547,210,842,77.5226565,13.046568
1766129670633515000,1580.0585148925782,10,20,100,4.833000183105469,2.619999885559082,215,842,77.522642,13.0465438
1766129671631428900,1581.0564289550782,10,20,100,4.915999889373779,2.309999942779541,213,842,77.5226269,13.0465219
1766129672614022100,1582.0390222167969,10,20,100,5,2.9800000190734863,204,842,77.5226165,13.0464981
1766129673628637700,1583.0536376953125,10,20,100,5.099999904632568,2.9600000381469727,207,842,77.522604,13.0464755
1766129674641660400,1584.0666604003907,10,20,100,5.165999889373779,3.0199999809265137,208,842,77.5225874,13.04645
1766129675604753700,1585.0297536621094,10,20,100,5.25,2.859999895095825,211,842,77.522571,13.0464251
1766129676667579100,1586.0925791015625,10,20,100,5.400000095367432,2.490000009536743,206,842,77.5225566,13.046405
1766129677606987300,1587.0319873046874,10,20,100,5.415999889373779,2.299999952316284,201,842,77.5225463,13.0463841
1766129678592058400,1588.0170583496094,10,20,100,5.583000183105469,2.879999876022339,201,842,77.522537,13.0463628
1766129679656320000,1589.0813200683594,10,20,100,5.699999809265137,3.1499998569488525,208,842,77.5225226,13.0463411
1766129680652512300,1590.0775122070313,10,20,100,5.800000190734863,3.879999876022339,219,842,77.5224995,13.046316
1766129681595511800,1591.02051171875,10,20,100,5.75,4.170000076293945,226,842,77.5224725,13.0462863
1766129682637161700,1592.0621616210938,10,20,100,5.699999809265137,4.789999961853027,215,843,77.5224708,13.046246
1766129683649680000,1593.0746799316407,10,20,100,5.5,4.339999675750732,212,843,77.5224476,13.0462004
1766129684646361000,1594.0713610839844,10,20,100,5.415999889373779,4.019999980926514,213,842,77.5224259,13.046159
1766129685640871400,1595.0658713378907,10,20,100,5.25,3.490000009536743,215,842,77.5224022,13.0461227
1766129686643590400,1596.0685903320314,10,20,100,5.099999904632568,2.9600000381469727,219,842,77.522381,13.0460986
1766129687657845200,1597.0828452148437,10,20,100,5.099999904632568,2.8899998664855957,216,842,77.5223625,13.046076
1766129688634295300,1598.0592954101562,10,20,100,5.083000183105469,2.9600000381469727,211,842,77.5223443,13.0460494
1766129689645863700,1599.0708637695313,10,20,100,5.165999889373779,3.629999876022339,207,842,77.5223276,13.0460157
1766129690644398600,1600.0693986816407,10,20,100,5.199999809265137,4.389999866485596,207,842,77.522309,13.045981
1766129691626843400,1601.0518435058593,10,20,100,5.165999889373779,4.769999980926514,210,842,77.5222885,13.0459378
1766129692568123100,1601.993123046875,10,20,100,5.083000183105469,5.019999980926514,209,841,77.5222586,13.0458911
1766129693651326700,1603.0763266601562,10,20,100,5.099999904632568,4.940000057220459,210,841,77.5222327,13.0458438
1766129694657869800,1604.0828698730468,10,20,100,4.800000190734863,5.109999656677246,211,841,77.5222018,13.0458
1766129695622759400,1605.0477595214843,10,20,100,4.75,4.579999923706055,214,841,77.5221735,13.0457589
1766129696594900700,1606.0199006347657,10,20,100,4.665999889373779,3.619999885559082,213,840,77.5221441,13.0457207
1766129697642168300,1607.0671682128907,10,20,100,4.5,3.069999933242798,211,840,77.5221274,13.0456952
1766129698633260500,1608.0582604980468,10,20,100,4.5,3.429999828338623,210,841,77.5221073,13.0456675
1766129699632087600,1609.0570876464844,10,20,100,4.415999889373779,3.359999895095825,215,841,77.5220867,13.0456414
1766129700661923600,1610.0869235839843,10,20,100,4.5,3.5,217,841,77.5220668,13.0456166
1766129701628293000,1611.0532932128906,10,20,100,4.5,2.3899998664855957,219,841,77.522048,13.0455971
1766129702614893800,1612.0398937988282,10,20,100,4.583000183105469,1.8399999141693115,217,841,77.5220368,13.0455813
1766129703657176800,1613.0821767578125,10,20,100,4.599999904632568,1.5299999713897705,213,842,77.5220246,13.0455664
1766129704640427500,1614.0654274902345,10,20,100,4.699999809265137,1.8199999332427979,219,842,77.5220168,13.0455523
1766129705638623700,1615.063623779297,10,20,100,4.75,1.809999942779541,222,842,77.5220027,13.0455425
1766129706615064000,1616.0400639648437,10,20,100,4.833000183105469,2.049999952316284,214,842,77.5219926,13.0455268
1766129707657129200,1617.0821291503905,10,20,100,4.900000095367432,2.1499998569488525,213,842,77.5219837,13.0455105
1766129708642802400,1618.0678024902343,10,20,100,4.915999889373779,2.379999876022339,213,842,77.5219726,13.0454878
1766129709628661200,1619.0536611328125,10,20,100,5,2.6499998569488525,212,842,77.5219612,13.0454694
1766129710605656000,1620.0306560058593,10,20,100,5,3.5999999046325684,206,842,77.5219417,13.0454439
1766129711577901800,1621.0029018554687,10,20,100,5,4.079999923706055,207,843,77.5219213,13.0454102
1766129712650686500,1622.0756865234375,10,20,100,5,4.159999847412109,204,843,77.5219037,13.04537
1766129713640855000,1623.0658549804687,10,20,100,4.915999889373779,4.489999771118164,206,843,77.5218849,13.0453338
1766129714646522400,1624.0715224609376,10,20,100,4.800000190734863,4.789999961853027,209,843,77.5218531,13.0452947
1766129715651000300,1625.0760002441407,10,20,100,4.699999809265137,5.109999656677246,213,843,77.5218266,13.0452533
1766129716662419500,1626.0874194335938,10,20,100,4.599999904632568,5.549999713897705,211,843,77.5218018,13.0452069
1766129717648053500,1627.0730534667969,10,20,100,4.583000183105469,5.690000057220459,209,843,77.5217759,13.0451576
1766129718631742000,1628.0567419433594,10,20,100,4.5,5.130000114440918,208,843,77.5217482,13.0451117
1766129719619110700,1629.0441105957032,10,20,100,4.5,4.639999866485596,208,843,77.5217192,13.0450746
1766129720635923700,1630.060923828125,10,20,100,4.5,4.239999771118164,214,843,77.5216886,13.045041
1766129721655675100,1631.0806750488282,10,20,100,4.5,4.309999942779541,213,843,77.5216587,13.0450083
1766129722633915400,1632.058915283203,10,20,100,4.5,5.039999961853027,208,842,77.5216354,13.0449665
1766129723594507000,1633.019507080078,10,20,100,4.415999889373779,6.099999904632568,205,843,77.5216147,13.0449124
1766129724593499000,1634.0184987792968,10,20,100,4.415999889373779,6.960000038146973,208,843,77.5215827,13.0448552
1766129725588280800,1635.0132807617188,10,20,100,4.415999889373779,8.239999771118164,208,843,77.5215441,13.0447946
1766129726632894000,1636.0578940429687,10,20,100,4.415999889373779,9.609999656677246,209,844,77.521493,13.0447228
1766129727632385000,1637.0573850097655,10,20,100,4.333000183105469,10.019999504089355,211,844,77.5214373,13.0446438
1766129728614568000,1638.0395678710938,10,20,100,4.300000190734863,9.729999542236328,210,845,77.5213798,13.0445695
1766129729637056500,1639.0620563964844,10,20,100,4.099999904632568,9.760000228881836,210,845,77.5213184,13.0444943
1766129730660433700,1640.08543359375,10,20,100,3.9000000953674316,9.229999542236328,210,845,77.5212615,13.0444211
1766129731645497000,1641.0704970703125,10,20,100,3.700000047683716,9.019999504089355,209,844,77.5212124,13.0443475
1766129732622969900,1642.0479699707032,10,20,100,3.75,9.529999732971191,211,844,77.5211636,13.044269
1766129733633230600,1643.0582307128907,10,20,100,3.700000047683716,9.279999732971191,214,844,77.5211104,13.0441957
1766129734674087200,1644.099087158203,10,20,100,3.799999952316284,9.309999465942383,215,844,77.5210561,13.0441238
1766129735623855900,1645.0488559570313,10,20,100,3.8329999446868896,8.880000114440918,216,845,77.5210001,13.0440599
1766129736659670800,1646.0846708984375,10,20,100,4,7.730000019073486,214,844,77.5209555,13.0439999
1766129737672839000,1647.0978388671874,10,20,100,4,7.059999942779541,213,844,77.5209185,13.0439447
1766129738614837500,1648.0398374023437,10,20,100,4,5.869999885559082,212,844,77.5208891,13.0438974
1766129739617674000,1649.0426740722655,10,20,100,4,4.5,210,843,77.5208679,13.0438583
1766129740652897000,1650.0778969726562,10,20,100,4,3.9499998092651367,210,843,77.5208506,13.0438303
1766129741632806400,1651.0578063964845,10,20,100,4,3.629999876022339,213,843,77.5208303,13.043805
1766129742605151000,1652.0301508789062,10,20,100,4,3.5299999713897705,215,843,77.5208105,13.0437777
1766129743638692900,1653.0636928710937,10,20,100,4,3.7899999618530273,216,843,77.5207896,13.0437507
1766129744636160800,1654.0611608886718,10,20,100,4.099999904632568,4.489999771118164,214,844,77.5207682,13.043716
1766129745636312300,1655.0613122558593,10,20,100,4.165999889373779,5.279999732971191,210,844,77.5207446,13.0436729
1766129746619534800,1656.0445349121094,10,20,100,4.333000183105469,5.859999656677246,210,844,77.5207172,13.0436292
1766129747661150000,1657.0861499023438,10,20,100,4.599999904632568,6.46999979019165,213,844,77.520687,13.0435798
1766129748596866800,1658.0218666992187,10,20,100,4.665999889373779,7.889999866485596,210,844,77.5206554,13.0435203
1766129749595746300,1659.0207463378906,10,20,100,4.833000183105469,7.989999771118164,212,844,77.5206146,13.0434548
1766129750646947300,1660.071947265625,10,20,100,5,8.40999984741211,213,843,77.520566,13.043392
1766129751625453800,1661.0504538574219,10,20,100,5,8.389999389648438,210,843,77.5205235,13.0433265
1766129752592980500,1662.01798046875,10,20,100,5,8.460000038146973,210,843,77.5204814,13.043256
1766129753566176800,1662.9911767578126,10,20,100,5,8.269999504089355,212,843,77.5204388,13.0431863
1766129754569371100,1663.99437109375,10,20,100,5,8.59999942779541,220,843,77.5203892,13.0431207
1766129755603620000,1665.0286201171875,10,20,100,5,8.1899995803833,221,842,77.5203368,13.0430612
1766129756563032000,1665.988031982422,10,20,100,5,8.429999351501465,215,842,77.5202958,13.0430002
1766129757600048000,1667.0250480957031,10,20,100,5,8.489999771118164,211,842,77.5202553,13.0429353
1766129758586713300,1668.0117133789063,10,20,100,5.099999904632568,8.059999465942383,211,841,77.5202127,13.0428683
1766129759605243100,1669.0302431640625,10,20,100,5.300000190734863,6.429999828338623,209,842,77.5201845,13.0428088
1766129760629747500,1670.0547475585938,10,20,100,5.5,4.509999752044678,206,842,77.5201632,13.0427625
1766129761607704000,1671.0327041015626,10,20,100,5.699999809265137,3.379999876022339,204,842,77.5201516,13.0427293
1766129762613312800,1672.0383127441405,10,20,100,5.800000190734863,2.799999952316284,199,841,77.520143,13.0427075
1766129763563940900,1672.9889409179686,10,20,100,5.75,1.6299999952316284,195,842,77.520142,13.0426952
1766129764593896200,1674.0188962402344,10,20,100,5.915999889373779,2,185,842,77.5201421,13.0426788
1766129765561077800,1674.9860778808593,10,20,100,5.915999889373779,2.319999933242798,183,841,77.5201425,13.0426638
1766129766606247200,1676.0312470703125,10,20,100,5.915999889373779,2.5299999713897705,186,841,77.5201347,13.0426432
1766129767606419000,1677.0314189453125,10,20,100,5.915999889373779,3.0899999141693115,188,841,77.5201307,13.0426175
1766129768605660000,1678.0306599121093,10,20,100,6.300000190734863,4.039999961853027,191,841,77.5201213,13.0425843
1766129769600750600,1679.0257504882813,10,20,100,6.199999809265137,5.199999809265137,203,842,77.5201053,13.0425412
1766129770612366800,1680.0373669433593,10,20,100,6.199999809265137,5.559999942779541,213,842,77.520072,13.0424947
1766129771607348200,1681.0323481445312,10,20,100,6.199999809265137,4.739999771118164,216,841,77.5200449,13.0424591
1766129772605638700,1682.030638671875,10,20,100,6.333000183105469,3.68999981880188,218,841,77.520019,13.0424311
1766129773587219700,1683.0122197265625,10,20,100,6.415999889373779,3.309999942779541,220,841,77.5199949,13.0424081
1766129774609209000,1684.034208984375,10,20,100,6.400000095367432,2.8399999141693115,217,841,77.5199757,13.0423899
1766129775627666400,1685.0526665039063,10,20,100,6.5,2.240000009536743,220,841,77.5199602,13.0423731
1766129776619647700,1686.0446477050782,10,20,100,6.699999809265137,1.7400000095367432,225,840,77.5199451,13.0423636
1766129777612675300,1687.0376752929687,10,20,100,6.699999809265137,0.6399999856948853,225,840,77.5199423,13.0423599
1766129778613114600,1688.038114501953,10,20,100,6.800000190734863,0.44999998807907104,227,840,77.5199425,13.0423566
1766129779595648500,1689.0206484375,10,20,100,6.915999889373779,0.3799999952316284,229,840,77.5199433,13.0423586
1766129780586541300,1690.0115412597656,0,20,100,7,0,0,840,77.5199514,13.0423549
1766129781602027300,1691.02702734375,0,20,100,7.083000183105469,0.08999999612569809,0,840,77.5199536,13.0423546
1766129782579565800,1692.0045659179686,10,20,100,7.165999889373779,0.26999998092651367,228,840,77.519951,13.0423571
1766129783605853400,1693.030853515625,10,20,100,7.165999889373779,0.4099999964237213,229,840,77.5199501,13.0423602
1766129784602311400,1694.0273115234374,0,20,100,7.099999904632568,0,0,840,77.5199519,13.0423657
1766129785604259300,1695.0292592773437,0,20,100,7.300000190734863,0,0,840,77.5199519,13.0423657
1766129786593519400,1696.0185192871095,10,20,100,7.333000183105469,0.6599999666213989,182,840,77.5199584,13.0423678
1766129787596403500,1697.021403564453,10,20,100,7.300000190734863,0.9799999594688416,149,840,77.5199635,13.0423645
1766129788583942700,1698.008942626953,10,20,100,7.333000183105469,0.6200000047683716,136,840,77.5199695,13.04236
1766129789602741000,1699.027740966797,0,20,100,7.5,0,0,840,77.5199733,13.0423561
1766129790598799400,1700.0237993164062,0,20,100,7.5,0,0,840,77.5199733,13.0423561
1766129791604424700,1701.0294248046876,0,20,100,7.400000095367432,0,0,840,77.5199733,13.0423561
1766129792594957600,1702.0199575195313,0,20,100,7.415999889373779,0,0,840,77.5199733,13.0423561
1766129793606535700,1703.0315356445312,0,20,100,7.5,0,0,840,77.5199733,13.0423561
1766129794594983000,1704.0199829101562,0,20,100,7.5,0,0,840,77.5199733,13.0423561
1766129795612062200,1705.0370622558594,10,20,100,7.5,0.4599999785423279,139,840,77.5199767,13.0423522
1766129796614968300,1706.0399682617187,10,20,100,7.5,0.429999977350235,139,840,77.5199772,13.0423509
1766129797569077500,1706.9940773925782,10,20,100,7.5,0.4699999988079071,138,840,77.5199765,13.0423516
1766129798571149800,1707.9961499023439,10,20,100,7.583000183105469,0.4699999988079071,138,840,77.5199788,13.0423553
1766129799621219000,1709.0462189941406,10,20,100,7.699999809265137,0.12999999523162842,138,840,77.5199753,13.0423503
1766129800623263000,1710.048262939453,10,20,100,7.800000190734863,0.5099999904632568,137,840,77.5199752,13.0423488
1766129801668063500,1711.0930634765625,10,20,100,7.800000190734863,0.5,137,840,77.5199783,13.0423456
1766129802584127000,1712.009126953125,0,20,100,8,0,0,840,77.5199761,13.042346
1766129803614868200,1713.0398681640625,10,20,100,8,0.25,137,840,77.519969,13.0423516
1766129804636238800,1714.0612387695312,10,20,100,7.900000095367432,0.3799999952316284,137,840,77.5199631,13.0423604
1766129805613897700,1715.0388977050782,10,20,100,7.915999889373779,0.3700000047683716,137,840,77.5199596,13.0423602
1766129806627923000,1716.0529228515625,10,20,100,7.915999889373779,0.32999998331069946,137,840,77.5199573,13.04236
1766129807621865200,1717.046865234375,0,20,100,7.900000095367432,0,0,840,77.5199571,13.0423569
1766129808637480700,1718.0624807128906,0,20,100,8,0,0,840,77.5199571,13.0423569
1766129809589287400,1719.0142873535156,0,20,100,8.166000366210938,0,0,840,77.5199571,13.0423569
1766129810630057200,1720.0550571289064,0,20,100,8.600000381469727,0,0,840,77.5199571,13.0423569
1766129811617500000,1721.0425,0,20,100,8.833000183105469,0,0,840,77.5199571,13.0423569
1766129812620917500,1722.0459174804687,0,20,100,9.25,0,0,840,77.5199571,13.0423569
1766129813602727000,1723.0277268066407,0,20,100,9.75,0,0,840,77.5199571,13.0423569
1766129814603158000,1724.0281579589844,0,20,100,10.600000381469727,0,0,840,77.5199571,13.0423569
1766129815596450300,1725.0214501953126,0,20,100,11,0,0,840,77.5199571,13.0423569
1766129816562044200,1725.9870441894532,0,20,100,11.666000366210938,0,0,840,77.5199571,13.0423569
1766129817627679200,1727.0526791992188,0,20,100,12.600000381469727,0,0,840,77.5199571,13.0423569
1766129818619880400,1728.0448803710938,0,20,100,13.199999809265137,0,0,840,77.5199571,13.0423569
1766129819604587000,1729.0295869140625,0,20,100,13.800000190734863,0,0,840,77.5199571,13.0423569
1766129820620289000,1730.0452890625,0,20,100,14.199999809265137,0,0,840,77.5199571,13.0423569
1766129821598063600,1731.023063720703,0,20,100,14.800000190734863,0,0,840,77.5199571,13.0423569
1766129822555126800,1731.9801267089845,0,20,100,15.083000183105469,0,0,840,77.5199571,13.0423569
1766129823579656700,1733.0046567382813,10,20,100,15.25,0.6100000143051147,137,840,77.5199368,13.0423752
1766129824586577400,1734.0115773925781,10,20,100,15.416000366210938,0.6100000143051147,137,840,77.5199398,13.0423711
1766129825606960600,1735.0319606933595,10,20,100,15.416000366210938,0.5799999833106995,137,840,77.5199384,13.0423721
1766129826606970400,1736.0319704589845,0,20,100,15.199999809265137,0,0,840,77.5199379,13.0423731
1766129827611505000,1737.0365048828126,0,20,100,15.100000381469727,0,0,840,77.5199379,13.0423731
1766129828605618700,1738.0306186523437,10,20,100,15.100000381469727,0.20999999344348907,137,840,77.5199029,13.0423967
1766129829555991000,1738.980990966797,10,20,100,14.666000366210938,0.29999998211860657,137,840,77.5199067,13.0424022
1766129830557566200,1739.9825661621094,10,20,100,14.083000183105469,0.6899999976158142,223,840,77.519927,13.0424004
1766129831564772400,1740.9897724609375,10,20,100,13.583000183105469,0.9099999666213989,252,839,77.5199531,13.0423977
1766129832563532500,1741.9885324707031,10,20,100,13.083000183105469,0.22999998927116394,260,839,77.5199501,13.0423939
1766129833550216700,1742.975216796875,10,20,100,12.25,0.550000011920929,246,839,77.5199539,13.0423888
1766129834569185000,1743.9941850585938,10,20,100,11.5,0.6200000047683716,240,839,77.5199447,13.0423742
1766129835570076200,1744.995076171875,10,20,100,11.100000381469727,0.8899999856948853,236,839,77.5199366,13.0423613
1766129836561346600,1745.9863466796876,10,20,100,11.083000183105469,0.9399999976158142,238,839,77.51993,13.0423497
1766129837565573000,1746.990572998047,10,20,100,10.5,1.0799999237060547,213,839,77.5199229,13.0423356
1766129838581770000,1748.0067700195314,10,20,100,10.199999809265137,1.2300000190734863,194,839,77.5199088,13.0423247
1766129839557773800,1748.9827739257812,10,20,100,10,1.1699999570846558,192,839,77.5199069,13.0423126
1766129840573276400,1749.9982763671876,10,20,100,9.699999809265137,1.309999942779541,202,839,77.5199032,13.0422994
1766129841562858200,1750.9878581542969,10,20,100,9.199999809265137,1.0299999713897705,204,839,77.5198919,13.0422889
1766129842548882000,1751.9738818359374,10,20,100,9.083000183105469,1.100000023841858,214,839,77.5198899,13.0422783
1766129843559358200,1752.9843581542968,10,20,100,9,1.4299999475479126,224,839,77.5198826,13.0422671
1766129844577205200,1754.0022053222656,10,20,100,8.800000190734863,1.1999999284744263,231,839,77.5198747,13.0422495
1766129845563493400,1754.988493408203,10,20,100,8.75,0.6899999976158142,239,839,77.519871,13.0422439
1766129846572460800,1755.9974606933595,10,20,100,8.899999618530273,0.3199999928474426,246,838,77.5198673,13.0422426
1766129847566938600,1756.991938720703,10,20,100,8.899999618530273,0.7899999618530273,338,838,77.5198725,13.0422472
1766129848553706200,1757.9787062988282,10,20,100,8.833000183105469,1.1799999475479126,46,838,77.5198829,13.0422424
1766129849550828000,1758.975828125,10,20,100,8.583000183105469,0.9799999594688416,94,838,77.5198897,13.0422399
1766129850569028600,1759.9940285644532,10,20,100,8.5,0.4899999797344208,135,837,77.5198933,13.042241
1766129851558478300,1760.9834782714843,10,20,100,8.416000366210938,0.12999999523162842,157,837,77.5198939,13.0422426
1766129852566223600,1761.9912236328125,10,20,100,8.166000366210938,0.23999999463558197,181,837,77.5198928,13.0422449
1766129853570030800,1762.9950307617187,0,20,100,8,0,0,837,77.5198955,13.0422446
1766129854545543200,1763.9705432128906,0,20,100,7.915999889373779,0,0,837,77.5198955,13.0422446
1766129855580443000,1765.0054428710937,0,20,100,7.800000190734863,0,0,837,77.5198955,13.0422446
1766129856556772400,1765.9817724609375,0,20,100,7.75,0,0,837,77.5198955,13.0422446
1766129857568004600,1766.993004638672,10,20,100,7.599999904632568,0.26999998092651367,173,837,77.5198806,13.0422501
1766129858552298500,1767.9772985839843,10,20,100,7.583000183105469,0.5199999809265137,247,837,77.5198737,13.0422539
1766129859581284900,1769.0062849121093,10,20,100,7.5,0.699999988079071,289,837,77.5198656,13.0422589
1766129860547940400,1769.9729404296875,0,20,100,7.415999889373779,0,0,837,77.5198616,13.0422616
1766129861562722000,1770.9877221679687,0,20,100,7.300000190734863,0,0,837,77.5198616,13.0422616
1766129862557109800,1771.9821098632813,0,20,100,7.25,0,0,837,77.5198616,13.0422616
1766129863602970400,1773.0279704589843,0,20,100,7.099999904632568,0,0,837,77.5198616,13.0422616
1766129864598036000,1774.023035888672,0,20,100,7,0,0,837,77.5198616,13.0422616
1766129865575910000,1775.0009099121094,10,20,100,7,0.6800000071525574,264,837,77.519859,13.0422609
1766129866614651400,1776.0396513671874,10,20,100,7.099999904632568,0.9399999976158142,186,836,77.5198649,13.0422581
1766129867584602600,1777.0096025390626,10,20,100,7.199999809265137,0.699999988079071,153,836,77.5198702,13.0422548
1766129868580502500,1778.0055024414062,0,20,100,7.165999889373779,0,0,836,77.5198754,13.0422508
1766129869582478600,1779.007478515625,0,20,100,7.25,0,0,836,77.5198754,13.0422508
1766129870588761000,1780.0137609863282,0,20,100,7.400000095367432,0,0,836,77.5198754,13.0422508
1766129871622803200,1781.0478032226563,10,20,100,7.400000095367432,0.17999999225139618,152,836,77.5198731,13.0422528
1766129872585906400,1782.0109064941407,10,20,100,7.5,0.6499999761581421,162,836,77.5198723,13.0422499
1766129873567305500,1782.9923054199219,10,20,100,7.415999889373779,0.6200000047683716,175,836,77.5198694,13.0422459
1766129874562283800,1783.9872836914062,10,20,100,7.583000183105469,0.4699999988079071,176,835,77.5198639,13.0422448
1766129875553840600,1784.978840576172,0,20,100,7.5,0,0,835,77.5198586,13.0422418
1766129876548259000,1785.973259033203,10,20,100,7.415999889373779,0.9599999785423279,239,835,77.5198533,13.0422402
1766129877545047300,1786.9700473632813,10,20,100,7.5,0.8299999833106995,267,835,77.5198493,13.0422442
1766129878581532400,1788.0065324707032,10,20,100,7.400000095367432,0.75,288,835,77.5198459,13.0422459
1766129879581731000,1789.0067309570313,0,20,100,7.199999809265137,0,0,835,77.5198431,13.0422512
1766129880612022500,1790.0370224609376,0,20,100,7.199999809265137,0,0,835,77.5198431,13.0422512
1766129881590134800,1791.015134765625,0,20,100,7.199999809265137,0,0,835,77.5198431,13.0422512
1766129882602375200,1792.0273752441406,0,20,100,7,0,0,835,77.5198431,13.0422512
1766129883611623200,1793.036623046875,0,20,100,7,0,0,835,77.5198431,13.0422512
1766129884647180800,1794.072180908203,10,20,100,7,0.3700000047683716,294,834,77.5198512,13.0422615
1766129885621611300,1795.046611328125,10,20,100,7,0.32999998331069946,303,834,77.5198549,13.0422621
1766129886611124700,1796.0361247558594,10,20,100,6.900000095367432,0.29999998211860657,311,834,77.5198525,13.0422642
1766129887614252800,1797.039252685547,0,20,100,6.900000095367432,0,0,833,77.5198507,13.042266
1766129888629959200,1798.0549592285156,0,20,100,6.900000095367432,0,0,833,77.5198507,13.042266
1766129889598517500,1799.023517578125,0,20,100,6.915999889373779,0,0,833,77.5198507,13.042266
1766129890632957700,1800.0579577636718,0,20,100,6.699999809265137,0,0,833,77.5198507,13.042266
1766129891628123600,1801.0531235351561,10,20,100,6.599999904632568,0.3199999928474426,315,832,77.5198493,13.0422747
1766129892621474000,1802.0464741210938,10,20,100,6.5,0.22999998927116394,317,832,77.5198485,13.0422736
1766129893635467800,1803.0604677734375,10,20,100,6.400000095367432,0.2199999988079071,317,832,77.5198482,13.0422716
1766129894615098600,1804.0400986328125,0,20,100,6.199999809265137,0,0,832,77.5198482,13.0422714
1766129895614729000,1805.0397290039064,0,20,100,6.165999889373779,0,0,832,77.5198482,13.0422714
1766129896607820800,1806.0328208007813,0,20,100,6,0,0,832,77.5198482,13.0422714
1766129897643886300,1807.0688862304687,0,20,100,5.699999809265137,0,0,832,77.5198482,13.0422714
1766129898609928000,1808.0349279785157,0,20,100,5.665999889373779,0,0,832,77.5198482,13.0422714
1766129899585241900,1809.0102419433595,0,20,100,5.5,0,0,832,77.5198482,13.0422714
1766129900583475200,1810.0084750976562,0,20,100,5.5,0,0,832,77.5198482,13.0422714
1766129901581344300,1811.0063442382811,0,20,100,5.583000183105469,0,0,832,77.5198482,13.0422714
1766129902598108400,1812.0231083984374,0,20,100,5.833000183105469,0,0,832,77.5198482,13.0422714
1766129903627017200,1813.0520173339844,0,20,100,6.099999904632568,0,0,832,77.5198482,13.0422714
1766129904612406300,1814.03740625,0,20,100,6.199999809265137,0,0,832,77.5198482,13.0422714
1766129905619027000,1815.0440268554687,0,20,100,6.400000095367432,0,0,832,77.5198482,13.0422714
1766129906580345300,1816.0053454589843,10,20,100,6.333000183105469,0.7400000095367432,285,832,77.5198443,13.0422659
1766129907639146200,1817.0641462402343,10,20,100,6.300000190734863,0.6399999856948853,269,833,77.5198441,13.0422591
1766129908610639000,1818.0356391601563,10,20,100,6.333000183105469,0.5699999928474426,262,833,77.5198433,13.0422556
1766129909649701600,1819.0747016601563,0,20,100,6.5,0,0,834,77.5198379,13.0422512
1766129910643877600,1820.0688776855468,0,20,100,6.400000095367432,0,0,834,77.5198379,13.0422512
1766129911591544300,1821.0165444335937,0,20,100,6.599999904632568,0,0,834,77.5198379,13.0422512
1766129912637586700,1822.062586669922,0,20,100,6.665999889373779,0,0,834,77.5198379,13.0422512
1766129913619634200,1823.0446342773437,0,20,100,7,0,0,834,77.5198379,13.0422512
1766129914624681000,1824.049680908203,10,20,100,6.915999889373779,1.2300000190734863,241,833,77.5198429,13.0422191
1766129915621220600,1825.046220703125,10,20,100,7.165999889373779,1.809999942779541,216,833,77.5198318,13.0422068
1766129916604951600,1826.0299516601563,10,20,100,7.400000095367432,2.679999828338623,202,833,77.5198261,13.0421851
1766129917581077500,1827.0060773925782,10,20,100,7.5,3.4499998092651367,202,832,77.5198108,13.0421553
1766129918655531000,1828.0805310058595,10,20,100,7.599999904632568,4.480000019073486,205,832,77.5197871,13.0421205
1766129919615961000,1829.0409611816406,10,20,100,7.665999889373779,5.21999979019165,210,830,77.5197499,13.0420667
1766129920631517200,1830.0565170898437,10,20,100,7.800000190734863,5.690000057220459,215,828,77.5197173,13.0420088
1766129921616151600,1831.0411516113281,10,20,100,7.699999809265137,5.989999771118164,214,827,77.5196789,13.0419553
1766129922642272000,1832.0672719726563,10,20,100,7.5,6.190000057220459,212,825,77.5196411,13.041896
1766129923609709300,1833.0347092285156,10,20,100,7.415999889373779,6.509999752044678,212,825,77.5195967,13.0418384
1766129924634139600,1834.0591396484374,10,20,100,7.099999904632568,6.730000019073486,213,824,77.5195573,13.0417844
1766129925586437400,1835.0114372558594,10,20,100,7,6.699999809265137,211,824,77.5195148,13.0417276
1766129926637913000,1836.0629130859375,10,20,100,6.599999904632568,6.730000019073486,212,824,77.5194809,13.04167
1766129927636229000,1837.0612290039062,10,20,100,6.415999889373779,5.539999961853027,213,825,77.5194406,13.0416241
1766129928659817500,1838.0848173828124,10,20,100,6,4.659999847412109,215,825,77.5194131,13.0415866
1766129929613201000,1839.0382009277344,10,20,100,5.833000183105469,3.559999942779541,214,825,77.5193954,13.0415549
1766129930598383900,1840.0233837890626,10,20,100,5.400000095367432,2.8899998664855957,211,825,77.5193799,13.0415298
1766129931622091500,1841.0470915527344,10,20,100,5.333000183105469,2.8499999046325684,212,825,77.5193632,13.0415073
1766129932631805200,1842.0568051757812,10,20,100,5.333000183105469,2.629999876022339,212,825,77.5193494,13.0414858
1766129933615731000,1843.0407309570312,10,20,100,5.333000183105469,1.4399999380111694,213,825,77.5193363,13.0414713
1766129934626710800,1844.0517106933594,10,20,100,5.400000095367432,0.3400000035762787,213,825,77.5193292,13.0414675
1766129935647749000,1845.0727490234376,10,20,100,5.400000095367432,0.3999999761581421,215,825,77.5193287,13.0414671
1766129936630744000,1846.055744140625,10,20,100,5.5,0.20999999344348907,216,825,77.5193309,13.0414672
1766129937633531400,1847.0585314941407,10,20,100,5.5,0.19999998807907104,217,825,77.5193331,13.0414666
1766129938628687600,1848.0536875,0,20,100,5.5,0,0,826,77.5193341,13.0414664
1766129939668675600,1849.0936755371094,0,20,100,5.5,0,0,826,77.5193341,13.0414664
1766129940643707600,1850.068707763672,0,20,100,5.5,0,0,826,77.5193341,13.0414664
1766129941650783200,1851.075783203125,0,20,100,5.5,0,0,826,77.5193341,13.0414664
1766129942624368400,1852.0493684082032,0,20,100,5.5,0,0,826,77.5193341,13.0414664
1766129943661428700,1853.0864287109375,0,20,100,5.5,0,0,826,77.5193341,13.0414664
1766129944652183000,1854.0771831054687,0,20,100,5.5,0,0,826,77.5193341,13.0414664
1766129945625405200,1855.0504052734375,0,20,100,5.5,0,0,826,77.5193341,13.0414664
1766129946635814100,1856.0608142089843,0,20,100,5.5,0,0,826,77.5193341,13.0414664
1766129947630761700,1857.05576171875,0,20,100,5.5,0,0,826,77.5193341,13.0414664
1766129948605936000,1858.0309360351562,0,20,100,5.415999889373779,0,0,826,77.5193341,13.0414664
1766129949577334500,1859.0023344726562,0,20,100,5.333000183105469,0,0,826,77.5193341,13.0414664
1766129950635995000,1860.0609948730469,0,20,100,5.199999809265137,0,0,826,77.5193341,13.0414664
1766129951655394800,1861.0803947753907,0,20,100,5.099999904632568,0,0,826,77.5193341,13.0414664
1766129952628504000,1862.0535041503906,0,20,100,5.083000183105469,0,0,826,77.5193341,13.0414664
1766129953604717800,1863.0297177734376,0,20,100,5,0,0,826,77.5193341,13.0414664
1766129954601684200,1864.0266843261718,0,20,100,5,0,0,826,77.5193341,13.0414664
1766129955666129400,1865.0911293945312,0,20,100,5,0,0,826,77.5193341,13.0414664
1766129956641416400,1866.0664165039063,0,20,100,5,0,0,826,77.5193341,13.0414664
1766129957585041700,1867.010041748047,0,20,100,5,0,0,826,77.5193341,13.0414664
1766129958645321500,1868.070321533203,0,20,100,5,0,0,826,77.5193341,13.0414664
1766129959634952700,1869.0599526367187,0,20,100,5,0,0,826,77.5193341,13.0414664
1766129960643712800,1870.0687126464843,0,20,100,4.915999889373779,0,0,826,77.5193341,13.0414664
1766129961623714800,1871.04871484375,0,20,100,4.915999889373779,0,0,826,77.5193341,13.0414664
1766129962640074200,1872.06507421875,0,20,100,4.800000190734863,0,0,826,77.5193341,13.0414664
1766129963647355100,1873.0723552246093,0,20,100,4.800000190734863,0,0,826,77.5193341,13.0414664
1766129964646491100,1874.0714912109374,0,20,100,4.800000190734863,0,0,826,77.5193341,13.0414664
1766129965583509200,1875.0085092773438,0,20,100,4.833000183105469,0,0,826,77.5193341,13.0414664
1766129966635683800,1876.0606838378906,0,20,100,4.900000095367432,0,0,826,77.5193341,13.0414664
1766129967598228200,1877.0232282714844,0,20,100,4.915999889373779,0,0,826,77.5193341,13.0414664
1766129968651151600,1878.0761516113282,0,20,100,5,0,0,826,77.5193341,13.0414664
1766129969620742400,1879.0457424316405,0,20,100,4.915999889373779,0,0,826,77.5193341,13.0414664
1766129970657476400,1880.0824763183593,0,20,100,4.900000095367432,0,0,826,77.5193341,13.0414664
1766129971614896400,1881.039896484375,0,20,100,4.915999889373779,0,0,826,77.5193341,13.0414664
1766129972590976000,1882.0159760742188,0,20,100,4.915999889373779,0,0,826,77.5193341,13.0414664
1766129973630364400,1883.0553645019531,0,20,100,4.915999889373779,0,0,826,77.5193341,13.0414664
1766129974640172000,1884.0651721191407,0,20,100,5.099999904632568,0,0,826,77.5193341,13.0414664
1766129975558706700,1884.9837067871094,0,20,100,5.083000183105469,0,0,826,77.5193341,13.0414664
1766129976603669800,1886.0286696777343,0,20,100,5.083000183105469,0,0,826,77.5193341,13.0414664
1766129977583931000,1887.0089309082032,0,20,100,5.083000183105469,0,0,826,77.5193341,13.0414664
1766129978583759600,1888.0087595214843,0,20,100,5.083000183105469,0,0,826,77.5193341,13.0414664
1766129979645679600,1889.0706796875,0,20,100,5,0,0,826,77.5193341,13.0414664
1766129980640832500,1890.0658325195313,0,20,100,5,0,0,826,77.5193341,13.0414664
1766129981645122600,1891.0701225585938,0,20,100,5.099999904632568,0,0,826,77.5193341,13.0414664
1766129982651294200,1892.0762941894532,0,20,100,5.099999904632568,0,0,826,77.5193341,13.0414664
1766129983591664600,1893.0166645507813,0,20,100,5.199999809265137,0,0,826,77.5193341,13.0414664
1766129984612430000,1894.0374301757813,0,20,100,5.165999889373779,0,0,826,77.5193341,13.0414664
1766129985618842400,1895.0438422851562,0,20,100,5.165999889373779,0,0,826,77.5193341,13.0414664
1766129986623319300,1896.0483193359375,0,20,100,5.165999889373779,0,0,826,77.5193341,13.0414664
1766129987574886700,1896.99988671875,0,20,100,5.083000183105469,0,0,826,77.5193341,13.0414664
1766129988574998300,1897.9999982910156,0,20,100,5.083000183105469,0,0,826,77.5193341,13.0414664
1766129989653474300,1899.0784743652343,0,20,100,5,0,0,826,77.5193341,13.0414664
1766129990615303000,1900.0403029785157,0,20,100,5,0,0,826,77.5193341,13.0414664
1766129991654288600,1901.0792885742187,0,20,100,5.099999904632568,0,0,826,77.5193341,13.0414664
1766129992622152000,1902.0471518554687,0,20,100,5.199999809265137,0,0,826,77.5193341,13.0414664
1766129993659439400,1903.084439453125,0,20,100,5.300000190734863,0,0,826,77.5193341,13.0414664
1766129994620832300,1904.0458322753907,0,20,100,5.25,0,0,826,77.5193341,13.0414664
1766129995630155500,1905.0551555175782,0,20,100,5.400000095367432,0,0,826,77.5193341,13.0414664
1766129996625994800,1906.0509948730469,0,20,100,5.415999889373779,0,0,826,77.5193341,13.0414664
1766129997640994800,1907.065994873047,0,20,100,5.300000190734863,0,0,826,77.5193341,13.0414664
1766129998623559400,1908.048559326172,0,20,100,5.333000183105469,0,0,826,77.5193341,13.0414664
1766129999630560000,1909.0555600585938,0,20,100,5.400000095367432,0,0,826,77.5193341,13.0414664
1766130000657708800,1910.0827087402345,0,20,100,5.300000190734863,0,0,826,77.5193341,13.0414664
1766130001651174100,1911.0761740722655,0,20,100,5.300000190734863,0,0,826,77.5193341,13.0414664
1766130002673582800,1912.0985827636719,0,20,100,5.300000190734863,0,0,826,77.5193341,13.0414664
1766130003621894700,1913.0468947753907,0,20,100,5.25,0,0,826,77.5193341,13.0414664
1766130004649332700,1914.074332763672,0,20,100,5.199999809265137,0,0,826,77.5193341,13.0414664
1766130005635960300,1915.0609602050781,0,20,100,5.333000183105469,0,0,826,77.5193341,13.0414664
1766130006624655400,1916.0496552734376,0,20,100,5.415999889373779,0,0,826,77.5193341,13.0414664
1766130007627731700,1917.0527316894531,0,20,100,5.5,0,0,826,77.5193341,13.0414664
1766130008647591200,1918.072591064453,0,20,100,5.699999809265137,0,0,826,77.5193341,13.0414664
1766130009611052500,1919.0360524902344,0,20,100,5.665999889373779,0,0,826,77.5193341,13.0414664
1766130010574789400,1919.9997893066407,0,20,100,5.665999889373779,0,0,826,77.5193341,13.0414664
1766130011618659000,1921.0436591796874,0,20,100,5.583000183105469,0,0,826,77.5193341,13.0414664
1766130012655186700,1922.0801867675782,0,20,100,5.5,0,0,826,77.5193341,13.0414664
1766130013583187000,1923.0081870117187,0,20,100,5.5,0,0,826,77.5193341,13.0414664
1766130014645614300,1924.0706142578124,0,20,100,5.5,0,0,826,77.5193341,13.0414664
1766130015615079400,1925.0400793457031,0,20,100,5.5,0,0,826,77.5193341,13.0414664
1766130016643546400,1926.0685463867187,0,20,100,5.5,0,0,826,77.5193341,13.0414664
1766130017640199000,1927.0651989746093,0,20,100,5.5,0,0,826,77.5193341,13.0414664
1766130018641190100,1928.066190185547,0,20,100,5.5,0,0,826,77.5193341,13.0414664
1766130019647722200,1929.0727221679688,0,20,100,5.5,0,0,826,77.5193341,13.0414664
1766130020636222500,1930.0612224121094,0,20,100,5.599999904632568,0,0,826,77.5193341,13.0414664
1766130021659476000,1931.0844760742189,0,20,100,5.599999904632568,0,0,826,77.5193341,13.0414664
1766130022584474000,1932.0094741210937,0,20,100,5.583000183105469,0,0,826,77.5193341,13.0414664
1766130023574019800,1932.9990197753907,0,20,100,5.583000183105469,0,0,826,77.5193341,13.0414664
1766130024661940000,1934.0869399414062,0,20,100,5.5,0,0,826,77.5193341,13.0414664
1766130025661230000,1935.0862299804687,0,20,100,5.400000095367432,0,0,826,77.5193341,13.0414664
1766130026630791700,1936.0557917480469,0,20,100,5.415999889373779,0,0,826,77.5193341,13.0414664
1766130027635462700,1937.0604626464844,0,20,100,5.300000190734863,0,0,826,77.5193341,13.0414664
1766130028595125000,1938.020125,0,20,100,5.199999809265137,0,0,826,77.5193341,13.0414664
1766130029645023200,1939.0700231933595,0,20,100,5.165999889373779,0,0,826,77.5193341,13.0414664
1766130030629225500,1940.0542255859375,0,20,100,5.165999889373779,0,0,826,77.5193341,13.0414664
1766130031657038000,1941.0820380859375,0,20,100,5,0,0,826,77.5193341,13.0414664
1766130032624409900,1942.0494099121095,0,20,100,5,0,0,826,77.5193341,13.0414664
1766130033639569400,1943.0645693359374,0,20,100,5.099999904632568,0,0,826,77.5193341,13.0414664
1766130034614769000,1944.0397687988282,0,20,100,5.083000183105469,0,0,826,77.5193341,13.0414664
1766130035670908000,1945.0959079589843,0,20,100,5.099999904632568,0,0,826,77.5193341,13.0414664
1766130036640492800,1946.0654929199218,0,20,100,5.083000183105469,0,0,826,77.5193341,13.0414664
1766130037629303800,1947.0543037109376,0,20,100,5.199999809265137,0,0,826,77.5193341,13.0414664
1766130038632699400,1948.0576994628907,0,20,100,5.165999889373779,0,0,826,77.5193341,13.0414664
1766130039634662100,1949.059662109375,0,20,100,5.099999904632568,0,0,826,77.5193341,13.0414664
1766130040670529800,1950.0955297851563,0,20,100,5.083000183105469,0,0,826,77.5193341,13.0414664
1766130041652237300,1951.0772373046875,0,20,100,5.099999904632568,0,0,826,77.5193341,13.0414664
1766130042613911800,1952.0389118652345,0,20,100,5.083000183105469,0,0,826,77.5193341,13.0414664
1766130043580121300,1953.0051213378906,0,20,100,5,0,0,826,77.5193341,13.0414664
1766130044655973600,1954.0809736328124,0,20,100,5,0,0,826,77.5193341,13.0414664
1766130045621663500,1955.0466635742187,0,20,100,5,0,0,826,77.5193341,13.0414664
1766130046669411600,1956.0944116210937,0,20,100,5,0,0,826,77.5193341,13.0414664
1766130047573136000,1956.9981359863282,0,20,100,5,0,0,826,77.5193341,13.0414664
1766130048582018000,1958.0070180664063,0,20,100,5,0,0,826,77.5193341,13.0414664
1766130049617122000,1959.0421220703124,0,20,100,5,0,0,826,77.5193341,13.0414664
1766130050633487000,1960.058487060547,0,20,100,4.800000190734863,0,0,826,77.5193341,13.0414664
1766130051650287900,1961.0752878417968,0,20,100,4.75,0,0,826,77.5193341,13.0414664
1766130052665242400,1962.0902424316407,0,20,100,4.5,0,0,826,77.5193341,13.0414664
1766130053631100700,1963.0561005859374,0,20,100,4.300000190734863,0,0,826,77.5193341,13.0414664
1766130054591350800,1964.0163508300782,0,20,100,4.333000183105469,0,0,826,77.5193341,13.0414664
1766130055635650800,1965.0606508789062,0,20,100,4.300000190734863,0,0,826,77.5193341,13.0414664
1766130056660349400,1966.0853493652344,0,20,100,4.300000190734863,0,0,826,77.5193341,13.0414664
1766130057587943400,1967.012943359375,0,20,100,4.25,0,0,826,77.5193341,13.0414664
1766130058597749800,1968.0227497558594,0,20,100,4.333000183105469,0,0,826,77.5193341,13.0414664
1766130059624615000,1969.0496149902344,0,20,100,4.300000190734863,0,0,826,77.5193341,13.0414664
1766130060656261000,1970.0812612304687,0,20,100,4.300000190734863,0,0,826,77.5193341,13.0414664
1766130061660700400,1971.0857004394531,10,20,100,4.300000190734863,0.5899999737739563,220,826,77.5193339,13.0414597
1766130062658024000,1972.0830239257812,10,20,100,4.300000190734863,1.9900000095367432,213,825,77.5193273,13.0414482
1766130063645956900,1973.0709567871095,10,20,100,4.300000190734863,3.2699999809265137,213,825,77.5193142,13.0414254
1766130064658560000,1974.0835600585938,10,20,100,4.400000095367432,4.079999923706055,212,825,77.5192987,13.0413951
1766130065666837500,1975.0918374023438,10,20,100,4.400000095367432,5.170000076293945,209,824,77.5192769,13.0413447
1766130066648412700,1976.0734125976562,10,20,100,4.333000183105469,5.859999656677246,208,824,77.5192547,13.0412987
1766130067662711000,1977.0877109375,10,20,100,4.300000190734863,5.869999885559082,210,824,77.5192246,13.0412513
1766130068604385500,1978.0293854980468,10,20,100,4.25,5.039999961853027,211,824,77.5191981,13.0412093
1766130069639842600,1979.0648425292968,10,20,100,4.165999889373779,4.21999979019165,209,824,77.5191733,13.0411706
1766130070579294700,1980.0042946777344,10,20,100,4.083000183105469,4.539999961853027,210,823,77.5191504,13.041139
1766130071696686300,1981.121686279297,10,20,100,3.9000000953674316,4.569999694824219,210,823,77.5191321,13.0411071
1766130072649276000,1982.0742758789063,10,20,100,3.9159998893737793,4.519999980926514,211,823,77.5191093,13.0410705
1766130073645709300,1983.0707092285156,10,20,100,3.9000000953674316,4.650000095367432,213,822,77.5190819,13.0410344
1766130074609391000,1984.0343911132813,10,20,100,3.9159998893737793,4.029999732971191,212,821,77.5190624,13.041
1766130075663822000,1985.0888220214845,10,20,100,3.9000000953674316,2.8999998569488525,210,822,77.5190439,13.040972
1766130076630198300,1986.0551982421875,10,20,100,3.9159998893737793,1.6899999380111694,212,822,77.5190325,13.0409545
1766130077599407000,1987.0244069824219,10,20,100,4,1.3700000047683716,211,821,77.5190253,13.040943
1766130078632859000,1988.0578588867188,10,20,100,4,0.5199999809265137,206,822,77.5190211,13.0409335
1766130079649932300,1989.074932373047,10,20,100,4.099999904632568,0.26999998092651367,204,822,77.5190211,13.0409317
1766130080644815600,1990.069815673828,0,20,100,4.083000183105469,0,0,822,77.5190208,13.0409317
1766130081658841600,1991.0838415527344,10,20,100,4.199999809265137,0.19999998807907104,204,821,77.5190194,13.0409331
1766130082629779700,1992.0547797851561,0,20,100,4.300000190734863,0,0,821,77.519018,13.0409327
1766130083652790500,1993.0777905273437,0,20,100,4.400000095367432,0,0,821,77.519018,13.0409327
1766130084638535200,1994.06353515625,0,20,100,4.415999889373779,0,0,821,77.519018,13.0409327
1766130085648961800,1995.0739619140625,0,20,100,4.5,0,0,821,77.519018,13.0409327
1766130086637291000,1996.062291015625,0,20,100,4.5,0,0,821,77.519018,13.0409327
1766130087646916900,1997.071916748047,0,20,100,4.5,0,0,821,77.519018,13.0409327
1766130088639035000,1998.0640349121093,0,20,100,4.415999889373779,0,0,821,77.519018,13.0409327
1766130089618222300,1999.0432224121093,0,20,100,4.415999889373779,0,0,821,77.519018,13.0409327
1766130090666868500,2000.091868408203,10,20,100,4.300000190734863,1.4900000095367432,211,821,77.5190107,13.0409221
1766130091598678300,2001.0236782226561,10,20,100,4.25,1.649999976158142,209,821,77.5190028,13.0409094
1766130092640302300,2002.0653022460938,10,20,100,4.165999889373779,1.1699999570846558,201,821,77.5189974,13.0408987
1766130093628967200,2003.0539672851562,0,20,100,4.083000183105469,0.07000000029802322,0,821,77.5189934,13.0408938
1766130094628232000,2004.0532319335937,0,20,100,4.099999904632568,0.07000000029802322,0,820,77.5189897,13.0408961
1766130095646329900,2005.0713298339845,0,20,100,4.083000183105469,0,0,820,77.5189894,13.0408961
1766130096644375800,2006.0693757324218,0,20,100,4.099999904632568,0,0,820,77.5189892,13.0408961
1766130097631036200,2007.0560361328126,0,20,100,4.083000183105469,0,0,820,77.5189892,13.0408961
1766130098639004000,2008.06400390625,0,20,100,4.099999904632568,0,0,820,77.5189892,13.0408961
1766130099614078000,2009.0390778808594,0,20,100,4.083000183105469,0,0,820,77.5189892,13.0408961
1766130100623137000,2010.0481369628906,0,20,100,4,0,0,820,77.5189892,13.0408961
1766130101608245800,2011.0332458496093,0,20,100,4,0,0,820,77.5189892,13.0408961
1766130102585580800,2012.0105808105468,0,20,100,4,0,0,820,77.5189892,13.0408961
1766130103563046100,2012.988046142578,0,20,100,4.083000183105469,0,0,820,77.5189892,13.0408961
1766130104602997500,2014.0279975585938,0,20,100,4.165999889373779,0,0,820,77.5189892,13.0408961
1766130105620182000,2015.0451821289062,10,20,100,4.25,0.3199999928474426,198,821,77.5189821,13.0408944
1766130106598730000,2016.0237299804687,10,20,100,4.333000183105469,0.44999998807907104,200,821,77.518975,13.0408921
1766130107617725000,2017.0427248535157,10,20,100,4.5,0.14999999105930328,200,821,77.5189708,13.0408918
1766130108580013800,2018.0050139160155,0,20,100,4.5,0,0,821,77.5189674,13.0408929
1766130109623764500,2019.048764404297,0,20,100,4.5,0,0,821,77.5189674,13.0408929
1766130110614509000,2020.039509033203,0,20,100,4.415999889373779,0,0,821,77.5189674,13.0408929
1766130111622190600,2021.047190673828,0,20,100,4.400000095367432,0,0,821,77.5189674,13.0408929
1766130112588888300,2022.0138884277344,0,20,100,4.333000183105469,0,0,821,77.5189674,13.0408929
1766130113638924300,2023.0639243164062,0,20,100,4.199999809265137,0,0,821,77.5189674,13.0408929
1766130114565204200,2023.9902043457032,0,20,100,4.165999889373779,0,0,821,77.5189674,13.0408929
1766130115660009200,2025.0850092773437,0,20,100,4.099999904632568,0,0,821,77.5189674,13.0408929
1766130116615892500,2026.040892578125,0,20,100,4.083000183105469,0,0,821,77.5189674,13.0408929
1766130117589584000,2027.014583984375,0,20,100,3.9000000953674316,0,0,821,77.5189674,13.0408929
1766130118605770800,2028.030770751953,0,20,100,3.8329999446868896,0,0,821,77.5189674,13.0408929
1766130119599884300,2029.0248842773437,0,20,100,3.799999952316284,0,0,821,77.5189674,13.0408929
1766130120616900400,2030.041900390625,0,20,100,3.8329999446868896,0,0,821,77.5189674,13.0408929
1766130121638915600,2031.0639155273439,0,20,100,3.9000000953674316,0,0,821,77.5189674,13.0408929
1766130122661172200,2032.0861721191407,0,20,100,4,0,0,821,77.5189674,13.0408929
1766130123632504600,2033.0575046386718,0,20,100,4.099999904632568,0,0,821,77.5189674,13.0408929
1766130124664926200,2034.0899262695314,0,20,100,4.099999904632568,0,0,821,77.5189674,13.0408929
1766130125624908500,2035.0499084472656,0,20,100,4.099999904632568,0,0,821,77.5189674,13.0408929
1766130126692459000,2036.117458984375,0,20,100,3.9000000953674316,0,0,821,77.5189674,13.0408929
1766130127633655000,2037.058655029297,0,20,100,3.9159998893737793,0,0,821,77.5189674,13.0408929
1766130128603747800,2038.0287478027344,0,20,100,3.9159998893737793,0,0,821,77.5189674,13.0408929
1766130129622176500,2039.047176513672,0,20,100,3.9159998893737793,0,0,821,77.5189674,13.0408929
1766130130648923600,2040.0739235839844,0,20,100,3.9000000953674316,0,0,821,77.5189674,13.0408929
1766130131632316400,2041.05731640625,0,20,100,3.9159998893737793,0,0,821,77.5189674,13.0408929
1766130132561097700,2041.98609765625,0,20,100,4,0,0,821,77.5189674,13.0408929
1766130133610662100,2043.035662109375,0,20,100,4.099999904632568,0,0,821,77.5189674,13.0408929
1766130134641068500,2044.0660686035155,0,20,100,4.099999904632568,0,0,821,77.5189674,13.0408929
1766130135622151400,2045.0471513671876,0,20,100,4.083000183105469,0,0,821,77.5189674,13.0408929
1766130136636859400,2046.061859375,0,20,100,4.099999904632568,0,0,821,77.5189674,13.0408929
1766130137628794600,2047.0537946777345,0,20,100,4.099999904632568,0,0,821,77.5189674,13.0408929
1766130138637411600,2048.062411621094,0,20,100,4,0,0,821,77.5189674,13.0408929
1766130139632848600,2049.0578486328127,0,20,100,4,0,0,821,77.5189674,13.0408929
1766130140648245000,2050.073244873047,0,20,100,4,0,0,821,77.5189674,13.0408929
1766130141669314600,2051.094314453125,0,20,100,4,0,0,821,77.5189674,13.0408929
1766130142670203100,2052.095203125,0,20,100,4,0,0,821,77.5189674,13.0408929
1766130143664667400,2053.089667480469,0,20,100,4,0,0,821,77.5189674,13.0408929
1766130144651233300,2054.0762333984376,0,20,100,4,0,0,821,77.5189674,13.0408929
1766130145630936800,2055.0559367675783,0,20,100,4,0,0,821,77.5189674,13.0408929
1766130146637971200,2056.062971191406,0,20,100,4,0,0,821,77.5189674,13.0408929
1766130147639401500,2057.0644013671877,0,20,100,3.9159998893737793,0,0,821,77.5189674,13.0408929
1766130148639499500,2058.0644995117186,0,20,100,3.9159998893737793,0,0,821,77.5189674,13.0408929
1766130149642135300,2059.067135253906,0,20,100,3.9159998893737793,0,0,821,77.5189674,13.0408929
1766130150602670800,2060.0276708984375,0,20,100,4,0,0,821,77.5189674,13.0408929
1766130151641045800,2061.066045654297,0,20,100,4,0,0,821,77.5189674,13.0408929
1766130152579357000,2062.004356933594,0,20,100,4,0,0,821,77.5189674,13.0408929
1766130153641124400,2063.0661242675783,0,20,100,4.099999904632568,0,0,821,77.5189674,13.0408929
1766130154615126300,2064.0401262207033,0,20,100,4.083000183105469,0,0,821,77.5189674,13.0408929
1766130155641989400,2065.0669892578126,0,20,100,4,0,0,821,77.5189674,13.0408929
1766130156614041000,2066.039041015625,0,20,100,4,0,0,821,77.5189674,13.0408929
1766130157587590400,2067.0125903320313,0,20,100,4,0,0,821,77.5189674,13.0408929
1766130158587266800,2068.012266845703,0,20,100,4,0,0,821,77.5189674,13.0408929
1766130159648429000,2069.0734289550783,0,20,100,4,0,0,821,77.5189674,13.0408929
1766130160616590300,2070.0415903320313,0,20,100,4,0,0,821,77.5189674,13.0408929
1766130161622964700,2071.04796484375,0,20,100,4,0,0,821,77.5189674,13.0408929
1766130162577115600,2072.002115722656,0,20,100,4,0,0,821,77.5189674,13.0408929
1766130163640262700,2073.0652626953124,0,20,100,4,0,0,821,77.5189674,13.0408929
1766130164627049700,2074.0520498046876,0,20,100,4,0,0,821,77.5189674,13.0408929
1766130165628508400,2075.0535083007812,0,20,100,3.9000000953674316,0,0,821,77.5189674,13.0408929
1766130166675601200,2076.100601074219,0,20,100,3.799999952316284,0,0,821,77.5189674,13.0408929
1766130167647341600,2077.0723415527345,0,20,100,3.700000047683716,0,0,821,77.5189674,13.0408929
1766130168611755000,2078.0367551269533,0,20,100,3.6659998893737793,0,0,821,77.5189674,13.0408929
1766130169609927700,2079.034927734375,0,20,100,3.5829999446868896,0,0,821,77.5189674,13.0408929
1766130170655593500,2080.0805935058593,0,20,100,3.5,0,0,821,77.5189674,13.0408929
1766130171627766300,2081.0527663574217,0,20,100,3.5,0,0,821,77.5189674,13.0408929
1766130172637404200,2082.0624040527346,0,20,100,3.5,0,0,821,77.5189674,13.0408929
1766130173615444200,2083.0404443359375,0,20,100,3.5999999046325684,0,0,821,77.5189674,13.0408929
1766130174639857400,2084.064857421875,0,20,100,3.5999999046325684,0,0,821,77.5189674,13.0408929
1766130175610458600,2085.0354587402344,0,20,100,3.5829999446868896,0,0,821,77.5189674,13.0408929
1766130176632349700,2086.057349609375,0,20,100,3.5999999046325684,0,0,821,77.5189674,13.0408929
1766130177606504400,2087.031504394531,0,20,100,3.5829999446868896,0,0,821,77.5189674,13.0408929
1766130178621053000,2088.0460529785155,0,20,100,3.5,0,0,821,77.5189674,13.0408929
1766130179631651800,2089.0566518554688,0,20,100,3.5,0,0,821,77.5189674,13.0408929
1766130180674609200,2090.0996091308593,0,20,100,3.5,0,0,821,77.5189674,13.0408929
1766130181647425800,2091.07242578125,0,20,100,3.5,0,0,821,77.5189674,13.0408929
1766130182622502700,2092.047502685547,0,20,100,3.5999999046325684,0,0,821,77.5189674,13.0408929
1766130183625699300,2093.05069921875,0,20,100,3.700000047683716,0,0,821,77.5189674,13.0408929
1766130184633406500,2094.0584064941404,0,20,100,3.799999952316284,0,0,821,77.5189674,13.0408929
1766130185665141500,2095.0901416015627,0,20,100,3.8329999446868896,0,0,821,77.5189674,13.0408929
1766130186638715100,2096.0637150878906,0,20,100,3.9159998893737793,0,0,821,77.5189674,13.0408929
1766130187565897500,2096.9908974609375,0,20,100,4,0,0,821,77.5189674,13.0408929
1766130188565787100,2097.990787109375,0,20,100,3.9159998893737793,0,0,821,77.5189674,13.0408929
1766130189571651000,2098.996651123047,0,20,100,3.9159998893737793,0,0,821,77.5189674,13.0408929
1766130190587943700,2100.012943603516,0,20,100,3.9159998893737793,0,0,821,77.5189674,13.0408929
1766130191664880000,2101.089880126953,0,20,100,3.9000000953674316,0,0,821,77.5189674,13.0408929
1766130192576227800,2102.001227783203,0,20,100,3.9000000953674316,0,0,821,77.5189674,13.0408929
1766130193569669600,2102.9946696777342,0,20,100,4,0,0,821,77.5189674,13.0408929
1766130194591916300,2104.016916259766,0,20,100,4.099999904632568,0,0,821,77.5189674,13.0408929
1766130195590014500,2105.015014404297,10,20,100,4.199999809265137,1.1799999475479126,105,822,77.5189593,13.0408884
1766130196574515500,2105.9995153808595,10,20,100,4.25,0.5699999928474426,97,822,77.5189671,13.0408945
1766130197582422000,2107.0074221191408,10,20,100,4.300000190734863,0.14999999105930328,97,823,77.5189693,13.0408968
1766130198635245000,2108.0602451171876,10,20,100,4.400000095367432,0.19999998807907104,96,823,77.5189709,13.040899
1766130199569685500,2108.994685546875,0,20,100,4.25,0,0,823,77.5189695,13.0409017
1766130200604864500,2110.029864501953,0,20,100,4.099999904632568,0,0,823,77.5189695,13.0409017
1766130201587539000,2111.0125390625,0,20,100,4,0,0,823,77.5189695,13.0409017
1766130202598449000,2112.0234489746094,0,20,100,4,0,0,823,77.5189695,13.0409017
1766130203599598300,2113.024598388672,0,20,100,4,0,0,823,77.5189695,13.0409017
1766130204582501400,2114.0075014648437,0,20,100,4,0,0,823,77.5189695,13.0409017
1766130205606680000,2115.0316801757813,10,20,100,4,0.35999998450279236,97,823,77.518961,13.0409062
1766130206593905700,2116.0189057617185,10,20,100,4,0.8799999952316284,153,823,77.5189568,13.0408962
1766130207598745300,2117.023745361328,10,20,100,4,1.350000023841858,189,822,77.51895,13.0408844
1766130208582572500,2118.007572509766,10,20,100,4.165999889373779,1.6899999380111694,210,821,77.5189328,13.0408684
1766130209563648500,2118.9886484375,10,20,100,4.25,1.7899999618530273,216,821,77.5189237,13.0408547
1766130210580737000,2120.005737060547,10,20,100,4.333000183105469,1.5899999141693115,219,822,77.5189133,13.0408395
1766130211598744800,2121.023744873047,10,20,100,4.599999904632568,1.9299999475479126,217,822,77.518907,13.0408261
1766130212599903000,2122.024903076172,10,20,100,4.699999809265137,2.1399998664855957,213,822,77.5188967,13.0408073
1766130213560628200,2122.985628173828,10,20,100,4.665999889373779,2.450000047683716,216,822,77.5188842,13.0407885
1766130214595016700,2124.0200166015625,10,20,100,4.599999904632568,1.96999990940094,216,822,77.5188697,13.0407727
1766130215610785800,2125.035785888672,10,20,100,4.699999809265137,2,214,822,77.5188558,13.0407548
1766130216610624000,2126.0356240234373,10,20,100,4.699999809265137,2.009999990463257,213,822,77.5188447,13.0407395
1766130217588467500,2127.013467529297,10,20,100,4.665999889373779,1.6999999284744263,211,822,77.5188361,13.0407285
1766130218606828300,2128.031828369141,10,20,100,4.699999809265137,1.8799999952316284,209,822,77.5188256,13.040713
1766130219584059100,2129.0090590820314,10,20,100,4.665999889373779,1.8700000047683716,212,822,77.5188202,13.0406974
1766130220593890300,2130.0188903808594,10,20,100,4.665999889373779,1.7400000095367432,209,821,77.5188122,13.0406894
1766130221571008300,2130.9960083007813,10,20,100,4.583000183105469,2.0399999618530273,211,821,77.5188036,13.040676
1766130222597833700,2132.0228337402345,10,20,100,4.5,3.5199999809265137,207,821,77.5187895,13.0406545
1766130223577772300,2133.002772216797,10,20,100,4.5,4.519999980926514,207,821,77.5187699,13.0406206
1766130224565023200,2133.9900231933593,10,20,100,4.5,4.920000076293945,208,821,77.5187472,13.0405874
1766130225571382500,2134.9963825683594,10,20,100,4.415999889373779,4.380000114440918,206,821,77.5187171,13.0405513
1766130226603708200,2136.028708251953,10,20,100,4.300000190734863,3.799999952316284,208,821,77.5187029,13.0405134
1766130227605246700,2137.030246826172,10,20,100,4.199999809265137,2.8999998569488525,212,821,77.5186857,13.0404904
1766130228592219100,2138.017219238281,10,20,100,4.199999809265137,2.9700000286102295,218,821,77.5186729,13.0404683
1766130229612926000,2139.037926025391,10,20,100,4.199999809265137,2.7899999618530273,215,821,77.5186614,13.0404464
1766130230659249200,2140.0842492675783,10,20,100,4.300000190734863,2.919999837875366,212,821,77.5186491,13.0404228
1766130231628959500,2141.053959472656,10,20,100,4.400000095367432,2.180000066757202,211,821,77.5186403,13.040404
1766130232618946800,2142.0439467773435,10,20,100,4.5,1.3899999856948853,213,821,77.5186304,13.040391
1766130233635034600,2143.060034667969,10,20,100,4.5,1.4199999570846558,219,821,77.5186214,13.0403814
1766130234651097600,2144.07609765625,10,20,100,4.599999904632568,0.47999998927116394,222,821,77.5186154,13.0403745
1766130235585040100,2145.0100400390625,10,20,100,4.583000183105469,0.5899999737739563,221,821,77.5186108,13.0403709
1766130236603374600,2146.0283745117185,10,20,100,4.583000183105469,0.25,222,821,77.518613,13.0403666
1766130237634725000,2147.059725097656,0,20,100,4.599999904632568,0,0,821,77.5186092,13.0403668
1766130238585970000,2148.010969970703,0,20,100,4.583000183105469,0,0,821,77.5186092,13.0403668
1766130239647631000,2149.0726311035155,0,20,100,4.583000183105469,0,0,821,77.5186092,13.0403668
1766130240639046000,2150.0640458984376,0,20,100,4.5,0,0,821,77.5186092,13.0403668
1766130241662397000,2151.0873969726563,0,20,100,4.5,0,0,821,77.5186092,13.0403668
1766130242600667100,2152.025667236328,0,20,100,4.5,0,0,821,77.5186092,13.0403668
1766130243664337000,2153.0893369140626,0,20,100,4.5,0,0,821,77.5186092,13.0403668
1766130244621005300,2154.0460053710935,0,20,100,4.5,0,0,821,77.5186092,13.0403668
1766130245645742000,2155.0707421875,0,20,100,4.599999904632568,0,0,821,77.5186092,13.0403668
1766130246586632400,2156.0116325683593,0,20,100,4.583000183105469,0,0,821,77.5186092,13.0403668
1766130247586829000,2157.0118291015624,0,20,100,4.583000183105469,0,0,821,77.5186092,13.0403668
1766130248629618000,2158.054617919922,0,20,100,4.583000183105469,0,0,821,77.5186092,13.0403668
1766130249556482800,2158.981482910156,0,20,100,4.583000183105469,0,0,821,77.5186092,13.0403668
1766130250605326600,2160.0303266601563,0,20,100,4.583000183105469,0,0,821,77.5186092,13.0403668
1766130251609936100,2161.034936035156,0,20,100,4.5,0,0,821,77.5186092,13.0403668
1766130252619014700,2162.0440146484375,0,20,100,4.5,0,0,821,77.5186092,13.0403668
1766130253641209600,2163.066209716797,0,20,100,4.5,0,0,821,77.5186092,13.0403668
1766130254624451000,2164.049451171875,0,20,100,4.5,0,0,821,77.5186092,13.0403668
1766130255663438600,2165.0884384765627,0,20,100,4.5,0,0,821,77.5186092,13.0403668
1766130256617075500,2166.042075439453,0,20,100,4.5,0,0,821,77.5186092,13.0403668
1766130257634871600,2167.059871582031,0,20,100,4.400000095367432,0,0,821,77.5186092,13.0403668
1766130258670213600,2168.0952136230467,0,20,100,4.400000095367432,0,0,821,77.5186092,13.0403668
1766130259646766800,2169.071766845703,0,20,100,4.300000190734863,0,0,821,77.5186092,13.0403668
1766130260660016000,2170.085016113281,0,20,100,4.333000183105469,0,0,821,77.5186092,13.0403668
1766130261646338000,2171.0713381347655,0,20,100,4.300000190734863,0,0,821,77.5186092,13.0403668
1766130262644823300,2172.0698232421873,0,20,100,4.300000190734863,0,0,821,77.5186092,13.0403668
1766130263617877000,2173.042876953125,0,20,100,4.333000183105469,0,0,821,77.5186092,13.0403668
1766130264651776000,2174.076775878906,0,20,100,4.300000190734863,0,0,821,77.5186092,13.0403668
1766130265625645800,2175.050645751953,0,20,100,4.333000183105469,0,0,821,77.5186092,13.0403668
1766130266639145700,2176.064145751953,0,20,100,4.25,0,0,821,77.5186092,13.0403668
1766130267643077600,2177.068077636719,0,20,100,4.165999889373779,0,0,821,77.5186092,13.0403668
1766130268608883000,2178.0338830566407,0,20,100,4.165999889373779,0,0,821,77.5186092,13.0403668
1766130269597710800,2179.0227109375,0,20,100,4.083000183105469,0,0,821,77.5186092,13.0403668
1766130270638773500,2180.0637734375,0,20,100,4.199999809265137,0,0,821,77.5186092,13.0403668
1766130271591979800,2181.0169797363283,0,20,100,4.165999889373779,0,0,821,77.5186092,13.0403668
1766130272618288600,2182.043288574219,0,20,100,4.165999889373779,0,0,821,77.5186092,13.0403668
1766130273632405000,2183.0574050292967,0,20,100,4.199999809265137,0,0,821,77.5186092,13.0403668
1766130274621810200,2184.0468100585936,0,20,100,4.300000190734863,0,0,821,77.5186092,13.0403668
1766130275627469300,2185.0524692382814,0,20,100,4.25,0,0,821,77.5186092,13.0403668
1766130276654447900,2186.079447753906,0,20,100,4.099999904632568,0,0,821,77.5186092,13.0403668
1766130277641218300,2187.066218261719,0,20,100,4.099999904632568,0,0,821,77.5186092,13.0403668
1766130278648950800,2188.073950683594,0,20,100,4.099999904632568,0,0,821,77.5186092,13.0403668
1766130279661875700,2189.086875732422,0,20,100,3.9000000953674316,0,0,821,77.5186092,13.0403668
1766130280641284600,2190.066284667969,0,20,100,3.9000000953674316,0,0,821,77.5186092,13.0403668
1766130281659456300,2191.084456298828,0,20,100,3.799999952316284,0,0,821,77.5186092,13.0403668
1766130282625424600,2192.050424560547,0,20,100,3.8329999446868896,0,0,821,77.5186092,13.0403668
1766130283665152500,2193.0901525878908,0,20,100,3.799999952316284,0,0,821,77.5186092,13.0403668
1766130284660153300,2194.0851533203127,0,20,100,3.8329999446868896,0,0,821,77.5186092,13.0403668
1766130285649258800,2195.0742587890627,0,20,100,3.9000000953674316,0,0,821,77.5186092,13.0403668
1766130286636749600,2196.061749511719,0,20,100,3.9159998893737793,0,0,821,77.5186092,13.0403668
1766130287644407600,2197.069407470703,0,20,100,4.099999904632568,0,0,821,77.5186092,13.0403668
1766130288648075300,2198.0730751953124,0,20,100,4.083000183105469,0,0,821,77.5186092,13.0403668
1766130289643186700,2199.068186767578,0,20,100,4.083000183105469,0,0,821,77.5186092,13.0403668
1766130290600845300,2200.0258452148437,0,20,100,4.083000183105469,0,0,821,77.5186092,13.0403668
1766130291569351200,2200.9943510742187,0,20,100,4.165999889373779,0,0,821,77.5186092,13.0403668
1766130292576489200,2202.0014892578124,0,20,100,4.165999889373779,0,0,821,77.5186092,13.0403668
1766130293620330500,2203.0453305664064,10,20,100,4.083000183105469,1.1699999570846558,305,822,77.5186057,13.0403726
1766130294620096800,2204.0450966796875,10,20,100,4.083000183105469,1.149999976158142,356,822,77.5186039,13.0403829
1766130295599667000,2205.0246669921876,10,20,100,4.083000183105469,0.7400000095367432,3,823,77.5186038,13.0403874
1766130296607465700,2206.0324658203126,0,20,100,4.099999904632568,0,0,823,77.5186032,13.0403894
1766130297606829600,2207.0318295898437,10,20,100,4.099999904632568,0.10999999940395355,6,822,77.5186022,13.040387
1766130298588390000,2208.0133898925783,10,20,100,4.165999889373779,0.3199999928474426,1,823,77.5186014,13.0403804
1766130299583595500,2209.0085954589845,10,20,100,4.25,0.5799999833106995,291,823,77.5186005,13.0403719
1766130300573550800,2209.99855078125,0,20,100,4.415999889373779,0,0,823,77.5185962,13.0403663
1766130301580170500,2211.005170410156,0,20,100,4.583000183105469,0,0,823,77.5185962,13.0403663
1766130302589263400,2212.0142634277345,0,20,100,4.665999889373779,0,0,823,77.5185962,13.0403663
1766130303596648400,2213.0216484375,10,20,100,4.900000095367432,0.4699999988079071,289,824,77.5185921,13.0403529
1766130304569459000,2213.994458984375,10,20,100,4.915999889373779,0.4399999976158142,277,824,77.5185898,13.0403472
1766130305572092700,2214.9970927734375,10,20,100,5,0.3999999761581421,265,824,77.5185874,13.0403426
1766130306612593700,2216.03759375,0,20,100,4.900000095367432,0,0,824,77.5185856,13.0403379
1766130307597831700,2217.022831787109,10,20,100,4.900000095367432,0.6499999761581421,291,823,77.5185836,13.0403358
1766130308587337700,2218.0123376464844,10,20,100,4.915999889373779,0.6299999952316284,262,823,77.51858,13.040334
1766130309618328800,2219.043328857422,10,20,100,4.800000190734863,0.6200000047683716,243,824,77.5185698,13.0403272
1766130310611697400,2220.0366975097654,10,20,100,4.800000190734863,0.2800000011920929,234,824,77.5185608,13.0403249
1766130311609557000,2221.0345568847656,0,20,100,4.833000183105469,0,0,825,77.518557,13.0403249
1766130312585067000,2222.010066894531,0,20,100,4.915999889373779,0,0,825,77.518557,13.0403249
1766130313570867000,2222.9958669433595,0,20,100,4.915999889373779,0,0,825,77.518557,13.0403249
1766130314620797400,2224.045797363281,0,20,100,5,0,0,825,77.518557,13.0403249
1766130315572766500,2224.997766357422,0,20,1.0175976753234863,5.083000183105469,0,0,827.2000122070312,77.518557,13.0403249
1766130316572786200,2225.9977861328125,0,20,1.0275979042053223,5.165999889373779,0,0,827.2000122070312,77.518557,13.0403249
1766130317594674200,2227.019674072266,0,20,1.0378167629241943,5.300000190734863,0,0,827.2000122070312,77.518557,13.0403249
1766130318613286000,2228.038285888672,0,20,1.04800283908844,5.400000095367432,0,0,827.2000122070312,77.518557,13.0403249
1766130319599132200,2229.0241320800783,0,20,1.057861328125,5.415999889373779,0,0,827.2000122070312,77.518557,13.0403249
1766130320598300200,2230.0233000488283,0,20,1.0678529739379883,5.5,0,0,827.2000122070312,77.518557,13.0403249
1766130321593067300,2231.0180673828127,0,20,1.0778006315231323,5.5,0,0,827.2000122070312,77.518557,13.0403249
1766130322598322700,2232.023322753906,10,20,1.087853193283081,5.5,0.9099999666213989,241,827.2000122070312,77.5185415,13.0403231
1766130323573394000,2232.998393798828,10,20,1.0976039171218872,5.5,0.35999998450279236,241,827.2000122070312,77.5185372,13.0403195
1766130324571426300,2233.996426269531,0,20,1.1075842380523682,5.5,0.07999999821186066,0,827.2000122070312,77.5185377,13.0403218
1766130325586862300,2235.0118623046874,0,20,1.1177386045455933,5.5,0.07999999821186066,0,827.2000122070312,77.5185382,13.0403228
1766130326578946600,2236.003946533203,0,20,1.1276594400405884,5.5,0,0,827.2000122070312,77.518539,13.0403246
1766130327593710000,2237.0187099609375,0,20,1.1378071308135986,5.5,0,0,827.2000122070312,77.518539,13.0403246
1766130328599370500,2238.024370605469,0,20,1.147863745689392,5.5,0,0,827.2000122070312,77.518539,13.0403246
1766130329590977300,2239.015977294922,0,20,1.1577798128128052,5.5,0,0,827.2000122070312,77.518539,13.0403246
1766130330556442400,2239.9814423828125,10,20,1.1674344539642334,5.5,0.25999999046325684,247,827.2000122070312,77.5185418,13.0403223
1766130331573393200,2240.998393066406,10,20,1.1776039600372314,5.415999889373779,0.5399999618530273,346,827.2000122070312,77.518546,13.0403282
1766130332566227700,2241.991227783203,10,20,1.1875323057174683,5.333000183105469,0.4699999988079071,6,827.2000122070312,77.5185501,13.0403349
1766130333573609500,2242.998609375,0,20,1.197606086730957,5.333000183105469,0,0,827.2000122070312,77.5185543,13.0403424
1766130334560695000,2243.9856950683593,0,20,1.2074769735336304,5.25,0,0,827.2000122070312,77.5185543,13.0403424
1766130335569978000,2244.9949780273437,0,20,1.2175698280334473,5.199999809265137,0,0,827.2000122070312,77.5185543,13.0403424
1766130336560443000,2245.9854428710937,10,20,1.2274744510650635,5.25,0.17999999225139618,3,827.2000122070312,77.5185571,13.0403426
1766130337603370200,2247.028370361328,0,20,1.2379037141799927,5.300000190734863,0.029999999329447746,0,827.2000122070312,77.5185574,13.040343
1766130338554847500,2247.9798474121094,10,20,1.2474185228347778,5.25,0.17000000178813934,7,827.2000122070312,77.5185576,13.0403391
1766130339575588400,2249.0005883789063,0,20,1.257625937461853,5.199999809265137,0,0,827.2000122070312,77.5185569,13.0403397
1766130340579269600,2250.00426953125,0,20,1.2676626443862915,5.099999904632568,0,0,827.2000122070312,77.5185569,13.0403397
1766130341566182400,2250.9911823730467,0,20,1.2775318622589111,5,0,0,827.2000122070312,77.5185569,13.0403397
1766130342571146200,2251.9961462402343,0,20,1.287581443786621,5.083000183105469,0.05999999865889549,0,827.2000122070312,77.5185636,13.0403419
1766130343619906600,2253.044906494141,10,20,1.2980691194534302,5.199999809265137,0.20999999344348907,359,827.2000122070312,77.5185647,13.0403413
1766130344566848500,2253.9918486328124,10,20,1.3075385093688965,5.25,0.12999999523162842,359,827.2000122070312,77.5185669,13.0403408
1766130345571218700,2254.99621875,0,20,1.317582130432129,5.333000183105469,0,0,827.2000122070312,77.5185718,13.0403406
1766130346570229000,2255.9952290039064,10,20,1.3275723457336426,5.5,0.6200000047683716,23,827.2000122070312,77.5185807,13.040343
1766130347572858400,2256.9978583984375,10,20,1.3375985622406006,5.300000190734863,0.2800000011920929,25,827.2000122070312,77.5185838,13.0403475
1766130348574831400,2257.999831298828,0,20,1.3476183414459229,5.165999889373779,0.04999999701976776,0,827.2000122070312,77.5185849,13.0403496
1766130349579852500,2259.0048525390625,0,20,1.3576685190200806,4.900000095367432,0,0,827.2000122070312,77.5185844,13.0403494
1766130350571594500,2259.996594482422,0,20,1.3675858974456787,4.699999809265137,0,0,827.2000122070312,77.5185844,13.0403494
1766130351576397000,2261.001396972656,0,20,1.3776339292526245,4.5,0,0,827.2000122070312,77.5185844,13.0403494
1766130352576935000,2262.0019348144533,10,20,1.3876394033432007,4.599999904632568,0.4399999976158142,22,827.2000122070312,77.5185938,13.0403484
1766130353563585000,2262.9885849609377,10,20,1.3975058794021606,4.665999889373779,0.32999998331069946,22,827.2000122070312,77.5185942,13.0403458
1766130354581029600,2264.006029541016,10,20,1.4076802730560303,4.800000190734863,0.1899999976158142,22,827.2000122070312,77.5185913,13.0403437
1766130355578397700,2265.003397705078,0,20,1.417654037475586,4.900000095367432,0,0,827.2000122070312,77.5185968,13.0403434
1766130356567243300,2265.9922431640625,0,20,1.4275424480438232,4.915999889373779,0,0,827.2000122070312,77.5185968,13.0403434
1766130357562991900,2266.9879919433592,0,20,1.4374998807907104,5,0,0,827.2000122070312,77.5185968,13.0403434
1766130358572312600,2267.9973125,0,20,1.447593092918396,5,0,0,827.2000122070312,77.5185968,13.0403434
1766130359570043600,2268.9950437011717,0,20,1.4575704336166382,5,0,0,827.2000122070312,77.5185968,13.0403434
1766130360600281600,2270.0252814941405,0,20,1.4678728580474854,5,0,0,827.2000122070312,77.5185968,13.0403434
1766130361560988200,2270.98598828125,10,20,1.4774799346923828,5,0.11999999731779099,22,827.2000122070312,77.5186116,13.0403446
1766130362577874700,2272.0028747558595,10,20,1.4876487255096436,5,0.1899999976158142,22,827.2000122070312,77.5186136,13.0403446
1766130363601539800,2273.026539794922,10,20,1.4978853464126587,4.900000095367432,0.23999999463558197,22,827.2000122070312,77.5186139,13.0403466
1766130364615891200,2274.0408911132813,0,20,1.5080288648605347,4.800000190734863,0,0,827.2000122070312,77.5186154,13.0403474
1766130365619233000,2275.044232910156,0,20,1.5180623531341553,4.800000190734863,0,0,827.2000122070312,77.5186154,13.0403474
1766130366630639900,2276.0556398925783,0,20,1.5281764268875122,4.800000190734863,0,0,827.2000122070312,77.5186154,13.0403474
1766130367591008300,2277.0160083007813,10,20,1.5377800464630127,4.800000190734863,1.3399999141693115,148,827.2000122070312,77.5186045,13.040336
1766130368625421800,2278.050421875,10,20,1.5481241941452026,5,1.7599999904632568,194,827.2000122070312,77.5185971,13.040323
1766130369591348000,2279.0163479003904,10,20,1.5577834844589233,5.083000183105469,1.8899999856948853,202,827.2000122070312,77.5185898,13.0403106
1766130370607254000,2280.03225390625,10,20,1.567942500114441,5.333000183105469,1.7999999523162842,207,827.2000122070312,77.518581,13.0402958
1766130371596664000,2281.0216640625,10,20,1.5778366327285767,5.5,2.799999952316284,206,827.2000122070312,77.5185711,13.0402755
1766130372601205000,2282.026205078125,10,20,1.5878820419311523,5.699999809265137,3.3399999141693115,206,827.2000122070312,77.518561,13.0402491
1766130373584778500,2283.009778564453,10,20,1.5977177619934082,5.665999889373779,4.409999847412109,198,827.2000122070312,77.5185519,13.0402138
1766130374673505500,2284.0985056152344,10,20,1.6086050271987915,5.900000095367432,4.46999979019165,197,827.2000122070312,77.5185383,13.0401754
1766130375581720300,2285.006720214844,10,20,1.6176872253417969,5.915999889373779,4.259999752044678,193,827.2000122070312,77.5185273,13.0401306
1766130376631249000,2286.0562487792968,10,20,1.6281825304031372,5.900000095367432,5.62999963760376,192,827.2000122070312,77.5185093,13.0400832
1766130377586252000,2287.011251953125,10,20,1.6377325057983398,6,5.589999675750732,193,827.2000122070312,77.5184921,13.0400294
1766130378631646700,2288.0566467285157,10,20,1.648186445236206,6.199999809265137,5.25,195,827.2000122070312,77.5184777,13.0399775
1766130379580049700,2289.005049560547,10,20,1.657670497894287,6.165999889373779,4.920000076293945,192,827.2000122070312,77.5184682,13.0399344
1766130380605128200,2290.030128173828,10,20,1.6679213047027588,6.199999809265137,4.069999694824219,191,827.2000122070312,77.5184578,13.039903
1766130381610358300,2291.035358154297,10,20,1.6779736280441284,6.165999889373779,3.419999837875366,194,827.2000122070312,77.5184452,13.0398773
1766130382600642600,2292.025642578125,10,20,1.6878764629364014,6.099999904632568,2.429999828338623,197,827.2000122070312,77.5184385,13.0398584
1766130383621729000,2293.0467290039064,10,20,1.6980873346328735,6.083000183105469,1.959999918937683,196,827.2000122070312,77.5184354,13.0398424
1766130384600258800,2294.0252587890627,10,20,1.7078726291656494,6,1.959999918937683,194,827.2000122070312,77.5184299,13.0398253
1766130385608357400,2295.033357421875,10,20,1.7179535627365112,5.900000095367432,2,195,827.2000122070312,77.5184249,13.0398052
1766130386614847000,2296.039846923828,10,20,1.7280185222625732,5.900000095367432,1.909999966621399,200,827.2000122070312,77.5184183,13.039789
1766130387588676000,2297.013676025391,10,20,1.7377567291259766,5.915999889373779,1.6200000047683716,199,827.2000122070312,77.5184049,13.0397721
1766130388580648200,2298.0056481933593,10,20,1.7476764917373657,5.833000183105469,1.1999999284744263,195,827.2000122070312,77.518393,13.0397588
1766130389593285600,2299.0182856445313,10,20,1.7578028440475464,5.75,1.0499999523162842,191,827.2000122070312,77.5183901,13.0397432
1766130390614302200,2300.039302246094,10,20,1.7680130004882812,5.699999809265137,1.5399999618530273,193,827.2000122070312,77.5183877,13.0397282
1766130391597099300,2301.022099365234,10,20,1.7778409719467163,5.583000183105469,1.9399999380111694,192,827.2000122070312,77.5183805,13.039706
1766130392595443500,2302.020443359375,10,20,1.7878243923187256,5.300000190734863,2.0899999141693115,189,827.2000122070312,77.518375,13.0396842
1766130393572033500,2302.9970334472655,10,20,1.7975903749465942,5.333000183105469,2.6499998569488525,187,827.2000122070312,77.5183688,13.0396607
1766130394579553000,2304.0045529785157,10,20,1.8076655864715576,5.25,3.359999895095825,188,827.2000122070312,77.5183615,13.0396305
1766130395605125000,2305.030125,10,20,1.8179212808609009,5.165999889373779,3.759999990463257,190,827.2000122070312,77.5183552,13.0395945
1766130396634064400,2306.059064453125,10,20,1.8282105922698975,5.099999904632568,3.299999952316284,196,827.2000122070312,77.5183458,13.0395633
1766130397611690500,2307.0366904296875,10,20,1.837986946105957,5.099999904632568,3.0799999237060547,198,827.2000122070312,77.5183356,13.0395365
1766130398652927000,2308.077927001953,10,20,1.84839928150177,5,3.809999942779541,196,827.2000122070312,77.5183258,13.0395073
1766130399582792200,2309.007792236328,10,20,1.8576979637145996,5,3.549999952316284,194,827.2000122070312,77.5183179,13.0394786
1766130400673425400,2310.098425292969,10,20,1.868604302406311,5,2.9800000190734863,190,827.2000122070312,77.5183098,13.0394475
1766130401628777200,2311.0537770996093,10,20,1.8781577348709106,5,2,184,827.2000122070312,77.5183053,13.0394256
1766130402589865000,2312.0148649902344,10,20,1.8877686262130737,5,1.2599999904632568,184,827.2000122070312,77.5183026,13.0394111
1766130403588763600,2313.013763671875,10,20,100,5,1.3700000047683716,179,813,77.5182999,13.0394028
1766130404577753000,2314.0027531738283,10,20,100,5.083000183105469,1.9799998998641968,172,813,77.5183003,13.0393895
1766130405577973800,2315.002973876953,10,20,100,5.25,2.879999876022339,177,813,77.5183038,13.0393659
1766130406654847700,2316.07984765625,10,20,100,5.300000190734863,3.169999837875366,180,813,77.5183021,13.0393382
1766130407612662000,2317.037662109375,10,20,100,5.300000190734863,3.859999895095825,182,813,77.5182981,13.0393042
1766130408664340000,2318.089340087891,10,20,100,5.300000190734863,3.819999933242798,184,814,77.518296,13.0392679
1766130409628344600,2319.053344482422,10,20,100,5.300000190734863,3.569999933242798,184,814,77.518294,13.0392346
1766130410659367400,2320.0843674316407,10,20,100,5.099999904632568,4.569999694824219,186,814,77.5182899,13.0391948
1766130411637316400,2321.06231640625,10,20,100,5.083000183105469,5.349999904632568,184,814,77.5182916,13.0391463
1766130412632512000,2322.0575119628907,10,20,100,5.099999904632568,6.399999618530273,182,814,77.5182915,13.0390889
1766130413648423000,2323.0734228515626,10,20,100,5.083000183105469,6.829999923706055,179,814,77.5182876,13.0390274
1766130414647630800,2324.072630859375,10,20,100,5.099999904632568,6.639999866485596,180,814,77.5182839,13.0389604
1766130415642138600,2325.067138671875,10,20,100,5,6.869999885559082,179,814,77.5182816,13.0388959
1766130416642474800,2326.0674748535157,10,20,100,5,6.639999866485596,185,814,77.5182799,13.0388298
1766130417649554200,2327.0745541992187,10,20,100,5,6.309999942779541,183,814,77.5182834,13.0387688
1766130418624092400,2328.049092529297,10,20,100,4.915999889373779,6.429999828338623,183,815,77.5182875,13.0387058
1766130419660653800,2329.0856538085936,10,20,100,4.800000190734863,5.75,183,815,77.5182875,13.0386479
1766130420620706300,2330.045706298828,10,20,100,4.833000183105469,5.519999980926514,179,815,77.5182838,13.0385935
1766130421651275800,2331.0762758789065,10,20,100,4.900000095367432,5.210000038146973,179,815,77.5182854,13.0385401
1766130422617808000,2332.042807861328,10,20,100,4.915999889373779,5.589999675750732,180,815,77.5182805,13.0384909
1766130423654779000,2333.079778808594,10,20,100,5,5.420000076293945,181,815,77.5182774,13.0384388
1766130424625493200,2334.0504931640626,10,20,100,5,6.159999847412109,181,815,77.5182783,13.0383845
1766130425677341200,2335.102341064453,10,20,100,5,6.670000076293945,177,816,77.518287,13.0383176
1766130426647386400,2336.072386474609,10,20,100,5,6.769999980926514,176,816,77.5182919,13.0382523
1766130427669336300,2337.0943364257814,10,20,100,4.900000095367432,6.940000057220459,172,816,77.5182959,13.0381927
1766130428623041000,2338.048041015625,10,20,100,4.915999889373779,6.579999923706055,170,816,77.518303,13.0381352
1766130429654271500,2339.079271484375,10,20,100,4.900000095367432,6.670000076293945,170,817,77.518316,13.0380756
1766130430611548200,2340.036548095703,10,20,100,4.915999889373779,7.029999732971191,171,817,77.5183229,13.0380074
1766130431601714000,2341.0267138671875,10,20,100,5,7.869999885559082,173,817,77.518329,13.0379348
1766130432593660000,2342.0186599121093,10,20,100,5,7.980000019073486,173,817,77.5183347,13.0378573
1766130433572634400,2342.997634277344,10,20,100,5.083000183105469,8.279999732971191,176,817,77.5183352,13.0377786
1766130434603432700,2344.0284326171877,10,20,100,5.165999889373779,8.170000076293945,178,817,77.5183372,13.0376972
1766130435618498000,2345.043498046875,10,20,100,5.300000190734863,8.4399995803833,176,817,77.5183409,13.0376218
1766130436592854500,2346.0178544921873,10,20,100,5.333000183105469,7.799999713897705,176,817,77.518343,13.0375502
1766130437616655400,2347.0416552734373,10,20,100,5.400000095367432,7.839999675750732,180,818,77.5183483,13.0374721
1766130438685192200,2348.1101921386717,10,20,100,5.5,8.260000228881836,182,817,77.5183462,13.0373892
1766130439633675500,2349.0586755371096,10,20,100,5.5,8.449999809265137,181,818,77.5183461,13.037303
1766130440653738200,2350.07873828125,10,20,100,5.5,8.729999542236328,185,817,77.5183414,13.037218
1766130441647876900,2351.072876953125,10,20,100,5.5,8.539999961853027,183,817,77.5183396,13.0371319
1766130442661884200,2352.086884277344,10,20,100,5.400000095367432,8.920000076293945,181,817,77.5183425,13.0370448
1766130443649483500,2353.0744833984377,10,20,100,5.333000183105469,9.309999465942383,177,817,77.5183466,13.0369524
1766130444670239200,2354.0952392578124,10,20,100,5.099999904632568,8.710000038146973,179,817,77.5183505,13.036869
1766130445632795000,2355.057794921875,10,20,100,5.083000183105469,7.589999675750732,180,817,77.5183523,13.0367882
1766130446653091300,2356.0780913085937,10,20,100,4.900000095367432,6.819999694824219,180,818,77.5183665,13.0367109
1766130447643188700,2357.0681887207033,10,20,100,4.833000183105469,7.139999866485596,178,819,77.5183758,13.0366386
1766130448615953000,2358.0409528808595,10,20,100,4.75,7.239999771118164,179,819,77.5183828,13.0365685
1766130449654336500,2359.079336425781,10,20,100,4.665999889373779,7.359999656677246,181,818,77.5183818,13.0364926
1766130450654630700,2360.0796306152342,10,20,100,4.599999904632568,7.519999980926514,185,818,77.5183771,13.0364223
1766130451638563600,2361.0635634765626,10,20,100,4.583000183105469,6.980000019073486,184,817,77.5183709,13.0363552
1766130452672626400,2362.097626464844,10,20,100,4.599999904632568,7.019999980926514,185,818,77.5183654,13.0362903
1766130453643861800,2363.0688618164063,10,20,100,4.599999904632568,7.289999961853027,187,817,77.5183535,13.0362197
1766130454653780200,2364.0787802734376,10,20,100,4.665999889373779,8.269999504089355,186,817,77.5183425,13.0361386
1766130455618512100,2365.043512207031,10,20,100,4.665999889373779,8.229999542236328,187,817,77.5183267,13.0360552
1766130456584802300,2366.009802246094,10,20,100,4.665999889373779,7.819999694824219,187,818,77.5183044,13.0359783
1766130457611193900,2367.0361938476562,10,20,100,4.583000183105469,7.799999713897705,191,818,77.51829,13.0359062
1766130458605735200,2368.030735107422,10,20,100,4.415999889373779,7.669999599456787,193,818,77.5182732,13.0358345
1766130459663185200,2369.088185058594,10,20,100,4.199999809265137,7.75,193,818,77.518252,13.0357638
1766130460616483300,2370.0414833984373,10,20,100,4.083000183105469,7.589999675750732,195,818,77.5182327,13.0356947
1766130461641402600,2371.0664025878905,10,20,100,3.799999952316284,7.269999980926514,193,817,77.5182085,13.0356222
1766130462626636800,2372.05163671875,10,20,100,3.799999952316284,6.759999752044678,193,818,77.5181886,13.0355549
1766130463718581200,2373.143581298828,10,20,100,3.799999952316284,6.509999752044678,193,818,77.5181697,13.0354926
1766130464620965400,2374.0459653320313,10,20,100,3.75,6.489999771118164,195,818,77.518149,13.0354321
1766130465674983000,2375.099982910156,10,20,100,3.700000047683716,6.179999828338623,196,817,77.5181345,13.0353721
1766130466617226000,2376.042226074219,10,20,100,3.6659998893737793,4.349999904632568,194,817,77.5181194,13.0353231
1766130467589822700,2377.014822753906,10,20,100,3.75,3.359999895095825,188,817,77.5181099,13.035288
1766130468612502300,2378.0375021972654,10,20,100,3.75,1.959999918937683,184,817,77.5181066,13.0352681
1766130469675694800,2379.100694824219,10,20,100,3.9000000953674316,0.8100000023841858,182,816,77.5181033,13.0352568
1766130470629645300,2380.054645263672,10,20,100,4,0.20999999344348907,178,816,77.518103,13.0352538
1766130471627752400,2381.052752441406,0,20,100,4.300000190734863,0.09999999403953552,0,816,77.5181026,13.0352545
1766130472631840300,2382.0568403320312,10,20,100,4.400000095367432,0.3100000023841858,177,816,77.5181017,13.0352525
1766130473631033600,2383.0560336914064,0,20,100,4.5,0,0,816,77.5180984,13.0352474
1766130474655236600,2384.0802365722657,0,20,100,4.5,0,0,816,77.5180984,13.0352474
1766130475666123500,2385.0911235351564,10,20,100,4.5,1.5999999046325684,188,816,77.5180958,13.0352303
1766130476654420700,2386.079420654297,10,20,100,4.5,2.4099998474121094,189,817,77.5180915,13.0352135
1766130477669952800,2387.094952880859,10,20,100,4.5,3.1999998092651367,190,817,77.5180852,13.0351846
1766130478669996300,2388.0949963378907,10,20,100,4.5,4.239999771118164,196,817,77.5180746,13.0351474
1766130479635110400,2389.0601103515623,10,20,100,4.5,4.679999828338623,194,817,77.5180632,13.0350967
1766130480687538200,2390.1125380859376,10,20,100,4.5,5.029999732971191,189,817,77.5180558,13.0350453
1766130481629098500,2391.0540983886717,10,20,100,4.583000183105469,5.089999675750732,188,817,77.5180459,13.034997
1766130482679417300,2392.104417236328,10,20,100,4.599999904632568,4.699999809265137,187,817,77.5180361,13.0349449
1766130483647455500,2393.0724555664065,10,20,100,4.583000183105469,4.559999942779541,188,816,77.5180281,13.0348961
1766130484668656600,2394.0936567382814,10,20,100,4.599999904632568,5.440000057220459,189,817,77.5180143,13.0348423
1766130485626352400,2395.051352294922,10,20,100,4.665999889373779,5.639999866485596,188,816,77.5180035,13.0347938
1766130486658352400,2396.083352294922,10,20,100,4.599999904632568,6.029999732971191,188,816,77.5179938,13.0347364
1766130487635760000,2397.0607600097655,10,20,100,4.583000183105469,7.119999885559082,187,816,77.5179848,13.0346709
1766130488629479400,2398.0544794921875,10,20,100,4.583000183105469,7.769999980926514,189,816,77.5179663,13.0346001
1766130489624215000,2399.049215087891,10,20,100,4.583000183105469,8.220000267028809,189,816,77.5179455,13.0345224
1766130490669364200,2400.0943642578127,10,20,100,4.5,7.62999963760376,188,816,77.5179224,13.0344434
1766130491632870100,2401.0578701171876,10,20,100,4.5,7.809999942779541,190,816,77.5179037,13.0343639
1766130492646956500,2402.0719565429686,10,20,100,4.599999904632568,7.149999618530273,192,816,77.517885,13.0342938
1766130493605337000,2403.030337158203,10,20,100,4.583000183105469,6.539999961853027,188,817,77.5178691,13.0342284
1766130494655609900,2404.080609863281,10,20,100,4.599999904632568,6.559999942779541,184,817,77.5178561,13.0341608
1766130495632109300,2405.057109375,10,20,100,4.583000183105469,7.329999923706055,182,817,77.5178487,13.034093
1766130496654999600,2406.0799995117186,10,20,100,4.599999904632568,8.119999885559082,184,816,77.5178415,13.0340156
1766130497640123000,2407.0651228027345,10,20,100,4.583000183105469,8.229999542236328,182,816,77.5178327,13.0339268
1766130498624773600,2408.0497736816405,10,20,100,4.5,8.369999885559082,180,816,77.5178308,13.0338409
1766130499618258400,2409.043258544922,10,20,100,4.583000183105469,8.40999984741211,178,815,77.5178345,13.0337586
1766130500653313000,2410.078312988281,10,20,100,4.699999809265137,8.119999885559082,179,815,77.5178363,13.0336767
1766130501633385700,2411.0583857421875,10,20,100,4.665999889373779,7.809999942779541,180,815,77.5178378,13.0336029
1766130502638400800,2412.063400878906,10,20,100,4.75,7.859999656677246,179,814,77.5178398,13.0335253
1766130503689161200,2413.1141611328126,10,20,100,4.900000095367432,7.659999847412109,178,814,77.5178454,13.03345
1766130504615259600,2414.040259765625,10,20,100,4.915999889373779,7.75,177,814,77.5178546,13.0333745
1766130505640466700,2415.065466796875,10,20,100,4.915999889373779,7.87999963760376,174,814,77.5178683,13.0332986
1766130506658758000,2416.0837578125,10,20,100,5,8.09000015258789,172,814,77.5178807,13.0332185
1766130507681916400,2417.106916503906,10,20,100,5.099999904632568,8.309999465942383,167,814,77.5178978,13.033137
1766130508650312000,2418.075312011719,10,20,100,5.165999889373779,8.300000190734863,163,814,77.5179195,13.033059
1766130509594548200,2419.019548339844,10,20,100,5.25,8.460000038146973,161,814,77.5179474,13.0329852
1766130510580150500,2420.0051506347654,10,20,100,5.333000183105469,8.34999942779541,159,813,77.5179746,13.032918
1766130511572241400,2420.997241455078,10,20,100,5.415999889373779,8.309999465942383,157,813,77.5179929,13.0328473
1766130512600361200,2422.025361328125,10,20,100,5.5,7.349999904632568,153,813,77.5180177,13.0327812
1766130513618457000,2423.04345703125,10,20,100,5.5,7.230000019073486,151,812,77.5180467,13.0327173
1766130514613870600,2424.0388706054687,10,20,100,5.5,7.369999885559082,152,812,77.5180791,13.032655
1766130515609703000,2425.034702880859,10,20,100,5.5,7.509999752044678,153,811,77.5181117,13.0325896
1766130516616006000,2426.041005859375,10,20,100,5.599999904632568,7.639999866485596,153,812,77.5181445,13.0325242
1766130517608093000,2427.0330930175783,10,20,100,5.599999904632568,7.819999694824219,152,812,77.5181785,13.0324552
1766130518615041000,2428.040041015625,10,20,100,5.665999889373779,8.010000228881836,152,812,77.5182136,13.0323824
1766130519602949000,2429.02794921875,10,20,100,5.75,8.670000076293945,151,812,77.5182512,13.0323087
1766130520634101800,2430.0591018066407,10,20,100,6,8.389999389648438,150,811,77.5182946,13.0322399
1766130521642027000,2431.0670270996093,10,20,100,6.199999809265137,7.599999904632568,154,811,77.5183218,13.0321727
1766130522630197800,2432.055197753906,10,20,100,6.300000190734863,7.349999904632568,155,811,77.5183378,13.0321092
1766130523611555600,2433.0365556640627,10,20,100,6.25,7.230000019073486,155,812,77.5183582,13.0320379
1766130524617831200,2434.0428310546877,10,20,100,6.400000095367432,7.149999618530273,153,812,77.5183899,13.031972
1766130525622923000,2435.047923095703,10,20,100,6.415999889373779,6.679999828338623,153,812,77.5184187,13.0319128
1766130526613436200,2436.038436279297,10,20,100,6.415999889373779,6.349999904632568,156,812,77.5184381,13.0318549
1766130527646283800,2437.0712836914063,10,20,100,6.300000190734863,6.170000076293945,159,812,77.5184608,13.0317943
1766130528637676500,2438.0626765136717,10,20,100,6.300000190734863,5.869999885559082,157,811,77.5184837,13.0317407
1766130529610512400,2439.035512451172,10,20,100,6.25,5.779999732971191,156,811,77.5185093,13.0316934
1766130530621785600,2440.046785644531,10,20,100,6.165999889373779,5.869999885559082,157,811,77.5185294,13.0316417
1766130531598300700,2441.02330078125,10,20,100,6.083000183105469,5.75,161,812,77.518546,13.0315927
1766130532654279200,2442.0792790527344,10,20,100,6,6.069999694824219,163,812,77.51856,13.0315359
1766130533615541500,2443.0405415039063,10,20,100,6,6.589999675750732,165,812,77.5185766,13.0314739
1766130534622321000,2444.047320800781,10,20,100,6,6.71999979019165,166,813,77.518591,13.0314105
1766130535651421200,2445.076421142578,10,20,100,6,6.519999980926514,168,813,77.518604,13.0313469
1766130536679651800,2446.1046518554685,10,20,100,6.099999904632568,6.25,170,813,77.5186145,13.0312853
1766130537648619000,2447.0736188964843,10,20,100,6.165999889373779,6.5,167,813,77.5186294,13.0312253
1766130538590620000,2448.015619873047,10,20,100,6.25,7.190000057220459,162,813,77.5186495,13.0311595
1766130539582649600,2449.0076496582033,10,20,100,6.333000183105469,7.819999694824219,161,812,77.5186752,13.031089
1766130540594550800,2450.01955078125,10,20,100,6.415999889373779,7.75,158,812,77.5187019,13.0310193
1766130541616289000,2451.0412890625,10,20,100,6.5,8.039999961853027,155,811,77.5187299,13.030944
1766130542623699200,2452.04869921875,10,20,100,6.5,7.819999694824219,157,811,77.5187589,13.0308669
1766130543639577300,2453.064577392578,10,20,100,6.5,7.829999923706055,160,810,77.5187857,13.0307933
1766130544676738600,2454.101738525391,10,20,100,6.5,7.75,160,810,77.5188162,13.0307209
1766130545636168000,2455.06116796875,10,20,100,6.5,7.849999904632568,156,810,77.5188479,13.0306513
1766130546604296200,2456.029296142578,10,20,100,6.5,7.409999847412109,152,809,77.5188806,13.0305872
1766130547595189500,2457.020189453125,10,20,100,6.5,7.149999618530273,150,809,77.5189146,13.0305268
1766130548559779800,2457.984779785156,10,20,100,6.5,6.980000019073486,151,809,77.518944,13.0304677
1766130549596975400,2459.021975341797,10,20,100,6.5,7.299999713897705,151,809,77.5189796,13.0304052
1766130550579141000,2460.004141113281,10,20,100,6.415999889373779,6.949999809265137,152,809,77.519012,13.0303388
1766130551613600000,2461.0386000976564,10,20,100,6.300000190734863,7.739999771118164,151,810,77.5190424,13.0302688
1766130552594089200,2462.019089111328,10,20,100,6.333000183105469,8.380000114440918,155,810,77.5190773,13.0301921
1766130553597539300,2463.0225393066407,10,20,100,6.099999904632568,8.84000015258789,157,811,77.5191036,13.0301078
1766130554583637000,2464.0086369628907,10,20,100,6,9.319999694824219,158,812,77.5191346,13.0300194
1766130555598347800,2465.02334765625,10,20,100,5.800000190734863,9.880000114440918,159,812,77.5191726,13.029931
1766130556580502500,2466.0055024414064,10,20,100,5.833000183105469,10.239999771118164,160,812,77.5192101,13.0298369
1766130557582509600,2467.0075095214843,10,20,100,5.833000183105469,10.079999923706055,163,812,77.5192395,13.0297452
1766130558601018400,2468.026018310547,10,20,100,5.800000190734863,9.6899995803833,162,812,77.5192716,13.0296566
1766130559575173000,2469.0001730957033,10,20,100,5.915999889373779,9.300000190734863,160,812,77.5193028,13.0295748
1766130560571855600,2469.9968557128905,10,20,100,6.165999889373779,9.769999504089355,163,812,77.5193311,13.0294885
1766130561604425700,2471.02942578125,10,20,100,6.5,9.309999465942383,162,812,77.5193609,13.0294082
1766130562617262000,2472.0422619628907,10,20,100,6.699999809265137,9.09000015258789,161,812,77.5193952,13.0293295
1766130563604587000,2473.0295869140623,10,20,100,6.900000095367432,7.980000019073486,160,812,77.5194271,13.0292611
1766130564620497200,2474.0454970703126,10,20,100,7,7.440000057220459,155,812,77.5194593,13.0292002
1766130565613744000,2475.038744140625,10,20,100,7.099999904632568,7.25,151,811,77.5194898,13.0291368
1766130566606343700,2476.03134375,10,20,100,7.199999809265137,6.210000038146973,148,811,77.5195203,13.0290868
1766130567611745000,2477.0367451171874,10,20,100,7.333000183105469,5.940000057220459,146,811,77.5195515,13.0290371
1766130568608660700,2478.033660644531,10,20,100,7.599999904632568,4.599999904632568,143,811,77.5195705,13.0290058
1766130569597206000,2479.0222060546876,10,20,100,7.583000183105469,2.9600000381469727,139,811,77.5195935,13.0289738
1766130570596865300,2480.021865234375,10,20,100,7.665999889373779,1.809999942779541,131,811,77.5196042,13.0289684
1766130571641400600,2481.0664006347656,10,20,100,7.699999809265137,1.7300000190734863,111,811,77.5196114,13.028966
1766130572653953300,2482.0789533691404,10,20,100,7.699999809265137,1.0199999809265137,106,811,77.5196116,13.0289639
1766130573642944300,2483.0679443359377,10,20,100,7.599999904632568,0.3400000035762787,98,811,77.519613,13.0289605
1766130574637240000,2484.0622399902345,0,20,100,7.599999904632568,0.029999999329447746,0,811,77.5196115,13.0289574
1766130575598556400,2485.0235563964843,10,20,100,7.400000095367432,0.26999998092651367,92,811,77.5196097,13.0289536
1766130576640522500,2486.0655224609377,0,20,100,7.25,0,0,811,77.5196074,13.0289502
1766130577609685500,2487.034685546875,0,20,100,7.165999889373779,0,0,811,77.5196074,13.0289502
1766130578655537200,2488.080537109375,0,20,100,6.800000190734863,0,0,811,77.5196074,13.0289502
1766130579612737300,2489.0377373046877,0,20,100,6.833000183105469,0,0,811,77.5196074,13.0289502
1766130580649875700,2490.074875732422,0,20,100,6.800000190734863,0,0,811,77.5196074,13.0289502
1766130581602706400,2491.0277065429686,0,20,100,6.833000183105469,0,0,811,77.5196074,13.0289502
1766130582599559000,2492.0245588378907,10,20,100,7,0.5399999618530273,74,811,77.5196012,13.0289484
1766130583629193200,2493.0541931152343,10,20,100,7,0.3499999940395355,74,811,77.5196018,13.0289402
1766130584569449500,2493.9944494628908,0,20,100,7.165999889373779,0.08999999612569809,0,811,77.5196047,13.0289321
1766130585561470500,2494.9864704589845,0,20,100,7.165999889373779,0,0,811,77.5196121,13.0289264
1766130586598408200,2496.023408203125,10,20,100,7.083000183105469,0.41999998688697815,80,812,77.5196109,13.0289206
1766130587613386000,2497.038385986328,0,20,100,6.900000095367432,0.05999999865889549,0,813,77.5196106,13.0289191
1766130588621985300,2498.0469853515624,10,20,100,6.75,0.35999998450279236,80,813,77.519611,13.0289205
1766130589600934100,2499.025934082031,0,20,100,6.400000095367432,0,0,813,77.5196205,13.0289228
1766130590573448000,2499.9984479980467,10,20,100,6.199999809265137,0.17000000178813934,80,813,77.5196199,13.0289219
1766130591584159700,2501.0091596679686,10,20,100,6.165999889373779,0.2800000011920929,80,814,77.5196214,13.0289162
1766130592587783200,2502.012783203125,10,20,100,6.083000183105469,0.3199999928474426,80,814,77.5196287,13.0289132
1766130593562212900,2502.987212890625,0,20,100,5.915999889373779,0,0,815,77.5196354,13.0289081
1766130594582731300,2504.0077312011717,10,20,100,5.833000183105469,0.4899999797344208,78,815,77.519639,13.0289069
1766130595598651400,2505.0236513671875,10,20,100,5.699999809265137,0.44999998807907104,75,815,77.5196457,13.0289102
1766130596588660200,2506.01366015625,10,20,100,5.599999904632568,0.5199999809265137,308,815,77.5196429,13.0289112
1766130597565742800,2506.990742919922,10,20,100,5.665999889373779,0.38999998569488525,294,815,77.5196387,13.028909
1766130598609523200,2508.0345231933593,10,20,100,5.599999904632568,0.38999998569488525,278,815,77.5196311,13.0289042
1766130599597025000,2509.0220249023437,0,20,100,5.599999904632568,0,0,815,77.5196262,13.0289022
1766130600620170800,2510.0451706542967,0,20,100,5.599999904632568,0,0,815,77.5196262,13.0289022
1766130601626585300,2511.0515854492187,10,20,100,5.599999904632568,0.19999998807907104,289,815,77.519626,13.0289041
1766130602602937300,2512.0279372558593,0,20,100,5.5,0,0,815,77.5196255,13.0289038
1766130603608349400,2513.0333493652342,0,20,100,5.5,0,0,815,77.5196255,13.0289038
1766130604632209400,2514.0572094726563,0,20,100,5.5,0,0,815,77.5196255,13.0289039
1766130605587735600,2515.012735595703,0,20,100,5.5,0,0,815,77.5196255,13.0289039
1766130606566710800,2515.9917106933594,0,20,100,5.583000183105469,0,0,815,77.5196255,13.0289039
1766130607594876700,2517.019876708984,0,20,100,5.665999889373779,0,0,815,77.5196255,13.0289039
1766130608596762600,2518.0217626953126,0,20,100,5.75,0,0,815,77.5196255,13.0289039
1766130609608139300,2519.033139160156,0,20,100,5.833000183105469,0,0,815,77.5196255,13.0289039
1766130610608409300,2520.0334094238283,0,20,100,6,0,0,815,77.5196255,13.0289039
1766130611673382400,2521.0983823242186,10,20,100,6,0.3400000035762787,290,815,77.5196249,13.0289027
1766130612610408000,2522.0354079589843,10,20,100,6,0.5999999642372131,271,814,77.5196165,13.0288997
1766130613574572000,2522.9995720214843,10,20,100,6,0.5999999642372131,271,814,77.5196115,13.0288974
1766130614601746700,2524.026746582031,0,20,100,6,0,0,814,77.5196095,13.0288979
1766130615642801400,2525.067801513672,0,20,100,6,0,0,814,77.5196095,13.0288979
1766130616612197400,2526.037197265625,0,20,100,6,0,0,814,77.5196095,13.0288979
1766130617602689000,2527.027688964844,10,20,100,6.083000183105469,0.9300000071525574,247,814,77.5196018,13.0288898
1766130618591386400,2528.0163864746096,10,20,100,6.199999809265137,0.32999998331069946,246,815,77.5195992,13.0288817
1766130619627490600,2529.0524904785157,10,20,100,6.099999904632568,0.20999999344348907,245,815,77.5196052,13.0288808
1766130620576617000,2530.0016169433593,10,20,100,6,0.29999998211860657,244,815,77.5196058,13.0288792
1766130621603131000,2531.028130859375,0,20,100,6,0,0,815,77.5196071,13.0288767
1766130622624006400,2532.0490063476564,0,20,100,5.800000190734863,0,0,815,77.5196071,13.0288767
1766130623611516200,2533.0365161132813,0,20,100,5.699999809265137,0,0,815,77.5196071,13.0288767
1766130624645394700,2534.0703947753905,0,20,100,5.800000190734863,0,0,815,77.5196071,13.0288767
1766130625649046800,2535.074046875,0,20,100,6,0,0,815,77.5196071,13.0288767
1766130626644291000,2536.069291015625,0,20,100,6,0,0,815,77.5196071,13.0288767
1766130627647437000,2537.0724370117186,0,20,100,6.099999904632568,0,0,815,77.5196071,13.0288767
1766130628613794300,2538.0387941894533,0,20,100,6.099999904632568,0,0,815,77.5196071,13.0288767
1766130629578308900,2539.0033088378905,0,20,100,6.083000183105469,0,0,815,77.5196071,13.0288767
1766130630571020000,2539.9960200195314,0,20,100,6.083000183105469,0,0,815,77.5196071,13.0288767
1766130631614717200,2541.0397172851563,0,20,100,6,0,0,815,77.5196071,13.0288767
1766130632595746300,2542.0207463378906,0,20,100,6,0,0,815,77.5196071,13.0288767
1766130633570355000,2542.9953549804686,0,20,100,5.915999889373779,0,0,815,77.5196071,13.0288767
1766130634596316200,2544.0213161621095,0,20,100,5.800000190734863,0,0,815,77.5196071,13.0288767
1766130635610922800,2545.0359228515626,0,20,100,5.699999809265137,0,0,815,77.5196071,13.0288767
1766130636611423500,2546.0364235839843,0,20,100,5.75,0,0,815,77.5196071,13.0288767
1766130637568431000,2546.993431152344,0,20,100,5.583000183105469,0,0,815,77.5196071,13.0288767
1766130638599141400,2548.0241413574217,0,20,100,5.5,0,0,815,77.5196071,13.0288767
1766130639604256500,2549.029256591797,0,20,100,5.599999904632568,0,0,815,77.5196071,13.0288767
1766130640579669800,2550.0046696777345,0,20,100,5.583000183105469,0,0,815,77.5196071,13.0288767
1766130641587175200,2551.0121750488283,0,20,100,5.5,0,0,815,77.5196071,13.0288767
1766130642604240100,2552.029240234375,0,20,100,5.5,0,0,815,77.5196071,13.0288767
1766130643583593200,2553.008593261719,0,20,100,5.5,0,0,815,77.5196071,13.0288767
1766130644622919700,2554.047919677734,0,20,100,5.400000095367432,0,0,815,77.5196071,13.0288767
1766130645568244500,2554.9932443847656,0,20,100,5.415999889373779,0,0,815,77.5196071,13.0288767
1766130646570779400,2555.995779296875,0,20,100,5.415999889373779,0,0,815,77.5196071,13.0288767
1766130647587515400,2557.0125153808594,0,20,100,5.5,0,0,815,77.5196071,13.0288767
1766130648581591800,2558.006591796875,0,20,100,5.5,0,0,815,77.5196071,13.0288767
1766130649598167600,2559.0231674804686,0,20,100,5.5,0,0,815,77.5196071,13.0288767
1766130650583832300,2560.0088322753904,10,20,100,5.5,0.25999999046325684,258,816,77.519611,13.0288979
1766130651595866000,2561.0208662109376,10,20,100,5.5,0.1599999964237213,258,816,77.5196124,13.0289035
1766130652584150800,2562.0091508789064,10,20,100,5.5,0.25999999046325684,234,816,77.5196133,13.0289058
1766130653588926700,2563.0139267578124,0,20,100,5.5,0,0,816,77.5196148,13.0289082
1766130654616038100,2564.0410380859375,0,20,100,5.599999904632568,0,0,816,77.5196148,13.0289082
1766130655595904300,2565.020904296875,0,20,100,5.699999809265137,0,0,816,77.5196148,13.0289082
1766130656601584600,2566.026584716797,0,20,100,5.699999809265137,0,0,816,77.5196148,13.0289082
1766130657601270300,2567.026270263672,0,20,100,5.800000190734863,0,0,816,77.5196148,13.0289082
1766130658598406700,2568.023406738281,0,20,100,5.800000190734863,0,0,816,77.5196148,13.0289082
1766130659589154300,2569.014154296875,0,20,100,5.833000183105469,0,0,816,77.5196148,13.0289082
1766130660598122800,2570.023122802734,0,20,100,5.699999809265137,0,0,816,77.5196148,13.0289082
1766130661615581200,2571.0405812988283,0,20,100,5.699999809265137,0,0,816,77.5196148,13.0289082
1766130662596428300,2572.021428222656,0,20,100,5.75,0,0,816,77.5196148,13.0289082
1766130663579554600,2573.004554443359,0,20,100,5.75,0,0,816,77.5196148,13.0289082
1766130664579273200,2574.0042731933595,0,20,100,5.833000183105469,0,0,816,77.5196148,13.0289082
1766130665604466400,2575.0294665527344,0,20,100,5.900000095367432,0,0,816,77.5196148,13.0289082
1766130666613470200,2576.0384702148435,0,20,100,5.915999889373779,0,0,816,77.5196148,13.0289082
1766130667612148500,2577.0371484375,0,20,100,5.900000095367432,0,0,816,77.5196148,13.0289082
1766130668556145200,2577.981145263672,0,20,100,5.915999889373779,0,0,816,77.5196148,13.0289082
1766130669589841400,2579.0148413085935,0,20,100,5.800000190734863,0,0,816,77.5196148,13.0289082
1766130670574718700,2579.99971875,0,20,100,5.75,0,0,816,77.5196148,13.0289082
1766130671597396500,2581.022396484375,0,20,100,5.75,0.05999999865889549,0,816,77.519604,13.0289238
1766130672571174100,2581.9961740722656,10,20,100,5.75,0.11999999731779099,234,817,77.5196017,13.0289268
1766130673571206700,2582.9962065429686,10,20,100,5.800000190734863,0.29999998211860657,218,818,77.5195991,13.0289306
1766130674587477200,2584.012477294922,0,20,100,5.833000183105469,0,0,819,77.519601,13.0289316
1766130675581810200,2585.0068100585936,0,20,100,6,0,0,819,77.519601,13.0289316
1766130676578650400,2586.003650390625,10,20,100,5.915999889373779,2.0399999618530273,145,820,77.5196159,13.0289129
1766130677600867600,2587.0258676757812,10,20,100,5.800000190734863,2.4800000190734863,150,820,77.519626,13.0288903
1766130678602568000,2588.0275678710937,10,20,100,5.699999809265137,2.619999885559082,151,821,77.5196357,13.0288687
1766130679566069200,2588.9910693359375,10,20,100,5.75,4.210000038146973,162,822,77.5196462,13.0288389
1766130680575828500,2590.0008283691404,10,20,100,5.583000183105469,4.889999866485596,167,822,77.5196564,13.0287872
1766130681590096000,2591.0150959472658,10,20,100,5.5,5.049999713897705,171,822,77.5196601,13.0287483
1766130682590253600,2592.0152536621094,10,20,100,5.5,5.619999885559082,173,821,77.5196623,13.0286974
1766130683612023000,2593.0370229492187,10,20,100,5.400000095367432,5.259999752044678,171,822,77.5196761,13.0286506
1766130684603244000,2594.028244140625,10,20,100,5.300000190734863,4.610000133514404,179,822,77.5196808,13.0286063
1766130685581517600,2595.006517578125,10,20,100,5.400000095367432,3.879999876022339,195,822,77.5196778,13.0285683
1766130686585402000,2596.0104020996096,10,20,100,5.415999889373779,3.3399999141693115,213,822,77.5196628,13.0285384
1766130687590730200,2597.0157302246093,10,20,100,5.400000095367432,3.919999837875366,227,821,77.5196399,13.0285133
1766130688599603500,2598.024603515625,10,20,100,5.5,4.829999923706055,236,822,77.5196048,13.0284886
1766130689578232800,2599.0032329101564,10,20,100,5.583000183105469,5.779999732971191,247,822,77.5195558,13.0284653
1766130690572614700,2599.997614746094,10,20,100,5.583000183105469,5.730000019073486,252,822,77.5195105,13.0284441
1766130691613883600,2601.038883544922,10,20,100,5.5,6.75,252,822,77.5194541,13.0284204
1766130692668487400,2602.0934873046876,10,20,100,5.400000095367432,7.669999599456787,252,821,77.5193847,13.0283893
1766130693565983700,2602.990983642578,10,20,100,5.333000183105469,7.769999980926514,250,821,77.519313,13.0283573
1766130694592439600,2604.017439453125,10,20,100,5.099999904632568,8.079999923706055,250,821,77.5192419,13.0283276
1766130695590136000,2605.015135986328,10,20,100,4.900000095367432,8.239999771118164,247,822,77.5191723,13.0282993
1766130696632755000,2606.0577548828123,10,20,100,4.800000190734863,8.5,249,822,77.5190994,13.0282695
1766130697606650000,2607.0316501464845,10,20,100,4.833000183105469,7.839999675750732,251,823,77.5190346,13.0282424
1766130698631405000,2608.056405029297,10,20,100,4.699999809265137,7.609999656677246,250,824,77.5189695,13.028219
1766130699625628700,2609.0506286621094,10,20,100,4.599999904632568,8.029999732971191,248,824,77.5189005,13.0281909
1766130700600518400,2610.025518310547,10,20,100,4.599999904632568,7.869999885559082,246,824,77.5188323,13.028161
1766130701572855800,2610.9978557128907,10,20,100,4.583000183105469,7.529999732971191,245,824,77.5187674,13.0281289
1766130702614563000,2612.0395629882814,10,20,100,4.5,7.609999656677246,247,824,77.5186998,13.0281029
1766130703644458000,2613.0694580078125,10,20,100,4.5,7.489999771118164,249,824,77.5186339,13.0280764
1766130704629011000,2614.054010986328,10,20,100,4.5,7.079999923706055,249,824,77.5185672,13.028052
1766130705639509500,2615.0645095214845,10,20,100,4.5,6.449999809265137,252,824,77.5185103,13.028028
1766130706668450000,2616.093449951172,10,20,100,4.5,5.460000038146973,253,824,77.5184535,13.0280097
1766130707605796600,2617.030796630859,10,20,100,4.583000183105469,4.880000114440918,248,823,77.5184064,13.0279927
1766130708674716200,2618.0997160644533,10,20,100,4.599999904632568,4.509999752044678,244,824,77.5183616,13.0279705
1766130709634014700,2619.0590146484374,10,20,100,4.599999904632568,4.589999675750732,246,824,77.5183221,13.0279514
1766130710624614100,2620.0496142578127,10,20,100,4.583000183105469,4.599999904632568,244,824,77.5182764,13.0279334
1766130711625772800,2621.050772705078,10,20,100,4.583000183105469,5.109999656677246,247,825,77.5182356,13.0279158
1766130712650233000,2622.0752331542967,10,20,100,4.5,4.980000019073486,247,825,77.5181886,13.0278981
1766130713659136300,2623.0841362304686,10,20,100,4.5,4.920000076293945,247,824,77.5181437,13.0278776
1766130714641181400,2624.0661813964844,10,20,100,4.5,4.46999979019165,247,825,77.5180995,13.0278597
1766130715663871500,2625.088871582031,10,20,100,4.5,4.529999732971191,249,824,77.5180564,13.0278447
1766130716625545200,2626.0505451660156,10,20,100,4.5,5.119999885559082,249,825,77.5180117,13.0278323
1766130717673534000,2627.098533935547,10,20,100,4.5,5.199999809265137,248,825,77.5179672,13.0278125
1766130718633752600,2628.058752685547,10,20,100,4.5,5.759999752044678,247,825,77.5179185,13.0277899
1766130719673643000,2629.098643066406,10,20,100,4.5,6.649999618530273,245,825,77.517866,13.0277654
1766130720630091300,2630.0550913085935,10,20,100,4.5,6.679999828338623,247,826,77.517805,13.0277435
1766130721656280600,2631.0812805175783,10,20,100,4.5,6.609999656677246,248,825,77.5177443,13.0277204
1766130722582026000,2632.0070258789065,10,20,100,4.415999889373779,7.009999752044678,246,826,77.5176825,13.0276977
1766130723595852800,2633.0208527832033,10,20,100,4.415999889373779,6.889999866485596,247,826,77.5176136,13.0276743
1766130724645591800,2634.070591796875,10,20,100,4.415999889373779,7.25,246,826,77.5175478,13.0276476
1766130725647907800,2635.072907958984,10,20,100,4.400000095367432,6.849999904632568,245,826,77.5174846,13.0276201
1766130726639577900,2636.0645778808594,10,20,100,4.333000183105469,6.210000038146973,245,827,77.5174314,13.0275942
1766130727630852400,2637.055852294922,10,20,100,4.300000190734863,5.089999675750732,247,827,77.517387,13.0275759
1766130728651573200,2638.0765732421874,10,20,100,4.199999809265137,3.8399999141693115,246,827,77.5173446,13.0275582
1766130729646590000,2639.07158984375,10,20,100,4.199999809265137,3,245,828,77.517314,13.0275467
1766130730655577900,2640.0805778808594,10,20,100,4.199999809265137,3.0999999046325684,248,828,77.5172868,13.0275355
1766130731605017000,2641.0300170898436,10,20,100,4.25,3.569999933242798,247,829,77.5172582,13.0275247
1766130732620050400,2642.0450505371095,10,20,100,4.333000183105469,3.5399999618530273,247,829,77.5172282,13.0275112
1766130733583793700,2643.0087937011717,10,20,100,4.415999889373779,3.129999876022339,244,829,77.5171978,13.0274989
1766130734590433500,2644.01543359375,10,20,100,4.5,3.0999999046325684,248,829,77.517169,13.0274874
1766130735620034800,2645.0450349121093,10,20,100,4.5,3.25,248,829,77.5171364,13.0274749
1766130736684822500,2646.1098225097658,10,20,100,4.5,3.1399998664855957,254,829,77.5171051,13.0274649
1766130737631756300,2647.056756347656,10,20,100,4.599999904632568,3.6599998474121094,252,829,77.517073,13.0274542
1766130738666218800,2648.09121875,10,20,100,4.699999809265137,4.409999847412109,247,829,77.5170358,13.0274387
1766130739620317700,2649.045317626953,10,20,100,4.800000190734863,4.96999979019165,249,829,77.5169907,13.0274194
1766130740634246000,2650.0592458496094,10,20,100,4.900000095367432,6,250,829,77.5169355,13.0273993
1766130741636754000,2651.06175390625,10,20,100,4.915999889373779,5.789999961853027,250,829,77.5168816,13.0273739
1766130742652690700,2652.0776906738283,10,20,100,5,5.279999732971191,249,829,77.5168296,13.0273531
1766130743612636700,2653.03763671875,10,20,100,4.915999889373779,5.119999885559082,247,829,77.5167798,13.0273347
1766130744654505500,2654.0795053710935,10,20,100,4.900000095367432,4.909999847412109,245,829,77.5167307,13.0273146
1766130745641427700,2655.066427734375,10,20,100,4.800000190734863,5.279999732971191,242,830,77.5166746,13.0272947
1766130746662310400,2656.0873103027343,10,20,100,4.699999809265137,6.559999942779541,239,830,77.5166189,13.0272682
1766130747575065300,2657.0000654296873,10,20,100,4.665999889373779,7.25,245,830,77.5165543,13.0272374
1766130748671518500,2658.0965185546875,10,20,100,4.699999809265137,7.099999904632568,248,830,77.5164892,13.027212
1766130749653096400,2659.0780964355467,10,20,100,4.665999889373779,7.339999675750732,250,830,77.5164216,13.0271872
1766130750650978800,2660.075978759766,10,20,100,4.599999904632568,7.279999732971191,251,830,77.5163589,13.0271684
1766130751693977300,2661.118977294922,10,20,100,4.699999809265137,7.199999809265137,248,831,77.5162969,13.0271449
1766130752659809300,2662.084809326172,10,20,100,4.699999809265137,7.71999979019165,247,831,77.5162326,13.0271222
1766130753662349000,2663.0873491210937,10,20,100,4.665999889373779,8.389999389648438,249,831,77.5161573,13.0271009
1766130754637892900,2664.0628928222654,10,20,100,4.583000183105469,8.300000190734863,247,831,77.5160793,13.0270747
1766130755617700900,2665.0427009277346,10,20,100,4.583000183105469,9.319999694824219,245,831,77.5159952,13.0270468
1766130756611526400,2666.0365263671874,10,20,100,4.583000183105469,9.699999809265137,245,830,77.5159088,13.0270096
1766130757657779700,2667.082779785156,10,20,100,4.5,9.670000076293945,247,831,77.5158126,13.026975
1766130758620952600,2668.0459526367185,10,20,100,4.5,9.1899995803833,247,831,77.5157266,13.0269402
1766130759584180000,2669.0091799316406,10,20,100,4.5,8.649999618530273,247,832,77.5156446,13.0269069
1766130760607636200,2670.0326362304686,10,20,100,4.5,8.559999465942383,246,832,77.5155664,13.0268771
1766130761617453800,2671.042453857422,10,20,100,4.400000095367432,8.369999885559082,247,832,77.515491,13.0268452
1766130762632822000,2672.0578220214843,10,20,100,4.415999889373779,8.069999694824219,247,833,77.5154201,13.0268152
1766130763616124400,2673.041124511719,10,20,100,4.333000183105469,7.669999599456787,247,833,77.5153489,13.026789
1766130764640067600,2674.0650676269534,10,20,100,4.199999809265137,7.389999866485596,247,833,77.5152852,13.0267639
1766130765641159200,2675.0661591796875,10,20,100,4.099999904632568,7.259999752044678,248,833,77.5152224,13.0267394
1766130766639931000,2676.064930908203,10,20,100,4.099999904632568,7.549999713897705,249,833,77.5151572,13.0267146
1766130767661382700,2677.0863825683596,10,20,100,3.9000000953674316,7.449999809265137,248,834,77.5150832,13.0266885
1766130768683131000,2678.108130859375,10,20,100,3.799999952316284,6.809999942779541,249,834,77.5150164,13.0266629
1766130769657523000,2679.082522949219,10,20,100,3.700000047683716,5.440000057220459,248,834,77.5149546,13.0266385
1766130770610198000,2680.035197998047,10,20,100,3.6659998893737793,3.2699999809265137,247,834,77.5149137,13.0266199
1766130771602571500,2681.027571533203,10,20,100,3.6659998893737793,2.309999942779541,244,834,77.51489,13.0266102
1766130772679566800,2682.104566894531,10,20,100,3.700000047683716,1.309999942779541,242,834,77.5148754,13.0266038
1766130773632658700,2683.0576586914062,10,20,100,3.75,1.1100000143051147,241,834,77.5148657,13.0265972
1766130774649228000,2684.074228027344,10,20,100,3.8329999446868896,1.5,245,833,77.5148562,13.0265921
1766130775636183800,2685.0611838378904,10,20,100,4,2.1399998664855957,244,834,77.5148419,13.0265841
1766130776633939000,2686.058938964844,10,20,100,4,1.75,245,834,77.5148254,13.0265761
1766130777598489900,2687.0234897460937,10,20,100,4,1.090000033378601,243,834,77.5148129,13.02657
1766130778636668200,2688.0616682128907,10,20,100,4,0.8299999833106995,236,834,77.5148062,13.0265627
1766130779640674000,2689.0656740722657,10,20,100,4.083000183105469,0.8299999833106995,230,834,77.5148005,13.0265556
1766130780643587600,2690.0685876464845,10,20,100,4.199999809265137,0.29999998211860657,227,834,77.5147933,13.0265537
1766130781631630300,2691.056630371094,10,20,100,4.25,0.23999999463558197,224,834,77.5147879,13.0265526
1766130782662581000,2692.0875810546877,10,20,100,4.400000095367432,0.5999999642372131,226,834,77.5147847,13.0265523
1766130783646741000,2693.071740966797,0,20,100,4.5,0,0,834,77.5147781,13.0265516
1766130784683019300,2694.1080192871095,10,20,100,4.5,0.9799999594688416,232,834,77.5147714,13.0265513
1766130785642401500,2695.067401611328,10,20,100,4.583000183105469,2.059999942779541,243,834,77.5147596,13.0265421
1766130786647776300,2696.0727763671875,10,20,100,4.599999904632568,2.259999990463257,239,834,77.5147447,13.0265337
1766130787622022100,2697.047022216797,10,20,100,4.583000183105469,2.2100000381469727,241,834,77.514728,13.0265223
1766130788616591400,2698.0415913085935,10,20,100,4.583000183105469,1.71999990940094,242,834,77.5147156,13.0265139
1766130789651365600,2699.076365722656,10,20,100,4.583000183105469,1.4299999475479126,243,834,77.5147029,13.0265089
1766130790642064600,2700.067064697266,10,20,100,4.665999889373779,1.3399999141693115,243,834,77.5146968,13.0265027
1766130791641833200,2701.066833251953,10,20,100,4.583000183105469,1.090000033378601,241,834,77.5146906,13.0264969
1766130792633190400,2702.0581904296873,10,20,100,4.599999904632568,1.1899999380111694,241,834,77.5146798,13.0264914
1766130793646571000,2703.0715710449217,10,20,100,4.699999809265137,0.17000000178813934,240,834,77.5146754,13.0264886
1766130794620918500,2704.0459184570313,10,20,100,4.665999889373779,0.20999999344348907,238,834,77.5146742,13.0264855
1766130795637591300,2705.0625913085937,10,20,100,4.665999889373779,0.1899999976158142,238,834,77.5146753,13.026484
1766130796593911600,2706.0189116210936,0,20,100,4.583000183105469,0,0,834,77.514677,13.0264794
1766130797669244000,2707.0942438964844,0,20,100,4.599999904632568,0,0,834,77.514677,13.0264794
1766130798637008600,2708.062008544922,10,20,100,4.583000183105469,0.5600000023841858,235,834,77.5146742,13.0264776
1766130799660820000,2709.085820068359,10,20,100,4.599999904632568,1.3899999856948853,234,835,77.5146661,13.0264723
1766130800631602700,2710.0566027832033,10,20,100,4.583000183105469,2.129999876022339,235,835,77.5146525,13.0264607
1766130801660127700,2711.085127685547,10,20,100,4.599999904632568,3.490000009536743,231,835,77.5146317,13.0264429
1766130802603883800,2712.0288837890625,10,20,100,4.665999889373779,4.549999713897705,229,835,77.5145953,13.0264193
1766130803647195600,2713.0721955566405,10,20,100,4.699999809265137,5.299999713897705,234,835,77.5145374,13.0263853
1766130804618470000,2714.043469970703,10,20,100,4.665999889373779,6.119999885559082,244,835,77.5144876,13.0263604
1766130805669167600,2715.094167724609,10,20,100,4.599999904632568,7.779999732971191,247,835,77.5144198,13.0263326
1766130806635118300,2716.060118408203,10,20,100,4.583000183105469,8.050000190734863,247,835,77.5143433,13.0262954
1766130807649889000,2717.0748889160154,10,20,100,4.5,8.819999694824219,247,836,77.5142678,13.0262633
1766130808615170800,2718.0401708984373,10,20,100,4.5,8.609999656677246,249,836,77.5141844,13.0262385
1766130809628682000,2719.0536818847654,10,20,100,4.5,8.34000015258789,247,836,77.5141094,13.026213
1766130810639676700,2720.0646767578123,10,20,100,4.415999889373779,8.449999809265137,247,835,77.5140358,13.0261842
1766130811648689000,2721.0736889648438,10,20,100,4.300000190734863,9.300000190734863,249,835,77.5139518,13.026155
1766130812645873200,2722.070873046875,10,20,100,4.25,9.619999885559082,249,835,77.513866,13.0261244
1766130813636271600,2723.0612717285157,10,20,100,4.099999904632568,10.229999542236328,249,836,77.5137708,13.026098
1766130814593020000,2724.0180200195314,10,20,100,4.165999889373779,9.569999694824219,247,835,77.5136798,13.0260648
1766130815571335200,2724.996335205078,10,20,100,4.165999889373779,9.179999351501465,247,835,77.513592,13.026031
1766130816575859200,2726.000859130859,10,20,100,4.25,9.5,247,835,77.5135028,13.0259994
1766130817614499600,2727.0394995117185,10,20,100,4.333000183105469,9.699999809265137,251,835,77.5134139,13.0259699
1766130818643293400,2728.0682934570314,10,20,100,4.5,10.279999732971191,250,835,77.5133253,13.0259343
1766130819614017500,2729.039017578125,10,20,100,4.5,10.130000114440918,250,835,77.5132333,13.0259017
1766130820655181600,2730.080181640625,10,20,100,4.5,9.84000015258789,248,835,77.5131424,13.0258667
1766130821625244200,2731.050244140625,10,20,100,4.400000095367432,9.559999465942383,246,835,77.5130519,13.0258333
1766130822642552600,2732.0675524902344,10,20,100,4.300000190734863,9.609999656677246,246,835,77.5129673,13.025799
1766130823623694000,2733.0486940917967,10,20,100,4.25,9.529999732971191,248,834,77.5128862,13.0257694
1766130824643454000,2734.068453857422,10,20,100,4.099999904632568,9.40999984741211,248,834,77.5128024,13.0257395
1766130825650762500,2735.075762451172,10,20,100,4.083000183105469,9.489999771118164,250,834,77.5127184,13.0257064
1766130826650848000,2736.0758479003907,10,20,100,4,9.670000076293945,253,834,77.5126333,13.0256785
1766130827627970600,2737.0529704589844,10,20,100,4,10.619999885559082,252,834,77.5125408,13.0256488
1766130828663059200,2738.088059082031,10,20,100,4,11.789999961853027,250,834,77.5124292,13.0256143
1766130829641998600,2739.0669985351565,10,20,100,4,12.869999885559082,249,834,77.512311,13.025574
1766130830649014800,2740.074014892578,10,20,100,4,13.779999732971191,248,834,77.5121884,13.0255244
1766130831638462200,2741.063462158203,10,20,100,4,14,247,834,77.5120674,13.0254774
1766130832647870700,2742.072870605469,10,20,100,4,14.00999927520752,248,833,77.511945,13.0254241
1766130833678917000,2743.103917236328,10,20,100,4,12.929999351501465,246,833,77.5118312,13.0253709
1766130834631602000,2744.0566018066406,10,20,100,4,11.059999465942383,245,833,77.5117309,13.0253272
1766130835601268200,2745.026268310547,10,20,100,4,9.359999656677246,242,832,77.5116454,13.0252861
1766130836632171800,2746.057171875,10,20,100,4.083000183105469,8.760000228881836,241,832,77.5115741,13.0252462
1766130837646229200,2747.071229248047,10,20,100,4.165999889373779,6.739999771118164,240,832,77.5115129,13.0252134
1766130838635892500,2748.060892578125,10,20,100,4.25,5.279999732971191,241,832,77.5114689,13.0251875
1766130839655686000,2749.0806857910156,10,20,100,4.5,4.539999961853027,243,831,77.5114248,13.0251719
1766130840662260000,2750.0872600097655,10,20,100,4.599999904632568,4.190000057220459,244,831,77.5113861,13.0251559
1766130841689406700,2751.114406738281,10,20,100,4.599999904632568,4.420000076293945,243,831,77.5113505,13.025137
1766130842658344400,2752.083344482422,10,20,100,4.599999904632568,4.690000057220459,248,831,77.5113115,13.0251201
1766130843573811000,2752.9988110351565,10,20,100,4.583000183105469,4.089999675750732,250,832,77.5112747,13.0251083
1766130844645372000,2754.070371826172,10,20,100,4.665999889373779,3.4800000190734863,247,832,77.5112397,13.025088
1766130845623982000,2755.048982177734,10,20,100,4.665999889373779,2.119999885559082,242,832,77.5112157,13.0250771
1766130846626114000,2756.051114013672,10,20,100,4.75,1.1399999856948853,239,832,77.5112058,13.0250727
1766130847638094000,2757.0630939941407,10,20,100,4.833000183105469,0.9799999594688416,239,832,77.511196,13.0250677
1766130848572856600,2757.9978566894533,10,20,100,4.915999889373779,1,239,833,77.5111874,13.0250637
1766130849634999000,2759.0599990234373,0,20,100,5,0,0,833,77.511181,13.0250611
1766130850607819800,2760.0328198242187,10,20,100,5,1.5199999809265137,242,834,77.5111706,13.0250532
1766130851586386400,2761.0113864746095,10,20,100,5.083000183105469,2.009999990463257,239,834,77.5111589,13.0250441
1766130852577785600,2762.0027856445313,10,20,100,5.083000183105469,2.0199999809265137,237,834,77.511142,13.0250335
1766130853552780000,2762.977780029297,10,20,100,5.165999889373779,1.659999966621399,234,834,77.5111291,13.0250227
1766130854591582500,2764.0165825195313,10,20,100,5.25,1.709999918937683,230,834,77.5111195,13.025013
1766130855611522300,2765.036522216797,10,20,100,5.400000095367432,1.3700000047683716,222,834,77.5111125,13.0250019
1766130856622034200,2766.0470341796877,10,20,100,5.400000095367432,0.7799999713897705,219,834,77.5111068,13.0249951
1766130857615993000,2767.0409931640625,10,20,100,5.5,0.4399999976158142,215,834,77.5111032,13.024991
1766130858616855300,2768.041855224609,10,20,100,5.5,0.2800000011920929,211,834,77.5110978,13.0249888
1766130859588978400,2769.013978515625,10,20,100,5.5,0.7699999809265137,217,834,77.5110918,13.0249805
1766130860677690000,2770.102690185547,10,20,100,5.400000095367432,0.7999999523162842,206,835,77.5110829,13.0249694
1766130861610274300,2771.0352744140623,10,20,100,5.415999889373779,0.5600000023841858,178,835,77.5110815,13.0249614
1766130862593596000,2772.0185959472656,10,20,100,5.415999889373779,0.6200000047683716,173,834,77.5110804,13.0249578
1766130863569926000,2772.99492578125,10,20,100,5.415999889373779,0.35999998450279236,165,834,77.511078,13.024955
1766130864634242800,2774.059242919922,10,20,100,5.400000095367432,0.3400000035762787,158,834,77.5110727,13.0249563
1766130865596372700,2775.0213728027343,10,20,100,5.415999889373779,1.3899999856948853,195,834,77.5110661,13.0249487
1766130866607530000,2776.032530029297,10,20,100,5.5,2.669999837875366,202,835,77.5110556,13.0249276
1766130867585676300,2777.0106762695314,10,20,100,5.583000183105469,3.3499999046325684,199,835,77.5110468,13.0249016
1766130868646219300,2778.071219238281,10,20,100,5.599999904632568,3.4700000286102295,193,835,77.5110405,13.0248682
1766130869600375300,2779.025375244141,10,20,100,5.583000183105469,3.8499999046325684,192,835,77.5110326,13.0248332
1766130870600231000,2780.0252309570315,10,20,100,5.599999904632568,4.440000057220459,195,835,77.5110205,13.0247926
1766130871617592600,2781.042592529297,10,20,100,5.599999904632568,5.130000114440918,198,835,77.5110011,13.0247418
1766130872578831600,2782.003831542969,10,20,100,5.583000183105469,4.210000038146973,197,835,77.5109846,13.0246912
1766130873641537300,2783.0665373535157,10,20,100,5.415999889373779,3.75,196,835,77.5109696,13.0246497
1766130874579778300,2784.0047783203127,10,20,100,5.415999889373779,3.0399999618530273,202,834,77.5109583,13.0246186
1766130875598930200,2785.023930175781,10,20,100,5.415999889373779,2.5,203,834,77.5109471,13.0245941
1766130876599384800,2786.024384765625,10,20,100,5.415999889373779,2.1499998569488525,201,834,77.5109372,13.0245712
1766130877611545600,2787.036545654297,10,20,100,5.400000095367432,2.5399999618530273,206,834,77.5109233,13.0245494
1766130878596574000,2788.0215739746095,10,20,100,5.333000183105469,4.480000019073486,207,834,77.5108997,13.024515
1766130879617229800,2789.042229736328,10,20,100,5.300000190734863,7.639999866485596,210,834,77.5108582,13.0244469
1766130880585833500,2790.0108334960937,10,20,100,5.165999889373779,8.179999351501465,210,834,77.5108154,13.0243761
1766130881630437600,2791.055437744141,10,20,100,4.900000095367432,8.149999618530273,210,834,77.5107785,13.0243031
1766130882640315600,2792.065315673828,10,20,100,4.599999904632568,7.989999771118164,214,834,77.5107334,13.0242359
1766130883636921600,2793.061921630859,10,20,100,4.400000095367432,7.849999904632568,214,834,77.5106859,13.0241669
1766130884662940000,2794.087939941406,10,20,100,4.199999809265137,7.579999923706055,212,834,77.5106458,13.0240984
1766130885678967000,2795.1039670410155,10,20,100,4.099999904632568,7.339999675750732,208,833,77.5106096,13.0240368
1766130886612647400,2796.0376474609375,10,20,100,4.083000183105469,7.62999963760376,210,833,77.5105754,13.0239712
1766130887623201500,2797.0482014160157,10,20,100,4,6.87999963760376,210,833,77.5105433,13.0239079
1766130888607658000,2798.0326579589846,10,20,100,4.083000183105469,6.809999942779541,214,833,77.5105111,13.0238509
1766130889668818000,2799.093817871094,10,20,100,4.099999904632568,6.96999979019165,216,833,77.5104729,13.0237989
1766130890625852400,2800.0508522949217,10,20,100,4.083000183105469,6.730000019073486,211,833,77.5104429,13.0237441
1766130891603803600,2801.0288037109376,10,20,100,4.165999889373779,6.839999675750732,211,833,77.5104091,13.0236869
1766130892625602300,2802.050602294922,10,20,100,4.300000190734863,6.849999904632568,212,833,77.5103697,13.023634
1766130893600301300,2803.025301269531,10,20,100,4.415999889373779,6.420000076293945,214,833,77.5103315,13.0235888
1766130894616932900,2804.041932861328,10,20,100,4.415999889373779,6.569999694824219,214,833,77.5102982,13.0235427
1766130895619436300,2805.044436279297,10,20,100,4.5,6.170000076293945,212,833,77.5102588,13.0234943
1766130896621740500,2806.0467404785154,10,20,100,4.5,5.759999752044678,215,833,77.5102252,13.0234438
1766130897613888800,2807.038888671875,10,20,100,4.415999889373779,5.46999979019165,213,832,77.5101948,13.0233937
1766130898636686300,2808.0616862792967,10,20,100,4.099999904632568,4.420000076293945,214,832,77.510167,13.0233529
1766130899642829800,2809.0678298339844,10,20,100,3.9000000953674316,4.039999961853027,215,831,77.5101413,13.0233168
1766130900579596500,2810.004596435547,10,20,100,3.8329999446868896,3.809999942779541,215,830,77.5101185,13.0232844
1766130901594409700,2811.019409667969,10,20,100,3.6659998893737793,3.369999885559082,213,830,77.5101013,13.0232598
1766130902594260700,2812.0192607421877,10,20,100,3.5829999446868896,3,215,831,77.5100879,13.0232362
1766130903570876700,2812.9958767089843,10,20,100,3.5,2.9700000286102295,217,831,77.5100727,13.0232116
1766130904573825800,2813.9988256835936,10,20,100,3.5,2.990000009536743,215,831,77.5100582,13.0231869
1766130905615583200,2815.040583251953,10,20,100,3.5999999046325684,2.9700000286102295,211,832,77.5100449,13.0231596
1766130906629533200,2816.054533203125,10,20,100,3.700000047683716,3.509999990463257,209,832,77.5100298,13.0231321
1766130907637392000,2817.062391845703,10,20,100,3.799999952316284,3.93999981880188,209,832,77.5100128,13.0231036
1766130908621422000,2818.0464221191405,10,20,100,4,3.9099998474121094,208,832,77.5099955,13.0230692
1766130909611828200,2819.036828125,10,20,100,4.099999904632568,3.359999895095825,203,832,77.5099829,13.0230376
1766130910645775600,2820.0707756347656,10,20,100,4.199999809265137,3.18999981880188,207,832,77.5099714,13.0230104
1766130911605537500,2821.0305375976563,10,20,100,4.25,3.629999876022339,211,832,77.5099552,13.0229836
1766130912630867200,2822.0558671875,10,20,100,4.333000183105469,3.18999981880188,214,832,77.5099363,13.0229581
1766130913622977800,2823.0479777832034,10,20,100,4.400000095367432,3.240000009536743,216,832,77.5099162,13.0229322
1766130914615247400,2824.040247314453,10,20,100,4.5,3.919999837875366,215,832,77.5098948,13.0229038
1766130915602465000,2825.0274650878905,10,20,100,4.583000183105469,3.799999952316284,215,832,77.5098734,13.0228731
1766130916617612000,2826.042612060547,10,20,100,4.699999809265137,3,217,832,77.5098553,13.0228512
1766130917639788500,2827.0647885742187,10,20,100,4.900000095367432,2.919999837875366,216,832,77.5098379,13.0228288
1766130918617933300,2828.0429333496095,10,20,100,5,3.3299999237060547,210,832,77.5098229,13.022806
1766130919609063000,2829.034062988281,10,20,100,5.165999889373779,3.43999981880188,208,832,77.5098083,13.0227804
1766130920632891600,2830.0578916015625,10,20,100,5.400000095367432,3.4600000381469727,207,832,77.509792,13.0227555
1766130921613952500,2831.0389523925783,10,20,100,5.415999889373779,3.5299999713897705,210,832,77.5097756,13.0227281
1766130922627112700,2832.0521127929687,10,20,100,5.5,3.369999885559082,210,832,77.5097571,13.0227044
1766130923618429400,2833.0434294433594,10,20,100,5.5,4.329999923706055,214,832,77.5097346,13.0226732
1766130924653229300,2834.0782292480467,10,20,1.0233722925186157,5.5,4.529999732971191,216,828.8999633789062,77.5097129,13.0226353
1766130925609080800,2835.034080810547,10,20,1.032930850982666,5.583000183105469,5.239999771118164,214,828.8999633789062,77.5096908,13.0225998
1766130926568085500,2835.9930854492186,10,20,1.0425208806991577,5.583000183105469,5.25,212,828.8999633789062,77.5096628,13.0225589
1766130927589320400,2837.0143205566405,10,20,1.0527331829071045,5.583000183105469,5.420000076293945,207,828.8999633789062,77.5096409,13.022512
1766130928614008300,2838.0390083007815,10,20,1.062980055809021,5.583000183105469,6.539999961853027,208,828.8999633789062,77.509614,13.0224657
1766130929643074800,2839.0680747070314,10,20,1.0732707977294922,5.5,6.839999675750732,213,828.8999633789062,77.5095751,13.0224119
1766130930625304300,2840.0503041992188,10,20,1.0830930471420288,5.300000190734863,6.150000095367432,213,828.8999633789062,77.5095328,13.0223673
1766130931694371800,2841.119371826172,10,20,1.0937837362289429,5.199999809265137,6.099999904632568,212,828.8999633789062,77.5094992,13.0223183
1766130932645767200,2842.0707670898437,10,20,1.1032977104187012,5.099999904632568,6.549999713897705,210,828.8999633789062,77.5094658,13.0222633
1766130933685213400,2843.1102133789063,10,20,1.1136921644210815,5,7.12999963760376,210,828.8999633789062,77.509429,13.0222006
1766130934647212800,2844.072212890625,10,20,1.1233121156692505,5,7.799999713897705,210,828.8999633789062,77.50939,13.0221383
1766130935630036700,2845.0550366210937,10,20,1.1331403255462646,4.900000095367432,8.279999732971191,210,828.8999633789062,77.5093475,13.0220722
1766130936622256400,2846.0472563476565,10,20,1.1430625915527344,4.915999889373779,8.300000190734863,210,828.8999633789062,77.5093065,13.022003
1766130937656655600,2847.081655517578,10,20,1.1534065008163452,4.800000190734863,8.619999885559082,211,828.8999633789062,77.5092569,13.0219263
1766130938635307300,2848.0603073730467,10,20,1.1631931066513062,4.75,9.309999465942383,212,828.8999633789062,77.5092032,13.0218509
1766130939643854800,2849.068854736328,10,20,1.173278570175171,4.665999889373779,9.15999984741211,211,828.8999633789062,77.5091484,13.0217715
1766130940627262700,2850.0522626953125,10,20,1.183112621307373,4.5,8.989999771118164,214,828.8999633789062,77.5090916,13.021697
1766130941636130800,2851.061130859375,10,20,1.1932013034820557,4.300000190734863,8.809999465942383,213,828.8999633789062,77.5090292,13.021622
1766130942640776400,2852.0657763671875,10,20,1.2032477855682373,4.165999889373779,8.630000114440918,215,828.8999633789062,77.5089755,13.0215513
1766130943662957600,2853.0879575195313,10,20,1.2134696245193481,4,7.909999847412109,212,828.8999633789062,77.5089285,13.021481
1766130944659679700,2854.0846796875,10,20,1.2234368324279785,3.9000000953674316,8.050000190734863,213,828.8999633789062,77.5088851,13.0214158
1766130945663229200,2855.088229248047,10,20,1.2334723472595215,3.9000000953674316,8.1899995803833,215,828.8999633789062,77.508841,13.0213577
1766130946618375000,2856.043375,10,20,1.2430237531661987,3.9159998893737793,8,216,828.8999633789062,77.5087943,13.0212973
1766130947669225500,2857.0942255859377,10,20,1.2535322904586792,4,8.15999984741211,213,828.8999633789062,77.5087464,13.0212335
1766130948677782300,2858.1027822265623,10,20,1.2636178731918335,4,8.59999942779541,213,828.8999633789062,77.5086977,13.0211666
1766130949653267200,2859.078267089844,10,20,1.2733726501464844,4,8.260000228881836,212,828.8999633789062,77.5086526,13.0211006
1766130950667064600,2860.0920646972654,10,20,1.283510684967041,4,7.759999752044678,211,828.8999633789062,77.5086144,13.0210403
1766130951624040700,2861.049040771484,10,20,1.293080449104309,4,7.079999923706055,211,828.8999633789062,77.5085752,13.0209807
1766130952637189600,2862.0621896972657,10,20,1.3032119274139404,4,5.929999828338623,210,828.8999633789062,77.5085425,13.0209332
1766130953618428200,2863.043428222656,10,20,1.3130242824554443,4.083000183105469,4.009999752044678,211,828.8999633789062,77.5085171,13.0208977
1766130954648851200,2864.073851318359,10,20,1.3233284950256348,4.165999889373779,2.740000009536743,213,828.8999633789062,77.5085027,13.0208744
1766130955641383000,2865.0663828125,10,20,1.3332538604736328,4.25,1.3899999856948853,212,828.8999633789062,77.508493,13.0208586
1766130956647201000,2866.0722009277342,10,20,1.3433120250701904,4.400000095367432,0.5299999713897705,215,828.8999633789062,77.5084877,13.0208506
1766130957628804400,2867.0538044433592,10,20,1.3531280755996704,4.415999889373779,0.429999977350235,216,828.8999633789062,77.5084906,13.0208506
1766130958578800600,2868.0038005371093,10,20,1.3626279830932617,4.5,0.75,154,828.8999633789062,77.508495,13.0208524
1766130959562071600,2868.987071533203,10,20,1.3724607229232788,4.5,0.23999999463558197,140,828.8999633789062,77.5084982,13.020851
1766130960581735700,2870.006735595703,10,20,1.3826574087142944,4.5,0.29999998211860657,126,828.8999633789062,77.5084961,13.0208483
1766130961566831000,2870.9918310546873,10,20,1.3925082683563232,4.5,0.38999998569488525,111,828.8999633789062,77.5084979,13.0208469
1766130962590366000,2872.0153659667967,10,20,1.4027436971664429,4.583000183105469,1.0399999618530273,191,828.8999633789062,77.5084937,13.0208392
1766130963612658200,2873.037658203125,10,20,1.4129666090011597,4.599999904632568,1.2699999809265137,212,828.8999633789062,77.5084863,13.02083
1766130964590993000,2874.0159929199217,10,20,1.4227498769760132,4.599999904632568,0.8999999761581421,211,828.8999633789062,77.508481,13.0208192
1766130965619034600,2875.044034667969,10,20,1.433030366897583,4.599999904632568,0.85999995470047,206,828.8999633789062,77.5084826,13.0208073
1766130966649342500,2876.0743425292967,0,20,1.443333387374878,4.599999904632568,0,0,828.8999633789062,77.5084797,13.0207964
1766130967635072300,2877.060072265625,0,20,1.4531906843185425,4.5,0,0,828.8999633789062,77.5084797,13.0207964
1766130968629995500,2878.054995605469,0,20,1.4631400108337402,4.5,0,0,828.8999633789062,77.5084797,13.0207964
1766130969632969000,2879.0579689941405,0,20,1.4731696844100952,4.5,0,0,828.8999633789062,77.5084797,13.0207964
1766130970626814500,2880.051814453125,0,20,1.4831081628799438,4.5,0,0,828.8999633789062,77.5084797,13.0207964
1766130971569384200,2880.9943842773437,0,20,1.492533802986145,4.415999889373779,0,0,828.8999633789062,77.5084797,13.0207964
1766130972609399300,2882.0343994140626,0,20,1.5029339790344238,4.333000183105469,0,0,828.8999633789062,77.5084797,13.0207964
1766130973568087600,2882.9930876464846,10,20,1.5125209093093872,4.333000183105469,0.8499999642372131,200,828.8999633789062,77.5084748,13.020786
1766130974630669000,2884.0556689453124,10,20,1.5231467485427856,4.333000183105469,0.7099999785423279,201,828.8999633789062,77.5084712,13.0207768
1766130975594843600,2885.01984375,10,20,1.5327883958816528,4.333000183105469,0.8100000023841858,212,828.8999633789062,77.5084641,13.0207695
1766130976607105800,2886.032105712891,0,20,1.5429110527038574,4.400000095367432,0,0,828.8999633789062,77.5084541,13.0207622
1766130977641275000,2887.0662749023436,0,20,1.5532526969909668,4.599999904632568,0,0,828.8999633789062,77.5084541,13.0207622
1766130978638387000,2888.0633869628905,0,20,1.5632238388061523,4.699999809265137,0,0,828.8999633789062,77.5084541,13.0207622
1766130979615678700,2889.0406787109373,10,20,1.572996735572815,4.75,0.9699999690055847,202,828.8999633789062,77.508446,13.020741
1766130980627624400,2890.052624511719,10,20,1.5831162929534912,4.800000190734863,0.8199999928474426,199,828.8999633789062,77.5084365,13.0207242
1766130981580450600,2891.005450439453,10,20,1.592644453048706,4.75,0.8499999642372131,206,828.8999633789062,77.5084261,13.0207112
1766130982588780500,2892.013780517578,0,20,1.6027277708053589,4.75,0,0,828.8999633789062,77.5084219,13.0207031
1766130983613557000,2893.0385568847655,0,20,1.6129755973815918,4.583000183105469,0,0,828.8999633789062,77.5084219,13.0207031
1766130984598000400,2894.0230004882815,0,20,1.6228200197219849,4.5,0,0,828.8999633789062,77.5084219,13.0207031
1766130985566969900,2894.991969970703,10,20,1.632509708404541,4.333000183105469,0.9300000071525574,217,828.8999633789062,77.5084117,13.0206883
1766130986603697400,2896.0286975097656,10,20,1.6428769826889038,4.300000190734863,0.38999998569488525,220,828.8999633789062,77.5084021,13.0206841
1766130987626649300,2897.0516494140625,10,20,1.653106451034546,4.300000190734863,0.6399999856948853,226,828.8999633789062,77.5083938,13.0206775
1766130988585839900,2898.01083984375,10,20,1.6626983880996704,4.333000183105469,0.9099999666213989,218,828.8999633789062,77.508386,13.0206688
1766130989631142000,2899.056141845703,0,20,1.6731513738632202,4.400000095367432,0,0,828.8999633789062,77.5083794,13.0206573
1766130990606674200,2900.0316740722656,0,20,1.6829067468643188,4.5,0,0,828.8999633789062,77.5083794,13.0206573
1766130991638982700,2901.063982666016,0,20,1.6932297945022583,4.5,0,0,828.8999633789062,77.5083794,13.0206573
1766130992632417300,2902.057417236328,0,20,1.7031642198562622,4.400000095367432,0,0,828.8999633789062,77.5083794,13.0206573
1766130993611090000,2903.03608984375,0,20,1.7129509449005127,4.400000095367432,0,0,828.8999633789062,77.5083794,13.0206573
1766130994621597000,2904.046596923828,0,20,1.7230559587478638,4.333000183105469,0,0,828.8999633789062,77.5083794,13.0206573
1766130995638086700,2905.063086669922,0,20,1.7332208156585693,4.300000190734863,0,0,828.8999633789062,77.5083794,13.0206573
1766130996649741600,2906.0747414550783,10,20,1.7433373928070068,4.300000190734863,1.1599494218826294,180.31532287597656,828.8999633789062,77.5083782,13.0206447
1766130997624767200,2907.049767333984,10,20,1.7530876398086548,4.333000183105469,0.9911165833473206,183.8360137939453,828.8999633789062,77.5083738,13.0206365
1766130997748000000,2907.173,180,1.5,1.1235162019729614,9.411999702453613,1.167468786239624,184.13174438476562,833.5,77.5083726,13.0206326
1766130998518073300,2907.9430732421874,180,1.5,1.1235162019729614,12.998000144958496,1.5881528854370117,185.4443817138672,833.5,77.5083693,13.020616
1766130998622413800,2908.0474138183595,180,1.5,1.1322603225708008,13.522000312805176,1.0565855503082275,187.54815673828125,833.5,77.5083696,13.0206257
1766130999043219700,2908.4682197265624,110.91831970214844,0.38366734981536865,1.1322603225708008,12.869999885559082,1.2405472993850708,247.08013916015625,833.5,77.5083651,13.0206282
1766130999494264800,2908.919264892578,110.89479064941406,0.38366734981536865,1.1322603225708008,12.402000427246094,1.2335044145584106,245.94664001464844,833.5,77.5083633,13.0206279
1766130999586219800,2909.0112197265626,180,0.35815703868865967,1.1418983936309814,11.866000175476074,0.65907222032547,120.5943832397461,833.5,77.5083646,13.0206293
1766131000438323500,2909.863323486328,87.55963897705078,0.2918022572994232,1.1418983936309814,12.274999618530273,0.7811274528503418,233.858154296875,833.5,77.508365,13.0206273
1766131000571261200,2909.996261230469,90.9414291381836,0.3090236485004425,1.151748776435852,11.782999992370605,0.8009150624275208,245.2260284423828,833.5,77.5083625,13.0206287
1766131001038398700,2910.4633986816407,70.6430892944336,0.2635026276111603,1.151748776435852,12.069000244140625,0.9607195854187012,239.7503204345703,833.5,77.5083574,13.0206269
1766131001518450700,2910.9434506835937,70.21687316894531,0.29095199704170227,1.151748776435852,11.744999885559082,1.005072832107544,238.335205078125,833.5,77.5083532,13.0206248
1766131001574340400,2910.9993403320314,76.11036682128906,0.2768031358718872,1.1617796421051025,11.380000114440918,0.858639121055603,239.04689025878906,833.5,77.5083538,13.0206257
1766131002075613700,2911.5006137695314,46.01337432861328,0.24994979798793793,1.1617796421051025,11.628999710083008,0.9569662809371948,235.6303253173828,833.5,77.5083502,13.0206224
1766131002557320000,2911.982319824219,45.89194869995117,0.27576491236686707,1.1617796421051025,11.38599967956543,0.9708238840103149,240.19964599609375,833.5,77.5083469,13.0206195
1766131002578987800,2912.003987792969,46.44117736816406,0.2828618884086609,1.1718261241912842,11.111000061035156,0.8550528883934021,241.30104064941406,833.5,77.5083475,13.02062
1766131003091994400,2912.5169943847654,36.89004898071289,0.23272423446178436,1.1718261241912842,9.661999702453613,0.9847985506057739,240.9113311767578,833.5,77.508343,13.0206168
1766131003577961000,2913.0029609375,34.39187240600586,0.2645600140094757,1.1718261241912842,7.769999980926514,1.0016621351242065,238.644775390625,833.5,77.5083387,13.0206139
1766131004133470000,2913.5584699707033,31.226058959960938,0.2555845379829407,1.1816937923431396,7.686999797821045,1.0019984245300293,234.56146240234375,833.5,77.5083347,13.0206106
1766131004593725200,2914.0187250976564,32.961570739746094,0.27914997935295105,1.1816937923431396,7.685999870300293,0.9962500929832458,237.20803833007812,833.5,77.5083314,13.020608
1766131004605948700,2914.030948730469,29.625150680541992,0.24346382915973663,1.1920956373214722,7.665999889373779,1.0009818077087402,235.33628845214844,833.5,77.5083323,13.020607
1766131005197094400,2914.6220944824217,28.153905868530273,0.23105613887310028,1.1920956373214722,7.668000221252441,1.0654264688491821,236.64781188964844,833.5,77.5083284,13.0206022
1766131005576654000,2915.0016540527345,27.648212432861328,0.21097134053707123,1.2018027305603027,7.670000076293945,1.0558183193206787,236.00161743164062,833.5,77.5083276,13.0205975
1766131005619220700,2915.044220703125,27.648212432861328,0.2462392896413803,1.2018027305603027,7.646999835968018,1.0564662218093872,235.96507263183594,833.5,77.5083282,13.0205961
1766131006215041300,2915.6400412597654,26.94334602355957,0.22077664732933044,1.2018027305603027,7.64900016784668,1.0710738897323608,236.10963439941406,833.5,77.5083241,13.0205912
1766131006610683400,2916.0356833496094,25.134681701660156,0.20359522104263306,1.212143063545227,7.619999885559082,1.0267481803894043,227.85458374023438,833.5,77.5083241,13.0205853
1766131006715200300,2916.1402001953124,24.698381423950195,0.24216578900814056,1.212143063545227,7.5920000076293945,1.0274934768676758,226.54493713378906,833.5,77.5083248,13.020583
1766131007279535000,2916.70453515625,24.044790267944336,0.2338462471961975,1.212143063545227,7.577000141143799,1.0994831323623657,223.71939086914062,833.5,77.5083217,13.0205774
1766131007428739800,2916.8537397460937,24.042478561401367,0.2338462471961975,1.1100647449493408,7.579999923706055,1.1034035682678223,222.40785217285156,833.5,77.5083213,13.0205758
1766131007597933600,2917.02293359375,21.406911849975586,0.20349156856536865,1.1125141382217407,7.5320000648498535,0.9476594924926758,214.8765106201172,833.5,77.50832,13.0205692
1766131007859340000,2917.2843400878905,20.539033889770508,0.24980711936950684,1.1125141382217407,7.519000053405762,0.9302728772163391,210.62782287597656,833.5,77.508319,13.0205641
1766131008455492000,2917.8804921875,20.657852172851562,0.246700257062912,1.1125141382217407,7.526000022888184,0.9989498853683472,207.18222045898438,833.5,77.5083163,13.0205567
1766131008595187700,2918.0201877441405,20.736051559448242,0.2438957542181015,1.1224865913391113,7.453000068664551,0.8387792706489563,205.32569885253906,833.5,77.5083181,13.020554
1766131008974027800,2918.399027832031,19.32097816467285,0.2788950502872467,1.1224865913391113,7.433000087738037,0.8289499282836914,210.88685607910156,833.5,77.5083183,13.0205503
1766131009456723700,2918.8817236328123,19.2171630859375,0.24187879264354706,1.1224865913391113,7.421999931335449,0.9579960107803345,220.5908203125,833.5,77.5083164,13.020546
1766131009604707600,2919.0297075195313,18.7160701751709,0.2701369524002075,1.1325818300247192,7.3460001945495605,0.7714640498161316,218.9349822998047,833.5,77.5083176,13.020545
1766131009878551300,2919.3035512695315,19.01316261291504,0.2701369524002075,1.1325818300247192,7.318999767303467,0.7507209777832031,218.50570678710938,833.5,77.5083174,13.0205433
1766131010475384300,2919.9003842773436,18.85565185546875,0.27522799372673035,1.1325818300247192,7.296999931335449,0.9412490129470825,215.60931396484375,833.5,77.5083145,13.0205391
1766131010668369400,2920.0933693847655,19.631053924560547,0.27455779910087585,1.1432183980941772,7.26200008392334,0.7118898630142212,212.97801208496094,833.5,77.5083155,13.020539
1766131010911524400,2920.3365244140623,21.256805419921875,0.27455779910087585,1.1432183980941772,7.24399995803833,0.6919475197792053,210.360595703125,833.5,77.5083158,13.0205384
1766131011452508200,2920.8775080566406,19.5880184173584,0.29970622062683105,1.1432183980941772,7.2179999351501465,0.9120646715164185,211.06227111816406,833.5,77.5083134,13.020534
1766131011604205600,2921.0292055664063,19.067501068115234,0.2920571267604828,1.1525768041610718,7.203999996185303,0.7462902665138245,210.36935424804688,833.5,77.5083144,13.0205338
1766131011937511400,2921.362511474609,19.108938217163086,0.3106928765773773,1.1525768041610718,7.198999881744385,0.7316153645515442,210.2521209716797,833.5,77.5083142,13.0205324
1766131012477254700,2921.902254638672,18.165115356445312,0.2891612648963928,1.1525768041610718,7.165999889373779,1.012864589691162,207.86883544921875,833.5,77.5083117,13.0205275
1766131012623587800,2922.048587890625,18.434221267700195,0.3061290979385376,1.1627706289291382,7.151000022888184,0.7929192781448364,205.0980987548828,833.5,77.5083132,13.0205276
1766131012898577400,2922.323577392578,18.165760040283203,0.3274844288825989,1.1627706289291382,7.136000156402588,0.7683091163635254,202.31016540527344,833.5,77.5083137,13.0205266
1766131013613774600,2923.0387746582032,18.40511131286621,0.25592753291130066,1.1726725101470947,7.10099983215332,0.9976571798324585,205.61167907714844,833.5,77.5083125,13.0205209
1766131013652097800,2923.0770979003905,18.40511131286621,0.25592753291130066,1.1726725101470947,7.093999862670898,1.003104329109192,205.7118682861328,833.5,77.5083126,13.0205201
1766131014073988400,2923.49898828125,17.839570999145508,0.22519551217556,1.1726725101470947,7.0970001220703125,1.1658040285110474,213.51356506347656,833.5,77.5083098,13.0205158
1766131014594635300,2924.0196352539065,15.870468139648438,0.2507196366786957,1.182481050491333,7.070000171661377,1.1283581256866455,213.53341674804688,833.5,77.5083083,13.02051
1766131014623543000,2924.04854296875,15.870468139648438,0.2507196366786957,1.182481050491333,7.085000038146973,1.127238392829895,213.53126525878906,833.5,77.5083087,13.0205092
1766131015074301000,2924.4993010253907,15.499639511108398,0.22236812114715576,1.182481050491333,7.104000091552734,1.2068699598312378,209.97052001953125,833.5,77.5083059,13.0205046
1766131015599529000,2925.0245290527346,15.595305442810059,0.24050845205783844,1.1925300359725952,7.074999809265137,1.2043312788009644,201.14468383789062,833.5,77.5083045,13.0204981
1766131016178932500,2925.603932373047,15.889707565307617,0.24197743833065033,1.1925300359725952,7.104000091552734,1.1903926134109497,193.6779327392578,833.5,77.5083031,13.020491
1766131016637213200,2926.0622131347654,15.435100555419922,0.25679028034210205,1.202906847000122,7.074999809265137,1.2133638858795166,181.9559326171875,833.5,77.5083037,13.0204845
1766131016692180000,2926.1171799316407,15.061592102050781,0.25679028034210205,1.202906847000122,7.052000045776367,1.2142391204833984,178.88099670410156,833.5,77.5083044,13.0204833
1766131017176625000,2926.601625,13.137293815612793,0.24926121532917023,1.202906847000122,7.041999816894531,1.229724407196045,164.0033721923828,833.5,77.5083049,13.0204774
1766131017325926400,2926.750926513672,13.285015106201172,0.24926121532917023,1.4832179546356201,7.039000034332275,1.2285610437393188,156.15284729003906,834.7000122070312,77.5083055,13.0204759
1766131017633846300,2927.0588461914062,13.169730186462402,0.22578001022338867,1.4869064092636108,6.9730000495910645,1.2378658056259155,145.4443817138672,834.7000122070312,77.5083082,13.0204715
1766131017676214500,2927.101214599609,13.169730186462402,0.22578001022338867,1.4869064092636108,6.942999839782715,1.2395963668823242,145.01467895507812,834.7000122070312,77.5083089,13.0204707
1766131018194404000,2927.6194040527344,13.042824745178223,0.18822424113750458,1.4869064092636108,6.910999774932861,1.245440125465393,126.90303802490234,834.7000122070312,77.5083129,13.0204662
1766131018630752300,2928.0557521972655,13.2017240524292,0.2235109508037567,1.496875524520874,6.861999988555908,1.225508213043213,125.33766174316406,834.7000122070312,77.5083177,13.0204631
1766131018694722300,2928.1197224121092,12.715758323669434,0.2235109508037567,1.496875524520874,6.811999797821045,1.2243927717208862,127.06846618652344,834.7000122070312,77.5083185,13.0204626
1766131019233135000,2928.658135009766,12.90371036529541,0.20593708753585815,1.496875524520874,6.757999897003174,1.2307169437408447,137.14149475097656,834.7000122070312,77.508324,13.0204584
1766131019611467000,2929.036467041016,12.108893394470215,0.23024165630340576,1.5066826343536377,6.693999767303467,1.1413177251815796,141.68942260742188,834.7000122070312,77.5083269,13.0204548
1766131019717980000,2929.1429799804687,12.108893394470215,0.23024165630340576,1.5066826343536377,6.630000114440918,1.1380589008331299,141.8805389404297,834.7000122070312,77.5083277,13.0204537
1766131020218355700,2929.6433557128908,12.389961242675781,0.20099163055419922,1.5066826343536377,6.567999839782715,1.212726354598999,141.79725646972656,834.7000122070312,77.5083313,13.0204494
1766131020615626800,2930.0406267089843,12.520174980163574,0.22959226369857788,1.5167242288589478,6.508999824523926,1.0622154474258423,144.6256103515625,834.7000122070312,77.5083329,13.0204459
1766131020798374400,2930.2233745117187,12.683549880981445,0.22959226369857788,1.5167242288589478,6.48199987411499,1.0567739009857178,145.6927947998047,834.7000122070312,77.5083335,13.0204444
1766131021238454300,2930.663454345703,13.123462677001953,0.22780312597751617,1.5167242288589478,6.434999942779541,1.1572372913360596,144.4164581298828,834.7000122070312,77.5083362,13.0204401
1766131021616054500,2931.0410544433594,13.141283988952637,0.24430018663406372,1.5267285108566284,6.4120001792907715,1.07599675655365,137.81056213378906,834.7000122070312,77.5083374,13.0204367
1766131021719935500,2931.144935546875,13.568907737731934,0.24430018663406372,1.5267285108566284,6.349999904632568,1.072904348373413,135.64085388183594,834.7000122070312,77.5083376,13.0204358
1766131022212155400,2931.6371552734377,15.14561939239502,0.2432710826396942,1.5267285108566284,6.308000087738037,1.1962471008300781,128.916748046875,834.7000122070312,77.5083421,13.0204313
1766131022613062700,2932.0380627441405,12.653261184692383,0.2583112120628357,1.536698579788208,6.230000019073486,0.977571427822113,126.99107360839844,834.7000122070312,77.5083435,13.0204292
1766131022758650400,2932.183650390625,12.653261184692383,0.2861768305301666,1.536698579788208,6.1620001792907715,0.9567105174064636,126.82632446289062,834.7000122070312,77.5083437,13.0204286
1766131023218755300,2932.643755371094,13.448351860046387,0.20494887232780457,1.536698579788208,6.135000228881836,1.161211609840393,127.6729736328125,834.7000122070312,77.5083477,13.0204248
1766131023633533400,2933.0585334472657,12.839744567871094,0.29226094484329224,1.5469032526016235,6.10699987411499,0.9344857931137085,128.04116821289062,834.7000122070312,77.5083491,13.0204234
1766131023774475800,2933.199475830078,12.834907531738281,0.29226094484329224,1.5469032526016235,6.078999996185303,0.925051212310791,127.94931030273438,834.7000122070312,77.5083492,13.0204231
1766131024234822000,2933.659821777344,14.60351276397705,0.21608267724514008,1.5469032526016235,6.078000068664551,1.1589698791503906,125.09281158447266,834.7000122070312,77.5083529,13.0204198
1766131024554276600,2933.9792766113283,12.983933448791504,0.23707205057144165,1.5561107397079468,6.070000171661377,1.082228660583496,123.59007263183594,834.7000122070312,77.5083538,13.0204175
1766131025233653000,2934.658653076172,13.29525375366211,0.19265049695968628,1.5561107397079468,6.072000026702881,1.2452038526535034,123.00099182128906,834.7000122070312,77.5083588,13.0204127
1766131025573955000,2934.998955078125,13.272770881652832,0.21522152423858643,1.566307544708252,6.064000129699707,1.2310128211975098,125.49694061279297,834.7000122070312,77.508359,13.0204101
1766131025757425000,2935.1824248046873,13.272770881652832,0.21522152423858643,1.566307544708252,6.061999797821045,1.2305779457092285,125.5931625366211,834.7000122070312,77.5083595,13.0204086
1766131026275288300,2935.700288330078,13.025457382202148,0.21917173266410828,1.566307544708252,6.044000148773193,1.3071805238723755,123.90235137939453,834.7000122070312,77.5083642,13.0204044
1766131026612023000,2936.0370229492187,12.640091896057129,0.2244025617837906,1.5766881704330444,6.021999835968018,1.2404234409332275,124.06737518310547,834.7000122070312,77.5083653,13.0204019
1766131026812746800,2936.237746826172,12.64853286743164,0.2244025617837906,1.5766881704330444,5.998000144958496,1.2372233867645264,123.91706085205078,834.7000122070312,77.5083663,13.0204005
1766131027005046300,2936.430046386719,12.655268669128418,0.17330417037010193,1.0338454246520996,5.991000175476074,1.3003590106964111,124.30619812011719,834.7000122070312,77.5083681,13.0203989
1766131027297113000,2936.7221130371095,12.232661247253418,0.21637490391731262,1.0338454246520996,6.006999969482422,1.3121917247772217,125.9747314453125,834.7000122070312,77.5083705,13.0203958
1766131027628423000,2937.0534228515626,12.312237739562988,0.21297277510166168,1.040449619293213,6.01200008392334,1.1336448192596436,127.93104553222656,834.7000122070312,77.5083715,13.0203938
1766131027877463600,2937.302463623047,12.21696662902832,0.25510796904563904,1.040449619293213,6.019000053405762,1.1286356449127197,128.82664489746094,834.7000122070312,77.5083726,13.0203922
1766131028299083800,2937.724083740234,12.157355308532715,0.2317979335784912,1.040449619293213,6.008999824523926,1.252355694770813,128.23081970214844,834.7000122070312,77.5083766,13.0203885
1766131028599133400,2938.024133544922,11.822193145751953,0.2226518839597702,1.0501567125320435,5.982999801635742,1.051996111869812,127.27200317382812,834.7000122070312,77.5083771,13.0203874
1766131029299339800,2938.72433984375,12.557509422302246,0.21673277020454407,1.0501567125320435,5.9710001945495605,1.1937614679336548,122.83222198486328,834.7000122070312,77.5083833,13.0203835
1766131029633221400,2939.058221435547,12.759186744689941,0.2698044180870056,1.0604976415634155,5.952000141143799,0.9561973214149475,121.49882507324219,834.7000122070312,77.5083821,13.0203836
1766131029879096600,2939.3040966796875,13.192054748535156,0.2698044180870056,1.0604976415634155,5.946000099182129,0.9443298578262329,120.82068634033203,834.7000122070312,77.508382,13.0203833
1766131030340091000,2939.7650908203127,12.67745304107666,0.2141605019569397,1.0604976415634155,5.925000190734863,1.1354272365570068,120.91499328613281,834.7000122070312,77.5083865,13.0203807
1766131030615229000,2940.0402290039065,12.649141311645508,0.24252982437610626,1.0703177452087402,5.90500020980835,1.056875467300415,124.75487518310547,834.7000122070312,77.5083872,13.0203795
1766131030879987700,2940.304987792969,12.50349235534668,0.24252982437610626,1.0703177452087402,5.894000053405762,1.0525099039077759,126.43856048583984,834.7000122070312,77.5083885,13.0203779
1766131031372519400,2940.79751953125,12.13225269317627,0.23853497207164764,1.0703177452087402,5.88100004196167,1.1646586656570435,128.6560516357422,834.7000122070312,77.5083934,13.0203737
1766131031619813600,2941.044813720703,12.03079891204834,0.24516956508159637,1.0803635120391846,5.882999897003174,1.0766631364822388,130.7421417236328,834.7000122070312,77.5083933,13.020371
1766131031913323500,2941.338323486328,12.081348419189453,0.24516956508159637,1.0803635120391846,5.886000156402588,1.0713025331497192,131.0929718017578,834.7000122070312,77.5083945,13.0203685
1766131032397494300,2941.822494384766,12.269148826599121,0.21572092175483704,1.0803635120391846,5.8480000495910645,1.18614661693573,129.78651428222656,834.7000122070312,77.5083989,13.020365
1766131032584825000,2942.0098251953127,12.055009841918945,0.19582632184028625,1.0900136232376099,5.836999893188477,1.1066206693649292,130.557861328125,834.7000122070312,77.5083983,13.0203633
1766131032936085500,2942.3610854492185,11.882835388183594,0.2536454498767853,1.0900136232376099,5.830999851226807,1.0979981422424316,129.7709503173828,834.7000122070312,77.5083999,13.0203607
1766131033436718600,2942.8617185058592,12.1362943649292,0.21784497797489166,1.0900136232376099,5.823999881744385,1.215118169784546,127.52428436279297,834.7000122070312,77.5084042,13.020357
1766131033606093600,2943.031093505859,11.795947074890137,0.2282455414533615,1.1002264022827148,5.826000213623047,1.0778566598892212,127.82901000976562,834.7000122070312,77.5084041,13.0203561
1766131033953829400,2943.3788293457033,12.083597183227539,0.2776469886302948,1.1002264022827148,5.822999954223633,1.068948745727539,127.95311737060547,834.7000122070312,77.5084061,13.0203539
1766131034493464000,2943.918464111328,11.950321197509766,0.2379627227783203,1.1002264022827148,5.8379998207092285,1.1904065608978271,127.73456573486328,834.7000122070312,77.5084107,13.0203499
1766131034574002000,2943.999001953125,11.62128734588623,0.22361412644386292,1.109905481338501,5.835000038146973,1.057566523551941,128.25656127929688,834.7000122070312,77.5084097,13.0203493
1766131035033808000,2944.4588078613283,10.332640647888184,0.2616373896598816,1.109905481338501,5.854000091552734,1.0433452129364014,127.89988708496094,834.7000122070312,77.5084121,13.0203465
1766131035534365400,2944.959365478516,12.466898918151855,0.23055106401443481,1.109905481338501,5.883999824523926,1.1956788301467896,127.44010925292969,834.7000122070312,77.5084158,13.020343
1766131035569281500,2944.9942814941405,12.197606086730957,0.22770333290100098,1.0017127990722656,5.89900016784668,1.079197883605957,127.20409393310547,834.7000122070312,77.508414,13.0203433
1766131036059213000,2945.4842131347655,12.606619834899902,0.23335102200508118,1.0017127990722656,5.943999767303467,1.179187297821045,127.85089111328125,834.7000122070312,77.5084169,13.0203399
1766131036559298000,2945.9842980957033,12.608991622924805,0.27432355284690857,1.0017127990722656,5.978000164031982,1.1762604713439941,130.67446899414062,834.7000122070312,77.5084208,13.0203361
1766131036605909200,2946.0309091796876,13.212676048278809,0.24992285668849945,1.012079119682312,5.988999843597412,1.1483246088027954,132.02459716796875,834.7000122070312,77.5084194,13.020336
1766131037552920600,2946.9779206542967,14.579044342041016,0.22322142124176025,1.012079119682312,6.078999996185303,1.255104422569275,129.28140258789062,834.7000122070312,77.5084268,13.0203282
1766131037649975300,2947.0749753417967,13.524053573608398,0.23302365839481354,1.0225197076797485,6.139999866485596,1.2126972675323486,128.16268920898438,834.7000122070312,77.5084259,13.0203278
1766131038133254000,2947.55825390625,13.075010299682617,0.17326128482818604,1.0225197076797485,6.204999923706055,1.2977787256240845,121.63155364990234,834.7000122070312,77.5084302,13.0203237
1766131038593305900,2948.0183059082033,13.046710014343262,0.21451769769191742,1.0225197076797485,6.269000053405762,1.307485818862915,116.34949493408203,834.7000122070312,77.5084352,13.0203204
1766131038633386800,2948.05838671875,12.728800773620605,0.20422276854515076,1.0323538780212402,6.334000110626221,1.2726514339447021,116.49115753173828,834.7000122070312,77.5084344,13.0203205
1766131039134046500,2948.559046386719,13.102863311767578,0.1813681423664093,1.0323538780212402,6.396999835968018,1.3334739208221436,114.9977035522461,834.7000122070312,77.5084394,13.0203179
1766131039575974100,2949.000974121094,13.102863311767578,0.23968446254730225,1.0323538780212402,6.5,1.3316280841827393,114.95748138427734,834.7000122070312,77.5084444,13.0203155
1766131039624400400,2949.049400390625,12.153600692749023,0.2294810563325882,1.0422639846801758,6.383999824523926,1.1571892499923706,116.72356414794922,834.7000122070312,77.5084371,13.0203185
1766131040139458000,2949.5644580078124,12.32900333404541,0.1937040090560913,1.0422639846801758,6.323999881744385,1.2296847105026245,117.76627349853516,834.7000122070312,77.5084371,13.0203183
1766131040576364000,2950.0013640136717,10.620137214660645,0.24410557746887207,1.0517836809158325,6.177999973297119,0.9993836879730225,120.94102478027344,834.7000122070312,77.5084306,13.0203207
1766131040622290200,2950.047290283203,10.620137214660645,0.24410557746887207,1.0517836809158325,6.050000190734863,0.9930627942085266,121.07077026367188,834.7000122070312,77.5084276,13.0203219
1766131041132878300,2950.557878417969,9.412957191467285,0.20133914053440094,1.0517836809158325,5.936999797821045,1.1676617860794067,123.30397033691406,834.7000122070312,77.5084296,13.0203214
1766131041597075000,2951.022074951172,9.825618743896484,0.25378164649009705,1.061990737915039,5.75600004196167,0.9712857007980347,131.41888427734375,834.7000122070312,77.5084271,13.0203223
1766131041632433400,2951.0574333496093,9.825618743896484,0.25378164649009705,1.061990737915039,5.5970001220703125,0.9668723344802856,131.65289306640625,834.7000122070312,77.5084253,13.0203232
1766131042197759000,2951.6227590332032,9.54247760772705,0.23594625294208527,1.061990737915039,5.489999771118164,1.1485594511032104,136.8946533203125,834.7000122070312,77.5084285,13.0203208
1766131042586322400,2952.0113225097657,9.42025089263916,0.2238973081111908,1.071883201599121,5.269000053405762,1.093576431274414,139.91290283203125,834.7000122070312,77.5084301,13.0203191
1766131042673371100,2952.09837109375,9.42025089263916,0.2627379596233368,1.071883201599121,5.068999767303467,1.0912203788757324,139.99717712402344,834.7000122070312,77.5084302,13.0203189
1766131043277309700,2952.702309814453,9.349503517150879,0.22972357273101807,1.071883201599121,4.861999988555908,1.230711579322815,136.4456787109375,834.7000122070312,77.5084346,13.020314
1766131043586331000,2953.011330810547,9.51506519317627,0.21921396255493164,1.0818833112716675,4.758999824523926,1.1688101291656494,134.51736450195312,834.7000122070312,77.5084361,13.0203124
1766131043714815700,2953.1398156738283,9.511934280395508,0.21921396255493164,1.0818833112716675,4.394999980926514,1.1665222644805908,133.97048950195312,834.7000122070312,77.5084367,13.0203117
1766131044278776000,2953.7037761230467,9.14636516571045,0.1851736158132553,1.0818833112716675,4.176000118255615,1.251089096069336,133.18824768066406,834.7000122070312,77.5084416,13.0203073
1766131044578515500,2954.0035153808594,10.066933631896973,0.2239445000886917,1.091805100440979,3.9230000972747803,1.2043360471725464,135.11474609375,834.7000122070312,77.5084434,13.020305
1766131044733715500,2954.1587155761717,9.766620635986328,0.2239445000886917,1.091805100440979,3.806999921798706,1.2023402452468872,135.54794311523438,834.7000122070312,77.5084446,13.0203036
1766131045256394500,2954.68139453125,9.69268798828125,0.20259420573711395,1.091805100440979,3.680000066757202,1.2723733186721802,138.9854278564453,834.7000122070312,77.5084493,13.0202988
1766131045573761300,2954.998761230469,9.787736892700195,0.23624229431152344,1.1017576456069946,3.638000011444092,1.0980342626571655,140.5139923095703,834.7000122070312,77.5084508,13.0202962
1766131045811903700,2955.2369038085935,9.847110748291016,0.23624229431152344,1.1017576456069946,3.500999927520752,1.09108567237854,140.3721923828125,834.7000122070312,77.508452,13.0202943
1766131046586522000,2956.011522216797,10.19201946258545,0.24093540012836456,1.1118851900100708,3.390000104904175,0.9955233931541443,134.76800537109375,834.7000122070312,77.5084555,13.0202893
1766131046893231900,2956.318231933594,11.373757362365723,0.24093540012836456,1.1118851900100708,3.2890000343322754,0.9940268397331238,134.6624298095703,834.7000122070312,77.5084572,13.0202875
1766131047433090000,2956.8580900878906,10.165166854858398,0.25338026881217957,1.1118851900100708,3.236999988555908,1.09906804561615,139.86048889160156,834.7000122070312,77.5084615,13.0202831
1766131047607762700,2957.0327626953126,11.829319953918457,0.2643847167491913,1.1220976114273071,3.1989998817443848,0.9151248335838318,142.02146911621094,834.7000122070312,77.5084606,13.0202837
1766131047957761500,2957.382761474609,12.098190307617188,0.2976060211658478,1.1220976114273071,3.171999931335449,0.8981403112411499,141.32322692871094,834.7000122070312,77.5084613,13.0202824
1766131048474412300,2957.899412353516,12.392535209655762,0.27363714575767517,1.1220976114273071,3.1570000648498535,1.06770920753479,135.67750549316406,834.7000122070312,77.5084652,13.0202779
1766131048611346000,2958.0363459472655,11.986225128173828,0.24088001251220703,1.1321334838867188,3.1419999599456787,1.0157902240753174,133.7964324951172,834.7000122070312,77.5084656,13.0202766
1766131049074386200,2958.4993862304686,12.084609985351562,0.19965912401676178,1.1321334838867188,3.1410000324249268,1.1357618570327759,131.4932403564453,834.7000122070312,77.5084693,13.0202728
1766131049602106600,2959.027106689453,12.114143371582031,0.22496353089809418,1.1420410871505737,3.121000051498413,1.0556317567825317,134.3384552001953,834.7000122070312,77.5084727,13.0202687
1766131049902800600,2959.3278005371094,12.147183418273926,0.26751577854156494,1.1420410871505737,3.118000030517578,1.048519492149353,134.40811157226562,834.7000122070312,77.5084733,13.0202678
1766131050118813400,2959.5438134765627,12.299277305603027,0.18962134420871735,1.1420410871505737,3.121999979019165,1.1489827632904053,132.9390106201172,834.7000122070312,77.5084804,13.0202615
1766131050573111000,2959.9981110839844,12.1049222946167,0.23011702299118042,1.151751160621643,3.1029999256134033,1.1058977842330933,129.875732421875,834.7000122070312,77.5084817,13.0202595
1766131050739650600,2960.1646506347656,12.03838062286377,0.23011702299118042,1.151751160621643,3.114000082015991,1.10450279712677,127.83454132080078,834.7000122070312,77.5084824,13.0202588
1766131051195960300,2960.620960205078,12.237382888793945,0.19410176575183868,1.151751160621643,3.127000093460083,1.1915053129196167,123.05718231201172,834.7000122070312,77.5084869,13.0202562
1766131051616893200,2961.0418930664064,10.002793312072754,0.2476343959569931,1.1621888875961304,3.128999948501587,1.0078482627868652,123.38835906982422,834.7000122070312,77.5084891,13.0202542
1766131051696287500,2961.121287597656,10.14207649230957,0.2476343959569931,1.1621888875961304,3.131999969482422,1.0024259090423584,123.48057556152344,834.7000122070312,77.5084892,13.020254
1766131052332231700,2961.757231689453,10.058480262756348,0.2161719650030136,1.1621888875961304,3.1510000228881836,1.1151394844055176,125.22010803222656,834.7000122070312,77.5084955,13.0202507
1766131052597296600,2962.0222966308593,9.746543884277344,0.2088061273097992,1.1719930171966553,3.1389999389648438,0.9684845209121704,129.4418487548828,834.7000122070312,77.5084954,13.0202502
1766131052857095000,2962.282094970703,9.84630012512207,0.2443830519914627,1.1719930171966553,3.1649999618530273,0.9706150889396667,132.67662048339844,834.7000122070312,77.5084962,13.020249
1766131053492988000,2962.9179877929687,11.919543266296387,0.23316000401973724,1.1719930171966553,3.1760001182556152,1.1005629301071167,141.2210235595703,834.7000122070312,77.5085013,13.0202445
1766131053610671600,2963.0356716308593,9.947073936462402,0.22342370450496674,1.182126760482788,3.1760001182556152,1.0418368577957153,143.31385803222656,834.7000122070312,77.5085009,13.0202437
1766131054136108800,2963.5611088867186,12.183320045471191,0.2020842581987381,1.182126760482788,3.2070000171661377,1.158028483390808,143.7206268310547,834.7000122070312,77.5085039,13.0202395
1766131054575638500,2964.0006384277344,10.236031532287598,0.24604088068008423,1.182126760482788,3.240999937057495,1.1595791578292847,141.55279541015625,834.7000122070312,77.5085071,13.0202355
1766131054650120000,2964.075119873047,9.663932800292969,0.21711164712905884,1.1925212144851685,3.25600004196167,1.1368861198425293,142.40960693359375,834.7000122070312,77.5085062,13.0202348
1766131055193122800,2964.6181228027344,9.557433128356934,0.1838197559118271,1.1925212144851685,3.2739999294281006,1.2011719942092896,143.50267028808594,834.7000122070312,77.5085091,13.02023
1766131055607882800,2965.0328828125,9.437485694885254,0.21817775070667267,1.2020988464355469,3.2890000343322754,1.1770192384719849,147.35986328125,834.7000122070312,77.5085098,13.0202257
1766131055694106400,2965.1191064453124,9.437485694885254,0.21817775070667267,1.2020988464355469,3.2860000133514404,1.1765185594558716,147.46368408203125,834.7000122070312,77.5085096,13.0202247
1766131056355792000,2965.7807919921875,9.691672325134277,0.19178980588912964,1.2020988464355469,3.315000057220459,1.2011184692382812,143.1652069091797,834.7000122070312,77.5085135,13.0202182
1766131056625563000,2966.0505629882814,9.362996101379395,0.22018155455589294,1.2122756242752075,3.328000068664551,1.2048242092132568,142.35157775878906,834.7000122070312,77.5085133,13.0202149
1766131056774731500,2966.1997314453124,9.511189460754395,0.22018155455589294,1.2122756242752075,3.3429999351501465,1.2049896717071533,141.50119018554688,834.7000122070312,77.5085135,13.0202131
1766131057417588500,2966.8425883789064,9.603344917297363,0.22462555766105652,1.2122756242752075,3.364000082015991,1.2221366167068481,140.82962036132812,834.7000122070312,77.5085179,13.0202069
1766131057632311000,2967.057311035156,9.169412612915039,0.2472282499074936,1.22234308719635,3.375,1.2069655656814575,144.17637634277344,834.7000122070312,77.508517,13.0202038
1766131057895691000,2967.320690917969,9.439972877502441,0.2472282499074936,1.22234308719635,3.381999969482422,1.206365704536438,145.2855987548828,834.7000122070312,77.5085175,13.0202006
1766131058242506000,2967.6675061035157,9.193652153015137,0.24939605593681335,1.22234308719635,3.3919999599456787,1.2273633480072021,147.29457092285156,834.7000122070312,77.5085189,13.0201961
1766131058566709800,2967.991709716797,9.013372421264648,0.23350773751735687,1.231687068939209,3.374000072479248,1.1673952341079712,150.30838012695312,834.7000122070312,77.5085193,13.0201868
1766131058973785900,2968.3987858886717,9.189675331115723,0.2700772285461426,1.231687068939209,3.390000104904175,1.174512267112732,150.37283325195312,834.7000122070312,77.5085196,13.020185
1766131059586820900,2969.011820800781,9.691224098205566,0.21568602323532104,1.241888165473938,3.3469998836517334,1.0439133644104004,151.017578125,834.7000122070312,77.5085197,13.0201792
1766131060158420000,2969.583419921875,9.724113464355469,0.1833796501159668,1.241888165473938,3.3350000381469727,1.0829962491989136,149.13674926757812,834.7000122070312,77.5085218,13.0201739
1766131060592190500,2970.0171904296876,10.001747131347656,0.2289578765630722,1.2519419193267822,3.308000087738037,0.9195898771286011,157.70425415039062,834.7000122070312,77.5085207,13.020171
1766131060754806500,2970.179806640625,9.672764778137207,0.2289578765630722,1.2519419193267822,3.302999973297119,0.9149751663208008,161.74752807617188,834.7000122070312,77.50852,13.0201699
1766131061572717800,2970.9977177734377,9.796390533447266,0.26974764466285706,1.261747121810913,3.265000104904175,0.7464727163314819,205.8165740966797,834.7000122070312,77.5085175,13.0201649
1766131062255883800,2971.6808837890626,9.715835571289062,0.2856748700141907,1.261747121810913,3.2699999809265137,0.6666901111602783,232.79205322265625,834.7000122070312,77.5085126,13.0201622
1766131062611070200,2972.0360703125,9.956003189086914,0.2585912346839905,1.2721307277679443,3.2160000801086426,0.6424192786216736,231.36703491210938,834.7000122070312,77.5085095,13.02016
1766131063019139600,2972.4441396484376,11.818995475769043,0.29128170013427734,1.2721307277679443,3.197000026702881,0.6422823667526245,225.0491943359375,834.7000122070312,77.5085067,13.0201578
1766131063621543000,2973.04654296875,12.283546447753906,0.25769859552383423,1.2822353839874268,3.1730000972747803,0.6081310510635376,216.7967529296875,834.7000122070312,77.5085054,13.0201526
1766131063979481600,2973.404481689453,12.254051208496094,0.28440406918525696,1.2822353839874268,3.138000011444092,0.614345133304596,213.53872680664062,834.7000122070312,77.5085044,13.0201499
1766131064629662700,2974.054662841797,12.612085342407227,0.24991293251514435,1.2923166751861572,3.125999927520752,0.6292768120765686,200.4619598388672,834.7000122070312,77.5085049,13.0201439
1766131064997678600,2974.4226787109374,12.573540687561035,0.27290570735931396,1.2923166751861572,3.122999906539917,0.6324874758720398,196.58872985839844,834.7000122070312,77.508505,13.0201406
1766131065551755800,2974.976755859375,12.601880073547363,0.28769487142562866,1.2923166751861572,3.13100004196167,0.695136547088623,193.5489044189453,834.7000122070312,77.5085042,13.0201361
1766131065636623000,2975.061623046875,12.45614242553711,0.26230186223983765,1.3023862838745117,3.124000072479248,0.5685936212539673,190.56199645996094,834.7000122070312,77.5085065,13.0201343
1766131066179496200,2975.60449609375,12.611204147338867,0.31042301654815674,1.3023862838745117,3.134000062942505,0.5580251812934875,193.57720947265625,834.7000122070312,77.5085081,13.0201305
1766131066352456000,2975.7774560546877,12.550070762634277,0.31042301654815674,2.1029117107391357,3.1440000534057617,0.5575570464134216,194.3993377685547,834.7000122070312,77.5085087,13.0201292
1766131066617217500,2976.042217529297,12.544113159179688,0.2838766574859619,2.1056737899780273,3.1640000343322754,0.41028398275375366,195.65016174316406,834.7000122070312,77.5085083,13.0201294
1766131066775524000,2976.2005241699217,12.443832397460938,0.2838766574859619,2.1056737899780273,3.186000108718872,0.4005679488182068,195.3019256591797,834.7000122070312,77.5085082,13.0201295
1766131067473891800,2976.898891845703,12.535816192626953,0.3304717242717743,2.1056737899780273,3.2209999561309814,0.42577213048934937,188.85435485839844,834.7000122070312,77.5085081,13.0201276
1766131067653012700,2977.0780126953123,12.364112854003906,0.27049824595451355,2.1160318851470947,3.2730000019073486,0.30373725295066833,186.9492645263672,834.7000122070312,77.5085089,13.0201285
1766131067958579000,2977.383578857422,12.26551342010498,0.27049824595451355,2.1160318851470947,3.315000057220459,0.2920396327972412,187.2496337890625,834.7000122070312,77.5085093,13.0201285
1766131068483903200,2977.9089033203127,12.700904846191406,0.3439309597015381,2.1160318851470947,3.388000011444092,0.34487125277519226,192.4654083251953,834.7000122070312,77.5085096,13.0201266
1766131068613758000,2978.0387580566407,12.568259239196777,0.33447515964508057,2.1256392002105713,3.441999912261963,0.44025561213493347,195.07554626464844,834.7000122070312,77.50851,13.0201237
1766131068958959000,2978.383958984375,13.092422485351562,0.3427247107028961,2.1256392002105713,3.5350000858306885,0.4668372571468353,199.83824157714844,834.7000122070312,77.5085099,13.0201206
1766131069639291400,2979.064291503906,12.659468650817871,0.33106908202171326,2.135894536972046,3.6659998893737793,0.7595902681350708,195.8451385498047,834.7000122070312,77.50851,13.0201096
1766131069935870200,2979.3608701171875,12.827932357788086,0.34562715888023376,2.135894536972046,3.7200000286102295,0.7620189189910889,192.8169708251953,834.7000122070312,77.5085098,13.0201046
1766131070579046700,2980.004046630859,12.95483112335205,0.33750900626182556,2.135894536972046,3.8580000400543213,0.9834964275360107,188.51722717285156,834.7000122070312,77.5085084,13.0200945
1766131070637589200,2980.062589355469,12.712079048156738,0.26720625162124634,2.1458775997161865,3.946000099182129,1.0230878591537476,186.34912109375,834.7000122070312,77.5085092,13.0200917
1766131070991728000,2980.4167280273437,12.809239387512207,0.29929453134536743,2.1458775997161865,3.9730000495910645,1.0371822118759155,183.47293090820312,834.7000122070312,77.5085095,13.0200867
1766131071642508800,2981.0675087890627,12.497904777526855,0.24324551224708557,2.1559267044067383,4.159999847412109,0.9682448506355286,172.09471130371094,834.7000122070312,77.5085119,13.0200778
1766131071669599500,2981.094599609375,12.497904777526855,0.24324551224708557,2.1559267044067383,4.168000221252441,0.967210590839386,171.90524291992188,834.7000122070312,77.5085127,13.0200768
1766131072074458600,2981.4994587402343,12.537739753723145,0.19045910239219666,2.1559267044067383,4.23199987411499,1.119287133216858,165.1093292236328,834.7000122070312,77.5085144,13.0200721
1766131072556893400,2981.9818935546873,12.833184242248535,0.23340266942977905,2.1559267044067383,4.284999847412109,1.1223485469818115,154.7809600830078,834.7000122070312,77.5085167,13.0200665
1766131072613753900,2982.03875390625,12.185628890991211,0.2437654733657837,2.1656391620635986,4.285999774932861,0.9730714559555054,152.24649047851562,834.7000122070312,77.5085184,13.0200667
1766131073113612800,2982.5386127929687,11.526642799377441,0.20452441275119781,2.1656391620635986,4.361999988555908,1.1321252584457397,147.27769470214844,834.7000122070312,77.5085229,13.0200618
1766131073622791200,2983.0477912597657,12.215778350830078,0.24678590893745422,2.175729513168335,4.382999897003174,0.9657933712005615,146.97457885742188,834.7000122070312,77.5085278,13.0200584
1766131073693838000,2983.1188381347656,12.215778350830078,0.24678590893745422,2.175729513168335,4.385000228881836,0.9614084959030151,146.95054626464844,834.7000122070312,77.5085287,13.0200582
1766131074198473500,2983.6234733886718,11.878178596496582,0.20281055569648743,2.175729513168335,4.394999980926514,1.0976265668869019,145.36253356933594,834.7000122070312,77.5085327,13.0200535
1766131074610598100,2984.0355981445314,11.978946685791016,0.22751642763614655,2.185607671737671,4.408999919891357,1.0798156261444092,144.43023681640625,834.7000122070312,77.5085367,13.0200492
1766131074777932300,2984.2029323730467,11.937210083007812,0.22751642763614655,2.185607671737671,4.427999973297119,1.079201579093933,144.7698516845703,834.7000122070312,77.5085383,13.0200475
1766131075335511300,2984.7605112304686,12.453108787536621,0.17631033062934875,2.185607671737671,4.453000068664551,1.1871169805526733,149.44259643554688,834.7000122070312,77.5085432,13.0200417
1766131075621415400,2985.046415527344,12.338363647460938,0.2049865871667862,2.19571590423584,4.465000152587891,1.1622358560562134,154.87791442871094,834.7000122070312,77.5085459,13.0200383
1766131075874280200,2985.2992802734375,12.224891662597656,0.2049865871667862,2.19571590423584,4.510000228881836,1.1610697507858276,159.23509216308594,834.7000122070312,77.5085476,13.0200354
1766131075912846300,2985.337846435547,12.310742378234863,0.2049865871667862,1.1036344766616821,4.535999774932861,1.160843849182129,160.27157592773438,837.0999755859375,77.5085478,13.020035
1766131076438658000,2985.8636579589843,12.201143264770508,0.18100136518478394,1.1036344766616821,4.576000213623047,1.2391570806503296,154.63002014160156,837.0999755859375,77.5085537,13.0200296
1766131076616332000,2986.04133203125,12.344470977783203,0.2096175104379654,1.1114578247070312,4.593999862670898,1.213657259941101,145.87124633789062,837.0999755859375,77.5085562,13.0200278
1766131076939698200,2986.3646982421874,12.309436798095703,0.2096175104379654,1.1114578247070312,4.663000106811523,1.2122178077697754,130.9419403076172,837.0999755859375,77.5085596,13.0200248
1766131077496022000,2986.921021972656,12.52116584777832,0.21866044402122498,1.1114578247070312,4.723999977111816,1.2406257390975952,122.08735656738281,837.0999755859375,77.5085662,13.0200207
1766131077647829000,2987.0728291015625,12.624870300292969,0.2435419261455536,1.1217727661132812,4.789000034332275,1.058709740638733,123.3236312866211,837.0999755859375,77.5085679,13.02002
1766131078076360000,2987.5013598632813,12.296093940734863,0.19209899008274078,1.1217727661132812,4.827000141143799,1.1117196083068848,136.1582794189453,837.0999755859375,77.5085718,13.0200174
1766131078615486200,2988.040486328125,12.909394264221191,0.24413879215717316,1.1314493417739868,4.881999969482422,0.9484277963638306,150.8511962890625,837.0999755859375,77.5085751,13.0200135
1766131078691738400,2988.11673828125,12.909394264221191,0.24413879215717316,1.1314493417739868,4.936999797821045,0.9455710649490356,151.25140380859375,837.0999755859375,77.5085753,13.0200129
1766131079232327400,2988.6573273925783,11.948311805725098,0.20847328007221222,1.1314493417739868,5.0370001792907715,1.0537619590759277,159.3504180908203,837.0999755859375,77.5085782,13.0200077
1766131079584198700,2989.0091987304686,11.933165550231934,0.24360769987106323,1.1411364078521729,5.064000129699707,0.9072016477584839,165.85096740722656,837.0999755859375,77.5085784,13.020005
1766131079851808800,2989.2768088378907,11.95136547088623,0.24360769987106323,1.1411364078521729,5.1539998054504395,0.900741696357727,172.24868774414062,837.0999755859375,77.5085785,13.0200029
1766131080495304700,2989.9203046875,12.454301834106445,0.25549963116645813,1.1411364078521729,5.2129998207092285,0.9954883456230164,191.91802978515625,837.0999755859375,77.5085796,13.0199969
1766131080569732000,2989.9947321777345,12.085674285888672,0.23571337759494781,1.1509917974472046,5.228000164031982,0.9370651841163635,192.54949951171875,837.0999755859375,77.508579,13.0199962
1766131080956488700,2990.381488769531,11.80746078491211,0.23571337759494781,1.1509917974472046,5.322000026702881,0.9268035292625427,204.8746337890625,837.0999755859375,77.5085777,13.0199929
1766131081617784300,2991.042784423828,12.084386825561523,0.2196492701768875,1.1614723205566406,5.390999794006348,1.0126668214797974,206.37242126464844,837.0999755859375,77.5085764,13.0199871
1766131082076716000,2991.501716064453,10.509716033935547,0.16378386318683624,1.1614723205566406,5.449999809265137,1.1197341680526733,201.20912170410156,837.0999755859375,77.5085749,13.0199821
1766131082625475800,2992.050475830078,11.763752937316895,0.21713009476661682,1.1715492010116577,5.465000152587891,1.0555719137191772,194.83871459960938,837.0999755859375,77.5085745,13.0199767
1766131083212601900,2992.6376018066408,11.58120059967041,0.23540949821472168,1.1715492010116577,5.51800012588501,1.1599429845809937,188.91648864746094,837.0999755859375,77.5085741,13.0199701
1766131083596482600,2993.021482666016,10.287721633911133,0.23193642497062683,1.181259274482727,5.514999866485596,0.9856356382369995,186.04946899414062,837.0999755859375,77.5085744,13.0199668
1766131083879555800,2993.304555908203,11.788857460021973,0.2718021869659424,1.181259274482727,5.570000171661377,0.9765263795852661,184.68177795410156,837.0999755859375,77.5085744,13.0199645
1766131084353303300,2993.778303222656,11.81617546081543,0.22246555984020233,1.181259274482727,5.589000225067139,1.0702813863754272,181.8936004638672,837.0999755859375,77.5085745,13.0199592
1766131084607423700,2994.032423828125,12.461601257324219,0.19480983912944794,1.1913686990737915,5.583000183105469,0.9273740649223328,180.2899627685547,837.0999755859375,77.5085753,13.0199582
1766131085046215700,2994.4712155761717,12.311175346374512,0.17543673515319824,1.1913686990737915,5.578000068664551,1.0573294162750244,179.35031127929688,837.0999755859375,77.5085762,13.0199538
1766131085512616200,2994.9376162109374,12.849479675292969,0.22211380302906036,1.1913686990737915,5.577000141143799,1.0650051832199097,179.9407501220703,837.0999755859375,77.5085767,13.0199488
1766131085579159300,2995.0041591796876,12.563652992248535,0.20853425562381744,1.2010860443115234,5.577000141143799,0.9297603368759155,179.94711303710938,837.0999755859375,77.5085768,13.0199498
1766131085693917400,2995.1189174804686,12.656914710998535,0.20853425562381744,1.334542155265808,5.568999767303467,0.90965735912323,180.46975708007812,837.0999755859375,77.5085769,13.0199497
1766131086583352000,2996.0083520507815,12.39654541015625,0.2260313481092453,1.3434783220291138,5.5929999351501465,1.024933099746704,189.42791748046875,837.0999755859375,77.5085778,13.0199415
1766131086735529000,2996.1605290527345,12.458418846130371,0.20407767593860626,1.3434783220291138,5.598999977111816,1.0194817781448364,190.79872131347656,837.0999755859375,77.508578,13.0199401
1766131087355684400,2996.780684326172,12.338179588317871,0.20158936083316803,1.3434783220291138,5.590000152587891,1.0752410888671875,196.203125,837.0999755859375,77.508577,13.0199336
1766131087575718400,2997.0007185058594,12.449518203735352,0.1829812377691269,1.3534092903137207,5.585000038146973,1.0582069158554077,198.10316467285156,837.0999755859375,77.5085763,13.0199316
1766131087895928600,2997.320928466797,12.550985336303711,0.24154041707515717,1.3534092903137207,5.599999904632568,1.0524189472198486,199.6693878173828,837.0999755859375,77.5085751,13.0199287
1766131088492093000,2997.9170930175783,12.675274848937988,0.22262834012508392,1.3534092903137207,5.616000175476074,1.1041934490203857,205.6075439453125,837.0999755859375,77.5085724,13.0199227
1766131088625796900,2998.050796875,12.37190055847168,0.19593670964241028,1.3639100790023804,5.629000186920166,1.0907577276229858,208.25735473632812,837.0999755859375,77.5085712,13.0199213
1766131089032745500,2998.4577453613283,12.529377937316895,0.24075990915298462,1.3639100790023804,5.642000198364258,1.0850709676742554,210.11270141601562,837.0999755859375,77.5085687,13.0199175
1766131089613980700,2999.0389807128904,12.227301597595215,0.1996159702539444,1.3737919330596924,5.642000198364258,1.0722891092300415,211.21534729003906,837.0999755859375,77.5085654,13.019913
1766131090176163000,2999.6011630859375,12.437305450439453,0.17446045577526093,1.3737919330596924,5.6519999504089355,1.1314606666564941,208.41664123535156,837.0999755859375,77.5085619,13.0199076
1766131090649966000,3000.0749660644533,12.433677673339844,0.20266643166542053,1.384151816368103,5.638999938964844,1.0827072858810425,205.4434051513672,837.0999755859375,77.508559,13.0199037
1766131090874394000,3000.2993940429687,12.487346649169922,0.20266643166542053,1.384151816368103,5.636000156402588,1.081412672996521,203.86148071289062,837.0999755859375,77.5085578,13.0199018
1766131091358810000,3000.7838100585936,12.823487281799316,0.17131367325782776,1.384151816368103,5.639999866485596,1.1380058526992798,201.173095703125,837.0999755859375,77.5085555,13.0198964
1766131091627519000,3001.052519042969,12.407950401306152,0.2025301605463028,1.3939273357391357,5.604000091552734,1.1075767278671265,200.30198669433594,837.0999755859375,77.508554,13.0198943
1766131092392163600,3001.8171635742187,12.35599422454834,0.20469290018081665,1.3939273357391357,5.603000164031982,1.1651257276535034,203.47015380859375,837.0999755859375,77.5085502,13.0198865
1766131092586148000,3002.0111481933595,12.457711219787598,0.18910476565361023,1.4035136699676514,5.580999851226807,1.148350477218628,204.3557891845703,837.0999755859375,77.5085487,13.0198853
1766131093538353700,3002.9633537597656,12.457479476928711,0.21898020803928375,1.4035136699676514,5.552000045776367,1.2021716833114624,212.070068359375,837.0999755859375,77.508543,13.0198755
1766131093623622100,3003.0486220703124,11.813472747802734,0.2189580351114273,1.4138883352279663,5.514999866485596,1.0456631183624268,212.9019775390625,837.0999755859375,77.5085424,13.0198756
1766131094218819800,3003.6438198242186,11.658886909484863,0.19267229735851288,1.4138883352279663,5.4629998207092285,1.1303316354751587,215.92225646972656,837.0999755859375,77.5085384,13.0198708
1766131094590296800,3004.015296875,11.740608215332031,0.2364075630903244,1.4235551357269287,5.422999858856201,0.8865337371826172,214.85870361328125,837.0999755859375,77.5085362,13.0198693
1766131094672084200,3004.0970842285155,11.801370620727539,0.2364075630903244,1.4235551357269287,5.38100004196167,0.8787476420402527,214.2635040283203,837.0999755859375,77.5085359,13.0198692
1766131095252479200,3004.677479248047,11.680816650390625,0.19711385667324066,1.4235551357269287,5.367000102996826,1.049793004989624,214.965087890625,837.0999755859375,77.5085322,13.0198655
1766131095615961000,3005.040961181641,11.918456077575684,0.24095669388771057,1.4338117837905884,5.343999862670898,0.866407036781311,217.77552795410156,837.0999755859375,77.5085308,13.0198644
1766131095793898000,3005.218897949219,11.728728294372559,0.24095669388771057,1.4338117837905884,5.323999881744385,0.8599569797515869,218.67478942871094,837.0999755859375,77.5085301,13.0198639
1766131096459675400,3005.884675292969,10.375140190124512,0.1865798383951187,1.4338117837905884,5.296000003814697,1.0418660640716553,222.70497131347656,837.0999755859375,77.5085254,13.0198597
1766131096616602000,3006.0416020507814,11.763795852661133,0.21804647147655487,1.443818211555481,5.293000221252441,0.9866284132003784,222.29251098632812,837.0999755859375,77.508524,13.019859
1766131096896441000,3006.3214411621093,10.099510192871094,0.21804647147655487,1.443818211555481,5.288000106811523,0.9823012351989746,221.35693359375,837.0999755859375,77.508522,13.0198573
1766131097148836400,3006.5738364257813,10.149529457092285,0.2117413431406021,1.541380524635315,5.298999786376953,1.0329501628875732,220.5977020263672,840,77.5085212,13.0198567
1766131097556031200,3006.98103125,11.673894882202148,0.2117413431406021,1.541380524635315,5.293000221252441,1.0875976085662842,218.24252319335938,840,77.5085165,13.0198517
1766131097615405000,3007.040405029297,10.236291885375977,0.18844445049762726,1.5493046045303345,5.288000106811523,1.0578436851501465,217.49526977539062,840,77.5085163,13.0198518
1766131098038976000,3007.463976074219,9.827117919921875,0.17198435962200165,1.5493046045303345,5.283999919891357,1.129731297492981,215.66758728027344,840,77.508514,13.0198488
1766131098627103500,3008.052103515625,9.94773006439209,0.1951647698879242,1.5594215393066406,5.146999835968018,1.0268725156784058,214.89605712890625,840,77.5085113,13.019846
1766131099096455400,3008.5214553222654,10.093735694885254,0.1735004484653473,1.5594215393066406,5.059000015258789,1.1176018714904785,217.1341094970703,840,77.5085083,13.0198424
1766131099591793400,3009.0167934570313,10.708822250366211,0.22886396944522858,1.569068431854248,4.916999816894531,0.9161503314971924,220.43435668945312,840,77.5085063,13.01984
1766131099715654000,3009.140653808594,11.623205184936523,0.22886396944522858,1.569068431854248,4.798999786376953,0.9115617275238037,221.1792449951172,840,77.5085059,13.0198397
1766131100215355100,3009.6403552246093,9.497157096862793,0.17955870926380157,1.569068431854248,4.703000068664551,1.0798323154449463,221.31980895996094,840,77.5085025,13.0198359
1766131100595705600,3010.0207055664064,9.84171199798584,0.23269447684288025,1.5790741443634033,4.576000213623047,1.0898650884628296,220.3849639892578,840,77.5084995,13.0198326
1766131101311794000,3010.7367939453125,10.270964622497559,0.21295946836471558,1.5790741443634033,4.39300012588501,1.0247036218643188,219.8822784423828,840,77.5084976,13.0198296
1766131101621524200,3011.0465241699217,10.02277946472168,0.2638140618801117,1.5893657207489014,4.138000011444092,0.7576127052307129,219.66860961914062,840,77.5084988,13.0198312
1766131102447863300,3011.87286328125,9.984428405761719,0.24051617085933685,1.5893657207489014,3.8399999141693115,0.9844514727592468,222.87896728515625,840,77.5084951,13.0198271
1766131102568684500,3011.9936845703123,10.020739555358887,0.21317318081855774,1.5988373756408691,3.628999948501587,0.9839258193969727,221.45205688476562,840,77.508495,13.0198251
1766131103063523800,3012.4885239257815,9.727873802185059,0.18181845545768738,1.5988373756408691,3.2860000133514404,1.148797869682312,219.48004150390625,840,77.5084915,13.0198201
1766131103555776800,3012.980776855469,9.63415241241455,0.23269744217395782,1.5988373756408691,3.2720000743865967,1.1535252332687378,216.8843536376953,840,77.5084879,13.0198151
1766131103645433900,3013.0704338378905,9.75748062133789,0.21223066747188568,1.609604835510254,3.2170000076293945,1.0985487699508667,214.59288024902344,840,77.5084883,13.019813
1766131104633161000,3014.058160888672,10.139147758483887,0.22984282672405243,1.609604835510254,3.1549999713897705,1.1773730516433716,210.28309631347656,840,77.5084827,13.0198021
1766131104633413600,3014.058413574219,9.807543754577637,0.2106310874223709,1.6194846630096436,3.1419999599456787,1.138639211654663,209.36911010742188,840,77.5084839,13.0198013
1766131105272930300,3014.6979304199217,9.910593032836914,0.17416024208068848,1.6194846630096436,3.0969998836517334,1.163124442100525,211.75975036621094,840,77.508481,13.0197942
1766131105590980600,3015.0159807128907,8.89061450958252,0.20364657044410706,1.6290603876113892,3.0889999866485596,0.9212259650230408,210.4923553466797,840,77.5084825,13.0197906
1766131105799097600,3015.22409765625,9.58310317993164,0.20364657044410706,1.6290603876113892,3.0450000762939453,0.9141513705253601,210.8643798828125,840,77.508483,13.0197887
1766131106592959500,3016.0179594726565,9.084291458129883,0.2120373398065567,1.6390801668167114,3.0409998893737793,0.8520885109901428,209.4510955810547,840,77.5084821,13.0197833
1766131106817678300,3016.242678222656,9.114563941955566,0.2120373398065567,1.6390801668167114,3.0380001068115234,0.8513078093528748,209.9852752685547,840,77.5084826,13.0197817
1766131106937725000,3016.362724853516,9.114563941955566,0.2120373398065567,1.6390801668167114,3.0409998893737793,0.8512918949127197,209.98558044433594,840,77.5084799,13.0197773
1766131107558506000,3016.9835061035155,9.337904930114746,0.22252443432807922,1.6390801668167114,3.0369999408721924,0.9949341416358948,214.67161560058594,840,77.5084771,13.0197732
1766131107617319400,3017.0423193359375,9.472626686096191,0.21505381166934967,1.6493237018585205,3.0369999408721924,0.8168106079101562,214.6134796142578,840,77.5084789,13.0197753
1766131108077405200,3017.5024052734375,9.856536865234375,0.19747619330883026,1.6493237018585205,3.0369999408721924,0.993049681186676,219.15313720703125,840,77.5084773,13.0197732
1766131108594814200,3018.0198142089844,9.803841590881348,0.21894901990890503,1.6590986251831055,3.0269999504089355,1.0024057626724243,221.16754150390625,840,77.5084751,13.0197686
1766131108733758200,3018.1587583007813,9.726366996765137,0.21894901990890503,1.6590986251831055,3.0269999504089355,1.002600073814392,222.60165405273438,840,77.5084745,13.0197672
1766131109178945500,3018.6039455566406,9.873003005981445,0.1790061891078949,1.6590986251831055,3.0250000953674316,1.12742280960083,221.98997497558594,840,77.5084711,13.0197627
1766131109599696600,3019.024696533203,9.966172218322754,0.21038682758808136,1.6691474914550781,3.0230000019073486,1.096280574798584,217.3677215576172,840,77.5084689,13.0197579
1766131110257992000,3019.6829919433594,9.939175605773926,0.18307551741600037,1.2188764810562134,3.003999948501587,1.1450841426849365,210.98794555664062,840.0999755859375,77.5084646,13.0197508
1766131110613726000,3020.038725830078,10.267984390258789,0.20040228962898254,1.2290167808532715,3.003999948501587,1.1151466369628906,206.86196899414062,840.0999755859375,77.5084627,13.0197468
1766131110956473300,3020.381473388672,10.248525619506836,0.20040228962898254,1.2290167808532715,3.0160000324249268,1.114277720451355,206.9969940185547,840.0999755859375,77.5084611,13.019743
1766131111434008800,3020.8590087890625,10.372715950012207,0.17800045013427734,1.2290167808532715,3.0390000343322754,1.1516456604003906,210.44754028320312,840.0999755859375,77.5084583,13.0197383
1766131111640332500,3021.0653325195312,11.843791007995605,0.21497373282909393,1.2392828464508057,3.075000047683716,0.937085747718811,211.45867919921875,840.0999755859375,77.5084581,13.0197367
1766131112536834000,3021.961833984375,12.309901237487793,0.21236597001552582,1.2392828464508057,3.128000020980835,1.0415809154510498,223.51141357421875,840.0999755859375,77.5084529,13.0197295
1766131112584224000,3022.0092241210937,12.037901878356934,0.19940944015979767,1.248721718788147,3.177000045776367,0.8897615075111389,222.15370178222656,840.0999755859375,77.5084536,13.0197294
1766131113567858400,3022.9928583984374,12.823330879211426,0.24009086191654205,1.2585580348968506,3.259999990463257,0.7980872988700867,229.1040802001953,840.0999755859375,77.5084484,13.0197246
1766131113617448400,3023.0424484863283,12.823330879211426,0.24009086191654205,1.2585580348968506,3.3289999961853027,0.7971568703651428,229.18936157226562,840.0999755859375,77.5084482,13.0197246
1766131114610150000,3024.0351499023436,11.861440658569336,0.22862015664577484,1.2689809799194336,3.509000062942505,0.9950718879699707,223.36309814453125,840.0999755859375,77.5084401,13.0197174
1766131114739129600,3024.164129638672,10.488293647766113,0.22862015664577484,1.2689809799194336,3.569000005722046,0.9977636337280273,222.92237854003906,840.0999755859375,77.5084386,13.019716
1766131115436904400,3024.8619045410155,12.53094482421875,0.2308923751115799,1.2689809799194336,3.7130000591278076,1.0860414505004883,222.34622192382812,840.0999755859375,77.5084314,13.01971
1766131115609203000,3025.0342028808595,11.947859764099121,0.20804943144321442,1.278971552848816,3.7720000743865967,1.0775036811828613,221.2523956298828,840.0999755859375,77.50843,13.0197081
1766131115953802500,3025.378802490234,12.151511192321777,0.24948322772979736,1.278971552848816,3.9019999504089355,1.079756736755371,220.35641479492188,840.0999755859375,77.5084275,13.0197051
1766131116579306000,3026.004305908203,12.00732135772705,0.2140328288078308,1.2886725664138794,4.09499979019165,0.9944012761116028,219.6680145263672,840.0999755859375,77.5084237,13.0197005
1766131116755230700,3026.1802307128905,12.076409339904785,0.2140328288078308,1.2886725664138794,4.209000110626221,0.9927005171775818,219.50186157226562,840.0999755859375,77.5084227,13.0196992
1766131117192047900,3026.6170478515623,12.416887283325195,0.18029728531837463,1.2886725664138794,4.2729997634887695,1.057373285293579,219.52481079101562,840.0999755859375,77.5084193,13.0196961
1766131117624253000,3027.0492529296876,10.509000778198242,0.21704667806625366,1.2991219758987427,4.431000232696533,0.8549268245697021,216.1201171875,840.0999755859375,77.5084185,13.0196923
1766131118153917200,3027.578917236328,11.809011459350586,0.22706440091133118,1.2991219758987427,4.492000102996826,0.9759361743927002,210.55772399902344,840.0999755859375,77.5084154,13.0196886
1766131118653843000,3028.078843017578,9.777992248535156,0.21918022632598877,1.309417963027954,4.639999866485596,0.7960126399993896,197.27658081054688,840.0999755859375,77.5084161,13.0196838
1766131118814096000,3028.2390959472655,10.176979064941406,0.25352126359939575,1.309417963027954,4.659999847412109,0.792163074016571,196.18719482421875,840.0999755859375,77.5084167,13.0196824
1766131119377118700,3028.802118652344,11.557759284973145,0.23378466069698334,1.309417963027954,4.711999893188477,0.9419116377830505,196.578125,840.0999755859375,77.5084146,13.0196775
1766131119383621400,3028.8086213378906,11.627984046936035,0.23378466069698334,1.0029598474502563,4.75600004196167,0.9439448118209839,196.64108276367188,840.0999755859375,77.5084144,13.0196772
1766131119612355300,3029.037355224609,10.10442066192627,0.2519267201423645,1.0054134130477905,4.814000129699707,0.7505273818969727,197.68516540527344,840.0999755859375,77.5084122,13.0196774
1766131120473993700,3029.898993652344,10.063528060913086,0.26973485946655273,1.0054134130477905,4.915999889373779,0.9582782983779907,202.11436462402344,840.0999755859375,77.5084065,13.0196717
1766131120653536300,3030.0785363769533,10.246516227722168,0.24579022824764252,1.0158251523971558,4.959000110626221,0.910139799118042,200.3691864013672,840.0999755859375,77.5084066,13.0196694
1766131121116680200,3030.541680175781,10.307145118713379,0.19544433057308197,1.0158251523971558,5,1.0534565448760986,200.6315155029297,840.0999755859375,77.5084042,13.0196639
1766131121632601000,3031.057601074219,9.93950080871582,0.23559796810150146,1.0158251523971558,5.052999973297119,1.0515223741531372,198.8187713623047,840.0999755859375,77.5084018,13.0196582
1766131121632842000,3031.0578420410156,9.788738250732422,0.20165516436100006,1.025618314743042,5.056000232696533,0.9932675957679749,197.85169982910156,840.0999755859375,77.5084036,13.0196573
1766131122592806700,3032.017806640625,10.043257713317871,0.2320692092180252,1.025618314743042,5.113999843597412,1.0411098003387451,195.41015625,840.0999755859375,77.5084021,13.0196469
1766131122640867600,3032.065867675781,10.184754371643066,0.21307505667209625,1.0356985330581665,5.132999897003174,0.9810349941253662,192.64859008789062,840.0999755859375,77.5084041,13.0196453
1766131123094534100,3032.5195341796875,11.814696311950684,0.2524704337120056,1.0356985330581665,5.138000011444092,0.9710386991500854,192.11627197265625,840.0999755859375,77.5084046,13.0196403
1766131123500086500,3032.925086425781,11.646319389343262,0.17758198082447052,1.0356985330581665,5.151000022888184,1.0469751358032227,192.14425659179688,840.0999755859375,77.5084041,13.0196355
1766131123611147800,3033.0361477050783,12.825454711914062,0.20914484560489655,1.0454013347625732,5.123000144958496,0.8281445503234863,190.88946533203125,840.0999755859375,77.5084063,13.019633
1766131124080075500,3033.5050754394533,10.292590141296387,0.16541364789009094,1.0454013347625732,5.146999835968018,0.9224908351898193,194.3761444091797,840.0999755859375,77.5084064,13.0196282
1766131124653673000,3034.0786728515627,12.47773265838623,0.20419512689113617,1.0558265447616577,5.098999977111816,0.7713401913642883,196.9119110107422,840.0999755859375,77.508407,13.0196232
1766131124735125500,3034.160125488281,12.720627784729004,0.25308841466903687,1.0558265447616577,5.078999996185303,0.7649091482162476,196.8309783935547,840.0999755859375,77.5084074,13.0196225
1766131125196954600,3034.621954589844,11.910309791564941,0.19716128706932068,1.0558265447616577,5.077000141143799,0.9170304536819458,198.4005126953125,840.0999755859375,77.5084063,13.0196186
1766131125618816500,3035.04381640625,12.443769454956055,0.24493300914764404,1.065477967262268,5.044000148773193,0.7144936919212341,197.03225708007812,840.0999755859375,77.5084064,13.0196155
1766131126377604000,3035.8026040039063,12.088176727294922,0.2798587381839752,1.065477967262268,5.048999786376953,0.8555017709732056,193.69607543945312,840.0999755859375,77.5084049,13.0196095
1766131126629880000,3036.0548801269533,11.952775001525879,0.24602065980434418,1.0755887031555176,5.038000106811523,0.8212692737579346,184.36630249023438,840.0999755859375,77.5084052,13.0196067
1766131127094424300,3036.5194243164065,10.280274391174316,0.2147878259420395,1.0755887031555176,5.013999938964844,0.9374741911888123,174.4783477783203,840.0999755859375,77.5084048,13.0196021
1766131127519807500,3036.944807373047,12.23504638671875,0.2542630732059479,1.0755887031555176,5.031000137329102,0.9420987367630005,164.002197265625,840.0999755859375,77.5084054,13.0195977
1766131127616256000,3037.0412561035155,12.13166332244873,0.22962339222431183,1.0854524374008179,5.004000186920166,0.9232033491134644,163.7337646484375,840.0999755859375,77.5084059,13.0195963
1766131128179087000,3037.604087158203,12.303170204162598,0.20294629037380219,1.0854524374008179,5,1.0120455026626587,171.82843017578125,840.0999755859375,77.508407,13.0195899
1766131128639886800,3038.064886962891,12.582136154174805,0.24263864755630493,1.0854524374008179,5.0229997634887695,1.0076104402542114,182.76260375976562,840.0999755859375,77.5084072,13.0195845
1766131128682351900,3038.1073518066405,12.437087059020996,0.21993015706539154,1.0961133241653442,5.020999908447266,0.9701211452484131,182.85626220703125,840.0999755859375,77.5084071,13.0195838
1766131129048003300,3038.473003417969,12.245159149169922,0.17286480963230133,2.726102828979492,5.02400016784668,1.0278434753417969,192.1370849609375,840.5999755859375,77.5084064,13.0195798
1766131129319987500,3038.7449875488282,12.044800758361816,0.21082115173339844,2.726102828979492,5.047999858856201,1.0212258100509644,196.35984802246094,840.5999755859375,77.5084055,13.0195763
1766131129596361200,3039.021361328125,12.314107894897461,0.1936320811510086,2.732116460800171,5.034999847412109,0.8810721635818481,199.69210815429688,840.5999755859375,77.5084047,13.0195742
1766131129757155000,3039.182155029297,11.956521034240723,0.2410573959350586,2.732116460800171,5.065999984741211,0.87522953748703,201.6425323486328,840.5999755859375,77.5084042,13.0195731
1766131130439740000,3039.8647399902343,12.375557899475098,0.21866266429424286,2.732116460800171,5.079999923706055,0.991421103477478,204.0970001220703,840.5999755859375,77.5084004,13.0195663
1766131130633952500,3040.0589523925782,12.192084312438965,0.22833018004894257,2.742492437362671,5.078999996185303,0.829849362373352,203.13949584960938,840.5999755859375,77.5084002,13.0195647
1766131130893015800,3040.3180158691407,12.319886207580566,0.25967830419540405,2.742492437362671,5.068999767303467,0.8151650428771973,202.23619079589844,840.5999755859375,77.5083997,13.0195629
1766131131604221400,3041.029221435547,9.76590633392334,0.226419135928154,2.752195119857788,4.973999977111816,0.7893075942993164,197.14190673828125,840.5999755859375,77.5084008,13.0195597
1766131131977988900,3041.4029887695315,10.375761985778809,0.2693047821521759,2.752195119857788,4.9039998054504395,0.782922625541687,195.220458984375,840.5999755859375,77.5084011,13.0195575
1766131132615870200,3042.0408701171873,9.959527969360352,0.21882526576519012,2.7623114585876465,4.741000175476074,0.9741957783699036,195.4043426513672,840.5999755859375,77.5084,13.0195485
1766131132652616400,3042.077616455078,9.959527969360352,0.21882526576519012,2.7623114585876465,4.610000133514404,0.9773672819137573,195.39205932617188,840.5999755859375,77.5084,13.0195469
1766131133115079000,3042.540078857422,10.037487983703613,0.2037566602230072,2.7623114585876465,4.526000022888184,1.0394903421401978,199.1638641357422,840.5999755859375,77.5083984,13.0195414
1766131133608248300,3043.0332482910158,9.688676834106445,0.2223709672689438,2.77223539352417,4.38100004196167,0.8967657089233398,205.22674560546875,840.5999755859375,77.508397,13.0195361
1766131134559479300,3043.9844792480467,11.778615951538086,0.24532495439052582,2.77223539352417,4.0279998779296875,0.9153554439544678,218.15061950683594,840.5999755859375,77.5083927,13.0195285
1766131134641647000,3044.066647216797,9.61277961730957,0.21811382472515106,2.782569408416748,3.874000072479248,0.7504171133041382,219.5328369140625,840.5999755859375,77.5083926,13.0195288
1766131135615591700,3045.040591796875,10.553485870361328,0.22006040811538696,2.792308807373047,3.569000005722046,0.5878522992134094,247.14437866210938,840.5999755859375,77.5083891,13.019527
1766131136274797300,3045.699797363281,11.174705505371094,0.22558385133743286,2.792308807373047,3.253999948501587,0.6405948996543884,249.16761779785156,840.5999755859375,77.5083856,13.0195265
1766131136655198500,3046.0801984863283,11.629853248596191,0.22425363957881927,2.8027048110961914,3.180000066757202,0.6286399960517883,242.75755310058594,840.5999755859375,77.5083841,13.0195264
1766131136962114800,3046.3871147460936,11.87488842010498,0.2562355697154999,2.8027048110961914,3.1640000343322754,0.6232944130897522,238.98574829101562,840.5999755859375,77.5083826,13.0195256
1766131137457719300,3046.8827192382814,11.783415794372559,0.22239702939987183,2.8027048110961914,3.0880000591278076,0.7488564252853394,225.7819366455078,840.5999755859375,77.5083791,13.0195236
1766131137599434500,3047.0244345703127,11.976935386657715,0.23334263265132904,2.8121471405029297,3.0799999237060547,0.6877913475036621,222.78089904785156,840.5999755859375,77.5083788,13.0195232
1766131138013391000,3047.4383911132813,12.303226470947266,0.26936545968055725,2.8121471405029297,3.055000066757202,0.6848834753036499,213.60157775878906,840.5999755859375,77.5083773,13.0195213
1766131138554494200,3047.979494140625,12.548540115356445,0.268713116645813,2.8121471405029297,3.0280001163482666,0.8210582733154297,207.58175659179688,840.5999755859375,77.5083745,13.0195172
1766131138611248400,3048.0362482910155,12.333470344543457,0.22084534168243408,2.822265386581421,3.0280001163482666,0.8624377846717834,207.83370971679688,840.5999755859375,77.5083742,13.0195169
1766131138719172600,3048.1441726074218,12.318340301513672,0.22084534168243408,3.049818515777588,3.0260000228881836,0.8682679533958435,207.6913299560547,840.5999755859375,77.5083739,13.0195165
1766131139117883600,3048.542883544922,12.6987943649292,0.22718651592731476,3.049818515777588,3.0239999294281006,0.9814764261245728,209.86593627929688,840.5999755859375,77.5083715,13.0195124
1766131139636228000,3049.0612280273435,12.566327095031738,0.27764415740966797,3.049818515777588,3.007999897003174,0.9931490421295166,213.96878051757812,840.5999755859375,77.5083685,13.0195077
1766131140293503200,3049.718503173828,12.245179176330566,0.23165762424468994,3.059709310531616,3.007999897003174,1.0490479469299316,207.44639587402344,840.5999755859375,77.508365,13.0195026
1766131140630978300,3050.0559782714845,12.80211067199707,0.21114374697208405,3.0696582794189453,3.007999897003174,1.0435094833374023,198.1396942138672,840.5999755859375,77.5083645,13.0195003
1766131140714241500,3050.1392414550783,12.612850189208984,0.24302446842193604,3.0696582794189453,3.006999969482422,1.0345174074172974,197.78086853027344,840.5999755859375,77.5083645,13.0194996
1766131141278063000,3050.703062988281,12.06591510772705,0.23658689856529236,3.0696582794189453,3.007999897003174,1.1312531232833862,204.5367431640625,840.5999755859375,77.5083621,13.0194937
1766131141616604200,3051.041604248047,12.568624496459961,0.2107475996017456,3.079514503479004,3.007999897003174,0.904661238193512,213.1671905517578,840.5999755859375,77.5083613,13.0194918
1766131141754934000,3051.179934082031,12.38927936553955,0.2107475996017456,3.079514503479004,3.007999897003174,0.8971278667449951,218.4604949951172,840.5999755859375,77.5083609,13.0194914
1766131142333407500,3051.7584074707033,11.98437213897705,0.24579504132270813,3.079514503479004,3.01200008392334,1.0447802543640137,225.3350830078125,840.5999755859375,77.5083573,13.0194871
1766131142582761000,3052.0077609863283,12.29251766204834,0.2343355417251587,3.0891761779785156,3.01200008392334,0.8150679469108582,225.05882263183594,840.5999755859375,77.5083574,13.0194874
1766131142779002600,3052.204002685547,12.236235618591309,0.2343355417251587,3.0891761779785156,3.01200008392334,0.8044251203536987,223.9415740966797,840.5999755859375,77.5083571,13.0194872
1766131143670731000,3053.0957309570313,10.70618724822998,0.2581543028354645,3.1000559329986572,3.010999917984009,0.7259783744812012,218.50619506835938,840.5999755859375,77.5083547,13.0194849
1766131143756446500,3053.181446533203,10.692315101623535,0.2581543028354645,3.1000559329986572,3.009999990463257,0.7250787019729614,218.25479125976562,840.5999755859375,77.5083548,13.0194851
1766131144627551200,3054.0525512695312,10.320647239685059,0.23934437334537506,3.109623908996582,3.009999990463257,0.9657682776451111,223.4551239013672,840.5999755859375,77.5083498,13.0194793
1766131144813910000,3054.238909912109,11.72278118133545,0.23934437334537506,3.109623908996582,3.00600004196167,0.9692168235778809,224.78726196289062,840.5999755859375,77.5083482,13.0194776
1766131145472353000,3054.897353027344,10.204850196838379,0.21500980854034424,3.109623908996582,3.00600004196167,1.1163560152053833,230.65850830078125,840.5999755859375,77.5083419,13.0194717
1766131145625208600,3055.0502084960935,9.947296142578125,0.19941267371177673,3.119600534439087,3.005000114440918,1.0526955127716064,232.42987060546875,840.5999755859375,77.5083397,13.0194715
1766131145893494500,3055.318494628906,11.985855102539062,0.2453330159187317,3.119600534439087,3.00600004196167,1.0547397136688232,232.2939453125,840.5999755859375,77.5083371,13.0194703
1766131146536033300,3055.961033203125,11.730741500854492,0.22992770373821259,3.119600534439087,3.003999948501587,1.1781913042068481,232.07196044921875,840.5999755859375,77.5083305,13.0194655
1766131146602224400,3056.0272243652344,9.974567413330078,0.20335741341114044,3.12937068939209,3.003999948501587,1.0848065614700317,233.67108154296875,840.5999755859375,77.5083294,13.0194661
1766131146957372200,3056.3823720703126,10.064781188964844,0.2419428527355194,3.12937068939209,3.003999948501587,1.0773723125457764,234.43478393554688,840.5999755859375,77.5083259,13.0194648
1766131147553808600,3056.97880859375,11.892592430114746,0.21640007197856903,3.12937068939209,3,1.1887894868850708,231.2635040283203,840.5999755859375,77.5083194,13.0194607
1766131147629271000,3057.0542709960937,11.58890151977539,0.19139990210533142,3.139641284942627,3,0.9478928446769714,232.8268280029297,840.5999755859375,77.5083188,13.0194618
1766131147975237000,3057.4002370605467,11.57579517364502,0.2336413711309433,3.139641284942627,3,0.9131927490234375,232.8748779296875,840.5999755859375,77.5083163,13.0194611
1766131148577692000,3058.0026918945314,12.119911193847656,0.21733751893043518,3.149125337600708,3,0.7725231051445007,235.4574737548828,840.5999755859375,77.508314,13.0194603
1766131148616413400,3058.0414133300783,12.119911193847656,0.21733751893043518,3.149125337600708,3,0.77041095495224,235.48965454101562,840.5999755859375,77.5083142,13.0194607
1766131149081277700,3058.5062775878905,11.588799476623535,0.23409467935562134,3.149125337600708,3,1.0319613218307495,238.1293182373047,840.5999755859375,77.50831,13.0194584
1766131149595179000,3059.0201789550783,11.966377258300781,0.2733719050884247,3.149125337600708,3.002000093460083,1.0410728454589844,241.37774658203125,840.5999755859375,77.5083046,13.0194555
1766131149628796400,3059.0537963867187,12.266012191772461,0.2545192241668701,3.1596364974975586,3.002000093460083,0.8025248646736145,243.45553588867188,840.5999755859375,77.5083064,13.0194573
1766131150077603000,3059.502603027344,12.038092613220215,0.21881115436553955,3.1596364974975586,3.002000093460083,0.983263373374939,241.8599853515625,840.5999755859375,77.5083029,13.0194562
1766131150171904500,3059.5969045410156,11.842844009399414,0.2594899833202362,2.253477096557617,3.002000093460083,0.9919639229774475,240.97215270996094,840.5999755859375,77.5083024,13.0194561
1766131150609828900,3060.034828857422,10.039190292358398,0.22297094762325287,2.258965492248535,3.002000093460083,0.9815317392349243,236.30686950683594,840.5999755859375,77.5082975,13.0194534
1766131150698532400,3060.123532470703,12.12382698059082,0.26695406436920166,2.258965492248535,3.009999990463257,0.985736608505249,235.25018310546875,840.5999755859375,77.5082965,13.0194528
1766131151118826800,3060.5438266601564,11.594265937805176,0.1882488876581192,2.258965492248535,3.0290000438690186,1.152175784111023,233.1263885498047,840.5999755859375,77.5082915,13.0194498
1766131151624011800,3061.04901171875,11.743233680725098,0.20728416740894318,2.2691071033477783,3.059000015258789,1.1064929962158203,235.0150146484375,840.5999755859375,77.5082861,13.0194462
1766131151753799700,3061.178799560547,11.684502601623535,0.20728416740894318,2.2691071033477783,3.0840001106262207,1.105363130569458,236.5694580078125,840.5999755859375,77.5082846,13.0194452
1766131152174614500,3061.599614501953,12.076376914978027,0.1677396595478058,2.2691071033477783,3.121000051498413,1.167508840560913,238.44992065429688,840.5999755859375,77.5082797,13.0194425
1766131152602689000,3062.027688964844,11.935661315917969,0.18938207626342773,2.2788939476013184,3.1600000858306885,1.1297951936721802,237.50686645507812,840.5999755859375,77.508275,13.0194401
1766131152795057000,3062.2200568847657,11.78074836730957,0.18938207626342773,2.2788939476013184,3.2039999961853027,1.1286935806274414,236.8262481689453,840.5999755859375,77.5082729,13.019439
1766131153279729700,3062.7047297363283,11.821407318115234,0.17282384634017944,2.2788939476013184,3.256999969482422,1.2066375017166138,236.48513793945312,840.5999755859375,77.5082675,13.0194359
1766131153617953300,3063.042953369141,9.909087181091309,0.1939297467470169,2.2890465259552,3.3310000896453857,0.9721769094467163,236.67160034179688,840.5999755859375,77.508265,13.0194348
1766131153778884400,3063.2038842773436,10.230441093444824,0.1939297467470169,2.2890465259552,3.365999937057495,0.9655588865280151,238.71705627441406,840.5999755859375,77.508264,13.0194344
1766131154312279000,3063.7372790527343,11.767308235168457,0.2214621901512146,2.2890465259552,3.431999921798706,1.052415370941162,249.38848876953125,840.5999755859375,77.5082587,13.0194313
1766131154591626200,3064.016626220703,10.274028778076172,0.24402649700641632,2.298783302307129,3.4660000801086426,0.8269510269165039,252.5006866455078,840.5999755859375,77.5082572,13.0194311
1766131154955349200,3064.3803493652345,9.67428970336914,0.24402649700641632,2.298783302307129,3.561000108718872,0.8159828186035156,243.33152770996094,840.5999755859375,77.508255,13.0194304
1766131155456158000,3064.881157958984,12.218194007873535,0.28641244769096375,2.298783302307129,3.684999942779541,0.8729164600372314,213.0795440673828,840.5999755859375,77.5082511,13.0194279
1766131155637537800,3065.0625378417967,11.72767162322998,0.24629846215248108,2.3092424869537354,3.750999927520752,0.6549360752105713,204.9969482421875,840.5999755859375,77.5082518,13.0194274
1766131156513799200,3065.9387990722657,11.861855506896973,0.3132699728012085,2.3092424869537354,3.874000072479248,0.7203518748283386,205.79525756835938,840.5999755859375,77.5082498,13.0194224
1766131156629582300,3066.0545822753907,11.806129455566406,0.25971734523773193,2.3191628456115723,3.9230000972747803,0.7441498041152954,205.49452209472656,840.5999755859375,77.5082488,13.0194212
1766131157012443100,3066.4374431152346,12.039066314697266,0.29278215765953064,2.3191628456115723,3.989000082015991,0.7564693689346313,208.2885284423828,840.5999755859375,77.5082472,13.0194183
1766131157537455600,3066.9624555664063,12.880424499511719,0.2987866699695587,2.3191628456115723,4.071000099182129,0.898533046245575,213.85110473632812,840.5999755859375,77.5082432,13.0194137
1766131157598707200,3067.0237072753907,12.650657653808594,0.23669196665287018,2.3288540840148926,4.089000225067139,0.9247134327888489,214.0787811279297,840.5999755859375,77.5082414,13.0194125
1766131158133380600,3067.5583806152345,12.995662689208984,0.2285163253545761,2.3288540840148926,4.190999984741211,1.0767194032669067,217.78192138671875,840.5999755859375,77.5082356,13.0194073
1766131158613398300,3068.038398193359,12.671152114868164,0.21613207459449768,2.339001178741455,4.232999801635742,1.0372600555419922,218.34120178222656,840.5999755859375,77.5082299,13.0194027
1766131158634955500,3068.059955566406,12.671152114868164,0.21613207459449768,2.339001178741455,4.27400016784668,1.0364032983779907,218.35311889648438,840.5999755859375,77.508229,13.0194022
1766131159276490500,3068.7014904785156,12.774894714355469,0.2376949042081833,2.339001178741455,4.3379998207092285,1.1249325275421143,212.12054443359375,840.5999755859375,77.508223,13.0193962
1766131159573906200,3068.99890625,10.271563529968262,0.21109986305236816,2.3486061096191406,4.367000102996826,0.7073543071746826,208.7063446044922,840.5999755859375,77.5082208,13.0193952
1766131160253233400,3069.6782333984374,11.973581314086914,0.2772204577922821,1.000709056854248,4.452000141143799,0.8249878883361816,230.8488006591797,840.5999755859375,77.5082147,13.0193891
1766131160601675800,3070.02667578125,9.462779998779297,0.2161196619272232,1.0109868049621582,4.443999767303467,0.5253360271453857,264.7243347167969,840.5999755859375,77.5082117,13.0193897
1766131161555294200,3070.980294189453,180,0.20375879108905792,1.020522952079773,4.436999797821045,0.31257200241088867,92.20977783203125,840.5999755859375,77.5082082,13.0193915
1766131161651479800,3071.076479736328,180,0.20375879108905792,1.020522952079773,4.416999816894531,0.3222871422767639,91.00088500976562,840.5999755859375,77.5082086,13.019392
1766131162554262800,3071.9792626953126,180,0.22751374542713165,1.0305125713348389,4.366000175476074,0.570595383644104,90.45035552978516,840.5999755859375,77.5082072,13.0193907
1766131162758614000,3072.183614013672,180,0.22751374542713165,1.0305125713348389,4.357999801635742,0.5746344327926636,90.3523941040039,840.5999755859375,77.5082065,13.0193904
1766131163593456400,3073.018456298828,88.07080841064453,0.211024671792984,1.0409045219421387,4.316999912261963,0.4939340353012085,256.6505432128906,840.5999755859375,77.5082019,13.0193875
1766131164336446200,3073.7614462890624,85.02897644042969,0.26179781556129456,1.0409045219421387,4.285999774932861,0.5291550755500793,207.662109375,840.5999755859375,77.5081967,13.0193859
1766131164633297400,3074.0582973632813,67.14997863769531,0.23024611175060272,1.0513030290603638,4.304999828338623,0.7327132225036621,192.73170471191406,840.5999755859375,77.5081925,13.0193826
1766131164932624400,3074.357624267578,69.22761535644531,0.23024611175060272,1.0513030290603638,4.35099983215332,0.7409750819206238,185.15223693847656,840.5999755859375,77.5081907,13.0193802
1766131165354043400,3074.779043457031,180,0.25574713945388794,1.0513030290603638,4.374000072479248,1.0233395099639893,126.95706176757812,840.5999755859375,77.5081896,13.0193782
1766131165584127700,3075.009127685547,109.79551696777344,0.19799792766571045,1.0608112812042236,4.383999824523926,0.7355934977531433,153.07135009765625,840.5999755859375,77.5081868,13.019375
1766131165973687800,3075.3986877441407,109.0331802368164,0.24646314978599548,1.0608112812042236,4.438000202178955,0.6999452114105225,204.58596801757812,840.5999755859375,77.5081844,13.0193726
1766131166458444500,3075.883444580078,102.10675811767578,0.24731190502643585,1.0608112812042236,4.5,0.8972789645195007,212.7317657470703,840.5999755859375,77.5081814,13.01937
1766131166595712500,3076.0207124023436,82.41650390625,0.20500461757183075,1.0709271430969238,4.564000129699707,0.9288111329078674,221.169921875,840.5999755859375,77.5081786,13.0193676
1766131167050501400,3076.4755014648435,72.57732391357422,0.21029774844646454,1.0709271430969238,4.658999919891357,0.9986889958381653,221.00978088378906,840.5999755859375,77.5081747,13.0193639
1766131167499275500,3076.9242756347658,70.32085418701172,0.2523208260536194,1.0709271430969238,4.735000133514404,1.0190832614898682,220.14157104492188,840.5999755859375,77.5081719,13.0193613
1766131167581833000,3077.0068330078125,53.06716537475586,0.20611295104026794,1.0807883739471436,4.790999889373779,1.0051989555358887,222.78599548339844,840.5999755859375,77.508169,13.0193594
1766131168596247000,3078.0212470703127,42.04078674316406,0.240413099527359,1.0807883739471436,4.979000091552734,1.0668365955352783,223.60845947265625,840.5999755859375,77.50816,13.0193515
1766131168644307700,3078.0693076171874,33.88216018676758,0.19452674686908722,1.0914130210876465,4.97599983215332,0.9975462555885315,226.31690979003906,840.5999755859375,77.5081562,13.0193503
1766131169402389200,3078.827389160156,30.73642921447754,0.22208723425865173,1.2277565002441406,4.999000072479248,1.0305616855621338,224.15089416503906,840.5999755859375,77.508149,13.0193445
1766131169601121800,3079.0261218261717,24.327367782592773,0.20396389067173004,1.230947732925415,4.980999946594238,0.6966055035591125,221.43295288085938,840.5999755859375,77.5081455,13.0193417
1766131169819135200,3079.2441352539063,23.9923152923584,0.20396389067173004,1.230947732925415,4.973999977111816,0.6805087327957153,222.1206817626953,840.5999755859375,77.5081439,13.0193404
1766131170645286400,3080.070286376953,16.34218406677246,0.1972009539604187,1.2413893938064575,4.956999778747559,0.566406786441803,226.2915496826172,840.5999755859375,77.508139,13.0193372
1766131170875364900,3080.3003647460937,18.480470657348633,0.23449695110321045,1.2413893938064575,4.90500020980835,0.5668466687202454,224.95677185058594,840.5999755859375,77.5081377,13.0193366
1766131171358972700,3080.78397265625,18.26803970336914,0.27214282751083374,1.2413893938064575,4.874000072479248,0.7631011605262756,216.85118103027344,840.5999755859375,77.5081349,13.0193327
1766131171605374700,3081.030374755859,15.711922645568848,0.2287132889032364,1.2509902715682983,4.793000221252441,0.5021414756774902,217.08648681640625,840.5999755859375,77.5081338,13.0193334
1766131171940352800,3081.365352783203,15.527680397033691,0.2595832943916321,1.2509902715682983,4.745999813079834,0.4978864789009094,216.4935760498047,840.5999755859375,77.5081328,13.0193333
1766131172399451000,3081.8244509277342,15.007372856140137,0.3145788013935089,1.2509902715682983,4.693999767303467,0.6993328332901001,219.7065887451172,840.5999755859375,77.5081301,13.0193297
1766131172563532300,3081.9885322265627,13.092668533325195,0.23798373341560364,1.260571837425232,4.571000099182129,0.8035793304443359,221.7701416015625,840.5999755859375,77.5081277,13.019327
1766131173019159000,3082.444158935547,13.294416427612305,0.264543354511261,1.260571837425232,4.5229997634887695,0.8151554465293884,222.06031799316406,840.5999755859375,77.508124,13.0193232
1766131173601317000,3083.026317138672,12.277780532836914,0.21900340914726257,1.2709497213363647,4.395999908447266,1.036926507949829,216.29562377929688,840.5999755859375,77.5081171,13.019316
1766131174014167000,3083.4391669921874,12.157817840576172,0.21900340914726257,1.2709497213363647,4.354000091552734,1.0423972606658936,215.1779327392578,840.5999755859375,77.5081131,13.0193111
1766131174636720600,3084.061720703125,11.974411964416504,0.2238597571849823,1.2813037633895874,4.27400016784668,1.1555105447769165,215.05032348632812,840.5999755859375,77.5081061,13.0193039
1766131175014636800,3084.43963671875,11.955805778503418,0.2238597571849823,1.2813037633895874,4.27400016784668,1.1583364009857178,214.9696502685547,840.5999755859375,77.5081023,13.0192995
1766131175638119200,3085.063119140625,11.694549560546875,0.20065952837467194,1.2913177013397217,4.291999816894531,1.1410843133926392,215.490478515625,840.5999755859375,77.5080965,13.0192933
1766131176063415600,3085.488415527344,11.956095695495605,0.19301675260066986,1.2913177013397217,4.339000225067139,1.2043266296386719,213.00369262695312,840.5999755859375,77.5080928,13.0192887
1766131176499004400,3085.924004394531,12.047560691833496,0.2370131015777588,1.2913177013397217,4.38700008392334,1.2006608247756958,210.8369598388672,840.5999755859375,77.5080897,13.0192841
1766131176617276400,3086.0422763671877,10.057865142822266,0.20173008739948273,1.3011093139648438,4.432000160217285,1.0749456882476807,211.6952362060547,840.5999755859375,77.5080886,13.0192841
1766131177056700700,3086.4817006835938,11.294086456298828,0.20146365463733673,1.3011093139648438,4.473999977111816,1.1766976118087769,208.32667541503906,840.5999755859375,77.5080853,13.0192798
1766131177492140800,3086.9171408691404,11.579510688781738,0.24353741109371185,1.3011093139648438,4.520999908447266,1.191033124923706,202.2305145263672,840.5999755859375,77.5080827,13.0192751
1766131177591065600,3087.016065673828,9.974138259887695,0.20881208777427673,1.3108471632003784,4.565000057220459,1.098071813583374,201.54608154296875,840.5999755859375,77.5080817,13.0192749
1766131178072807400,3087.4978073730467,10.387529373168945,0.2004358470439911,1.3108471632003784,4.6020002365112305,1.1909774541854858,195.0469512939453,840.5999755859375,77.5080787,13.01927
1766131178636032800,3088.061032714844,9.869819641113281,0.2578161656856537,1.3212968111038208,4.598999977111816,0.8400449752807617,181.75721740722656,840.5999755859375,77.508077,13.019266
1766131179089456600,3088.5144565429687,9.667789459228516,0.2446427047252655,1.4816726446151733,4.583000183105469,1.012373924255371,163.7602081298828,840.5999755859375,77.5080765,13.0192574
1766131179575521300,3089.0005212402343,9.613263130187988,0.2446427047252655,1.4816726446151733,4.559000015258789,1.018274188041687,145.845458984375,840.5999755859375,77.5080782,13.0192507
1766131179640690000,3089.065689941406,9.759074211120605,0.2357126921415329,1.4917192459106445,4.538000106811523,1.0235910415649414,146.05731201171875,840.5999755859375,77.5080783,13.0192498
1766131180078992600,3089.5039926757813,9.992445945739746,0.18846863508224487,1.4917192459106445,4.511000156402588,1.128967523574829,137.02862548828125,840.5999755859375,77.5080806,13.0192453
1766131180634693600,3090.059693603516,10.168255805969238,0.2332627773284912,1.4917192459106445,4.498000144958496,1.1389158964157104,127.38356018066406,840.5999755859375,77.5080852,13.0192404
1766131180642098200,3090.0670981445314,10.092299461364746,0.20842264592647552,1.5017333030700684,4.46999979019165,1.120582103729248,126.61685943603516,840.5999755859375,77.5080849,13.0192405
1766131181238407200,3090.6634072265624,10.133710861206055,0.1873520463705063,1.5017333030700684,4.436999797821045,1.1892640590667725,121.50083923339844,840.5999755859375,77.5080902,13.0192365
1766131181638258400,3091.063258544922,11.2916841506958,0.20747320353984833,1.5116949081420898,4.369999885559082,1.1340422630310059,120.66555786132812,840.5999755859375,77.5080926,13.0192344
1766131182254478300,3091.679478271484,11.427736282348633,0.18534624576568604,1.5116949081420898,4.330999851226807,1.1946698427200317,115.09602355957031,840.5999755859375,77.5080983,13.0192309
1766131182589021000,3092.0140209960937,12.268282890319824,0.22784414887428284,1.5212024450302124,4.263000011444092,0.8915913105010986,111.78426361083984,840.5999755859375,77.5080987,13.0192303
1766131183359572700,3092.784572753906,11.814319610595703,0.19688063859939575,1.5212024450302124,4.195000171661377,1.0268958806991577,101.68103790283203,840.5999755859375,77.5081049,13.0192276
1766131183657445600,3093.082445556641,11.889969825744629,0.24704331159591675,1.5318866968154907,4.184999942779541,0.8201754689216614,99.2686538696289,840.5999755859375,77.5081048,13.0192279
1766131184218132700,3093.6431328125,11.900449752807617,0.2323053479194641,1.5318866968154907,4.191999912261963,0.9405031204223633,99.95455169677734,840.5999755859375,77.5081097,13.0192269
1766131184648731400,3094.0737314453127,10.088372230529785,0.23820294439792633,1.5417996644973755,4.177999973297119,0.6405269503593445,106.80209350585938,840.5999755859375,77.5081091,13.0192265
1766131184851865600,3094.2768654785154,10.214580535888672,0.23820294439792633,1.5417996644973755,4.173999786376953,0.6305853128433228,108.32473754882812,840.5999755859375,77.5081087,13.0192263
1766131185459339300,3094.884339355469,12.750924110412598,0.2584332227706909,1.5417996644973755,4.184999942779541,0.8335856795310974,115.46196746826172,840.5999755859375,77.5081138,13.0192239
1766131185637719800,3095.0627197265626,12.73643970489502,0.22784410417079926,1.5516895055770874,4.171999931335449,0.899911642074585,117.46719360351562,840.5999755859375,77.5081149,13.0192218
1766131186314646300,3095.7396462402344,12.773056983947754,0.2523701786994934,1.5516895055770874,4.209000110626221,1.0309895277023315,116.66767120361328,840.5999755859375,77.5081213,13.0192172
1766131186632878000,3096.057878173828,12.66051959991455,0.22527308762073517,1.5616410970687866,4.2230000495910645,1.01858651638031,117.62255859375,840.5999755859375,77.508123,13.0192139
1766131187544794000,3096.9697941894533,12.893915176391602,0.246527761220932,1.5616410970687866,4.289000034332275,1.1294164657592773,120.40034484863281,840.5999755859375,77.5081316,13.0192074
1766131187598568200,3097.0235681152344,12.442120552062988,0.21652798354625702,1.5712980031967163,4.328000068664551,1.17985999584198,122.25337982177734,840.5999755859375,77.5081308,13.0192047
1766131187666000000,3097.0909997558592,12.288007736206055,0.22407883405685425,1.050158977508545,4.308000087738037,1.1941533088684082,125.27212524414062,840.5999755859375,77.5081292,13.0192012
1766131187974567700,3097.3995676269533,12.473001480102539,0.2632962167263031,1.050158977508545,4.303999900817871,1.1956216096878052,124.56697845458984,840.5999755859375,77.5081302,13.0191965
1766131188577278200,3098.0022783203126,12.290289878845215,0.24158446490764618,1.050158977508545,4.329999923706055,1.2373348474502563,122.48785400390625,840.5999755859375,77.5081352,13.0191903
1766131188633176300,3098.058176269531,10.24061393737793,0.20503740012645721,1.0598307847976685,4.315000057220459,1.1876055002212524,124.36271667480469,840.5999755859375,77.5081342,13.0191882
1766131189014543400,3098.439543457031,10.097819328308105,0.20503740012645721,1.0598307847976685,4.322999954223633,1.1792000532150269,123.98139190673828,840.5999755859375,77.5081368,13.0191844
1766131189664440000,3099.0894401855467,12.080551147460938,0.22285553812980652,1.0701433420181274,4.3379998207092285,1.1740391254425049,126.37786865234375,840.5999755859375,77.508141,13.0191774
1766131190039624400,3099.4646245117187,11.897747039794922,0.22285553812980652,1.0701433420181274,4.357999801635742,1.1739931106567383,124.92022705078125,840.5999755859375,77.5081439,13.0191738
1766131190514488600,3099.9394885253905,11.810951232910156,0.225058913230896,1.0701433420181274,4.379000186920166,1.2128627300262451,118.67992401123047,840.5999755859375,77.5081489,13.0191694
1766131190629752000,3100.054751953125,11.11076545715332,0.20228764414787292,1.079796552658081,4.364999771118164,0.9781156778335571,118.96385192871094,840.5999755859375,77.5081481,13.0191679
1766131191078670600,3100.503670654297,11.799325942993164,0.1832558512687683,1.079796552658081,4.385000228881836,1.1102670431137085,118.17790985107422,840.5999755859375,77.5081513,13.0191641
1766131191640689200,3101.065689208984,12.311212539672852,0.22919802367687225,1.089905858039856,4.335999965667725,0.8174251914024353,126.97669982910156,840.5999755859375,77.5081522,13.0191615
1766131191661440300,3101.086440185547,10.201042175292969,0.22919802367687225,1.089905858039856,4.309999942779541,0.8127537965774536,128.50674438476562,840.5999755859375,77.5081512,13.0191614
1766131192119701800,3101.544701660156,11.98192024230957,0.23827899992465973,1.089905858039856,4.300000190734863,1.0279085636138916,131.86253356933594,840.5999755859375,77.5081546,13.0191577
1766131192589617200,3102.0146171875,11.960433959960938,0.26254716515541077,1.0993951559066772,4.24399995803833,0.7134746313095093,134.4088897705078,840.5999755859375,77.5081544,13.0191554
1766131192715457800,3102.1404577636717,11.92467212677002,0.26254716515541077,1.0993951559066772,4.2230000495910645,0.7052676677703857,134.8621826171875,840.5999755859375,77.5081538,13.019155
1766131193631195600,3103.0561955566404,12.553008079528809,0.23078973591327667,1.1098109483718872,4.203999996185303,1.0286412239074707,135.61492919921875,840.5999755859375,77.5081598,13.0191455
1766131193693091600,3103.1180915527343,12.520602226257324,0.23078973591327667,1.1098109483718872,4.2220001220703125,1.0332889556884766,135.200439453125,840.5999755859375,77.5081607,13.0191438
1766131194114833000,3103.5398330078124,12.66219425201416,0.2347940355539322,1.1098109483718872,4.249000072479248,1.1284666061401367,133.0687255859375,840.5999755859375,77.5081648,13.019139
1766131194635439400,3104.060439453125,12.6425199508667,0.23641957342624664,1.1198533773422241,4.269999980926514,1.1234363317489624,132.6092987060547,840.5999755859375,77.5081689,13.0191333
1766131194719282400,3104.1442824707033,12.623577117919922,0.23641957342624664,1.1198533773422241,4.291999816894531,1.1232870817184448,132.7670135498047,840.5999755859375,77.5081697,13.019132
1766131195621258000,3105.0462580566405,12.05203628540039,0.20113837718963623,1.1297115087509155,4.2820000648498535,1.1170735359191895,131.02828979492188,840.5999755859375,77.5081764,13.0191233
1766131196087868200,3105.5128681640626,12.239105224609375,0.18439523875713348,1.1297115087509155,4.315999984741211,1.1698260307312012,127.34376525878906,840.5999755859375,77.5081808,13.0191191
1766131196624195000,3106.0491950683595,12.144065856933594,0.19368410110473633,1.1397409439086914,4.343999862670898,1.1776890754699707,128.14825439453125,840.5999755859375,77.508185,13.0191137
1766131196816011500,3106.2410114746094,12.437544822692871,0.23763100802898407,1.1397409439086914,4.447000026702881,1.1750465631484985,128.94296264648438,840.5999755859375,77.5081868,13.0191117
1766131197005046300,3106.430046386719,12.256438255310059,0.1809077262878418,1.1476298570632935,4.4730000495910645,1.197605848312378,129.75123596191406,840.5999755859375,77.5081881,13.0191104
1766131197253570000,3106.6785700683595,12.243196487426758,0.17841024696826935,1.1476298570632935,4.498000144958496,1.193741798400879,131.78211975097656,840.5999755859375,77.5081887,13.019109
1766131197588385800,3107.0133857421874,12.196820259094238,0.19289328157901764,1.154233694076538,4.5,1.2143598794937134,134.63758850097656,840.5999755859375,77.5081899,13.0191057
1766131197831862500,3107.256862548828,12.315576553344727,0.19289328157901764,1.154233694076538,4.586999893188477,1.2153218984603882,135.60801696777344,840.5999755859375,77.5081911,13.0191033
1766131198255684600,3107.6806845703127,12.383365631103516,0.19036971032619476,1.154233694076538,4.607999801635742,1.238663911819458,137.15008544921875,840.5999755859375,77.5081946,13.0190994
1766131198615001900,3108.040001953125,12.04741382598877,0.20468157529830933,1.1644998788833618,4.620999813079834,1.1852116584777832,141.1318359375,840.5999755859375,77.5081964,13.0190952
1766131198898441000,3108.3234409179686,12.227264404296875,0.20468157529830933,1.1644998788833618,4.681000232696533,1.1831374168395996,143.3494415283203,840.5999755859375,77.508198,13.0190921
1766131199605914000,3109.0309140625,11.886496543884277,0.2310139685869217,1.174409031867981,4.710000038146973,1.12110435962677,144.849609375,840.5999755859375,77.5082019,13.0190849
1766131199914015500,3109.3390153808596,11.870158195495605,0.2310139685869217,1.174409031867981,4.761000156402588,1.1197599172592163,145.34738159179688,840.5999755859375,77.5082036,13.0190818
1766131200359056100,3109.784056152344,12.208334922790527,0.23448656499385834,1.174409031867981,4.796000003814697,1.1703227758407593,144.75099182128906,840.5999755859375,77.5082067,13.0190776
1766131200623272000,3110.048271972656,10.039566993713379,0.21546603739261627,1.1845825910568237,4.821000099182129,0.8970984220504761,144.12744140625,840.5999755859375,77.5082077,13.019076
1766131200793995500,3110.2189956054685,10.018510818481445,0.26084357500076294,1.1845825910568237,4.839000225067139,0.8878183960914612,143.205322265625,840.5999755859375,77.5082083,13.0190752
1766131201254505500,3110.679505371094,10.262063026428223,0.2028222233057022,1.1845825910568237,4.872000217437744,1.061813473701477,141.2114715576172,840.5999755859375,77.5082109,13.0190709
1766131201642890000,3111.067889892578,9.841216087341309,0.26429301500320435,1.1947788000106812,4.89300012588501,0.8256309032440186,138.66729736328125,840.5999755859375,77.5082131,13.0190696
1766131201833508600,3111.258508544922,9.788753509521484,0.3082622289657593,1.1947788000106812,4.914000034332275,0.8182371854782104,137.5139617919922,840.5999755859375,77.5082141,13.0190691
1766131202583098000,3112.0080981445312,9.75659465789795,0.2505810856819153,1.2041808366775513,4.947000026702881,0.7086696624755859,131.5677490234375,840.5999755859375,77.5082162,13.0190654
1766131202899065900,3112.3240659179687,9.629777908325195,0.2505810856819153,1.2041808366775513,5.001999855041504,0.7069589495658875,128.50340270996094,840.5999755859375,77.5082173,13.0190641
1766131203399555600,3112.8245556640627,9.719643592834473,0.2557373046875,1.2041808366775513,5.0289998054504395,0.9393472671508789,128.20535278320312,840.5999755859375,77.5082214,13.0190596
1766131203639200800,3113.0642006835938,9.409366607666016,0.22337204217910767,1.214741826057434,5.052000045776367,1.0659949779510498,128.1365203857422,840.5999755859375,77.5082239,13.0190568
1766131203954368500,3113.379368408203,9.255399703979492,0.22337204217910767,1.214741826057434,5.073999881744385,1.072100043296814,128.96575927734375,840.5999755859375,77.5082269,13.019054
1766131204495110700,3113.920110595703,9.824275970458984,0.2276277244091034,1.214741826057434,5.103000164031982,1.1546766757965088,131.38365173339844,840.5999755859375,77.5082322,13.0190491
1766131204633908200,3114.058908203125,9.908717155456543,0.22549016773700714,1.2246888875961304,5.118000030517578,1.1932010650634766,131.666748046875,840.5999755859375,77.5082339,13.0190478
1766131205019346200,3114.444346191406,10.029474258422852,0.22549016773700714,1.2246888875961304,5.132999897003174,1.1967238187789917,132.33151245117188,840.5999755859375,77.5082376,13.0190446
1766131205559969800,3114.9849697265627,10.206361770629883,0.22670942544937134,1.2246888875961304,5.1539998054504395,1.2324539422988892,130.1192626953125,840.5999755859375,77.5082437,13.0190398
1766131205632586800,3115.057586669922,9.671316146850586,0.1907443255186081,1.2346757650375366,5.1529998779296875,1.1735267639160156,129.4674072265625,840.5999755859375,77.5082444,13.0190402
1766131206012834800,3115.4378347167967,10.117145538330078,0.2368687391281128,1.2346757650375366,5.151000022888184,1.1621623039245605,128.5809326171875,840.5999755859375,77.5082479,13.0190381
1766131206098221300,3115.5232211914063,10.130273818969727,0.17924821376800537,1.2026864290237427,5.14300012588501,1.1785478591918945,128.08653259277344,840.8999633789062,77.5082485,13.0190381
1766131206601594000,3116.0265939941405,10.08750057220459,0.22386272251605988,1.2026864290237427,5.123000144958496,1.1931077241897583,131.61318969726562,840.8999633789062,77.508249,13.0190302
1766131206653327600,3116.0783276367188,9.81753921508789,0.196967214345932,1.2091597318649292,5.0929999351501465,1.1618750095367432,130.6336212158203,840.8999633789062,77.5082486,13.0190297
1766131207037122000,3116.4621220703125,10.070033073425293,0.23861069977283478,1.2091597318649292,5.067999839782715,1.1588947772979736,131.94281005859375,840.8999633789062,77.5082512,13.0190268
1766131207599360000,3117.0243601074217,9.951289176940918,0.20253455638885498,1.2186200618743896,5.046000003814697,1.1586406230926514,132.771728515625,840.8999633789062,77.5082572,13.0190243
1766131207623753700,3117.0487536621094,9.951289176940918,0.20253455638885498,1.2186200618743896,5.01200008392334,1.1586382389068604,132.78536987304688,840.8999633789062,77.5082578,13.0190245
1766131208237015000,3117.6620151367188,10.200231552124023,0.18362388014793396,1.2186200618743896,4.997000217437744,1.177927017211914,136.90240478515625,840.8999633789062,77.5082636,13.0190197
1766131208585799200,3118.0107990722654,11.74924373626709,0.2015647441148758,1.2284843921661377,4.956999778747559,0.9211030006408691,138.33938598632812,840.8999633789062,77.5082659,13.0190197
1766131208673662700,3118.098662841797,11.74924373626709,0.2015647441148758,1.2284843921661377,4.927000045776367,0.9136762619018555,138.38937377929688,840.8999633789062,77.5082663,13.0190202
1766131209118410500,3118.5434104003907,10.148775100708008,0.21781396865844727,1.2284843921661377,4.9039998054504395,1.0109292268753052,136.07192993164062,840.8999633789062,77.5082701,13.0190174
1766131209575186200,3119.000186279297,12.233434677124023,0.20863355696201324,1.2383782863616943,4.85699987411499,0.7893838882446289,133.47052001953125,840.8999633789062,77.5082731,13.0190178
1766131209698466000,3119.123466064453,12.217255592346191,0.24504020810127258,1.2383782863616943,4.8379998207092285,0.79062420129776,133.57437133789062,840.8999633789062,77.5082739,13.0190183
1766131210159875600,3119.5848754882813,10.15015697479248,0.23566780984401703,1.2383782863616943,4.811999797821045,0.9616617560386658,135.63795471191406,840.8999633789062,77.5082778,13.0190164
1766131210641468700,3120.06646875,11.764413833618164,0.2126230001449585,1.2490410804748535,4.747000217437744,0.7258384227752686,140.18789672851562,840.8999633789062,77.5082802,13.0190161
1766131211152075500,3120.577075439453,11.5949068069458,0.21401183307170868,1.2490410804748535,4.7179999351501465,0.9280484914779663,146.7564697265625,840.8999633789062,77.5082838,13.0190146
1766131211614751500,3121.039751464844,11.912566184997559,0.21577446162700653,1.258773922920227,4.706999778747559,0.9255058169364929,148.073486328125,840.8999633789062,77.5082875,13.0190135
1766131211757768700,3121.182768798828,11.902800559997559,0.21577446162700653,1.258773922920227,4.728000164031982,0.9254806637763977,147.928955078125,840.8999633789062,77.5082888,13.0190131
1766131212393091800,3121.818091796875,11.956914901733398,0.23523443937301636,1.258773922920227,4.752999782562256,1.015851616859436,145.5371551513672,840.8999633789062,77.5082932,13.0190086
1766131212583585000,3122.0085849609377,12.028519630432129,0.20503662526607513,1.2684623003005981,4.757999897003174,0.9577582478523254,144.41140747070312,840.8999633789062,77.5082952,13.0190087
1766131212819481000,3122.2444812011718,12.071844100952148,0.20503662526607513,1.2684623003005981,4.803999900817871,0.9543120265007019,146.49862670898438,840.8999633789062,77.5082969,13.0190077
1766131213296398000,3122.721398193359,12.429159164428711,0.18677449226379395,1.2684623003005981,4.841000080108643,1.014216423034668,151.81704711914062,840.8999633789062,77.5083002,13.0190042
1766131213586021600,3123.0110217285155,12.365042686462402,0.2050294727087021,1.2784866094589233,4.866000175476074,0.9465394020080566,152.7300567626953,840.8999633789062,77.5083026,13.0190037
1766131213733006000,3123.1580061035156,12.367351531982422,0.2050294727087021,1.2784866094589233,4.892000198364258,0.9438689351081848,152.48410034179688,840.8999633789062,77.5083037,13.0190032
1766131214416160500,3123.8411604003904,12.312679290771484,0.22259244322776794,1.2784866094589233,4.921999931335449,0.9940149188041687,149.83609008789062,840.8999633789062,77.5083078,13.0189983
1766131214579526700,3124.004526611328,11.983745574951172,0.2069101184606552,1.2884217500686646,4.916999816894531,0.7726029753684998,150.03028869628906,840.8999633789062,77.5083089,13.018999
1766131214883883300,3124.3088833007814,12.04397964477539,0.2503049373626709,1.326003074645996,4.9079999923706055,0.7600531578063965,151.16336059570312,841.2000122070312,77.5083099,13.0189984
1766131214996458000,3124.4214580078124,10.198525428771973,0.24975985288619995,1.326003074645996,4.896999835968018,0.7599695324897766,152.7853240966797,841.2000122070312,77.5083093,13.0189967
1766131215600654300,3125.025654296875,11.905762672424316,0.20434673130512238,1.3340696096420288,4.88100004196167,0.9375091195106506,156.0740509033203,841.2000122070312,77.5083125,13.0189924
1766131215631926000,3125.0569260253906,11.905762672424316,0.20434673130512238,1.3340696096420288,4.866000175476074,0.9403426647186279,156.11737060546875,841.2000122070312,77.508313,13.018992
1766131216093443800,3125.5184438476563,11.934865951538086,0.18502333760261536,1.3340696096420288,4.879000186920166,1.0501502752304077,161.8712615966797,841.2000122070312,77.5083151,13.0189873
1766131216582339800,3126.00733984375,11.847696304321289,0.20988260209560394,1.3438864946365356,4.86299991607666,0.9876896739006042,170.2814178466797,841.2000122070312,77.5083174,13.0189836
1766131216698209000,3126.123208984375,11.631878852844238,0.20988260209560394,1.3438864946365356,4.85699987411499,0.9863960146903992,172.06539916992188,841.2000122070312,77.5083178,13.0189827
1766131217134712600,3126.5597126464845,12.142404556274414,0.19474251568317413,1.3438864946365356,4.859000205993652,1.0886967182159424,175.78970336914062,841.2000122070312,77.5083188,13.0189783
1766131217595115300,3127.020115234375,12.010744094848633,0.2315717190504074,1.3438864946365356,4.85699987411499,1.0893666744232178,176.84637451171875,841.2000122070312,77.5083194,13.0189731
1766131217595600400,3127.020600341797,11.897022247314453,0.19778935611248016,1.354019045829773,4.84499979019165,1.0718225240707397,176.53895568847656,841.2000122070312,77.5083197,13.0189737
1766131218541766700,3127.9667666015625,12.28215503692627,0.2432396411895752,1.354019045829773,4.8420000076293945,1.1270256042480469,178.11737060546875,841.2000122070312,77.5083208,13.0189637
1766131218579396600,3128.0043967285155,9.850184440612793,0.21137741208076477,1.3638570308685303,4.810999870300293,0.8095474243164062,178.10838317871094,841.2000122070312,77.508321,13.0189648
1766131219181165000,3128.6061650390625,10.028313636779785,0.24526555836200714,1.3638570308685303,4.789000034332275,0.8709941506385803,176.89646911621094,841.2000122070312,77.5083218,13.0189608
1766131219589787000,3129.0147868652343,9.674081802368164,0.2164907455444336,1.3739609718322754,4.72599983215332,0.6367418169975281,171.2540283203125,841.2000122070312,77.5083224,13.0189603
1766131219836381000,3129.261380859375,9.509471893310547,0.2547597289085388,1.3739609718322754,4.697999954223633,0.6262218952178955,168.53167724609375,841.2000122070312,77.5083229,13.0189599
1766131220593837600,3130.0188376464844,9.636751174926758,0.25200986862182617,1.3840014934539795,4.6620001792907715,0.5486031770706177,162.4568634033203,841.2000122070312,77.5083243,13.018959
1766131220893013200,3130.318013183594,9.727346420288086,0.2818828821182251,1.3840014934539795,4.639999866485596,0.5481551289558411,162.5909423828125,841.2000122070312,77.508325,13.0189587
1766131221314961000,3130.7399609375,10.202228546142578,0.29318782687187195,1.3840014934539795,4.632999897003174,0.8041806221008301,165.97088623046875,841.2000122070312,77.5083257,13.0189535
1766131221640838700,3131.065838623047,10.252396583557129,0.2337559163570404,1.3944714069366455,4.614999771118164,0.8772104978561401,169.72369384765625,841.2000122070312,77.5083261,13.01895
1766131221804014000,3131.229014160156,11.8267822265625,0.2337559163570404,1.3944714069366455,4.5970001220703125,0.8804370164871216,171.4924774169922,841.2000122070312,77.5083262,13.0189481
1766131222276782600,3131.701782470703,11.988668441772461,0.21296681463718414,1.3944714069366455,4.591000080108643,1.012616515159607,173.0446014404297,841.2000122070312,77.5083269,13.0189424
1766131222585533200,3132.010533203125,12.145377159118652,0.21173253655433655,1.4039183855056763,4.586999893188477,1.0129741430282593,173.14157104492188,841.2000122070312,77.5083267,13.0189395
1766131222856274400,3132.2812744140624,12.070292472839355,0.21173253655433655,1.4039183855056763,4.546999931335449,1.0129890441894531,173.48719787597656,841.2000122070312,77.5083267,13.0189368
1766131223654188000,3133.0791879882813,9.84329891204834,0.20277993381023407,1.414604902267456,4.520999908447266,1.0472139120101929,180.1324005126953,841.2000122070312,77.5083261,13.0189295
1766131223784106200,3133.209106201172,10.198149681091309,0.20277993381023407,1.644562005996704,4.534999847412109,1.0475972890853882,182.51409912109375,843.0999755859375,77.5083257,13.0189287
1766131223875155700,3133.3001557617185,10.198149681091309,0.20277993381023407,1.644562005996704,4.548999786376953,1.0478407144546509,182.94000244140625,843.0999755859375,77.5083254,13.0189271
1766131224644644600,3134.06964453125,9.6634521484375,0.2486560195684433,1.6539984941482544,4.572999954223633,0.7750841379165649,190.0440673828125,843.0999755859375,77.508325,13.0189226
1766131224875342300,3134.300342285156,9.517582893371582,0.2486560195684433,1.6539984941482544,4.607999801635742,0.76920485496521,192.06732177734375,843.0999755859375,77.5083247,13.0189217
1766131225534885600,3134.9598857421875,11.662342071533203,0.2222333699464798,1.6539984941482544,4.630000114440918,0.9289185404777527,195.6099395751953,843.0999755859375,77.5083219,13.0189154
1766131225644497000,3135.069496826172,9.939626693725586,0.21153517067432404,1.663996934890747,4.656000137329102,0.7742123007774353,195.30906677246094,843.0999755859375,77.5083215,13.0189157
1766131226113413400,3135.538413330078,10.063644409179688,0.19863128662109375,1.663996934890747,4.684000015258789,0.8439040184020996,197.67068481445312,843.0999755859375,77.5083203,13.0189125
1766131226627246000,3136.05224609375,9.751463890075684,0.2230340838432312,1.673824429512024,4.665999889373779,0.633538544178009,203.0978240966797,843.0999755859375,77.5083187,13.0189118
1766131227274075600,3136.699075683594,9.971528053283691,0.21222791075706482,1.673824429512024,4.697999954223633,0.7199453711509705,210.7115478515625,843.0999755859375,77.5083166,13.0189089
1766131227569715500,3136.994715576172,9.931429862976074,0.2080201357603073,1.6832491159439087,4.589000225067139,0.7501172423362732,213.63046264648438,843.0999755859375,77.5083129,13.0189083
1766131228592139500,3138.017139404297,9.957348823547363,0.23431876301765442,1.6832491159439087,4.515999794006348,0.8369746208190918,219.66146850585938,843.0999755859375,77.5083064,13.0189014
1766131228621446400,3138.0464462890627,9.553077697753906,0.20496030151844025,1.693766474723816,4.4039998054504395,0.8193662166595459,220.64744567871094,843.0999755859375,77.5083052,13.018902
1766131229013941800,3138.4389416503905,9.573039054870605,0.20496030151844025,1.693766474723816,4.204999923706055,0.8151509165763855,227.33078002929688,843.0999755859375,77.5083023,13.0189003
1766131229633430500,3139.058430419922,10.121932983398438,0.2627736032009125,1.693766474723816,4.144000053405762,0.8842729926109314,231.6584014892578,843.0999755859375,77.5082976,13.0188963
1766131229634672000,3139.0596721191405,11.04812240600586,0.21922901272773743,1.7038987874984741,4.056000232696533,0.8879552483558655,231.5885009765625,843.0999755859375,77.5082976,13.0188963
1766131230118336500,3139.543336425781,9.802416801452637,0.19499905407428741,1.7038987874984741,3.8450000286102295,0.987947940826416,225.947265625,843.0999755859375,77.5082939,13.0188929
1766131230598337500,3140.0233376464844,10.067042350769043,0.2306208312511444,1.7135354280471802,3.686000108718872,0.7844958305358887,220.28598022460938,843.0999755859375,77.508292,13.018891
1766131230715550200,3140.140550292969,10.12221622467041,0.2306208312511444,1.7135354280471802,3.552000045776367,0.7804318070411682,219.86419677734375,843.0999755859375,77.5082918,13.0188907
1766131231175989800,3140.6009897460935,10.011641502380371,0.23731009662151337,1.7135354280471802,3.4059998989105225,0.9414442777633667,217.92469787597656,843.0999755859375,77.5082891,13.0188871
1766131231661798400,3141.086798339844,10.00423812866211,0.2517774999141693,1.7241699695587158,3.2799999713897705,0.6919375658035278,220.02093505859375,843.0999755859375,77.5082887,13.0188861
1766131231780242400,3141.2052424316407,10.026629447937012,0.2517774999141693,1.7241699695587158,3.257999897003174,0.6863523125648499,220.9275360107422,843.0999755859375,77.5082889,13.0188863
1766131232608993300,3142.0339931640624,11.626876831054688,0.2965242266654968,1.7336419820785522,3.115999937057495,0.5857150554656982,229.3907928466797,843.0999755859375,77.5082875,13.0188856
1766131232683854000,3142.1088540039063,11.616493225097656,0.2965242266654968,1.0714170932769775,3.115000009536743,0.5845402479171753,229.74298095703125,841.2000122070312,77.5082878,13.0188862
1766131232772642600,3142.197642578125,9.812189102172852,0.29488852620124817,1.0714170932769775,3.1070001125335693,0.6066617369651794,231.89764404296875,841.2000122070312,77.5082857,13.0188863
1766131233658385400,3143.083385498047,10.22946548461914,0.2693840563297272,1.0816909074783325,3.0789999961853027,0.8649404644966125,224.58346557617188,841.2000122070312,77.508278,13.0188803
1766131233854335000,3143.2793349609374,10.152979850769043,0.2693840563297272,1.0816909074783325,3.0959999561309814,0.8689422011375427,222.98097229003906,841.2000122070312,77.5082758,13.0188783
1766131234280144100,3143.7051440429686,11.916423797607422,0.26905563473701477,1.0816909074783325,3.119999885559082,1.0314619541168213,218.8849334716797,841.2000122070312,77.5082715,13.0188733
1766131234608826600,3144.033826660156,11.819703102111816,0.22428344190120697,1.0911953449249268,3.1389999389648438,1.0211180448532104,214.32957458496094,841.2000122070312,77.5082687,13.0188697
1766131234918807800,3144.343807861328,12.159650802612305,0.2632802724838257,1.0911953449249268,3.1540000438690186,1.0152521133422852,210.92181396484375,841.2000122070312,77.5082667,13.0188666
1766131235635875000,3145.060875,12.089556694030762,0.21369056403636932,1.1014658212661743,3.2230000495910645,1.018075942993164,202.0417938232422,841.2000122070312,77.508263,13.0188595
1766131235776253000,3145.2012529296876,12.186034202575684,0.2562938928604126,1.1014658212661743,3.2899999618530273,1.004860758781433,200.75962829589844,841.2000122070312,77.5082624,13.0188577
1766131236627354400,3146.052354248047,12.045478820800781,0.22040291130542755,1.111380696296692,3.38100004196167,0.8283241391181946,179.87057495117188,841.2000122070312,77.5082617,13.0188517
1766131236874813400,3146.2998134765626,12.135570526123047,0.25179898738861084,1.111380696296692,3.5190000534057617,0.8282154202461243,173.44894409179688,841.2000122070312,77.5082624,13.0188501
1766131237493866800,3146.9188666992186,12.401311874389648,0.25504422187805176,1.111380696296692,3.5759999752044678,1.0122288465499878,162.3867645263672,841.2000122070312,77.5082633,13.0188426
1766131237603827200,3147.0288271484374,12.099247932434082,0.240010604262352,1.1211453676223755,3.625999927520752,0.8508191108703613,163.03211975097656,841.2000122070312,77.5082639,13.0188423
1766131238113660200,3147.53866015625,11.864474296569824,0.21820928156375885,1.1211453676223755,3.822999954223633,0.98699951171875,163.13308715820312,841.2000122070312,77.508265,13.0188368
1766131238634723800,3148.0597238769533,10.333399772644043,0.2455853670835495,1.131454348564148,3.8369998931884766,0.7111801505088806,164.9945526123047,841.2000122070312,77.5082668,13.0188346
1766131239018313500,3148.4433134765627,10.323216438293457,0.2455853670835495,1.131454348564148,3.947999954223633,0.7030496001243591,164.60340881347656,841.2000122070312,77.5082678,13.0188329
1766131239455676000,3148.8806760253906,12.633334159851074,0.2581566870212555,1.131454348564148,4.021999835968018,0.7699114084243774,174.03768920898438,841.2000122070312,77.5082684,13.01883
1766131239556492800,3148.981492919922,12.046661376953125,0.23060554265975952,1.140671968460083,4.0370001792907715,0.7703481912612915,178.44439697265625,841.2000122070312,77.5082686,13.0188294
1766131240432307500,3149.8573073730468,12.290663719177246,0.28869590163230896,1.140671968460083,4.177999973297119,0.7993344068527222,231.6084747314453,841.2000122070312,77.5082668,13.018823
1766131240594729200,3150.019729248047,12.372726440429688,0.25634047389030457,1.1510543823242188,4.199999809265137,0.7866223454475403,235.0703887939453,841.2000122070312,77.5082658,13.0188223
1766131241075733200,3150.500733154297,44.318572998046875,0.254283607006073,1.1510543823242188,4.307000160217285,0.8809820413589478,203.5634765625,841.2000122070312,77.5082628,13.0188199
1766131241556839200,3150.981839111328,42.41411209106445,0.25408604741096497,1.1606755256652832,4.328999996185303,0.8384022116661072,200.28150939941406,841.2000122070312,77.5082629,13.0188167
1766131241575867000,3151.0008669433596,42.41411209106445,0.25408604741096497,1.1606755256652832,4.348999977111816,0.8357636332511902,199.9425811767578,841.2000122070312,77.5082633,13.0188167
1766131242577505500,3152.0025056152344,42.247825622558594,0.2547081708908081,1.1708821058273315,4.415999889373779,0.5786827802658081,193.73614501953125,841.2000122070312,77.5082647,13.0188125
1766131242583973000,3152.0089731445314,42.18498229980469,0.2547081708908081,1.1708821058273315,4.447999954223633,0.5723686218261719,193.27685546875,841.2000122070312,77.5082669,13.0188141
1766131242751438600,3152.1764384765625,42.25478744506836,0.2547081708908081,1.1708821058273315,4.466000080108643,0.5723201036453247,193.43344116210938,841.2000122070312,77.5082662,13.0188111
1766131243605968600,3153.03096875,44.2623176574707,0.25462260842323303,1.1811667680740356,4.513999938964844,0.37822121381759644,194.1796417236328,841.2000122070312,77.5082676,13.0188107
1766131243792625000,3153.217625,44.2623176574707,0.25462260842323303,1.1811667680740356,4.589000225067139,0.3741021454334259,194.138916015625,841.2000122070312,77.5082681,13.018811
1766131244613029400,3154.038029296875,41.98922348022461,0.24369823932647705,1.1912373304367065,4.73799991607666,0.29331135749816895,186.3529052734375,841.2000122070312,77.5082695,13.0188098
1766131244808165600,3154.2331655273438,43.86973571777344,0.26419198513031006,1.6731207370758057,4.767000198364258,0.30266445875167847,183.5441436767578,842.5,77.5082701,13.0188097
1766131244991384000,3154.416384033203,41.956993103027344,0.2699299454689026,1.6731207370758057,4.7829999923706055,0.316997230052948,190.1566925048828,842.5,77.508267,13.0188096
1766131245519616800,3154.944616699219,42.02550506591797,0.30546772480010986,1.6731207370758057,4.840000152587891,0.3780575394630432,189.69418334960938,842.5,77.5082643,13.0188083
1766131245564980500,3154.98998046875,40.89051818847656,0.2927838861942291,1.6809905767440796,4.860000133514404,0.42648178339004517,186.85398864746094,842.5,77.5082637,13.0188073
1766131246031379200,3155.4563791503906,40.711299896240234,0.3058202266693115,1.6809905767440796,4.927999973297119,0.44468873739242554,187.84625244140625,842.5,77.5082632,13.018805
1766131246574729500,3155.9997294921877,39.33159637451172,0.2981395125389099,1.691088080406189,4.995999813079834,0.5493555665016174,180.751953125,842.5,77.5082643,13.0188003
1766131246611472000,3156.0364719238282,39.80255889892578,0.2981395125389099,1.691088080406189,5.046999931335449,0.55291748046875,179.87083435058594,842.5,77.5082647,13.0187994
1766131247571377200,3156.9963771972657,31.33729362487793,0.25384217500686646,1.7010544538497925,5.072000026702881,0.7636203169822693,160.4617462158203,842.5,77.5082678,13.0187904
1766131248255810300,3157.6808103027342,33.56867599487305,0.18972493708133698,1.7010544538497925,5.175000190734863,0.881304144859314,160.61923217773438,842.5,77.5082704,13.0187836
1766131248586483500,3158.0114833984376,21.4476375579834,0.21706780791282654,1.7112056016921997,5.208000183105469,0.8753792643547058,157.9702911376953,842.5,77.5082739,13.0187797
1766131249392723500,3158.8177233886718,22.46317481994629,0.22187960147857666,1.7112056016921997,5.3420000076293945,0.9310520887374878,160.78521728515625,842.5,77.5082779,13.0187718
1766131249597101800,3159.0221018066404,15.583300590515137,0.20711487531661987,1.7213118076324463,5.353000164031982,0.9171108603477478,156.1448516845703,842.5,77.5082816,13.0187689
1766131249892420600,3159.3174206542967,19.855445861816406,0.24482612311840057,1.7213118076324463,5.447999954223633,0.9218128323554993,156.1925811767578,842.5,77.5082841,13.018766
1766131250551383300,3159.9763833007814,15.729378700256348,0.22950460016727448,1.7213118076324463,5.578000068664551,0.944362461566925,156.16372680664062,842.5,77.5082874,13.0187599
1766131250638335200,3160.063335205078,14.85869312286377,0.21583987772464752,1.7317241430282593,5.638000011444092,0.9144173860549927,153.65225219726562,842.5,77.5082891,13.018759
1766131251577274600,3161.002274658203,14.930808067321777,0.22241273522377014,1.7411134243011475,5.724999904632568,0.8895971179008484,146.87188720703125,842.5,77.508295,13.0187521
1766131252570309000,3161.9953090820313,14.979004859924316,0.22358669340610504,1.7510437965393066,5.78000020980835,0.8811275362968445,147.0656280517578,842.5,77.5083009,13.0187455
1766131253072343800,3162.49734375,15.065330505371094,0.26266324520111084,1.7510437965393066,5.848999977111816,0.8775599002838135,138.87530517578125,842.5,77.508304,13.0187421
1766131253598365200,3163.023365234375,14.443169593811035,0.26609131693840027,1.761324405670166,5.874000072479248,0.6887081861495972,122.03963470458984,842.5,77.5083059,13.0187408
1766131254053663200,3163.4786633300782,21.761991500854492,0.26073378324508667,1.761324405670166,5.879000186920166,0.6315053105354309,131.03456115722656,842.5,77.5083078,13.0187404
1766131254148086800,3163.573086669922,21.485618591308594,0.28804516792297363,1,5.894999980926514,0.6285794377326965,130.84466552734375,842.5,77.508308,13.0187405
1766131254635734800,3164.060734863281,21.702329635620117,0.2654919922351837,1.0050173997879028,5.876999855041504,0.6692227721214294,137.71109008789062,842.5,77.5083125,13.018736
1766131254683963000,3164.108962890625,21.143505096435547,0.29949843883514404,1.0050173997879028,5.857999801635742,0.6687892079353333,137.9755096435547,842.5,77.5083135,13.018735
1766131255568623600,3164.993623535156,19.355369567871094,0.3048975467681885,1.0143462419509888,5.810999870300293,0.603023111820221,154.39112854003906,842.5,77.5083165,13.0187303
1766131256569242400,3165.9942424316405,27.515522003173828,0.28688621520996094,1.0243524312973022,5.808000087738037,0.4528871178627014,156.512451171875,842.5,77.5083172,13.0187265
1766131256873805300,3166.298805419922,27.68238639831543,0.30605268478393555,1.0243524312973022,5.815999984741211,0.4534013867378235,165.01010131835938,842.5,77.5083172,13.0187257
1766131257558438700,3166.983438720703,28.007787704467773,0.30376723408699036,1.0243524312973022,5.834000110626221,0.3709144592285156,169.6235809326172,842.5,77.5083173,13.0187248
1766131257581270500,3167.0062705078126,29.652620315551758,0.23927579820156097,1.0344727039337158,5.823999881744385,0.29982656240463257,170.1075439453125,842.5,77.5083166,13.0187254
1766131258057376000,3167.4823759765627,29.701690673828125,0.21648631989955902,1.0344727039337158,5.806000232696533,0.20871315896511078,164.43951416015625,842.5,77.5083157,13.0187258
1766131258572410400,3167.9974104003904,30.16889762878418,0.20628663897514343,1.0443841218948364,5.760000228881836,0.20252351462841034,147.46177673339844,842.5,77.5083151,13.0187253
1766131259018701000,3168.443701171875,30.549060821533203,0.20628663897514343,1.0443841218948364,5.73799991607666,0.20237484574317932,139.02835083007812,842.5,77.5083152,13.0187248
1766131259556065800,3168.981065673828,27.02153778076172,0.18861128389835358,1.0542206764221191,5.665999889373779,0.15369002521038055,125.75740051269531,842.5,77.5083154,13.0187247
1766131259819921000,3169.2449208984376,27.376495361328125,0.2044990509748459,1,5.665999889373779,0.1734979748725891,112.59730529785156,842.5999755859375,77.5083156,13.0187247
1766131260376980000,3169.801979980469,24.397518157958984,0.2730264365673065,1,5.599999904632568,0.20722265541553497,104.7302017211914,842.5999755859375,77.5083214,13.018713
1766131260568766500,3169.993766357422,24.536113739013672,0.21088077127933502,1.0090476274490356,5.50600004196167,0.15377573668956757,101.8252182006836,842.5999755859375,77.5083226,13.0187103
1766131260933632500,3170.3586325683596,24.9255313873291,0.2157370001077652,1.0090476274490356,5.442999839782715,0.18407687544822693,100.97559356689453,842.5999755859375,77.5083236,13.0187087
1766131261473760000,3170.8987600097657,24.708839416503906,0.27768710255622864,1.0090476274490356,5.4070000648498535,0.21637152135372162,104.4900131225586,842.5999755859375,77.5083251,13.0187066
1766131261563638300,3170.9886381835936,24.70513153076172,0.2943279445171356,1.0189963579177856,5.36899995803833,0.26842477917671204,105.62155151367188,842.5999755859375,77.5083257,13.0187052
1766131261997862400,3171.4228623046874,24.61235809326172,0.2896948456764221,1.0189963579177856,5.28000020980835,0.290334552526474,103.84612274169922,842.5999755859375,77.508327,13.018704
1766131262553605400,3171.97860546875,27.285676956176758,0.36370882391929626,1.0189963579177856,5.302000045776367,0.4713302254676819,108.60929107666016,842.5999755859375,77.508331,13.0187005
1766131262561030000,3171.9860297851565,27.571392059326172,0.2999162971973419,1.0289702415466309,5.252999782562256,0.6207322478294373,107.95561981201172,842.5999755859375,77.5083333,13.0186971
1766131263117473000,3172.5424731445314,27.467044830322266,0.23638460040092468,1.0289702415466309,5.2179999351501465,0.8141465783119202,114.9586181640625,842.5999755859375,77.508339,13.0186911
1766131263562933000,3172.9879331054685,27.268251419067383,0.24723775684833527,1.0389893054962158,5.239999771118164,0.8350905776023865,120.25477600097656,842.5999755859375,77.5083429,13.0186856
1766131263714190800,3173.139190917969,26.38545036315918,0.24723775684833527,1.0389893054962158,5.24399995803833,0.8367824554443359,121.52898406982422,842.5999755859375,77.5083442,13.0186834
1766131264254001400,3173.6790014648436,25.641176223754883,0.2364102602005005,1.0389893054962158,5.256999969482422,0.8577543497085571,129.53224182128906,842.5999755859375,77.5083478,13.0186788
1766131264591697700,3174.016697753906,21.932159423828125,0.22082550823688507,1.0492769479751587,5.256999969482422,0.8128793835639954,137.71774291992188,842.5999755859375,77.5083483,13.0186739
1766131264912284200,3174.3372841796877,23.777801513671875,0.2631829082965851,1.0492769479751587,5.260000228881836,0.8096644878387451,140.51719665527344,842.5999755859375,77.5083492,13.0186705
1766131265491729000,3174.9167290039063,21.947654724121094,0.2368587851524353,1.0492769479751587,5.324999809265137,0.8684450387954712,141.7440948486328,842.5999755859375,77.5083513,13.0186652
1766131265561742600,3174.9867426757814,20.74870491027832,0.2236400842666626,1.058977484703064,5.320000171661377,0.7185571193695068,145.37515258789062,842.5999755859375,77.5083491,13.0186625
1766131266119170300,3175.5441704101563,19.397930145263672,0.18495860695838928,1.058977484703064,5.415999889373779,0.843289315700531,146.31149291992188,842.5999755859375,77.5083499,13.0186565
1766131266571331000,3175.9963310546873,19.003131866455078,0.21241961419582367,1.0690733194351196,5.4670000076293945,0.7037447094917297,153.39947509765625,842.5999755859375,77.5083489,13.0186507
1766131266714935000,3176.139935058594,18.88314437866211,0.21241961419582367,1.0690733194351196,5.441999912261963,0.6998222470283508,154.64930725097656,842.5999755859375,77.5083484,13.0186488
1766131267357757000,3176.7827568359376,18.709163665771484,0.20754922926425934,1.0690733194351196,5.455999851226807,0.8388910889625549,166.46665954589844,842.5999755859375,77.5083491,13.0186431
1766131267581660700,3177.006660644531,15.300905227661133,0.22357824444770813,1.079176664352417,5.394999980926514,0.8598789572715759,172.14781188964844,842.5999755859375,77.5083474,13.0186388
1766131268437892900,3177.8628928222656,13.111982345581055,0.19818870723247528,1.079176664352417,5.34499979019165,0.9883536696434021,180.5216522216797,842.5999755859375,77.5083465,13.0186288
1766131268572630800,3177.997630859375,12.699300765991211,0.2175852656364441,1.0890862941741943,5.264999866485596,0.9835554957389832,185.94818115234375,842.5999755859375,77.5083449,13.0186255
1766131269565544400,3178.9905444335936,13.088468551635742,0.22115696966648102,1.099015474319458,5.116000175476074,0.9124199151992798,225.6180419921875,842.5999755859375,77.5083386,13.0186146
1766131270568828000,3179.9938278808595,27.658782958984375,0.27396151423454285,1.1383769512176514,4.822000026702881,0.7740023136138916,169.91262817382812,842.5,77.5083324,13.0186053
1766131270860917500,3180.285917480469,27.66225814819336,0.31932586431503296,1.1383769512176514,4.776000022888184,0.7771838903427124,159.04281616210938,842.5,77.5083329,13.0186023
1766131271273680600,3180.6986806640625,27.20792007446289,0.2799193263053894,1.1383769512176514,4.684999942779541,0.8527005910873413,157.5073699951172,842.5,77.5083339,13.0185983
1766131271559658000,3180.9846579589844,26.49176788330078,0.28868937492370605,1.1482852697372437,4.658999919891357,0.6957980394363403,166.38221740722656,842.5,77.5083335,13.0185963
1766131271996593200,3181.421593261719,31.169387817382812,0.31871095299720764,1.1482852697372437,4.572000026702881,0.6856943368911743,189.88818359375,842.5,77.5083331,13.0185936
1766131272457119500,3181.8821193847657,30.793712615966797,0.34634923934936523,1.1482852697372437,4.535999774932861,0.7816264629364014,196.0816192626953,842.5,77.5083319,13.0185895
1766131272550357000,3181.975356933594,30.870407104492188,0.3162621557712555,1.1581922769546509,4.551000118255615,0.6205680966377258,199.18606567382812,842.5,77.5083307,13.0185897
1766131273578716700,3183.003716552734,27.785276412963867,0.3029795289039612,1.168475866317749,4.533999919891357,0.5078111886978149,209.12855529785156,842.5,77.5083252,13.0185857
1766131274215980300,3183.6409802246094,27.522802352905273,0.35722386837005615,1.168475866317749,4.609000205993652,0.7037262916564941,211.3778839111328,842.5,77.5083215,13.0185805
1766131274582767900,3184.0077678222656,25.35150909423828,0.32470184564590454,1.1785163879394531,4.690000057220459,0.6079525351524353,216.1011199951172,842.5,77.5083188,13.0185789
1766131275253694200,3184.678694091797,24.275089263916016,0.3426535725593567,1.1785163879394531,4.763000011444092,0.8176922798156738,232.22421264648438,842.5,77.5083137,13.0185725
1766131275583669200,3185.008669189453,21.809694290161133,0.28890305757522583,1.1885254383087158,4.864999771118164,0.8606938123703003,251.44142150878906,842.5,77.5083092,13.0185696
1766131276629090000,3186.0540900878905,21.243911743164062,0.2706008851528168,1.1989796161651611,5.068999767303467,0.9350151419639587,282.21783447265625,842.5,77.5082974,13.0185679
1766131276850355500,3186.27535546875,39.00136184692383,0.2706008851528168,1.1989796161651611,5.10699987411499,0.9088382124900818,261.669189453125,842.5,77.5082945,13.0185683
1766131277589525800,3187.014525878906,37.85692596435547,0.28104594349861145,1.208583950996399,5.297999858856201,0.8915813565254211,260.5542907714844,842.5,77.5082874,13.0185677
1766131278580915500,3188.005915527344,38.18231964111328,0.29025277495384216,1.2184978723526,5.418000221252441,0.7748705148696899,208.86241149902344,842.5,77.5082804,13.0185661
1766131278668578300,3188.0935783691407,38.22698211669922,0.3151254653930664,1.2184978723526,5.4679999351501465,0.7774882316589355,202.92742919921875,842.5,77.5082805,13.0185656
1766131279105349000,3188.530349121094,39.54399871826172,0.3218272626399994,1.2184978723526,5.5329999923706055,0.8089905381202698,196.26486206054688,842.5,77.5082792,13.018563
1766131279312000000,3188.737,36.51803207397461,0.3261355757713318,1.0770702362060547,5.614999771118164,0.8304737210273743,197.39964294433594,843.5,77.5082772,13.0185608
1766131279550986200,3188.975986328125,41.883609771728516,0.29295122623443604,1.0794601440429688,5.638000011444092,0.788675844669342,225.06439208984375,843.5,77.508275,13.0185592
1766131279686072600,3189.1110725097656,42.062469482421875,0.29295122623443604,1.0794601440429688,5.714000225067139,0.790283203125,230.23182678222656,843.5,77.5082735,13.0185586
1766131280122793700,3189.547793701172,39.4901008605957,0.29543977975845337,1.0794601440429688,5.75600004196167,0.9250543713569641,239.48208618164062,843.5,77.5082686,13.0185566
1766131280575563500,3190.0005634765625,36.949466705322266,0.28642538189888,1.0897058248519897,5.816999912261963,0.9280424118041992,240.55276489257812,843.5,77.5082632,13.0185552
1766131280622857700,3190.0478576660157,36.949466705322266,0.28642538189888,1.0897058248519897,5.894999980926514,0.9279765486717224,240.64141845703125,843.5,77.508262,13.0185553
1766131281163691500,3190.58869140625,34.101558685302734,0.2416324019432068,1.0897058248519897,5.960000038146973,1.0418015718460083,243.3194122314453,843.5,77.5082558,13.0185535
1766131281565807900,3190.990807861328,33.53031921386719,0.26187410950660706,1.099608302116394,6,1.0121434926986694,243.6410369873047,843.5,77.5082505,13.018553
1766131281862839000,3191.287839111328,33.43474197387695,0.26187410950660706,1.099608302116394,6.145999908447266,1.009242296218872,243.7100067138672,843.5,77.5082471,13.0185523
1766131282283722500,3191.708722412109,27.84770393371582,0.22243636846542358,1.099608302116394,6.202000141143799,1.0902212858200073,247.60150146484375,843.5,77.5082416,13.0185519
1766131282601156900,3192.026156982422,25.1517333984375,0.23315632343292236,1.109961748123169,6.269999980926514,1.0984758138656616,247.788818359375,843.5,77.5082367,13.0185519
1766131282768256300,3192.193256347656,25.05353355407715,0.23315632343292236,1.109961748123169,6.294000148773193,1.0986979007720947,247.462890625,843.5,77.5082342,13.0185518
1766131283388767000,3192.8137670898436,24.032133102416992,0.22458481788635254,1.109961748123169,6.3379998207092285,1.1589733362197876,250.03192138671875,843.5,77.5082261,13.018551
1766131283561895200,3192.986895263672,23.40991973876953,0.21424812078475952,1.119569182395935,6.354000091552734,1.122252345085144,249.78590393066406,843.5,77.5082233,13.0185514
1766131283825631700,3193.2506318359374,23.67084503173828,0.25288820266723633,1.119569182395935,6.451000213623047,1.1097162961959839,249.78273010253906,843.5,77.5082201,13.0185511
1766131284574115800,3193.9991157226564,22.218364715576172,0.22018897533416748,1.1296913623809814,6.551000118255615,1.08940589427948,252.93484497070312,843.5,77.5082113,13.0185504
1766131284642542600,3194.0675424804685,22.218364715576172,0.22018897533416748,1.1296913623809814,6.557000160217285,1.0885756015777588,253.07720947265625,843.5,77.5082101,13.0185509
1766131285064182000,3194.489182128906,21.060819625854492,0.19693242013454437,1.1296913623809814,6.618000030517578,1.1771551370620728,254.36285400390625,843.5,77.5082041,13.0185505
1766131285484687600,3194.9096875,21.590599060058594,0.24429544806480408,1.1296913623809814,6.684000015258789,1.1750296354293823,254.6083221435547,843.5,77.5081983,13.0185498
1766131285561953500,3194.9869536132815,20.954143524169922,0.23018869757652283,1.1395697593688965,6.688000202178955,1.1071122884750366,255.69277954101562,843.5,77.5081973,13.0185504
1766131285905679400,3195.3306794433593,21.220808029174805,0.27096062898635864,1.1395697593688965,6.767000198364258,1.100175142288208,256.6861267089844,843.5,77.5081936,13.0185502
1766131286562888400,3195.9878884277346,18.770971298217773,0.20715825259685516,1.1495791673660278,6.764999866485596,1.101913571357727,259.1861572265625,843.5,77.5081862,13.0185508
1766131286962708000,3196.3877080078123,18.47136688232422,0.2504524290561676,1.1495791673660278,6.797999858856201,1.0866354703903198,259.6229553222656,843.5,77.5081815,13.018551
1766131287583195000,3197.0081948242187,18.83254623413086,0.2270245999097824,1.1597821712493896,6.7769999504089355,1.098535418510437,262.872314453125,843.5,77.5081745,13.0185515
1766131288226759400,3197.6517595214846,18.010427474975586,0.22480566799640656,1.1597821712493896,6.813000202178955,1.1397809982299805,264.28302001953125,843.5,77.5081666,13.0185507
1766131288320679200,3197.7456791992186,18.013538360595703,0.22480566799640656,3.0759048461914062,6.820000171661377,1.1404911279678345,264.1167297363281,844.5,77.5081653,13.0185506
1766131288636130600,3198.0611306152346,16.43041229248047,0.22482222318649292,3.0793662071228027,6.7769999504089355,1.0600881576538086,259.26934814453125,844.5,77.508161,13.0185462
1766131289148335400,3198.5733354492186,15.95622444152832,0.22053101658821106,3.0793662071228027,6.758999824523926,1.1138708591461182,261.05889892578125,844.5,77.5081548,13.0185424
1766131289610752800,3199.035752685547,15.9843111038208,0.19938114285469055,3.0891122817993164,6.74399995803833,1.1305588483810425,265.3209228515625,844.5,77.5081493,13.0185413
1766131290149807600,3199.5748076171876,16.030258178710938,0.18438424170017242,3.0891122817993164,6.743000030517578,1.1545792818069458,264.5805358886719,844.5,77.5081427,13.0185405
1766131290574960000,3199.999960205078,15.89477825164795,0.2258172333240509,3.098754405975342,6.688000202178955,1.1473859548568726,265.4557189941406,844.5,77.5081378,13.0185408
1766131291288347100,3200.7133471679685,15.774063110351562,0.2523919641971588,3.098754405975342,6.703000068664551,1.1482274532318115,270.0448303222656,844.5,77.508129,13.0185404
1766131291569041400,3200.9940415039064,15.116948127746582,0.23392459750175476,3.1086952686309814,6.7179999351501465,1.1002508401870728,271.7065124511719,844.5,77.508126,13.0185413
1766131291928981200,3201.353981201172,15.67183780670166,0.2693995535373688,3.1086952686309814,6.745999813079834,1.099280834197998,269.3301086425781,844.5,77.5081221,13.018542
1766131292604626400,3202.0296264648437,15.997902870178223,0.2367076873779297,3.1086952686309814,6.796000003814697,1.1352876424789429,262.0661315917969,844.5,77.5081145,13.0185417
1766131292626215200,3202.051215087891,15.814652442932129,0.22995060682296753,3.119266986846924,6.813000202178955,1.1102546453475952,262.1382751464844,844.5,77.508115,13.0185423
1766131293065183500,3202.49018359375,13.122172355651855,0.19645972549915314,3.119266986846924,6.834000110626221,1.1567389965057373,259.5715026855469,844.5,77.5081104,13.0185423
1766131293502582300,3202.9275822753907,14.964408874511719,0.24536502361297607,3.119266986846924,6.866000175476074,1.1519851684570312,258.9363098144531,844.5,77.5081057,13.0185418
1766131293571970300,3202.9969702148437,13.030760765075684,0.22324566543102264,3.1287245750427246,6.863999843597412,1.0808035135269165,259.03314208984375,844.5,77.5081057,13.0185423
1766131294067485400,3203.4924853515627,12.87450885772705,0.1989741325378418,3.1287245750427246,6.914999961853027,1.1354539394378662,259.47698974609375,844.5,77.5081009,13.0185421
1766131294528295700,3203.9532956542967,12.745818138122559,0.24359868466854095,3.1287245750427246,6.959000110626221,1.142094373703003,259.0177001953125,844.5,77.508096,13.0185416
1766131294626980400,3204.05198046875,12.415605545043945,0.23082490265369415,3.1392745971679688,6.984000205993652,1.1066951751708984,259.07122802734375,844.5,77.5080955,13.0185421
1766131295621495000,3205.0464951171875,12.421651840209961,0.2497154027223587,3.1492197513580322,7.010000228881836,1.0770838260650635,257.9105529785156,844.5,77.5080868,13.0185414
1766131295863381000,3205.288381103516,12.811330795288086,0.2497154027223587,3.1492197513580322,6.98799991607666,1.07655668258667,258.1379699707031,844.5,77.5080847,13.0185413
1766131296633140200,3206.058140136719,12.03903579711914,0.2155541479587555,3.1593363285064697,6.938000202178955,1.044061303138733,263.2366027832031,844.5,77.5080779,13.0185407
1766131296809216300,3206.2342163085937,12.169715881347656,0.25688380002975464,3.1593363285064697,6.9070000648498535,1.0365654230117798,266.89031982421875,844.5,77.5080765,13.0185408
1766131297389881000,3206.8148811035157,12.273452758789062,0.24130479991436005,3.1593363285064697,6.875999927520752,1.0702928304672241,273.1204833984375,844.5,77.5080706,13.0185409
1766131297594924000,3207.0199240722654,11.923392295837402,0.22931285202503204,3.1689541339874268,6.829999923706055,1.0020126104354858,274.3867492675781,844.5,77.5080696,13.0185416
1766131297984222700,3207.40922265625,12.290384292602539,0.26137232780456543,3.1689541339874268,6.739999771118164,1.0042704343795776,273.526123046875,844.5,77.5080664,13.0185422
1766131298443892200,3207.868892333984,12.544540405273438,0.260810524225235,3.1689541339874268,6.7270002365112305,0.9927621483802795,269.7028503417969,844.5,77.5080631,13.0185428
1766131298524595000,3207.949594970703,12.544540405273438,0.260810524225235,3.1689541339874268,6.64900016784668,0.9927135705947876,269.7028503417969,844.5,77.5080563,13.0185428
1766131298561316400,3207.98631640625,12.245594024658203,0.2360639125108719,3.1786179542541504,6.611000061035156,0.9626442193984985,269.38861083984375,844.5,77.5080603,13.0185426
1766131299583429600,3209.0084296875,14.833115577697754,0.267774760723114,3.1888391971588135,6.474999904632568,0.7402827739715576,270.9907531738281,844.5,77.5080562,13.0185419
1766131299885605000,3209.3106052246094,12.965483665466309,0.267774760723114,3.1888391971588135,6.427999973297119,0.7358341813087463,269.64300537109375,844.5,77.5080555,13.0185417
1766131300585648000,3210.0106481933594,12.431192398071289,0.25530537962913513,3.1988613605499268,6.241000175476074,0.8929039835929871,250.1569366455078,844.5,77.5080548,13.018541
1766131300607524400,3210.0325244140627,12.431192398071289,0.25530537962913513,3.1988613605499268,6.083000183105469,0.8960102796554565,249.96299743652344,844.5,77.5080555,13.0185408
1766131301586845400,3211.011845458984,22.43170166015625,0.27855047583580017,3.1988613605499268,5.848999977111816,0.882554829120636,226.87139892578125,844.5,77.5080489,13.0185371
1766131301596251100,3211.021251220703,21.957101821899414,0.2496805042028427,3.208967447280884,5.690000057220459,0.8740478754043579,226.3829345703125,844.5,77.5080496,13.0185373
1766131301782782000,3211.2077819824217,21.87053871154785,0.2867031693458557,1.271967887878418,5.497000217437744,0.8665478825569153,221.48968505859375,843.5,77.5080491,13.0185365
1766131302618511400,3212.043511474609,20.811866760253906,0.2801218032836914,1.28091299533844,5.0960001945495605,0.8187491297721863,208.36721801757812,843.5,77.508043,13.018527
1766131302707219000,3212.1322189941407,20.713455200195312,0.2801218032836914,1.28091299533844,5.007999897003174,0.8180500268936157,208.478271484375,843.5,77.5080423,13.0185254
1766131303632131000,3213.0571311035155,20.662256240844727,0.23849068582057953,1.2910492420196533,4.519999980926514,0.7987144589424133,223.3273468017578,843.5,77.5080378,13.0185194
1766131303929303000,3213.3543029785155,21.251558303833008,0.23849068582057953,1.2910492420196533,4.499000072479248,0.798524022102356,236.1024932861328,843.5,77.5080358,13.0185179
1766131304509103000,3213.9341030273436,21.1257266998291,0.26735642552375793,1.2910492420196533,4.5,0.8060352206230164,262.48553466796875,843.5,77.5080316,13.0185157
1766131304584954000,3214.0099541015625,21.775821685791016,0.23303236067295074,1.3005774021148682,4.354000091552734,0.8174436092376709,263.6405944824219,843.5,77.508031,13.0185161
1766131305265422000,3214.6904221191407,21.378755569458008,0.25216126441955566,1.3005774021148682,4.2230000495910645,0.8875921964645386,281.74981689453125,843.5,77.5080252,13.0185156
1766131305586037800,3215.0110378417967,21.618852615356445,0.229903444647789,1.3105882406234741,4.251999855041504,0.9218323230743408,285.6812744140625,843.5,77.508022,13.0185169
1766131305708795400,3215.1337954101564,21.542526245117188,0.2599532902240753,1.3105882406234741,4.288000106811523,0.9302570819854736,286.81939697265625,843.5,77.5080206,13.0185175
1766131306385112600,3215.8101125488283,19.666847229003906,0.2570347487926483,1.3105882406234741,4.339000225067139,0.9915639162063599,285.30267333984375,843.5,77.5080139,13.0185187
1766131306576699100,3216.00169921875,19.297367095947266,0.23573249578475952,1.3204948902130127,4.376999855041504,1.0298151969909668,284.79266357421875,843.5,77.5080116,13.0185194
1766131306844749600,3216.2697495117186,18.791385650634766,0.2809235155582428,1.3204948902130127,4.511000156402588,1.036129355430603,282.62127685546875,843.5,77.5080086,13.0185201
1766131307267309600,3216.6923095703123,18.625980377197266,0.2106528878211975,1.3204948902130127,4.571000099182129,1.0982927083969116,282.4737854003906,843.5,77.5080036,13.0185207
1766131307582994700,3217.007994628906,18.588829040527344,0.23171229660511017,1.3305578231811523,4.617000102996826,1.0569401979446411,284.6343078613281,843.5,77.5080004,13.0185215
1766131308410082300,3217.8350822753905,18.54941177368164,0.24866065382957458,1.3305578231811523,4.797999858856201,1.1154230833053589,286.4328308105469,843.5,77.5079912,13.0185229
1766131308612744000,3218.0377438964842,18.289962768554688,0.22514832019805908,1.340855360031128,4.849999904632568,1.10964834690094,286.8492736816406,843.5,77.5079892,13.0185237
1766131309038162000,3218.4631618652343,17.95611572265625,0.2696740925312042,1.340855360031128,5.017000198364258,1.1100552082061768,285.4649963378906,843.5,77.5079847,13.0185251
1766131309466127000,3218.8911271972656,16.307327270507812,0.20214000344276428,1.340855360031128,5.070000171661377,1.125227928161621,282.3020324707031,843.5,77.5079798,13.0185254
1766131309601506600,3219.026506591797,16.428604125976562,0.22696973383426666,1.3507429361343384,5.197999954223633,1.0934559106826782,282.1895446777344,843.5,77.5079787,13.0185255
1766131310506944500,3219.931944580078,16.502273559570312,0.21792921423912048,1.3507429361343384,5.289999961853027,1.1500071287155151,282.2718811035156,843.5,77.5079689,13.0185268
1766131310627616000,3220.052615966797,16.564008712768555,0.22939257323741913,1.3610039949417114,5.375999927520752,1.089493989944458,282.51556396484375,843.5,77.5079683,13.0185266
1766131310902468600,3220.3274685058595,15.912372589111328,0.22939257323741913,2.269559621810913,5.4629998207092285,1.0821439027786255,283.63275146484375,843.5,77.5079659,13.018527
1766131311638358000,3221.0633579101564,15.259679794311523,0.21039104461669922,2.277113199234009,5.525000095367432,1.0508161783218384,281.7135925292969,843.5,77.5079579,13.0185228
1766131311810479000,3221.235479003906,15.060296058654785,0.24632877111434937,2.277113199234009,5.498000144958496,1.049689769744873,282.5169372558594,843.5,77.5079561,13.0185215
1766131312287334700,3221.7123347167967,13.36884880065918,0.1870112121105194,2.277113199234009,5.5269999504089355,1.0743489265441895,286.9448547363281,843.5,77.5079511,13.0185216
1766131312614389500,3222.039389404297,13.090420722961426,0.21657969057559967,2.2868735790252686,5.519000053405762,0.9825451970100403,291.41693115234375,843.5,77.507949,13.0185214
1766131312968832500,3222.3938325195313,12.826179504394531,0.2576758563518524,2.2868735790252686,5.5,0.976403534412384,296.221923828125,843.5,77.5079463,13.0185222
1766131313607015700,3223.032015625,12.941558837890625,0.21300385892391205,2.296799898147583,5.460999965667725,0.9749544262886047,294.96038818359375,843.5,77.5079419,13.018523
1766131313907284700,3223.332284667969,13.428875923156738,0.21300385892391205,2.296799898147583,5.453000068664551,0.9749519228935242,292.9953308105469,843.5,77.5079396,13.0185235
1766131314565706800,3223.9907067871095,13.542174339294434,0.23236455023288727,2.296799898147583,5.422999858856201,1.0177255868911743,283.6829833984375,843.5,77.5079329,13.0185254
1766131314623257600,3224.0482575683595,14.212434768676758,0.22133034467697144,2.306962251663208,5.401000022888184,0.875664472579956,280.32232666015625,843.5,77.5079338,13.0185228
1766131315131115000,3224.556114990234,14.51941204071045,0.2317856252193451,2.306962251663208,5.410999774932861,0.968822717666626,272.6024475097656,843.5,77.507929,13.0185222
1766131315644978700,3225.0699787597655,15.414036750793457,0.23720704019069672,2.3171794414520264,5.367000102996826,0.8417617678642273,263.3204040527344,843.5,77.5079267,13.0185188
1766131316185916400,3225.610916503906,12.971899032592773,0.24582621455192566,2.3171794414520264,5.359000205993652,1.0076892375946045,264.04608154296875,843.5,77.5079214,13.0185183
1766131316642771000,3226.0677709960937,12.399038314819336,0.22203324735164642,2.3271572589874268,5.392000198364258,0.8690162301063538,263.49591064453125,843.5,77.5079197,13.0185144
1766131317163226000,3226.5882260742187,12.710535049438477,0.19647030532360077,2.3271572589874268,5.429999828338623,0.9741342663764954,267.35748291015625,843.5,77.5079151,13.0185131
1766131317650321700,3227.0753217773436,12.694530487060547,0.22990624606609344,2.337232828140259,5.489999771118164,0.9378014802932739,267.2475280761719,843.5,77.5079125,13.0185092
1766131318372111000,3227.7971110839844,13.182971954345703,0.20710060000419617,2.337232828140259,5.5329999923706055,1.049851894378662,276.6933898925781,843.5,77.5079056,13.0185076
1766131318613849300,3228.0388493652345,15.323793411254883,0.22135889530181885,2.3468680381774902,5.560999870300293,0.9946713447570801,278.8111267089844,843.5,77.5079048,13.0185046
1766131318887881200,3228.312881103516,14.886619567871094,0.22135889530181885,2.3468680381774902,5.572999954223633,0.9915719032287598,280.5712585449219,843.5,77.5079029,13.0185034
1766131319467474000,3228.8924738769533,14.782444953918457,0.21232017874717712,2.3468680381774902,5.61299991607666,1.1124749183654785,277.9637756347656,843.5,77.5078964,13.0185036
1766131319569774800,3228.9947749023436,15.201730728149414,0.24615445733070374,2.3564274311065674,5.61899995803833,0.9839562177658081,276.0932922363281,843.5,77.507897,13.0185018
1766131320110572300,3229.535572265625,15.418533325195312,0.22471390664577484,2.3564274311065674,5.684000015258789,1.0804911851882935,276.1169738769531,843.5,77.5078916,13.018501
1766131320243822300,3229.668822265625,15.567734718322754,0.22471390664577484,1.9158830642700195,5.730999946594238,1.0823386907577515,276.744873046875,844.5,77.5078907,13.0185005
1766131320628110600,3230.053110595703,17.052330017089844,0.2313666194677353,1.920774221420288,5.742000102996826,0.9103725552558899,272.18798828125,844.5,77.5078899,13.0184949
1766131320663073500,3230.088073486328,17.052330017089844,0.2313666194677353,1.920774221420288,5.76800012588501,0.9061566591262817,272.0145568847656,844.5,77.5078911,13.0184925
1766131321465215000,3230.8902150878907,16.352806091308594,0.23728957772254944,1.920774221420288,5.815999984741211,1.041019320487976,277.6951599121094,844.5,77.507884,13.0184912
1766131321612216000,3231.0372160644533,16.4095401763916,0.22509083151817322,1.9306151866912842,5.830999851226807,0.9299777746200562,277.0979919433594,844.5,77.5078848,13.0184898
1766131321913539800,3231.338539794922,18.118698120117188,0.26820895075798035,1.9306151866912842,5.881999969482422,0.9348005056381226,278.42962646484375,844.5,77.5078834,13.0184893
1766131322583761200,3232.0087612304687,16.733753204345703,0.24925680458545685,1.9403306245803833,5.9120001792907715,1.0120965242385864,280.0495910644531,844.5,77.5078798,13.0184889
1766131323006973700,3232.4319736328125,17.751113891601562,0.2786496579647064,1.9403306245803833,5.966000080108643,1.0206406116485596,279.406982421875,844.5,77.5078766,13.0184891
1766131323566674000,3232.991673828125,18.276813507080078,0.25280871987342834,1.9501597881317139,6.004000186920166,1.0291187763214111,277.34375,844.5,77.5078738,13.0184892
1766131324143006200,3233.5680061035155,18.095003128051758,0.22456006705760956,1.9501597881317139,6.104000091552734,1.1320176124572754,277.65826416015625,844.5,77.5078686,13.0184902
1766131324573807600,3233.9988076171876,19.001270294189453,0.2800283133983612,1.9602311849594116,6.1519999504089355,0.9068174362182617,272.5675354003906,844.5,77.5078694,13.0184902
1766131325469477400,3234.8944772949217,18.74582862854004,0.22761842608451843,1.9602311849594116,6.2179999351501465,1.0046288967132568,264.06005859375,844.5,77.5078632,13.0184902
1766131325558087700,3234.9830876464844,18.530197143554688,0.2503359317779541,1.970073938369751,6.189000129699707,0.7784392833709717,264.1376953125,844.5,77.5078684,13.0184895
1766131326327467300,3235.7524672851564,18.44867706298828,0.2554410994052887,1.970073938369751,6.257999897003174,0.79443359375,279.0291748046875,844.5,77.5078657,13.0184887
1766131326579098600,3236.0040986328127,18.781715393066406,0.23100586235523224,1.9802840948104858,6.203999996185303,0.7361756563186646,284.4259033203125,844.5,77.5078697,13.0184875
1766131327590366500,3237.015366455078,20.66150665283203,0.27162614464759827,1.9802840948104858,6.23799991607666,0.7511439323425293,309.57330322265625,844.5,77.5078667,13.0184898
1766131328578167600,3238.0031674804686,19.54302215576172,0.25235140323638916,2.000274658203125,6.045000076293945,0.6391797661781311,291.6661376953125,844.5,77.5078735,13.0184874
1766131328750311700,3238.175311767578,21.03567886352539,0.25235140323638916,2.000274658203125,5.9120001792907715,0.6372720003128052,282.88958740234375,844.5,77.5078751,13.0184863
1766131329312402400,3238.73740234375,20.53484344482422,0.23273056745529175,2.000274658203125,5.741000175476074,0.6746553182601929,266.035888671875,844.5,77.5078726,13.0184857
1766131329359813000,3238.784813232422,20.38544273376465,0.23273056745529175,1.5584853887557983,5.677000045776367,0.6755462288856506,265.2442932128906,843.5,77.5078727,13.0184854
1766131329563298800,3238.988298828125,18.294315338134766,0.24281997978687286,1.5613384246826172,5.521999835968018,0.5832956433296204,265.22900390625,843.5,77.5078752,13.0184832
1766131330123803400,3239.548803466797,19.266164779663086,0.2598792612552643,1.5613384246826172,5.3420000076293945,0.6473687887191772,280.9751281738281,843.5,77.5078748,13.0184821
1766131330490397000,3239.9153969726563,18.10167121887207,0.2598792612552643,1.5613384246826172,5.125,0.6497871279716492,295.2860412597656,843.5,77.5078737,13.0184824
1766131330585916000,3240.010916015625,16.264129638671875,0.252671480178833,1.5715645551681519,4.958000183105469,0.5355913043022156,301.0562744140625,843.5,77.507876,13.0184818
1766131331149057800,3240.574057861328,18.232271194458008,0.27980896830558777,1.5715645551681519,4.906000137329102,0.6186528205871582,323.09783935546875,843.5,77.5078748,13.0184832
1766131331577147600,3241.002147705078,19.046781539916992,0.25748297572135925,1.5814768075942993,4.715000152587891,0.5645812153816223,329.3050231933594,843.5,77.5078765,13.018484
1766131332149588200,3241.5745881347657,18.7100830078125,0.27929723262786865,1.5814768075942993,4.604000091552734,0.6876136660575867,321.8736877441406,843.5,77.5078755,13.0184873
1766131332582755300,3242.007755371094,18.51743507385254,0.2956458628177643,1.5915329456329346,4.577000141143799,0.5225490927696228,312.06597900390625,843.5,77.5078773,13.0184872
1766131333024354300,3242.449354248047,15.946760177612305,0.3244570195674896,1.5915329456329346,4.445000171661377,0.5216225981712341,301.2121276855469,843.5,77.5078773,13.0184874
1766131333444639500,3242.869639404297,15.151117324829102,0.34532442688941956,1.5915329456329346,4.4730000495910645,0.6672282814979553,295.3800354003906,843.5,77.5078751,13.0184897
1766131333593308400,3243.0183083496095,18.36652374267578,0.3180296719074249,1.6016384363174438,4.451000213623047,0.6800467371940613,293.439453125,843.5,77.5078754,13.0184899
1766131334590793000,3244.01579296875,15.257366180419922,0.2717393636703491,1.6116132736206055,4.370999813079834,0.8202298879623413,279.3515930175781,843.5,77.5078695,13.0184923
1766131334603646500,3244.028646484375,15.257366180419922,0.2717393636703491,1.6116132736206055,4.4029998779296875,0.822472095489502,279.23260498046875,843.5,77.5078694,13.0184923
1766131335574881800,3244.9998818359377,19.43326187133789,0.253985732793808,1.6214542388916016,4.486000061035156,0.920432448387146,280.2520751953125,843.5,77.5078619,13.0184937
1766131335668395300,3245.093395263672,19.407920837402344,0.253985732793808,1.6214542388916016,4.579999923706055,0.9221733212471008,280.34368896484375,843.5,77.507861,13.0184939
1766131336586381800,3246.0113818359373,19.881057739257812,0.2356690913438797,1.631569266319275,4.73799991607666,0.9728794693946838,275.4028625488281,843.5,77.5078532,13.0184947
1766131336843948800,3246.2689487304688,18.19481086730957,0.2783448398113251,1.631569266319275,4.814000129699707,0.9768914580345154,273.44073486328125,843.5,77.5078508,13.0184947
1766131337447745000,3246.8727451171876,15.617090225219727,0.2568442225456238,1.631569266319275,4.936999797821045,1.0229411125183105,279.6257629394531,843.5,77.5078446,13.0184964
1766131337571237600,3246.996237548828,19.053821563720703,0.25092199444770813,1.6414177417755127,5.010000228881836,1.0277562141418457,280.3248596191406,843.5,77.5078437,13.0184959
1766131337924041200,3247.3490412597657,15.64376449584961,0.27413445711135864,1.6414177417755127,5.159999847412109,1.0326049327850342,287.867431640625,843.5,77.5078405,13.0184962
1766131338593749000,3248.0187490234375,18.1354923248291,0.24883706867694855,1.651642918586731,5.445000171661377,1.0313866138458252,302.69110107421875,843.5,77.5078355,13.0184972
1766131339004883000,3248.429883056641,16.188365936279297,0.2903989553451538,1.651642918586731,5.552000045776367,1.0291996002197266,310.2128601074219,843.5,77.5078326,13.0184991
1766131339034235600,3248.459235595703,16.248544692993164,0.21856702864170074,1.7289973497390747,5.633999824523926,1.0278328657150269,312.0845031738281,843.5,77.5078328,13.0184996
1766131339589633800,3249.0146337890624,20.174882888793945,0.24803340435028076,1.7389562129974365,5.750999927520752,1.0212044715881348,315.70037841796875,843.5,77.5078272,13.0185026
1766131340164104400,3249.5891044921873,18.660511016845703,0.22198113799095154,1.7389562129974365,6.052000045776367,1.0090100765228271,326.7975158691406,843.5,77.5078254,13.0185057
1766131340579063000,3250.0040629882815,21.952205657958984,0.25360655784606934,1.7488504648208618,6.2779998779296875,1.00581955909729,331.29522705078125,843.5,77.5078246,13.0185068
1766131341284224300,3250.709224365234,18.503217697143555,0.24345743656158447,1.7488504648208618,6.513000011444092,1.0233925580978394,335.9085998535156,843.5,77.5078224,13.0185129
1766131341572684000,3250.9976840820314,21.66401481628418,0.2388036847114563,1.758786678314209,6.642000198364258,1.014663577079773,332.758544921875,843.5,77.5078219,13.0185139
1766131342403780900,3251.828780761719,18.168363571166992,0.2806853950023651,1.758786678314209,6.992000102996826,1.0029597282409668,324.73040771484375,843.5,77.5078191,13.0185212
1766131342569755100,3251.9947551269534,22.510953903198242,0.27509042620658875,1.7687573432922363,7.247000217437744,0.9971628189086914,322.5598449707031,843.5,77.5078187,13.0185209
1766131342824279300,3252.249279296875,22.541242599487305,0.3227464556694031,1.7687573432922363,7.50600004196167,0.9921151995658875,323.0164489746094,843.5,77.5078175,13.0185218
1766131343547447600,3252.9724475097655,22.019012451171875,0.296684592962265,1.7785342931747437,7.8979997634887695,1.009913444519043,308.1217956542969,843.5,77.5078136,13.0185258
1766131344547908400,3253.9729084472656,21.623645782470703,0.3288857042789459,1.7785342931747437,8.390000343322754,0.9484081268310547,282.4613952636719,843.5,77.5078063,13.0185307
1766131344555255000,3253.980255126953,23.960426330566406,0.33291706442832947,1.7886123657226562,8.550999641418457,0.94424968957901,280.614013671875,843.5,77.5078063,13.0185285
1766131345548884000,3254.973884033203,25.216215133666992,0.3572327196598053,1.798548698425293,9.017000198364258,0.7601024508476257,281.75555419921875,843.5,77.5077993,13.0185263
1766131345969461200,3255.3944611816405,24.671728134155273,0.3572327196598053,1.798548698425293,9.331000328063965,0.7535887360572815,283.4740295410156,843.5,77.5077972,13.0185249
1766131346431387600,3255.8563876953126,25.312015533447266,0.33671215176582336,1.798548698425293,9.626999855041504,0.6521978974342346,295.4731750488281,843.5,77.507796,13.0185246
1766131346544929000,3255.969928955078,27.415714263916016,0.33727484941482544,1.808509111404419,9.75100040435791,0.635147213935852,293.58209228515625,843.5,77.5077965,13.0185226
1766131347557917200,3256.982917236328,30.202442169189453,0.28513965010643005,1.8186390399932861,10.11299991607666,0.3390890061855316,282.58123779296875,843.5,77.5077973,13.0185177
1766131348152443000,3257.577442871094,27.711030960083008,0.19399327039718628,1.8186390399932861,10.069999694824219,0.14139685034751892,283.6383361816406,843.5,77.5078149,13.0185014
1766131348556902100,3257.981902099609,30.44857406616211,0.2009827047586441,1.8286288976669312,10.444999694824219,0.16308656334877014,282.1456298828125,843.5,77.507814,13.0184975
1766131349547886000,3258.972885986328,0,0.12726746499538422,1.838538646697998,10.232000350952148,0.08787970244884491,0,843.5,77.5078164,13.0184947
1766131349597755400,3259.022755371094,0,0.12726746499538422,1.1833101511001587,10.060999870300293,0.0875961109995842,0,844.5,77.5078173,13.0184939
1766131350541764400,3259.966764404297,0,0.10362900793552399,1.1930477619171143,9.704000473022461,0.07709328830242157,0,844.5,77.5078229,13.0185044
1766131351487328800,3260.912328857422,0,0.09349046647548676,1.2030807733535767,8.489999771118164,0.07197348773479462,0,844.5,77.5078246,13.0185085
